3745 8283 4 16 4 3 7596.29 2798.63
40466   18
40828   18
40855   18
40886   18
41052   18
41799   18
41921   18
42022   18
42049   18
42068   18
42275   18
42292   18
42310   18
42328   18
42348   18
42351   18
42406   18
42484   18
42593   18
42656   18
42675   18
43085   18
43173   18
43261   18
43378   18
43650   18
44450   18
44492   18
44499   18
44635   18
44647   18
44699   18
44765   18
44912   18
44968   18
45022   18
45109   18
45333   18
45337   18
45588   18
45593   18
45727   18
45816   18
45969   18
46440   18
46518   18
46664   18
47012   18
47183   18
47332   18
47449   18
47522   18
47540   18
47686   18
47928   18
47935   18
48045   18
48214   18
48420   18
48483   18
48807   18
48889   18
49030   18
49130   18
49172   18
49326   18
49743   18
49965   18
50599   55
51322   18
52024   55
52434   55
52740   55
53252   18
53300   55
53377   55
53780   55
54428   55
54653   55
54986   55
55118   55
55278   55
55300   55
55405   33
55569   55
55758   55
55958   55
55967   55
55992   55
56160   55
56392   33
56412   33
56583   33
56791   55
56969   55
57034   55
57384   55
57403   55
57418   33
57586   33
57605   55
57620   55
57689   55
57692   33
57842   55
57880   55
57933   55
58208   33
58423   33
58472   55
58620   55
58679   33
58954   55
59100   33
59143   33
59398   33
59808   33
59927   55
59944   33
60059   33
60372   55
60421   55
60461   33
60607   55
60761   55
61124   33
61317   55
61352   33
61495   55
61660   33
61817   33
62163   55
62327   33
62543   55
62849   55
63675   33
64124   84
64334   55
64438   55
64503   33
64527   84
64553   55
64726   55
64779   55
65012   55
65066   33
65278   33
65634   55
65906   55
65985   33
66067   55
66219   84
66235   55
67106   33
67219   55
67315   55
67733   55
67931   33
68708   55
68934   55
69099   55
69385   84
69918   84
70145   84
70524   55
70799   84
70850   55
70909   55
71203   84
71456   55
71556   55
71752   84
71969   55
71995   55
72493   55
72704   55
72950   84
72952   55
73634   84
73686   84
73960   55
74093   55
74518   84
75154   55
75295   55
75817   84
75832   55
76103   55
76425   84
76630   84
76706   55
76863   84
77023   84
77127   84
77587   84
77632   84
77782   84
77984   84
78179   84
78189   84
78732   84
79011   84
79058   84
79313   84
40646   18
40670   18
40695   18
40748   18
40761   18
40835   18
40840   18
40861   18
40873   18
40905   18
40940   18
40965   18
40999   18
41020   18
41034   18
41051   18
41133   18
41165   18
41173   18
41184   18
41216   18
41241   18
41247   18
41254   18
41263   18
41281   18
41294   18
41304   18
41369   18
41373   18
41390   18
41439   18
41446   18
41468   18
41476   18
41510   18
41529   18
41600   18
41612   18
41616   18
41624   18
41635   18
41655   18
41663   18
41726   18
41738   18
41744   18
41767   18
41773   18
41796   18
41804   18
41835   18
41840   18
41863   18
41874   18
41923   18
41924   18
41934   18
41945   18
41947   18
42019   18
42043   18
42064   18
42085   18
42094   18
42099   18
42125   18
42130   18
42139   18
42189   18
42204   18
42233   18
42236   18
42243   18
42249   18
42252   18
42266   18
42282   18
42303   18
42309   18
42313   18
42316   18
42327   18
42331   18
42339   18
42341   18
42355   18
42367   18
42375   18
42382   18
42386   18
42389   18
42397   18
42399   18
42451   18
42457   18
42468   18
42486   18
42489   18
42499   18
42505   18
42508   18
42510   18
42513   18
42520   18
42549   18
42552   18
42555   18
42556   18
42570   18
42586   18
42600   18
42609   18
42617   18
42623   18
42629   18
42641   18
42647   18
42658   18
42668   18
42679   18
42680   18
42702   18
42706   18
42707   18
42708   18
42711   18
42718   18
42726   18
42727   18
42760   18
42792   18
42805   18
42807   18
42809   18
42815   18
42821   18
42825   18
42833   18
42845   18
42863   18
42869   18
42878   18
42880   18
42882   18
42888   18
42902   18
42921   18
42927   18
42932   18
42947   18
42954   18
42955   18
42961   18
42964   18
42971   18
42983   18
42989   18
42990   18
43004   18
43010   18
43011   18
43016   18
43025   18
43031   18
43040   18
43045   18
43051   18
43055   18
43077   18
43092   18
43093   18
43102   18
43112   18
43114   18
43118   18
43142   18
43159   18
43178   18
43186   18
43207   18
43212   18
43242   18
43249   18
43250   18
43251   18
43260   18
43268   18
43275   18
43277   18
43285   18
43287   18
43288   18
43294   18
43296   18
43302   18
43303   18
43307   18
43320   18
43339   18
43350   18
43352   18
43354   18
43374   18
43375   18
43388   18
43392   18
43396   18
43398   18
43402   18
43403   18
43416   18
43423   18
43443   18
43445   18
43448   18
43452   18
43457   18
43462   18
43484   18
43488   18
43491   18
43512   18
43521   18
43523   18
43536   18
43542   18
43552   18
43555   18
43564   18
43565   18
43596   18
43600   18
43629   18
43636   18
43669   18
43683   18
43688   18
43710   18
43714   18
43738   18
43740   18
43741   18
43746   18
43749   18
43753   18
43755   18
43765   18
43770   18
43786   18
43794   18
43803   18
43804   18
43808   18
43817   18
43825   18
43828   18
43858   18
43877   18
43889   18
43896   18
43899   18
43905   18
43911   18
43914   18
43916   18
43926   18
43928   18
43939   18
43943   18
43954   18
43955   18
43961   18
43968   18
43969   18
43978   18
43986   18
43995   18
44002   18
44005   18
44006   18
44018   18
44023   18
44031   18
44038   18
44041   18
44046   18
44047   18
44049   18
44054   18
44055   18
44057   18
44064   18
44074   18
44076   18
44080   18
44086   18
44090   18
44091   18
44096   18
44108   18
44116   18
44119   18
44122   18
44123   18
44139   18
44140   18
44150   18
44180   18
44181   18
44182   18
44184   18
44231   18
44240   18
44241   18
44245   18
44255   18
44262   18
44265   18
44304   18
44310   18
44317   18
44327   18
44339   18
44349   18
44353   18
44381   18
44387   18
44389   18
44393   18
44395   18
44400   18
44406   18
44412   18
44417   18
44422   18
44432   18
44433   18
44437   18
44438   18
44444   18
44449   18
44463   18
44464   18
44475   18
44483   18
44497   18
44502   18
44505   18
44511   18
44516   18
44517   18
44520   18
44523   18
44528   18
44535   18
44536   18
44537   18
44540   18
44543   18
44554   18
44556   18
44557   18
44558   18
44562   18
44566   18
44567   18
44569   18
44581   18
44595   18
44606   18
44607   18
44610   18
44618   18
44631   18
44649   18
44678   18
44685   18
44690   18
44698   18
44711   18
44713   18
44719   18
44735   18
44737   18
44739   18
44751   18
44754   18
44782   18
44799   18
44801   18
44803   18
44804   18
44812   18
44821   18
44824   18
44825   18
44855   18
44856   18
44867   18
44869   18
44887   18
44907   18
44910   18
44917   18
44918   18
44926   18
44928   18
44930   18
44951   18
44959   18
44961   18
44969   18
44970   18
44978   18
44979   18
44981   18
44987   18
44990   18
44994   18
44995   18
44997   18
44999   18
45021   18
45030   18
45046   18
45065   18
45067   18
45077   18
45087   18
45100   18
45108   18
45114   18
45122   18
45131   18
45144   18
45149   18
45157   18
45162   18
45168   18
45182   18
45185   18
45199   18
45204   18
45205   18
45214   18
45240   18
45242   18
45246   18
45251   18
45256   18
45261   18
45262   18
45265   18
45266   18
45267   18
45286   18
45295   18
45305   18
45308   18
45319   18
45322   18
45363   18
45364   18
45369   18
45377   18
45385   18
45387   18
45391   18
45415   18
45419   18
45420   18
45434   18
45442   18
45444   18
45446   18
45448   18
45450   18
45455   18
45459   18
45460   18
45462   18
45469   18
45486   18
45501   18
45502   18
45519   18
45530   18
45541   18
45552   18
45576   18
45587   18
45603   18
45604   18
45618   18
45626   18
45644   18
45645   18
45646   18
45649   18
45657   18
45665   18
45670   18
45697   18
45699   18
45700   18
45711   18
45723   18
45730   18
45733   18
45734   18
45738   18
45741   18
45742   18
45752   18
45757   18
45767   18
45771   18
45773   18
45775   18
45779   18
45786   18
45805   18
45814   18
45817   18
45829   18
45836   18
45853   18
45863   18
45883   18
45938   18
45948   18
45950   18
45957   18
45961   18
45974   18
45980   18
45982   18
45989   18
46001   18
46007   18
46010   18
46011   18
46052   18
46055   18
46058   18
46062   18
46065   18
46074   18
46077   18
46079   18
46098   18
46110   18
46119   18
46124   18
46127   18
46128   18
46133   18
46135   18
46147   18
46148   18
46149   18
46161   18
46182   18
46189   18
46197   18
46207   18
46208   18
46209   18
46212   18
46216   18
46217   18
46226   18
46245   18
46247   18
46249   18
46250   18
46266   18
46267   18
46280   18
46281   18
46294   18
46315   18
46322   18
46323   18
46325   18
46330   18
46331   18
46334   18
46344   18
46346   18
46355   18
46366   18
46373   18
46379   18
46382   18
46387   18
46389   18
46393   18
46407   18
46410   18
46414   18
46466   18
46473   18
46482   18
46484   18
46491   18
46502   18
46526   18
46534   18
46536   18
46554   18
46563   18
46566   18
46572   18
46576   18
46577   18
46584   18
46590   18
46609   18
46618   18
46623   18
46624   18
46638   18
46646   18
46648   18
46670   18
46675   18
46676   18
46686   18
46691   18
46699   18
46705   18
46713   18
46715   18
46722   18
46723   18
46752   18
46768   18
46781   18
46785   18
46787   18
46791   18
46814   18
46838   18
46849   18
46850   18
46861   18
46865   18
46871   18
46879   18
46886   18
46900   18
46908   18
46923   18
46930   18
46931   18
46938   18
46957   18
46959   18
46990   18
46994   18
47000   18
47004   18
47008   18
47019   18
47025   18
47032   18
47034   18
47041   18
47051   18
47057   18
47061   18
47075   18
47084   18
47092   18
47095   18
47110   18
47115   18
47122   18
47130   18
47159   18
47160   18
47165   18
47175   18
47185   18
47190   18
47196   18
47199   18
47200   18
47205   18
47209   18
47210   18
47220   18
47224   18
47240   18
47243   18
47248   18
47266   18
47267   18
47271   18
47274   18
47280   18
47283   18
47290   18
47299   18
47302   18
47304   18
47316   18
47323   18
47330   18
47331   18
47337   18
47341   18
47347   18
47351   18
47358   18
47364   18
47377   18
47385   18
47389   18
47399   18
47400   18
47402   18
47412   18
47424   18
47463   18
47465   18
47477   18
47490   18
47491   18
47496   18
47507   18
47517   18
47518   18
47520   18
47536   18
47538   18
47546   18
47559   18
47560   18
47571   18
47573   18
47583   18
47593   18
47601   18
47606   18
47621   18
47623   18
47628   18
47630   18
47637   18
47658   18
47668   18
47690   18
47708   18
47730   18
47732   18
47740   18
47743   18
47754   18
47764   18
47766   18
47782   18
47787   18
47792   18
47797   18
47820   18
47827   18
47842   18
47854   18
47862   18
47877   18
47881   18
47897   18
47900   18
47915   18
47917   18
47925   18
47936   18
47939   18
47947   18
47951   18
47953   18
47964   18
47983   18
47992   18
48002   18
48010   18
48018   18
48026   18
48031   18
48034   18
48043   18
48046   18
48065   18
48105   18
48106   18
48129   18
48150   18
48151   18
48160   18
48163   18
48187   18
48192   18
48213   18
48218   18
48227   18
48259   18
48267   18
48271   18
48276   18
48277   18
48293   18
48300   18
48301   18
48317   18
48320   18
48331   18
48357   18
48390   18
48403   18
48426   18
48430   18
48431   18
48433   18
48454   18
48457   18
48465   18
48466   18
48475   18
48509   18
48513   18
48532   18
48534   18
48536   18
48542   18
48550   18
48564   18
48569   18
48603   18
48635   18
48658   18
48660   18
48664   18
48669   18
48670   18
48676   18
48678   18
48680   18
48684   18
48685   18
48693   18
48696   18
48702   18
48728   18
48730   18
48757   18
48784   18
48797   18
48819   18
48860   18
48861   18
48863   18
48877   18
48896   18
48911   18
48968   18
48990   18
49014   18
49020   18
49027   18
49036   18
49039   18
49050   18
49060   18
49062   18
49079   18
49080   18
49081   18
49090   18
49093   18
49100   18
49106   18
49120   18
49132   18
49139   18
49140   18
49162   18
49165   18
49173   18
49185   18
49205   18
49233   18
49238   18
49243   18
49254   18
49256   18
49267   18
49269   18
49273   18
49291   18
49308   18
49332   18
49352   18
49360   18
49363   18
49373   18
49387   18
49397   18
49415   18
49449   18
49451   18
49454   18
49482   18
49489   18
49502   18
49507   18
49515   18
49532   18
49554   18
49557   18
49558   18
49565   18
49593   18
49596   18
49597   18
49603   18
49608   18
49612   18
49614   18
49620   18
49627   18
49640   18
49644   18
49653   18
49657   18
49658   18
49665   18
49667   18
49676   18
49697   18
49706   18
49736   18
49746   18
49765   18
49767   18
49776   18
49782   18
49784   18
49786   18
49792   18
49799   18
49800   18
49819   18
49827   18
49855   18
49862   18
49928   18
49934   18
49938   18
49972   18
50002   18
50004   18
50017   18
50025   18
50028   18
50031   18
50034   18
50049   18
50051   18
50068   18
50072   18
50078   18
50079   18
50083   18
50091   18
50101   18
50104   18
50125   18
50157   18
50163   18
50176   18
50179   18
50181   18
50195   18
50203   18
50227   18
50245   18
50260   18
50268   18
50289   18
50291   18
50304   18
50314   18
50317   18
50326   18
50327   18
50331   18
50381   18
50385   18
50397   18
50404   18
50408   18
50415   18
50422   18
50425   18
50426   18
50431   18
50440   18
50447   18
50451   18
50459   18
50486   18
50510   18
50535   18
50541   18
50551   18
50558   18
50567   18
50570   18
50656   55
50671   55
50672   18
50673   18
50674   18
50720   18
50722   55
50723   18
50734   18
50743   18
50744   18
50747   18
50778   18
50790   55
50791   18
50810   18
50811   18
50821   55
50827   18
50832   18
50836   18
50839   18
50867   18
50890   18
50891   18
50906   18
50909   18
50923   18
50947   18
50954   55
50998   55
51001   18
51009   55
51023   18
51031   18
51045   18
51051   18
51058   18
51063   18
51068   55
51082   18
51099   18
51116   18
51123   18
51131   55
51147   18
51160   18
51179   18
51214   55
51241   18
51255   55
51257   55
51267   55
51268   18
51306   18
51319   55
51341   18
51346   18
51393   18
51394   18
51395   18
51426   55
51427   55
51444   18
51448   18
51449   55
51462   18
51499   55
51503   55
51504   18
51512   55
51520   55
51534   18
51536   55
51554   55
51560   55
51570   55
51584   18
51590   55
51608   55
51663   55
51682   55
51695   55
51711   55
51727   18
51730   55
51768   18
51774   55
51798   18
51815   55
51818   55
51845   55
51860   55
51867   18
51875   55
51897   55
51910   55
51915   55
51926   55
51945   18
51972   55
51977   55
51988   55
52007   55
52041   55
52043   18
52059   55
52065   55
52069   55
52078   55
52092   55
52098   55
52102   55
52111   55
52114   55
52120   18
52132   55
52143   55
52144   55
52163   18
52205   18
52220   55
52239   55
52244   55
52246   55
52284   55
52291   55
52385   55
52455   55
52483   55
52488   55
52518   55
52522   55
52544   55
52548   55
52559   55
52562   55
52566   55
52575   55
52578   55
52582   55
52598   55
52601   55
52603   55
52615   55
52621   55
52636   55
52656   55
52701   55
52704   55
52705   55
52713   55
52726   55
52746   55
52754   55
52772   55
52774   55
52781   55
52810   55
52829   55
52850   55
52870   55
52876   55
52889   55
52894   55
52910   55
52920   55
52943   55
52955   55
52992   55
53008   55
53010   55
53036   55
53037   55
53045   55
53048   55
53053   55
53072   55
53073   55
53106   55
53107   55
53109   55
53113   18
53117   55
53118   55
53126   55
53129   55
53144   18
53147   55
53152   55
53162   55
53195   55
53210   33
53221   55
53223   55
53226   55
53238   55
53243   55
53244   55
53247   55
53249   18
53257   55
53258   55
53268   55
53279   55
53281   18
53310   55
53320   55
53338   33
53370   55
53386   18
53399   55
53416   55
53446   18
53460   55
53470   55
53491   55
53508   55
53509   18
53518   18
53540   55
53547   55
53556   55
53566   55
53580   33
53584   55
53597   55
53606   55
53613   55
53638   55
53643   55
53685   33
53699   55
53701   55
53705   55
53707   33
53717   55
53781   33
53790   55
53796   33
53798   55
53806   55
53822   55
53826   55
53833   55
53837   33
53851   55
53858   55
53859   55
53868   55
53869   55
53871   55
53886   55
53904   55
53910   33
53914   55
53916   55
53923   55
53929   55
53936   55
53943   33
53966   55
53994   55
53995   55
53996   55
54007   33
54012   55
54017   55
54041   55
54051   55
54054   55
54056   55
54079   55
54086   55
54105   55
54109   33
54142   55
54151   55
54158   55
54171   55
54198   55
54211   33
54213   55
54237   55
54245   55
54246   55
54258   33
54266   33
54289   55
54292   33
54300   55
54302   55
54306   55
54313   33
54316   55
54318   55
54343   55
54351   55
54354   55
54358   55
54366   55
54385   55
54393   55
54420   55
54433   55
54437   55
54449   33
54469   55
54475   55
54476   55
54485   33
54507   33
54521   55
54522   55
54528   55
54531   55
54536   55
54542   55
54551   55
54560   33
54568   55
54581   55
54599   55
54607   55
54609   55
54615   55
54641   33
54643   33
54660   55
54672   55
54684   55
54685   33
54713   55
54717   55
54720   55
54728   55
54737   55
54738   55
54752   55
54772   33
54784   55
54790   33
54805   55
54821   55
54835   55
54842   33
54852   55
54861   55
54890   55
54892   55
54901   55
54905   55
54908   33
54919   55
54951   55
54968   55
54990   55
54995   55
55027   33
55064   33
55077   33
55079   55
55093   55
55097   55
55103   55
55115   33
55125   55
55141   33
55154   55
55165   33
55178   55
55180   55
55190   33
55194   33
55195   55
55198   55
55202   55
55214   55
55221   33
55224   55
55230   33
55232   55
55261   33
55268   55
55280   33
55290   33
55295   55
55297   55
55307   55
55308   55
55315   55
55316   55
55317   33
55322   55
55323   33
55331   33
55342   33
55344   55
55346   55
55369   33
55390   55
55395   55
55399   33
55407   55
55412   55
55425   33
55431   55
55435   55
55437   55
55443   55
55447   33
55450   55
55479   33
55483   33
55489   55
55504   33
55535   33
55544   55
55551   55
55553   33
55555   33
55578   55
55594   33
55606   55
55608   33
55622   55
55626   33
55632   55
55643   55
55668   33
55681   33
55684   55
55696   33
55698   55
55714   55
55715   55
55735   33
55752   33
55761   55
55764   33
55766   55
55772   33
55776   55
55777   33
55781   55
55785   33
55789   55
55791   55
55794   55
55795   55
55807   33
55824   33
55826   55
55827   55
55854   55
55869   33
55874   55
55883   55
55905   33
55910   33
55911   55
55915   55
55919   55
55929   55
55934   55
55938   33
55939   55
55951   55
55986   55
55987   55
55993   33
56024   33
56033   55
56038   55
56048   33
56050   33
56055   55
56061   55
56069   33
56071   55
56072   55
56076   55
56083   33
56088   33
56094   55
56141   33
56146   33
56154   55
56166   55
56170   55
56177   55
56181   33
56200   55
56211   55
56215   55
56219   33
56220   55
56248   55
56249   33
56260   55
56282   33
56299   55
56300   33
56303   55
56304   55
56305   55
56320   33
56332   55
56343   33
56346   55
56351   55
56355   55
56357   55
56359   55
56365   55
56368   55
56377   33
56387   55
56388   55
56397   55
56404   55
56420   33
56428   55
56439   33
56444   55
56451   33
56461   33
56465   33
56471   33
56472   55
56473   55
56478   55
56480   33
56488   55
56504   33
56508   55
56513   33
56517   55
56559   33
56565   55
56577   55
56580   33
56590   55
56609   55
56627   55
56638   55
56640   55
56647   55
56664   33
56669   55
56672   33
56679   55
56685   33
56695   33
56697   55
56701   55
56706   33
56718   55
56719   55
56723   55
56732   33
56740   55
56742   55
56749   55
56778   33
56780   55
56789   55
56810   33
56812   33
56821   55
56841   33
56843   33
56847   55
56849   33
56850   55
56856   55
56866   55
56879   55
56897   55
56899   33
56912   33
56917   55
56918   55
56924   33
56931   55
56939   33
56992   55
56993   55
56994   55
56999   55
57012   55
57014   33
57020   33
57036   55
57038   33
57043   33
57045   55
57046   55
57057   55
57078   55
57102   33
57110   55
57117   55
57118   33
57138   55
57148   33
57157   55
57164   55
57196   33
57199   55
57201   33
57203   55
57205   55
57222   33
57228   33
57240   33
57248   33
57249   55
57253   33
57255   55
57275   55
57291   55
57301   55
57306   33
57308   33
57315   33
57316   55
57320   55
57336   55
57340   33
57348   55
57363   55
57386   55
57397   33
57408   55
57412   55
57413   55
57414   55
57415   33
57424   55
57428   33
57431   55
57452   55
57455   55
57464   33
57466   55
57475   33
57491   55
57497   55
57506   55
57508   55
57514   55
57517   33
57520   55
57521   55
57528   33
57533   33
57535   55
57539   33
57541   33
57544   55
57550   33
57551   55
57558   55
57571   33
57582   55
57583   33
57585   55
57587   55
57589   55
57595   55
57603   55
57606   55
57611   33
57624   33
57643   33
57645   33
57650   33
57654   33
57660   33
57691   55
57693   33
57697   55
57705   55
57719   33
57745   55
57749   55
57754   55
57755   33
57756   55
57757   55
57758   55
57768   33
57771   55
57776   55
57781   55
57784   55
57790   33
57791   55
57794   55
57798   55
57799   33
57812   33
57814   55
57819   33
57820   55
57832   55
57835   33
57839   33
57847   33
57852   55
57866   33
57875   33
57881   33
57885   55
57887   55
57891   33
57892   33
57897   55
57901   55
57905   55
57909   33
57912   33
57924   55
57929   33
57932   55
57948   55
57950   55
57951   55
57958   55
57970   55
57979   55
57988   55
57992   33
57996   33
57997   55
57998   55
58003   55
58006   55
58009   55
58017   55
58019   55
58027   33
58029   33
58030   55
58031   55
58042   33
58047   33
58050   55
58055   55
58065   55
58076   55
58079   33
58086   55
58096   55
58111   55
58122   55
58127   55
58132   33
58134   33
58145   55
58169   33
58176   55
58178   55
58179   55
58200   55
58217   33
58231   33
58244   33
58248   55
58251   55
58270   33
58275   55
58290   55
58295   33
58296   55
58299   33
58303   55
58308   55
58312   55
58317   55
58323   33
58324   55
58327   33
58328   33
58332   55
58333   55
58345   33
58347   55
58355   55
58356   55
58361   33
58368   55
58372   55
58373   33
58377   55
58380   33
58388   55
58389   55
58393   55
58398   55
58399   33
58400   33
58406   55
58408   55
58421   55
58427   55
58432   55
58440   33
58442   55
58447   55
58455   55
58469   55
58470   55
58471   55
58474   55
58480   55
58481   33
58483   33
58493   55
58495   55
58499   33
58500   55
58503   55
58519   33
58530   55
58541   55
58542   33
58543   55
58561   33
58563   55
58570   33
58573   55
58589   55
58607   33
58619   55
58623   33
58634   55
58637   55
58640   33
58644   33
58645   55
58650   55
58651   55
58655   33
58658   55
58678   55
58693   55
58696   55
58702   33
58704   55
58710   55
58712   55
58713   33
58737   55
58747   33
58757   55
58763   55
58775   33
58782   55
58791   55
58806   55
58807   55
58815   55
58831   55
58832   55
58837   55
58838   33
58842   55
58864   55
58868   55
58871   33
58874   55
58881   55
58882   55
58900   33
58906   33
58911   33
58918   33
58935   33
58943   55
58944   33
58947   33
58952   55
58966   33
58969   55
58989   55
58990   55
59015   55
59019   55
59020   55
59024   33
59050   55
59071   55
59072   55
59080   55
59093   55
59094   55
59098   55
59113   55
59114   33
59115   33
59121   33
59140   55
59141   55
59157   33
59162   55
59176   33
59177   55
59192   55
59216   55
59218   33
59232   33
59242   55
59245   55
59248   33
59260   55
59261   33
59263   55
59285   55
59287   55
59295   55
59300   55
59305   33
59306   55
59313   55
59325   55
59329   55
59332   33
59342   33
59344   55
59354   55
59357   55
59371   55
59372   55
59373   33
59374   55
59386   55
59391   55
59404   55
59410   55
59420   55
59435   33
59440   55
59442   55
59450   33
59500   55
59515   33
59517   55
59518   55
59538   55
59542   55
59543   55
59552   55
59554   55
59556   55
59563   55
59564   55
59569   55
59571   55
59579   33
59582   55
59590   55
59593   55
59603   55
59619   55
59621   55
59624   55
59626   55
59633   55
59635   55
59644   55
59645   33
59652   55
59667   33
59675   55
59680   33
59683   55
59685   55
59712   55
59717   55
59718   33
59724   33
59730   55
59737   55
59739   33
59751   33
59756   55
59757   33
59758   55
59761   55
59766   55
59771   55
59784   33
59790   55
59793   33
59820   84
59821   55
59845   33
59846   55
59852   55
59863   33
59895   33
59896   33
59924   33
59926   55
59965   55
59987   55
59992   33
60000   55
60002   55
60005   55
60008   55
60016   55
60049   33
60050   55
60052   55
60060   55
60082   55
60095   33
60096   55
60104   55
60109   33
60116   33
60122   55
60124   55
60126   55
60147   55
60178   33
60180   33
60181   55
60182   55
60189   55
60193   33
60196   55
60211   55
60213   55
60214   55
60223   33
60227   55
60231   55
60239   55
60244   55
60256   33
60262   33
60277   33
60278   55
60286   55
60294   55
60304   55
60316   55
60320   55
60327   55
60330   55
60333   55
60338   33
60340   33
60341   55
60347   84
60351   55
60352   55
60364   55
60385   55
60392   33
60402   33
60408   55
60413   55
60426   55
60435   55
60438   55
60456   55
60459   55
60462   33
60464   33
60483   33
60488   55
60489   55
60506   33
60528   55
60553   33
60591   55
60597   33
60600   55
60602   33
60606   55
60616   55
60622   33
60630   33
60634   55
60635   55
60638   55
60665   55
60684   33
60685   55
60686   55
60702   33
60709   55
60774   33
60783   33
60792   55
60796   55
60804   33
60814   55
60817   33
60819   55
60826   33
60828   55
60844   33
60853   33
60854   55
60876   33
60882   55
60889   55
60890   55
60909   55
60915   33
60916   55
60918   55
60936   33
60942   55
60945   55
60948   33
60950   55
60961   33
60964   33
60971   55
60977   33
60981   55
60983   33
60989   55
60999   55
61005   55
61006   55
61009   55
61010   33
61014   55
61024   55
61049   55
61055   55
61061   55
61064   55
61065   55
61066   33
61069   55
61071   55
61073   55
61093   33
61104   33
61108   55
61114   55
61116   55
61134   55
61136   55
61146   55
61164   55
61190   33
61194   84
61199   33
61201   33
61203   55
61205   33
61211   84
61222   33
61244   84
61254   55
61255   33
61309   55
61310   33
61318   55
61326   84
61329   33
61344   33
61357   55
61396   55
61417   55
61457   33
61461   55
61480   55
61481   55
61483   55
61485   55
61490   55
61503   55
61507   55
61509   33
61526   33
61532   55
61533   55
61534   33
61552   55
61559   55
61562   33
61572   55
61576   55
61582   55
61609   84
61610   55
61615   55
61619   33
61623   33
61627   55
61629   33
61657   33
61667   55
61676   55
61678   33
61698   55
61713   33
61716   33
61732   55
61735   84
61740   55
61750   55
61759   55
61770   55
61783   55
61801   33
61806   33
61810   33
61811   55
61829   55
61833   33
61851   55
61852   55
61856   33
61870   33
61873   55
61877   55
61898   33
61902   55
61907   33
61911   33
61923   33
61927   55
61931   55
61935   55
61939   55
61946   55
61948   55
61951   55
61956   55
61958   33
61959   55
61980   55
61985   33
61992   55
61998   33
62003   55
62025   55
62058   55
62074   84
62082   33
62091   33
62098   33
62135   33
62151   55
62156   55
62186   33
62192   55
62203   33
62205   55
62212   33
62221   33
62234   55
62248   55
62251   84
62263   33
62264   55
62274   55
62278   55
62281   55
62314   55
62342   55
62369   55
62372   33
62378   33
62390   55
62398   55
62406   33
62413   55
62434   55
62450   55
62461   55
62491   55
62500   33
62501   55
62508   33
62511   84
62515   55
62517   33
62518   55
62521   55
62525   84
62551   55
62554   84
62576   55
62580   55
62581   55
62582   33
62584   55
62614   55
62618   55
62623   55
62635   55
62643   84
62648   55
62666   55
62672   55
62682   84
62686   55
62697   55
62717   55
62731   55
62739   55
62779   55
62798   55
62814   33
62839   33
62875   55
62878   33
62880   33
62890   55
62897   84
62913   55
62929   55
62975   55
62990   55
62995   33
62998   33
63008   33
63012   33
63013   33
63014   55
63021   84
63025   33
63028   55
63037   55
63041   84
63047   84
63050   55
63063   55
63070   55
63082   55
63130   55
63137   33
63143   55
63158   55
63177   55
63179   33
63193   55
63204   55
63211   55
63219   33
63224   55
63226   55
63231   55
63238   55
63245   84
63254   33
63269   55
63284   33
63303   33
63305   55
63312   84
63313   55
63319   33
63347   55
63351   84
63365   84
63372   55
63385   55
63394   33
63399   84
63416   55
63437   55
63438   84
63449   84
63451   55
63473   55
63476   33
63494   55
63498   55
63517   55
63522   55
63532   55
63544   55
63553   55
63596   55
63619   55
63625   33
63631   55
63633   84
63647   55
63658   33
63670   33
63674   55
63680   55
63693   84
63701   55
63705   33
63731   84
63732   33
63751   55
63758   55
63761   33
63763   84
63777   55
63782   55
63785   55
63797   84
63806   55
63819   33
63823   33
63825   55
63827   55
63829   55
63838   33
63846   84
63861   55
63866   33
63878   55
63891   55
63897   55
63900   55
63909   33
63915   84
63938   55
63942   55
63969   55
63970   55
63971   55
63978   33
63984   33
63996   33
64009   55
64022   55
64024   84
64029   55
64033   55
64034   55
64052   55
64059   55
64077   55
64087   33
64090   84
64100   55
64105   33
64107   84
64109   55
64122   55
64148   55
64153   33
64161   84
64162   55
64198   55
64200   33
64202   55
64205   33
64213   33
64236   55
64237   55
64240   55
64265   33
64281   84
64289   33
64292   55
64303   84
64307   55
64308   33
64309   55
64330   33
64331   55
64343   84
64373   55
64375   55
64376   55
64382   55
64384   55
64394   55
64405   84
64421   55
64433   55
64436   33
64442   84
64450   84
64459   55
64470   55
64476   55
64488   55
64504   84
64552   55
64566   84
64580   55
64588   55
64604   84
64609   55
64634   55
64646   84
64648   55
64668   55
64673   55
64686   55
64701   33
64703   33
64712   84
64721   55
64745   55
64746   33
64755   55
64761   33
64767   55
64770   55
64788   55
64797   55
64813   55
64819   84
64830   55
64876   55
64890   55
64905   33
64907   84
64914   55
64921   55
64954   55
64957   33
64972   55
64980   55
65014   55
65022   84
65031   84
65048   55
65056   84
65060   55
65062   55
65074   55
65088   33
65106   55
65108   84
65125   55
65127   55
65149   55
65151   84
65163   84
65184   33
65191   55
65203   84
65205   33
65208   55
65210   84
65212   84
65216   55
65225   33
65242   55
65246   84
65252   55
65256   55
65280   84
65291   55
65297   55
65312   55
65346   55
65377   84
65381   55
65384   33
65412   84
65416   55
65426   55
65446   84
65473   84
65481   55
65483   55
65486   55
65501   33
65519   84
65539   33
65549   55
65555   55
65561   84
65587   84
65619   55
65621   55
65629   33
65639   55
65649   33
65659   55
65670   55
65672   55
65701   55
65703   55
65715   33
65739   84
65770   84
65772   55
65785   84
65790   33
65807   33
65814   55
65841   55
65847   84
65859   55
65875   55
65914   55
65916   55
65920   84
65927   84
65939   55
65945   84
65954   55
65972   55
65976   84
65982   33
66002   55
66004   55
66019   55
66031   55
66033   33
66038   84
66054   33
66064   55
66072   55
66105   84
66138   33
66146   55
66148   84
66158   33
66171   55
66187   55
66188   84
66207   55
66221   55
66248   55
66265   84
66270   55
66273   55
66301   55
66337   33
66338   55
66355   55
66375   84
66376   33
66387   84
66396   84
66422   55
66447   84
66451   84
66481   55
66510   33
66512   55
66534   84
66546   55
66552   55
66558   33
66576   55
66578   55
66579   84
66585   84
66623   55
66626   55
66627   33
66648   84
66658   55
66660   55
66683   55
66698   84
66718   55
66719   55
66723   55
66735   55
66746   84
66751   55
66765   84
66767   33
66782   55
66799   84
66803   55
66807   55
66820   55
66823   55
66825   84
66844   55
66845   84
66862   84
66883   84
66884   84
66888   55
66894   84
66897   33
66912   55
66919   55
66987   84
67015   84
67039   55
67045   84
67058   55
67063   55
67074   84
67080   84
67083   84
67097   84
67100   55
67120   55
67131   33
67147   55
67161   84
67171   84
67175   55
67176   55
67183   84
67184   84
67198   84
67202   55
67210   55
67212   55
67217   84
67224   84
67250   55
67260   55
67264   55
67270   55
67279   55
67288   84
67318   55
67328   55
67332   84
67359   55
67367   55
67373   84
67390   84
67398   55
67408   84
67433   84
67442   55
67464   84
67465   55
67495   84
67499   84
67520   33
67528   55
67557   84
67585   84
67605   55
67609   84
67612   55
67627   84
67632   55
67665   84
67675   55
67695   55
67717   84
67718   55
67720   55
67727   55
67728   84
67732   84
67743   55
67763   55
67778   84
67790   84
67812   33
67827   84
67839   55
67859   84
67865   55
67886   55
67894   55
67911   84
67914   33
67940   84
67941   55
67949   84
67960   55
67968   33
67980   84
67985   84
67986   33
67993   33
67994   84
67999   33
68002   84
68014   33
68028   84
68030   55
68038   55
68046   55
68053   55
68096   55
68101   84
68102   55
68107   55
68117   84
68149   84
68156   84
68162   84
68164   55
68165   84
68166   55
68167   55
68179   33
68225   55
68228   55
68235   84
68244   55
68249   55
68257   84
68272   84
68290   84
68307   55
68309   55
68325   84
68349   84
68368   84
68370   84
68372   84
68386   84
68391   84
68399   55
68467   55
68475   84
68481   84
68497   84
68537   84
68544   55
68554   84
68555   84
68580   84
68582   84
68593   84
68610   84
68630   84
68631   55
68650   84
68663   84
68668   84
68678   84
68684   84
68693   55
68706   84
68709   84
68721   55
68736   84
68747   55
68761   84
68763   84
68772   55
68775   84
68776   84
68783   55
68792   84
68798   84
68806   84
68811   84
68822   84
68835   84
68837   84
68840   84
68850   55
68852   55
68862   84
68904   55
68910   84
68915   55
68916   84
68920   55
68922   84
68925   84
68927   55
68931   55
68945   84
68953   84
68957   84
68972   84
68976   84
68980   55
68985   84
68996   84
68997   84
68999   55
69002   55
69011   84
69020   55
69042   55
69047   84
69057   84
69059   84
69060   55
69075   84
69078   84
69090   55
69101   55
69112   84
69129   84
69138   84
69140   84
69146   55
69161   84
69185   84
69207   84
69212   84
69217   55
69246   84
69248   84
69253   84
69267   84
69279   84
69280   55
69315   55
69329   84
69369   84
69383   55
69404   84
69406   84
69421   55
69435   84
69438   84
69441   84
69443   84
69454   84
69458   84
69466   84
69473   84
69474   55
69475   84
69477   84
69485   55
69490   84
69496   84
69506   84
69507   55
69512   84
69515   84
69519   84
69521   84
69523   84
69529   84
69530   84
69541   84
69545   84
69549   55
69550   84
69551   84
69552   84
69561   84
69569   55
69587   55
69588   84
69590   84
69597   55
69599   84
69606   55
69607   84
69608   55
69612   55
69622   55
69626   84
69628   55
69633   84
69639   84
69644   84
69648   55
69650   55
69672   55
69698   55
69707   84
69711   55
69719   84
69726   55
69733   84
69735   55
69739   84
69742   84
69746   55
69768   84
69776   55
69783   55
69796   55
69800   84
69809   84
69834   84
69835   55
69836   84
69839   55
69840   84
69846   84
69860   55
69865   84
69866   84
69873   55
69885   55
69889   55
69920   55
69922   55
69936   55
69937   84
69944   84
69948   55
69977   55
69991   84
69992   55
70003   84
70005   55
70022   55
70023   84
70027   84
70035   55
70058   84
70060   55
70062   84
70068   55
70075   84
70098   55
70108   55
70120   84
70127   55
70150   84
70154   84
70159   55
70165   84
70173   55
70179   55
70192   55
70195   84
70196   84
70199   55
70208   84
70212   84
70220   84
70243   55
70247   55
70249   55
70253   84
70256   55
70286   55
70287   84
70291   84
70307   55
70313   55
70325   55
70334   84
70342   84
70344   55
70345   55
70353   55
70355   84
70363   55
70369   55
70372   55
70377   55
70387   55
70389   55
70402   55
70413   84
70418   55
70423   55
70425   84
70446   84
70448   55
70449   55
70453   55
70466   55
70469   84
70471   84
70472   55
70480   55
70486   55
70512   55
70521   84
70525   55
70532   55
70536   84
70559   55
70603   55
70609   84
70634   55
70635   55
70636   84
70645   84
70648   55
70659   84
70676   55
70681   84
70684   84
70713   55
70718   84
70720   55
70723   55
70724   55
70748   84
70752   55
70785   84
70793   55
70795   55
70810   84
70826   84
70841   55
70858   84
70861   55
70867   84
70880   55
70883   84
70934   55
70937   84
70939   55
70962   84
70966   55
70970   55
70973   84
70989   55
70997   84
71003   55
71005   84
71010   84
71025   84
71045   84
71061   55
71063   84
71073   84
71074   55
71088   84
71115   55
71120   84
71123   55
71129   55
71135   84
71142   55
71159   84
71174   55
71185   84
71187   84
71190   55
71197   84
71238   55
71251   84
71263   55
71264   55
71278   55
71279   55
71290   84
71316   55
71355   84
71377   84
71379   84
71391   84
71406   55
71424   84
71429   84
71435   84
71439   84
71443   84
71463   84
71470   55
71473   84
71479   55
71482   55
71497   55
71502   84
71514   84
71527   84
71559   55
71590   55
71594   84
71602   84
71630   84
71648   84
71668   84
71669   84
71676   55
71681   84
71687   84
71707   84
71754   84
71755   84
71760   84
71768   84
71775   55
71780   55
71785   84
71788   55
71800   84
71824   55
71827   84
71859   84
71862   84
71869   84
71880   84
71884   84
71895   84
71897   55
71921   84
71977   55
72025   55
72038   84
72040   55
72056   84
72062   84
72114   55
72145   55
72167   55
72169   84
72191   55
72220   84
72229   84
72231   84
72237   55
72265   55
72271   84
72273   55
72276   84
72288   84
72294   84
72297   84
72322   55
72327   84
72346   84
72361   55
72363   84
72415   84
72420   55
72421   84
72450   55
72466   84
72503   84
72518   84
72532   84
72540   55
72551   84
72559   84
72602   84
72628   55
72631   84
72649   84
72673   84
72675   84
72683   84
72718   84
72727   84
72734   84
72755   84
72769   84
72772   84
72788   84
72796   84
72817   84
72818   84
72824   84
72826   84
72836   84
72845   55
72902   84
72905   84
72910   55
72931   84
72939   84
72941   84
72946   55
72951   84
72955   84
72982   84
72995   84
72996   55
73020   84
73071   84
73085   55
73105   84
73120   55
73126   55
73139   84
73146   84
73154   55
73179   55
73180   84
73189   84
73201   84
73210   84
73215   84
73255   84
73282   84
73300   55
73309   55
73329   84
73344   84
73349   84
73357   84
73365   84
73382   55
73389   84
73404   55
73438   84
73452   84
73454   84
73483   55
73513   84
73520   84
73522   84
73532   84
73550   84
73563   84
73567   84
73580   84
73613   84
73614   84
73617   84
73626   84
73641   84
73644   84
73654   84
73707   55
73722   84
73789   84
73795   84
73815   55
73836   84
73968   84
73972   84
73979   55
73995   84
73997   84
74016   55
74018   84
74036   84
74082   84
74107   84
74145   84
74146   84
74147   84
74167   55
74171   55
74180   84
74201   84
74242   55
74285   84
74314   84
74315   55
74330   55
74333   84
74351   84
74404   84
74422   84
74444   55
74473   55
74478   55
74487   55
74499   55
74535   84
74565   55
74571   84
74576   84
74587   55
74613   84
74629   84
74647   55
74673   84
74702   55
74715   84
74731   84
74734   55
74765   55
74816   84
74833   84
74848   55
74865   55
74868   55
74879   84
74899   55
74918   55
74921   84
74966   55
74969   84
74991   84
75009   84
75033   55
75037   84
75062   55
75063   84
75070   84
75102   84
75106   84
75112   84
75118   84
75135   84
75137   84
75147   55
75149   84
75156   84
75157   84
75171   55
75174   84
75177   84
75193   84
75202   55
75216   84
75217   84
75223   84
75224   84
75227   55
75246   55
75247   55
75260   84
75272   84
75279   84
75282   84
75286   55
75306   84
75332   55
75334   55
75338   84
75353   55
75358   84
75382   84
75387   84
75402   55
75412   55
75420   55
75423   55
75450   84
75452   84
75456   55
75458   55
75468   84
75480   55
75482   55
75493   84
75532   84
75590   84
75672   84
75699   84
75715   84
75764   84
75789   84
75812   84
75821   84
75835   84
75864   84
75865   84
75866   84
75867   84
75896   84
75904   84
75940   84
75973   84
75979   84
75993   55
76003   84
76030   84
76044   84
76057   84
76076   84
76082   55
76130   55
76153   84
76168   84
76214   84
76240   84
76277   84
76331   84
76345   84
76390   84
76393   84
76438   84
76497   84
76527   84
76530   84
76533   84
76560   84
76577   84
76588   84
76614   84
76659   84
76724   84
76726   55
76768   84
76799   84
76808   84
76825   84
76907   84
76991   84
77025   84
77065   84
77090   84
77165   84
77174   84
77183   84
77198   84
77217   84
77239   84
77322   84
77339   84
77373   84
77499   84
77502   84
77527   84
77602   84
77615   84
77637   84
77656   84
77687   84
77699   84
77871   84
78021   84
78041   84
78128   84
78135   84
78162   84
78322   84
78346   84
78392   84
78410   84
78477   84
78486   84
78547   84
78663   84
78686   84
78766   84
78782   84
78788   84
78793   84
78806   84
78928   84
79040   84
79354   84
79412   84
40466   40861   13.33   111.30
40646   40670   3.00    15.79
40670   40905   12.82   74.71
40670   40748   3.00    61.28
40695   40861   9.89    127.10
40748   40835   11.20   75.23
40748   40905   16.67   42.78
40761   40646   8.50    30.65
40828   41034   7.76    86.80
40835   40940   7.00    75.37
40855   41476   0.00    153.19
40861   40873   0.00    2.91
40873   41051   10.00   52.37
40873   40761   12.71   70.66
40886   41369   3.00    118.79
40905   41373   9.50    117.06
40905   41165   6.00    77.31
41020   41304   12.92   69.10
41020   40761   11.50   71.09
41034   41133   11.29   63.53
41034   41263   11.50   55.13
41051   41020   11.50   17.78
41052   41254   13.31   66.85
41133   40695   3.00    115.81
41133   41173   10.00   45.45
41165   41439   11.33   77.32
41173   41216   11.50   45.96
41173   40873   10.75   138.46
41184   40940   9.00    59.92
41216   41241   9.20    26.56
41241   41051   8.10    82.75
41241   41304   10.67   65.60
41247   41624   10.30   114.36
41254   40840   12.00   117.52
41254   41390   11.50   49.36
41263   41446   8.67    90.94
41263   41281   5.17    12.33
41281   41726   10.07   103.50
41281   40999   10.37   135.31
41304   41373   10.00   75.61
41369   41744   8.33    82.52
41369   41663   4.91    66.84
41373   41738   18.78   77.77
41373   41655   9.80    88.88
41390   40999   10.73   112.24
41390   41616   10.56   82.80
41439   41184   12.22   101.01
41446   41510   3.00    50.32
41468   41247   11.50   63.45
41468   41840   11.50   112.37
41476   42139   0.00    153.23
41510   41529   8.67    14.28
41510   41216   11.50   67.06
41529   41773   12.90   99.85
41612   40965   0.00    151.43
41616   41726   13.21   78.00
41624   41616   10.00   110.59
41635   41184   7.29    110.02
41655   41923   8.83    74.33
41655   41439   11.00   77.54
41663   41744   10.00   36.02
41726   41835   9.87    92.36
41738   42064   16.60   78.02
41744   42327   4.86    147.23
41767   41468   10.85   69.47
41767   42266   0.00    140.93
41773   41874   12.44   99.00
41796   41446   11.00   77.37
41799   41767   3.00    31.09
41799   41663   9.20    52.92
41835   41796   9.80    14.00
41840   41945   8.67    108.79
41863   41934   10.00   52.22
41874   41529   20.00   76.07
41874   41796   12.50   77.17
41921   42189   2.00    78.39
41923   41635   9.14    105.87
41923   42130   8.67    63.46
41924   41294   3.00    143.67
41934   41600   10.50   79.69
41945   41947   8.85    75.17
41945   42468   12.91   124.83
41947   42085   9.94    113.20
42019   42252   10.00   77.80
42022   42282   6.40    79.87
42043   42457   4.25    114.43
42043   41923   9.18    46.66
42049   42375   5.71    101.34
42064   42043   9.00    76.22
42068   42382   6.07    93.71
42085   42125   15.83   34.02
42085   41835   7.67    62.79
42094   42064   3.00    124.56
42125   42094   8.80    124.56
42125   42204   3.00    47.80
42130   42389   10.29   81.56
42130   42019   5.33    45.93
42139   42520   0.00    93.84
42189   42451   0.00    78.40
42204   42085   9.54    30.61
42233   41612   0.00    151.55
42236   41934   7.86    76.92
42243   41863   6.67    96.29
42243   41804   0.00    142.15
42252   42556   14.50   79.32
42275   42680   3.55    101.89
42282   42555   3.00    79.87
42292   42552   0.00    61.36
42309   42679   11.00   97.76
42310   42807   8.17    114.47
42313   42303   0.00    23.95
42316   42313   9.44    5.95
42327   42955   3.00    147.64
42328   42341   0.00    25.80
42331   42316   0.00    5.51
42339   42331   0.00    7.08
42339   42316   0.00    5.66
42341   42339   0.00    4.81
42348   42878   15.75   121.75
42351   42845   0.00    113.44
42355   42099   5.09    67.95
42355   42367   8.00    101.09
42367   42386   9.00    101.09
42375   42355   2.33    6.29
42382   42331   8.05    90.31
42389   42556   4.22    79.11
42397   42204   12.41   73.26
42397   42399   8.33    50.72
42397   42600   14.33   56.13
42399   41947   12.72   110.90
42399   42468   24.33   42.81
42406   42902   10.67   115.68
42451   42382   4.67    50.38
42457   42706   9.08    77.96
42468   42513   0.00    64.55
42484   42932   8.67    107.04
42486   42880   0.00    143.71
42486   42451   10.56   21.40
42489   42243   11.20   59.62
42489   42549   14.86   54.90
42499   42399   0.00    20.75
42499   42397   0.00    55.68
42505   42983   3.00    115.03
42505   42499   0.00    9.02
42508   41924   7.90    144.02
42520   42921   0.00    93.85
42549   42236   5.67    76.93
42549   42647   13.13   75.48
42552   42707   8.67    44.96
42555   42486   8.40    38.03
42556   42727   5.13    52.33
42586   42457   11.32   50.25
42586   42249   13.63   82.47
42593   42680   6.40    55.61
42600   42792   5.83    58.81
42609   42505   9.80    102.77
42617   42375   4.79    56.59
42623   42508   0.00    25.94
42629   43045   10.08   99.72
42629   42617   3.13    86.14
42641   42629   3.79    74.41
42656   42508   11.20   59.17
42658   42641   6.32    62.29
42658   42386   11.20   58.90
42668   42927   6.40    62.87
42668   42658   5.95    74.35
42668   42309   10.50   98.00
42675   42489   0.00    46.22
42675   42809   12.67   73.45
42679   42668   5.50    72.59
42680   42679   10.08   52.88
42680   43249   5.00    145.50
42702   42609   13.83   102.82
42702   42821   3.00    26.30
42706   42961   9.91    77.96
42707   42990   14.33   81.83
42707   42586   17.00   48.63
42708   42510   3.00    84.74
42708   42617   6.13    24.62
42711   42702   0.00    6.25
42711   42570   0.00    128.33
42727   42555   8.93    64.65
42760   42552   17.50   47.98
42760   42707   11.50   23.07
42760   43102   11.50   85.22
42792   42947   11.00   51.71
42792   42964   20.00   44.15
42805   42339   3.00    111.70
42807   43114   13.00   76.18
42807   42760   8.67    49.15
42809   42549   6.40    58.74
42809   42863   10.60   39.58
42815   43093   8.50    109.40
42815   42727   15.50   30.51
42821   42825   20.00   23.59
42821   43275   13.21   134.16
42825   42711   14.60   34.36
42833   42708   4.50    25.88
42833   43212   4.15    104.88
42845   43354   12.73   135.99
42845   42807   8.67    52.36
42869   42586   14.60   80.90
42878   42845   8.67    52.95
42878   43320   14.54   117.92
42880   43242   8.80    143.71
42882   42233   0.00    152.01
42888   43186   14.67   111.66
42902   43339   11.76   116.23
42902   42878   11.00   47.20
42921   43462   0.00    141.53
42927   43040   0.00    27.34
42932   43448   10.89   135.59
42932   42902   13.63   50.04
42947   42932   11.50   23.59
42947   42964   0.00    28.12
42955   43398   3.00    115.81
42955   43294   2.00    91.84
42961   42815   7.53    59.79
42971   42726   0.00    59.51
42983   42888   9.07    111.84
42989   43051   11.50   77.55
42989   43452   0.00    119.45
42990   43251   11.18   81.83
43004   42971   0.00    52.08
43004   42718   0.00    69.38
43010   43303   1.00    123.00
43011   42927   5.80    130.99
43011   42641   16.60   89.23
43016   42954   10.00   45.70
43016   42809   0.00    55.37
43025   43178   3.94    114.94
43025   42833   4.42    47.42
43031   42971   0.00    11.10
43040   43004   0.00    41.82
43040   43077   11.50   10.79
43045   43416   10.20   99.72
43055   43031   0.00    51.68
43055   43004   0.00    11.15
43077   43288   4.89    59.61
43077   43055   6.00    42.20
43085   43118   0.00    80.34
43092   42623   3.20    114.48
43093   43296   13.33   88.26
43093   43010   10.20   123.85
43102   43402   12.09   84.55
43112   42600   10.94   144.71
43114   43392   15.11   76.18
43118   42964   8.67    36.28
43142   42961   5.79    62.37
43142   42869   10.92   80.90
43159   43016   9.92    55.89
43159   43250   0.00    49.43
43173   43031   0.00    40.15
43178   43443   8.25    119.42
43186   43285   12.44   29.13
43207   42989   5.17    129.62
43212   43025   1.00    59.19
43242   42805   0.00    112.45
43249   43636   7.15    96.27
43249   43277   9.40    58.46
43251   43142   7.74    49.91
43260   42825   10.38   128.00
43260   43352   20.00   63.59
43261   43287   13.20   112.46
43275   43186   0.00    52.83
43275   43375   0.00    28.89
43285   43683   10.60   95.63
43285   43112   12.00   139.75
43287   43118   11.50   50.55
43288   43740   8.04    104.04
43294   43669   0.00    91.72
43294   43398   11.50   62.91
43296   43523   10.33   88.26
43302   43251   5.20    21.73
43302   43564   16.63   83.99
43303   43555   10.00   93.23
43307   43178   4.90    123.86
43307   43159   3.63    73.95
43320   43354   8.00    52.35
43339   43320   12.00   49.54
43350   43302   11.50   26.06
43350   43491   2.50    32.06
43352   43403   7.00    115.49
43354   43392   14.88   56.64
43374   43011   8.75    97.16
43374   43288   9.08    132.49
43378   43055   0.00    87.09
43388   43092   3.00    79.84
43388   43051   3.00    90.01
43392   43423   6.71    57.15
43396   42882   0.00    135.47
43398   43916   3.00    125.40
43402   43350   10.69   27.39
43403   43753   6.75    114.60
43416   43374   6.83    72.18
43423   43402   8.44    18.57
43443   43738   6.90    117.55
43443   43803   6.40    91.02
43445   43416   6.63    61.96
43445   43212   2.50    71.61
43448   43339   11.25   52.46
43452   43969   10.64   119.33
43457   43392   0.00    20.57
43457   43423   4.67    44.71
43462   44049   0.00    140.55
43484   43536   8.50    93.76
43484   43307   4.10    45.58
43488   43542   10.93   83.07
43488   43926   10.00   129.36
43491   43749   7.06    59.29
43491   43899   7.00    126.97
43512   43889   11.86   84.72
43512   43457   12.00   70.85
43521   43448   10.55   54.55
43521   43287   14.33   57.53
43523   43755   20.00   81.52
43523   43303   0.00    71.47
43536   43911   9.00    95.99
43542   43521   12.13   83.03
43552   43260   9.38    75.52
43555   43242   3.00    78.06
43564   43825   20.00   83.99
43565   43512   8.04    78.24
43596   44091   9.60    132.79
43596   43488   10.55   48.55
43600   43268   7.25    82.26
43600   43636   6.40    64.10
43629   43352   20.00   86.37
43636   43943   8.67    68.36
43636   43740   9.83    133.62
43650   43600   4.67    24.12
43650   43770   0.00    41.08
43669   44096   8.00    91.86
43683   43596   9.07    34.64
43688   43445   5.06    66.03
43710   44041   1.00    94.93
43714   43552   11.20   55.59
43738   43688   0.00    18.10
43738   43828   6.50    39.48
43740   44122   8.31    86.47
43740   43786   9.83    95.54
43741   43565   7.82    79.62
43741   43961   11.50   52.15
43746   43683   9.00    20.50
43749   43954   11.78   46.89
43753   43746   0.00    4.88
43755   43986   20.00   81.52
43765   43207   9.10    136.23
43770   43600   0.00    39.81
43786   43968   0.00    40.83
43786   43808   8.10    37.13
43803   44123   3.00    89.17
43804   43749   11.50   79.10
43808   43877   6.87    90.51
43808   43374   11.36   103.03
43817   43741   11.33   36.67
43825   43794   16.67   18.57
43828   43688   3.00    36.43
43828   43877   2.00    12.19
43858   43629   11.50   84.81
43858   43753   5.18    40.94
43877   44005   3.00    30.90
43889   43804   8.47    79.25
43889   44038   7.80    33.71
43896   43858   20.00   12.88
43896   44245   8.67    111.58
43899   43825   10.75   52.44
43905   43928   0.00    113.92
43911   43484   4.12    99.20
43914   43714   7.57    70.26
43916   44395   10.29   123.94
43926   43817   9.80    126.12
43939   43388   4.88    133.11
43943   43978   0.00    56.59
43943   44054   11.50   24.41
43954   44086   9.82    26.22
43955   43396   0.00    134.87
43961   43889   10.25   146.86
43961   44119   10.29   33.18
43986   43555   0.00    101.16
43995   43765   8.67    52.21
43995   43969   6.43    84.45
44002   43995   6.00    63.66
44005   44255   3.80    59.81
44006   43928   0.00    19.39
44006   44265   3.00    85.21
44018   43954   9.83    78.74
44023   44449   10.75   99.38
44023   44002   7.25    122.02
44031   44023   3.00    32.50
44031   43710   0.00    94.92
44038   44116   5.13    15.40
44041   44031   8.29    50.67
44046   44540   13.00   128.55
44046   44080   9.88    109.02
44047   44046   11.50   27.04
44049   44543   0.00    138.91
44054   44139   0.00    55.22
44054   44389   6.92    79.87
44055   44047   14.60   47.44
44057   44041   8.62    69.41
44057   43911   3.58    32.27
44057   44417   9.20    113.29
44064   43899   11.77   82.81
44064   44055   10.73   48.20
44076   43817   4.88    76.74
44080   44140   3.00    114.96
44080   44349   13.25   97.37
44086   44181   11.00   20.57
44086   44064   0.00    9.35
44090   44437   11.50   83.29
44090   44038   8.30    81.06
44091   43746   8.43    130.87
44096   44400   7.50    74.73
44096   44150   9.38    56.41
44108   43896   9.20    65.38
44116   44018   8.27    78.88
44116   44317   11.72   47.51
44119   44090   13.20   66.21
44119   44558   9.45    110.04
44122   44180   11.95   84.93
44122   44649   11.40   133.90
44123   44412   35.33   78.42
44123   44005   0.00    60.25
44140   44463   4.67    117.01
44150   43714   15.38   117.86
44150   44231   7.68    66.35
44180   44255   5.83    114.55
44180   44685   9.80    132.13
44181   44353   8.08    45.47
44182   43770   7.00    89.41
44184   44262   0.00    20.23
44184   44006   0.00    47.78
44231   43914   11.43   81.70
44231   44304   9.58    68.34
44241   44181   14.33   79.18
44245   44310   6.00    85.92
44245   44631   12.00   141.41
44255   44433   4.63    49.40
44262   44505   0.00    75.99
44265   44074   0.00    56.47
44265   44417   8.75    59.53
44304   44108   8.64    55.27
44304   44511   16.60   139.95
44310   44108   14.33   84.68
44317   44241   3.00    79.34
44317   44406   3.00    23.49
44327   43905   0.00    116.37
44327   44464   0.00    61.99
44339   44393   13.83   87.11
44339   44076   4.20    77.54
44349   44595   9.00    97.37
44353   44557   7.64    51.46
44381   43955   0.00    113.28
44387   44057   9.92    90.32
44387   44449   7.96    91.37
44389   44567   4.71    46.40
44389   44432   0.00    66.77
44393   44119   9.75    90.18
44395   44799   0.00    123.04
44400   44713   6.58    142.96
44406   44497   5.33    22.65
44412   44433   2.33    74.33
44417   44536   10.18   42.60
44422   44353   11.50   78.71
44433   44751   1.95    85.29
44437   44406   7.25    79.69
44444   43939   20.00   131.77
44449   44516   8.11    118.44
44449   44824   4.40    98.62
44450   44437   9.83    25.54
44463   43986   10.00   139.02
44475   44400   8.86    86.70
44483   44698   11.50   85.51
44492   45065   11.50   143.22
44497   44520   11.50   6.21
44497   44422   13.25   78.82
44499   44502   7.00    14.55
44502   44517   0.00    18.95
44505   44825   0.00    119.03
44505   44464   0.00    29.36
44511   44690   10.93   139.53
44516   44002   6.83    124.37
44516   44569   6.10    86.67
44517   44528   5.33    22.30
44520   44678   8.33    42.70
44523   44339   7.93    54.96
44523   44240   24.33   102.21
44528   44567   10.75   62.91
44528   44182   8.33    89.41
44535   44304   9.83    64.78
44535   44475   8.67    86.70
44536   44556   0.00    5.97
44536   44483   7.00    83.01
44537   44520   5.33    60.09
44540   44739   9.38    51.41
44540   44554   22.29   64.59
44543   45046   0.00    139.14
44554   44566   16.60   47.79
44554   44047   13.33   123.65
44556   44719   11.38   47.96
44556   44184   6.14    144.88
44557   44737   9.00    44.31
44557   44607   16.31   79.55
44558   44979   10.22   109.05
44566   44055   12.38   124.85
44566   44557   11.50   57.00
44567   44855   10.75   74.20
44567   44649   5.19    134.82
44569   43995   6.28    143.88
44581   44444   0.00    51.34
44595   44463   25.20   56.35
44607   44678   9.57    79.68
44610   44262   0.00    119.47
44618   44606   11.50   128.46
44618   44523   11.50   26.41
44631   44618   0.00    2.79
44635   44537   10.00   51.61
44647   44438   0.00    73.52
44649   44685   5.70    81.52
44649   44970   9.08    78.91
44678   44867   9.83    46.60
44685   45240   10.94   134.06
44685   44751   8.11    91.72
44690   44631   6.75    15.27
44698   44387   7.88    81.95
44698   44824   11.20   83.88
44699   44959   0.00    67.40
44711   44444   6.75    81.93
44713   44856   15.00   100.02
44713   44917   3.97    62.50
44719   45162   6.38    126.61
44719   44995   7.40    71.08
44735   44535   9.20    57.14
44737   44928   12.58   45.30
44739   44754   15.75   78.40
44739   45168   13.00   124.35
44751   44803   6.33    84.29
44751   45157   3.83    96.14
44754   44554   9.38    49.63
44765   44926   0.00    36.52
44782   44737   6.40    79.28
44799   45246   17.38   123.40
44801   44562   0.00    65.46
44801   44735   9.33    58.53
44803   45144   3.00    138.80
44803   44821   12.89   24.67
44804   44381   0.00    121.65
44812   44517   3.00    75.19
44812   44855   5.50    85.80
44821   44869   7.56    87.01
44821   44987   0.00    78.26
44824   44910   5.56    51.71
44825   44610   0.00    118.37
44855   45267   12.16   96.97
44856   45182   11.50   88.00
44867   45067   8.75    44.83
44867   44782   12.73   79.42
44869   44907   3.00    28.87
44887   44735   7.50    45.82
44907   44951   4.50    64.69
44907   45415   9.00    121.99
44910   45030   13.29   70.94
44910   45242   0.00    81.61
44912   44801   2.00    85.30
44917   45131   6.29    64.19
44926   44930   9.82    56.94
44928   45100   8.67    37.86
44930   44690   8.77    56.43
44951   44959   6.40    12.31
44951   45462   9.69    121.32
44959   44995   8.97    18.96
44961   44595   7.25    107.76
44968   45204   12.35   56.98
44968   44926   11.50   58.69
44969   44537   13.25   105.78
44970   45308   9.06    78.92
44978   44997   13.44   103.21
44978   44930   3.00    13.15
44979   45434   10.22   115.76
44979   44969   15.00   54.42
44981   44928   13.25   78.24
44990   44698   7.45    68.42
44994   45446   10.00   106.28
44994   44979   10.00   43.59
44995   45295   7.17    104.15
44997   45450   0.00    105.94
44997   44994   10.00   56.10
44999   44887   6.25    75.67
44999   45319   8.86    78.09
45021   44711   4.67    81.93
45021   44581   11.50   115.53
45022   45065   10.75   95.25
45030   45122   5.50    50.41
45030   44516   11.92   126.31
45046   45587   0.00    139.11
45067   44981   17.57   78.39
45067   45256   8.13    46.09
45077   44754   5.43    75.72
45087   45077   13.40   47.33
45087   44566   12.72   124.34
45100   45149   15.75   11.71
45100   45087   10.00   57.35
45108   45486   7.11    124.52
45108   44990   7.85    24.60
45109   44999   4.40    76.82
45114   44917   8.86    82.56
45114   44918   13.25   49.68
45131   45442   7.09    91.35
45149   45185   9.58    75.69
45149   45322   8.94    44.34
45157   45305   2.33    39.59
45157   45199   20.00   82.35
45162   44990   7.67    118.79
45168   45377   9.65    60.52
45168   45077   10.00   23.16
45182   45665   7.25    123.09
45185   45256   3.00    75.82
45199   45262   4.67    82.45
45204   45364   11.20   117.03
45204   45644   9.86    96.08
45205   44887   10.67   80.18
45205   45319   10.58   81.44
45214   45131   9.20    23.82
45214   45385   9.72    113.67
45240   45829   9.87    134.06
45246   45587   3.00    98.06
45251   44804   0.00    121.65
45256   45469   7.57    47.12
45256   45286   3.00    37.11
45261   45182   11.00   56.55
45261   45711   8.67    99.78
45261   44856   13.33   94.90
45266   44869   7.50    94.33
45266   45742   6.50    109.29
45267   45700   5.00    96.98
45286   44969   10.00   79.95
45295   45738   7.62    135.72
45295   45162   0.00    35.82
45305   45501   10.67   44.35
45308   45265   3.00    58.62
45308   45530   8.82    49.47
45319   45805   9.00    111.07
45319   45455   7.46    83.99
45322   45541   8.33    47.17
45333   45387   0.00    13.08
45337   45369   10.00   52.52
45363   45087   18.69   64.89
45364   44978   8.84    88.70
45369   44812   11.09   131.00
45377   45363   3.00    16.87
45377   45460   13.25   24.52
45385   45261   11.50   72.70
45385   45114   8.86    66.95
45387   45305   3.00    124.97
45387   45420   1.00    7.50
45391   45021   5.49    100.41
45415   45938   5.00    121.99
45419   44961   0.00    110.16
45434   45444   9.00    25.85
45442   45697   7.90    89.51
45444   45286   0.00    37.81
45446   45448   3.00    14.86
45448   45434   14.00   73.94
45450   45446   8.67    56.68
45455   45657   11.50   43.12
45455   45519   9.20    39.20
45459   45450   11.36   88.07
45459   45364   10.29   23.36
45460   45363   11.50   23.18
45460   45541   9.86    57.71
45462   45982   7.86    121.32
45469   45322   10.79   147.24
45469   45699   11.20   51.80
45486   45757   10.20   123.76
45501   45863   4.00    88.23
45502   45214   11.25   62.50
45519   45644   9.57    73.99
45530   45779   6.67    58.17
45530   45552   0.00    34.70
45541   46148   6.67    138.78
45587   46052   7.40    123.01
45588   45767   0.00    41.37
45593   45501   0.00    130.42
45603   45618   0.00    89.18
45603   45459   7.60    30.86
45604   45980   9.92    116.29
45604   45541   5.90    51.46
45626   45576   6.29    78.32
45626   45853   3.00    56.54
45644   45767   12.29   55.50
45645   45626   2.14    34.46
45645   45369   15.75   61.56
45646   45266   4.86    86.59
45649   45295   12.09   82.32
45665   45817   11.13   45.51
45670   46079   3.00    95.49
45670   45645   3.00    34.22
45697   45205   8.51    109.25
45697   45805   6.41    74.03
45699   45604   13.82   93.12
45700   45670   7.40    53.22
45700   46010   10.73   72.89
45711   46110   7.00    91.83
45711   45730   10.94   89.29
45723   45448   13.50   62.48
45727   45723   8.67    65.42
45730   45665   11.00   32.09
45730   46127   9.22    90.86
45733   45251   0.00    121.69
45734   45444   12.80   70.06
45734   45699   14.33   36.25
45738   45108   6.35    148.30
45738   45989   3.00    81.04
45742   46217   8.17    109.20
45752   45700   8.25    79.09
45757   45391   4.25    94.11
45767   45948   6.88    89.35
45771   46110   13.83   99.61
45771   45502   13.00   126.61
45771   45385   12.71   86.50
45773   46074   7.00    135.37
45773   45502   10.79   61.50
45775   45734   9.80    111.05
45775   45723   10.00   12.59
45779   46161   5.75    86.38
45779   45752   8.67    53.28
45786   45391   0.00    97.20
45805   46001   7.97    126.49
45814   45779   3.00    53.54
45816   45853   3.00    73.88
45816   46323   7.40    110.18
45817   46382   8.30    141.67
45817   45950   0.00    34.01
45829   45814   12.60   27.89
45836   46077   0.00    52.86
45836   45829   9.83    14.06
45853   46366   7.25    109.69
45863   45836   10.29   48.15
45863   46065   3.11    45.10
45883   45419   0.00    110.37
45883   45974   0.00    83.38
45938   46502   7.41    122.12
45948   45603   3.11    80.84
45950   46127   11.13   80.37
45957   46149   0.00    41.70
45957   45863   6.00    137.12
45961   45741   0.00    51.59
45961   45957   3.00    8.81
45969   46226   9.38    101.78
45969   46322   8.10    75.32
45974   46133   0.00    84.38
45980   45734   11.30   113.57
45982   45649   0.00    82.32
45989   46266   6.56    81.04
46001   46062   8.58    37.64
46001   45519   7.00    111.60
46007   45961   7.50    55.19
46007   45646   3.00    86.77
46010   46058   0.00    74.52
46010   46197   8.09    40.75
46011   46334   8.18    140.15
46011   45773   8.80    57.23
46052   46577   0.00    122.93
46055   46128   0.00    49.28
46055   45982   20.00   17.74
46058   45752   20.00   74.61
46062   46330   3.83    84.58
46062   46216   8.67    66.22
46065   46247   4.57    40.08
46065   46135   0.00    58.29
46074   45771   6.75    69.94
46079   46534   3.00    95.49
46098   45950   13.09   38.59
46110   46686   8.17    118.85
46110   46127   7.25    89.03
46119   45775   8.33    118.48
46127   46699   10.62   116.94
46128   46212   0.00    49.81
46133   46147   0.00    76.14
46147   46148   0.00    76.14
46148   46209   6.27    13.39
46161   46250   11.00   18.59
46161   46124   0.00    45.21
46182   45814   3.00    83.33
46189   46011   8.00    46.33
46197   46249   0.00    63.98
46197   46484   6.43    60.68
46208   45733   0.00    121.56
46208   45786   3.00    97.87
46209   46281   8.00    59.43
46209   46566   5.81    74.00
46212   46791   2.50    125.00
46212   46294   6.50    49.15
46216   46473   5.25    108.86
46217   46007   0.00    85.03
46217   46536   5.73    76.60
46226   46722   8.33    105.23
46245   46189   3.00    15.97
46247   46182   0.00    77.21
46247   46387   3.00    27.90
46250   46207   5.50    62.17
46250   46267   0.00    2.32
46267   46315   6.75    11.56
46267   46387   7.25    130.06
46281   46325   11.50   51.97
46294   45738   6.77    122.74
46315   46407   0.00    17.34
46315   46280   0.00    58.28
46322   46466   7.25    30.46
46323   46879   11.20   110.18
46325   46119   9.47    119.74
46330   46482   5.54    82.82
46331   46379   0.00    13.02
46331   46245   8.67    31.39
46334   46074   13.33   53.61
46344   46007   7.25    77.17
46346   45757   4.65    149.52
46366   46930   11.50   109.69
46373   46217   3.83    58.58
46373   46675   8.43    76.49
46379   46245   10.29   30.76
46382   47041   7.64    143.10
46387   46576   10.29   41.08
46389   46189   10.55   83.35
46393   46322   7.69    101.97
46393   45948   7.74    93.17
46407   46355   0.00    58.22
46407   46590   7.86    39.25
46410   46098   9.62    77.02
46414   46119   12.44   68.43
46414   46691   11.50   136.99
46440   46849   10.08   97.36
46466   46473   4.74    107.97
46466   47034   9.20    110.41
46473   46393   6.39    18.93
46482   46331   7.71    123.11
46482   46554   8.33    16.95
46484   46590   0.00    132.74
46484   46676   5.80    39.85
46502   46373   2.00    53.61
46518   46752   10.57   55.91
46526   46850   10.22   76.06
46526   46502   0.00    5.42
46526   46055   4.40    102.16
46536   46871   7.88    76.60
46554   47115   11.53   132.97
46566   46609   10.42   124.11
46566   47008   8.96    86.60
46572   46389   9.82    83.35
46572   46334   14.60   48.99
46576   47196   8.06    124.64
46577   47122   0.00    122.99
46584   45883   0.00    147.17
46590   47095   7.25    99.35
46609   46133   3.00    108.04
46618   46098   11.09   113.15
46623   47075   8.43    127.08
46623   46563   0.00    16.93
46624   46208   0.00    100.80
46638   46576   6.50    107.54
46646   46491   5.14    40.80
46648   46526   3.00    51.46
46648   46128   6.50    113.58
46664   46713   0.00    69.15
46670   46638   9.80    68.59
46670   46344   15.25   76.77
46675   47025   12.67   76.49
46676   46705   0.00    47.61
46676   46713   0.00    8.37
46686   46699   6.75    90.08
46686   47190   8.67    94.31
46691   46325   11.20   79.72
46699   47200   10.93   94.11
46699   46410   11.15   77.02
46705   47032   0.00    59.58
46705   46723   0.00    16.54
46713   46994   11.00   50.79
46715   46379   10.64   88.38
46722   46781   3.00    10.23
46722   46414   9.57    81.42
46752   46216   8.38    119.45
46768   46646   10.60   56.55
46768   47283   8.97    106.69
46781   47160   8.00    72.38
46785   46646   10.29   36.20
46785   47175   13.20   91.98
46787   46715   0.00    21.68
46787   46768   6.75    7.51
46791   46648   11.00   50.69
46814   46715   5.43    19.79
46814   46554   10.63   90.33
46838   46849   3.00    21.45
46849   46879   7.11    27.95
46849   46990   0.00    31.11
46850   47185   9.25    76.06
46861   46294   5.41    113.47
46861   46959   4.67    63.49
46865   46281   7.25    119.49
46871   46670   8.19    66.98
46871   47385   7.75    114.90
46879   46908   4.67    33.48
46886   46787   9.00    38.93
46886   46814   0.00    15.42
46900   46623   7.20    61.13
46900   46785   0.00    26.54
46908   46990   2.33    48.01
46908   46930   8.19    37.55
46923   46865   11.13   108.76
46923   46691   12.00   42.42
46930   46994   7.40    116.52
46931   46609   6.58    72.84
46931   47019   10.16   63.91
46938   46781   12.29   85.28
46959   46346   7.43    148.17
46990   47000   3.00    21.92
46990   47424   9.40    91.19
46994   47477   5.50    90.54
46994   47032   7.00    46.25
47000   47004   3.00    11.66
47000   46838   0.00    35.11
47004   47240   0.00    46.88
47008   47110   9.02    20.50
47012   47606   12.89   112.05
47019   47008   0.00    20.60
47019   47110   20.00   25.80
47025   46871   9.18    56.84
47032   47095   8.53    85.95
47041   47559   7.57    101.94
47051   46923   3.00    26.24
47051   46938   13.83   85.51
47057   47571   6.40    112.67
47057   47025   3.00    9.16
47061   46886   8.94    76.05
47075   46900   20.00   46.36
47075   47165   11.50   18.71
47084   46861   7.50    42.82
47084   46791   7.44    101.48
47092   46624   0.00    100.80
47095   47196   6.20    109.81
47095   47358   7.80    47.36
47115   47243   3.00    22.59
47115   47323   4.40    42.94
47122   47274   0.00    29.86
47130   46752   7.47    114.50
47130   46473   7.63    141.51
47159   47034   6.97    53.65
47160   47159   11.50   39.56
47165   47400   5.13    43.07
47175   47075   7.82    45.36
47183   47165   7.40    82.36
47183   46572   7.43    118.27
47183   47190   5.25    60.77
47185   47708   6.87    113.25
47185   47536   5.70    118.51
47185   47057   6.92    48.61
47190   47200   7.59    89.59
47196   47668   5.91    89.82
47196   47267   10.14   88.41
47199   47538   11.50   61.68
47199   46908   14.33   59.72
47200   47205   9.53    90.07
47205   47220   6.06    94.21
47205   46618   10.83   113.73
47205   47601   7.86    70.98
47209   47248   0.00    15.56
47210   47463   2.00    52.99
47210   47160   10.05   32.11
47224   47084   6.32    27.64
47224   46959   9.71    77.70
47243   47061   13.33   76.05
47248   47274   0.00    11.35
47248   47092   0.00    30.71
47266   47290   7.25    85.28
47266   47051   9.83    51.41
47267   47271   0.00    4.95
47271   47280   10.00   26.58
47274   47299   0.00    7.95
47274   47518   1.00    51.34
47280   47316   11.50   40.04
47280   46638   8.40    121.12
47283   47175   9.96    39.73
47290   46865   8.80    80.69
47290   47110   7.73    65.87
47299   47559   0.00    56.39
47299   47041   20.00   83.95
47302   47782   8.33    95.36
47302   47283   9.28    7.88
47316   47347   0.00    20.67
47316   46957   1.00    73.81
47323   47690   5.44    84.61
47323   47243   4.44    32.74
47330   47304   8.06    30.32
47332   47764   9.57    96.04
47332   46931   5.88    77.18
47332   47351   6.00    79.44
47337   47271   11.50   59.58
47341   47330   5.62    11.01
47341   46584   0.00    147.17
47347   47385   8.67    28.01
47351   47402   14.60   79.98
47358   47331   9.40    42.22
47358   47939   7.94    117.24
47364   47337   13.20   22.78
47377   46886   9.30    112.57
47385   47412   5.22    6.22
47385   47517   20.00   49.04
47389   47266   7.00    37.20
47399   47341   6.00    109.06
47399   47792   8.67    77.50
47400   47637   4.63    42.78
47402   47623   7.13    100.87
47402   47399   5.17    9.03
47412   47877   8.71    110.42
47412   47364   10.00   30.37
47424   47897   9.80    102.82
47424   47538   0.00    32.81
47449   47400   7.56    65.79
47463   47465   0.00    43.94
47465   47159   7.75    55.91
47477   47520   3.00    60.44
47477   47743   9.33    55.27
47490   47248   1.00    50.61
47491   47199   8.67    77.92
47496   47000   4.17    99.96
47507   47389   9.26    71.35
47507   47210   3.00    79.16
47517   47571   0.00    17.99
47518   47628   0.00    20.35
47522   47925   9.80    85.62
47536   48018   10.48   114.95
47536   47827   7.88    115.86
47538   47583   0.00    9.42
47540   47267   1.00    50.21
47546   47412   0.00    48.03
47546   47517   0.00    6.63
47559   47983   14.36   91.72
47571   47708   11.50   49.57
47573   47560   7.17    122.94
47583   47854   11.92   82.63
47593   47302   7.89    118.79
47601   47915   7.25    66.99
47601   47573   7.42    122.94
47606   47992   11.50   108.52
47621   47130   7.44    87.45
47623   47797   9.67    100.98
47628   48106   0.00    108.47
47628   47983   0.00    120.07
47630   47601   6.75    120.92
47637   48065   8.72    87.93
47658   48034   11.50   88.07
47668   47766   9.72    131.26
47668   48002   10.20   69.85
47686   47637   8.67    71.28
47690   48031   5.38    84.61
47708   47740   0.00    16.13
47708   47732   3.00    6.61
47730   47463   15.75   58.30
47730   47917   0.00    67.18
47732   47546   11.50   68.85
47732   48218   9.87    111.55
47740   48018   11.08   98.84
47740   47732   10.29   16.43
47743   47491   9.81    77.92
47743   48151   6.40    78.96
47754   47389   12.44   98.07
47764   47797   13.25   5.96
47764   47658   6.96    83.11
47766   47337   0.00    98.11
47766   47877   11.50   43.54
47782   48043   10.25   90.46
47787   48010   0.00    49.90
47787   47209   3.00    149.38
47792   48150   9.00    69.31
47797   48129   9.06    70.88
47820   47507   8.42    87.64
47827   47787   3.00    45.01
47827   47224   4.84    127.75
47827   48010   55.00   39.56
47842   47593   7.88    118.79
47842   47377   9.47    112.57
47854   48151   13.20   82.44
47862   47490   0.00    83.65
47877   48403   11.54   115.22
47897   48105   0.00    46.11
47900   47881   4.71    126.86
47915   47900   7.00    126.86
47915   48293   6.88    68.85
47917   47953   8.41    10.51
47925   48163   10.25   75.90
47928   48317   10.08   73.33
47928   47630   11.00   64.95
47928   47915   11.50   121.08
47935   48187   11.50   49.63
47936   47465   7.76    94.94
47939   47743   8.10    135.45
47947   47730   9.80    57.16
47951   47496   13.71   99.96
47951   47992   3.00    12.30
47953   48390   15.11   83.74
47953   47947   12.80   16.39
47964   47792   8.53    86.23
47983   48267   9.38    61.82
47992   48163   0.00    53.77
48002   48271   13.27   53.02
48002   47939   6.64    92.89
48010   48465   5.83    90.09
48018   48509   10.00   114.51
48018   48213   14.33   67.94
48026   47546   7.14    113.08
48026   47877   10.75   48.68
48031   47621   6.52    87.17
48034   47754   11.42   96.91
48043   48331   6.63    89.16
48045   47925   9.00    100.09
48046   48026   3.00    9.86
48065   48664   9.14    122.79
48065   48433   7.14    118.57
48105   48564   6.50    110.66
48105   48797   8.10    146.89
48106   48658   0.00    109.69
48129   48466   9.93    68.73
48129   47964   10.25   86.20
48150   48320   10.79   79.06
48151   48227   9.83    18.51
48160   47820   10.53   87.59
48163   48635   10.71   119.84
48187   48403   4.67    77.30
48187   48532   3.00    78.85
48192   48031   3.81    32.42
48192   47842   6.50    142.65
48213   48357   6.92    50.39
48214   48043   0.00    33.72
48218   48046   9.44    60.33
48218   48457   6.00    57.29
48227   48542   8.10    72.35
48267   48300   9.72    33.61
48267   48658   9.94    94.95
48271   48276   4.27    89.11
48271   48534   4.67    58.83
48276   48227   9.00    89.12
48277   48259   5.14    127.22
48293   48277   10.75   127.22
48293   48660   2.00    79.16
48300   48317   12.67   53.71
48300   48684   6.33    90.06
48301   47862   0.00    84.55
48317   48293   9.64    122.31
48320   48466   11.00   78.86
48331   48685   8.43    80.09
48331   48680   7.43    77.72
48357   47827   4.85    117.86
48390   48702   11.50   77.82
48403   48896   9.83    117.52
48420   48728   20.00   124.55
48426   47917   13.47   129.37
48426   48160   9.38    73.94
48430   48390   13.83   71.16
48430   47936   7.20    94.94
48431   48034   7.10    82.09
48431   48569   11.20   75.41
48433   48680   12.06   117.13
48454   47842   11.00   128.16
48457   48678   11.50   57.18
48465   48877   6.33    88.99
48466   48784   6.43    76.60
48483   49090   6.86    119.53
48509   48757   12.00   59.37
48509   48218   10.57   112.55
48513   48784   7.33    142.59
48532   48860   7.40    77.85
48534   48542   9.86    131.07
48534   49140   7.27    128.04
48536   48046   6.44    113.25
48536   48403   9.53    58.25
48542   49205   8.70    142.99
48550   47951   4.67    128.20
48564   49100   5.75    112.95
48569   48160   5.64    98.08
48603   49027   8.81    91.70
48603   48569   0.00    7.26
48635   49238   13.89   121.63
48658   48693   3.00    6.81
48660   49106   8.00    84.85
48664   49062   6.46    75.70
48669   48317   6.56    75.27
48669   48660   8.35    124.22
48670   48509   13.73   67.26
48670   48213   11.50   113.68
48678   48536   6.38    59.38
48678   49036   9.94    78.99
48680   48861   9.44    31.83
48684   48669   12.07   89.91
48685   49081   6.88    80.09
48693   48684   7.25    42.77
48693   49162   0.00    86.41
48696   48192   6.73    106.10
48702   48730   7.25    74.40
48728   49139   8.67    112.46
48728   49020   0.00    74.75
48730   49027   11.03   78.84
48730   48426   8.33    71.18
48757   49014   9.00    57.34
48757   48457   12.71   113.98
48784   49185   5.68    102.81
48797   49120   0.00    66.21
48797   49100   0.00    75.37
48807   48513   5.17    143.12
48819   48357   4.44    112.01
48819   48670   9.80    50.05
48860   49140   8.67    82.53
48860   49060   3.00    75.14
48861   49273   7.10    77.06
48861   49254   11.50   95.76
48863   48301   8.00    113.14
48877   49039   8.83    58.67
48889   49269   0.00    98.14
48896   49060   10.94   39.91
48911   48430   8.40    114.93
48968   48877   0.00    79.41
48968   48863   0.00    19.35
48990   48664   6.42    117.68
49014   48678   11.60   113.71
49014   49387   9.25    77.65
49020   48676   9.79    106.01
49027   49233   11.16   92.08
49030   48896   15.75   51.67
49036   49415   10.21   78.99
49039   49173   6.96    49.69
49039   48819   10.64   79.96
49050   48431   9.65    138.40
49060   49332   9.43    53.36
49060   49415   11.08   117.30
49062   49558   9.18    94.60
49062   49597   6.20    96.17
49079   48475   6.36    120.72
49079   49090   10.07   65.55
49080   49079   3.00    30.59
49080   49062   9.06    121.03
49081   48454   9.60    128.99
49081   49800   8.64    138.02
49090   49106   10.00   74.04
49093   48603   10.27   99.08
49100   49267   0.00    28.67
49106   49489   10.79   67.50
49106   49132   10.24   122.93
49120   49267   12.60   42.30
49120   49596   9.80    93.94
49130   49502   10.69   110.56
49132   48669   12.67   85.96
49132   49162   9.06    133.74
49139   49565   5.50    112.51
49140   49205   7.14    15.11
49162   49532   11.50   67.58
49165   49120   3.00    25.01
49165   48550   9.07    128.25
49172   49363   10.24   61.56
49173   49451   7.50    105.27
49185   49653   6.88    103.79
49205   49308   20.00   25.81
49233   48911   11.93   110.82
49238   49243   3.00    24.01
49243   49165   0.00    17.03
49254   49640   10.87   95.76
49256   48696   7.18    105.98
49267   49360   20.00   31.63
49269   49784   0.00    101.61
49273   49667   8.91    77.06
49291   48968   7.25    58.11
49308   49454   20.00   35.41
49326   49014   8.11    105.69
49332   49792   10.39   119.57
49332   49363   0.00    6.56
49352   49020   7.73    86.12
49360   49454   2.38    22.34
49360   49308   0.00    38.05
49363   50002   11.00   146.32
49373   49238   9.80    27.64
49373   49243   0.00    26.76
49387   49736   9.63    77.65
49397   49233   7.52    102.63
49415   49736   9.12    115.27
49415   49938   12.32   120.81
49449   49291   12.71   75.31
49451   48819   8.59    134.81
49451   49482   9.13    12.27
49454   49596   6.30    45.10
49454   49657   10.25   49.09
49482   49620   9.22    76.00
49482   49862   11.15   74.82
49489   49515   7.44    128.45
49489   49627   11.50   25.31
49502   49819   9.80    89.14
49502   49020   11.15   93.30
49507   49093   9.27    96.07
49515   49532   6.40    128.45
49532   49799   8.67    50.07
49554   49397   9.22    102.65
49554   49507   0.00    15.00
49557   49050   8.77    134.20
49557   49507   3.00    16.05
49558   50004   7.00    94.52
49565   49746   0.00    38.25
49593   49597   11.88   119.74
49593   49080   11.04   92.26
49596   49658   6.08    23.56
49596   49657   0.00    11.55
49597   50017   10.61   84.22
49608   49557   11.50   12.30
49608   49554   8.53    32.28
49612   49593   11.33   77.96
49614   49449   11.50   75.31
49614   49173   10.78   81.91
49614   49862   11.92   115.05
49620   49827   7.57    76.99
49627   49765   3.50    25.54
49627   49612   10.29   77.96
49640   48990   8.24    124.54
49644   49373   5.33    54.51
49653   49608   9.79    98.64
49657   49706   0.00    11.32
49658   49697   4.84    20.78
49658   49165   8.20    98.49
49665   49352   8.69    86.14
49665   50101   3.00    98.07
49667   50051   6.43    81.21
49667   50025   7.88    77.65
49676   49934   8.90    134.14
49676   49291   0.00    73.41
49697   49644   3.00    24.59
49697   49767   6.50    16.92
49706   50289   4.57    129.15
49706   50002   8.67    112.03
49736   49827   0.00    29.92
49736   50260   10.37   127.69
49743   50028   0.00    96.19
49746   50203   5.29    102.47
49765   50049   15.46   59.42
49767   49855   0.00    24.87
49776   49081   7.81    129.90
49782   49765   7.52    128.34
49784   49665   0.00    32.96
49786   49565   7.00    41.16
49786   49746   0.00    22.68
49792   49938   20.00   60.91
49792   50291   10.56   125.08
49799   50083   11.50   59.47
49799   49782   8.67    128.34
49800   49256   4.56    106.01
49819   50101   11.50   89.14
49827   50227   7.29    103.85
49855   49644   7.25    41.10
49855   50125   3.00    60.43
49862   50176   6.40    67.81
49862   50072   10.93   110.33
49928   49603   10.41   140.52
49928   49502   8.67    89.03
49934   49614   9.76    66.77
49934   50176   9.64    117.11
49938   50408   12.17   112.82
49965   50028   0.00    30.13
49972   49786   0.00    46.06
49972   49784   8.76    60.70
50002   50291   11.88   65.17
50004   49640   7.83    75.71
50017   50104   5.43    19.00
50017   50031   9.89    117.33
50025   50385   11.20   77.73
50028   50104   0.00    54.99
50031   49593   8.94    88.32
50031   50034   9.57    38.27
50034   50049   10.49   105.84
50049   50068   15.21   120.88
50049   50327   9.12    58.05
50051   50447   8.67    81.21
50068   50723   15.56   146.72
50068   50078   10.38   97.89
50072   50404   9.00    80.42
50072   49827   15.00   76.08
50078   50079   3.00    12.98
50079   50157   0.00    28.47
50079   50083   6.25    24.48
50083   50157   5.40    14.67
50083   50091   10.62   14.40
50091   49676   9.80    83.77
50101   50426   0.00    69.54
50101   50415   11.29   93.93
50104   50425   3.92    65.06
50125   50304   0.00    37.72
50157   50674   0.00    103.79
50163   49800   6.69    78.21
50163   50268   8.31    106.84
50176   50734   8.33    112.76
50179   49658   6.00    115.96
50181   49928   8.08    79.90
50195   49928   8.00    84.24
50203   50304   3.00    26.28
50203   50125   1.00    20.30
50227   50404   14.33   79.20
50227   50314   0.00    20.09
50245   50091   8.86    33.47
50245   50510   9.54    115.83
50260   50314   8.00    28.02
50260   50811   7.57    124.97
50289   50906   5.50    128.92
50291   50673   5.55    76.82
50304   50551   0.00    45.44
50304   50381   3.82    15.33
50314   50672   0.00    67.70
50317   50034   13.20   63.00
50326   50072   8.67    62.09
50327   50743   9.52    80.46
50327   50317   10.88   89.01
50331   49972   9.17    108.27
50331   50203   7.63    33.53
50381   50331   0.00    12.65
50381   50541   11.50   32.06
50385   49776   9.40    129.90
50397   50195   3.00    74.86
50404   50791   8.86    81.81
50408   50673   9.88    59.01
50408   50811   10.00   122.34
50415   50744   11.50   93.93
50422   49767   9.07    145.87
50425   50459   3.00    4.01
50426   50570   3.00    28.20
50431   50425   9.79    116.35
50431   50031   9.88    80.59
50440   50004   7.10    90.00
50440   50447   5.14    82.99
50447   50486   8.86    91.55
50447   50947   17.73   101.56
50451   50181   13.20   79.90
50451   50426   0.00    18.57
50459   50440   3.00    87.26
50459   50909   5.50    88.12
50486   50385   7.00    17.16
50486   50535   9.00    81.15
50510   49934   11.35   114.83
50535   50163   5.92    73.61
50541   50744   19.33   44.49
50541   50331   0.00    38.05
50551   50381   4.88    35.04
50558   50656   9.92    69.63
50558   50451   11.50   20.87
50567   50078   9.22    104.83
50570   50558   0.00    20.13
50599   50722   11.50   79.56
50656   50722   20.00   107.49
50656   50397   6.40    75.69
50672   51063   3.00    86.21
50673   51045   9.80    76.71
50674   51179   0.00    103.79
50720   50179   10.00   115.96
50722   50954   2.00    70.75
50722   50790   3.00    16.80
50723   50743   10.29   39.34
50734   51023   20.00   56.77
50734   50510   12.64   114.01
50743   50778   8.09    7.04
50744   51068   8.33    75.16
50747   50245   11.72   99.58
50778   50832   14.93   60.85
50778   50839   11.59   11.28
50790   51257   13.20   95.11
50790   50671   11.50   71.77
50791   50810   9.80    62.88
50791   51063   11.20   61.03
50810   50326   11.50   104.46
50810   50836   12.06   102.36
50811   51427   8.91    138.86
50821   50570   1.50    78.17
50827   50723   0.00    20.40
50827   51058   8.14    76.07
50832   50317   9.60    105.13
50832   50891   11.50   80.16
50836   50734   10.29   59.15
50836   50326   13.25   109.88
50839   50827   11.50   29.87
50867   50551   6.27    68.77
50890   50747   8.89    112.51
50890   50510   14.33   77.18
50891   50431   9.72    88.70
50906   51536   0.00    129.36
50909   51346   9.00    88.10
50923   50440   10.24   95.39
50947   51462   7.31    101.60
50954   51214   11.50   75.66
50998   50656   13.85   97.03
51001   50486   10.78   104.53
51009   50954   0.00    15.04
51009   50790   11.50   68.72
51023   51590   10.94   112.69
51023   50890   12.14   112.98
51031   51058   14.33   17.18
51031   50567   10.67   104.83
51045   51427   8.24    76.71
51051   50535   7.16    106.08
51058   51123   0.00    16.89
51063   51099   8.23    7.80
51063   51116   2.60    91.47
51068   51319   7.25    76.59
51068   50821   3.00    78.17
51082   51179   11.33   83.65
51082   51031   0.00    11.82
51099   50672   11.21   93.32
51116   51393   0.00    94.55
51123   51798   6.20    130.90
51123   51082   11.50   13.18
51131   50422   4.38    146.51
51147   51099   0.00    92.48
51160   50890   3.00    56.43
51160   51448   11.38   67.86
51179   51915   10.90   139.13
51214   51499   11.50   67.26
51241   50891   9.24    73.54
51241   51346   9.04    115.83
51255   50720   8.58    116.11
51267   51214   0.00    16.60
51267   51009   10.00   74.95
51268   50839   10.64   89.81
51306   51448   10.60   95.07
51306   50747   9.82    114.53
51319   50998   20.00   97.03
51322   51394   11.00   79.22
51341   51711   11.32   73.60
51341   51023   10.80   116.68
51346   51395   8.04    60.89
51346   51945   8.22    112.32
51393   51341   3.00    14.78
51393   51560   0.00    38.09
51394   51241   3.00    24.84
51395   51444   7.13    52.57
51395   50923   5.77    95.39
51426   51503   0.00    29.75
51426   50867   6.83    124.62
51427   52098   8.63    133.37
51444   51462   10.13   23.30
51444   52043   7.95    112.31
51448   51730   8.63    66.84
51449   51147   6.70    95.65
51449   51393   0.00    13.13
51462   51534   8.45    98.71
51499   51815   9.80    91.13
51503   51520   15.75   117.00
51504   51590   13.64   90.70
51504   51160   3.00    66.31
51512   51426   3.00    16.71
51512   51503   0.00    36.53
51520   50867   14.33   147.20
51534   51001   8.00    104.53
51534   51584   8.41    78.08
51536   52220   2.33    129.63
51554   51267   14.33   68.76
51554   51499   0.00    15.34
51560   52114   11.89   135.16
51560   51449   1.00    25.07
51570   51319   9.20    68.77
51570   51520   6.50    39.27
51584   51051   6.01    106.09
51590   51711   11.43   111.24
51590   52239   10.94   116.10
51608   51099   9.86    113.23
51663   51554   11.17   34.80
51682   51512   12.55   46.27
51682   51845   7.25    37.15
51695   51257   3.00    106.46
51711   51818   9.52    67.30
51711   52385   12.12   116.02
51727   51768   13.27   54.89
51727   51268   10.23   89.81
51730   51504   11.60   66.32
51768   51867   12.29   101.10
51798   51727   7.96    47.38
51815   51570   11.50   96.75
51815   52007   8.25    102.25
51845   51897   5.50    16.32
51860   51255   8.19    116.53
51867   51945   7.20    114.93
51867   51394   9.89    89.56
51875   51682   8.33    32.58
51875   51845   0.00    22.74
51897   51977   12.59   14.76
51897   51131   6.00    147.12
51910   51875   8.55    7.68
51915   51798   7.28    73.28
51915   52488   8.33    101.51
51926   51915   0.00    11.70
51926   51306   6.86    116.20
51945   52043   6.50    115.50
51945   52566   9.26    107.50
51972   51910   11.40   114.55
51977   52111   11.05   37.13
51977   52041   11.50   10.46
51988   51663   5.43    83.60
51988   52143   0.00    26.17
52007   51972   9.00    90.59
52024   52132   0.00    65.46
52041   51860   0.00    71.59
52041   52132   0.00    15.20
52043   52772   7.02    128.12
52043   52120   6.80    83.03
52059   51988   10.56   29.97
52065   51972   6.50    15.70
52065   52102   7.80    90.24
52069   51910   11.50   29.44
52069   52065   10.50   118.64
52078   51730   9.00    59.15
52078   51926   9.06    114.71
52092   52244   9.00    135.02
52092   51774   9.43    89.98
52098   51608   12.56   112.79
52102   52007   8.67    15.89
52102   52059   8.33    59.36
52111   52069   0.00    14.82
52114   52621   5.08    134.37
52120   52163   7.27    41.81
52132   52562   6.75    76.42
52143   52059   0.00    23.58
52143   52544   11.50   112.89
52144   52078   6.00    43.84
52144   52455   0.00    57.15
52163   52205   8.13    59.12
52205   51584   8.85    113.88
52220   52910   7.57    129.64
52239   52144   9.29    67.07
52239   52774   12.48   98.05
52246   51663   9.80    113.80
52246   51695   6.78    107.72
52284   51768   11.50   85.84
52284   52488   9.36    138.34
52291   51860   7.88    78.42
52385   53008   12.07   115.49
52385   52239   9.31    111.47
52434   52163   10.00   47.33
52483   51867   9.89    107.43
52488   53109   1.00    115.29
52518   52548   9.00    70.60
52518   53045   21.78   114.65
52522   51818   8.67    122.22
52522   52385   8.42    112.87
52544   52781   7.40    63.71
52544   52754   15.00   70.75
52548   52582   10.29   92.81
52548   52065   10.64   83.59
52559   52636   15.13   81.14
52559   52120   11.20   77.57
52562   52701   0.00    26.35
52566   53152   6.03    107.50
52575   52726   6.46    113.07
52575   51926   12.71   114.87
52578   52111   11.50   87.12
52578   52562   0.00    13.14
52582   52603   10.29   60.28
52598   52092   9.07    103.36
52601   52143   6.00    87.11
52603   52601   15.00   31.71
52615   52578   0.00    17.90
52615   52518   9.80    72.79
52621   52829   9.70    42.09
52621   52656   5.60    42.01
52636   52205   6.59    82.32
52656   52522   7.86    107.87
52656   53279   10.92   117.02
52701   52713   0.00    16.21
52701   52955   6.00    51.10
52704   52246   10.08   123.66
52704   52598   0.00    18.84
52705   52291   10.55   78.42
52713   52615   10.50   25.76
52713   52578   0.00    24.20
52726   52850   10.67   96.21
52726   52078   11.67   116.69
52740   52746   14.14   108.41
52746   52704   0.00    20.70
52746   52598   11.00   29.47
52772   53226   8.44    86.04
52772   52810   8.67    52.23
52774   52850   20.00   26.49
52781   52601   3.00    40.31
52829   53048   0.00    68.92
52850   52876   0.00    4.44
52870   52559   9.43    110.92
52870   52636   5.67    45.36
52876   52943   0.00    17.80
52889   52910   0.00    24.70
52889   52705   3.00    33.17
52894   53008   7.00    94.98
52894   52774   0.00    26.97
52910   53048   8.08    28.23
52910   52829   1.00    68.25
52943   52894   11.50   23.98
52943   53399   9.50    86.09
52955   53238   6.67    60.82
52992   53036   7.73    35.62
52992   52284   9.00    127.83
53008   53566   7.80    100.53
53008   53126   9.93    97.30
53010   53244   10.80   83.67
53036   53556   10.67   94.59
53036   53109   6.88    64.72
53037   52889   2.50    34.80
53037   52705   0.00    60.58
53045   53643   11.30   116.22
53048   53540   11.00   91.72
53048   53106   0.00    22.82
53053   53107   7.86    34.46
53053   52582   11.50   84.47
53072   52992   8.47    99.43
53072   52483   9.79    107.43
53073   52522   11.83   102.48
53073   53126   2.00    21.85
53106   53147   2.45    15.28
53106   52889   6.40    43.75
53107   53118   20.00   24.79
53109   53822   0.00    129.88
53109   53117   8.86    10.50
53117   53257   7.89    115.82
53117   52575   1.00    101.67
53118   53195   8.80    128.09
53118   52603   10.00   93.36
53126   53223   0.00    23.83
53129   53037   9.80    22.87
53129   53221   2.00    30.00
53144   53113   0.00    19.56
53147   53037   0.00    33.37
53147   53221   0.00    21.93
53152   53072   8.33    113.64
53152   53597   8.56    77.43
53162   53243   9.00    68.18
53162   53073   2.50    22.52
53195   52781   4.88    99.22
53210   53580   3.00    115.27
53221   53258   2.58    8.94
53223   53162   15.14   24.50
53226   53152   12.50   113.70
53226   53547   12.04   53.86
53238   53129   11.50   27.79
53243   53806   12.29   100.62
53243   53279   12.13   26.32
53244   53268   0.00    6.44
53244   52548   8.67    129.20
53247   53705   10.20   102.76
53247   53010   6.50    84.89
53249   53281   0.00    30.81
53252   53249   0.00    20.66
53257   52726   14.33   99.85
53257   53399   10.79   112.22
53258   53310   11.50   42.01
53258   53584   0.00    73.47
53268   53053   9.38    76.51
53279   53416   7.77    90.73
53281   53386   7.25    45.35
53300   52920   3.00    87.32
53310   53238   7.25    17.59
53310   52713   7.42    126.15
53320   53226   6.82    128.29
53320   52870   5.59    92.23
53338   53685   6.00    61.25
53338   53210   8.67    113.75
53377   53470   7.76    29.15
53386   53701   10.50   146.21
53399   53936   11.57   97.99
53416   53858   20.00   81.91
53416   53460   9.50    22.97
53446   53144   6.52    134.90
53491   53798   7.00    92.52
53491   53107   10.56   84.70
53508   53072   8.56    76.17
53509   53386   0.00    18.23
53509   53859   6.50    93.49
53518   53281   1.89    37.89
53540   53858   0.00    75.83
53540   53995   9.80    88.33
53547   54105   12.04   101.09
53547   53606   8.67    112.72
53556   54056   17.00   94.59
53566   54079   9.58    96.52
53566   53399   10.70   110.66
53580   53910   11.07   115.45
53584   53310   9.80    44.34
53584   54316   8.53    133.12
53597   54012   8.25    77.43
53606   53320   7.21    50.78
53613   53195   6.50    91.66
53638   53790   12.86   114.65
53638   53117   0.00    93.85
53643   54302   10.73   117.69
53685   53796   7.67    21.55
53685   53781   8.86    120.44
53699   53566   10.85   111.40
53699   53223   9.80    84.83
53701   53886   8.56    145.35
53705   54171   8.43    102.94
53707   53338   14.67   110.46
53717   53446   20.00   134.60
53780   54306   11.00   104.20
53781   54007   8.00    77.58
53790   53257   13.20   94.78
53790   53936   9.80    111.06
53796   54292   10.27   91.90
53798   54171   9.00    105.12
53798   53268   5.83    118.89
53806   53699   11.33   82.75
53822   54528   0.00    129.92
53826   53106   8.85    134.37
53833   53806   20.00   18.31
53837   53707   11.50   41.91
53837   53943   0.00    27.67
53851   53717   7.25    133.69
53858   53916   0.00    11.67
53859   54420   10.60   96.45
53868   53370   7.67    96.06
53869   53833   5.33    130.35
53869   53699   4.40    33.39
53871   54158   9.40    50.64
53871   53833   3.00    40.07
53886   54051   6.40    145.10
53904   53508   9.60    76.17
53910   54313   8.22    122.93
53914   53871   11.11   41.48
53914   54017   0.00    19.22
53916   53914   3.00    15.94
53916   54017   5.50    17.48
53923   53509   7.14    78.70
53929   53491   8.33    101.46
53936   54079   8.89    113.16
53936   54568   11.62   114.04
53943   53707   3.00    45.06
53966   53929   2.50    77.50
53994   53613   6.43    91.65
53994   53966   7.67    77.49
53995   54469   0.00    88.31
53996   53851   5.41    133.70
54007   54258   9.20    77.58
54012   54105   12.25   114.55
54012   54684   6.93    119.69
54012   53904   8.95    115.36
54017   54318   15.00   54.44
54041   53247   11.20   142.95
54041   54302   12.20   68.07
54051   54213   7.46    145.03
54054   54672   10.74   144.61
54056   54086   0.00    64.03
54056   54528   5.00    98.62
54079   54713   10.07   115.45
54079   54237   14.45   110.96
54086   53904   9.82    30.57
54105   54151   5.33    69.89
54109   53837   11.50   84.74
54142   53996   5.55    133.69
54151   53606   6.85    114.85
54171   54542   9.81    87.01
54171   54433   8.50    86.27
54198   53798   9.06    86.56
54211   53781   14.33   81.48
54213   54358   6.00    145.03
54237   53869   10.25   63.17
54237   54366   12.50   99.49
54245   54151   7.00    17.60
54245   54737   3.14    144.91
54246   53929   5.33    69.41
54246   54581   8.63    96.06
54258   54449   9.20    62.17
54258   53910   18.00   70.08
54266   53796   1.67    119.56
54289   53638   10.24   118.62
54292   54772   8.50    91.90
54300   54358   0.00    9.51
54300   54142   5.67    133.76
54306   54351   7.38    100.26
54313   54685   3.00    122.94
54316   54351   2.33    6.25
54316   53868   8.00    94.61
54318   54469   0.00    33.48
54318   54476   0.00    31.99
54343   53518   15.00   149.68
54351   54551   4.00    39.83
54354   54300   6.56    43.77
54358   54475   3.00    82.86
54366   54990   7.90    114.61
54366   54476   10.54   84.65
54385   53923   11.00   78.70
54385   54343   1.00    42.03
54393   54054   10.51   109.05
54420   54385   3.00    42.33
54420   54821   0.00    76.98
54428   53994   11.33   99.47
54433   54041   10.53   88.70
54437   54289   10.00   114.96
54437   53790   12.00   118.14
54449   54842   0.00    77.39
54449   54790   9.77    116.98
54469   54521   6.33    19.77
54469   54522   0.00    10.28
54475   54720   7.25    84.18
54485   54258   0.00    51.63
54507   53943   9.36    102.89
54521   55097   3.00    103.47
54521   53826   9.59    133.95
54522   55268   25.90   135.96
54522   54476   2.00    26.77
54528   54890   6.40    67.46
54531   54105   9.38    78.13
54536   54354   4.88    90.91
54542   54861   7.30    85.87
54551   54302   8.73    65.67
54551   54615   0.00    15.88
54560   54109   15.75   102.08
54568   54437   9.00    112.40
54568   55224   10.79   117.12
54581   54198   8.80    86.56
54599   54086   9.28    91.75
54607   54246   8.17    89.02
54609   54522   0.00    21.42
54609   54521   5.67    16.10
54615   54738   9.00    79.54
54615   54660   0.00    8.03
54641   54211   10.86   81.58
54641   54485   10.16   76.51
54643   54109   2.00    101.14
54653   54684   0.00    46.15
54660   54728   0.00    38.57
54660   54951   6.80    58.48
54672   55308   8.10    144.46
54684   55214   6.10    92.36
54685   55077   0.00    122.92
54713   54568   13.25   111.41
54713   55180   12.44   83.36
54717   54245   8.24    96.44
54720   54901   0.00    50.19
54737   54393   0.00    109.71
54738   54892   7.27    79.84
54752   54343   0.00    75.03
54772   54641   9.30    79.67
54772   55425   9.50    112.74
54784   54385   3.00    75.94
54790   55165   9.20    116.98
54805   54420   20.00   83.23
54821   55297   0.00    76.98
54835   54237   9.09    113.89
54835   54713   13.39   108.42
54842   55331   14.20   83.11
54852   54536   7.07    92.56
54861   55154   5.06    143.09
54890   55544   0.00    106.85
54892   54919   7.33    84.23
54901   55437   4.67    131.44
54901   54852   3.00    14.64
54905   54289   8.11    114.63
54905   54890   11.00   11.73
54908   54266   6.43    123.08
54908   54772   5.50    77.38
54919   54861   8.00    84.39
54951   55103   12.73   81.88
54951   55450   10.89   87.58
54968   54995   0.00    13.01
54968   54531   8.05    78.13
54986   54607   9.36    89.12
54990   54835   8.88    102.05
54990   55431   9.20    73.08
54995   54717   7.46    54.77
55027   55479   20.00   77.67
55027   54560   15.75   86.20
55064   54507   10.22   102.51
55064   54908   9.83    75.03
55077   55230   11.20   47.68
55077   55141   0.00    12.61
55079   54437   10.21   116.10
55079   54905   10.53   114.22
55093   54609   8.27    87.99
55097   55316   7.80    75.81
55103   55198   20.00   81.64
55115   54485   10.39   114.15
55118   55407   6.22    47.56
55125   55939   9.47    135.99
55125   54599   10.79   91.75
55141   55290   8.50    69.36
55154   54581   9.87    118.55
55154   55789   9.33    137.98
55154   55443   8.88    46.70
55165   55323   0.00    26.28
55165   55290   0.00    33.83
55178   54752   1.00    75.02
55180   55346   6.50    40.51
55190   55331   7.67    65.10
55190   54842   3.00    105.04
55194   55064   1.67    75.01
55194   54643   26.00   101.14
55195   55443   11.00   129.23
55195   55761   8.73    93.23
55198   54892   10.00   61.09
55198   55195   8.25    125.86
55202   54995   8.93    40.88
55202   54968   7.66    39.66
55214   56038   7.32    135.55
55214   55125   11.72   113.89
55224   55911   11.04   115.49
55224   55079   10.78   111.77
55230   55681   8.67    127.81
55232   55178   8.73    42.68
55232   54784   8.00    75.94
55261   54641   9.33    112.51
55268   56055   3.00    135.93
55278   55407   20.00   108.84
55280   55141   10.00   29.12
55280   55230   10.00   32.53
55290   55323   13.20   16.75
55290   55399   0.00    31.62
55295   54835   9.83    74.93
55297   55232   0.00    40.98
55300   55489   9.38    33.13
55308   54852   4.23    112.16
55315   55202   3.00    18.37
55315   55214   8.38    104.64
55316   55951   11.00   117.64
55316   55489   19.00   60.12
55317   55221   0.00    22.61
55322   54805   10.00   84.34
55322   55297   0.00    20.89
55323   55447   11.50   62.80
55323   55483   13.67   26.80
55331   55668   14.33   57.05
55342   54560   12.29   145.82
55342   55194   2.00    72.95
55344   55178   0.00    25.72
55346   55224   11.38   91.41
55346   55578   5.75    42.19
55369   55027   14.00   69.09
55369   55317   0.00    14.39
55390   54737   6.25    119.20
55395   55180   0.00    38.15
55399   55280   11.50   55.20
55399   55608   0.00    56.91
55405   55504   0.00    22.73
55407   55322   0.00    76.25
55412   54609   0.00    143.56
55412   55097   11.50   62.79
55425   56069   11.13   112.74
55431   55714   1.00    48.51
55431   55295   8.75    99.51
55435   55344   10.00   73.85
55437   55934   2.33    131.44
55443   55929   8.03    86.46
55447   55668   15.00   111.50
55447   55190   11.50   74.14
55450   55766   9.41    56.69
55479   55342   0.00    63.91
55479   56146   10.75   121.09
55483   55807   10.80   58.38
55483   55399   8.67    34.40
55489   55874   8.67    75.02
55504   55553   0.00    13.09
55535   55479   0.00    32.96
55535   55369   0.00    41.02
55544   56154   7.56    106.92
55551   55295   13.90   42.31
55551   55395   7.00    90.71
55553   55594   0.00    27.70
55553   55369   0.00    37.99
55555   55064   12.67   82.65
55569   55789   10.56   55.24
55578   55395   3.00    43.95
55594   55535   0.00    33.49
55606   55412   1.00    40.52
55606   55093   4.86    87.97
55622   55684   0.00    49.20
55622   55435   7.56    86.60
55626   55594   0.00    7.40
55632   54905   0.00    117.78
55643   55079   5.80    91.76
55668   55785   10.00   62.33
55681   56088   11.17   127.81
55696   55483   4.75    119.03
55698   55344   20.33   56.81
55698   55715   0.00    22.30
55714   55826   3.00    78.20
55714   55919   2.00    35.91
55735   55553   1.86    41.32
55735   55626   3.00    50.59
55752   55735   0.00    4.28
55758   55794   0.00    27.51
55761   55986   11.29   72.39
55764   55608   0.00    26.68
55766   55827   5.83    11.44
55772   54908   8.83    147.08
55776   55643   0.00    23.81
55776   55795   0.00    14.60
55777   55194   3.00    98.39
55781   55198   7.25    98.34
55781   55766   11.20   87.68
55785   55910   12.00   72.42
55785   55115   6.60    113.93
55789   56094   13.20   81.33
55789   55915   8.67    23.38
55791   55551   7.25    41.04
55794   55435   10.00   60.27
55795   55643   1.00    29.32
55795   55911   7.25    93.00
55807   56141   13.60   62.53
55807   56048   14.33   119.30
55824   55626   0.00    41.17
55824   55752   0.00    39.20
55827   56260   6.43    85.38
55854   55308   6.53    142.29
55869   55342   10.00   91.20
55874   56299   8.10    79.50
55874   56061   2.33    61.50
55883   55795   3.00    26.42
55883   55776   0.00    20.33
55905   55696   8.86    119.15
55905   55785   0.00    23.10
55910   55261   12.44   112.49
55910   56069   12.36   78.73
55911   56200   11.95   50.91
55911   56072   13.21   112.00
55915   56304   7.12    66.43
55915   56211   12.89   81.43
55919   55791   11.00   100.68
55919   56359   3.56    76.21
55929   56332   4.67    84.67
55934   56428   7.25    131.48
55938   55752   12.57   41.19
55939   56154   11.50   37.99
55939   56038   8.17    113.48
55958   56299   11.50   130.66
55967   55761   10.00   70.39
55986   56444   11.29   91.14
55986   55781   8.75    81.98
55987   55315   6.20    132.91
55992   55622   23.33   64.50
55993   55772   11.00   40.30
55993   56559   10.00   109.94
56024   55772   8.67    82.80
56024   55555   8.25    82.83
56033   56076   0.00    34.26
56033   55698   26.50   59.06
56038   56248   7.48    36.49
56048   56282   11.72   119.30
56050   55910   0.00    23.13
56050   56685   11.29   127.61
56050   55905   15.00   71.94
56055   56719   9.13    135.62
56061   56215   20.00   62.05
56061   55307   10.50   138.73
56069   56181   5.33    23.16
56071   55390   8.10    119.44
56071   56303   10.56   69.63
56072   56220   8.00    111.07
56072   55578   9.86    84.69
56083   55608   9.25    145.34
56088   56480   3.00    127.80
56094   56211   0.00    20.87
56094   56177   3.00    23.06
56141   56300   12.38   72.36
56141   56899   10.82   147.53
56146   55824   12.69   131.41
56154   56856   0.00    132.30
56160   55794   7.75    65.96
56166   55606   7.94    101.93
56181   56050   8.23    78.66
56181   56343   11.18   28.44
56200   56351   11.50   40.09
56211   56368   10.50   25.91
56215   55450   10.33   146.81
56215   56365   12.44   54.22
56219   56320   9.80    51.80
56219   56024   0.00    35.02
56220   55791   11.05   76.91
56220   56359   9.45    100.33
56248   55987   5.80    72.78
56249   55938   28.25   121.23
56260   56444   10.00   81.60
56282   55905   8.67    66.74
56299   56472   7.86    37.07
56300   57038   13.90   148.32
56300   56420   9.25    71.49
56303   56346   8.50    32.78
56304   56368   10.50   70.61
56304   56488   8.00    36.98
56305   55632   10.60   117.77
56320   55777   6.67    98.37
56320   56439   23.29   73.71
56332   55986   10.41   126.07
56343   56471   8.30    77.77
56343   56778   11.30   89.59
56346   56355   10.11   79.09
56351   56388   0.00    18.32
56355   56397   6.03    79.23
56357   56404   0.00    23.03
56357   56033   10.75   56.37
56359   56821   6.85    110.37
56365   55827   10.29   103.90
56365   56508   8.86    64.57
56368   57057   11.91   133.18
56377   55869   14.33   91.18
56377   56146   9.67    89.64
56387   56170   11.00   41.78
56388   56200   10.48   45.02
56392   56451   3.00    23.50
56397   56428   4.30    15.74
56397   55854   6.16    142.50
56404   56387   0.00    3.59
56412   55938   14.60   106.73
56420   56580   10.50   98.45
56428   56866   9.04    106.88
56439   56513   20.00   49.41
56439   56377   20.00   13.79
56444   56473   3.00    10.67
56451   56480   10.83   10.37
56461   55764   6.50    130.18
56465   56461   7.63    95.66
56471   55993   9.78    89.63
56471   56559   3.00    64.65
56472   57012   7.14    114.70
56473   56638   10.00   85.53
56478   56346   0.00    32.93
56478   56303   0.00    36.55
56480   56843   9.79    107.41
56480   56672   6.50    77.29
56488   56850   6.00    69.24
56488   56577   14.60   111.18
56504   56083   5.47    145.23
56504   56465   13.29   95.70
56508   56780   10.00   58.67
56508   56647   13.22   59.74
56513   56249   20.00   121.23
56517   56404   0.00    27.90
56517   56357   0.00    34.46
56559   56664   0.00    20.79
56559   56706   8.17    87.57
56580   56282   12.60   62.77
56583   56841   11.00   143.28
56590   56072   8.91    101.46
56609   56472   6.50    61.02
56609   56061   11.36   116.27
56627   56351   11.40   111.44
56627   55883   9.94    138.13
56638   56332   7.14    87.65
56640   56071   5.94    116.87
56647   56742   13.33   40.07
56664   57415   12.00   146.61
56669   56166   3.72    101.73
56672   56695   6.50    8.15
56672   56504   0.00    57.87
56679   56627   10.00   10.98
56685   57222   10.02   125.52
56695   56732   11.00   13.38
56697   56590   4.60    86.91
56701   56590   7.09    50.60
56701   56388   7.00    85.28
56706   56219   11.20   96.82
56706   56912   15.00   112.03
56719   57275   7.14    132.75
56723   56211   8.67    146.73
56723   56332   10.25   79.16
56732   56849   11.50   39.46
56732   57118   9.67    105.79
56740   56215   9.80    116.55
56740   56609   11.25   56.00
56742   56473   9.00    60.32
56742   56847   3.00    37.27
56749   56248   6.67    112.67
56778   57222   8.08    89.56
56789   56397   6.38    106.35
56789   56866   5.44    33.41
56791   56679   3.00    52.14
56810   56812   8.55    91.47
56812   56899   9.80    44.87
56812   56461   20.00   68.82
56821   56697   6.87    86.93
56843   57118   14.67   101.45
56843   56924   11.50   21.07
56847   56994   3.00    59.25
56847   57046   10.00   46.20
56849   57102   10.09   92.99
56849   56810   6.67    91.47
56850   57205   5.75    70.33
56856   57520   7.25    131.69
56866   57255   6.23    80.15
56897   56740   8.27    58.43
56897   56365   9.38    115.21
56899   57340   11.55   108.39
56912   56513   0.00    86.21
56917   56305   3.00    117.73
56918   56701   10.25   62.77
56924   57201   11.00   84.81
56931   56879   0.00    33.95
56931   56565   6.00    68.92
56939   57308   7.80    146.75
56969   56850   8.38    122.79
56992   57275   5.38    77.07
56992   56821   0.00    42.18
56993   56517   10.33   99.14
56994   57414   3.00    124.08
56999   56931   20.00   14.17
56999   56718   7.67    98.34
57012   57535   7.67    110.74
57012   56669   11.50   129.34
57014   56580   9.00    79.29
57020   57248   9.80    83.70
57020   56899   10.54   63.74
57034   57057   9.67    65.42
57036   56669   8.38    80.21
57038   57020   0.00    9.85
57043   56471   10.62   114.46
57045   56897   9.40    58.84
57057   57705   13.63   116.10
57057   57110   8.67    115.96
57078   56918   6.75    52.74
57102   57340   6.40    92.99
57110   57138   10.58   67.98
57110   56723   7.69    70.81
57117   56478   8.21    130.91
57118   57240   9.83    46.81
57138   56723   8.44    97.27
57148   57038   9.00    72.09
57148   56420   11.43   148.69
57157   57012   7.80    62.33
57157   56609   13.52   115.28
57164   57045   9.36    57.78
57164   56647   7.14    112.80
57196   57891   7.58    119.39
57196   56664   8.67    105.81
57199   56679   8.00    103.42
57199   57078   10.60   47.01
57201   57464   12.92   77.42
57201   57660   8.67    95.61
57203   56640   12.25   116.74
57203   57386   6.50    93.79
57222   57428   20.00   41.73
57222   57043   10.42   108.59
57240   57693   10.24   148.25
57248   57306   20.00   24.20
57248   57148   0.00    21.32
57253   57240   0.00    4.97
57255   57697   8.07    80.15
57275   57757   0.00    111.28
57275   57320   15.25   15.00
57291   56789   6.02    144.68
57291   57117   6.80    57.03
57301   57589   5.19    55.65
57301   56749   7.30    113.46
57306   57654   6.00    111.92
57308   58270   11.50   152.38
57315   56706   11.25   119.31
57315   57228   10.80   71.47
57316   57199   6.74    37.42
57320   57036   5.60    79.45
57320   57691   1.00    81.89
57336   56918   12.20   118.19
57336   57249   6.73    23.28
57340   57892   11.10   104.92
57340   57611   10.00   90.33
57363   57320   5.50    10.65
57384   57535   0.00    49.45
57386   57117   9.17    57.65
57397   57148   10.89   141.53
57397   57014   9.69    78.87
57403   57508   0.00    19.51
57408   56992   10.36   107.57
57412   56999   7.71    85.10
57412   57348   18.00   41.48
57413   56993   7.59    98.51
57414   57951   10.00   124.11
57414   57164   7.82    104.44
57415   57315   6.50    73.63
57415   57650   0.00    39.96
57418   56939   10.50   132.23
57424   57316   5.07    38.01
57428   57550   20.00   19.33
57431   56897   6.29    116.96
57431   57157   8.77    115.61
57452   57414   0.00    15.70
57455   57316   5.60    93.54
57464   57583   5.13    35.03
57464   57790   10.56   47.67
57466   57157   20.00   64.65
57466   57814   13.22   113.89
57475   57253   9.80    99.69
57475   56924   8.33    117.49
57491   56917   4.88    117.24
57497   57386   10.50   21.45
57497   57585   11.50   21.70
57506   57589   0.00    19.43
57508   57551   14.33   34.28
57514   57412   0.00    48.58
57517   57196   7.25    82.87
57520   57758   10.82   36.54
57521   57506   0.00    6.93
57521   57301   8.52    56.97
57528   57428   0.00    18.32
57528   57550   3.00    13.97
57533   57253   9.54    56.12
57535   57745   11.50   36.74
57539   57397   11.43   68.84
57539   57541   10.00   36.48
57541   57528   0.00    3.48
57544   57336   11.50   49.31
57544   57078   7.25    128.81
57550   57571   0.00    3.59
57551   57138   9.88    89.40
57558   57491   0.00    14.89
57558   57424   6.58    39.38
57571   57719   0.00    34.58
57571   57645   5.50    13.43
57582   57551   14.33   23.35
57582   57452   8.80    49.45
57583   58042   1.00    125.04
57585   57291   5.27    78.93
57586   57315   6.62    99.63
57587   57203   11.26   73.60
57587   57514   11.00   32.00
57589   58031   7.98    73.73
57595   57431   12.89   57.58
57595   57045   8.25    115.13
57605   57508   0.00    14.54
57606   57521   8.00    18.95
57611   57909   14.33   90.33
57620   57705   10.50   84.76
57624   57539   3.00    39.07
57624   57541   11.50   13.65
57643   57624   0.00    4.72
57645   57643   7.25    4.72
57650   57996   14.14   107.86
57654   58027   10.42   111.44
57654   57397   9.67    47.70
57660   58380   6.43    117.31
57660   57475   3.00    63.00
57689   57466   11.50   37.48
57691   57820   1.86    25.47
57691   58086   6.00    88.54
57692   56939   9.92    137.13
57693   58047   10.38   64.50
57693   57892   8.38    59.23
57697   57291   6.79    103.24
57697   58296   8.15    97.23
57705   57776   8.41    116.17
57705   58447   9.31    115.39
57719   57645   11.20   35.88
57745   57820   5.80    85.73
57749   57431   7.25    52.44
57749   58145   4.88    116.98
57754   57363   6.60    85.05
57755   57719   3.00    15.49
57755   57517   5.00    80.86
57756   57491   0.00    42.79
57757   58030   3.00    60.89
57758   57791   3.00    4.08
57758   57781   0.00    3.11
57768   57533   20.00   37.41
57771   57585   6.67    40.83
57771   57497   5.64    42.94
57776   57832   10.61   115.05
57776   57110   8.46    115.16
57781   57606   2.00    32.25
57781   58455   0.00    112.05
57790   57839   0.00    7.90
57791   57781   0.00    1.10
57791   58503   8.67    114.68
57794   57164   11.50   116.97
57794   57595   8.82    58.32
57798   57603   10.80   77.21
57799   58361   10.62   123.28
57799   57583   0.00    40.16
57799   57790   0.00    4.14
57812   57866   0.00    12.09
57814   57749   11.50   10.67
57819   57768   12.67   14.34
57819   57812   0.00    7.27
57820   58019   7.00    40.67
57832   57551   9.33    40.75
57835   57475   11.50   58.00
57835   57533   7.25    99.10
57839   57799   0.00    8.18
57842   57948   4.00    20.71
57842   57455   8.67    93.09
57842   57544   3.00    49.47
57847   57819   0.00    4.84
57852   57784   8.00    51.86
57852   57412   5.56    71.43
57866   57875   0.00    4.85
57875   57847   0.00    9.68
57875   57929   3.00    18.31
57880   57514   0.00    59.21
57881   57755   3.00    59.24
57885   57852   0.00    6.55
57885   58050   0.00    81.54
57887   57558   5.13    86.23
57887   57424   4.93    79.73
57891   57650   0.00    73.60
57891   58029   0.00    25.38
57892   58079   11.33   57.20
57897   57771   4.44    31.76
57901   57745   8.31    86.93
57901   58432   11.50   111.38
57909   58299   8.47    112.29
57909   57306   11.86   114.56
57912   57866   0.00    9.47
57924   57897   5.33    10.18
57929   58169   8.60    87.11
57929   57847   10.00   17.45
57932   57603   5.33    62.89
57932   58176   12.08   83.47
57933   57408   8.67    107.57
57950   57887   0.00    33.45
57951   57794   9.11    58.25
57958   58006   0.00    33.19
57958   57814   6.50    25.90
57970   57998   0.00    7.68
57970   57413   1.00    103.59
57979   58480   6.73    122.51
57979   57951   0.00    6.01
57988   58408   3.00    73.25
57988   57798   6.63    77.27
57992   57660   8.97    117.10
57992   57839   12.91   24.73
57997   57979   0.00    4.52
57997   57452   13.33   126.71
57998   57413   0.00    103.47
57998   58333   0.00    125.10
58003   57697   8.88    134.94
58006   58127   7.25    26.69
58009   57958   3.00    7.59
58017   57791   7.21    42.91
58019   57745   5.42    62.56
58019   58055   9.80    9.55
58027   57643   9.20    67.37
58027   58399   8.09    112.71
58029   58132   0.00    18.65
58030   58290   0.00    68.48
58030   58065   0.00    123.85
58031   58455   0.00    69.80
58031   58651   0.00    108.76
58042   58134   3.93    28.88
58047   57912   10.00   39.27
58047   58217   2.50    29.05
58050   57587   13.67   74.17
58055   58432   8.83    74.55
58065   57950   0.00    123.73
58076   57950   0.00    89.41
58079   58231   3.00    23.38
58079   58295   9.19    57.76
58086   58543   3.00    92.35
58096   57924   7.25    79.82
58111   57932   9.00    37.69
58111   57905   9.20    76.48
58122   57754   6.05    84.72
58127   57901   13.60   70.64
58132   57881   9.06    117.83
58134   58918   9.00    121.01
58134   58373   11.50   61.70
58145   57794   8.23    64.34
58169   57835   3.00    59.11
58169   58380   9.63    75.57
58176   58408   9.83    83.47
58178   58127   0.00    9.18
58179   57988   10.56   77.28
58200   58317   0.00    49.40
58208   58327   0.00    22.48
58217   57912   13.20   47.66
58217   58323   20.00   40.47
58231   58640   10.00   80.47
58244   58132   2.50    38.52
58244   58029   1.00    47.69
58248   58200   0.00    79.47
58248   58076   0.00    87.90
58251   58009   3.00    41.05
58251   58178   7.86    17.43
58275   57997   11.25   110.20
58275   57582   5.86    111.03
58290   58248   3.00    17.32
58290   58324   3.00    10.06
58295   58519   13.05   68.66
58296   58874   4.60    92.86
58296   58096   6.67    79.82
58299   57654   11.19   113.74
58299   58644   10.41   112.03
58308   58406   0.00    82.10
58317   58406   0.00    32.82
58324   58471   0.00    115.41
58324   58308   0.00    81.77
58327   58373   0.00    9.32
58328   58217   11.50   18.46
58328   57892   10.60   143.60
58332   58122   6.07    54.99
58332   58290   0.00    16.98
58347   58050   6.00    45.46
58347   58393   10.00   15.37
58355   58442   10.00   26.89
58355   57776   9.40    90.96
58356   58303   0.00    9.46
58356   58696   6.00    141.12
58361   58400   11.00   117.59
58361   58623   5.80    63.02
58368   58122   1.91    37.43
58372   58179   8.33    77.28
58373   58483   20.00   31.96
58377   58312   0.00    24.40
58377   58145   14.33   37.05
58380   58871   9.00    81.07
58380   58570   9.88    72.81
58388   58017   0.00    67.32
58389   58388   0.00    0.14
58389   57756   0.00    107.13
58393   57897   6.36    113.69
58399   57881   20.00   91.31
58399   58775   11.94   113.68
58400   57992   7.80    67.86
58406   58470   12.71   22.96
58408   58619   7.33    76.98
58421   58055   3.00    84.48
58423   58244   8.45    85.98
58427   58332   2.00    40.00
58432   58832   8.20    78.84
58440   58328   0.00    20.81
58440   58481   0.00    14.31
58442   58530   10.00   14.02
58447   58398   7.68    90.35
58447   59300   7.45    127.86
58455   58474   0.00    3.25
58469   58332   4.71    47.70
58470   58637   0.00    49.88
58470   58389   0.00    50.69
58471   58637   7.25    115.51
58472   58757   11.14   106.23
58472   58003   11.35   136.97
58474   59192   11.50   121.78
58480   58377   4.67    18.01
58481   58713   11.50   79.32
58483   58906   3.00    64.88
58483   58561   0.00    21.04
58493   58393   5.84    23.83
58493   58347   7.00    23.80
58495   58943   14.33   102.49
58495   58480   0.00    3.41
58499   58345   0.00    24.96
58500   58355   9.80    38.39
58500   58447   9.23    92.07
58503   59192   4.54    113.45
58519   58542   11.50   5.43
58519   57909   8.26    107.94
58530   58693   8.80    46.13
58542   58655   6.88    36.56
58543   58368   2.38    63.72
58561   58499   8.67    9.62
58561   58747   0.00    47.68
58563   57924   12.43   100.02
58563   58874   7.90    141.24
58570   59157   8.67    95.68
58570   58702   6.50    46.37
58573   58530   9.21    86.03
58573   57832   9.84    117.86
58589   58372   12.90   87.43
58607   58481   5.50    36.21
58607   58440   3.00    32.05
58619   58864   11.29   76.98
58620   58842   3.75    37.93
58623   58042   3.45    92.26
58634   57885   9.76    119.48
58637   58650   0.00    4.96
58640   58838   10.00   33.96
58644   59024   7.36    111.93
58644   58027   9.90    113.51
58645   57970   0.00    128.12
58650   58658   0.00    3.09
58651   59372   0.00    109.68
58655   58911   9.59    69.00
58658   58389   0.00    44.47
58658   59216   6.21    113.94
58678   57998   3.00    128.94
58679   58295   20.00   72.65
58693   58500   10.63   40.70
58696   58275   10.07   71.28
58702   58947   12.17   86.17
58702   58400   14.33   49.26
58704   58634   0.00    10.53
58704   58541   0.00    49.97
58710   58573   10.60   19.45
58712   59571   0.00    129.53
58712   58495   11.50   44.22
58713   58935   8.25    81.79
58713   58169   11.38   100.22
58737   59442   3.79    115.91
58747   59114   10.00   100.75
58757   59094   6.18    129.46
58757   58111   3.75    121.30
58763   58696   6.50    9.10
58763   58710   7.67    106.98
58775   58132   10.25   112.67
58782   58493   5.03    49.71
58782   58634   0.00    64.05
58791   58421   4.17    84.48
58791   58543   2.20    59.73
58806   58704   0.00    31.33
58807   58469   9.00    132.50
58831   58427   2.71    124.06
58832   59374   9.66    105.81
58832   58178   12.00   136.85
58837   58427   3.00    74.99
58838   59218   10.75   73.17
58838   58607   8.67    49.84
58842   59050   1.00    43.96
58842   58589   10.75   87.43
58864   59072   10.75   76.68
58864   58372   4.67    81.87
58868   58469   7.45    130.99
58871   58966   2.00    16.61
58871   58935   0.00    18.15
58874   59295   7.59    67.18
58881   59374   7.25    116.55
58881   58251   8.84    117.89
58882   58712   0.00    28.79
58882   58356   0.00    79.10
58900   58561   11.52   49.97
58900   58747   13.55   51.04
58906   58900   0.00    1.30
58911   58299   11.60   109.87
58911   58944   17.14   10.85
58935   59261   5.87    76.90
58935   58966   3.00    9.76
58943   58881   0.00    11.18
58944   59248   10.85   86.92
58947   59232   11.16   86.56
58952   59113   5.68    101.35
58952   58868   0.00    28.32
58954   59404   5.80    83.17
58966   59157   12.20   75.79
58966   59724   14.76   121.16
58969   58952   0.00    6.36
58989   58943   0.00    7.52
58990   58782   5.88    37.76
59015   58563   10.00   68.32
59015   59295   8.07    126.05
59019   58791   2.33    39.85
59019   58831   3.00    36.96
59020   58990   2.78    6.36
59024   58399   12.11   112.72
59024   59435   9.47    112.90
59050   59260   9.88    69.94
59050   59313   12.17   47.20
59071   59020   11.50   9.11
59072   59313   8.57    76.68
59093   58837   3.06    47.73
59094   59354   8.56    90.55
59098   59019   0.00    12.16
59098   58737   3.00    112.61
59100   58655   20.00   78.79
59113   59518   2.91    97.02
59114   59515   0.00    100.70
59115   58775   10.25   61.47
59115   59332   0.00    54.71
59121   58623   8.57    74.66
59140   59245   6.36    89.39
59143   59121   0.00    74.79
59157   59751   13.20   95.23
59162   58832   9.31    73.20
59162   59140   8.39    91.54
59176   58640   10.36   127.94
59176   58542   9.94    119.13
59177   59113   6.50    143.96
59192   59285   0.00    15.70
59192   59216   0.00    3.85
59216   59285   3.00    15.68
59216   59306   0.00    34.56
59218   59579   0.00    73.19
59218   58713   11.00   118.97
59232   59121   0.00    14.90
59245   59098   8.00    20.82
59248   59305   8.80    14.50
59260   59404   10.50   44.19
59260   58815   11.00   81.19
59261   59579   8.33    76.88
59263   58757   8.47    98.04
59285   59372   6.78    14.01
59287   58969   0.00    99.47
59287   58807   0.00    134.25
59295   59633   7.72    57.12
59300   60002   8.82    111.34
59300   59371   2.18    115.08
59300   59242   4.61    102.26
59305   59450   10.60   40.90
59305   58644   10.45   112.17
59306   58658   0.00    106.93
59306   59287   0.00    27.29
59313   60008   5.27    138.75
59325   59177   0.00    21.73
59325   59141   7.42    32.51
59329   58989   9.40    76.27
59342   58702   9.43    94.87
59344   59093   3.00    37.45
59354   59852   10.25   88.57
59354   59683   6.76    129.54
59357   59245   0.00    16.64
59357   59517   7.25    65.53
59371   59440   2.17    114.56
59371   58693   7.12    99.31
59372   59590   0.00    45.58
59373   59176   0.00    34.28
59373   58838   11.00   128.08
59374   59712   10.00   81.42
59386   59344   0.00    7.85
59391   58645   6.50    128.25
59391   58678   5.20    128.54
59398   58944   3.00    78.05
59404   59790   7.50    78.07
59404   59730   10.19   126.35
59410   59306   2.82    17.14
59420   59386   0.00    4.95
59435   59115   3.00    52.16
59435   59645   7.53    69.16
59440   58710   9.20    107.23
59440   59500   4.38    116.49
59442   59603   3.00    28.00
59450   59680   11.38   70.83
59500   58763   9.42    110.51
59500   60211   10.13   113.59
59500   59564   5.06    117.33
59515   59845   1.00    100.70
59518   59552   1.40    10.02
59538   59371   1.81    25.65
59542   59015   9.50    85.13
59543   59420   3.00    27.73
59552   59556   0.00    2.58
59552   59543   1.00    1.48
59554   58990   6.40    103.73
59556   59965   3.70    97.14
59563   59071   5.14    85.26
59564   58882   9.00    104.14
59564   59571   2.70    12.61
59569   59020   2.83    92.42
59571   59624   5.67    110.36
59571   60278   0.00    110.22
59579   59924   0.00    72.46
59579   60095   9.28    129.56
59582   59552   0.00    7.21
59590   59737   4.89    29.09
59590   58806   2.33    144.75
59593   59177   16.00   107.47
59593   59287   3.00    58.33
59603   59965   10.50   62.61
59619   59593   14.33   4.96
59621   59080   0.00    117.92
59624   59685   5.44    114.31
59624   58989   4.17    95.76
59626   59758   6.62    28.56
59626   59113   4.38    97.93
59633   59542   7.67    80.08
59633   60320   6.93    128.27
59635   59162   10.33   77.58
59635   59766   1.00    22.29
59644   59094   3.00    90.66
59652   59357   6.25    67.18
59667   59176   11.00   128.57
59675   59582   1.00    15.23
59680   59718   0.00    10.15
59680   59024   11.20   114.34
59683   60008   9.00    129.54
59685   59329   9.47    77.12
59685   59712   8.17    46.47
59712   59717   0.00    3.95
59717   59756   8.09    56.35
59718   60049   8.33    100.53
59724   60116   3.00    65.71
59730   59391   7.35    69.04
59737   60005   4.68    53.66
59737   59554   0.00    101.90
59739   59373   13.20   73.90
59739   59218   11.00   129.05
59751   60338   12.91   95.31
59756   59635   4.67    22.56
59756   59761   11.50   12.90
59757   59232   10.95   81.51
59758   60196   3.56    69.70
59758   59675   7.35    120.39
59761   60096   7.80    53.13
59761   59766   9.80    11.23
59766   59652   7.03    78.99
59771   59263   9.83    98.03
59771   60060   7.39    121.49
59784   59757   10.44   134.51
59793   59784   9.00    32.14
59793   58906   7.97    136.48
59808   59248   11.00   100.95
59821   59325   7.12    97.64
59845   60262   3.00    111.87
59846   59619   0.00    55.77
59846   59410   0.00    83.93
59852   60385   5.33    88.57
59863   59373   10.40   129.00
59863   59667   0.00    42.98
59896   59342   11.00   95.30
59924   59724   10.57   56.16
59924   60116   0.00    37.63
59926   59771   11.53   124.33
59926   60239   16.00   71.04
59927   60316   2.00    56.77
59944   60109   17.50   45.46
59965   60050   5.03    17.05
59987   59652   8.24    83.40
60000   59569   20.00   91.32
60000   59563   5.51    85.03
60002   60456   8.87    69.68
60005   60000   0.00    3.25
60005   60016   0.00    2.05
60008   60459   2.00    86.31
60008   60330   8.29    121.02
60016   60528   8.95    89.84
60016   60000   0.00    3.07
60049   59435   10.08   116.26
60049   60340   10.47   83.08
60050   60364   3.48    59.90
60050   60104   2.06    37.72
60052   59619   6.70    82.57
60059   59450   4.25    112.45
60060   60181   8.56    57.46
60060   60686   11.00   123.70
60082   60002   8.76    107.86
60082   59538   7.00    87.34
60095   60622   10.62   128.71
60095   59739   13.25   72.49
60104   60122   3.44    51.01
60109   59718   10.00   73.43
60116   60223   8.67    14.82
60122   59675   3.28    71.35
60122   60196   3.40    119.00
60124   59717   16.67   100.25
60126   59621   6.86    117.69
60147   60082   9.53    116.74
60147   59440   10.82   113.37
60178   59342   11.19   138.48
60180   60402   9.50    43.71
60180   59667   11.29   130.01
60181   60341   8.86    64.88
60181   59644   5.80    90.66
60182   59730   8.67    89.21
60189   59626   2.48    109.22
60193   59895   11.50   99.63
60196   60945   8.11    117.98
60196   60244   4.10    61.54
60211   60942   9.09    115.98
60211   60147   9.29    114.95
60213   59846   8.67    68.58
60213   60016   4.78    46.92
60214   60213   0.00    0.01
60223   60277   0.00    8.82
60223   60338   14.00   70.20
60227   60606   7.28    67.34
60227   59766   8.09    112.51
60239   60686   6.50    116.41
60239   59771   8.67    91.44
60244   60189   3.38    31.99
60256   59863   13.25   73.13
60256   59739   8.00    129.06
60262   60630   0.00    111.49
60277   60948   13.71   107.91
60278   61006   8.00    116.82
60286   59564   3.93    111.97
60286   60211   7.79    117.45
60294   60213   0.00    22.75
60294   60052   9.13    40.02
60316   60278   9.88    59.05
60320   60426   6.73    23.35
60327   59926   3.64    84.89
60330   60635   8.20    121.02
60333   60052   0.00    56.46
60333   59821   5.00    97.73
60338   60936   9.29    97.39
60338   60602   6.00    92.13
60341   60950   9.20    125.55
60341   60385   8.67    25.68
60347   59820   7.50    101.86
60351   60316   6.50    49.53
60351   59624   6.57    111.64
60352   60294   3.00    8.83
60364   60792   6.86    76.04
60364   59987   5.74    83.04
60372   60231   6.50    30.78
60385   60616   5.62    94.70
60392   59757   7.36    99.49
60402   59863   11.53   129.30
60402   60774   10.75   73.27
60408   60351   11.29   115.45
60408   59685   9.88    112.14
60413   60294   4.98    116.37
60421   60227   8.85    45.89
60426   60819   5.54    109.91
60426   60591   8.28    38.02
60435   60189   5.00    47.23
60435   60413   9.27    17.17
60435   60352   0.00    132.35
60435   60333   3.33    92.06
60438   60408   4.30    53.20
60456   60488   10.00   14.39
60456   60600   9.55    23.49
60459   60889   5.50    86.31
60461   60049   12.00   72.88
60461   60109   8.33    101.98
60462   60392   8.88    107.72
60462   61205   10.85   121.15
60464   59924   10.79   129.15
60464   60095   10.00   72.18
60483   59793   8.47    107.34
60483   60462   12.20   86.32
60488   60304   7.96    148.68
60489   60124   11.36   83.33
60489   60438   12.90   115.09
60506   59896   11.50   95.34
60528   60989   5.38    89.85
60553   59992   6.63    143.64
60591   60685   0.00    27.42
60591   61164   5.78    138.39
60600   60796   12.50   30.31
60600   60488   6.80    25.63
60602   60506   0.00    16.96
60606   61254   10.20   123.64
60606   60489   7.50    33.08
60607   60104   0.00    78.08
60616   60889   7.93    121.24
60622   60256   7.62    73.88
60622   61104   12.00   128.66
60630   60783   1.00    109.72
60634   60126   10.00   117.50
60634   60320   5.77    69.05
60635   60182   6.46    89.21
60638   60214   4.03    82.60
60665   60239   10.23   83.80
60684   59845   9.11    140.33
60685   61009   0.00    114.60
60686   61203   11.00   107.69
60702   60915   14.33   44.32
60702   60180   5.83    129.52
60709   60327   3.00    84.89
60709   61073   10.12   96.48
60761   60796   10.02   74.35
60774   60256   10.22   129.07
60774   61104   0.00    73.25
60783   60844   0.00    64.82
60792   61483   6.76    127.59
60796   61507   12.05   116.83
60796   60828   10.07   75.41
60804   60597   1.40    33.45
60814   60792   7.17    26.29
60814   61533   10.46   117.13
60817   60193   6.67    105.15
60819   60989   6.85    68.76
60826   60277   9.67    114.05
60826   60464   20.00   73.03
60828   60082   8.54    115.72
60828   60890   8.90    115.43
60844   60804   8.28    7.09
60844   61244   9.00    147.54
60844   61222   6.60    77.05
60853   60553   10.55   97.20
60853   61657   9.21    140.55
60854   61211   0.00    97.21
60854   60347   16.70   101.86
60876   60826   2.50    12.36
60882   60122   8.30    117.77
60882   60814   9.29    122.85
60889   61114   16.67   49.70
60889   61146   7.91    122.54
60890   60942   9.15    115.95
60890   60147   8.85    115.27
60915   61255   3.00    73.47
60915   60402   11.67   129.90
60916   60709   7.94    49.22
60918   60882   9.06    61.45
60936   61534   9.84    97.39
60942   60999   8.84    116.78
60942   61676   9.94    115.07
60945   61698   3.92    117.48
60945   60918   7.00    59.63
60948   61623   11.13   107.89
60950   61576   9.00    125.55
60961   60622   4.27    71.53
60961   60464   8.13    129.28
60964   61509   0.00    99.58
60971   60244   4.56    115.96
60971   60945   7.18    61.29
60977   60392   7.47    94.76
60977   60983   0.00    10.22
60981   60438   12.17   91.25
60983   60178   11.00   138.09
60983   61010   0.00    7.06
60989   61009   0.00    4.27
60999   60286   5.17    114.79
60999   61006   3.00    14.63
61005   60971   2.62    62.21
61005   60435   2.46    91.82
61006   61064   8.62    107.90
61006   61750   4.00    116.11
61009   61049   10.29   37.95
61009   61481   7.42    81.94
61010   60977   7.00    7.64
61014   60916   3.29    26.16
61014   60634   9.42    83.83
61024   60635   7.57    81.52
61049   60638   7.15    82.86
61049   61069   3.00    110.78
61055   61005   7.97    98.78
61061   61049   0.00    1.41
61064   60351   9.16    115.49
61064   61134   6.61    114.21
61066   60783   10.00   53.68
61066   60853   9.46    69.46
61069   61071   0.00    3.99
61071   60352   8.06    121.66
61071   61055   7.80    41.39
61071   61136   0.00    17.63
61073   60665   5.17    83.80
61093   60553   12.13   107.32
61104   61457   13.20   72.46
61104   61629   8.44    132.03
61108   60909   0.00    54.88
61108   60616   0.00    102.38
61114   61357   9.40    44.45
61114   61485   3.00    117.51
61116   61136   3.00    96.31
61124   60702   8.75    112.05
61134   60408   9.75    117.16
61136   61318   7.59    29.26
61146   61485   0.00    69.89
61146   61417   8.10    121.96
61164   61481   10.25   49.75
61164   61480   20.00   68.32
61190   60506   9.20    124.48
61199   60602   10.22   98.80
61201   60483   8.57    119.34
61203   61759   20.00   107.69
61205   61201   10.00   105.00
61205   61856   11.50   99.85
61211   61609   3.00    97.21
61222   61911   20.00   112.27
61222   61066   9.93    52.74
61244   61735   10.00   147.88
61254   61931   8.51    121.82
61254   60981   11.07   86.49
61254   61667   9.51    103.67
61255   61629   8.67    71.32
61255   60774   14.30   130.20
61309   60916   7.79    102.80
61309   61073   9.44    48.88
61310   60961   24.80   72.92
61310   60876   10.08   116.31
61317   60918   9.00    65.34
61318   61055   6.50    52.84
61318   61829   8.50    79.84
61326   61194   0.00    37.52
61329   60684   9.80    137.40
61344   60817   8.17    103.61
61344   61201   6.50    22.59
61352   60915   9.89    111.45
61357   61732   8.80    117.22
61357   61490   10.00   30.33
61396   61014   7.00    86.18
61417   61024   10.00   81.52
61457   61801   11.50   63.35
61457   61619   7.33    67.06
61457   60961   11.53   129.24
61480   61065   6.75    96.07
61481   61627   12.69   21.66
61483   61667   6.86    28.09
61485   61732   0.00    44.74
61490   61877   6.50    117.03
61490   62025   10.60   108.85
61495   61572   0.00    12.48
61503   61134   8.60    59.96
61507   61873   3.50    55.03
61507   61461   9.55    74.70
61509   62091   9.83    100.53
61526   61010   9.29    83.07
61532   60854   7.67    140.19
61533   61483   7.68    73.97
61533   62274   10.53   117.12
61534   61898   7.84    73.25
61552   61507   5.45    74.08
61552   60828   7.34    117.51
61559   61061   6.60    86.79
61559   61116   10.00   100.22
61562   60964   8.57    142.47
61572   62058   9.00    90.21
61572   61503   6.50    17.78
61576   62192   7.00    125.55
61582   62025   12.00   116.00
61582   61108   5.33    93.80
61609   61326   12.54   85.55
61610   60890   9.20    115.84
61610   61552   9.34    117.08
61615   61533   9.57    122.07
61615   60882   8.25    117.57
61623   61534   9.86    73.55
61627   61951   6.54    56.06
61627   61480   23.67   45.67
61629   61923   9.00    77.46
61657   62517   7.29    141.06
61660   61985   0.00    95.07
61667   62156   6.41    85.12
61676   61610   7.14    116.23
61676   62434   12.30   117.12
61678   61093   6.14    107.42
61678   62203   0.00    113.63
61698   62450   5.52    116.73
61698   61615   11.94   121.99
61713   60876   11.86   133.83
61713   61623   9.13    73.01
61716   61810   43.29   50.41
61716   61310   10.67   98.00
61732   61877   0.00    29.99
61735   62511   3.00    152.61
61740   61676   7.73    116.10
61740   60999   4.60    116.03
61750   62501   3.00    116.30
61759   61309   6.60    113.96
61759   62278   8.33    107.74
61770   61005   2.24    118.93
61770   61698   8.36    123.42
61783   61948   10.50   36.14
61783   61396   5.73    86.18
61801   61619   13.20   104.02
61801   61716   9.80    38.11
61806   61344   6.88    77.64
61810   61713   7.43    99.83
61811   61064   10.64   117.26
61811   61750   6.93    108.56
61811   61503   7.84    141.36
61817   61255   9.31    136.98
61829   61770   5.17    125.72
61829   61902   7.76    125.73
61829   62580   9.14    116.69
61833   61199   9.05    98.83
61833   61958   9.00    105.83
61851   61309   4.75    106.64
61852   61417   7.67    81.96
61856   62508   9.40    99.13
61870   61856   10.00   84.70
61870   61806   5.33    10.63
61873   62003   6.67    26.12
61877   62248   5.50    119.30
61877   62521   10.00   124.76
61898   61833   5.33    42.35
61902   61935   6.00    65.85
61907   61329   8.42    135.91
61907   61806   10.00   22.31
61911   61985   0.00    22.23
61911   62074   8.43    33.43
61927   61783   8.26    35.32
61927   61948   3.00    31.72
61931   62635   10.81   121.89
61935   61559   5.68    62.29
61935   61939   7.25    8.09
61939   61946   6.50    16.68
61946   61951   2.33    10.92
61948   62390   7.45    105.82
61951   61959   9.68    65.95
61951   62731   5.49    115.66
61956   61582   10.00   77.95
61956   62461   2.00    116.10
61958   61190   13.71   125.80
61958   61526   10.42   124.14
61959   61927   5.79    10.97
61959   62151   8.00    30.33
61980   61873   20.00   33.26
61985   62098   0.00    18.58
61992   61935   6.89    11.30
61998   61619   9.00    75.94
61998   61923   11.14   112.58
62003   62581   6.00    84.88
62003   61980   0.00    28.23
62025   62521   7.75    115.58
62025   62461   3.00    77.92
62058   62584   12.29   90.29
62074   62682   8.79    111.54
62082   62221   9.43    118.02
62082   61898   9.85    47.14
62091   61678   10.75   90.39
62098   62643   0.00    85.59
62098   62074   0.00    29.67
62135   61526   6.06    97.07
62151   62975   6.20    121.79
62156   62205   0.00    11.56
62156   62576   9.00    67.46
62163   62281   3.00    50.32
62186   61562   12.67   142.82
62186   61907   12.90   56.32
62192   62798   9.00    108.41
62192   61759   7.50    115.64
62203   62839   0.00    113.87
62205   62274   9.25    97.43
62212   61998   9.89    109.58
62212   62878   11.76   97.43
62221   62372   10.81   118.04
62234   61532   8.62    140.19
62248   61852   10.08   81.89
62251   61609   6.49    127.78
62263   62082   10.56   31.29
62264   62779   7.33    116.08
62264   61956   5.57    60.23
62274   62369   9.02    122.32
62274   63130   9.36    119.85
62278   62890   6.33    107.74
62281   61811   8.50    76.33
62314   61552   8.08    129.55
62327   61998   10.94   48.58
62342   61610   9.15    115.53
62342   62314   7.94    60.31
62369   62413   9.62    68.68
62369   61615   8.58    117.49
62372   62378   6.50    7.24
62378   62212   6.94    131.48
62378   61810   11.50   90.44
62390   61851   6.40    106.65
62390   62890   7.44    115.21
62406   61833   8.07    87.12
62406   62263   11.50   89.72
62413   62450   7.00    53.60
62413   63238   3.00    119.45
62434   62342   9.90    116.18
62434   63231   8.25    115.86
62450   62515   7.29    124.11
62450   63269   5.50    119.70
62461   62779   10.75   59.80
62491   62434   8.81    117.31
62491   61740   3.46    116.70
62500   61870   7.00    105.68
62500   62186   10.00   68.23
62501   63313   0.00    116.43
62501   62491   0.00    13.87
62508   62500   10.75   84.59
62508   62998   10.70   70.84
62511   63351   6.13    143.93
62515   61770   3.91    115.46
62515   62580   5.00    126.75
62517   63319   9.11    138.93
62518   62390   5.40    24.28
62518   62151   0.00    122.28
62521   63028   5.50    118.97
62525   62511   0.00    106.61
62543   62581   9.80    73.99
62551   62281   11.20   39.63
62551   62501   7.07    107.61
62554   62525   0.00    106.64
62576   62739   3.00    23.84
62580   62648   7.93    123.63
62580   62913   10.00   43.33
62581   62614   7.36    61.01
62581   63177   7.81    83.40
62582   62406   11.24   112.12
62582   61958   10.20   93.28
62584   62551   7.56    57.59
62614   62623   9.50    26.84
62614   63211   10.00   82.51
62618   62584   10.20   64.96
62618   62398   10.00   39.08
62623   61980   10.44   108.75
62635   62618   7.77    36.47
62648   62686   8.60    47.93
62648   61902   8.78    114.12
62666   62576   11.00   24.75
62666   62205   12.67   69.02
62672   62635   7.83    41.14
62672   63473   8.86    115.16
62682   63449   8.35    114.60
62686   62717   9.82    43.27
62697   62192   3.83    116.60
62697   62264   8.13    78.05
62717   61992   6.28    106.37
62731   63532   7.97    115.80
62739   62672   8.67    99.27
62739   63037   6.11    42.62
62779   63204   9.55    77.57
62798   63385   8.88    108.41
62814   63219   0.00    76.22
62814   62582   10.50   118.91
62814   62135   12.29   97.10
62849   62929   10.20   78.84
62880   62091   6.33    145.39
62880   62186   7.62    118.31
62890   63385   5.95    116.64
62913   63416   8.07    76.39
62913   62875   10.00   57.41
62929   62369   7.94    78.62
62975   63070   8.36    13.66
62975   63082   0.00    56.33
62995   63254   10.24   111.15
62995   62406   11.65   85.37
62998   63284   9.33    139.30
62998   62814   8.08    110.73
63008   62878   7.89    81.41
63012   63013   8.42    75.50
63013   63008   6.64    81.04
63013   62372   9.67    92.18
63014   62234   9.93    140.16
63021   62897   3.00    82.98
63025   62263   10.04   126.43
63025   63012   9.14    75.52
63028   62248   8.32    139.90
63037   63517   8.29    76.74
63037   63063   8.00    34.18
63041   62554   1.00    106.61
63041   63312   3.00    51.21
63047   62251   9.25    128.77
63050   62518   13.25   116.14
63050   63226   3.00    33.63
63063   63130   10.04   106.56
63063   62666   12.67   54.02
63070   62518   9.00    102.26
63070   63372   11.20   46.46
63130   63942   10.75   117.20
63130   63193   8.39    122.29
63137   63394   10.00   80.13
63143   63631   8.25    115.52
63143   62697   7.38    78.04
63158   63231   10.67   116.13
63158   62342   11.15   116.47
63177   63758   9.56    83.40
63179   63137   10.92   76.99
63193   63238   9.43    68.03
63193   62929   5.75    40.45
63204   63631   5.70    78.77
63204   62697   2.60    115.57
63211   63782   7.22    82.51
63219   63625   7.67    76.22
63224   62623   13.50   86.77
63226   63647   8.10    76.65
63226   62990   13.25   54.50
63231   64033   11.78   116.23
63231   63305   9.74    116.59
63238   63269   11.00   54.89
63245   63021   0.00    82.38
63245   63041   0.00    36.14
63254   63025   1.00    59.58
63269   63347   7.61    123.20
63269   63674   7.19    58.50
63284   62500   9.38    123.32
63303   62995   7.72    75.93
63303   62582   12.22   123.31
63305   62491   5.08    116.69
63312   63245   0.00    53.35
63313   64109   0.00    116.43
63319   63179   8.94    76.94
63347   62515   1.97    120.59
63351   63915   10.00   102.81
63365   63797   0.00    145.15
63372   64059   10.39   101.99
63372   63494   20.00   74.67
63385   63891   6.69    116.27
63394   63476   6.50    78.72
63399   63438   7.29    126.15
63416   63347   6.90    127.49
63416   63498   6.63    123.39
63416   63829   6.25    57.78
63437   62618   8.55    116.97
63437   63473   10.16   74.81
63438   63319   7.63    70.25
63438   63763   11.13   64.91
63449   63846   5.57    66.51
63449   63312   9.00    42.23
63451   63143   7.80    59.81
63451   63969   9.50    115.02
63473   63517   11.58   70.68
63476   63284   10.21   78.07
63476   62880   11.83   89.69
63498   63522   12.11   47.36
63498   62648   9.80    121.30
63517   63825   10.70   44.62
63522   63553   6.50    43.58
63522   62686   3.00    120.92
63532   64331   6.20    115.79
63544   63900   14.33   63.36
63544   63050   10.00   116.72
63553   62717   8.85    120.82
63596   63193   8.71    58.94
63596   63674   9.60    122.19
63619   63028   11.50   108.58
63625   63303   4.70    87.00
63625   63823   9.30    37.40
63631   63969   7.67    59.91
63631   64122   11.50   115.23
63633   63846   10.23   79.65
63647   64059   11.20   76.65
63670   63013   9.82    94.32
63670   63658   6.33    85.96
63674   64077   6.25    59.39
63675   63025   9.18    104.10
63675   63984   9.62    78.89
63675   63670   8.29    107.10
63693   63351   10.00   87.58
63701   63204   8.90    116.40
63705   63761   6.00    80.51
63731   63047   3.00    127.30
63732   63254   8.86    105.66
63751   63777   3.00    43.47
63751   63347   1.50    57.59
63761   63137   15.00   92.71
63761   63819   8.09    78.17
63761   64303   10.45   110.34
63763   63705   6.67    80.94
63763   64303   7.64    114.81
63777   63878   0.00    14.75
63777   63806   0.00    39.85
63782   63758   13.31   61.71
63782   64668   10.65   132.72
63785   64090   0.00    112.57
63785   63014   6.57    140.15
63806   63829   11.00   44.49
63806   63897   0.00    13.98
63819   63866   7.00    78.17
63823   64200   9.63    71.40
63823   64265   10.60   105.14
63825   64309   6.61    74.91
63827   63782   7.88    70.80
63827   63224   9.26    87.28
63829   64236   15.33   60.93
63838   63625   7.50    92.10
63846   64107   8.58    49.86
63861   63825   7.92    63.10
63861   63063   9.53    117.06
63866   63909   7.03    64.74
63891   64373   8.71    115.33
63891   63451   5.13    78.91
63900   64240   1.00    64.12
63900   63680   0.00    51.96
63909   63978   7.69    108.18
63909   63284   11.00   90.47
63915   64450   0.00    102.81
63938   63827   10.23   14.50
63938   63970   10.69   58.45
63942   64745   9.50    118.76
63942   63861   8.36    108.32
63969   64373   7.55    77.24
63969   64421   11.43   116.04
63970   63158   10.35   116.30
63970   64022   10.79   83.98
63971   63942   7.65    55.83
63978   63996   7.75    63.57
63984   64330   7.67    83.76
63996   63838   2.33    91.71
63996   64205   3.00    40.26
64009   63596   10.25   57.59
64009   63971   9.80    65.71
64022   64198   0.00    33.70
64022   64033   8.67    31.41
64024   63365   0.00    118.06
64024   63693   8.15    87.32
64033   64100   8.08    117.12
64033   64830   11.72   116.54
64034   64009   15.00   47.07
64052   63544   10.00   116.34
64059   64394   5.33    51.42
64077   64034   8.75    75.97
64077   64470   10.79   59.88
64087   63984   8.25    43.53
64087   64105   20.00   44.36
64090   64405   7.25    112.67
64100   63305   3.85    116.17
64100   64109   8.75    13.84
64105   64153   7.25    119.04
64107   64504   9.63    79.17
64107   64161   10.44   120.85
64109   64162   8.96    108.60
64109   64921   0.00    116.94
64122   63701   11.00   78.47
64124   63633   13.25   133.58
64148   63751   2.13    60.21
64148   64077   8.55    122.73
64161   63399   10.93   127.74
64162   64237   10.43   122.25
64200   63732   10.75   105.53
64200   64289   3.00    19.09
64202   63701   6.86    117.17
64202   63619   7.38    108.58
64205   64746   7.85    99.04
64205   64703   9.42    100.74
64213   64105   0.00    17.35
64213   64087   3.75    41.57
64236   65060   9.17    117.03
64236   64148   8.50    128.64
64237   64309   10.39   122.98
64237   63437   8.59    115.75
64240   64552   7.25    57.62
64240   64029   0.00    53.41
64265   64746   7.53    105.14
64281   64024   8.32    79.29
64281   63633   15.50   116.61
64289   64701   6.75    75.85
64289   64761   7.82    105.73
64292   64797   9.00    114.74
64292   64052   9.33    47.29
64303   64907   10.18   119.14
64303   64905   14.71   121.34
64307   64236   9.90    122.17
64307   63498   12.70   117.95
64308   64957   11.55   131.02
64308   63866   10.40   90.23
64309   64609   8.95    44.20
64330   64701   11.21   83.78
64331   64384   0.00    8.71
64334   64034   0.00    45.03
64343   64907   7.56    114.88
64343   63763   8.75    118.95
64373   64488   0.00    25.70
64373   64876   8.98    116.42
64375   63553   6.49    118.78
64375   64307   6.52    91.11
64376   64375   3.00    8.37
64382   64376   3.00    17.64
64384   65208   9.30    117.41
64384   64382   10.00   7.61
64394   65149   8.63    107.61
64394   64433   10.38   81.95
64405   64442   0.00    9.37
64405   63731   8.57    127.30
64421   64122   10.75   59.08
64433   64384   9.08    81.90
64436   63978   16.00   100.20
64438   64470   20.00   55.69
64442   64566   0.00    26.55
64450   64604   11.00   25.35
64450   65163   1.00    147.46
64470   64890   3.00    57.15
64476   63785   9.09    131.99
64488   64580   0.00    14.63
64503   64213   4.75    104.44
64504   64281   8.55    66.93
64504   65246   7.80    112.41
64527   65031   0.00    80.74
64552   65149   6.60    107.33
64552   65062   9.67    115.90
64553   64686   10.00   45.27
64566   64604   3.00    7.71
64580   64588   10.00   2.03
64588   64797   10.00   36.50
64588   64052   0.00    115.71
64604   64646   0.00    6.97
64609   65106   7.19    74.09
64609   64673   8.21    86.29
64634   64292   8.67    60.80
64634   65125   8.80    114.17
64646   64819   1.00    31.15
64646   65163   9.44    117.09
64668   64648   8.63    46.52
64673   63861   10.38   118.91
64673   64745   12.60   106.70
64686   64237   9.40    64.79
64701   65184   7.00    88.78
64703   65205   10.00   100.69
64712   64343   9.53    79.25
64721   64668   10.20   86.57
64721   63938   8.52    116.30
64726   64202   3.45    125.23
64745   64767   6.55    53.40
64745   65555   9.27    117.33
64746   65225   10.00   89.00
64746   65088   8.33    91.50
64755   64721   9.05    59.51
64755   63970   16.08   116.44
64761   65225   6.50    105.73
64767   64770   3.00    3.59
64770   63971   13.67   118.79
64770   64813   12.67   65.19
64779   65014   0.00    32.43
64788   64202   9.80    107.77
64797   65125   6.50    59.40
64797   65297   9.92    115.66
64813   64009   6.88    118.87
64813   64890   11.12   122.33
64819   65022   9.80    35.26
64830   64755   9.04    115.07
64830   65416   10.00   85.33
64876   64421   8.20    78.95
64876   65381   9.16    119.41
64890   65701   11.26   117.72
64890   64972   9.55    123.76
64905   65539   11.50   130.73
64905   64308   11.75   117.39
64907   65473   9.40    119.86
64907   65108   15.00   55.43
64914   64100   4.59    117.07
64914   64830   10.75   117.16
64921   65703   5.50    114.37
64921   64914   2.33    13.83
64954   64459   0.00    67.44
64954   64921   13.33   68.22
64957   64436   11.00   100.14
64957   65205   0.00    53.10
64972   64148   2.34    116.78
64972   65060   7.64    128.98
64980   64954   7.25    39.82
64980   64162   8.63    115.40
65012   64767   0.00    49.77
65014   64980   12.60   65.64
65022   65412   8.00    128.58
65022   65210   2.33    35.69
65031   64712   9.93    78.40
65048   64686   10.81   50.57
65048   65014   9.59    57.98
65056   65203   10.00   60.56
65060   65841   9.87    116.08
65060   65127   10.15   121.21
65062   64634   8.27    77.11
65062   65549   7.43    115.75
65066   65384   7.25    75.53
65074   65256   0.00    39.09
65074   65048   12.80   46.47
65088   65501   10.57   92.19
65106   65426   6.95    46.55
65106   65074   8.00    55.03
65108   65377   10.75   72.55
65108   65785   11.63   114.84
65125   65549   6.79    77.37
65125   65619   7.00    115.90
65127   64307   8.95    117.60
65127   65191   7.71    91.68
65149   65672   5.14    76.96
65151   64405   0.00    132.02
65163   65280   10.00   24.05
65184   65649   5.10    88.75
65191   64375   8.51    117.16
65203   64281   9.83    143.13
65205   65790   11.50   119.54
65208   65291   9.00    117.63
65208   66004   5.60    118.04
65210   65945   8.85    139.89
65212   65031   6.67    52.41
65212   65770   10.67   95.90
65216   64476   7.50    131.91
65225   65715   11.50   90.14
65246   65927   8.73    112.57
65252   64588   10.00   118.53
65252   64876   5.50    67.58
65278   65807   8.25    122.14
65280   65519   3.00    47.34
65291   66064   8.13    118.10
65297   65252   0.00    9.39
65312   64721   7.88    85.05
65312   65242   10.13   130.87
65346   65312   10.08   61.73
65346   64755   7.86    85.79
65377   65770   9.57    107.98
65377   66038   9.62    116.54
65381   64788   7.54    107.77
65384   65715   0.00    75.53
65412   65519   0.00    23.06
65412   64819   1.67    134.31
65416   65346   10.21   114.71
65426   66207   10.63   116.41
65446   65210   10.00   57.38
65446   65920   9.09    90.98
65473   64905   16.14   118.51
65473   66105   10.13   136.17
65481   65062   24.33   78.24
65481   65954   7.52    115.64
65483   65426   12.86   100.66
65483   64673   11.00   117.01
65486   64914   5.16    84.91
65486   65416   10.35   116.42
65501   66054   10.25   133.03
65501   65807   1.00    56.67
65519   65739   5.50    53.63
65539   65790   13.25   52.40
65539   64957   12.24   118.94
65549   66019   10.23   114.15
65549   65954   4.00    78.16
65555   65483   12.21   104.57
65555   65939   11.13   59.71
65561   65976   8.00    87.79
65561   65056   8.12    79.75
65587   65212   9.20    102.08
65619   65297   10.00   60.45
65621   64813   9.84    117.26
65621   65555   13.38   121.23
65634   65659   15.00   40.12
65639   65048   9.67    86.81
65639   65670   14.33   65.01
65659   65312   13.20   50.99
65672   66171   10.08   76.96
65701   66512   9.44    118.58
65701   65621   10.20   123.42
65703   66481   20.00   114.37
65715   65982   1.00    52.58
65739   65446   11.58   67.81
65770   66451   12.00   117.09
65770   66396   13.82   143.18
65772   65701   7.68    123.72
65772   64972   4.00    118.04
65785   65473   11.38   84.95
65790   66054   10.00   57.25
65807   66376   13.71   133.77
65807   66158   20.00   71.08
65814   65481   9.00    60.74
65841   65772   10.81   128.46
65841   66683   9.51    120.40
65847   65151   3.00    131.76
65859   65381   7.40    90.56
65859   65252   9.57    121.35
65875   65483   9.55    58.40
65875   65939   9.61    104.86
65906   66002   8.27    132.28
65914   65841   8.67    122.37
65914   65127   8.50    117.07
65916   65216   8.15    132.02
65920   66447   12.17   91.39
65927   66648   10.31   104.05
65927   65587   6.93    101.94
65927   66148   7.71    80.81
65939   66338   11.23   58.39
65945   66585   9.43    137.85
65954   66270   6.82    59.97
65972   65914   6.45    90.93
65972   65191   7.29    117.85
65976   66375   7.47    87.04
65982   66138   0.00    29.56
65985   66558   11.00   123.05
66002   66031   10.11   60.05
66002   65659   9.00    51.71
66004   66823   10.73   118.77
66019   65619   5.50    77.94
66019   66546   7.45    119.83
66031   65346   9.24    102.15
66033   66627   0.00    100.00
66033   66337   3.00    66.32
66038   65785   11.36   72.68
66054   66376   7.43    57.75
66054   66579   10.44   115.57
66064   66888   10.88   118.33
66064   66004   6.78    117.87
66067   66072   0.00    1.16
66105   66579   9.80    92.67
66105   65539   13.71   116.63
66138   66033   8.75    114.19
66146   65639   10.34   77.31
66148   66265   7.43    69.56
66148   65203   9.92    149.72
66158   66558   0.00    71.28
66158   65629   14.33   123.90
66171   65814   5.69    74.83
66171   66221   7.11    6.45
66187   66146   12.40   61.68
66187   66658   0.00    68.11
66188   66799   11.00   145.05
66188   65739   7.00    74.01
66207   67147   7.05    135.72
66207   66187   11.00   37.22
66219   66698   12.67   111.71
66221   66912   8.71    101.16
66235   66623   0.00    55.47
66248   66207   6.25    49.53
66265   65561   8.95    110.80
66270   66723   12.05   78.60
66270   65814   9.33    115.40
66273   66248   13.00   53.67
66273   65875   9.20    59.94
66301   67058   0.00    108.71
66301   66273   11.33   51.71
66338   67279   12.07   135.30
66338   66301   8.79    53.14
66355   65486   5.63    129.01
66375   66746   0.00    75.51
66375   66188   7.22    37.41
66376   66767   6.00    70.68
66376   66883   12.67   116.38
66387   65847   5.85    129.46
66396   66825   8.13    73.38
66422   66338   10.70   121.06
66422   65621   10.42   118.56
66451   66038   8.73    107.81
66481   67260   5.50    114.37
66510   65982   20.00   90.14
66512   66919   4.67    61.93
66512   66422   8.26    122.81
66534   66396   16.67   93.60
66546   65859   8.68    124.95
66552   66002   10.73   77.46
66558   67131   8.00    136.52
66558   66897   3.00    68.64
66576   66031   7.36    77.64
66578   65772   2.88    118.00
66578   66512   8.71    123.10
66579   67080   11.29   117.75
66579   66883   0.00    58.72
66585   66845   6.22    78.61
66585   66987   14.50   137.31
66623   66578   7.05    58.75
66626   66019   9.63    108.06
66648   67074   2.15    67.97
66648   66534   10.00   93.58
66660   65916   8.08    131.99
66683   67605   8.59    135.94
66683   66623   10.47   71.69
66698   67097   8.75    102.35
66718   66683   11.17   71.45
66719   66422   8.29    41.39
66719   66735   6.50    67.24
66723   66221   8.33    115.25
66723   67264   12.22   101.06
66746   67015   0.00    74.68
66751   65914   7.68    119.15
66751   66718   12.29   50.51
66765   66105   9.88    120.13
66767   67131   9.83    70.12
66767   66158   10.75   135.22
66782   66146   10.91   89.76
66803   66751   11.95   89.19
66803   65972   9.40    118.87
66807   66803   0.00    5.41
66820   66807   0.00    22.53
66823   67763   6.00    135.85
66823   66820   8.33    6.32
66825   66451   8.00    103.06
66845   67217   3.00    80.06
66862   66375   5.70    80.02
66862   66265   7.60    106.91
66883   67390   7.83    101.62
66884   66148   11.35   113.14
66888   66823   7.52    120.00
66888   67839   12.17   137.40
66894   66387   4.11    128.94
66897   66510   9.83    88.45
66912   67264   6.38    53.31
66912   66888   9.50    129.77
66919   66844   1.00    42.16
66919   67442   8.75    73.84
66987   67184   4.83    135.67
67045   66825   7.73    127.19
67063   67039   8.76    36.85
67063   66552   10.75   77.46
67074   67198   6.25    21.56
67074   67045   6.47    126.35
67080   67732   11.86   119.40
67083   67171   5.62    82.83
67097   67499   9.58    101.88
67100   67063   7.78    60.27
67100   66576   13.17   77.64
67106   66138   3.00    149.09
67120   66546   10.24   108.41
67131   67520   3.00    70.70
67131   67665   4.75    117.53
67147   67465   1.40    44.01
67161   66825   0.00    70.34
67171   67288   10.19   43.53
67171   67464   10.50   66.45
67175   67100   7.41    115.66
67176   66248   2.00    136.07
67176   67147   8.85    47.97
67183   67161   0.00    3.72
67184   66862   11.67   136.89
67198   67585   7.26    83.22
67198   67790   9.18    88.60
67202   66626   6.50    108.06
67202   66723   11.29   115.80
67210   67270   6.06    87.61
67210   66751   10.31   68.62
67212   66273   10.74   134.63
67212   67176   8.13    55.33
67217   67940   6.22    131.71
67219   66718   0.00    74.75
67224   66767   12.60   108.64
67250   67175   7.62    115.65
67250   66355   4.23    129.01
67260   67250   2.33    13.80
67260   68107   3.00    119.19
67260   67318   3.26    109.87
67270   66803   7.03    68.29
67279   68244   10.21   135.12
67279   67212   11.00   105.15
67288   67609   11.13   145.91
67288   67373   0.00    14.10
67315   67718   0.00    56.71
67318   67398   7.00    122.45
67318   68164   1.00    119.12
67332   66862   4.00    68.38
67332   66884   7.69    108.39
67359   66719   12.80   94.78
67359   67279   11.60   120.54
67367   66660   5.68    131.98
67390   67949   12.46   102.42
67398   66782   9.86    89.76
67398   67465   2.71    98.45
67408   66765   10.19   120.12
67433   66698   10.17   110.00
67442   67359   11.33   123.55
67442   68399   4.11    136.59
67464   67994   7.58    138.50
67465   67612   5.83    21.88
67495   67083   6.20    85.49
67495   67217   3.00    63.97
67499   67183   0.00    43.05
67499   67911   13.50   134.52
67520   66897   9.83    136.76
67520   67914   0.00    75.28
67528   66578   5.20    137.29
67528   67442   8.09    123.75
67557   67183   7.67    110.03
67585   67859   4.37    82.01
67605   67528   10.42   128.55
67605   67960   7.86    49.93
67609   67332   9.26    145.98
67612   68102   5.14    68.79
67627   66894   7.30    131.93
67632   67202   12.67   76.90
67665   68272   10.00   118.89
67675   67612   1.00    104.78
67675   67212   11.67   65.01
67695   67210   11.63   68.06
67695   67743   8.63    86.68
67695   67605   7.20    123.54
67717   67433   11.60   76.23
67720   67367   9.48    61.93
67727   67120   8.57    108.41
67727   67202   9.40    118.87
67728   67557   9.00    108.61
67732   68165   11.46   80.08
67732   67408   12.67   70.70
67733   67328   0.00    56.72
67743   67270   5.71    66.71
67763   67839   8.59    118.13
67763   68721   7.54    135.60
67778   67224   11.63   109.74
67790   67728   10.38   81.30
67827   67464   9.64    78.86
67839   68783   10.90   134.27
67839   67886   7.14    99.58
67859   67332   2.75    76.12
67859   68101   4.25    47.18
67886   67264   8.61    109.04
67894   67063   10.06   119.90
67894   67865   4.55    48.03
67894   67941   12.17   59.22
67911   68481   4.40    135.98
67914   67812   3.00    84.69
67931   67993   0.00    44.17
67940   68663   14.33   131.71
67941   67100   7.75    120.28
67949   68497   9.13    102.43
67960   68046   9.67    122.97
67960   68544   9.00    85.60
67968   67914   3.25    26.29
67980   67433   8.75    78.73
67980   67408   9.69    107.02
67985   67499   11.58   72.23
67985   68555   9.75    85.64
67985   67717   12.29   76.05
67986   67968   0.00    5.57
67993   68014   0.00    20.70
67993   67914   0.00    23.64
67994   67495   3.00    75.76
67999   67986   11.50   4.28
67999   67968   0.00    5.08
68002   67827   7.13    76.64
68014   68179   0.00    42.13
68014   67999   0.00    28.05
68028   68117   0.00    13.95
68028   67520   9.20    112.61
68030   67941   9.50    117.43
68030   68850   9.37    120.33
68038   67398   8.25    90.59
68046   67695   3.00    49.58
68053   67632   8.80    76.85
68053   67264   7.93    124.94
68096   67250   3.09    119.34
68096   68030   9.62    115.17
68101   68156   6.95    130.62
68101   68386   2.85    60.22
68102   68999   7.40    128.73
68102   68038   8.82    100.55
68107   68931   3.25    119.90
68117   67986   3.38    99.41
68149   68028   0.00    24.65
68149   68593   5.50    84.06
68149   68117   2.00    25.00
68156   68554   10.64   85.00
68156   68002   9.43    76.53
68162   68370   11.38   94.14
68162   67827   8.64    103.82
68164   68107   7.33    108.26
68164   69002   6.75    119.43
68165   68610   7.25    80.69
68166   67675   9.00    70.22
68166   68102   10.50   104.28
68167   68225   9.86    75.74
68167   68046   3.00    17.79
68179   68593   11.15   90.41
68179   67999   0.00    25.78
68228   67743   6.40    68.28
68235   68149   10.00   58.08
68244   68166   10.26   104.69
68244   69146   9.54    129.30
68249   68038   4.10    30.15
68249   68164   6.50    121.47
68257   68235   11.50   31.57
68272   68257   20.00   22.25
68290   67994   5.67    45.10
68290   68475   0.00    36.90
68307   68244   10.61   120.73
68307   67359   6.64    135.73
68309   67727   15.00   107.38
68325   67728   7.77    135.95
68349   67627   6.20    131.85
68349   67720   7.42    145.17
68368   67790   8.24    147.91
68368   68325   9.43    136.25
68370   68554   12.46   94.12
68372   67985   10.30   115.61
68386   68922   7.86    114.31
68391   67778   10.32   110.38
68391   68272   5.75    106.00
68399   68307   9.58    123.02
68399   69042   8.91    91.74
68467   68399   7.78    123.15
68467   67528   3.00    135.38
68475   68537   20.00   11.59
68475   68162   9.92    80.73
68481   69057   10.82   135.98
68497   69279   9.13    144.12
68497   68391   8.55    106.10
68537   68684   0.00    19.51
68537   68582   0.00    24.49
68544   68467   5.87    130.98
68544   69474   7.04    130.66
68554   68976   10.20   83.62
68555   68630   1.00    13.30
68580   68290   3.00    49.01
68582   68684   20.00   24.80
68582   68775   9.30    80.94
68593   68910   8.67    61.97
68610   68497   8.18    95.84
68630   68650   0.00    8.47
68631   68167   11.00   68.73
68631   68544   10.20   122.98
68650   68678   0.00    5.89
68650   67980   8.53    125.56
68663   68736   10.16   10.35
68663   69140   7.88    102.41
68668   68235   6.40    72.50
68668   68953   13.20   53.59
68678   68798   3.00    18.45
68678   68709   10.00   29.40
68684   68763   0.00    10.66
68693   68631   5.33    82.08
68693   68228   11.50   68.47
68706   68630   9.80    18.29
68708   68747   6.69    72.09
68709   68610   4.90    74.98
68709   68798   7.14    30.16
68721   68783   9.83    118.94
68721   69628   5.96    131.13
68736   68972   4.43    43.40
68747   67894   11.17   119.58
68747   68772   10.86   59.11
68761   68368   7.84    84.75
68761   68386   10.18   73.11
68763   68580   15.00   68.87
68772   67941   11.11   119.11
68772   69587   11.45   116.47
68772   68850   11.78   114.01
68775   68976   11.13   80.94
68776   68349   7.43    78.13
68783   69698   11.00   130.89
68792   68580   6.50    39.48
68798   68822   0.00    4.09
68806   68916   5.18    91.26
68806   68706   7.89    37.97
68811   68776   0.00    6.25
68822   68862   10.00   12.97
68835   68706   0.00    21.33
68835   68806   7.08    36.75
68837   69212   10.60   67.31
68837   68835   0.00    0.49
68840   69011   0.00    29.22
68840   68372   9.89    116.65
68850   68920   7.73    118.21
68850   69672   6.03    116.78
68852   67886   5.27    137.61
68852   68783   9.50    102.66
68862   68837   0.00    15.45
68862   69329   8.23    63.65
68904   68053   7.83    136.88
68904   68309   10.67   107.49
68910   68997   0.00    11.72
68915   68852   10.08   87.99
68916   68985   9.63    52.76
68920   68096   3.19    119.76
68920   68931   13.33   13.77
68922   69477   7.55    114.31
68925   68257   13.43   124.77
68927   68249   6.80    99.27
68927   68999   8.36    104.63
68931   69002   3.71    108.87
68934   69020   0.00    10.25
68945   68391   9.00    103.65
68953   68997   0.00    6.93
68953   68910   0.00    11.03
68957   68811   0.00    33.19
68972   68957   11.50   5.09
68972   69047   0.00    13.67
68976   69475   9.09    101.73
68980   68915   4.67    87.99
68980   68904   0.00    11.25
68985   69011   6.80    21.05
68996   68916   0.00    10.02
68997   69473   10.80   85.44
68999   69920   7.85    140.06
68999   69060   8.96    104.26
69002   69796   7.50    119.05
69002   68927   2.88    120.53
69011   69059   8.27    47.24
69020   69090   0.00    10.31
69042   69020   0.00    37.98
69042   69315   6.00    37.51
69047   69438   10.67   70.82
69059   69161   5.00    74.07
69059   68840   10.00   46.98
69060   69146   9.44    105.87
69060   68166   8.92    128.54
69075   69475   3.71    77.29
69075   68763   1.00    63.81
69078   68996   3.00    12.38
69078   68985   11.20   51.38
69099   69421   0.00    47.31
69101   68228   5.69    125.32
69112   68668   8.67    77.29
69129   68792   4.17    59.44
69129   69246   3.00    21.02
69138   68761   10.21   77.22
69140   69129   0.00    14.08
69146   69217   10.98   121.29
69146   69485   15.00   50.07
69161   69458   9.77    123.98
69161   69185   5.50    22.42
69185   69207   0.00    22.39
69185   69719   6.25    81.77
69207   69057   3.00    20.62
69207   69248   8.25    35.80
69212   69329   12.11   72.34
69212   69078   10.00   87.71
69217   69315   11.42   124.12
69217   68307   10.33   128.07
69246   69733   9.11    100.71
69246   69267   0.00    7.25
69248   69057   5.33    41.05
69248   69369   4.28    104.56
69253   69140   11.50   18.88
69267   69253   20.00   7.25
69279   68822   11.55   120.41
69280   68747   7.63    75.56
69315   70179   7.68    135.53
69315   69383   7.64    121.47
69329   69809   9.80    77.48
69329   69521   11.15   137.87
69369   69435   8.64    51.82
69369   69512   0.00    20.82
69383   69421   1.50    61.56
69383   68467   3.63    129.70
69385   69466   0.00    62.61
69404   68792   9.58    120.04
69404   69075   2.00    68.41
69406   69742   11.15   70.12
69406   69047   9.35    80.89
69421   69474   7.14    68.53
69435   69506   7.75    69.60
69438   69800   3.30    73.25
69441   69279   11.00   45.68
69441   69519   0.00    30.54
69443   69473   0.00    9.31
69443   68953   11.50   88.11
69454   69443   0.00    4.35
69458   69626   10.43   122.50
69466   69490   0.00    20.03
69473   69490   10.00   2.63
69474   69776   12.50   47.36
69474   69549   8.71    124.27
69475   69590   8.67    25.63
69477   69644   7.11    35.78
69477   69607   1.00    24.91
69485   69507   20.00   35.52
69485   70035   5.50    88.00
69490   69523   0.00    4.29
69496   69454   0.00    20.53
69506   69138   10.45   77.41
69506   69607   7.96    91.95
69512   69435   10.00   49.53
69515   69454   0.00    10.55
69515   69496   0.00    15.16
69519   68945   8.80    103.73
69519   69588   0.00    36.04
69521   69441   10.00   12.55
69523   69633   0.00    21.17
69523   69550   0.00    8.17
69529   69112   14.33   77.29
69529   69496   10.00   52.83
69530   69515   0.00    2.67
69541   69253   8.67    58.07
69541   69406   3.00    27.69
69545   69530   0.00    3.30
69549   68631   10.96   130.00
69549   69606   10.82   85.08
69550   69551   3.00    4.63
69551   69739   3.00    35.73
69551   69545   0.00    3.31
69552   69519   9.85    8.00
69552   69521   10.63   29.44
69561   68776   6.29    143.81
69569   69597   3.00    54.00
69569   69280   9.00    63.77
69587   69885   8.14    47.67
69587   69569   8.56    28.12
69588   69552   4.00    39.44
69590   69644   0.00    69.82
69590   69944   3.43    59.63
69597   69280   8.88    56.17
69597   69889   20.00   70.66
69599   68925   10.00   124.67
69599   69529   11.40   116.66
69599   69588   10.50   65.49
69606   69608   0.00    5.10
69606   68693   3.65    131.21
69607   69639   6.38    30.54
69608   69612   11.50   15.57
69612   69622   2.00    7.11
69612   69101   4.81    75.61
69622   69628   0.00    6.71
69626   69809   10.77   140.11
69626   69212   5.86    79.16
69628   69648   0.00    3.00
69628   69698   7.20    120.16
69633   69550   0.00    21.39
69639   69644   8.94    9.49
69644   69834   2.80    49.76
69648   69922   9.00    47.39
69648   69839   0.00    32.04
69650   69606   0.00    6.07
69672   69587   9.38    116.45
69698   69746   7.04    101.52
69698   70325   7.22    100.54
69707   69639   11.20   47.77
69711   69383   4.07    49.07
69711   69776   0.00    130.47
69719   69512   10.65   148.78
69719   70150   8.05    70.02
69726   69672   6.35    117.04
69726   68920   3.18    117.57
69733   69404   9.40    71.29
69735   69726   6.50    13.03
69735   68931   2.20    117.62
69739   69530   11.50   36.73
69742   69438   7.40    75.59
69742   70075   13.33   72.56
69746   68852   8.60    129.65
69746   69873   10.61   105.81
69768   69404   13.33   76.30
69776   70005   7.00    38.07
69783   68980   10.27   139.98
69796   69735   6.65    109.09
69800   70253   9.50    92.43
69800   70075   7.71    70.23
69809   70287   8.47    77.90
69809   69937   11.50   97.09
69834   69944   3.00    23.72
69835   69561   25.40   53.11
69836   69840   10.00   59.85
69836   69541   9.50    64.52
69839   70022   0.00    29.88
69839   69612   3.00    37.68
69840   69733   9.00    25.76
69840   70165   9.00    51.29
69846   69707   7.78    109.98
69860   69796   7.31    116.72
69860   68927   11.26   139.07
69865   69541   7.67    69.86
69865   70334   10.90   101.54
69866   69719   8.50    109.98
69873   69783   7.00    17.61
69885   70418   9.22    81.85
69918   69633   10.00   53.96
69920   69860   9.86    105.02
69920   70449   7.30    79.79
69922   69839   0.00    15.72
69922   70480   0.00    83.17
69936   69711   9.00    38.10
69937   70062   13.20   97.09
69944   70027   3.71    14.48
69948   70098   3.00    96.57
69948   69873   8.67    13.91
69977   69920   7.53    104.77
69977   69060   9.79    139.37
69991   69846   9.07    109.98
69992   69948   0.00    8.39
70003   69866   8.69    109.94
70003   69626   6.17    80.02
70005   70313   10.67   47.92
70005   69936   1.00    130.62
70022   70989   0.00    142.28
70023   69836   2.50    42.36
70023   69840   7.25    42.60
70027   70208   9.03    119.19
70027   70659   6.38    96.24
70027   70120   8.70    28.87
70035   70389   7.83    54.19
70035   69977   4.92    104.81
70058   69733   0.00    75.66
70062   70196   10.91   95.57
70062   69599   10.00   98.04
70068   69948   20.00   96.37
70075   70195   2.00    29.33
70075   70536   13.45   95.48
70098   70249   2.57    96.64
70108   69217   8.41    137.72
70108   70035   8.18    121.71
70120   69768   9.22    76.29
70120   70425   11.50   68.51
70127   69561   10.29   138.89
70145   69836   20.00   48.50
70150   70413   7.67    40.68
70150   69991   9.36    109.98
70154   70003   8.27    104.00
70159   69992   4.36    30.00
70173   69885   10.00   120.54
70179   70720   7.13    79.75
70179   70108   9.55    123.38
70192   70199   3.00    21.87
70195   70681   3.71    96.96
70195   69865   6.43    71.37
70196   70342   5.40    93.94
70196   69529   6.17    136.67
70199   70472   13.91   104.35
70199   70159   0.00    9.07
70208   70355   9.62    91.90
70212   70023   7.25    42.94
70220   70023   0.00    41.87
70220   70212   11.20   59.98
70243   70179   9.78    123.13
70243   69936   4.50    47.70
70247   69835   7.89    108.28
70249   70286   5.57    135.20
70249   70353   3.00    76.23
70253   70634   7.67    115.07
70253   70810   0.00    95.97
70256   70249   0.00    0.92
70286   70127   2.00    135.26
70287   70826   8.78    76.64
70287   70154   10.00   104.02
70291   70150   10.92   109.41
70307   70199   3.00    21.19
70313   70243   9.17    130.91
70313   70880   5.56    79.67
70334   70212   8.67    25.28
70334   70718   11.50   76.49
70342   69739   8.36    106.26
70344   70068   8.00    97.31
70345   70192   0.00    94.35
70353   70423   6.86    76.12
70355   70883   10.00   77.04
70355   70521   9.19    109.43
70363   70313   9.25    77.39
70363   70060   0.00    72.33
70369   70173   9.29    39.37
70372   69860   8.00    80.04
70377   70256   0.00    19.14
70387   70363   8.30    46.73
70387   69549   8.65    132.08
70389   71142   7.80    105.54
70402   70389   0.00    13.04
70413   70684   9.50    39.20
70418   70369   9.40    62.46
70418   70486   13.47   115.68
70423   70247   7.79    105.78
70423   70676   0.00    72.98
70425   70785   8.00    71.83
70425   70058   6.00    75.66
70446   70413   5.33    20.79
70448   69650   5.77    125.19
70448   70387   5.31    84.98
70449   71003   6.81    79.96
70449   70372   9.94    105.27
70453   69922   0.00    133.09
70453   70344   13.00   34.31
70466   69735   2.67    112.52
70469   70291   12.20   109.41
70469   70003   11.36   70.22
70471   70287   9.08    111.25
70472   70453   10.00   91.07
70472   70793   0.00    107.16
70480   70603   1.00    78.27
70486   70559   11.18   116.35
70512   69977   9.08    79.82
70521   70684   7.73    110.60
70524   70402   0.00    46.36
70525   70377   0.00    19.96
70532   70345   10.35   94.43
70532   70525   0.00    0.48
70536   70867   9.08    93.59
70559   69726   5.02    126.31
70603   70453   8.00    45.28
70609   70446   9.20    98.99
70634   70676   0.00    23.32
70635   70532   0.00    76.30
70636   70471   10.85   111.25
70636   70196   9.86    79.89
70645   70469   10.13   119.54
70648   70108   6.42    79.77
70659   71355   9.14    96.04
70659   71429   5.68    102.82
70659   70858   9.65    121.16
70676   70713   8.10    32.04
70676   71185   3.00    102.75
70681   70334   3.83    70.69
70681   71073   11.67   76.56
70684   70446   7.67    44.55
70684   70973   9.17    44.01
70713   70724   7.57    38.63
70718   71120   10.00   76.49
70720   71316   7.00    79.74
70723   70635   9.56    76.27
70724   70723   8.67    1.13
70748   70469   7.57    42.05
70748   70609   6.50    98.99
70752   70532   4.15    109.22
70785   70220   8.86    110.53
70785   71120   9.83    67.06
70793   71279   15.75   108.65
70795   70243   6.08    79.70
70799   70636   13.29   112.97
70810   70867   0.00    19.92
70810   71088   20.00   42.22
70826   70645   9.41    119.54
70841   70387   11.50   63.14
70841   70861   20.00   38.87
70850   70369   11.18   103.31
70858   70962   10.31   70.93
70858   70208   8.48    94.95
70867   71088   8.67    31.81
70880   71482   8.89    79.67
70883   70997   1.00    17.16
70883   71045   0.00    29.61
70909   70939   9.32    54.26
70934   71264   0.00    134.26
70937   70826   9.20    77.59
70939   70372   9.41    80.40
70939   71003   9.32    105.48
70962   70997   7.75    21.86
70962   70883   0.00    28.43
70966   70752   18.25   108.83
70970   70724   10.00   85.88
70973   71391   7.44    51.71
70989   70603   0.00    103.84
70989   71676   0.00    97.47
70997   71045   6.80    23.45
70997   71159   7.71    20.81
71003   71897   6.48    119.51
71003   71074   8.83    104.81
71005   70681   7.83    67.69
71010   71251   9.14    95.12
71025   70748   3.00    39.60
71025   71010   7.73    94.81
71045   71197   8.91    86.47
71045   71159   0.00    31.86
71061   70989   0.00    12.90
71063   70937   7.83    77.59
71063   70636   9.00    79.38
71073   71502   10.33   76.56
71074   70512   11.00   79.82
71074   71142   8.36    104.61
71088   71473   11.18   112.41
71115   70418   11.55   98.21
71120   71502   11.50   71.36
71123   71061   0.00    13.10
71129   71123   0.00    1.50
71135   71602   3.00    81.59
71135   71025   8.64    67.37
71142   71238   6.10    122.07
71142   71479   12.33   42.70
71159   70962   10.00   31.09
71159   71681   8.19    73.68
71174   71129   0.00    8.96
71174   70448   8.06    101.32
71185   71187   0.00    0.46
71187   71473   10.33   114.77
71190   70486   10.86   97.89
71190   71115   10.73   115.63
71197   71869   9.71    95.11
71197   71391   9.92    111.47
71197   70521   9.13    94.48
71203   71063   7.88    78.75
71238   71316   9.67    123.24
71238   70648   7.89    79.77
71251   70973   10.86   54.78
71263   71190   10.50   116.37
71263   70559   3.78    98.54
71264   70307   5.93    144.58
71278   71263   5.50    13.33
71278   70466   0.00    112.52
71279   71775   0.00    88.47
71290   71135   7.20    83.10
71316   72191   9.57    121.64
71316   71406   10.35   123.07
71355   70785   4.17    107.06
71377   70970   9.19    86.84
71377   70966   3.00    109.82
71379   71005   9.00    67.68
71391   71760   6.57    55.87
71391   71463   7.67    52.90
71406   70795   2.09    79.70
71406   71482   12.25   131.85
71424   70858   8.84    76.29
71429   71859   6.07    66.09
71435   70826   10.68   83.04
71435   71290   6.62    83.10
71439   71355   9.40    11.82
71439   71429   5.58    37.28
71443   71005   10.30   76.24
71456   71470   10.00   22.82
71463   71594   9.19    82.30
71463   71251   9.91    28.53
71470   71479   7.33    10.84
71473   71527   0.00    13.44
71479   72040   7.60    79.04
71482   71559   8.53    123.95
71482   72361   6.67    121.51
71497   70934   0.00    80.16
71502   71827   8.21    68.39
71502   71895   4.67    75.54
71514   71435   10.50   59.44
71527   71379   10.00   38.94
71527   71768   6.50    59.96
71556   71190   8.44    48.31
71559   70841   5.18    96.20
71559   71590   6.36    54.60
71590   71174   5.87    67.60
71594   71707   14.08   82.31
71602   72038   9.00    81.59
71630   71514   9.25    79.84
71648   71463   3.00    30.17
71668   71527   11.50   26.61
71669   71435   0.00    54.20
71669   71514   20.00   29.86
71676   72237   3.00    95.26
71681   71424   8.97    73.27
71681   72288   4.91    83.31
71681   71869   8.81    109.63
71687   71668   20.00   3.21
71707   71880   7.08    99.94
71707   71025   9.06    95.14
71752   71630   5.50    79.84
71754   71379   9.57    76.10
71755   71768   10.00   40.19
71760   71648   4.31    54.28
71760   72056   7.55    40.26
71768   72229   2.43    101.50
71775   72628   3.00    134.51
71775   72025   30.44   79.42
71780   71897   9.81    106.54
71780   70939   8.41    114.73
71785   71687   7.72    15.16
71785   71377   8.31    112.23
71788   71590   0.00    36.83
71788   71129   7.17    113.20
71800   71755   10.83   9.44
71824   71264   3.00    85.26
71827   72169   7.00    68.00
71827   71443   9.90    76.24
71859   71424   10.26   116.55
71859   72602   7.10    96.86
71862   71800   4.71    10.73
71862   71785   7.55    17.85
71869   72056   8.59    111.94
71880   72038   9.44    99.94
71884   71120   10.67   142.87
71884   71439   14.13   67.00
71895   72294   14.33   75.54
71897   72845   5.67    123.75
71897   71977   10.08   104.85
71921   71862   7.50    12.43
71921   73020   9.25    142.61
71969   71278   2.00    95.43
71977   71074   8.28    121.91
71977   72040   9.44    104.61
71995   71263   6.48    99.85
72025   72420   6.10    129.00
72025   71497   4.80    80.16
72025   72946   3.00    130.75
72038   72220   9.86    111.27
72040   72114   12.00   122.02
72040   72996   9.85    121.96
72056   72551   7.58    90.63
72062   71785   6.50    38.72
72062   71862   2.00    39.56
72114   71238   8.52    121.78
72114   72145   9.42    41.40
72145   72167   10.55   39.99
72145   73120   8.69    122.52
72167   73154   10.68   122.64
72167   72191   10.32   41.95
72169   71754   3.00    76.10
72169   72229   2.50    12.46
72169   72559   5.80    65.04
72191   73179   8.27    122.82
72191   72273   9.93    123.00
72220   71669   20.00   78.20
72220   72421   10.46   118.60
72229   72559   6.76    66.61
72229   72276   1.00    9.71
72231   71827   10.88   75.75
72237   73126   2.33    118.35
72265   71788   3.00    75.81
72265   71559   6.00    98.20
72271   72038   11.44   84.31
72273   71406   4.39    121.58
72273   72322   9.25    65.24
72276   72327   3.00    10.46
72288   72346   4.36    28.11
72288   72503   1.00    113.68
72294   71884   4.60    72.44
72294   72769   6.80    84.74
72297   72824   7.36    72.89
72297   71648   8.82    128.15
72322   72361   9.23    67.40
72327   72363   6.08    8.77
72346   72518   4.00    68.06
72361   72450   10.08   113.30
72361   73382   7.41    123.69
72363   72734   9.80    56.80
72363   71921   6.50    117.66
72415   72297   8.09    61.55
72415   71707   9.21    95.42
72420   71824   6.04    85.26
72450   72265   6.27    25.31
72466   72503   6.06    114.17
72493   72540   10.00   48.12
72503   72649   5.06    104.15
72518   72602   5.33    41.40
72532   72415   10.17   60.23
72532   72271   7.00    84.31
72540   71977   8.82    71.92
72551   72796   5.60    41.73
72551   72755   0.00    26.46
72559   72836   6.50    67.65
72602   72631   11.30   3.70
72602   71884   7.00    128.26
72628   73126   3.00    68.39
72631   72675   2.00    5.96
72631   72817   0.00    33.99
72649   72755   3.41    87.43
72649   72056   5.74    78.67
72673   72220   9.33    70.57
72675   72769   8.67    76.85
72675   72902   5.33    30.93
72683   72294   0.00    68.48
72683   72231   2.33    75.75
72704   71780   9.86    119.16
72718   72941   2.82    92.14
72727   72363   5.78    85.04
72734   73215   12.00   114.77
72734   73626   7.42    109.06
72755   72905   2.00    21.20
72755   72796   4.67    27.64
72769   72683   11.38   112.65
72772   72532   6.82    138.02
72772   73189   10.00   56.59
72788   72718   6.46    91.47
72788   72649   5.03    22.73
72796   72951   3.14    22.25
72796   72824   12.21   28.54
72817   72466   8.74    115.36
72818   72062   0.00    105.94
72824   72982   4.67    125.33
72826   72772   6.60    36.03
72826   72673   6.00    57.38
72836   72955   2.33    29.31
72845   72910   9.33    104.84
72902   73438   2.24    62.85
72902   72817   6.29    27.17
72905   72788   4.89    99.71
72910   72540   8.55    49.71
72910   72996   11.21   104.40
72931   72826   10.75   59.94
72931   72673   10.00   33.99
72939   72727   10.00   55.78
72941   72995   0.00    16.45
72946   72628   18.08   105.39
72946   73979   9.80    138.63
72950   72931   3.00    11.44
72951   73614   10.00   86.75
72951   72905   8.64    37.38
72952   72322   10.00   80.07
72955   73071   8.24    26.21
72955   72683   10.00   45.67
72982   73189   4.27    139.45
72982   72532   4.25    63.94
72995   73146   0.00    43.95
72996   73085   7.91    122.28
72996   74016   7.47    127.83
73020   74147   9.50    142.68
73071   73210   7.70    98.78
73085   73120   7.40    41.82
73085   72114   8.00    122.35
73105   72939   22.00   35.68
73105   72955   3.00    19.77
73120   73154   7.30    40.31
73126   73707   0.00    71.13
73139   72951   7.15    138.45
73139   72982   6.67    19.64
73146   73201   0.00    14.92
73154   73179   10.00   41.20
73179   74167   6.07    126.72
73179   73300   8.00    122.91
73180   73105   0.00    9.00
73189   73282   3.91    29.77
73201   73365   0.00    50.85
73210   72902   5.36    99.39
73215   72727   5.33    59.49
73255   73071   9.77    24.36
73255   73105   3.00    23.50
73282   73522   5.17    84.44
73282   73349   3.00    80.77
73300   72273   7.41    123.20
73300   73309   0.00    9.82
73309   73815   6.50    84.43
73309   73382   9.21    123.86
73329   73255   0.00    14.76
73329   73454   0.00    19.80
73344   73180   0.00    16.69
73357   73139   3.18    135.25
73357   73722   10.50   52.24
73365   73567   0.00    27.32
73365   73438   0.00    47.21
73382   74171   7.37    104.83
73389   73563   20.00   41.46
73389   73329   0.00    22.30
73404   72946   8.14    127.03
73404   72420   6.30    132.65
73438   73532   6.03    12.95
73438   73452   6.40    80.45
73452   73389   3.86    80.51
73454   73563   0.00    14.89
73483   72450   3.00    131.31
73513   73215   3.11    36.59
73520   73344   0.00    23.93
73520   73513   1.00    80.37
73520   73255   5.50    39.38
73532   73567   5.83    45.14
73532   73644   1.00    14.34
73550   74285   5.68    148.34
73563   73580   0.00    2.26
73567   73613   7.45    97.58
73580   73550   9.80    46.58
73580   74180   0.00    80.08
73613   73641   7.45    97.58
73614   74201   10.00   86.69
73617   72818   3.00    105.96
73626   74422   9.86    109.06
73634   73972   0.00    48.55
73641   73654   10.00   10.67
73641   72788   2.50    147.18
73644   74285   5.53    105.45
73654   73789   8.53    41.35
73686   73357   6.93    110.62
73707   74478   8.86    103.68
73707   73979   4.23    86.40
73722   73836   3.00    34.38
73722   74036   10.00   47.76
73789   73997   7.49    64.06
73789   74314   5.83    81.58
73795   73520   4.25    34.25
73815   74171   7.82    82.71
73960   72910   9.47    128.49
73968   73139   6.06    114.38
73972   74535   0.00    83.87
73972   74018   0.00    15.07
73979   74330   3.70    129.02
73995   73795   2.50    26.65
73995   73580   0.00    57.29
73997   74201   8.07    65.24
74036   74351   9.83    48.87
74036   74146   0.00    34.42
74082   74107   8.34    119.51
74082   73641   8.62    80.23
74093   73085   5.50    127.36
74107   74145   11.54   43.93
74107   74731   3.00    96.57
74145   74629   7.81    75.79
74147   75149   9.87    142.71
74171   74565   4.00    109.53
74171   74315   8.13    20.58
74180   74879   6.50    100.49
74180   74833   4.00    93.16
74201   74613   9.37    131.45
74201   74715   9.89    78.82
74242   73300   4.97    126.13
74242   74167   8.00    122.93
74285   74404   1.67    20.49
74314   74673   8.69    52.11
74314   74082   9.41    74.20
74315   74242   8.94    132.52
74315   74444   6.23    17.48
74330   73404   8.00    134.52
74333   73617   2.43    105.97
74351   73968   9.74    129.08
74351   74969   8.63    99.48
74404   75358   4.70    142.28
74422   75193   7.05    109.06
74444   75246   4.49    118.68
74473   73483   3.90    132.19
74478   74499   0.00    4.06
74478   74702   100.00  31.91
74487   74473   0.00    2.28
74499   74487   0.00    40.84
74518   73997   9.17    77.78
74535   74351   9.86    49.65
74565   74702   7.20    48.79
74565   74473   0.00    11.95
74571   73995   8.57    78.97
74576   74571   6.50    69.63
74576   73513   9.36    141.07
74587   74444   4.25    80.86
74587   74315   6.03    84.12
74613   73968   9.50    98.30
74613   74969   8.59    128.51
74629   75387   7.33    122.51
74629   74404   8.08    64.05
74647   74565   0.00    11.96
74647   74587   5.83    25.41
74673   75156   9.12    80.96
74702   74918   8.00    77.38
74702   74734   8.33    29.24
74702   74765   1.00    10.65
74715   75037   9.83    55.21
74715   75070   9.94    130.90
74731   74629   9.00    41.01
74734   75062   3.91    126.84
74734   73979   6.22    115.55
74765   74868   20.00   16.15
74765   74647   11.20   48.23
74816   74731   10.00   32.47
74833   75493   0.00    93.17
74848   74868   0.00    6.49
74865   74848   0.00    36.50
74868   75033   0.00    23.90
74879   75590   11.23   100.47
74899   74647   2.33    38.99
74899   74865   0.00    6.19
74918   75147   0.00    77.35
74921   75156   6.96    75.07
74921   74082   9.31    132.59
74966   74765   6.16    75.02
74991   74816   7.69    62.61
74991   74921   19.00   22.80
75009   74333   4.40    105.87
75033   75993   0.00    140.07
75037   74673   9.82    129.66
75037   75866   9.58    130.20
75062   74330   7.94    116.48
75063   75177   2.14    35.57
75063   75009   5.33    35.75
75070   74613   8.10    76.79
75102   75217   0.00    16.42
75102   75063   4.75    63.44
75106   75112   5.73    16.51
75112   75157   8.85    14.47
75118   75106   0.00    20.53
75135   75137   3.64    63.93
75137   74333   4.84    133.03
75137   75177   6.00    86.35
75147   75062   0.00    11.62
75147   75412   11.50   94.47
75149   75135   7.28    55.08
75154   74242   11.67   130.70
75156   75468   10.00   47.99
75157   75102   5.64    90.94
75171   75118   4.85    90.12
75174   75106   0.00    9.11
75174   75157   1.00    29.39
75177   75217   3.44    86.38
75177   75009   3.00    23.79
75193   75812   7.24    98.89
75193   75149   6.95    90.55
75202   74966   3.83    75.02
75202   75147   0.00    8.02
75216   75279   9.00    59.21
75216   74991   8.09    32.49
75217   75272   4.74    102.09
75223   75118   1.00    38.11
75223   75174   5.57    56.59
75224   75223   0.00    0.71
75227   75171   5.73    90.12
75227   75332   3.00    14.90
75247   75227   50.00   30.38
75260   76044   9.50    130.50
75260   75037   9.52    66.68
75272   75174   0.00    27.46
75272   75282   2.33    8.03
75279   74816   8.97    66.46
75279   75387   5.14    108.00
75282   75306   0.00    82.97
75282   75382   2.37    112.96
75286   75033   10.00   148.90
75286   75202   0.00    11.02
75295   75062   3.40    78.87
75306   75402   4.25    139.05
75332   75402   0.00    10.27
75332   75224   6.35    147.59
75334   75247   5.79    92.50
75338   74576   10.73   110.55
75338   75193   5.57    97.63
75353   75332   1.79    29.90
75353   75247   0.00    15.35
75358   75672   5.90    49.62
75358   75532   2.98    50.25
75382   75458   6.14    112.79
75387   75532   9.42    24.67
75402   75458   0.00    9.18
75402   75420   3.00    29.30
75412   75423   2.00    93.55
75420   75482   3.00    87.51
75420   75353   0.00    9.71
75423   75353   0.00    89.44
75423   75334   20.50   12.82
75450   75260   9.65    63.96
75450   75070   9.81    57.94
75452   74571   2.00    129.64
75452   75338   1.00    53.96
75456   75202   7.24    96.07
75458   75480   4.57    28.66
75458   76130   6.33    108.77
75468   75216   9.52    82.66
75468   75866   8.34    132.03
75480   75482   8.17    91.59
75480   75420   0.00    8.26
75482   75456   5.35    95.12
75482   75423   0.00    8.00
75493   76393   0.00    142.10
75493   75452   2.00    13.62
75532   75764   1.00    38.27
75590   75493   8.78    48.70
75672   75590   9.28    37.51
75699   75672   5.47    15.34
75715   75450   6.80    44.40
75715   75864   0.00    46.12
75764   75699   3.78    30.55
75764   75904   1.00    25.82
75789   75532   3.50    90.79
75812   76438   5.00    100.21
75817   75450   9.50    128.15
75821   75338   0.00    85.62
75821   75452   3.50    55.17
75832   74899   3.00    134.06
75835   75135   3.00    100.47
75835   75865   10.67   49.48
75865   75940   0.00    13.14
75865   76057   9.80    87.11
75866   76044   9.47    64.40
75866   76527   8.28    117.25
75867   76076   5.38    35.05
75867   75137   10.00   114.33
75896   75835   0.00    53.61
75904   75699   8.67    35.70
75904   76614   1.83    119.97
75940   75973   13.29   101.57
75940   76560   8.63    104.09
75973   75896   14.33   14.41
75979   75279   7.38    108.10
75979   75789   5.14    65.48
76003   75789   10.00   35.82
76003   76240   10.00   84.87
76030   75177   12.20   136.29
76044   76214   8.35    65.06
76057   76438   7.00    89.50
76076   75896   11.50   68.99
76076   76345   0.00    55.05
76082   76130   0.00    25.72
76082   75480   5.58    99.36
76103   75286   9.63    136.11
76130   76726   1.33    105.25
76153   75867   10.00   49.55
76153   76076   11.50   20.74
76168   75468   8.73    118.24
76168   75979   4.67    66.66
76214   76577   8.63    127.43
76214   75715   8.89    86.22
76240   76530   0.00    85.75
76277   76003   10.43   46.27
76277   76533   10.00   89.43
76345   76153   7.80    36.36
76390   75590   8.60    128.13
76393   77322   1.00    142.04
76425   76724   0.00    47.33
76438   76808   8.73    62.97
76497   75821   5.60    107.25
76527   76168   4.42    130.54
76527   77339   8.64    136.50
76533   76799   0.00    89.45
76560   77183   11.63   104.02
76588   75973   9.10    99.19
76614   77373   5.85    121.09
76614   76659   13.25   17.58
76630   76331   2.33    42.38
76659   76277   9.25    61.48
76659   76991   7.64    117.69
76706   76082   0.00    104.50
76724   76527   3.33    62.48
76808   77183   3.00    117.46
76808   77198   6.25    70.20
76825   76030   5.64    136.29
76863   77217   0.00    62.68
76907   76214   8.25    117.26
76907   76724   4.15    67.31
76991   77502   8.13    87.67
76991   77165   8.91    66.06
77023   76768   0.00    41.98
77025   77065   11.00   9.93
77090   76345   6.13    121.15
77127   76907   2.96    80.29
77165   77217   10.75   24.11
77174   77499   10.00   98.13
77174   76588   3.00    98.62
77183   77656   5.40    97.40
77198   77322   8.67    21.64
77198   76497   1.67    107.26
77217   77339   9.87    41.48
77239   76390   10.75   128.38
77322   77637   10.36   56.82
77322   77615   0.00    46.19
77339   77687   8.44    128.91
77339   77871   10.05   94.53
77373   78128   6.80    122.01
77499   77065   11.50   73.72
77502   78021   8.88    88.04
77527   77183   9.36    95.73
77527   77025   13.33   82.19
77587   77174   8.29    86.71
77602   77198   4.30    63.37
77615   78392   1.91    122.92
77615   77602   0.00    12.20
77632   76825   8.21    136.29
77637   77615   0.00    34.33
77637   78162   8.36    99.00
77656   78135   10.60   98.10
77687   76907   8.00    134.42
77699   77527   30.00   32.37
77699   78322   7.35    137.64
77782   77090   8.00    121.15
77871   78410   9.90    94.53
77984   77499   9.83    99.71
78021   77165   12.00   149.73
78021   78346   7.75    58.87
78041   77239   6.00    127.84
78128   78788   6.40    107.57
78135   77602   67.00   85.51
78162   78547   6.85    66.15
78162   78041   5.33    42.28
78179   78041   3.00    28.23
78189   77699   8.67    99.11
78346   78486   9.57    23.58
78346   78410   0.00    19.55
78392   78928   0.00    80.94
78410   78486   8.73    13.33
78410   78793   5.80    131.56
78486   79354   10.00   144.96
78547   78128   3.00    129.94
78547   78663   20.00   23.93
78663   78686   0.00    3.80
78663   78782   0.00    48.10
78686   78806   20.00   17.28
78732   78135   6.00    90.67
78788   79412   8.17    107.57
78806   78477   8.00    92.71
79011   78686   0.00    94.74
79011   78392   8.87    112.64
79058   78766   0.00    86.70
79313   79040   3.00    83.58
40670   40646   3.00    15.79
40695   41133   3.00    115.81
40748   40670   3.00    61.28
40761   41020   11.50   71.09
40761   40873   12.71   70.66
40835   40748   11.20   75.23
40840   41254   12.00   117.52
40861   40466   13.33   111.30
40861   40695   9.89    127.10
40873   40861   0.00    2.91
40873   41173   10.75   138.46
40905   40670   12.82   74.71
40940   41184   9.00    59.92
40940   40835   7.00    75.37
40999   41390   10.73   112.24
41020   41051   11.50   17.78
41034   40828   7.76    86.80
41051   40873   10.00   52.37
41051   41241   8.10    82.75
41133   41034   11.29   63.53
41165   40905   6.00    77.31
41173   41133   10.00   45.45
41184   41439   12.22   101.01
41184   41635   7.29    110.02
41216   41173   11.50   45.96
41216   41510   11.50   67.06
41241   41216   9.20    26.56
41247   41468   11.50   63.45
41254   41052   13.31   66.85
41304   41241   10.67   65.60
41304   41020   12.92   69.10
41373   40905   9.50    117.06
41373   41304   10.00   75.61
41390   41254   11.50   49.36
41439   41655   11.00   77.54
41439   41165   11.33   77.32
41446   41263   8.67    90.94
41446   41796   11.00   77.37
41468   41767   10.85   69.47
41510   41446   3.00    50.32
41529   41510   8.67    14.28
41529   41874   20.00   76.07
41600   41934   10.50   79.69
41616   41390   10.56   82.80
41616   41624   10.00   110.59
41624   41247   10.30   114.36
41635   41923   9.14    105.87
41655   41373   9.80    88.88
41663   41799   9.20    52.92
41726   41281   10.07   103.50
41726   41616   13.21   78.00
41738   41373   18.78   77.77
41767   41799   3.00    31.09
41773   41529   12.90   99.85
41796   41874   12.50   77.17
41796   41835   9.80    14.00
41804   42243   0.00    142.15
41835   41726   9.87    92.36
41835   42085   7.67    62.79
41840   41468   11.50   112.37
41863   42243   6.67    96.29
41874   41773   12.44   99.00
41923   41655   8.83    74.33
41923   42043   9.18    46.66
41934   42236   7.86    76.92
41934   41863   10.00   52.22
41945   41840   8.67    108.79
41947   42399   12.72   110.90
41947   41945   8.85    75.17
42019   42130   5.33    45.93
42043   42064   9.00    76.22
42064   42094   3.00    124.56
42064   41738   16.60   78.02
42085   42204   9.54    30.61
42085   41947   9.94    113.20
42094   42125   8.80    124.56
42099   42355   5.09    67.95
42130   41923   8.67    63.46
42189   41921   2.00    78.39
42204   42397   12.41   73.26
42236   42549   5.67    76.93
42243   42489   11.20   59.62
42249   42586   13.63   82.47
42252   42019   10.00   77.80
42266   41767   0.00    140.93
42282   42022   6.40    79.87
42309   42668   10.50   98.00
42316   42339   0.00    5.66
42331   42382   8.05    90.31
42339   42805   3.00    111.70
42355   42375   2.33    6.29
42367   42355   8.00    101.09
42375   42049   5.71    101.34
42375   42617   4.79    56.59
42382   42068   6.07    93.71
42382   42451   4.67    50.38
42386   42367   9.00    101.09
42386   42658   11.20   58.90
42389   42130   10.29   81.56
42397   42499   0.00    55.68
42399   42499   0.00    20.75
42399   42397   8.33    50.72
42451   42486   10.56   21.40
42451   42189   0.00    78.40
42457   42586   11.32   50.25
42457   42043   4.25    114.43
42468   42399   24.33   42.81
42486   42555   8.40    38.03
42489   42675   0.00    46.22
42499   42505   0.00    9.02
42505   42609   9.80    102.77
42510   42708   3.00    84.74
42513   42468   0.00    64.55
42549   42809   6.40    58.74
42549   42489   14.86   54.90
42552   42760   17.50   47.98
42552   42292   0.00    61.36
42555   42727   8.93    64.65
42555   42282   3.00    79.87
42556   42389   4.22    79.11
42556   42252   14.50   79.32
42570   42711   0.00    128.33
42586   42707   17.00   48.63
42586   42869   14.60   80.90
42600   42397   14.33   56.13
42609   42702   13.83   102.82
42617   42708   6.13    24.62
42617   42629   3.13    86.14
42629   42641   3.79    74.41
42641   42658   6.32    62.29
42641   43011   16.60   89.23
42647   42549   13.13   75.48
42658   42668   5.95    74.35
42668   42679   5.50    72.59
42679   42680   10.08   52.88
42679   42309   11.00   97.76
42680   42275   3.55    101.89
42680   42593   6.40    55.61
42702   42711   0.00    6.25
42706   42457   9.08    77.96
42707   42760   11.50   23.07
42707   42552   8.67    44.96
42708   42833   4.50    25.88
42711   42825   14.60   34.36
42718   43004   0.00    69.38
42726   42971   0.00    59.51
42727   42556   5.13    52.33
42727   42815   15.50   30.51
42760   42807   8.67    49.15
42792   42600   5.83    58.81
42805   43242   0.00    112.45
42807   42845   8.67    52.36
42807   42310   8.17    114.47
42809   43016   0.00    55.37
42809   42675   12.67   73.45
42815   42961   7.53    59.79
42821   42702   3.00    26.30
42825   42821   20.00   23.59
42825   43260   10.38   128.00
42833   43025   4.42    47.42
42845   42878   8.67    52.95
42845   42351   0.00    113.44
42863   42809   10.60   39.58
42869   43142   10.92   80.90
42878   42348   15.75   121.75
42878   42902   11.00   47.20
42880   42486   0.00    143.71
42888   42983   9.07    111.84
42902   42932   13.63   50.04
42902   42406   10.67   115.68
42927   43011   5.80    130.99
42927   42668   6.40    62.87
42932   42947   11.50   23.59
42932   42484   8.67    107.04
42947   42792   11.00   51.71
42954   43016   10.00   45.70
42961   43142   5.79    62.37
42961   42706   9.91    77.96
42964   42792   20.00   44.15
42964   43118   8.67    36.28
42964   42947   0.00    28.12
42971   43004   0.00    52.08
42971   43031   0.00    11.10
42983   42505   3.00    115.03
42989   43207   5.17    129.62
42990   42707   14.33   81.83
43004   43040   0.00    41.82
43004   43055   0.00    11.15
43010   43093   10.20   123.85
43011   43374   8.75    97.16
43016   43159   9.92    55.89
43031   43055   0.00    51.68
43031   43173   0.00    40.15
43040   42927   0.00    27.34
43045   42629   10.08   99.72
43051   42989   11.50   77.55
43055   43378   0.00    87.09
43055   43077   6.00    42.20
43077   43040   11.50   10.79
43093   42815   8.50    109.40
43102   42760   11.50   85.22
43114   42807   13.00   76.18
43118   43085   0.00    80.34
43118   43287   11.50   50.55
43142   43251   7.74    49.91
43159   43307   3.63    73.95
43178   43307   4.90    123.86
43186   43275   0.00    52.83
43186   42888   14.67   111.66
43207   43765   9.10    136.23
43242   43555   3.00    78.06
43242   42880   8.80    143.71
43249   42680   5.00    145.50
43250   43159   0.00    49.43
43251   43302   5.20    21.73
43251   42990   11.18   81.83
43260   43552   9.38    75.52
43268   43600   7.25    82.26
43275   42821   13.21   134.16
43277   43249   9.40    58.46
43285   43186   12.44   29.13
43287   43261   13.20   112.46
43287   43521   14.33   57.53
43288   43077   4.89    59.61
43288   43374   9.08    132.49
43296   43093   13.33   88.26
43302   43350   11.50   26.06
43303   43010   1.00    123.00
43303   43523   0.00    71.47
43307   43484   4.10    45.58
43320   42878   14.54   117.92
43320   43339   12.00   49.54
43339   42902   11.76   116.23
43339   43448   11.25   52.46
43350   43402   10.69   27.39
43352   43260   20.00   63.59
43354   43320   8.00    52.35
43354   42845   12.73   135.99
43374   43808   11.36   103.03
43374   43416   6.83    72.18
43375   43275   0.00    28.89
43392   43457   0.00    20.57
43392   43354   14.88   56.64
43392   43114   15.11   76.18
43402   43102   12.09   84.55
43402   43423   8.44    18.57
43416   43445   6.63    61.96
43416   43045   10.20   99.72
43423   43392   6.71    57.15
43423   43457   4.67    44.71
43448   42932   10.89   135.59
43448   43521   10.55   54.55
43452   42989   0.00    119.45
43457   43512   12.00   70.85
43484   43911   4.12    99.20
43488   43596   10.55   48.55
43491   43350   2.50    32.06
43512   43565   8.04    78.24
43521   43542   12.13   83.03
43523   43296   10.33   88.26
43536   43484   8.50    93.76
43542   43488   10.93   83.07
43552   43714   11.20   55.59
43555   43986   0.00    101.16
43555   43303   10.00   93.23
43564   43302   16.63   83.99
43565   43741   7.82    79.62
43596   43683   9.07    34.64
43600   43650   4.67    24.12
43600   43770   0.00    39.81
43636   43600   6.40    64.10
43636   43249   7.15    96.27
43669   43294   0.00    91.72
43683   43746   9.00    20.50
43683   43285   10.60   95.63
43710   44031   0.00    94.92
43714   43914   7.57    70.26
43740   43636   9.83    133.62
43740   43288   8.04    104.04
43741   43817   11.33   36.67
43746   43753   0.00    4.88
43746   44091   8.43    130.87
43749   43804   11.50   79.10
43749   43491   7.06    59.29
43753   43858   5.18    40.94
43755   43523   20.00   81.52
43765   43995   8.67    52.21
43770   43650   0.00    41.08
43770   44182   7.00    89.41
43786   43740   9.83    95.54
43794   43825   16.67   18.57
43803   43443   6.40    91.02
43804   43889   8.47    79.25
43808   43786   8.10    37.13
43817   44076   4.88    76.74
43817   43926   9.80    126.12
43825   43899   10.75   52.44
43825   43564   20.00   83.99
43858   43896   20.00   12.88
43877   43808   6.87    90.51
43877   43828   2.00    12.19
43889   43961   10.25   146.86
43889   43512   11.86   84.72
43896   44108   9.20    65.38
43899   44064   11.77   82.81
43899   43491   7.00    126.97
43905   44327   0.00    116.37
43911   43536   9.00    95.99
43911   44057   3.58    32.27
43914   44231   11.43   81.70
43926   43488   10.00   129.36
43928   44006   0.00    19.39
43928   43905   0.00    113.92
43943   43636   8.67    68.36
43954   43749   11.78   46.89
43954   44018   9.83    78.74
43961   43741   11.50   52.15
43968   43786   0.00    40.83
43969   43995   6.43    84.45
43969   43452   10.64   119.33
43978   43943   0.00    56.59
43986   43755   20.00   81.52
43986   44463   10.00   139.02
43995   44569   6.28    143.88
43995   44002   6.00    63.66
44002   44516   6.83    124.37
44005   43877   3.00    30.90
44005   44123   0.00    60.25
44006   44184   0.00    47.78
44018   44116   8.27    78.88
44038   43889   7.80    33.71
44038   44090   8.30    81.06
44041   43710   1.00    94.93
44046   44047   11.50   27.04
44047   44554   13.33   123.65
44047   44055   14.60   47.44
44054   43943   11.50   24.41
44055   44566   12.38   124.85
44055   44064   10.73   48.20
44057   44387   9.92    90.32
44064   44086   0.00    9.35
44074   44265   0.00    56.47
44076   44339   4.20    77.54
44080   44046   9.88    109.02
44086   43954   9.82    26.22
44090   44119   13.20   66.21
44091   43596   9.60    132.79
44096   43669   8.00    91.86
44108   44310   14.33   84.68
44108   44304   8.64    55.27
44116   44038   5.13    15.40
44119   44393   9.75    90.18
44119   43961   10.29   33.18
44122   43740   8.31    86.47
44123   43803   3.00    89.17
44139   44054   0.00    55.22
44140   44080   3.00    114.96
44150   44096   9.38    56.41
44180   44122   11.95   84.93
44181   44086   11.00   20.57
44181   44241   14.33   79.18
44182   44528   8.33    89.41
44184   44556   6.14    144.88
44231   44150   7.68    66.35
44240   44523   24.33   102.21
44241   44317   3.00    79.34
44245   43896   8.67    111.58
44255   44180   5.83    114.55
44255   44005   3.80    59.81
44262   44184   0.00    20.23
44262   44610   0.00    119.47
44265   44006   3.00    85.21
44304   44535   9.83    64.78
44304   44231   9.58    68.34
44310   44245   6.00    85.92
44317   44116   11.72   47.51
44339   44523   7.93    54.96
44349   44080   13.25   97.37
44353   44422   11.50   78.71
44353   44181   8.08    45.47
44387   44698   7.88    81.95
44389   44054   6.92    79.87
44393   44339   13.83   87.11
44400   44096   7.50    74.73
44400   44475   8.86    86.70
44406   44437   7.25    79.69
44406   44317   3.00    23.49
44412   44123   35.33   78.42
44417   44057   9.20    113.29
44417   44265   8.75    59.53
44422   44497   13.25   78.82
44432   44389   0.00    66.77
44433   44255   4.63    49.40
44433   44412   2.33    74.33
44437   44450   9.83    25.54
44437   44090   11.50   83.29
44438   44647   0.00    73.52
44449   44023   10.75   99.38
44449   44387   7.96    91.37
44463   44140   4.67    117.01
44463   44595   25.20   56.35
44464   44505   0.00    29.36
44464   44327   0.00    61.99
44475   44535   8.67    86.70
44483   44536   7.00    83.01
44497   44406   5.33    22.65
44502   44499   7.00    14.55
44505   44262   0.00    75.99
44511   44304   16.60   139.95
44516   44449   8.11    118.44
44516   45030   11.92   126.31
44517   44502   0.00    18.95
44517   44812   3.00    75.19
44520   44537   5.33    60.09
44520   44497   11.50   6.21
44523   44618   11.50   26.41
44528   44517   5.33    22.30
44535   44735   9.20    57.14
44536   44417   10.18   42.60
44537   44635   10.00   51.61
44537   44969   13.25   105.78
44540   44046   13.00   128.55
44554   44540   22.29   64.59
44554   44754   9.38    49.63
44556   44536   0.00    5.97
44557   44566   11.50   57.00
44557   44353   7.64    51.46
44558   44119   9.45    110.04
44562   44801   0.00    65.46
44566   45087   12.72   124.34
44566   44554   16.60   47.79
44567   44389   4.71    46.40
44567   44528   10.75   62.91
44569   44516   6.10    86.67
44595   44349   9.00    97.37
44595   44961   7.25    107.76
44606   44618   11.50   128.46
44607   44557   16.31   79.55
44610   44825   0.00    118.37
44618   44631   0.00    2.79
44631   44245   12.00   141.41
44631   44690   6.75    15.27
44649   44122   11.40   133.90
44649   44567   5.19    134.82
44678   44607   9.57    79.68
44678   44520   8.33    42.70
44685   44180   9.80    132.13
44685   44649   5.70    81.52
44690   44511   10.93   139.53
44690   44930   8.77    56.43
44698   44483   11.50   85.51
44698   44990   7.45    68.42
44713   44400   6.58    142.96
44719   44556   11.38   47.96
44735   44887   7.50    45.82
44735   44801   9.33    58.53
44737   44782   6.40    79.28
44737   44557   9.00    44.31
44739   44540   9.38    51.41
44751   44433   1.95    85.29
44751   44685   8.11    91.72
44754   44739   15.75   78.40
44754   45077   5.43    75.72
44782   44867   12.73   79.42
44801   44912   2.00    85.30
44803   44751   6.33    84.29
44812   45369   11.09   131.00
44821   44803   12.89   24.67
44824   44449   4.40    98.62
44824   44698   11.20   83.88
44825   44505   0.00    119.03
44855   44567   10.75   74.20
44855   44812   5.50    85.80
44856   44713   15.00   100.02
44867   44678   9.83    46.60
44869   44821   7.56    87.01
44869   45266   7.50    94.33
44887   44999   6.25    75.67
44887   45205   10.67   80.18
44907   44869   3.00    28.87
44910   44824   5.56    51.71
44917   44713   3.97    62.50
44917   45114   8.86    82.56
44918   45114   13.25   49.68
44926   44968   11.50   58.69
44926   44765   0.00    36.52
44928   44737   12.58   45.30
44928   44981   13.25   78.24
44930   44978   3.00    13.15
44930   44926   9.82    56.94
44951   44907   4.50    64.69
44959   44699   0.00    67.40
44959   44951   6.40    12.31
44961   45419   0.00    110.16
44969   45286   10.00   79.95
44969   44979   15.00   54.42
44970   44649   9.08    78.91
44978   45364   8.84    88.70
44979   44994   10.00   43.59
44979   44558   10.22   109.05
44981   45067   17.57   78.39
44987   44821   0.00    78.26
44990   45162   7.67    118.79
44990   45108   7.85    24.60
44994   44997   10.00   56.10
44995   44719   7.40    71.08
44995   44959   8.97    18.96
44997   44978   13.44   103.21
44999   45109   4.40    76.82
45030   44910   13.29   70.94
45065   45022   10.75   95.25
45065   44492   11.50   143.22
45067   44867   8.75    44.83
45077   45087   13.40   47.33
45077   45168   10.00   23.16
45087   45100   10.00   57.35
45100   44928   8.67    37.86
45108   45738   6.35    148.30
45114   45385   8.86    66.95
45122   45030   5.50    50.41
45131   45214   9.20    23.82
45131   44917   6.29    64.19
45144   44803   3.00    138.80
45149   45100   15.75   11.71
45157   44751   3.83    96.14
45162   44719   6.38    126.61
45168   44739   13.00   124.35
45182   45261   11.00   56.55
45182   44856   11.50   88.00
45185   45149   9.58    75.69
45199   45157   20.00   82.35
45204   44968   12.35   56.98
45214   45502   11.25   62.50
45240   44685   10.94   134.06
45242   44910   0.00    81.61
45256   45067   8.13    46.09
45256   45185   3.00    75.82
45261   45385   11.50   72.70
45262   45199   4.67    82.45
45265   45308   3.00    58.62
45266   45646   4.86    86.59
45267   44855   12.16   96.97
45286   45256   3.00    37.11
45286   45444   0.00    37.81
45295   44995   7.17    104.15
45305   45387   3.00    124.97
45305   45157   2.33    39.59
45308   44970   9.06    78.92
45319   44999   8.86    78.09
45322   45149   8.94    44.34
45322   45469   10.79   147.24
45364   45204   11.20   117.03
45364   45459   10.29   23.36
45369   45337   10.00   52.52
45369   45645   15.75   61.56
45377   45168   9.65    60.52
45385   45771   12.71   86.50
45387   45333   0.00    13.08
45415   44907   9.00    121.99
45419   45883   0.00    110.37
45420   45387   1.00    7.50
45434   45448   14.00   73.94
45434   44979   10.22   115.76
45442   45131   7.09    91.35
45444   45434   9.00    25.85
45444   45734   12.80   70.06
45446   45450   8.67    56.68
45446   44994   10.00   106.28
45448   45723   13.50   62.48
45448   45446   3.00    14.86
45450   44997   0.00    105.94
45450   45459   11.36   88.07
45455   45319   7.46    83.99
45459   45603   7.60    30.86
45460   45377   13.25   24.52
45462   44951   9.69    121.32
45469   45256   7.57    47.12
45486   45108   7.11    124.52
45501   45305   10.67   44.35
45501   45593   0.00    130.42
45502   45773   10.79   61.50
45519   45455   9.20    39.20
45530   45308   8.82    49.47
45541   45604   5.90    51.46
45541   45322   8.33    47.17
45541   45460   9.86    57.71
45552   45530   0.00    34.70
45576   45626   6.29    78.32
45603   45948   3.11    80.84
45604   45699   13.82   93.12
45618   45603   0.00    89.18
45626   45645   2.14    34.46
45644   45204   9.86    96.08
45644   45519   9.57    73.99
45645   45670   3.00    34.22
45646   46007   3.00    86.77
45657   45455   11.50   43.12
45665   45182   7.25    123.09
45665   45730   11.00   32.09
45670   45700   7.40    53.22
45697   45442   7.90    89.51
45699   45469   11.20   51.80
45699   45734   14.33   36.25
45700   45752   8.25    79.09
45700   45267   5.00    96.98
45711   45261   8.67    99.78
45723   45775   10.00   12.59
45723   45727   8.67    65.42
45730   45711   10.94   89.29
45734   45775   9.80    111.05
45734   45980   11.30   113.57
45738   45295   7.62    135.72
45738   46294   6.77    122.74
45741   45961   0.00    51.59
45742   45266   6.50    109.29
45752   46058   20.00   74.61
45752   45779   8.67    53.28
45757   45486   10.20   123.76
45767   45644   12.29   55.50
45767   45588   0.00    41.37
45771   46074   6.75    69.94
45773   46011   8.80    57.23
45775   46119   8.33    118.48
45779   45814   3.00    53.54
45779   45530   6.67    58.17
45805   45697   6.41    74.03
45814   45829   12.60   27.89
45814   46182   3.00    83.33
45817   45665   11.13   45.51
45829   45836   9.83    14.06
45829   45240   9.87    134.06
45836   45863   10.29   48.15
45853   45816   3.00    73.88
45853   45626   3.00    56.54
45863   45501   4.00    88.23
45863   45957   6.00    137.12
45883   46584   0.00    147.17
45938   45415   5.00    121.99
45948   45767   6.88    89.35
45948   46393   7.74    93.17
45957   45961   3.00    8.81
45961   46007   7.50    55.19
45974   45883   0.00    83.38
45980   45604   9.92    116.29
45982   45462   7.86    121.32
45989   45738   3.00    81.04
46001   45805   7.97    126.49
46007   46344   7.25    77.17
46007   46217   0.00    85.03
46010   45700   10.73   72.89
46011   46189   8.00    46.33
46058   46010   0.00    74.52
46062   46001   8.58    37.64
46065   45863   3.11    45.10
46074   45773   7.00    135.37
46074   46334   13.33   53.61
46077   45836   0.00    52.86
46079   45670   3.00    95.49
46098   46410   9.62    77.02
46110   45711   7.00    91.83
46110   45771   13.83   99.61
46119   46414   12.44   68.43
46119   46325   9.47    119.74
46124   46161   0.00    45.21
46127   45730   9.22    90.86
46127   46110   7.25    89.03
46133   45974   0.00    84.38
46133   46609   3.00    108.04
46135   46065   0.00    58.29
46147   46133   0.00    76.14
46148   45541   6.67    138.78
46148   46147   0.00    76.14
46149   45957   0.00    41.70
46161   45779   5.75    86.38
46182   46247   0.00    77.21
46189   46389   10.55   83.35
46197   46010   8.09    40.75
46207   46250   5.50    62.17
46209   46148   6.27    13.39
46212   46128   0.00    49.81
46216   46062   8.67    66.22
46217   45742   8.17    109.20
46217   46373   3.83    58.58
46226   45969   9.38    101.78
46247   46065   4.57    40.08
46249   46197   0.00    63.98
46250   46161   11.00   18.59
46266   45989   6.56    81.04
46267   46250   0.00    2.32
46280   46315   0.00    58.28
46281   46865   7.25    119.49
46281   46209   8.00    59.43
46294   46861   5.41    113.47
46294   46212   6.50    49.15
46315   46267   6.75    11.56
46322   45969   8.10    75.32
46323   45816   7.40    110.18
46325   46691   11.20   79.72
46325   46281   11.50   51.97
46334   46011   8.18    140.15
46334   46572   14.60   48.99
46344   46670   15.25   76.77
46355   46407   0.00    58.22
46366   45853   7.25    109.69
46373   46502   2.00    53.61
46379   46715   10.64   88.38
46382   45817   8.30    141.67
46387   46247   3.00    27.90
46387   46267   7.25    130.06
46389   46572   9.82    83.35
46393   46473   6.39    18.93
46407   46315   0.00    17.34
46410   46699   11.15   77.02
46414   46722   9.57    81.42
46466   46322   7.25    30.46
46473   46216   5.25    108.86
46473   47130   7.63    141.51
46484   46197   6.43    60.68
46491   46646   5.14    40.80
46502   45938   7.41    122.12
46502   46526   0.00    5.42
46534   46079   3.00    95.49
46536   46217   5.73    76.60
46554   46814   10.63   90.33
46563   46623   0.00    16.93
46566   46209   5.81    74.00
46572   47183   7.43    118.27
46576   46638   6.50    107.54
46576   46387   10.29   41.08
46584   47341   0.00    147.17
46590   46407   7.86    39.25
46590   46484   0.00    132.74
46609   46931   6.58    72.84
46638   46670   9.80    68.59
46638   47280   8.40    121.12
46646   46768   10.60   56.55
46646   46785   10.29   36.20
46670   46871   8.19    66.98
46675   46373   8.43    76.49
46676   46484   5.80    39.85
46686   46110   8.17    118.85
46691   46414   11.50   136.99
46691   46923   12.00   42.42
46699   46127   10.62   116.94
46699   46686   6.75    90.08
46705   46676   0.00    47.61
46713   46676   0.00    8.37
46713   46664   0.00    69.15
46715   46787   0.00    21.68
46715   46814   5.43    19.79
46722   46226   8.33    105.23
46723   46705   0.00    16.54
46752   46518   10.57   55.91
46768   46787   6.75    7.51
46781   46722   3.00    10.23
46781   46938   12.29   85.28
46785   46900   0.00    26.54
46787   46886   9.00    38.93
46814   46886   0.00    15.42
46861   47084   7.50    42.82
46865   46923   11.13   108.76
46865   47290   8.80    80.69
46871   46536   7.88    76.60
46871   47025   9.18    56.84
46879   46323   11.20   110.18
46886   47377   9.30    112.57
46923   47051   3.00    26.24
46930   46366   11.50   109.69
46930   46908   8.19    37.55
46931   47332   5.88    77.18
46938   47051   13.83   85.51
46957   47316   1.00    73.81
46994   46930   7.40    116.52
46994   46713   11.00   50.79
47008   46566   8.96    86.60
47025   46675   12.67   76.49
47025   47057   3.00    9.16
47032   46705   0.00    59.58
47032   46994   7.00    46.25
47034   46466   9.20    110.41
47034   47159   6.97    53.65
47041   46382   7.64    143.10
47051   47266   9.83    51.41
47057   47185   6.92    48.61
47075   47175   7.82    45.36
47095   47032   8.53    85.95
47095   46590   7.25    99.35
47110   47008   9.02    20.50
47110   47290   7.73    65.87
47130   47621   7.44    87.45
47159   47160   11.50   39.56
47160   47210   10.05   32.11
47160   46781   8.00    72.38
47165   47075   11.50   18.71
47175   47283   9.96    39.73
47175   46785   13.20   91.98
47190   46686   8.67    94.31
47190   47183   5.25    60.77
47196   46576   8.06    124.64
47196   47095   6.20    109.81
47199   47491   8.67    77.92
47200   47190   7.59    89.59
47205   47200   9.53    90.07
47209   47787   3.00    149.38
47210   47507   3.00    79.16
47220   47205   6.06    94.21
47240   47004   0.00    46.88
47248   47209   0.00    15.56
47266   47389   7.00    37.20
47267   47196   10.14   88.41
47267   47540   1.00    50.21
47271   47267   0.00    4.95
47274   47248   0.00    11.35
47283   47302   9.28    7.88
47290   47266   7.25    85.28
47299   47274   0.00    7.95
47302   47593   7.89    118.79
47304   47330   8.06    30.32
47330   47341   5.62    11.01
47331   47358   9.40    42.22
47337   47766   0.00    98.11
47341   47399   6.00    109.06
47358   47095   7.80    47.36
47377   47842   9.47    112.57
47385   46871   7.75    114.90
47389   47507   9.26    71.35
47399   47402   5.17    9.03
47400   47165   5.13    43.07
47400   47449   7.56    65.79
47412   47385   5.22    6.22
47463   47730   15.75   58.30
47465   47936   7.76    94.94
47477   46994   5.50    90.54
47491   47743   9.81    77.92
47507   47820   8.42    87.64
47520   47477   3.00    60.44
47538   47199   11.50   61.68
47559   47299   0.00    56.39
47560   47573   7.17    122.94
47573   47601   7.42    122.94
47583   47538   0.00    9.42
47593   47842   7.88    118.79
47601   47205   7.86    70.98
47601   47630   6.75    120.92
47606   47012   12.89   112.05
47621   48031   6.52    87.17
47630   47928   11.00   64.95
47637   47686   8.67    71.28
47637   47400   4.63    42.78
47668   47196   5.91    89.82
47743   47939   8.10    135.45
47743   47477   9.33    55.27
47764   47332   9.57    96.04
47766   47668   9.72    131.26
47792   47964   8.53    86.23
47797   47764   13.25   5.96
47820   48160   10.53   87.59
47842   48454   11.00   128.16
47842   48192   6.50    142.65
47854   47583   11.92   82.63
47877   48026   10.75   48.68
47877   47766   11.50   43.54
47877   47412   8.71    110.42
47881   47900   4.71    126.86
47900   47915   7.00    126.86
47915   47928   11.50   121.08
47915   47601   7.25    66.99
47917   48426   13.47   129.37
47925   48045   9.00    100.09
47925   47522   9.80    85.62
47936   48430   7.20    94.94
47939   48002   6.64    92.89
47939   47358   7.94    117.24
47964   48129   10.25   86.20
47983   47559   14.36   91.72
47992   47951   3.00    12.30
47992   47606   11.50   108.52
48002   47668   10.20   69.85
48018   47536   10.48   114.95
48018   47740   11.08   98.84
48026   48046   3.00    9.86
48031   48192   3.81    32.42
48034   48431   7.10    82.09
48043   48214   0.00    33.72
48046   48536   6.44    113.25
48046   48218   9.44    60.33
48065   47637   8.72    87.93
48129   47797   9.06    70.88
48151   47854   13.20   82.44
48151   47743   6.40    78.96
48160   48569   5.64    98.08
48160   48426   9.38    73.94
48163   47992   0.00    53.77
48163   47925   10.25   75.90
48187   47935   11.50   49.63
48192   48696   6.73    106.10
48213   48670   11.50   113.68
48218   48509   10.57   112.55
48227   48151   9.83    18.51
48227   48276   9.00    89.12
48259   48277   5.14    127.22
48271   48002   13.27   53.02
48276   48271   4.27    89.11
48277   48293   10.75   127.22
48293   47915   6.88    68.85
48317   48669   6.56    75.27
48390   48430   13.83   71.16
48390   47953   15.11   83.74
48403   48536   9.53    58.25
48403   47877   11.54   115.22
48426   48730   8.33    71.18
48430   48911   8.40    114.93
48431   49050   9.65    138.40
48433   48065   7.14    118.57
48454   49081   9.60    128.99
48457   48757   12.71   113.98
48466   48129   9.93    68.73
48475   49079   6.36    120.72
48509   48018   10.00   114.51
48513   48807   5.17    143.12
48532   48187   3.00    78.85
48534   48271   4.67    58.83
48536   48678   6.38    59.38
48542   48227   8.10    72.35
48542   48534   9.86    131.07
48569   48431   11.20   75.41
48569   48603   0.00    7.26
48603   49093   10.27   99.08
48635   48163   10.71   119.84
48660   48293   2.00    79.16
48660   48669   8.35    124.22
48664   48990   6.42    117.68
48664   48065   9.14    122.79
48669   48684   12.07   89.91
48669   49132   12.67   85.96
48678   49014   11.60   113.71
48680   48433   12.06   117.13
48680   48331   7.43    77.72
48684   48693   7.25    42.77
48685   48331   8.43    80.09
48696   49256   7.18    105.98
48702   48390   11.50   77.82
48728   48420   20.00   124.55
48730   48702   7.25    74.40
48757   48509   12.00   59.37
48784   48513   7.33    142.59
48784   48466   6.43    76.60
48860   48532   7.40    77.85
48861   48680   9.44    31.83
48896   48403   9.83    117.52
48896   49030   15.75   51.67
48911   49233   11.93   110.82
48990   49640   8.24    124.54
49014   48757   9.00    57.34
49014   49326   8.11    105.69
49020   49502   11.15   93.30
49027   48603   8.81    91.70
49027   48730   11.03   78.84
49050   49557   8.77    134.20
49060   48860   3.00    75.14
49060   48896   10.94   39.91
49062   48664   6.46    75.70
49079   49080   3.00    30.59
49080   49593   11.04   92.26
49081   49776   7.81    129.90
49081   48685   6.88    80.09
49090   48483   6.86    119.53
49090   49079   10.07   65.55
49093   49507   9.27    96.07
49106   49090   10.00   74.04
49106   48660   8.00    84.85
49132   49106   10.24   122.93
49139   48728   8.67    112.46
49140   48534   7.27    128.04
49162   49132   9.06    133.74
49185   48784   5.68    102.81
49205   49140   7.14    15.11
49233   49397   7.52    102.63
49233   49027   11.16   92.08
49238   48635   13.89   121.63
49254   48861   11.50   95.76
49256   49800   4.56    106.01
49269   48889   0.00    98.14
49273   48861   7.10    77.06
49308   49205   20.00   25.81
49332   49060   9.43    53.36
49363   49172   10.24   61.56
49363   49332   0.00    6.56
49387   49014   9.25    77.65
49397   49554   9.22    102.65
49415   49060   11.08   117.30
49482   49451   9.13    12.27
49489   49106   10.79   67.50
49502   49928   8.67    89.03
49502   49130   10.69   110.56
49507   49557   3.00    16.05
49507   49554   0.00    15.00
49515   49489   7.44    128.45
49532   49515   6.40    128.45
49554   49608   8.53    32.28
49557   49608   11.50   12.30
49558   49062   9.18    94.60
49565   49139   5.50    112.51
49593   50031   8.94    88.32
49593   49612   11.33   77.96
49597   49593   11.88   119.74
49597   49062   6.20    96.17
49603   49928   10.41   140.52
49608   49653   9.79    98.64
49612   49627   10.29   77.96
49620   49482   9.22    76.00
49627   49489   11.50   25.31
49640   50004   7.83    75.71
49640   49254   10.87   95.76
49653   49185   6.88    103.79
49667   49273   8.91    77.06
49736   49415   9.12    115.27
49736   49387   9.63    77.65
49746   49565   0.00    38.25
49765   49627   3.50    25.54
49767   50422   9.07    145.87
49776   50385   9.40    129.90
49784   49269   0.00    101.61
49792   49332   10.39   119.57
49800   50163   6.69    78.21
49800   49081   8.64    138.02
49819   49502   9.80    89.14
49827   50072   15.00   76.08
49827   49736   0.00    29.92
49827   49620   7.57    76.99
49862   49614   11.92   115.05
49928   50181   8.08    79.90
49928   50195   8.00    84.24
49938   49792   20.00   60.91
50002   49363   11.00   146.32
50004   50440   7.10    90.00
50004   49558   7.00    94.52
50017   49597   10.61   84.22
50025   49667   7.88    77.65
50028   49965   0.00    30.13
50028   49743   0.00    96.19
50031   50431   9.88    80.59
50034   50317   13.20   63.00
50049   49765   15.46   59.42
50051   49667   6.43    81.21
50072   50326   8.67    62.09
50101   49665   3.00    98.07
50101   49819   11.50   89.14
50104   50017   5.43    19.00
50104   50028   0.00    54.99
50125   49855   3.00    60.43
50163   50535   5.92    73.61
50181   50451   13.20   79.90
50203   49746   5.29    102.47
50227   49827   7.29    103.85
50260   49736   10.37   127.69
50268   50163   8.31    106.84
50291   50002   11.88   65.17
50291   49792   10.56   125.08
50314   50227   0.00    20.09
50314   50260   8.00    28.02
50317   50327   10.88   89.01
50317   50832   9.60    105.13
50326   50810   11.50   104.46
50326   50836   13.25   109.88
50327   50049   9.12    58.05
50385   50486   7.00    17.16
50385   50025   11.20   77.73
50404   50072   9.00    80.42
50404   50227   14.33   79.20
50415   50101   11.29   93.93
50422   51131   4.38    146.51
50425   50431   9.79    116.35
50425   50104   3.92    65.06
50426   50101   0.00    69.54
50426   50451   0.00    18.57
50431   50891   9.72    88.70
50440   50923   10.24   95.39
50447   50051   8.67    81.21
50447   50440   5.14    82.99
50451   50558   11.50   20.87
50459   50425   3.00    4.01
50486   51001   10.78   104.53
50510   50734   12.64   114.01
50535   51051   7.16    106.08
50551   50867   6.27    68.77
50558   50570   0.00    20.13
50570   50821   1.50    78.17
50570   50426   3.00    28.20
50656   50558   9.92    69.63
50672   50314   0.00    67.70
50673   50291   5.55    76.82
50722   50656   20.00   107.49
50723   50827   0.00    20.40
50723   50068   15.56   146.72
50734   50836   10.29   59.15
50743   50327   9.52    80.46
50743   50723   10.29   39.34
50744   50415   11.50   93.93
50744   50541   19.33   44.49
50778   50743   8.09    7.04
50790   50722   3.00    16.80
50791   50404   8.86    81.81
50810   50791   9.80    62.88
50811   50408   10.00   122.34
50811   50260   7.57    124.97
50821   51068   3.00    78.17
50827   50839   11.50   29.87
50832   50778   14.93   60.85
50836   50810   12.06   102.36
50839   51268   10.64   89.81
50839   50778   11.59   11.28
50867   51426   6.83    124.62
50867   51520   14.33   147.20
50891   51241   9.24    73.54
50891   50832   11.50   80.16
50909   50459   5.50    88.12
50923   51395   5.77    95.39
50947   50447   17.73   101.56
50954   51009   0.00    15.04
51001   51534   8.00    104.53
51031   51082   0.00    11.82
51045   50673   9.80    76.71
51051   51584   6.01    106.09
51058   50827   8.14    76.07
51058   51031   14.33   17.18
51063   50791   11.20   61.03
51068   50744   8.33    75.16
51082   51123   11.50   13.18
51099   51608   9.86    113.23
51099   51063   8.23    7.80
51123   51058   0.00    16.89
51131   51897   6.00    147.12
51214   51267   0.00    16.60
51241   51394   3.00    24.84
51257   51695   3.00    106.46
51257   50790   13.20   95.11
51268   51727   10.23   89.81
51319   51068   7.25    76.59
51346   50909   9.00    88.10
51346   51241   9.04    115.83
51394   51322   11.00   79.22
51394   51867   9.89    89.56
51395   51346   8.04    60.89
51426   51512   3.00    16.71
51427   51045   8.24    76.71
51427   50811   8.91    138.86
51444   51395   7.13    52.57
51448   51306   10.60   95.07
51462   51444   10.13   23.30
51462   50947   7.31    101.60
51499   51554   0.00    15.34
51512   51682   12.55   46.27
51520   51570   6.50    39.27
51534   51462   8.45    98.71
51570   51815   11.50   96.75
51584   52205   8.85    113.88
51584   51534   8.41    78.08
51590   51504   13.64   90.70
51608   52098   12.56   112.79
51663   52246   9.80    113.80
51695   52246   6.78    107.72
51711   51590   11.43   111.24
51768   52284   11.50   85.84
51774   52092   9.43    89.98
51818   51711   9.52    67.30
51818   52522   8.67    122.22
51845   51875   0.00    22.74
51867   52483   9.89    107.43
51875   51910   8.55    7.68
51897   51845   5.50    16.32
51910   52069   11.50   29.44
51945   51346   8.22    112.32
51972   52065   6.50    15.70
51977   51897   12.59   14.76
52007   52102   8.67    15.89
52043   51444   7.95    112.31
52059   52143   0.00    23.58
52065   52548   10.64   83.59
52069   52111   0.00    14.82
52078   52144   6.00    43.84
52092   52598   9.07    103.36
52098   51427   8.63    133.37
52111   51977   11.05   37.13
52114   51560   11.89   135.16
52120   52559   11.20   77.57
52143   51988   0.00    26.17
52143   52601   6.00    87.11
52144   52239   9.29    67.07
52163   52434   10.00   47.33
52205   52636   6.59    82.32
52239   52385   9.31    111.47
52244   52092   9.00    135.02
52246   52704   10.08   123.66
52284   52992   9.00    127.83
52385   52522   8.42    112.87
52385   51711   12.12   116.02
52455   52144   0.00    57.15
52483   53072   9.79    107.43
52488   52284   9.36    138.34
52518   52615   9.80    72.79
52522   53073   11.83   102.48
52522   52656   7.86    107.87
52544   52143   11.50   112.89
52548   52518   9.00    70.60
52548   53244   8.67    129.20
52559   52870   9.43    110.92
52566   51945   9.26    107.50
52582   52548   10.29   92.81
52582   53053   11.50   84.47
52598   52704   0.00    18.84
52598   52746   11.00   29.47
52601   52781   3.00    40.31
52601   52603   15.00   31.71
52603   52582   10.29   60.28
52603   53118   10.00   93.36
52621   52114   5.08    134.37
52636   52559   15.13   81.14
52636   52870   5.67    45.36
52656   52621   5.60    42.01
52704   52746   0.00    20.70
52726   52575   6.46    113.07
52746   52740   14.14   108.41
52754   52544   15.00   70.75
52772   52043   7.02    128.12
52781   52544   7.40    63.71
52781   53195   4.88    99.22
52810   52772   8.67    52.23
52829   52621   9.70    42.09
52850   52726   10.67   96.21
52870   53320   5.59    92.23
52920   53300   3.00    87.32
53008   52385   12.07   115.49
53008   52894   7.00    94.98
53045   52518   21.78   114.65
53053   53268   9.38    76.51
53072   53508   8.56    76.17
53073   53162   2.50    22.52
53107   53053   7.86    34.46
53107   53491   10.56   84.70
53118   53107   20.00   24.79
53126   53008   9.93    97.30
53126   53073   2.00    21.85
53152   52566   6.03    107.50
53162   53223   15.14   24.50
53195   53613   6.50    91.66
53195   53118   8.80    128.09
53223   53699   9.80    84.83
53223   53126   0.00    23.83
53226   52772   8.44    86.04
53243   53162   9.00    68.18
53268   53244   0.00    6.44
53268   53798   5.83    118.89
53279   52656   10.92   117.02
53279   53243   12.13   26.32
53281   53518   1.89    37.89
53320   53606   7.21    50.78
53370   53868   7.67    96.06
53386   53509   0.00    18.23
53399   53566   10.70   110.66
53416   53279   7.77    90.73
53460   53416   9.50    22.97
53470   53377   7.76    29.15
53491   53929   8.33    101.46
53508   53904   9.60    76.17
53509   53923   7.14    78.70
53518   54343   15.00   149.68
53547   53226   12.04   53.86
53556   53036   10.67   94.59
53566   53008   7.80    100.53
53566   53699   10.85   111.40
53597   53152   8.56    77.43
53606   53547   8.67    112.72
53606   54151   6.85    114.85
53613   53994   6.43    91.65
53643   53045   11.30   116.22
53685   53338   6.00    61.25
53699   53806   11.33   82.75
53699   53869   4.40    33.39
53705   53247   10.20   102.76
53781   53685   8.86    120.44
53781   54211   14.33   81.48
53790   53638   12.86   114.65
53796   54266   1.67    119.56
53796   53685   7.67    21.55
53798   54198   9.06    86.56
53806   53243   12.29   100.62
53806   53833   20.00   18.31
53833   53871   3.00    40.07
53858   53416   20.00   81.91
53859   53509   6.50    93.49
53868   54316   8.00    94.61
53869   54237   10.25   63.17
53871   53914   11.11   41.48
53904   54012   8.95    115.36
53904   54086   9.82    30.57
53910   54258   18.00   70.08
53923   54385   11.00   78.70
53929   54246   5.33    69.41
53929   53966   2.50    77.50
53936   53790   9.80    111.06
53943   54507   9.36    102.89
53966   53994   7.67    77.49
53994   54428   11.33   99.47
54007   53781   8.00    77.58
54012   53597   8.25    77.43
54054   54393   10.51   109.05
54056   53556   17.00   94.59
54079   53566   9.58    96.52
54079   53936   8.89    113.16
54086   54599   9.28    91.75
54086   54056   0.00    64.03
54105   54012   12.25   114.55
54105   53547   12.04   101.09
54109   54643   2.00    101.14
54151   54245   7.00    17.60
54151   54105   5.33    69.89
54158   53871   9.40    50.64
54171   53705   8.43    102.94
54198   54581   8.80    86.56
54211   54641   10.86   81.58
54237   54835   9.09    113.89
54237   54079   14.45   110.96
54245   54717   8.24    96.44
54246   54607   8.17    89.02
54258   54007   9.20    77.58
54258   54485   0.00    51.63
54266   54908   6.43    123.08
54289   54437   10.00   114.96
54292   53796   10.27   91.90
54302   53643   10.73   117.69
54302   54041   12.20   68.07
54306   53780   11.00   104.20
54316   53584   8.53    133.12
54343   54385   1.00    42.03
54343   54752   0.00    75.03
54351   54316   2.33    6.25
54351   54306   7.38    100.26
54366   54237   12.50   99.49
54385   54784   3.00    75.94
54385   54420   3.00    42.33
54393   54737   0.00    109.71
54420   53859   10.60   96.45
54420   54805   20.00   83.23
54437   54568   9.00    112.40
54449   54258   9.20    62.17
54476   54366   10.54   84.65
54485   54641   10.16   76.51
54485   55115   10.39   114.15
54507   55064   10.22   102.51
54528   54056   5.00    98.62
54551   54351   4.00    39.83
54560   55342   12.29   145.82
54568   54713   13.25   111.41
54581   55154   9.87    118.55
54581   54246   8.63    96.06
54599   55125   10.79   91.75
54607   54986   9.36    89.12
54615   54551   0.00    15.88
54641   54772   9.30    79.67
54641   55261   9.33    112.51
54643   55194   26.00   101.14
54672   54054   10.74   144.61
54684   54653   0.00    46.15
54684   54012   6.93    119.69
54713   54835   13.39   108.42
54713   54079   10.07   115.45
54717   54995   7.46    54.77
54728   54660   0.00    38.57
54737   55390   6.25    119.20
54737   54245   3.14    144.91
54738   54615   9.00    79.54
54752   55178   1.00    75.02
54772   54908   5.50    77.38
54772   54292   8.50    91.90
54784   55232   8.00    75.94
54790   54449   9.77    116.98
54805   55322   10.00   84.34
54821   54420   0.00    76.98
54835   54990   8.88    102.05
54835   55295   9.83    74.93
54842   54449   0.00    77.39
54842   55190   3.00    105.04
54861   54919   8.00    84.39
54892   54738   7.27    79.84
54905   55079   10.53   114.22
54908   55772   8.83    147.08
54908   55064   9.83    75.03
54919   54892   7.33    84.23
54990   54366   7.90    114.61
54995   55202   8.93    40.88
54995   54968   0.00    13.01
55064   55555   12.67   82.65
55064   55194   1.67    75.01
55079   55224   10.78   111.77
55103   54951   12.73   81.88
55115   55785   6.60    113.93
55125   55214   11.72   113.89
55154   54861   5.06    143.09
55165   54790   9.20    116.98
55178   55232   8.73    42.68
55178   55344   0.00    25.72
55180   54713   12.44   83.36
55190   55447   11.50   74.14
55194   55342   2.00    72.95
55194   55777   3.00    98.39
55195   55198   8.25    125.86
55198   55103   20.00   81.64
55202   55315   3.00    18.37
55214   54684   6.10    92.36
55214   55315   8.38    104.64
55224   55346   11.38   91.41
55232   55297   0.00    40.98
55261   55910   12.44   112.49
55290   55165   0.00    33.83
55295   55431   8.75    99.51
55295   55551   13.90   42.31
55297   55322   0.00    20.89
55297   54821   0.00    76.98
55307   56061   10.50   138.73
55308   54672   8.10    144.46
55315   55987   6.20    132.91
55322   55407   0.00    76.25
55323   55165   0.00    26.28
55331   54842   14.20   83.11
55331   55190   7.67    65.10
55342   55869   10.00   91.20
55342   55479   0.00    63.91
55344   55698   20.33   56.81
55344   55435   10.00   73.85
55390   56071   8.10    119.44
55395   55551   7.00    90.71
55399   55290   0.00    31.62
55407   55278   20.00   108.84
55407   55118   6.22    47.56
55425   54772   9.50    112.74
55431   54990   9.20    73.08
55435   55622   7.56    86.60
55435   55794   10.00   60.27
55443   55154   8.88    46.70
55443   55195   11.00   129.23
55450   56215   10.33   146.81
55479   55027   20.00   77.67
55479   55535   0.00    32.96
55483   55323   13.67   26.80
55489   55300   9.38    33.13
55551   55791   7.25    41.04
55555   56024   8.25    82.83
55578   56072   9.86    84.69
55608   55764   0.00    26.68
55608   56083   9.25    145.34
55608   55399   0.00    56.91
55622   55992   23.33   64.50
55643   55776   0.00    23.81
55668   55331   14.33   57.05
55684   55622   0.00    49.20
55698   56033   26.50   59.06
55714   55431   1.00    48.51
55715   55698   0.00    22.30
55752   55824   0.00    39.20
55761   55195   8.73    93.23
55761   55967   10.00   70.39
55764   56461   6.50    130.18
55766   55781   11.20   87.68
55772   56024   8.67    82.80
55772   55993   11.00   40.30
55777   56320   6.67    98.37
55781   55986   8.75    81.98
55785   55905   0.00    23.10
55789   55154   9.33    137.98
55791   55919   11.00   100.68
55791   56220   11.05   76.91
55794   55758   0.00    27.51
55794   56160   7.75    65.96
55795   55776   0.00    14.60
55807   55483   10.80   58.38
55824   56146   12.69   131.41
55826   55714   3.00    78.20
55827   56365   10.29   103.90
55827   55766   5.83    11.44
55869   56377   14.33   91.18
55905   56282   8.67    66.74
55910   56050   0.00    23.13
55911   55795   7.25    93.00
55915   55789   8.67    23.38
55919   55714   2.00    35.91
55929   55443   8.03    86.46
55938   56249   28.25   121.23
55951   55316   11.00   117.64
55986   55761   11.29   72.39
55986   56332   10.41   126.07
55987   56248   5.80    72.78
55993   56471   9.78    89.63
56024   56219   0.00    35.02
56033   56357   10.75   56.37
56038   55939   8.17    113.48
56038   55214   7.32    135.55
56048   55807   14.33   119.30
56061   55874   2.33    61.50
56061   56609   11.36   116.27
56069   55425   11.13   112.74
56071   56640   5.94    116.87
56072   55911   13.21   112.00
56072   56590   8.91    101.46
56076   56033   0.00    34.26
56083   56504   5.47    145.23
56141   55807   13.60   62.53
56146   55479   10.75   121.09
56146   56377   9.67    89.64
56170   56387   11.00   41.78
56177   56094   3.00    23.06
56181   56069   5.33    23.16
56200   56388   10.48   45.02
56211   56723   8.67    146.73
56211   56094   0.00    20.87
56215   56740   9.80    116.55
56215   56061   20.00   62.05
56219   56706   11.20   96.82
56220   56072   8.00    111.07
56248   56038   7.48    36.49
56248   56749   6.67    112.67
56249   56513   20.00   121.23
56282   56048   11.72   119.30
56282   56580   12.60   62.77
56299   55958   11.50   130.66
56300   56141   12.38   72.36
56303   56071   10.56   69.63
56304   55915   7.12    66.43
56320   56219   9.80    51.80
56332   56723   10.25   79.16
56332   55929   4.67    84.67
56343   56181   11.18   28.44
56351   56200   11.50   40.09
56351   56627   11.40   111.44
56357   56517   0.00    34.46
56359   55919   3.56    76.21
56359   56220   9.45    100.33
56365   56215   12.44   54.22
56365   56897   9.38    115.21
56368   56211   10.50   25.91
56368   56304   10.50   70.61
56377   56439   20.00   13.79
56387   56404   0.00    3.59
56388   56701   7.00    85.28
56388   56351   0.00    18.32
56404   56357   0.00    23.03
56404   56517   0.00    27.90
56420   56300   9.25    71.49
56420   57148   11.43   148.69
56439   56320   23.29   73.71
56444   55986   11.29   91.14
56451   56392   3.00    23.50
56461   56812   20.00   68.82
56461   56465   7.63    95.66
56465   56504   13.29   95.70
56471   57043   10.62   114.46
56471   56343   8.30    77.77
56472   56609   6.50    61.02
56473   56742   9.00    60.32
56488   56304   8.00    36.98
56504   56672   0.00    57.87
56508   56365   8.86    64.57
56513   56912   0.00    86.21
56513   56439   20.00   49.41
56517   56993   10.33   99.14
56559   56471   3.00    64.65
56559   55993   10.00   109.94
56565   56931   6.00    68.92
56580   57014   9.00    79.29
56580   56420   10.50   98.45
56590   56701   7.09    50.60
56609   57157   13.52   115.28
56609   56740   11.25   56.00
56640   57203   12.25   116.74
56647   56508   13.22   59.74
56647   57164   7.14    112.80
56664   57196   8.67    105.81
56664   56559   0.00    20.79
56672   56480   6.50    77.29
56679   56791   3.00    52.14
56685   56050   11.29   127.61
56695   56672   6.50    8.15
56701   56918   10.25   62.77
56706   56559   8.17    87.57
56706   57315   11.25   119.31
56718   56999   7.67    98.34
56723   57110   7.69    70.81
56723   57138   8.44    97.27
56732   56695   11.00   13.38
56740   56897   8.27    58.43
56742   56647   13.33   40.07
56749   57301   7.30    113.46
56778   56343   11.30   89.59
56780   56508   10.00   58.67
56810   56849   6.67    91.47
56812   56810   8.55    91.47
56821   56992   0.00    42.18
56821   56359   6.85    110.37
56841   56583   11.00   143.28
56847   56742   3.00    37.27
56849   56732   11.50   39.46
56850   56488   6.00    69.24
56879   56931   0.00    33.95
56897   57431   6.29    116.96
56897   57045   9.40    58.84
56899   57020   10.54   63.74
56899   56812   9.80    44.87
56899   56141   10.82   147.53
56912   56706   15.00   112.03
56918   57078   6.75    52.74
56918   57336   12.20   118.19
56924   57475   8.33    117.49
56931   56999   20.00   14.17
56939   57418   10.50   132.23
56939   57692   9.92    137.13
56992   57408   10.36   107.57
56993   57413   7.59    98.51
56994   56847   3.00    59.25
56999   57412   7.71    85.10
57012   57157   7.80    62.33
57014   57397   9.69    78.87
57020   57038   0.00    9.85
57038   56300   13.90   148.32
57038   57148   9.00    72.09
57043   57222   10.42   108.59
57045   57164   9.36    57.78
57045   57595   8.25    115.13
57046   56847   10.00   46.20
57057   56368   11.91   133.18
57057   57034   9.67    65.42
57078   57199   10.60   47.01
57078   57544   7.25    128.81
57102   56849   10.09   92.99
57110   57776   8.46    115.16
57110   57057   8.67    115.96
57118   56843   14.67   101.45
57138   57551   9.88    89.40
57138   57110   10.58   67.98
57148   57397   10.89   141.53
57148   57248   0.00    21.32
57157   57431   8.77    115.61
57157   57466   20.00   64.65
57164   57794   11.50   116.97
57164   57414   7.82    104.44
57196   57517   7.25    82.87
57199   57316   6.74    37.42
57203   57587   11.26   73.60
57222   56685   10.02   125.52
57222   56778   8.08    89.56
57228   57315   10.80   71.47
57240   57253   0.00    4.97
57240   57118   9.83    46.81
57248   57020   9.80    83.70
57249   57336   6.73    23.28
57253   57533   9.54    56.12
57253   57475   9.80    99.69
57275   56992   5.38    77.07
57306   57248   20.00   24.20
57306   57909   11.86   114.56
57308   56939   7.80    146.75
57315   57586   6.62    99.63
57315   57415   6.50    73.63
57316   57455   5.60    93.54
57316   57424   5.07    38.01
57320   57275   15.25   15.00
57336   57544   11.50   49.31
57340   56899   11.55   108.39
57340   57102   6.40    92.99
57348   57412   18.00   41.48
57386   57203   6.50    93.79
57397   57539   11.43   68.84
57397   57654   9.67    47.70
57408   57933   8.67    107.57
57412   57852   5.56    71.43
57412   57514   0.00    48.58
57413   57998   0.00    103.47
57413   57970   1.00    103.59
57414   56994   3.00    124.08
57414   57452   0.00    15.70
57415   56664   12.00   146.61
57424   57558   6.58    39.38
57428   57222   20.00   41.73
57431   57595   12.89   57.58
57431   57749   7.25    52.44
57452   57582   8.80    49.45
57452   57997   13.33   126.71
57455   57842   8.67    93.09
57466   57689   11.50   37.48
57475   57660   3.00    63.00
57475   57835   11.50   58.00
57508   57605   0.00    14.54
57508   57403   0.00    19.51
57514   57587   11.00   32.00
57514   57880   0.00    59.21
57517   57755   5.00    80.86
57528   57541   0.00    3.48
57533   57835   7.25    99.10
57533   57768   20.00   37.41
57535   57384   0.00    49.45
57535   57012   7.67    110.74
57541   57624   11.50   13.65
57544   57842   3.00    49.47
57550   57528   3.00    13.97
57551   57832   9.33    40.75
57551   57582   14.33   23.35
57551   57508   14.33   34.28
57571   57550   0.00    3.59
57582   58275   5.86    111.03
57585   57497   11.50   21.70
57587   58050   13.67   74.17
57595   57794   8.82    58.32
57603   57932   5.33    62.89
57603   57798   10.80   77.21
57611   57340   10.00   90.33
57624   57643   0.00    4.72
57643   57645   7.25    4.72
57643   58027   9.20    67.37
57645   57571   5.50    13.43
57650   57415   0.00    39.96
57650   57891   0.00    73.60
57654   57306   6.00    111.92
57654   58299   11.19   113.74
57660   57201   8.67    95.61
57660   57992   8.97    117.10
57691   57320   1.00    81.89
57693   57240   10.24   148.25
57697   58003   8.88    134.94
57705   57057   13.63   116.10
57719   57755   3.00    15.49
57745   57535   11.50   36.74
57749   57814   11.50   10.67
57755   57881   3.00    59.24
57768   57819   12.67   14.34
57776   58355   9.40    90.96
57776   57705   8.41    116.17
57784   57852   8.00    51.86
57790   57799   0.00    4.14
57794   58145   8.23    64.34
57794   57951   9.11    58.25
57798   57988   6.63    77.27
57814   57466   13.22   113.89
57814   57958   6.50    25.90
57820   57691   1.86    25.47
57832   58573   9.84    117.86
57832   57776   10.61   115.05
57835   58169   3.00    59.11
57839   57992   12.91   24.73
57852   57885   0.00    6.55
57866   57912   0.00    9.47
57881   58132   9.06    117.83
57881   58399   20.00   91.31
57885   58634   9.76    119.48
57891   57196   7.58    119.39
57892   58328   10.60   143.60
57892   57693   8.38    59.23
57892   57340   11.10   104.92
57897   57924   5.33    10.18
57905   58111   9.20    76.48
57909   58519   8.26    107.94
57909   57611   14.33   90.33
57912   58217   13.20   47.66
57912   58047   10.00   39.27
57924   58096   7.25    79.82
57932   58111   9.00    37.69
57948   57842   4.00    20.71
57951   57414   10.00   124.11
57951   57979   0.00    6.01
57958   58009   3.00    7.59
57970   58645   0.00    128.12
57979   57997   0.00    4.52
57988   58179   10.56   77.28
57992   58400   7.80    67.86
57996   57650   14.14   107.86
57997   58275   11.25   110.20
57998   57970   0.00    7.68
57998   58678   3.00    128.94
58003   58472   11.35   136.97
58006   57958   0.00    33.19
58009   58251   3.00    41.05
58019   57820   7.00    40.67
58027   58644   9.90    113.51
58027   57654   10.42   111.44
58029   57891   0.00    25.38
58029   58244   1.00    47.69
58042   58623   3.45    92.26
58047   57693   10.38   64.50
58050   58347   6.00    45.46
58050   57885   0.00    81.54
58055   58019   9.80    9.55
58079   57892   11.33   57.20
58096   58296   6.67    79.82
58111   58757   3.75    121.30
58127   58006   7.25    26.69
58132   58244   2.50    38.52
58132   58775   10.25   112.67
58132   58029   0.00    18.65
58145   58377   14.33   37.05
58145   57749   4.88    116.98
58169   58713   11.38   100.22
58169   57929   8.60    87.11
58176   57932   12.08   83.47
58178   58832   12.00   136.85
58178   58251   7.86    17.43
58179   58372   8.33    77.28
58217   58328   11.50   18.46
58217   58047   2.50    29.05
58231   58079   3.00    23.38
58244   58423   8.45    85.98
58251   58881   8.84    117.89
58270   57308   11.50   152.38
58275   58696   10.07   71.28
58295   58679   20.00   72.65
58295   58079   9.19    57.76
58299   58911   11.60   109.87
58299   57909   8.47    112.29
58303   58356   0.00    9.46
58312   58377   0.00    24.40
58323   58217   20.00   40.47
58328   58440   0.00    20.81
58333   57998   0.00    125.10
58355   58500   9.80    38.39
58356   58882   0.00    79.10
58361   57799   10.62   123.28
58372   58864   4.67    81.87
58372   58589   12.90   87.43
58377   58480   4.67    18.01
58380   57660   6.43    117.31
58380   58169   9.63    75.57
58398   58447   7.68    90.35
58399   58027   8.09    112.71
58399   59024   12.11   112.72
58400   58702   14.33   49.26
58400   58361   11.00   117.59
58408   57988   3.00    73.25
58408   58176   9.83    83.47
58432   58055   8.83    74.55
58440   58607   3.00    32.05
58442   58355   10.00   26.89
58447   58500   9.23    92.07
58480   57979   6.73    122.51
58480   58495   0.00    3.41
58481   58607   5.50    36.21
58481   58440   0.00    14.31
58495   58712   11.50   44.22
58500   58693   10.63   40.70
58519   58295   13.05   68.66
58530   58442   10.00   14.02
58530   58573   9.21    86.03
58541   58704   0.00    49.97
58542   59176   9.94    119.13
58542   58519   11.50   5.43
58570   58380   9.88    72.81
58573   58710   10.60   19.45
58589   58842   10.75   87.43
58607   58838   8.67    49.84
58619   58408   7.33    76.98
58623   58361   5.80    63.02
58623   59121   8.57    74.66
58634   58782   0.00    64.05
58634   58704   0.00    10.53
58640   59176   10.36   127.94
58640   58231   10.00   80.47
58644   58299   10.41   112.03
58644   59305   10.45   112.17
58645   59391   6.50    128.25
58655   59100   20.00   78.79
58655   58542   6.88    36.56
58678   59391   5.20    128.54
58693   59371   7.12    99.31
58693   58530   8.80    46.13
58696   58763   6.50    9.10
58702   59342   9.43    94.87
58702   58570   6.50    46.37
58704   58806   0.00    31.33
58710   59440   9.20    107.23
58710   58763   7.67    106.98
58713   58481   11.50   79.32
58713   59218   11.00   118.97
58757   59263   8.47    98.04
58757   58472   11.14   106.23
58763   59500   9.42    110.51
58775   59115   10.25   61.47
58775   58399   11.94   113.68
58806   59590   2.33    144.75
58815   59260   11.00   81.19
58832   58432   8.20    78.84
58832   59162   9.31    73.20
58838   59373   11.00   128.08
58838   58640   10.00   33.96
58842   58620   3.75    37.93
58864   58619   11.29   76.98
58871   58380   9.00    81.07
58874   58563   7.90    141.24
58881   58943   0.00    11.18
58906   59793   7.97    136.48
58911   58655   9.59    69.00
58918   58134   9.00    121.01
58935   58713   8.25    81.79
58935   58871   0.00    18.15
58943   58495   14.33   102.49
58943   58989   0.00    7.52
58944   58911   17.14   10.85
58944   59398   3.00    78.05
58947   58702   12.17   86.17
58966   58935   3.00    9.76
58966   58871   2.00    16.61
58989   59624   4.17    95.76
59024   58644   7.36    111.93
59024   59680   11.20   114.34
59050   58842   1.00    43.96
59072   58864   10.75   76.68
59080   59621   0.00    117.92
59094   58757   6.18    129.46
59113   59626   4.38    97.93
59115   59435   3.00    52.16
59121   59232   0.00    14.90
59121   59143   0.00    74.79
59140   59162   8.39    91.54
59141   59325   7.42    32.51
59157   58570   8.67    95.68
59157   58966   12.20   75.79
59162   59635   10.33   77.58
59176   59373   0.00    34.28
59176   59667   11.00   128.57
59177   59325   0.00    21.73
59218   58838   10.75   73.17
59218   59739   11.00   129.05
59232   59757   10.95   81.51
59232   58947   11.16   86.56
59245   59140   6.36    89.39
59248   59808   11.00   100.95
59248   58944   10.85   86.92
59261   58935   5.87    76.90
59263   59771   9.83    98.03
59295   59015   8.07    126.05
59305   59248   8.80    14.50
59313   59050   12.17   47.20
59313   59072   8.57    76.68
59325   59821   7.12    97.64
59332   59115   0.00    54.71
59342   60178   11.19   138.48
59342   59896   11.00   95.30
59354   59094   8.56    90.55
59371   59538   1.81    25.65
59371   59300   2.18    115.08
59373   59739   13.20   73.90
59373   59863   10.40   129.00
59374   58832   9.66    105.81
59391   59730   7.35    69.04
59404   58954   5.80    83.17
59435   59024   9.47    112.90
59435   60049   10.08   116.26
59440   59371   2.17    114.56
59450   60059   4.25    112.45
59450   59305   10.60   40.90
59500   59440   4.38    116.49
59517   59357   7.25    65.53
59538   60082   7.00    87.34
59564   59500   5.06    117.33
59579   59261   8.33    76.88
59579   59218   0.00    73.19
59621   60126   6.86    117.69
59624   60351   6.57    111.64
59626   60189   2.48    109.22
59645   59435   7.53    69.16
59667   59863   0.00    42.98
59667   60180   11.29   130.01
59680   59450   11.38   70.83
59683   59354   6.76    129.54
59685   60408   9.88    112.14
59718   60109   10.00   73.43
59718   59680   0.00    10.15
59724   59924   10.57   56.16
59724   58966   14.76   121.16
59730   60182   8.67    89.21
59739   60256   8.00    129.06
59739   60095   13.25   72.49
59751   59157   13.20   95.23
59757   60392   7.36    99.49
59757   59784   10.44   134.51
59766   60227   8.09    112.51
59771   60239   8.67    91.44
59784   59793   9.00    32.14
59790   59404   7.50    78.07
59793   60483   8.47    107.34
59820   60347   7.50    101.86
59821   60333   5.00    97.73
59845   60684   9.11    140.33
59863   60402   11.53   129.30
59863   60256   13.25   73.13
59895   60193   11.50   99.63
59896   60506   11.50   95.34
59924   59579   0.00    72.46
59924   60464   10.79   129.15
59992   60553   6.63    143.64
60002   60082   8.76    107.86
60008   59313   5.27    138.75
60008   59683   9.00    129.54
60049   60461   12.00   72.88
60049   59718   8.33    100.53
60060   59771   7.39    121.49
60082   60147   9.53    116.74
60095   60464   10.00   72.18
60095   59579   9.28    129.56
60096   59761   7.80    53.13
60104   60607   0.00    78.08
60109   60461   8.33    101.98
60109   59944   17.50   45.46
60116   59924   0.00    37.63
60116   59724   3.00    65.71
60126   60634   10.00   117.50
60147   60211   9.29    114.95
60178   60983   11.00   138.09
60180   60702   5.83    129.52
60181   60060   8.56    57.46
60182   60635   6.46    89.21
60189   60435   5.00    47.23
60193   60817   6.67    105.15
60211   60286   7.79    117.45
60223   60116   8.67    14.82
60227   60421   8.85    45.89
60231   60372   6.50    30.78
60239   59926   16.00   71.04
60239   60665   10.23   83.80
60256   60622   7.62    73.88
60256   60774   10.22   129.07
60277   60826   9.67    114.05
60277   60223   0.00    8.82
60278   60316   9.88    59.05
60316   60351   6.50    49.53
60316   59927   2.00    56.77
60330   60008   8.29    121.02
60338   60223   14.00   70.20
60338   59751   12.91   95.31
60340   60049   10.47   83.08
60341   60181   8.86    64.88
60347   60854   16.70   101.86
60351   61064   9.16    115.49
60351   60408   11.29   115.45
60352   60435   0.00    132.35
60385   60341   8.67    25.68
60392   60462   8.88    107.72
60392   60977   7.47    94.76
60402   60180   9.50    43.71
60402   60915   11.67   129.90
60408   61134   9.75    117.16
60408   60438   4.30    53.20
60438   60981   12.17   91.25
60438   60489   12.90   115.09
60456   60002   8.87    69.68
60459   60008   2.00    86.31
60462   60483   12.20   86.32
60464   60826   20.00   73.03
60464   60961   8.13    129.28
60483   61201   8.57    119.34
60506   60602   0.00    16.96
60506   61190   9.20    124.48
60553   60853   10.55   97.20
60553   61093   12.13   107.32
60597   60804   1.40    33.45
60600   60456   9.55    23.49
60602   61199   10.22   98.80
60602   60338   6.00    92.13
60606   60227   7.28    67.34
60616   60385   5.62    94.70
60616   61108   0.00    102.38
60622   60095   10.62   128.71
60622   60961   4.27    71.53
60635   61024   7.57    81.52
60635   60330   8.20    121.02
60665   61073   5.17    83.80
60684   61329   9.80    137.40
60686   60239   6.50    116.41
60686   60060   11.00   123.70
60702   61124   8.75    112.05
60774   60402   10.75   73.27
60774   61255   14.30   130.20
60796   60600   12.50   30.31
60804   60844   8.28    7.09
60817   61344   8.17    103.61
60826   60876   2.50    12.36
60853   61066   9.46    69.46
60854   61532   7.67    140.19
60876   61713   11.86   133.83
60876   61310   10.08   116.31
60889   60459   5.50    86.31
60889   60616   7.93    121.24
60909   61108   0.00    54.88
60915   61352   9.89    111.45
60915   60702   14.33   44.32
60916   61309   7.79    102.80
60916   61014   3.29    26.16
60918   61317   9.00    65.34
60936   60338   9.29    97.39
60948   60277   13.71   107.91
60950   60341   9.20    125.55
60961   61457   11.53   129.24
60961   61310   24.80   72.92
60964   61562   8.57    142.47
60981   61254   11.07   86.49
61010   61526   9.29    83.07
61014   61396   7.00    86.18
61024   61417   10.00   81.52
61064   61006   8.62    107.90
61064   61811   10.64   117.26
61065   61480   6.75    96.07
61066   61222   9.93    52.74
61073   61309   9.44    48.88
61093   61678   6.14    107.42
61104   60774   0.00    73.25
61104   60622   12.00   128.66
61108   61582   5.33    93.80
61114   60889   16.67   49.70
61134   61503   8.60    59.96
61134   61064   6.61    114.21
61146   60889   7.91    122.54
61190   61958   13.71   125.80
61199   61833   9.05    98.83
61201   61205   10.00   105.00
61201   61344   6.50    22.59
61203   60686   11.00   107.69
61205   60462   10.85   121.15
61211   60854   0.00    97.21
61222   60844   6.60    77.05
61254   60606   10.20   123.64
61255   60915   3.00    73.47
61255   61817   9.31    136.98
61309   61759   6.60    113.96
61309   61851   4.75    106.64
61310   61716   10.67   98.00
61329   61907   8.42    135.91
61344   61806   6.88    77.64
61357   61114   9.40    44.45
61396   61783   5.73    86.18
61417   61852   7.67    81.96
61417   61146   8.10    121.96
61457   61104   13.20   72.46
61480   61164   20.00   68.32
61480   61627   23.67   45.67
61483   61533   7.68    73.97
61485   61114   3.00    117.51
61485   61146   0.00    69.89
61490   61357   10.00   30.33
61503   61572   6.50    17.78
61503   61811   7.84    141.36
61509   60964   0.00    99.58
61526   61958   10.42   124.14
61526   62135   6.06    97.07
61532   62234   8.62    140.19
61533   61615   9.57    122.07
61534   61623   9.86    73.55
61534   60936   9.84    97.39
61552   61610   9.34    117.08
61562   62186   12.67   142.82
61572   61495   0.00    12.48
61576   60950   9.00    125.55
61582   61956   10.00   77.95
61609   61211   3.00    97.21
61610   61676   7.14    116.23
61615   61698   11.94   121.99
61619   61801   13.20   104.02
61619   61998   9.00    75.94
61619   61457   7.33    67.06
61623   60948   11.13   107.89
61623   61713   9.13    73.01
61629   61255   8.67    71.32
61629   61104   8.44    132.03
61676   61740   7.73    116.10
61678   62091   10.75   90.39
61698   61770   8.36    123.42
61713   61810   7.43    99.83
61716   61801   9.80    38.11
61732   61485   0.00    44.74
61732   61357   8.80    117.22
61750   61811   6.93    108.56
61759   62192   7.50    115.64
61759   61203   20.00   107.69
61770   61829   5.17    125.72
61801   61457   11.50   63.35
61806   61907   10.00   22.31
61806   61870   5.33    10.63
61810   62378   11.50   90.44
61810   61716   43.29   50.41
61811   62281   8.50    76.33
61829   61318   8.50    79.84
61833   61898   5.33    42.35
61833   62406   8.07    87.12
61851   62390   6.40    106.65
61852   62248   10.08   81.89
61856   61870   10.00   84.70
61856   61205   11.50   99.85
61870   62500   7.00    105.68
61873   61507   3.50    55.03
61873   61980   20.00   33.26
61877   61732   0.00    29.99
61877   61490   6.50    117.03
61898   61534   7.84    73.25
61898   62082   9.85    47.14
61902   61829   7.76    125.73
61907   62186   12.90   56.32
61911   61222   20.00   112.27
61923   61998   11.14   112.58
61923   61629   9.00    77.46
61931   61254   8.51    121.82
61956   62264   5.57    60.23
61958   61833   9.00    105.83
61958   62582   10.20   93.28
61980   62623   10.44   108.75
61980   62003   0.00    28.23
61985   61660   0.00    95.07
61998   62212   9.89    109.58
61998   62327   10.94   48.58
62003   61873   6.67    26.12
62025   61582   12.00   116.00
62025   61490   10.60   108.85
62058   61572   9.00    90.21
62074   61911   8.43    33.43
62082   62263   10.56   31.29
62091   62880   6.33    145.39
62091   61509   9.83    100.53
62098   61985   0.00    18.58
62135   62814   12.29   97.10
62151   61959   8.00    30.33
62186   62500   10.00   68.23
62186   62880   7.62    118.31
62192   62697   3.83    116.60
62192   61576   7.00    125.55
62203   61678   0.00    113.63
62212   62378   6.94    131.48
62221   62082   9.43    118.02
62234   63014   9.93    140.16
62248   63028   8.32    139.90
62248   61877   5.50    119.30
62263   62406   11.50   89.72
62263   63025   10.04   126.43
62264   62697   8.13    78.05
62278   61759   8.33    107.74
62281   62163   3.00    50.32
62281   62551   11.20   39.63
62369   62274   9.02    122.32
62372   63013   9.67    92.18
62372   62221   10.81   118.04
62378   62372   6.50    7.24
62390   62518   5.40    24.28
62398   62618   10.00   39.08
62406   62995   11.65   85.37
62406   62582   11.24   112.12
62413   62369   9.62    68.68
62450   62413   7.00    53.60
62461   61956   2.00    116.10
62461   62025   3.00    77.92
62500   63284   9.38    123.32
62500   62508   10.75   84.59
62508   61856   9.40    99.13
62511   62525   0.00    106.61
62515   62450   7.29    124.11
62518   63070   9.00    102.26
62521   62025   7.75    115.58
62521   61877   10.00   124.76
62525   62554   0.00    106.64
62554   63041   1.00    106.61
62580   62515   5.00    126.75
62581   62003   6.00    84.88
62582   62814   10.50   118.91
62584   62058   12.29   90.29
62618   63437   8.55    116.97
62623   63224   13.50   86.77
62635   61931   10.81   121.89
62643   62098   0.00    85.59
62682   62074   8.79    111.54
62686   62648   8.60    47.93
62686   63522   3.00    120.92
62697   63204   2.60    115.57
62697   63143   7.38    78.04
62717   62686   9.82    43.27
62779   62264   7.33    116.08
62779   62461   10.75   59.80
62798   62192   9.00    108.41
62814   62998   8.08    110.73
62839   62203   0.00    113.87
62875   62913   10.00   57.41
62878   63008   7.89    81.41
62878   62212   11.76   97.43
62880   63476   11.83   89.69
62890   62278   6.33    107.74
62897   63021   3.00    82.98
62929   62849   10.20   78.84
62975   62151   6.20    121.79
62990   63226   13.25   54.50
62995   63303   7.72    75.93
62998   62508   10.70   70.84
63008   63013   6.64    81.04
63012   63025   9.14    75.52
63013   63012   8.42    75.50
63013   63670   9.82    94.32
63014   63785   6.57    140.15
63021   63245   0.00    82.38
63025   63675   9.18    104.10
63025   63254   1.00    59.58
63028   62521   5.50    118.97
63028   63619   11.50   108.58
63041   63245   0.00    36.14
63063   63037   8.00    34.18
63070   62975   8.36    13.66
63082   62975   0.00    56.33
63130   63063   10.04   106.56
63137   63179   10.92   76.99
63137   63761   15.00   92.71
63143   63451   7.80    59.81
63177   62581   7.81    83.40
63179   63319   8.94    76.94
63193   63130   8.39    122.29
63204   62779   9.55    77.57
63204   63701   8.90    116.40
63211   62614   10.00   82.51
63224   63827   9.26    87.28
63226   63050   3.00    33.63
63231   63158   10.67   116.13
63238   62413   3.00    119.45
63238   63193   9.43    68.03
63245   63312   0.00    53.35
63254   63732   8.86    105.66
63254   62995   10.24   111.15
63269   63238   11.00   54.89
63284   63476   10.21   78.07
63284   63909   11.00   90.47
63303   63625   4.70    87.00
63305   63231   9.74    116.59
63312   63041   3.00    51.21
63312   63449   9.00    42.23
63319   63438   7.63    70.25
63347   63269   7.61    123.20
63351   63693   10.00   87.58
63365   64024   0.00    118.06
63372   63070   11.20   46.46
63385   62798   8.88    108.41
63394   63137   10.00   80.13
63399   64161   10.93   127.74
63437   64237   8.59    115.75
63438   63399   7.29    126.15
63449   62682   8.35    114.60
63451   63891   5.13    78.91
63473   62672   8.86    115.16
63473   63437   10.16   74.81
63476   63394   6.50    78.72
63494   63372   20.00   74.67
63498   63416   6.63    123.39
63517   63473   11.58   70.68
63522   63498   12.11   47.36
63553   63522   6.50    43.58
63619   64202   7.38    108.58
63625   63838   7.50    92.10
63631   63204   5.70    78.77
63631   63143   8.25    115.52
63633   64124   13.25   133.58
63633   64281   15.50   116.61
63647   63226   8.10    76.65
63658   63670   6.33    85.96
63670   63675   8.29    107.10
63674   63596   9.60    122.19
63680   63900   0.00    51.96
63693   64024   8.15    87.32
63701   64122   11.00   78.47
63701   64202   6.86    117.17
63705   63763   6.67    80.94
63732   64200   10.75   105.53
63758   63782   13.31   61.71
63758   63177   9.56    83.40
63761   63705   6.00    80.51
63763   64343   8.75    118.95
63763   63438   11.13   64.91
63782   63211   7.22    82.51
63782   63827   7.88    70.80
63797   63365   0.00    145.15
63819   63761   8.09    78.17
63823   63625   9.30    37.40
63827   63938   10.23   14.50
63838   63996   2.33    91.71
63846   63449   5.57    66.51
63846   63633   10.23   79.65
63866   63819   7.00    78.17
63866   64308   10.40   90.23
63878   63777   0.00    14.75
63897   63806   0.00    13.98
63900   63544   14.33   63.36
63909   63866   7.03    64.74
63938   64721   8.52    116.30
63969   63631   7.67    59.91
63969   63451   9.50    115.02
63978   63909   7.69    108.18
63984   64087   8.25    43.53
63996   63978   7.75    63.57
64024   64281   8.32    79.29
64029   64240   0.00    53.41
64034   64334   0.00    45.03
64052   64292   9.33    47.29
64059   63647   11.20   76.65
64059   63372   10.39   101.99
64087   64213   3.75    41.57
64105   64213   0.00    17.35
64105   64087   20.00   44.36
64107   63846   8.58    49.86
64122   64421   10.75   59.08
64122   63631   11.50   115.23
64153   64105   7.25    119.04
64161   64107   10.44   120.85
64162   64980   8.63    115.40
64198   64022   0.00    33.70
64200   63823   9.63    71.40
64202   64726   3.45    125.23
64202   64788   9.80    107.77
64205   63996   3.00    40.26
64213   64503   4.75    104.44
64237   64686   9.40    64.79
64240   63900   1.00    64.12
64265   63823   10.60   105.14
64281   64504   8.55    66.93
64281   65203   9.83    143.13
64289   64200   3.00    19.09
64292   64634   8.67    60.80
64303   63763   7.64    114.81
64303   63761   10.45   110.34
64308   64905   11.75   117.39
64343   64712   9.53    79.25
64373   63969   7.55    77.24
64394   64059   5.33    51.42
64421   63969   11.43   116.04
64421   64876   8.20    78.95
64459   64954   0.00    67.44
64470   64438   20.00   55.69
64488   64373   0.00    25.70
64504   64107   9.63    79.17
64552   64240   7.25    57.62
64580   64488   0.00    14.63
64588   64580   10.00   2.03
64634   65062   8.27    77.11
64648   64668   8.63    46.52
64668   63782   10.65   132.72
64668   64721   10.20   86.57
64673   64609   8.21    86.29
64686   65048   10.81   50.57
64686   64553   10.00   45.27
64701   64289   6.75    75.85
64703   64205   9.42    100.74
64712   65031   9.93    78.40
64721   65312   7.88    85.05
64721   64755   9.05    59.51
64745   64673   12.60   106.70
64746   64205   7.85    99.04
64746   64265   7.53    105.14
64761   64289   7.82    105.73
64767   65012   0.00    49.77
64767   64745   6.55    53.40
64770   64767   3.00    3.59
64788   65381   7.54    107.77
64797   64292   9.00    114.74
64797   64588   10.00   36.50
64813   64770   12.67   65.19
64819   65412   1.67    134.31
64830   64033   11.72   116.54
64876   65252   5.50    67.58
64890   64813   11.12   122.33
64905   65473   16.14   118.51
64905   64303   14.71   121.34
64907   64343   7.56    114.88
64907   64303   10.18   119.14
64957   64308   11.55   131.02
64972   64890   9.55    123.76
65014   64779   0.00    32.43
65031   65212   6.67    52.41
65031   64527   0.00    80.74
65048   65639   9.67    86.81
65056   65561   8.12    79.75
65060   64972   7.64    128.98
65062   65481   24.33   78.24
65062   64552   9.67    115.90
65108   64907   15.00   55.43
65125   64797   6.50    59.40
65125   64634   8.80    114.17
65127   65060   10.15   121.21
65149   64552   6.60    107.33
65149   64394   8.63    107.61
65163   64450   1.00    147.46
65163   64646   9.44    117.09
65184   64701   7.00    88.78
65191   65127   7.71    91.68
65203   66148   9.92    149.72
65203   65056   10.00   60.56
65205   64957   0.00    53.10
65205   64703   10.00   100.69
65210   65446   10.00   57.38
65212   65587   9.20    102.08
65225   64761   6.50    105.73
65225   64746   10.00   89.00
65242   65312   10.13   130.87
65246   64504   7.80    112.41
65252   65297   0.00    9.39
65256   65074   0.00    39.09
65280   65163   10.00   24.05
65291   65208   9.00    117.63
65297   65619   10.00   60.45
65297   64797   9.92    115.66
65312   65659   13.20   50.99
65312   65346   10.08   61.73
65346   66031   9.24    102.15
65346   65416   10.21   114.71
65377   65108   10.75   72.55
65381   65859   7.40    90.56
65384   65066   7.25    75.53
65412   65022   8.00    128.58
65416   65486   10.35   116.42
65426   65483   12.86   100.66
65446   65739   11.58   67.81
65473   65785   11.38   84.95
65473   64907   9.40    119.86
65481   65814   9.00    60.74
65483   65555   12.21   104.57
65519   65280   3.00    47.34
65519   65412   0.00    23.06
65539   64905   11.50   130.73
65549   65062   7.43    115.75
65549   65125   6.79    77.37
65555   65621   13.38   121.23
65561   66265   8.95    110.80
65587   65927   6.93    101.94
65619   66019   5.50    77.94
65621   65701   10.20   123.42
65629   66158   14.33   123.90
65639   66146   10.34   77.31
65649   65184   5.10    88.75
65659   65634   15.00   40.12
65659   66002   9.00    51.71
65670   65639   14.33   65.01
65672   65149   5.14    76.96
65701   65772   7.68    123.72
65715   65384   0.00    75.53
65715   65225   11.50   90.14
65739   65519   5.50    53.63
65739   66188   7.00    74.01
65770   65377   9.57    107.98
65770   65212   10.67   95.90
65772   65841   10.81   128.46
65785   65108   11.63   114.84
65785   66038   11.36   72.68
65790   65539   13.25   52.40
65790   65205   11.50   119.54
65807   65501   1.00    56.67
65807   65278   8.25    122.14
65814   66171   5.69    74.83
65841   65914   8.67    122.37
65859   66546   8.68    124.95
65914   65972   6.45    90.93
65920   65446   9.09    90.98
65927   65246   8.73    112.57
65954   65549   4.00    78.16
65976   65561   8.00    87.79
65982   65715   1.00    52.58
65982   66510   20.00   90.14
66002   66552   10.73   77.46
66002   65906   8.27    132.28
66004   66064   6.78    117.87
66019   66626   9.63    108.06
66019   65549   10.23   114.15
66031   66576   7.36    77.64
66031   66002   10.11   60.05
66033   66138   8.75    114.19
66038   66451   8.73    107.81
66038   65377   9.62    116.54
66054   65790   10.00   57.25
66064   65291   8.13    118.10
66072   66067   0.00    1.16
66105   65473   10.13   136.17
66138   65982   0.00    29.56
66138   67106   3.00    149.09
66146   66187   12.40   61.68
66146   66782   10.91   89.76
66148   65927   7.71    80.81
66148   66884   11.35   113.14
66158   66767   10.75   135.22
66158   65807   20.00   71.08
66171   65672   10.08   76.96
66187   66207   11.00   37.22
66188   66375   7.22    37.41
66207   66248   6.25    49.53
66221   66171   7.11    6.45
66221   66723   8.33    115.25
66248   66273   13.00   53.67
66248   67176   2.00    136.07
66265   66148   7.43    69.56
66265   66862   7.60    106.91
66270   65954   6.82    59.97
66273   66301   11.33   51.71
66301   66338   8.79    53.14
66337   66033   3.00    66.32
66338   66422   10.70   121.06
66375   66862   5.70    80.02
66375   65976   7.47    87.04
66376   65807   13.71   133.77
66376   66054   7.43    57.75
66396   65770   13.82   143.18
66396   66534   16.67   93.60
66422   66512   8.26    122.81
66447   65920   12.17   91.39
66451   66825   8.00    103.06
66451   65770   12.00   117.09
66510   66897   9.83    88.45
66512   66578   8.71    123.10
66534   66648   10.00   93.58
66546   67120   10.24   108.41
66546   66019   7.45    119.83
66552   67063   10.75   77.46
66558   66158   0.00    71.28
66558   65985   11.00   123.05
66576   67100   13.17   77.64
66578   66623   7.05    58.75
66579   66105   9.80    92.67
66623   66683   10.47   71.69
66623   66235   0.00    55.47
66626   67202   6.50    108.06
66627   66033   0.00    100.00
66648   65927   10.31   104.05
66658   66187   0.00    68.11
66683   66718   11.17   71.45
66698   67433   10.17   110.00
66698   66219   12.67   111.71
66718   66751   12.29   50.51
66718   67219   0.00    74.75
66723   67202   11.29   115.80
66723   66270   12.05   78.60
66735   66719   6.50    67.24
66746   66375   0.00    75.51
66751   66803   11.95   89.19
66767   67224   12.60   108.64
66767   66376   6.00    70.68
66782   67398   9.86    89.76
66799   66188   11.00   145.05
66803   66807   0.00    5.41
66807   66820   0.00    22.53
66820   66823   8.33    6.32
66825   67045   7.73    127.19
66825   66396   8.13    73.38
66825   67161   0.00    70.34
66844   66919   1.00    42.16
66862   67184   11.67   136.89
66862   67332   4.00    68.38
66883   66376   12.67   116.38
66883   66579   0.00    58.72
66884   67332   7.69    108.39
66888   66064   10.88   118.33
66897   66558   3.00    68.64
66897   67520   9.83    136.76
66912   66221   8.71    101.16
66987   66585   14.50   137.31
67015   66746   0.00    74.68
67039   67063   8.76    36.85
67045   67074   6.47    126.35
67058   66301   0.00    108.71
67063   67894   10.06   119.90
67063   67100   7.78    60.27
67074   66648   2.15    67.97
67083   67495   6.20    85.49
67097   66698   8.75    102.35
67100   67175   7.41    115.66
67100   67941   7.75    120.28
67120   67727   8.57    108.41
67131   66767   9.83    70.12
67131   66558   8.00    136.52
67147   67176   8.85    47.97
67161   67183   0.00    3.72
67171   67083   5.62    82.83
67175   67250   7.62    115.65
67176   67212   8.13    55.33
67183   67557   7.67    110.03
67183   67499   0.00    43.05
67184   66987   4.83    135.67
67198   67074   6.25    21.56
67202   67727   9.40    118.87
67202   67632   12.67   76.90
67212   67279   11.00   105.15
67217   67495   3.00    63.97
67224   67778   11.63   109.74
67250   67260   2.33    13.80
67264   67886   8.61    109.04
67264   66723   12.22   101.06
67264   66912   6.38    53.31
67270   67210   6.06    87.61
67279   67359   11.60   120.54
67288   67171   10.19   43.53
67328   67733   0.00    56.72
67332   67609   9.26    145.98
67332   67859   2.75    76.12
67359   67442   11.33   123.55
67373   67288   0.00    14.10
67390   66883   7.83    101.62
67398   68038   8.25    90.59
67408   67732   12.67   70.70
67433   67717   11.60   76.23
67433   67980   8.75    78.73
67442   67528   8.09    123.75
67464   67827   9.64    78.86
67495   67994   3.00    75.76
67499   67985   11.58   72.23
67499   67097   9.58    101.88
67520   67131   3.00    70.70
67520   68028   9.20    112.61
67528   67605   10.42   128.55
67557   67728   9.00    108.61
67585   67198   7.26    83.22
67605   67695   7.20    123.54
67609   67288   11.13   145.91
67632   68053   8.80    76.85
67665   67131   4.75    117.53
67717   67985   12.29   76.05
67718   67315   0.00    56.71
67727   68309   15.00   107.38
67728   67790   10.38   81.30
67728   68325   7.77    135.95
67778   68391   10.32   110.38
67790   67198   9.18    88.60
67790   68368   8.24    147.91
67827   68162   8.64    103.82
67827   68002   7.13    76.64
67839   66888   12.17   137.40
67839   67763   8.59    118.13
67859   67585   4.37    82.01
67865   67894   4.55    48.03
67886   68852   5.27    137.61
67886   67839   7.14    99.58
67911   67499   13.50   134.52
67914   67520   0.00    75.28
67941   68772   11.11   119.11
67941   68030   9.50    117.43
67949   67390   12.46   102.42
67985   68372   10.30   115.61
67986   68117   3.38    99.41
67994   68290   5.67    45.10
68002   68156   9.43    76.53
68028   68149   0.00    24.65
68038   68102   8.82    100.55
68038   68249   4.10    30.15
68046   67960   9.67    122.97
68101   67859   4.25    47.18
68102   68166   10.50   104.28
68107   68164   7.33    108.26
68117   68028   0.00    13.95
68117   68149   2.00    25.00
68149   68235   10.00   58.08
68156   68101   6.95    130.62
68162   68475   9.92    80.73
68164   67318   1.00    119.12
68164   68249   6.50    121.47
68166   68244   10.26   104.69
68225   68167   9.86    75.74
68235   68257   11.50   31.57
68235   68668   6.40    72.50
68244   68307   10.61   120.73
68249   68927   6.80    99.27
68257   68272   20.00   22.25
68272   67665   10.00   118.89
68272   68391   5.75    106.00
68290   68580   3.00    49.01
68307   68399   9.58    123.02
68309   68904   10.67   107.49
68325   68368   9.43    136.25
68368   68761   7.84    84.75
68370   68162   11.38   94.14
68372   68840   9.89    116.65
68386   68761   10.18   73.11
68386   68101   2.85    60.22
68391   68497   8.55    106.10
68391   68945   9.00    103.65
68399   68467   7.78    123.15
68467   68544   5.87    130.98
68481   67911   4.40    135.98
68497   68610   8.18    95.84
68497   67949   9.13    102.43
68544   68631   10.20   122.98
68554   68156   10.64   85.00
68554   68370   12.46   94.12
68580   68792   6.50    39.48
68582   68537   0.00    24.49
68593   68149   5.50    84.06
68593   68179   11.15   90.41
68610   68709   4.90    74.98
68631   68693   5.33    82.08
68668   69112   8.67    77.29
68684   68537   0.00    19.51
68761   69138   10.21   77.22
68763   68684   0.00    10.66
68763   69075   1.00    63.81
68775   68582   9.30    80.94
68783   67839   10.90   134.27
68783   68721   9.83    118.94
68792   69129   4.17    59.44
68852   69746   8.60    129.65
68904   68980   0.00    11.25
68910   68593   8.67    61.97
68916   68806   5.18    91.26
68922   68386   7.86    114.31
68927   69860   11.26   139.07
68945   69519   8.80    103.73
68953   68668   13.20   53.59
68976   68554   10.20   83.62
68976   68775   11.13   80.94
68980   69783   10.27   139.98
68985   68916   9.63    52.76
68997   68953   0.00    6.93
69002   68164   6.75    119.43
69011   68985   6.80    21.05
69020   68934   0.00    10.25
69020   69042   0.00    37.98
69057   68481   10.82   135.98
69059   69011   8.27    47.24
69090   69020   0.00    10.31
69112   69529   14.33   77.29
69129   69140   0.00    14.08
69138   69506   10.45   77.41
69140   69253   11.50   18.88
69140   68663   7.88    102.41
69161   69059   5.00    74.07
69185   69161   5.50    22.42
69207   69185   0.00    22.39
69246   69129   3.00    21.02
69248   69207   8.25    35.80
69253   69267   20.00   7.25
69253   69541   8.67    58.07
69267   69246   0.00    7.25
69279   68497   9.13    144.12
69329   68862   8.23    63.65
69369   69248   4.28    104.56
69421   69099   0.00    47.31
69435   69369   8.64    51.82
69441   69521   10.00   12.55
69443   69454   0.00    4.35
69454   69515   0.00    10.55
69458   69161   9.77    123.98
69466   69385   0.00    62.61
69473   69443   0.00    9.31
69475   68976   9.09    101.73
69477   68922   7.55    114.31
69490   69466   0.00    20.03
69490   69473   10.00   2.63
69496   69529   10.00   52.83
69506   69435   7.75    69.60
69507   69485   20.00   35.52
69515   69530   0.00    2.67
69519   69552   9.85    8.00
69523   69490   0.00    4.29
69529   70196   6.17    136.67
69529   69599   11.40   116.66
69530   69545   0.00    3.30
69541   69865   7.67    69.86
69545   69551   0.00    3.31
69550   69523   0.00    8.17
69551   69550   3.00    4.63
69588   69599   10.50   65.49
69607   69506   7.96    91.95
69626   69458   10.43   122.50
69633   69918   10.00   53.96
69639   69607   6.38    30.54
69639   69707   11.20   47.77
69644   69639   8.94    9.49
69644   69477   7.11    35.78
69698   68783   11.00   130.89
69707   69846   7.78    109.98
69733   69246   9.11    100.71
69739   70342   8.36    106.26
69742   69406   11.15   70.12
69776   69711   0.00    130.47
69783   69873   7.00    17.61
69796   69002   7.50    119.05
69809   69329   9.80    77.48
69809   69626   10.77   140.11
69836   70145   20.00   48.50
69846   69991   9.07    109.98
69860   70372   8.00    80.04
69865   70195   6.43    71.37
69873   69948   8.67    13.91
69885   70173   10.00   120.54
69889   69597   20.00   70.66
69936   70005   1.00    130.62
69937   69809   11.50   97.09
69948   69992   0.00    8.39
69991   70150   9.36    109.98
69992   70159   4.36    30.00
70060   70363   0.00    72.33
70062   69937   13.20   97.09
70075   69742   13.33   72.56
70075   69800   7.71    70.23
70150   70291   10.92   109.41
70159   70199   0.00    9.07
70165   69840   9.00    51.29
70173   70369   9.29    39.37
70195   70075   2.00    29.33
70196   70636   9.86    79.89
70196   70062   10.91   95.57
70199   70307   3.00    21.19
70208   70858   8.48    94.95
70208   70027   9.03    119.19
70287   69809   8.47    77.90
70291   70469   12.20   109.41
70307   71264   5.93    144.58
70313   70363   9.25    77.39
70325   69698   7.22    100.54
70334   69865   10.90   101.54
70342   70196   5.40    93.94
70355   70208   9.62    91.90
70363   70387   8.30    46.73
70369   70850   11.18   103.31
70369   70418   9.40    62.46
70372   70939   9.41    80.40
70387   70448   5.31    84.98
70389   70402   0.00    13.04
70402   70524   0.00    46.36
70413   70446   5.33    20.79
70418   71115   11.55   98.21
70446   70609   9.20    98.99
70446   70684   7.67    44.55
70469   70645   10.13   119.54
70486   71190   10.86   97.89
70521   70355   9.19    109.43
70521   71197   9.13    94.48
70536   70075   13.45   95.48
70609   70748   6.50    98.99
70636   71063   9.00    79.38
70645   70826   9.41    119.54
70681   70195   3.71    96.96
70684   70521   7.73    110.60
70718   70334   11.50   76.49
70826   71435   10.68   83.04
70826   70937   9.20    77.59
70826   70287   8.78    76.64
70858   70659   9.65    121.16
70858   71424   8.84    76.29
70861   70841   20.00   38.87
70867   70536   9.08    93.59
70883   70355   10.00   77.04
70937   71063   7.83    77.59
70939   70909   9.32    54.26
70939   71780   8.41    114.73
70962   70858   10.31   70.93
70973   71251   10.86   54.78
70997   70883   1.00    17.16
70997   70962   7.75    21.86
71003   70939   9.32    105.48
71010   71025   7.73    94.81
71025   71135   8.64    67.37
71045   70997   6.80    23.45
71063   71203   7.88    78.75
71074   71003   8.83    104.81
71115   71190   10.73   115.63
71120   70718   10.00   76.49
71135   71290   7.20    83.10
71190   71556   8.44    48.31
71190   71263   10.50   116.37
71197   71045   8.91    86.47
71251   71010   9.14    95.12
71251   71463   9.91    28.53
71263   71278   5.50    13.33
71264   71824   3.00    85.26
71290   71435   6.62    83.10
71391   71197   9.92    111.47
71424   71681   8.97    73.27
71435   71514   10.50   59.44
71435   71669   0.00    54.20
71463   71648   3.00    30.17
71463   71391   7.67    52.90
71470   71456   10.00   22.82
71479   71470   7.33    10.84
71514   71669   20.00   29.86
71514   71630   9.25    79.84
71594   71463   9.19    82.30
71602   71135   3.00    81.59
71630   71752   5.50    79.84
71648   71760   4.31    54.28
71669   72220   20.00   78.20
71707   71594   14.08   82.31
71760   71391   6.57    55.87
71780   72704   9.86    119.16
71824   72420   6.04    85.26
71880   71707   7.08    99.94
71897   71780   9.81    106.54
71977   71897   10.08   104.85
72038   71880   9.44    99.94
72038   72271   11.44   84.31
72038   71602   9.00    81.59
72040   71977   9.44    104.61
72056   71760   7.55    40.26
72114   72040   12.00   122.02
72145   72114   9.42    41.40
72167   72145   10.55   39.99
72191   72167   10.32   41.95
72220   72038   9.86    111.27
72220   72673   9.33    70.57
72271   72532   7.00    84.31
72273   72191   9.93    123.00
72322   72273   9.25    65.24
72322   72952   10.00   80.07
72361   72322   9.23    67.40
72420   73404   6.30    132.65
72421   72220   10.46   118.60
72450   72361   10.08   113.30
72532   72772   6.82    138.02
72540   72493   10.00   48.12
72673   72826   6.00    57.38
72673   72931   10.00   33.99
72772   72826   6.60    36.03
72824   72297   7.36    72.89
72826   72931   10.75   59.94
72931   72950   3.00    11.44
72946   72025   3.00    130.75
73020   71921   9.25    142.61
73120   72145   8.69    122.52
73154   72167   10.68   122.64
73215   73513   3.11    36.59
73215   72734   12.00   114.77
73300   73179   8.00    122.91
73404   74330   8.00    134.52
73513   74576   9.36    141.07
73513   73520   1.00    80.37
73836   73722   3.00    34.38
73972   73634   0.00    48.55
73979   72946   9.80    138.63
73979   73707   4.23    86.40
73997   74518   9.17    77.78
74018   73972   0.00    15.07
74082   74314   9.41    74.20
74146   74036   0.00    34.42
74147   73020   9.50    142.68
74314   73789   5.83    81.58
74330   75062   7.94    116.48
74330   73979   3.70    129.02
74333   75137   4.84    133.03
74404   74629   8.08    64.05
74535   73972   0.00    83.87
74571   74576   6.50    69.63
74576   75338   10.73   110.55
74629   74731   9.00    41.01
74673   74314   8.69    52.11
74731   74107   3.00    96.57
74731   74816   10.00   32.47
74816   74991   7.69    62.61
75062   75295   3.40    78.87
75062   75147   0.00    11.62
75070   74715   9.94    130.90
75137   75867   10.00   114.33
75147   75202   0.00    8.02
75149   74147   9.87    142.71
75177   76030   12.20   136.29
75202   75286   0.00    11.02
75247   75334   5.79    92.50
75286   76103   9.63    136.11
75532   75789   3.50    90.79
75789   75979   5.14    65.48
75864   75715   0.00    46.12
75940   75865   0.00    13.14
75973   76588   9.10    99.19
75979   76168   4.67    66.66
76030   76825   5.64    136.29
76044   75260   9.50    130.50
76168   76527   4.42    130.54
76240   76003   10.00   84.87
76331   76630   2.33    42.38
76345   77090   6.13    121.15
76527   76724   3.33    62.48
76530   76240   0.00    85.75
76533   76277   10.00   89.43
76560   75940   8.63    104.09
76588   77174   3.00    98.62
76614   75904   1.83    119.97
76659   76614   13.25   17.58
76724   76425   0.00    47.33
76724   76907   4.15    67.31
76768   77023   0.00    41.98
76799   76533   0.00    89.45
76825   77632   8.21    136.29
76907   77127   2.96    80.29
76991   76659   7.64    117.69
77025   77527   13.33   82.19
77065   77499   11.50   73.72
77065   77025   11.00   9.93
77090   77782   8.00    121.15
77165   78021   12.00   149.73
77174   77587   8.29    86.71
77183   76560   11.63   104.02
77183   77527   9.36    95.73
77217   76863   0.00    62.68
77373   76614   5.85    121.09
77499   77984   9.83    99.71
77499   77174   10.00   98.13
77502   76991   8.13    87.67
77527   77699   30.00   32.37
77656   77183   5.40    97.40
77699   78189   8.67    99.11
78021   77502   8.88    88.04
78041   78179   3.00    28.23
78128   77373   6.80    122.01
78135   77656   10.60   98.10
78162   77637   8.36    99.00
78322   77699   7.35    137.64
78346   78021   7.75    58.87
78410   78346   0.00    19.55
78477   78806   8.00    92.71
78547   78162   6.85    66.15
78663   78547   20.00   23.93
78686   78663   0.00    3.80
78766   79058   0.00    86.70
78782   78663   0.00    48.10
78788   78128   6.40    107.57
78793   78410   5.80    131.56
78806   78686   20.00   17.28
79040   79313   3.00    83.58
79412   78788   8.17    107.57
1 4 47185 47708 46871 46670 50260 50811 48877 49039
2 2 63231 64033 65106 65074
3 4 69435 69506 70659 70858 67985 68555 70748 70609
4 3 71406 71482 67605 67528 69060 68166
