3372 8106 2 14 5 4 6279.85 2313.63
81464   53
82190   53
82566   53
82600   53
82618   53
83246   53
83449   53
83575   53
83850   53
83904   19
83965   53
84065   53
84088   53
84104   53
84222   53
84354   19
84413   53
84616   53
84888   53
85154   53
85236   53
85244   53
85329   53
85339   53
85343   53
85488   19
85542   53
85850   53
86468   53
86844   53
86909   53
87107   53
87125   53
87369   53
87736   53
88482   19
88649   53
88767   53
89150   53
89523   53
89715   53
89719   53
89860   53
90106   19
90339   53
90458   53
90466   19
90722   19
90731   53
90972   53
91089   53
91170   53
91594   53
91884   53
92064   19
92103   53
92129   53
92407   53
92814   53
92829   53
92887   53
93276   19
93668   19
93749   19
93862   53
94195   53
94207   53
94495   19
94533   19
94756   19
94873   53
94952   19
95089   19
95328   53
95693   53
95766   19
95796   53
95992   53
96040   19
96485   53
96577   53
96624   53
97013   53
97022   19
97249   19
97252   19
97367   19
97433   53
97671   19
97854   19
97953   53
98189   19
98307   19
98408   19
98498   19
98567   19
98660   19
98687   53
98905   19
99358   19
99552   53
99585   19
99716   53
99738   19
99802   19
99892   53
100215  53
100298  19
100547  53
100591  19
101019  19
101038  19
101069  19
101305  53
101346  19
101436  53
101500  53
101785  53
101802  19
102157  53
102269  19
102371  19
102532  19
102622  19
103150  53
103531  53
103616  53
103674  53
103781  53
103836  53
103853  53
103862  53
103965  19
103991  53
103993  53
103994  53
104019  53
104059  53
104148  19
104217  53
104221  19
104263  19
104304  19
105220  19
105380  19
106153  19
106205  19
106291  19
106633  19
106729  19
106928  19
106948  19
107169  19
107262  19
107266  19
107532  19
107706  19
107708  19
108138  19
108547  19
108560  19
109256  19
109637  19
110287  19
110936  19
111212  19
111323  19
111465  19
111702  19
81334   53
81787   53
82100   53
82163   53
82265   53
82321   53
82394   53
82521   53
82700   53
82723   53
82737   53
82745   53
82790   53
82804   53
82824   53
82904   53
82950   53
82971   19
82975   53
83040   53
83065   53
83068   53
83136   53
83166   53
83196   53
83199   53
83224   53
83291   53
83323   53
83369   53
83381   53
83386   53
83430   53
83447   53
83482   53
83492   53
83521   53
83532   53
83547   53
83549   53
83569   53
83600   53
83655   53
83663   53
83695   53
83707   53
83710   53
83714   53
83716   53
83736   53
83741   53
83751   53
83780   53
83785   53
83795   53
83798   53
83802   53
83832   19
83835   53
83843   53
83848   53
83856   53
83859   53
83876   53
83901   53
83941   53
83987   53
84007   53
84009   53
84089   53
84095   53
84111   53
84122   53
84149   53
84168   53
84178   53
84187   53
84200   53
84217   53
84238   53
84239   53
84253   53
84272   53
84286   53
84299   53
84303   53
84329   53
84338   53
84348   53
84352   53
84356   19
84376   53
84378   53
84379   53
84386   19
84387   53
84389   53
84395   53
84403   53
84424   53
84430   53
84438   53
84440   53
84444   53
84461   53
84467   53
84505   53
84519   19
84530   53
84539   53
84548   53
84554   53
84590   53
84597   53
84610   53
84617   53
84650   53
84653   53
84666   53
84692   53
84698   53
84702   53
84709   53
84730   53
84731   19
84734   53
84750   53
84752   53
84755   53
84757   53
84783   53
84785   19
84816   53
84825   53
84826   53
84835   19
84842   53
84849   53
84877   53
84889   53
84899   53
84904   53
84905   53
84909   53
84915   53
84924   53
84926   53
84933   53
84951   53
84965   53
84981   53
84985   53
84987   53
85003   53
85011   53
85037   53
85043   53
85048   53
85061   53
85073   53
85080   19
85081   53
85097   53
85105   53
85106   53
85108   53
85112   19
85117   53
85134   53
85150   19
85158   53
85165   53
85177   53
85182   53
85197   53
85204   53
85213   53
85223   53
85224   53
85239   53
85247   53
85260   53
85268   53
85284   53
85302   53
85306   53
85309   53
85331   53
85341   53
85350   53
85351   19
85361   53
85367   53
85379   53
85380   53
85398   53
85412   53
85413   53
85419   53
85423   53
85426   53
85428   53
85432   53
85437   53
85454   53
85461   53
85464   53
85466   53
85471   53
85482   53
85494   53
85500   53
85506   53
85507   53
85514   53
85515   53
85521   53
85533   53
85537   53
85551   53
85570   53
85593   53
85594   53
85602   53
85614   53
85617   53
85633   53
85634   53
85651   53
85659   53
85664   53
85667   19
85680   53
85691   53
85695   53
85699   53
85707   53
85717   53
85736   53
85737   53
85759   53
85762   53
85772   53
85775   53
85795   19
85798   53
85801   53
85803   53
85813   53
85817   53
85837   53
85838   53
85847   53
85871   53
85890   53
85892   53
85897   53
85898   53
85901   53
85904   53
85924   53
85925   53
85934   53
85969   53
85976   53
85984   53
85985   53
85995   53
85997   53
86001   53
86008   53
86010   53
86034   53
86042   53
86044   53
86053   53
86063   19
86070   53
86074   53
86091   53
86092   53
86101   53
86106   53
86109   53
86112   53
86116   53
86124   53
86127   53
86128   53
86141   53
86147   53
86154   53
86161   53
86166   53
86169   53
86174   53
86178   53
86192   53
86193   53
86194   53
86196   53
86204   53
86205   53
86206   53
86207   53
86208   53
86213   53
86216   53
86217   53
86229   53
86234   19
86238   53
86248   53
86249   53
86261   19
86276   19
86297   53
86300   53
86303   53
86317   53
86330   53
86338   53
86346   19
86374   53
86376   53
86380   53
86382   19
86390   53
86414   53
86420   53
86440   53
86458   53
86478   53
86481   19
86482   19
86487   53
86536   53
86553   53
86556   53
86605   53
86617   53
86631   53
86638   53
86641   53
86652   53
86653   53
86660   53
86661   53
86663   19
86675   53
86692   53
86693   53
86695   53
86697   53
86700   53
86703   53
86723   53
86728   53
86729   53
86738   53
86758   53
86792   53
86806   53
86811   53
86814   53
86827   53
86828   53
86831   53
86837   53
86838   53
86839   19
86842   53
86862   53
86873   53
86878   53
86881   53
86886   53
86894   53
86903   53
86913   53
86921   53
86933   53
86950   53
86951   53
86952   53
86960   53
86962   53
86963   53
86973   53
86974   53
86976   53
86993   53
86995   53
87016   19
87023   19
87031   53
87033   19
87041   53
87044   19
87059   19
87068   19
87070   53
87077   53
87093   19
87096   53
87106   53
87108   53
87114   53
87143   53
87145   53
87173   53
87175   19
87186   53
87196   53
87204   53
87210   53
87213   53
87218   53
87226   53
87231   53
87232   53
87243   53
87258   53
87271   53
87279   53
87310   53
87327   53
87330   53
87332   53
87345   53
87355   53
87365   19
87367   53
87389   53
87402   53
87420   53
87424   53
87436   53
87444   53
87467   53
87479   53
87495   53
87498   53
87508   53
87515   53
87527   53
87529   19
87547   53
87551   53
87557   53
87560   53
87579   53
87588   53
87594   53
87595   53
87597   53
87600   53
87608   53
87609   53
87641   53
87647   53
87648   53
87658   53
87662   53
87677   53
87717   19
87727   53
87734   53
87746   53
87762   53
87771   19
87780   53
87788   53
87801   53
87822   53
87828   53
87840   53
87841   53
87847   53
87876   53
87877   53
87878   53
87882   19
87892   53
87896   53
87916   53
87917   53
87931   53
87938   53
87943   53
87952   53
87954   53
87955   53
87965   53
87981   53
87986   53
87987   53
88000   53
88002   19
88003   53
88013   53
88031   53
88049   53
88061   53
88067   53
88074   53
88090   19
88098   53
88114   53
88118   53
88127   53
88181   53
88185   53
88197   53
88201   53
88205   19
88226   53
88228   53
88241   53
88247   53
88261   53
88286   53
88301   53
88320   53
88322   53
88344   19
88348   53
88376   53
88378   53
88379   19
88397   53
88400   53
88402   53
88418   53
88430   53
88432   53
88437   53
88511   19
88518   53
88524   19
88538   53
88563   53
88578   53
88579   53
88597   53
88603   19
88609   53
88615   19
88627   53
88629   19
88651   53
88652   53
88671   53
88704   53
88722   53
88723   53
88739   53
88747   53
88749   19
88763   19
88764   19
88765   53
88772   53
88778   53
88796   53
88805   53
88817   53
88819   53
88833   53
88835   53
88844   53
88852   53
88860   53
88863   53
88865   53
88878   19
88882   19
88892   53
88898   53
88905   19
88907   53
88911   53
88921   53
88926   19
88928   53
88935   19
88936   53
88977   53
88979   19
89000   53
89014   53
89020   53
89028   19
89041   19
89043   53
89047   53
89055   53
89057   53
89066   53
89073   19
89083   53
89119   53
89121   53
89127   53
89131   19
89153   53
89162   53
89165   19
89171   19
89188   53
89196   19
89209   53
89212   53
89220   53
89221   53
89224   53
89231   53
89233   53
89239   19
89275   53
89277   53
89281   53
89311   53
89316   53
89337   53
89356   53
89359   53
89374   53
89383   53
89385   19
89390   53
89408   53
89410   53
89422   19
89429   53
89436   53
89438   19
89441   53
89460   53
89484   53
89489   53
89496   53
89500   53
89502   53
89522   19
89536   53
89543   19
89547   19
89549   53
89551   53
89555   19
89556   53
89560   53
89567   53
89572   19
89590   53
89593   19
89594   53
89596   53
89607   19
89620   53
89639   19
89666   53
89669   53
89693   53
89696   53
89707   53
89745   53
89754   53
89761   53
89798   19
89806   19
89824   53
89833   53
89850   53
89853   53
89862   53
89867   19
89877   19
89879   53
89888   53
89895   53
89897   53
89906   53
89921   53
89927   53
89934   19
89935   19
89940   53
89952   19
89971   19
89977   53
89983   19
89990   53
89995   53
90001   53
90003   53
90006   53
90007   53
90017   53
90019   53
90031   19
90039   53
90051   53
90058   53
90063   53
90065   53
90079   53
90080   53
90083   53
90103   53
90136   53
90140   19
90143   53
90144   53
90145   53
90151   53
90153   53
90174   53
90176   53
90177   53
90186   19
90191   53
90193   53
90198   53
90199   19
90200   53
90201   53
90205   19
90220   53
90239   19
90240   19
90249   53
90252   53
90268   19
90276   53
90277   53
90307   19
90308   19
90311   53
90314   53
90354   19
90355   53
90361   53
90391   53
90396   53
90399   19
90400   19
90401   53
90406   19
90412   53
90414   19
90415   19
90424   19
90425   53
90430   19
90431   19
90432   53
90436   19
90444   53
90445   19
90448   53
90455   53
90459   53
90472   19
90474   53
90491   19
90499   53
90506   53
90523   53
90526   53
90535   53
90536   53
90538   53
90540   53
90543   53
90545   53
90558   53
90563   53
90567   53
90577   53
90603   53
90617   19
90623   53
90628   53
90644   53
90649   53
90651   53
90652   19
90660   53
90661   53
90669   53
90680   53
90705   53
90711   53
90716   53
90718   53
90744   19
90754   53
90780   53
90800   53
90815   53
90817   19
90820   19
90825   53
90826   53
90832   53
90834   53
90837   53
90856   53
90862   53
90871   53
90889   53
90894   19
90895   19
90899   53
90905   53
90907   19
90916   53
90953   53
90954   53
90969   53
90973   53
90982   53
90989   53
90991   53
90997   53
90999   53
91003   53
91005   53
91012   19
91024   53
91031   53
91035   53
91067   53
91068   53
91075   19
91076   53
91097   53
91132   19
91135   53
91143   19
91144   53
91146   53
91169   53
91172   53
91173   19
91178   19
91196   53
91200   53
91202   53
91204   19
91205   53
91220   53
91233   53
91236   53
91241   53
91294   53
91295   53
91308   53
91315   19
91323   53
91326   53
91329   19
91330   19
91331   53
91339   53
91345   53
91357   53
91365   19
91371   53
91377   53
91398   19
91399   19
91400   53
91403   53
91405   53
91406   53
91408   53
91411   53
91433   19
91445   53
91465   53
91493   53
91496   53
91506   53
91516   53
91568   53
91592   19
91598   53
91601   53
91602   19
91604   53
91605   53
91608   53
91611   19
91612   53
91637   53
91642   53
91649   53
91670   53
91680   53
91689   19
91692   19
91699   19
91742   53
91767   53
91791   53
91795   19
91803   53
91807   53
91808   53
91828   19
91841   53
91842   53
91850   53
91854   53
91871   53
91881   19
91886   53
91890   53
91895   53
91897   53
91898   53
91909   53
91913   53
91915   53
91917   19
91918   53
91919   53
91925   19
91928   19
91929   53
91932   53
91943   19
91956   19
91957   19
91965   53
91969   19
91986   19
91992   53
91995   53
91999   19
92007   53
92017   19
92022   53
92027   53
92035   19
92036   19
92039   19
92045   53
92069   53
92072   53
92079   53
92087   53
92099   53
92104   19
92141   53
92154   53
92161   53
92168   19
92175   53
92177   53
92199   19
92208   53
92222   53
92228   19
92238   53
92241   19
92242   53
92244   19
92245   53
92247   53
92250   53
92268   19
92272   19
92276   19
92283   53
92287   53
92288   53
92294   53
92296   53
92305   19
92306   53
92334   19
92340   53
92343   19
92345   53
92348   19
92353   53
92356   53
92368   19
92372   19
92373   53
92377   19
92383   19
92399   53
92415   19
92420   53
92428   53
92429   53
92447   53
92451   19
92460   19
92474   53
92498   53
92499   19
92530   53
92532   19
92540   53
92542   53
92549   19
92550   53
92557   19
92564   53
92572   19
92574   53
92578   19
92592   19
92593   53
92599   53
92615   19
92624   53
92628   19
92640   19
92650   19
92655   53
92659   19
92676   53
92679   19
92680   19
92684   53
92693   19
92695   53
92707   19
92709   53
92720   19
92721   53
92730   19
92732   19
92747   53
92750   19
92769   19
92776   53
92785   19
92789   19
92801   53
92803   53
92806   19
92808   53
92828   53
92832   53
92842   19
92845   19
92863   19
92864   53
92867   19
92906   53
92917   19
92921   53
92933   19
92948   53
92958   19
92966   19
92967   53
92978   53
92979   19
92993   53
92995   53
93004   19
93023   53
93025   19
93039   19
93041   53
93042   19
93071   19
93081   19
93095   53
93098   53
93099   53
93118   53
93126   19
93130   53
93142   53
93147   53
93148   53
93162   19
93168   53
93198   53
93203   19
93210   19
93222   19
93230   53
93234   53
93258   53
93260   19
93266   53
93268   53
93273   19
93291   19
93293   19
93304   53
93306   19
93307   19
93322   53
93339   19
93343   53
93348   19
93388   53
93392   19
93395   53
93406   53
93407   19
93424   53
93433   53
93442   53
93464   19
93471   53
93477   19
93486   53
93492   53
93494   53
93514   53
93523   53
93561   53
93565   53
93569   19
93593   19
93628   53
93635   53
93637   19
93639   19
93640   53
93657   19
93661   19
93664   53
93665   53
93672   19
93673   53
93676   19
93677   19
93682   53
93697   53
93702   53
93733   19
93741   53
93746   19
93747   19
93756   19
93757   19
93758   19
93761   19
93764   19
93772   19
93787   19
93793   53
93810   19
93819   53
93823   53
93831   19
93832   19
93864   19
93869   53
93871   53
93876   53
93877   19
93881   19
93882   53
93892   53
93893   53
93901   53
93908   19
93915   53
93924   19
93931   19
93939   19
93943   19
93947   53
93948   53
93949   53
93952   53
93956   53
93957   19
93963   19
93964   19
93988   19
93993   53
94001   19
94011   19
94013   53
94015   53
94018   19
94023   53
94029   53
94031   53
94033   53
94052   53
94063   53
94069   19
94074   53
94085   19
94097   53
94103   53
94119   53
94137   53
94163   53
94165   19
94175   53
94194   53
94199   19
94214   19
94223   53
94249   53
94252   53
94258   19
94260   19
94265   53
94281   53
94304   19
94318   53
94320   53
94334   19
94335   19
94345   53
94360   19
94362   53
94378   19
94381   19
94386   53
94390   19
94392   19
94410   53
94414   53
94427   19
94433   19
94437   19
94438   19
94439   53
94441   53
94451   53
94459   53
94469   53
94477   19
94486   19
94488   53
94491   19
94493   53
94506   53
94508   53
94526   53
94535   53
94539   53
94540   19
94561   53
94563   53
94571   53
94573   53
94578   53
94588   53
94604   53
94610   19
94611   19
94629   53
94630   53
94643   19
94648   19
94660   53
94666   19
94689   19
94690   53
94691   53
94698   19
94706   19
94711   53
94712   53
94731   19
94747   19
94753   19
94766   53
94776   53
94787   53
94789   53
94791   53
94793   53
94797   19
94807   19
94809   19
94812   19
94823   19
94826   53
94827   19
94833   19
94835   19
94845   53
94867   19
94870   19
94872   19
94874   53
94883   53
94890   53
94893   19
94903   53
94907   53
94920   53
94929   53
94948   53
94949   53
94958   19
94969   53
94994   19
95004   53
95008   19
95013   19
95016   53
95023   19
95028   53
95046   53
95049   19
95051   53
95056   19
95057   53
95065   19
95082   19
95092   19
95093   19
95094   53
95098   53
95101   19
95110   53
95116   19
95120   19
95130   19
95136   19
95141   53
95156   53
95170   53
95184   53
95189   19
95204   53
95206   19
95207   53
95209   53
95215   53
95216   19
95228   19
95233   19
95234   19
95252   53
95258   19
95259   19
95264   19
95274   19
95279   19
95290   53
95292   19
95297   53
95301   53
95304   53
95307   53
95330   53
95340   53
95352   53
95353   19
95360   53
95385   53
95386   53
95389   53
95394   53
95396   19
95398   53
95407   19
95416   19
95417   19
95425   19
95436   53
95446   19
95460   19
95477   53
95478   53
95481   19
95504   19
95510   53
95511   19
95518   53
95520   53
95526   53
95527   53
95536   53
95541   53
95558   53
95568   19
95569   53
95570   53
95573   19
95580   53
95609   53
95638   53
95645   53
95648   19
95653   53
95655   19
95656   53
95664   19
95666   53
95677   53
95679   19
95682   53
95683   53
95694   19
95700   53
95704   53
95707   19
95714   53
95718   19
95725   19
95731   53
95733   19
95740   19
95744   19
95748   19
95759   53
95781   19
95783   19
95787   53
95799   19
95804   19
95806   19
95811   19
95812   19
95816   53
95818   53
95834   19
95835   19
95838   19
95840   53
95852   19
95854   53
95861   19
95879   53
95885   53
95886   53
95900   53
95907   53
95917   19
95918   53
95927   19
95957   53
95961   53
95962   53
95976   19
95995   53
96003   53
96006   53
96008   53
96010   53
96012   53
96019   19
96036   53
96039   19
96044   53
96050   53
96058   53
96060   53
96063   53
96065   19
96068   19
96069   19
96071   19
96072   19
96074   19
96089   19
96104   19
96117   53
96121   53
96134   19
96135   19
96146   53
96151   19
96161   19
96162   53
96179   19
96180   19
96187   19
96193   19
96204   53
96208   19
96218   19
96246   53
96249   53
96251   19
96268   19
96280   53
96285   53
96287   19
96291   19
96293   53
96294   19
96297   19
96301   19
96302   19
96303   19
96305   19
96314   19
96329   19
96338   19
96342   53
96346   19
96348   19
96349   53
96356   19
96361   19
96368   19
96375   19
96381   53
96389   19
96394   53
96406   53
96407   19
96408   19
96410   19
96413   53
96416   53
96421   53
96427   53
96435   19
96436   53
96437   19
96456   19
96458   19
96460   53
96463   53
96465   19
96467   53
96470   19
96472   53
96474   19
96475   19
96478   53
96482   19
96483   19
96491   53
96494   53
96500   53
96504   53
96516   53
96518   19
96540   19
96545   19
96546   19
96548   19
96553   19
96554   19
96566   19
96588   53
96597   19
96616   19
96618   53
96623   53
96625   19
96634   19
96649   19
96665   53
96668   53
96677   53
96684   19
96688   19
96693   19
96702   53
96705   53
96708   19
96713   19
96715   19
96719   19
96720   53
96731   53
96735   53
96736   19
96749   19
96752   19
96755   53
96767   19
96772   53
96773   53
96779   53
96781   53
96815   19
96816   19
96817   19
96819   19
96826   19
96830   53
96833   19
96834   19
96842   19
96844   53
96854   53
96857   53
96871   19
96874   53
96875   19
96883   19
96897   53
96898   53
96899   53
96902   53
96903   19
96904   19
96923   19
96926   53
96929   19
96941   19
96943   19
96952   53
96969   19
96974   19
96978   53
96995   53
96996   53
96999   19
97012   53
97018   53
97020   53
97021   53
97026   53
97027   53
97033   53
97036   53
97040   19
97041   53
97043   19
97047   53
97049   19
97052   53
97064   19
97073   53
97082   19
97085   19
97086   19
97089   19
97093   19
97099   53
97102   19
97112   19
97117   53
97121   53
97137   19
97143   53
97146   53
97150   53
97154   53
97164   19
97169   19
97180   19
97183   19
97186   19
97187   19
97193   53
97198   53
97206   19
97215   19
97222   19
97234   19
97253   53
97255   53
97264   19
97273   53
97276   19
97281   19
97282   53
97283   53
97288   53
97290   19
97291   19
97293   19
97295   53
97299   53
97300   19
97302   19
97310   53
97320   53
97332   53
97333   53
97340   19
97342   53
97346   19
97352   19
97365   19
97370   19
97386   19
97390   19
97393   19
97400   53
97401   53
97402   53
97404   19
97412   19
97422   19
97430   19
97438   19
97442   19
97448   53
97451   53
97456   19
97459   19
97461   19
97463   53
97465   53
97470   53
97474   53
97481   19
97485   19
97488   19
97492   53
97493   19
97495   19
97497   19
97499   19
97511   53
97516   53
97518   53
97520   19
97522   53
97524   19
97534   19
97536   19
97544   19
97546   53
97553   19
97569   19
97570   19
97571   19
97587   53
97593   53
97595   19
97606   53
97612   19
97613   53
97640   19
97648   19
97655   19
97662   19
97684   53
97686   19
97698   19
97700   19
97709   19
97711   19
97712   19
97717   53
97718   53
97719   19
97726   53
97734   53
97739   53
97742   19
97751   53
97756   19
97758   19
97762   53
97766   53
97767   53
97770   53
97771   19
97773   19
97782   19
97791   19
97792   53
97793   53
97802   19
97806   19
97813   19
97816   19
97820   53
97826   53
97829   53
97840   19
97844   53
97846   19
97847   53
97849   53
97853   53
97859   53
97866   53
97874   19
97883   19
97888   53
97898   19
97901   19
97910   19
97915   19
97920   19
97922   19
97930   53
97931   19
97935   19
97941   19
97948   19
97956   53
97959   53
97962   19
97964   19
97965   19
97988   53
97996   19
97999   19
98002   19
98004   19
98007   53
98010   53
98018   19
98019   53
98030   19
98034   53
98036   53
98049   19
98057   53
98065   53
98071   53
98082   53
98090   19
98095   19
98099   19
98117   19
98128   19
98134   53
98140   53
98143   19
98144   19
98149   19
98161   53
98163   53
98167   19
98176   19
98183   53
98188   19
98197   19
98198   53
98206   53
98217   53
98226   19
98231   19
98256   53
98264   19
98278   53
98281   53
98285   19
98286   53
98290   19
98299   53
98314   53
98317   53
98322   19
98336   19
98337   19
98341   19
98343   19
98348   53
98352   19
98358   19
98363   53
98364   53
98372   19
98381   19
98384   53
98394   19
98395   53
98398   19
98399   53
98401   53
98406   53
98415   19
98422   53
98423   19
98425   53
98428   53
98429   53
98431   19
98436   19
98442   19
98446   53
98448   19
98457   53
98463   53
98465   53
98467   53
98470   19
98486   19
98492   19
98505   53
98506   53
98510   53
98515   19
98520   19
98530   53
98535   19
98540   19
98541   53
98543   19
98545   53
98554   53
98556   19
98560   19
98561   19
98565   19
98570   53
98572   19
98593   53
98596   53
98628   53
98629   19
98631   53
98634   53
98635   19
98640   19
98644   19
98649   19
98657   19
98662   53
98664   53
98674   19
98692   19
98695   19
98704   19
98709   53
98713   53
98716   19
98720   19
98728   53
98729   53
98730   19
98737   53
98740   53
98749   53
98750   53
98752   19
98760   53
98765   19
98774   19
98777   19
98781   53
98784   19
98788   19
98799   19
98803   19
98813   19
98822   19
98823   53
98831   53
98837   53
98839   53
98864   53
98871   53
98873   53
98876   53
98886   53
98887   19
98889   53
98894   53
98897   53
98906   19
98913   19
98926   19
98929   19
98933   53
98937   53
98942   19
98946   53
98980   53
98993   53
99002   19
99004   53
99008   53
99016   19
99022   53
99026   19
99033   19
99055   19
99061   19
99065   19
99075   53
99080   19
99081   19
99088   53
99091   53
99109   19
99115   19
99126   53
99127   19
99137   53
99144   53
99149   53
99158   19
99163   53
99169   19
99172   19
99173   53
99175   53
99191   19
99192   53
99201   53
99204   19
99209   53
99223   53
99226   19
99233   53
99242   19
99245   53
99254   53
99263   53
99273   19
99274   19
99276   53
99278   19
99279   53
99283   53
99285   53
99291   19
99295   19
99299   53
99307   19
99310   53
99313   19
99316   19
99322   53
99336   19
99337   19
99338   53
99342   53
99344   53
99359   53
99360   19
99363   53
99367   53
99368   53
99380   19
99383   19
99397   19
99404   53
99406   19
99407   19
99415   19
99423   53
99427   19
99440   53
99442   19
99444   19
99453   19
99461   53
99469   53
99477   19
99493   53
99498   53
99499   53
99508   19
99534   19
99553   19
99554   19
99571   19
99572   53
99574   53
99577   53
99584   53
99598   19
99606   53
99615   19
99621   53
99624   53
99639   53
99641   53
99644   53
99656   53
99664   19
99675   19
99684   53
99685   53
99694   19
99698   19
99709   19
99729   53
99732   53
99740   19
99761   53
99762   19
99766   53
99773   53
99781   53
99783   19
99785   53
99804   53
99806   19
99809   53
99815   53
99823   53
99834   19
99841   53
99844   53
99845   19
99846   19
99849   53
99850   19
99851   53
99852   19
99854   53
99866   19
99874   53
99879   53
99886   19
99899   53
99915   53
99918   53
99929   19
99931   53
99934   19
99935   19
99948   19
99962   53
99964   53
99972   19
99977   19
99993   19
99994   53
100004  19
100005  53
100013  53
100027  19
100030  19
100031  53
100032  19
100036  19
100038  53
100050  19
100052  53
100057  53
100058  19
100065  19
100067  53
100069  53
100076  53
100084  19
100087  53
100089  53
100090  19
100097  53
100104  19
100109  53
100116  19
100117  53
100135  53
100148  19
100156  19
100158  19
100160  53
100161  19
100179  53
100189  53
100190  53
100194  53
100204  19
100210  19
100214  53
100224  19
100227  53
100234  53
100241  19
100243  53
100246  53
100252  53
100257  53
100259  53
100260  19
100267  19
100269  53
100271  53
100273  53
100284  19
100292  19
100295  19
100299  53
100301  53
100314  19
100320  53
100331  53
100333  53
100334  53
100340  19
100359  53
100361  53
100366  53
100385  19
100397  53
100399  53
100400  19
100401  53
100405  53
100411  19
100445  19
100449  19
100455  19
100463  19
100464  53
100467  53
100468  53
100471  53
100477  53
100478  19
100479  53
100480  19
100489  19
100498  19
100517  19
100524  19
100526  19
100527  53
100530  19
100557  19
100558  53
100559  19
100573  19
100577  53
100582  19
100586  19
100589  19
100590  53
100593  53
100600  19
100603  19
100614  53
100615  53
100620  53
100628  19
100630  19
100631  53
100632  53
100636  19
100637  19
100639  53
100650  19
100655  53
100659  19
100661  53
100666  53
100673  53
100698  53
100700  19
100701  19
100704  19
100706  53
100708  53
100709  19
100712  53
100721  19
100739  19
100740  53
100742  53
100743  53
100748  19
100752  19
100756  53
100758  53
100760  19
100769  19
100780  19
100795  53
100801  19
100805  19
100810  53
100814  19
100816  19
100817  53
100818  53
100826  19
100831  53
100833  19
100840  53
100841  53
100846  19
100847  19
100849  53
100852  53
100859  19
100862  53
100896  19
100900  19
100904  19
100906  53
100907  53
100914  19
100915  53
100919  53
100920  19
100923  19
100943  19
100950  19
100958  53
100960  53
100961  53
100965  53
100969  53
100970  19
100973  53
100981  53
100983  19
100984  19
100988  53
100991  19
100993  19
100994  53
100997  53
101001  19
101009  53
101012  53
101018  19
101036  19
101039  19
101043  19
101047  53
101048  53
101053  53
101057  53
101061  53
101070  19
101079  19
101080  19
101082  53
101085  53
101087  53
101088  53
101091  19
101092  53
101096  19
101104  19
101110  19
101111  19
101112  53
101115  19
101119  19
101121  19
101123  53
101124  53
101141  19
101154  53
101155  53
101163  53
101167  19
101170  53
101176  53
101179  53
101184  53
101194  53
101196  53
101208  19
101209  53
101211  19
101220  53
101224  19
101225  53
101227  19
101229  53
101230  53
101234  53
101240  19
101247  53
101251  19
101254  19
101264  19
101270  53
101274  19
101277  19
101291  19
101299  19
101303  19
101318  53
101324  19
101325  53
101331  53
101334  19
101337  19
101342  19
101344  53
101348  53
101361  19
101363  19
101365  19
101366  53
101370  53
101376  19
101379  19
101386  53
101410  53
101412  53
101416  19
101428  53
101432  19
101434  53
101435  19
101444  19
101447  19
101451  53
101457  53
101469  53
101480  53
101487  19
101494  19
101495  19
101498  19
101504  19
101506  19
101511  53
101513  53
101519  53
101524  19
101538  53
101545  19
101546  19
101554  53
101556  53
101560  19
101565  19
101571  53
101573  53
101576  19
101577  53
101587  19
101591  53
101595  53
101598  19
101602  19
101609  53
101610  19
101613  19
101615  53
101629  53
101646  19
101652  53
101656  53
101657  53
101659  19
101663  53
101671  19
101677  53
101678  19
101686  19
101696  53
101697  53
101702  53
101715  53
101728  53
101730  53
101733  19
101734  53
101736  53
101745  19
101746  53
101749  53
101750  53
101751  53
101755  53
101763  53
101764  53
101766  53
101767  19
101770  53
101794  19
101797  19
101799  53
101804  19
101806  19
101824  53
101833  19
101842  53
101843  53
101846  19
101864  53
101865  53
101875  19
101882  53
101883  19
101885  53
101886  19
101901  19
101902  19
101905  19
101906  53
101910  53
101920  53
101921  19
101927  53
101934  53
101935  19
101943  53
101946  53
101949  53
101957  19
101959  53
101983  19
101988  53
101989  53
101990  53
101994  19
101997  19
102000  53
102004  53
102006  19
102008  19
102016  53
102020  53
102022  53
102024  19
102026  53
102029  53
102030  19
102033  53
102035  53
102036  53
102040  53
102054  19
102057  53
102067  19
102069  19
102077  53
102080  53
102082  53
102083  53
102099  19
102104  53
102110  53
102115  19
102127  53
102130  53
102131  19
102137  19
102138  53
102139  53
102147  19
102153  19
102154  19
102165  53
102171  19
102180  19
102189  53
102197  53
102200  53
102206  19
102207  53
102209  53
102215  19
102217  19
102224  53
102227  53
102228  53
102231  53
102233  53
102238  53
102239  53
102243  53
102244  19
102247  19
102248  53
102251  53
102255  53
102272  19
102274  53
102277  19
102278  53
102279  19
102296  19
102305  53
102310  19
102311  19
102312  53
102317  53
102322  53
102323  19
102331  53
102335  19
102338  53
102340  53
102353  19
102356  19
102363  53
102370  53
102372  53
102376  53
102378  19
102389  19
102393  19
102394  53
102407  53
102411  53
102414  19
102420  19
102422  53
102423  19
102430  53
102431  53
102435  19
102441  53
102443  19
102447  19
102453  53
102454  19
102457  19
102460  19
102466  53
102480  19
102494  19
102498  53
102500  53
102501  53
102507  53
102521  19
102525  19
102526  53
102541  53
102545  53
102558  19
102573  19
102574  19
102577  19
102592  19
102593  53
102594  53
102595  19
102603  19
102605  19
102610  53
102617  53
102624  53
102625  53
102626  53
102627  53
102631  53
102632  53
102641  19
102662  19
102673  53
102675  53
102676  53
102677  53
102680  53
102688  19
102694  19
102695  53
102698  19
102705  53
102712  53
102727  53
102735  19
102741  53
102743  53
102745  53
102770  19
102778  19
102784  53
102789  19
102792  53
102800  53
102814  53
102815  53
102826  19
102829  53
102830  19
102833  19
102842  53
102844  53
102847  53
102850  53
102856  53
102857  19
102859  53
102862  19
102867  19
102869  19
102874  53
102877  19
102882  19
102883  53
102886  53
102900  19
102903  19
102907  19
102917  19
102932  53
102934  53
102937  19
102938  19
102942  19
102943  19
102950  19
102953  53
102959  53
102962  53
102965  19
102967  53
102969  19
102970  19
102971  19
102983  19
102996  19
103004  53
103005  53
103013  19
103017  53
103018  53
103023  19
103029  19
103030  53
103038  19
103042  19
103043  53
103046  53
103049  53
103057  53
103059  19
103061  19
103070  19
103085  53
103090  19
103094  19
103098  53
103106  53
103107  19
103111  53
103120  53
103127  53
103134  53
103136  53
103138  53
103141  19
103147  53
103153  53
103158  19
103163  53
103164  19
103171  53
103177  53
103186  53
103188  53
103198  19
103227  53
103230  53
103234  19
103237  53
103242  53
103243  53
103250  19
103251  19
103260  53
103261  53
103272  53
103273  53
103276  53
103280  53
103284  19
103291  53
103292  19
103300  19
103305  53
103317  53
103319  19
103330  53
103341  53
103342  53
103344  19
103345  53
103351  19
103360  53
103361  19
103375  19
103395  53
103399  19
103404  53
103408  53
103409  19
103411  53
103412  53
103426  19
103428  19
103435  53
103446  53
103448  53
103450  19
103457  53
103458  53
103460  19
103475  53
103486  19
103487  53
103488  19
103492  53
103493  53
103501  19
103520  53
103522  53
103530  19
103536  19
103542  53
103560  53
103562  53
103567  19
103571  53
103572  53
103573  53
103575  19
103579  19
103580  53
103585  53
103586  53
103598  19
103600  19
103606  19
103607  19
103608  19
103612  53
103625  53
103632  19
103644  53
103649  53
103653  19
103673  19
103690  19
103715  19
103723  19
103725  19
103751  19
103756  19
103758  53
103780  19
103782  53
103783  53
103785  19
103795  19
103810  19
103814  19
103818  19
103864  53
103901  19
103904  53
103908  53
103916  19
103917  53
103921  19
103924  53
103931  19
103945  19
103953  19
103958  19
103968  19
103980  19
103995  19
104011  19
104020  19
104041  19
104042  19
104054  19
104067  53
104075  19
104078  19
104115  53
104120  53
104137  19
104144  19
104145  19
104178  19
104180  19
104190  19
104194  19
104198  19
104204  19
104212  53
104218  19
104227  19
104229  19
104234  19
104247  19
104258  19
104277  19
104284  19
104317  19
104327  19
104343  19
104359  19
104368  19
104370  19
104379  19
104391  19
104404  19
104406  19
104427  19
104428  19
104436  19
104450  19
104459  19
104478  19
104479  19
104482  19
104500  19
104504  19
104544  19
104555  19
104561  19
104574  19
104582  19
104602  19
104604  19
104622  19
104624  19
104638  19
104662  19
104670  19
104692  19
104704  19
104705  19
104728  19
104756  19
104767  19
104768  19
104779  19
104807  19
104841  19
104842  19
104843  19
104855  19
104856  19
104875  19
104892  19
104911  19
104935  19
104953  19
104965  19
105007  19
105021  19
105042  19
105062  19
105068  19
105071  19
105076  19
105108  19
105141  19
105142  19
105144  19
105146  19
105149  19
105158  19
105163  19
105169  19
105178  19
105199  19
105215  19
105260  19
105294  19
105312  19
105313  19
105316  19
105324  19
105340  19
105357  19
105359  19
105379  19
105393  19
105416  19
105431  19
105453  19
105479  19
105485  19
105523  19
105525  19
105531  19
105547  19
105559  19
105576  19
105587  19
105596  19
105619  19
105628  19
105652  19
105654  19
105656  19
105700  19
105718  19
105756  19
105759  19
105762  19
105766  19
105767  19
105798  19
105807  19
105811  19
105825  19
105847  19
105859  19
105862  19
105893  19
105913  19
105937  19
105962  19
105997  19
105998  19
106006  19
106023  19
106027  19
106028  19
106046  19
106063  19
106102  19
106112  19
106116  19
106147  19
106152  19
106200  19
106201  19
106212  19
106215  19
106228  19
106237  19
106297  19
106300  19
106310  19
106316  19
106324  19
106372  19
106387  19
106389  19
106396  19
106417  19
106424  19
106429  19
106435  19
106448  19
106450  19
106453  19
106459  19
106467  19
106563  19
106566  19
106594  19
106630  19
106635  19
106638  19
106640  19
106642  19
106670  19
106689  19
106690  19
106700  19
106702  19
106704  19
106762  19
106802  19
106853  19
106858  19
106859  19
106861  19
106863  19
106864  19
106875  19
106913  19
106916  19
106922  19
106923  19
106956  19
106982  19
106985  19
107006  19
107044  19
107052  19
107053  19
107059  19
107062  19
107069  19
107100  19
107132  19
107144  19
107151  19
107154  19
107168  19
107187  19
107201  19
107215  19
107238  19
107263  19
107277  19
107278  19
107279  19
107286  19
107292  19
107304  19
107314  19
107318  19
107326  19
107336  19
107347  19
107356  19
107380  19
107417  19
107433  19
107469  19
107488  19
107492  19
107503  19
107504  19
107520  19
107586  19
107599  19
107615  19
107634  19
107650  19
107651  19
107668  19
107675  19
107701  19
107719  19
107724  19
107744  19
107803  19
107820  19
107855  19
107863  19
107869  19
107878  19
107891  19
107893  19
107910  19
107934  19
107946  19
107987  19
108018  19
108019  19
108026  19
108048  19
108096  19
108097  19
108121  19
108125  19
108190  19
108197  19
108200  19
108233  19
108251  19
108258  19
108311  19
108330  19
108340  19
108364  19
108408  19
108429  19
108439  19
108443  19
108455  19
108464  19
108479  19
108490  19
108518  19
108555  19
108579  19
108596  19
108629  19
108632  19
108641  19
108659  19
108676  19
108711  19
108767  19
108787  19
108827  19
108878  19
108883  19
108905  19
108933  19
108939  19
108986  19
109033  19
109052  19
109078  19
109120  19
109134  19
109140  19
109181  19
109262  19
109285  19
109311  19
109314  19
109342  19
109388  19
109472  19
109542  19
109577  19
109617  19
109786  19
109791  19
109807  19
109857  19
110009  19
110044  19
110085  19
110257  19
110336  19
110486  19
110613  19
110664  19
110758  19
110940  19
111011  19
81464   82163   0.00    114.60
81787   81334   6.94    83.58
82100   82163   0.00    114.12
82163   82265   0.00    72.45
82190   82790   22.22   141.83
82265   81787   8.67    83.70
82321   82100   0.00    115.07
82566   82804   0.00    35.67
82600   83369   10.27   140.60
82618   83532   16.44   144.44
82700   82321   0.00    116.51
82723   82394   3.00    59.90
82723   82265   10.29   79.25
82737   82804   6.75    62.20
82737   82521   20.00   34.25
82790   83430   0.00    142.78
82804   83040   11.50   37.04
82904   82700   0.00    115.77
82950   83291   6.40    70.08
82950   82723   19.88   34.51
82975   83040   20.00   62.45
82975   82737   11.50   36.96
83040   83224   0.00    34.32
83068   82745   10.00   111.81
83068   82700   8.67    67.47
83136   83065   0.00    146.07
83136   82904   0.00    116.55
83166   82975   5.94    33.12
83166   83224   9.08    61.92
83196   82971   0.00    132.34
83199   83381   0.00    38.15
83199   83136   0.00    19.27
83224   83447   0.00    36.00
83246   83876   0.00    126.15
83369   84217   10.00   142.65
83381   83569   0.00    88.13
83381   83323   0.00    94.54
83386   83447   11.50   65.45
83386   83166   15.00   36.42
83430   83482   0.00    8.78
83430   83663   0.00    110.45
83447   83655   0.00    33.93
83449   84238   7.40    138.18
83482   83707   0.00    102.49
83482   83798   0.00    56.46
83492   83196   0.00    131.29
83521   83199   0.00    121.62
83521   83386   0.00    21.59
83532   84389   5.50    143.81
83547   83068   0.00    81.16
83549   82950   8.48    120.57
83549   83751   0.00    81.54
83575   83695   3.00    26.66
83600   83521   0.00    13.37
83655   83848   6.50    35.58
83655   83600   3.00    73.58
83695   83941   10.72   65.34
83710   82824   6.70    149.82
83716   83695   0.00    8.22
83736   83547   0.00    76.66
83780   83600   3.00    35.59
83785   83741   0.00    10.67
83785   83802   3.00    80.46
83795   84122   0.00    64.14
83795   83736   0.00    21.60
83798   83492   0.00    131.74
83832   82971   10.69   148.99
83835   83785   0.00    15.07
83835   83716   0.00    36.45
83843   83549   7.05    104.57
83848   83780   2.50    78.43
83850   84007   9.38    77.76
83856   83798   0.00    11.00
83856   84178   3.00    125.05
83876   83736   0.00    67.82
83901   83716   3.00    34.55
83901   83835   0.00    17.17
83904   84519   0.00    122.40
83941   84239   7.86    47.17
83965   84149   17.38   89.57
84007   84286   7.86    47.17
84007   83835   0.00    43.30
84009   83780   2.20    40.60
84009   83714   0.00    129.71
84065   84299   8.50    138.73
84088   83987   1.00    58.90
84089   84379   0.00    91.95
84104   84217   0.00    52.90
84111   84095   0.00    14.36
84111   83859   0.00    44.38
84187   83795   0.00    83.84
84200   84009   0.00    29.02
84200   84089   3.00    89.16
84217   84539   0.00    56.70
84222   84187   0.00    50.29
84238   84329   11.50   44.53
84239   84272   0.00    5.74
84253   84303   0.00    38.74
84272   84376   0.00    21.05
84286   84461   5.81    32.64
84286   83901   0.00    67.88
84299   83987   0.00    50.92
84299   84430   10.29   88.39
84303   84395   0.00    59.22
84329   84272   0.00    18.65
84338   84200   0.00    22.36
84338   84842   12.50   132.62
84348   83856   8.50    91.69
84348   84597   3.00    141.55
84354   84835   0.00    81.27
84356   84386   0.00    58.48
84376   85247   0.00    139.79
84376   84378   0.00    0.35
84378   84329   0.00    14.42
84386   85112   0.00    123.56
84389   85284   13.63   144.21
84395   84444   3.00    38.47
84403   83843   9.80    108.14
84413   84905   3.00    98.34
84413   85097   8.67    123.48
84424   84149   0.00    46.32
84430   84530   7.50    88.60
84440   84709   0.00    138.49
84440   84348   1.67    18.39
84444   84610   20.00   99.13
84461   84424   11.50   32.58
84461   84899   3.00    72.47
84467   84111   0.00    110.72
84519   85080   11.50   120.93
84530   84424   20.00   18.43
84539   84238   0.00    68.18
84548   84338   11.50   38.34
84548   85011   2.60    120.86
84590   84757   13.20   95.76
84590   84548   0.00    9.44
84610   84825   20.00   33.80
84616   84387   3.00    41.43
84616   84698   3.00    56.42
84617   83710   10.84   150.00
84617   84692   3.00    91.14
84650   84505   0.00    68.37
84653   84909   0.00    64.65
84653   84187   10.00   97.80
84666   84924   0.00    91.35
84666   84539   0.00    20.16
84698   84755   2.00    38.84
84698   84253   11.00   76.50
84702   84650   0.00    46.90
84702   84617   20.00   13.39
84731   83832   8.15    148.92
84734   84590   0.00    25.94
84752   84168   0.00    122.23
84755   84849   0.00    58.41
84755   84303   8.00    76.73
84783   84826   0.00    40.19
84785   84356   0.00    119.02
84816   85061   5.50    62.23
84816   84653   8.16    33.96
84825   85043   0.00    41.86
84826   84933   10.00   75.22
84835   85351   0.00    81.22
84842   84816   0.00    4.94
84849   84395   3.75    76.56
84849   84904   0.00    38.35
84877   84467   0.00    111.32
84888   84666   0.00    36.82
84889   84539   0.00    91.96
84889   84650   0.00    89.57
84899   85471   4.00    92.67
84899   84825   0.00    49.97
84904   85043   6.75    93.53
84904   84444   13.20   76.38
84905   84730   0.00    45.90
84909   84752   0.00    116.64
84926   84981   0.00    51.64
84926   84352   9.71    96.04
84933   84987   0.00    39.61
84933   85182   0.00    38.18
84951   84403   20.00   108.52
84951   85037   19.19   71.42
84965   85736   0.00    144.18
84965   84734   2.00    39.28
84981   84783   3.00    33.16
84985   84842   0.00    31.94
84985   85260   0.00    61.93
84987   85108   1.00    75.45
84987   85239   1.00    37.34
85003   84554   0.00    95.69
85011   84985   0.00    5.57
85048   84826   20.00   38.15
85061   84909   0.00    33.69
85073   84905   11.00   47.47
85080   85667   0.00    120.69
85097   85073   20.00   40.48
85105   85224   0.00    80.61
85108   85213   8.00    41.48
85108   85361   10.75   39.24
85112   84785   0.00    117.05
85117   84438   10.00   107.84
85117   85097   5.83    50.96
85134   84926   0.00    31.13
85134   85117   5.33    32.65
85154   85341   15.29   51.34
85158   84889   0.00    75.60
85165   84965   0.00    32.77
85165   85551   6.40    92.63
85177   85011   11.69   28.71
85182   85048   6.75    75.08
85182   85419   0.00    38.29
85197   84734   0.00    113.11
85197   85177   11.50   6.00
85204   84951   9.80    68.27
85236   86101   7.67    141.11
85239   85482   0.00    38.87
85244   85302   0.00    37.85
85244   84981   0.00    41.14
85260   85061   0.00    36.43
85268   84750   0.00    100.33
85284   85413   2.33    22.31
85302   85419   0.00    74.94
85302   85048   0.00    37.97
85306   84440   6.64    150.62
85309   85003   0.00    92.95
85309   85081   0.00    38.49
85329   85634   11.00   80.66
85329   85514   6.75    112.81
85331   84877   0.00    110.98
85331   85398   6.21    82.39
85339   85602   0.00    41.48
85341   85897   12.25   141.71
85341   84915   10.82   79.65
85343   85699   14.53   86.99
85350   85197   8.60    30.41
85350   85664   3.00    80.73
85361   85594   26.50   37.90
85361   85239   10.00   76.24
85367   85073   3.00    54.99
85379   84965   0.00    102.76
85379   85350   3.00    6.11
85380   85367   11.50   11.88
85398   85506   7.82    50.59
85412   85380   10.00   45.59
85413   85717   8.09    47.62
85419   85482   1.00    38.68
85423   85260   0.00    34.09
85423   85177   10.00   61.77
85426   85213   1.00    34.47
85428   85737   6.75    46.47
85428   85412   9.57    45.39
85432   85413   0.00    16.11
85432   85284   0.00    26.20
85437   85428   18.67   55.07
85437   85134   2.20    47.55
85454   85165   5.83    45.37
85464   84702   6.50    120.46
85466   85204   0.00    88.06
85471   85838   14.33   60.19
85471   85426   0.00    27.30
85482   85594   2.00    76.23
85488   86276   11.13   127.71
85500   85204   5.75    59.59
85500   85105   0.00    82.06
85506   85593   5.72    95.88
85506   86303   0.00    137.30
85507   85379   0.00    25.37
85507   85817   3.00    72.22
85514   85997   0.00    75.98
85514   85570   0.00    38.19
85515   84889   10.00   96.55
85521   85500   0.00    4.98
85521   85461   0.00    123.94
85533   85268   0.00    96.79
85533   85309   0.00    39.96
85537   85331   13.20   95.30
85542   85969   7.85    107.93
85551   85507   20.00   9.42
85570   86044   20.00   76.28
85570   85759   7.86    110.23
85593   85651   6.68    40.30
85593   86091   11.50   84.49
85594   85633   3.00    41.58
85602   85494   3.00    37.24
85614   85158   3.00    78.94
85617   85494   11.50   36.68
85617   85901   3.00    53.67
85633   85426   0.00    33.19
85651   85466   20.00   87.54
85664   85423   3.00    38.55
85667   84731   9.74    148.92
85667   86063   12.85   78.45
85680   85737   10.00   71.24
85680   85437   3.71    39.13
85680   85762   2.00    52.45
85691   85664   0.00    3.48
85691   85817   3.00    36.59
85695   85454   5.50    58.27
85695   85551   6.50    33.54
85699   86101   7.25    87.90
85707   85901   7.25    52.46
85707   85602   11.47   19.44
85717   85223   0.00    147.78
85717   86208   4.75    80.00
85737   86042   8.00    49.15
85772   85904   0.00    22.58
85775   85614   11.50   87.06
85795   85150   30.00   111.78
85798   85537   3.00    95.78
85798   85533   0.00    48.37
85803   85106   11.50   111.42
85813   85521   16.43   48.34
85817   85985   10.00   40.95
85837   85798   0.00    15.50
85837   86440   7.25    110.69
85838   86141   3.00    48.68
85838   85890   0.00    27.64
85847   85454   8.32    61.11
85847   85695   7.62    45.85
85850   85997   6.55    77.22
85890   85925   0.00    24.71
85890   86238   0.00    59.17
85892   86124   0.00    64.07
85892   85691   8.67    35.34
85897   85367   0.00    100.16
85897   86458   5.75    99.73
85898   85651   0.00    39.20
85901   86487   10.00   134.14
85901   86174   6.14    53.94
85904   85934   0.00    60.89
85904   85898   0.00    12.49
85924   85432   3.00    77.26
85925   85775   0.00    87.56
85934   85772   0.00    59.03
85969   85707   8.45    51.92
85969   86174   11.50   53.75
85976   85847   9.85    19.12
85976   86116   3.00    27.13
85984   85380   20.00   92.53
85985   85695   0.00    69.28
85995   85984   0.00    46.98
85995   85412   11.50   89.15
85997   86044   0.00    37.28
86001   85871   5.50    76.55
86001   85759   8.67    40.15
86008   85398   3.00    111.22
86010   85306   8.67    147.15
86034   85995   0.00    7.71
86034   86042   0.00    44.52
86042   86652   11.00   98.27
86044   86206   7.21    110.95
86053   85924   0.00    28.85
86053   86147   0.00    16.92
86063   86346   17.50   112.05
86063   86234   20.00   133.15
86091   86414   0.00    81.98
86092   85892   3.00    37.89
86101   86728   10.75   134.80
86106   86001   0.00    18.65
86109   85331   3.00    144.03
86109   86193   0.00    36.91
86112   85969   3.00    30.73
86116   86196   0.00    13.77
86116   86053   3.00    53.91
86124   85985   0.00    34.94
86127   85515   9.80    96.46
86128   86116   8.49    10.08
86128   85976   9.05    25.39
86141   86106   0.00    20.88
86141   86248   0.00    19.99
86147   86196   0.00    54.05
86154   85617   5.85    117.21
86161   86127   0.00    52.15
86166   86553   0.00    68.81
86166   86147   0.00    14.48
86174   86317   0.00    31.74
86192   86862   0.00    109.15
86192   86161   3.00    62.31
86193   86008   0.00    108.51
86193   86478   0.00    60.69
86194   85924   0.00    44.76
86194   86166   0.00    13.61
86196   86374   0.00    31.16
86196   86207   11.50   10.68
86204   86192   0.00    38.04
86205   86112   10.08   20.02
86205   85801   2.00    107.00
86206   86106   10.31   20.00
86207   86128   0.00    13.70
86208   86703   5.60    80.08
86213   86440   0.00    63.19
86213   85837   11.50   100.96
86216   85464   6.35    120.42
86217   86204   0.00    71.79
86217   85925   0.00    49.77
86229   85813   0.00    78.13
86234   86382   0.00    133.01
86238   86217   0.00    33.78
86248   86878   7.25    106.65
86248   86238   0.00    30.04
86249   85803   11.50   107.61
86276   87044   10.95   127.73
86297   85659   6.80    135.94
86300   86092   0.00    63.63
86300   86124   3.00    37.67
86317   86894   8.67    121.23
86317   86112   6.50    55.28
86330   85659   6.00    135.73
86338   86213   0.00    27.34
86338   86092   7.25    52.06
86346   86839   10.00   115.00
86374   86207   11.20   28.78
86376   85898   1.00    81.94
86380   85680   13.85   119.51
86382   86536   0.00    133.01
86390   86338   4.75    9.72
86390   86617   0.00    64.31
86420   86169   0.00    81.08
86440   86617   3.00    35.04
86458   86638   6.33    30.66
86458   86249   10.00   104.32
86468   86974   5.20    103.79
86468   86661   15.00   50.86
86481   85795   10.67   113.22
86482   87033   13.20   126.88
86487   86700   2.00    133.37
86536   86074   0.00    137.80
86556   86390   0.00    32.54
86556   86792   4.75    64.95
86605   86109   0.00    106.65
86617   86792   10.00   34.46
86631   86641   10.00   47.35
86631   85984   14.33   105.50
86638   86838   11.00   36.14
86638   86631   0.00    5.96
86641   86034   8.89    97.25
86641   86652   0.00    44.30
86652   86697   14.33   28.06
86653   86952   0.00    93.07
86653   86229   0.00    78.13
86660   86070   3.00    97.71
86660   86653   0.00    3.93
86661   87096   0.00    92.69
86661   86842   0.00    50.15
86663   86482   9.80    123.93
86675   85813   8.76    143.54
86675   86010   8.82    147.08
86693   86300   5.33    73.55
86693   86556   5.50    28.00
86700   86154   2.71    117.82
86703   86729   0.00    15.11
86703   86831   0.00    21.59
86723   86374   7.43    63.55
86728   87310   10.00   134.69
86729   86194   3.82    88.51
86738   86693   0.00    8.82
86738   86814   3.00    79.70
86738   86950   3.00    65.77
86758   86205   6.97    125.40
86792   86950   7.67    35.49
86806   87070   15.00   142.28
86806   86697   0.00    19.31
86811   86828   0.00    39.62
86811   86127   0.00    112.51
86814   86723   0.00    86.00
86827   86376   0.00    80.99
86827   86420   0.00    83.36
86828   86862   0.00    62.26
86828   86161   4.67    109.72
86831   87232   7.50    70.22
86831   86729   0.00    22.43
86837   86660   11.00   83.10
86838   87210   11.90   107.85
86838   87041   0.00    42.43
86839   87033   20.00   111.22
86842   86873   0.00    9.90
86844   87204   0.00    96.87
86862   87108   0.00    43.03
86873   86178   0.00    145.84
86873   86976   2.50    39.55
86878   87479   9.44    106.65
86881   87213   1.00    84.38
86886   86862   0.00    36.31
86886   86204   0.00    111.07
86903   86758   5.45    82.52
86909   86837   3.00    41.59
86913   86886   0.00    70.60
86913   86217   0.00    111.86
86921   87106   10.43   39.79
86921   86814   12.29   60.78
86921   86738   0.00    35.31
86933   86962   0.00    23.19
86950   87145   20.00   36.36
86951   86216   9.30    120.63
86951   87077   0.00    66.61
86952   86675   0.00    65.11
86960   86297   11.78   136.45
86960   86903   6.00    82.02
86962   86973   0.00    41.38
86962   86933   0.00    23.19
86963   86960   0.00    1.10
86963   86330   11.00   135.33
86974   86881   10.30   83.77
86974   87213   0.00    49.67
86976   86993   2.00    57.22
86993   86963   0.00    33.08
86995   86827   0.00    33.19
86995   87031   15.33   34.15
87016   86663   10.00   124.01
87023   86261   9.65    126.18
87031   87204   10.50   116.23
87033   87529   11.00   118.40
87041   87310   9.00    63.05
87041   87547   8.20    129.78
87044   87882   12.81   144.54
87044   87059   12.95   123.20
87059   87068   16.31   123.20
87068   87175   11.25   123.56
87070   86380   8.88    119.51
87093   86481   11.50   111.92
87096   87498   0.00    91.95
87106   87402   11.29   51.41
87107   86811   0.00    51.72
87114   87608   6.50    139.03
87114   86993   7.10    20.79
87125   86913   0.00    37.04
87125   87108   0.00    107.94
87143   87106   8.90    77.00
87143   86921   0.00    68.41
87145   87143   0.00    2.15
87173   86700   5.43    109.29
87175   87093   11.86   123.33
87186   86933   0.00    53.61
87186   87196   0.00    118.46
87196   87495   0.00    121.97
87204   87258   7.06    67.33
87210   86806   2.33    72.19
87210   87367   10.38   84.11
87213   87420   0.00    45.02
87218   87145   1.00    93.11
87218   87327   0.00    30.26
87226   87218   0.00    21.42
87226   86605   0.00    109.45
87231   87031   12.11   35.27
87231   86995   0.00    43.52
87232   87345   9.52    21.23
87232   87389   10.00   31.58
87243   86723   10.70   95.06
87243   87330   13.20   68.68
87258   87271   0.00    26.14
87258   86695   0.00    119.91
87271   87279   3.00    39.63
87279   87226   14.33   80.10
87279   86692   0.00    105.52
87310   87847   20.00   149.25
87327   87600   0.00    60.03
87327   87436   0.00    96.31
87330   87402   8.95    73.77
87332   86837   0.00    88.37
87345   87515   3.00    33.80
87355   87070   9.17    50.19
87365   87016   9.10    123.94
87367   87547   8.57    93.14
87367   87588   12.92   113.82
87369   87597   0.00    140.48
87369   87271   0.00    28.56
87389   87345   7.69    25.83
87402   88000   7.85    112.17
87420   88013   0.00    138.27
87420   87595   10.50   50.49
87424   86758   5.54    114.58
87444   87186   0.00    43.77
87444   87648   0.00    32.46
87467   87114   3.43    59.25
87467   87917   2.33    130.20
87479   87727   8.08    42.02
87479   87355   1.00    133.61
87498   87527   0.00    74.97
87498   86842   5.60    138.49
87515   87762   11.11   44.76
87515   87243   12.50   93.47
87527   86976   4.25    114.31
87527   87954   0.00    129.05
87529   88002   12.80   118.24
87547   87847   9.47    60.31
87551   87557   2.00    12.92
87557   87389   10.18   136.18
87560   86951   12.84   106.21
87560   87551   8.10    83.89
87579   87560   11.28   115.91
87588   87727   9.55    110.09
87588   87355   4.25    42.03
87594   87579   10.96   115.91
87595   88013   0.00    91.92
87595   87780   20.00   51.63
87608   88074   6.50    139.00
87609   87231   8.67    69.46
87641   87444   0.00    32.45
87641   87594   9.92    115.94
87647   87173   7.89    108.93
87648   87641   3.00    7.84
87658   87508   12.02   85.47
87662   87609   0.00    11.72
87662   87597   0.00    113.03
87717   87365   0.00    123.88
87717   87093   14.83   118.27
87727   87648   10.35   140.51
87734   88228   9.80    110.13
87736   88247   0.00    122.73
87746   87822   3.63    55.28
87746   86952   12.56   149.09
87762   87801   11.83   20.19
87762   87938   0.00    36.14
87771   87023   11.19   126.25
87780   87931   3.00    49.53
87780   88197   5.33    90.65
87788   87547   9.18    104.35
87801   87828   0.00    15.44
87801   87243   10.50   103.03
87822   87332   0.00    88.37
87822   87877   7.17    59.98
87828   87943   1.00    58.33
87841   87878   8.25    148.59
87847   87955   0.00    42.88
87847   87876   6.00    6.56
87876   87952   0.00    14.17
87877   87677   0.00    38.81
87877   87916   0.00    29.56
87878   88181   10.29   80.69
87882   88763   5.69    144.57
87916   87892   7.58    78.43
87916   87662   3.00    112.75
87917   88400   7.00    129.95
87931   88098   0.00    48.80
87931   88397   10.00   91.31
87938   88518   10.00   94.46
87938   87828   11.50   29.69
87943   87330   11.20   114.65
87943   88000   0.00    72.87
87952   87986   0.00    6.22
87954   87467   7.10    86.31
87955   88127   1.00    83.90
87965   87788   8.92    103.95
87981   87896   0.00    36.73
87981   87841   11.29   122.50
87986   87647   8.27    107.35
87987   88127   0.00    25.12
87987   87955   0.00    101.13
88000   88226   7.25    87.23
88002   88511   11.02   139.58
88003   88418   13.20   68.84
88003   87986   0.00    4.95
88013   88197   0.00    51.26
88031   87981   0.00    10.54
88061   88201   10.59   134.81
88067   87658   7.50    89.20
88074   87424   4.20    114.58
88090   88603   12.22   138.24
88098   88286   0.00    50.29
88098   88578   11.50   91.80
88114   87734   9.13    110.79
88118   88003   9.80    45.57
88118   88627   12.09   83.16
88127   88402   3.00    121.13
88181   88261   3.00    78.08
88185   88437   0.00    48.51
88185   88844   20.00   147.11
88197   88397   0.00    49.98
88201   87746   13.50   138.64
88205   87717   11.50   122.54
88226   88671   11.50   90.13
88228   87840   9.92    114.20
88228   88739   13.25   105.38
88241   88817   0.00    109.32
88241   87954   7.07    46.74
88247   88805   11.50   123.03
88261   87841   20.00   70.73
88261   88348   9.91    90.48
88286   88241   0.00    31.71
88301   88185   0.00    123.75
88320   88067   9.50    71.82
88322   87892   10.29   110.85
88322   87840   8.67    101.41
88348   88378   9.20    44.30
88348   88723   7.64    136.02
88376   88118   12.20   113.45
88378   88049   0.00    54.80
88378   88031   6.50    55.67
88379   88061   11.36   136.13
88397   88578   0.00    50.02
88400   88074   10.00   63.82
88402   88432   0.00    19.42
88402   87987   0.00    144.88
88418   88538   4.40    47.50
88432   87965   11.10   107.52
88437   88651   0.00    106.26
88482   88878   7.76    140.07
88511   88090   10.11   137.25
88518   88579   0.00    9.94
88524   87771   8.39    126.33
88538   88898   0.00    71.23
88538   88860   15.00   82.59
88563   88114   9.40    110.71
88578   88747   8.67    49.48
88579   88778   9.80    35.10
88597   88437   0.00    34.81
88603   88379   12.36   136.61
88609   88376   11.17   113.39
88627   88722   3.00    17.80
88629   88615   6.42    63.89
88649   89043   0.00    106.22
88651   88704   0.00    27.65
88652   88114   14.33   107.57
88652   88228   9.82    111.73
88671   89209   9.35    110.69
88671   88563   6.50    28.96
88704   89429   11.50   149.29
88704   89055   0.00    108.98
88722   88772   0.00    9.81
88722   88418   6.00    62.57
88723   88320   8.80    139.73
88739   88322   4.85    108.95
88739   89212   11.00   109.93
88747   88286   9.44    91.93
88749   88344   0.00    128.61
88763   89543   10.73   144.41
88764   88002   11.42   148.32
88765   88627   20.00   83.73
88767   88747   0.00    6.81
88772   89162   9.00    75.55
88778   89500   2.50    134.75
88796   88723   0.00    95.81
88805   89220   7.81    121.47
88819   88609   11.93   113.41
88833   88322   0.00    110.65
88833   88430   12.67   115.24
88844   89441   10.00   147.22
88852   88301   3.00    123.84
88860   88898   26.50   82.12
88878   89171   11.50   62.24
88878   88979   11.00   102.72
88882   88615   0.00    46.86
88892   89188   0.00    89.00
88898   88772   0.00    43.12
88905   88882   0.00    68.80
88905   88629   0.00    50.15
88907   88320   10.75   129.61
88911   88378   11.45   96.59
88911   88400   0.00    134.17
88921   88835   0.00    17.21
88921   89153   0.00    78.72
88926   89041   0.00    126.71
88928   88597   0.00    107.26
88928   88651   0.00    58.51
88935   88205   9.80    126.73
88936   88765   9.80    83.97
88936   89000   0.00    96.77
88977   88863   3.00    49.00
88979   89028   10.29   102.45
89000   89233   11.00   97.70
89014   88911   11.00   25.91
89020   88652   14.33   108.48
89020   88563   3.00    108.80
89028   89073   8.67    102.47
89028   89547   20.00   94.71
89043   88778   1.00    104.46
89047   89014   10.22   111.21
89055   89188   10.00   106.73
89057   88936   10.21   78.28
89066   89047   13.95   36.34
89066   88892   8.67    86.35
89073   89131   5.00    102.47
89083   88597   0.00    125.40
89083   88921   0.00    116.49
89119   88652   8.08    108.41
89119   88739   9.00    113.79
89121   88977   10.00   49.17
89127   89383   3.00    72.86
89127   88907   6.50    124.41
89131   89165   7.88    87.67
89150   89277   0.00    76.64
89153   88928   0.00    48.29
89162   89275   0.00    17.93
89165   88882   6.00    53.19
89165   89196   5.86    69.50
89188   89066   7.86    129.10
89196   89239   11.79   100.76
89196   88905   10.50   53.13
89209   89761   10.03   115.33
89209   89020   5.14    49.53
89212   88833   9.86    109.70
89212   89669   8.09    109.45
89220   89549   0.00    84.06
89221   88819   8.32    116.10
89224   89162   2.50    94.50
89224   88863   3.00    75.62
89231   89127   10.00   69.31
89231   88796   0.00    101.41
89233   89275   0.00    14.64
89239   88524   9.61    126.13
89275   89594   13.33   125.16
89277   89390   0.00    76.88
89281   89536   3.00    60.17
89281   89121   3.00    48.47
89311   89484   6.79    142.05
89311   89057   11.50   79.45
89316   88833   8.86    108.33
89316   88865   9.44    129.31
89356   89220   0.00    51.22
89356   88852   0.00    123.76
89359   89224   6.75    49.47
89359   88977   10.00   80.08
89383   89410   7.25    8.41
89385   88749   0.00    134.04
89390   89233   0.00    33.39
89408   89047   11.11   83.78
89410   89536   4.79    82.01
89410   89281   10.50   54.52
89422   89041   0.00    123.02
89429   90198   0.00    149.75
89436   89311   7.18    36.85
89438   88926   0.00    128.98
89441   89556   3.00    39.05
89441   89489   0.00    11.63
89460   89231   0.00    88.06
89484   89590   11.12   84.75
89489   90001   0.00    123.25
89489   89356   0.00    49.72
89496   89359   13.20   48.97
89496   89121   7.00    79.77
89500   90153   12.36   132.25
89502   89020   20.00   110.85
89502   89119   6.00    107.16
89523   89083   0.00    91.48
89536   89567   1.00    29.67
89543   90354   4.89    144.38
89547   90031   36.67   93.53
89549   89897   0.00    84.00
89551   89153   0.00    90.44
89555   89522   20.00   91.74
89556   90191   7.86    145.20
89560   89460   11.50   86.52
89560   89014   9.83    123.88
89567   89862   5.50    74.25
89567   89496   0.00    26.93
89572   88764   11.50   150.69
89590   89693   5.83    84.78
89593   89239   9.11    67.39
89593   89555   11.20   91.74
89594   89862   0.00    124.20
89596   89119   5.00    110.24
89596   89212   12.71   115.08
89607   88935   6.75    127.21
89666   89436   6.95    75.99
89669   89316   6.73    109.43
89669   90174   20.00   110.80
89693   89833   7.18    94.65
89693   89390   1.00    55.46
89696   89383   8.83    120.75
89707   89356   0.00    85.85
89715   89408   11.50   82.79
89719   89927   0.00    51.73
89745   89221   8.66    128.50
89745   89436   7.60    60.90
89754   89316   5.00    108.98
89754   89337   7.35    116.64
89761   89502   8.25    70.51
89761   90396   10.17   115.44
89798   89952   0.00    31.02
89798   89385   0.00    106.22
89806   89422   1.00    123.02
89806   89798   0.00    4.38
89833   89921   4.67    81.99
89833   90276   8.67    90.00
89850   89666   6.50    75.24
89850   89484   0.00    72.52
89860   89879   0.00    9.53
89862   90019   0.00    30.20
89867   89385   0.00    135.63
89877   89131   7.00    136.35
89879   89940   0.00    17.59
89888   89696   1.00    119.66
89895   89888   0.00    118.69
89895   89560   11.00   81.94
89897   89374   26.60   135.40
89906   89221   6.85    144.76
89906   90006   14.33   26.78
89921   90019   10.75   81.99
89927   89754   6.24    50.65
89934   89877   12.31   141.91
89935   89438   0.00    128.21
89940   89620   0.00    63.88
89940   90007   0.00    26.22
89952   89971   0.00    3.58
89971   90186   0.00    39.66
89977   89596   10.80   108.03
89977   89502   8.57    106.94
89983   89593   15.00   70.80
89983   89934   10.71   141.91
89990   89850   8.44    112.01
89995   90277   0.00    60.25
90001   90220   0.00    53.57
90003   90151   8.79    115.16
90006   90003   0.00    17.66
90007   90051   0.00    6.85
90007   89551   0.00    91.37
90019   90176   8.57    108.60
90031   90239   0.00    40.38
90039   90006   11.50   26.07
90039   89906   0.00    23.07
90051   90563   0.00    108.13
90058   90039   0.00    12.94
90063   89707   0.00    85.87
90063   89897   0.00    47.79
90065   89596   6.00    110.22
90065   89669   8.14    110.60
90079   89879   0.00    38.75
90079   89995   0.00    49.58
90083   89853   0.00    44.28
90083   90080   0.00    3.97
90103   90058   8.67    138.85
90103   90444   9.18    108.13
90106   90199   0.00    85.25
90136   90103   11.95   93.57
90140   89806   0.00    60.26
90140   90186   0.00    19.00
90144   89990   6.83    112.01
90151   89745   6.98    114.27
90153   90314   10.05   125.23
90174   90649   53.25   108.92
90174   89927   11.50   62.81
90176   90391   16.80   109.41
90186   90240   0.00    25.81
90191   90815   7.25    124.79
90191   90001   0.00    44.03
90198   90051   0.00    51.38
90200   90083   0.00    56.64
90200   89824   0.00    70.55
90201   90063   0.00    41.59
90205   90031   7.67    83.77
90220   90201   0.00    6.97
90239   90491   0.00    122.59
90239   90424   0.00    33.93
90240   89867   0.00    134.25
90249   90151   10.56   82.49
90249   89850   1.00    72.95
90252   90201   0.00    13.34
90268   89983   4.67    49.82
90276   90651   15.75   67.61
90276   90144   8.48    111.99
90277   90143   0.00    52.59
90277   90536   0.00    56.03
90307   89607   19.00   127.09
90308   90140   0.00    33.05
90308   90240   0.00    54.19
90311   89895   6.84    80.39
90314   90425   11.85   136.40
90339   90252   0.00    14.92
90354   90907   0.00    145.88
90354   91173   11.27   143.85
90355   90249   9.29    78.84
90361   90003   7.25    98.25
90391   90834   10.53   113.92
90391   90540   3.00    112.63
90396   89977   2.00    112.55
90396   90889   10.54   113.69
90399   89935   0.00    127.37
90399   90308   0.00    16.03
90400   90268   11.50   20.68
90400   90414   0.00    19.53
90401   90716   0.00    62.71
90401   90200   20.00   67.62
90406   90205   2.33    83.95
90414   90268   11.50   28.76
90414   91204   8.79    142.98
90424   90817   10.09   83.78
90425   90526   11.63   136.40
90430   90399   0.00    4.62
90431   89572   12.75   150.63
90431   90652   8.96    139.60
90432   90136   6.46    78.06
90436   90415   0.00    30.61
90436   89639   11.00   139.14
90444   90825   9.00    109.24
90445   90430   0.00    3.17
90448   90058   9.33    104.39
90455   90800   0.00    64.84
90455   90276   0.00    110.84
90458   90558   0.00    51.98
90459   90314   8.13    98.45
90466   90436   0.00    34.06
90472   90431   9.96    145.46
90472   90445   0.00    4.32
90474   90145   0.00    57.05
90474   90355   8.93    78.84
90499   90177   0.00    119.86
90506   90065   9.80    110.51
90506   89977   6.40    115.02
90523   90136   9.88    86.61
90523   90644   11.50   79.19
90526   90523   11.50   13.98
90538   90017   0.00    92.86
90540   90455   20.00   112.37
90545   91005   9.90    104.91
90545   90523   10.00   5.85
90545   90526   3.00    12.31
90558   90200   3.00    63.46
90558   90716   0.00    62.12
90563   91405   0.00    145.20
90563   90711   0.00    58.38
90567   90474   7.64    75.28
90577   90174   3.60    110.70
90577   90065   7.44    111.69
90603   90361   5.73    96.63
90617   89877   9.00    127.70
90623   90538   20.00   113.65
90628   90538   1.00    59.43
90628   90193   0.00    86.01
90644   90905   11.00   80.48
90649   91144   9.11    113.14
90651   90567   8.29    75.28
90651   91031   4.75    66.32
90652   90894   7.86    139.53
90660   90837   0.00    115.50
90660   90412   13.25   48.57
90661   90311   13.24   79.28
90669   90249   10.75   78.24
90669   90603   11.50   57.19
90680   90432   9.83    77.77
90705   90545   8.87    84.41
90711   90198   0.00    106.12
90716   91135   6.50    78.98
90716   91024   11.50   80.46
90718   90661   7.86    11.33
90722   90424   0.00    148.05
90731   90079   14.33   137.82
90744   90193   10.00   140.72
90744   90628   0.00    134.59
90754   90871   0.00    27.05
90754   90577   7.76    55.54
90780   90661   10.22   36.91
90780   90832   8.98    99.80
90800   90651   7.52    107.32
90815   91323   3.00    121.92
90817   91433   7.67    103.31
90817   90617   12.86   120.94
90820   90472   11.15   144.13
90825   90953   9.20    106.78
90826   90669   9.19    116.28
90826   90474   3.00    66.56
90832   90991   7.90    99.99
90834   90982   12.19   29.60
90834   90718   3.00    85.60
90837   90543   0.00    58.36
90862   90800   6.41    80.39
90871   91220   0.00    84.82
90889   90506   2.00    112.95
90889   91400   11.00   106.73
90894   91132   12.80   139.57
90895   90436   10.00   83.27
90899   90862   5.44    80.28
90905   91295   4.25    85.36
90905   90680   3.00    48.70
90907   90400   3.00    90.80
90916   90448   17.75   106.43
90953   90916   0.00    9.84
90954   90754   5.73    54.76
90954   90506   8.80    106.78
90969   91076   9.91    79.42
90969   90459   11.50   104.55
90972   90535   10.00   114.61
90973   90401   8.00    139.49
90973   91024   15.00   58.13
90982   91601   10.00   121.29
90982   91236   5.60    65.93
90982   90899   6.81    146.65
90989   90705   12.93   85.84
90991   90660   50.00   61.11
90991   91172   13.31   116.71
90997   90871   0.00    78.46
90999   90973   5.33    43.74
90999   90969   18.22   7.28
91003   91169   18.00   79.80
91005   91146   0.00    48.86
91005   90856   3.00    125.21
91012   90307   3.00    127.18
91024   91294   20.00   59.93
91031   90826   10.04   147.83
91035   90603   6.00    114.93
91067   90649   4.55    109.94
91067   90577   0.00    110.62
91068   90499   2.00    124.28
91075   91611   13.75   149.81
91075   90406   0.00    121.87
91076   91169   6.50    79.54
91089   91135   0.00    19.37
91097   91003   14.33   78.85
91097   91345   0.00    41.56
91132   91330   12.30   139.56
91135   91294   11.50   58.35
91143   90820   12.29   146.71
91144   90623   1.67    114.27
91169   91339   3.00    84.08
91170   90558   8.25    117.31
91172   91205   0.00    20.57
91172   90837   0.00    61.18
91173   91692   1.00    78.45
91178   91173   0.00    29.30
91178   90907   11.17   48.15
91196   91097   11.50   91.80
91200   91031   11.82   136.08
91202   90999   5.75    63.87
91204   91178   1.00    51.41
91205   91308   13.22   65.37
91205   91608   8.00    62.13
91220   90997   0.00    55.94
91233   91067   0.00    37.94
91236   91568   0.00    55.93
91236   91371   6.43    114.30
91241   91035   8.85    112.11
91295   91842   7.19    87.32
91308   91331   7.25    10.70
91308   90535   7.25    139.92
91315   91699   15.00   126.56
91315   91143   7.27    142.42
91323   91405   0.00    15.37
91323   91680   0.00    79.33
91326   91196   12.75   91.87
91329   91204   8.67    19.51
91330   90744   11.50   143.86
91331   91496   9.77    84.24
91331   91841   0.00    79.08
91339   91345   0.00    81.61
91345   91506   10.00   101.95
91357   91202   8.80    121.20
91365   91329   7.81    106.16
91371   91200   12.08   135.94
91371   91605   14.33   148.43
91377   90680   10.29   151.05
91398   91365   15.40   106.17
91399   90895   0.00    83.27
91399   91315   10.89   52.74
91400   91995   6.88    114.13
91400   90954   10.85   113.84
91403   90989   13.89   77.37
91403   91919   10.50   88.87
91405   91445   0.00    9.31
91406   91241   8.67    111.49
91408   90916   8.67    129.62
91411   90953   10.00   75.57
91433   91986   9.38    90.31
91433   91398   9.09    106.17
91445   90711   0.00    141.24
91445   91637   1.00    45.17
91465   90780   6.50    111.94
91493   91202   10.29   54.63
91496   91637   14.33   84.32
91506   91326   3.00    103.34
91516   91067   7.86    109.31
91516   90954   7.83    112.04
91594   91742   0.00    108.99
91598   91144   15.40   114.76
91598   91233   0.00    68.90
91601   90718   1.67    147.60
91601   91915   9.07    53.64
91602   91399   8.52    134.42
91604   91465   11.00   83.67
91605   91807   0.00    33.40
91605   91406   0.00    141.94
91611   91928   3.00    83.04
91612   90989   11.50   102.57
91612   91326   11.50   69.98
91637   92177   14.60   111.07
91649   91493   6.40    125.13
91670   92027   3.75    95.23
91680   91068   0.00    123.67
91689   91075   5.50    116.03
91692   92168   9.80    78.44
91699   92244   0.00    127.64
91742   91233   0.00    109.97
91767   91516   11.50   64.00
91791   91493   2.60    49.32
91795   91012   11.09   127.17
91795   91602   10.76   134.40
91803   91649   12.60   125.08
91803   91357   0.00    124.77
91808   91767   0.00    8.36
91808   92079   2.00    108.36
91828   91178   11.50   97.95
91841   92242   0.00    77.63
91842   92250   10.33   75.05
91850   91411   11.20   75.02
91850   91377   8.78    148.87
91854   91642   0.00    43.50
91854   91604   3.00    84.68
91871   91670   3.00    93.11
91871   91803   0.00    47.00
91881   91917   5.63    146.25
91884   91965   0.00    84.04
91886   91465   9.80    69.68
91886   91895   7.57    8.16
91890   92069   11.62   129.12
91895   92141   10.29   110.59
91897   91408   7.50    129.56
91898   92154   0.00    62.74
91898   91612   9.08    96.49
91909   91886   10.89   30.79
91913   91909   6.50    18.80
91913   92007   0.00    16.25
91915   92238   6.40    57.98
91915   91913   7.78    51.34
91915   91890   9.81    144.90
91917   92035   0.00    100.31
91917   92693   7.55    145.27
91918   91642   0.00    90.87
91919   92154   0.00    84.77
91925   91329   8.89    92.74
91928   92368   2.00    84.99
91929   91791   2.00    118.34
91932   92498   6.50    93.95
91932   92294   10.00   94.50
91943   91925   9.15    101.33
91956   91795   11.05   101.00
91957   91881   0.00    48.73
91965   92353   0.00    86.40
91969   91943   9.43    101.33
91986   91969   11.50   101.33
91986   92348   6.92    61.01
91995   91767   9.71    60.27
91995   92564   6.44    103.77
91999   91986   5.83    79.24
92017   91592   10.00   68.90
92017   91999   10.00   79.24
92022   91516   11.50   108.40
92022   91598   3.00    106.42
92027   91871   7.00    147.15
92027   92345   20.00   56.88
92036   92017   5.75    55.27
92036   91611   0.00    69.70
92039   91957   14.33   46.18
92045   91403   11.50   106.45
92064   91689   5.83    111.98
92069   92161   7.83    71.79
92072   91929   0.00    118.37
92087   92022   3.00    18.75
92103   91808   10.33   63.21
92104   92039   0.00    48.73
92129   91932   8.77    113.92
92129   92593   11.00   92.87
92141   91854   0.00    61.71
92141   92574   10.50   112.05
92154   92373   8.00    139.31
92161   92288   9.50    81.93
92168   92272   0.00    21.72
92168   92650   9.50    74.88
92175   91791   10.20   67.59
92177   92550   21.50   76.13
92199   92104   3.00    50.72
92222   92072   15.00   118.35
92228   92036   10.50   50.22
92238   92340   0.00    20.65
92238   92283   0.00    15.17
92241   91881   3.00    85.04
92242   91918   0.00    90.92
92245   91890   20.00   86.09
92247   92161   7.40    13.10
92250   92906   9.08    123.84
92268   92867   0.00    90.32
92268   92199   0.00    40.22
92272   92276   7.25    11.71
92272   92334   10.16   14.19
92276   91956   12.79   102.31
92276   92334   0.00    12.44
92283   92007   3.00    81.29
92283   92356   0.00    34.57
92287   91842   14.31   119.57
92288   92208   9.46    91.44
92294   91850   6.40    77.02
92296   91854   6.50    114.47
92306   92175   3.00    112.42
92334   92451   0.00    18.99
92340   92245   7.25    82.52
92340   92420   3.00    16.20
92343   91957   10.55   86.52
92345   92222   2.00    118.28
92348   92707   10.38   52.50
92348   92305   13.20   107.30
92356   92801   0.00    85.89
92368   92228   15.75   44.85
92373   91898   3.00    134.41
92373   92345   10.56   27.49
92377   91925   7.80    74.65
92383   92268   11.50   61.94
92399   92069   9.80    121.76
92407   92345   0.00    10.97
92415   91828   9.10    100.52
92415   92499   7.91    39.73
92420   92399   11.36   119.94
92420   92474   3.00    9.20
92428   91895   12.87   114.87
92429   92242   0.00    54.11
92447   92306   11.50   112.48
92447   93023   0.00    77.43
92451   92650   11.82   39.74
92451   92679   11.22   140.60
92460   92039   10.45   87.48
92474   92864   8.67    57.27
92499   92377   20.00   26.59
92530   92045   16.50   103.60
92540   92447   6.75    80.93
92542   92801   0.00    45.91
92542   91909   0.00    117.35
92549   92592   3.00    28.65
92549   92499   3.00    14.56
92550   92624   0.00    12.04
92557   92693   10.09   116.41
92564   92087   11.14   132.07
92564   93523   9.02    141.27
92572   92104   7.86    88.29
92574   93147   12.63   113.53
92578   92415   0.00    25.22
92578   92549   0.00    24.85
92592   92628   10.00   42.28
92592   93203   10.75   81.08
92593   93142   6.81    115.14
92599   92474   8.67    39.43
92599   92356   0.00    54.57
92615   92578   0.00    10.54
92628   92377   10.25   61.65
92640   92615   0.00    12.52
92650   93676   20.00   139.52
92650   92979   10.00   52.73
92650   92640   0.00    5.70
92655   92175   9.25    84.57
92659   92628   7.95    80.44
92676   92540   8.50    80.95
92679   92769   10.56   48.73
92680   92659   7.50    81.02
92684   92177   0.00    101.63
92684   92948   0.00    53.81
92693   93306   8.00    96.29
92695   92995   2.75    75.18
92695   91897   0.00    134.83
92707   92680   5.75    81.02
92707   93071   3.00    48.16
92709   92250   8.47    92.90
92720   92707   5.75    42.45
92721   92247   9.08    138.61
92730   92372   0.00    50.33
92730   92720   9.50    88.99
92732   93081   13.33   53.79
92732   92730   0.00    4.86
92747   91992   0.00    119.89
92750   92199   10.50   88.97
92769   92842   8.67    55.22
92769   93339   12.64   82.90
92785   92368   8.31    110.55
92785   92532   15.00   36.06
92789   92228   9.84    83.48
92789   93477   13.68   110.97
92789   92732   4.67    122.52
92801   92967   11.00   47.09
92803   92296   6.75    114.51
92803   92429   0.00    64.97
92806   92845   5.57    41.72
92806   92241   0.00    87.93
92808   93198   5.50    62.09
92808   92542   0.00    41.28
92814   92676   3.00    78.12
92828   92099   0.00    144.85
92829   92747   0.00    39.33
92832   92655   12.50   84.89
92842   93392   8.91    80.52
92842   92933   11.63   136.26
92845   93042   0.00    25.34
92863   92557   9.19    115.91
92864   93130   7.60    40.71
92887   92287   12.33   120.01
92906   93266   14.33   98.86
92917   92343   9.20    88.57
92917   92806   4.75    46.78
92921   92247   6.73    105.51
92933   92966   7.60    136.11
92958   92863   7.25    115.00
92958   93637   13.97   126.36
92966   92958   10.74   113.26
92966   93407   7.50    64.47
92967   92776   10.00   32.82
92967   93395   11.00   120.02
92978   92428   11.59   113.04
92978   92574   21.25   67.32
92979   93746   9.15    106.12
92979   93162   6.13    79.05
92993   92599   0.00    55.68
92993   92864   3.00    38.62
92995   92747   0.00    38.63
92995   93471   8.57    112.49
93004   93639   6.88    121.59
93004   92917   3.00    35.43
93023   93433   3.00    61.84
93023   92832   0.00    84.85
93025   92789   6.77    59.70
93039   93004   11.50   13.57
93039   92460   9.50    88.11
93041   92530   0.00    101.93
93041   92906   16.73   63.46
93071   93772   8.73    100.32
93081   92720   15.00   79.75
93081   93464   3.00    65.73
93095   92808   0.00    45.78
93098   92906   8.83    76.33
93099   92208   8.27    132.76
93118   93023   20.00   80.09
93126   93039   10.75   47.81
93126   92572   8.78    87.73
93130   93565   7.17    68.26
93130   92721   7.25    137.66
93142   93635   7.86    114.93
93147   92803   20.00   62.42
93147   93628   11.83   101.47
93148   92288   4.71    123.33
93168   92676   0.00    70.42
93168   93118   3.00    80.04
93203   93758   10.79   80.22
93210   93126   12.71   49.35
93210   92750   8.86    86.81
93222   93025   8.00    55.29
93222   92785   14.00   71.94
93230   92978   1.00    47.37
93234   93098   11.50   76.33
93258   92695   0.00    104.86
93260   93761   9.35    77.45
93260   93081   11.20   55.87
93266   93949   10.25   137.87
93266   93494   5.83    45.02
93268   92684   0.00    107.76
93273   92383   9.14    130.70
93276   93291   16.67   94.25
93291   93306   7.50    94.25
93293   92679   12.43   85.66
93304   93234   9.80    34.28
93304   92709   11.50   94.81
93306   93677   6.40    50.87
93322   93041   7.38    78.12
93339   93908   10.57   82.37
93388   92921   8.80    101.53
93392   93943   13.46   80.74
93395   92993   8.67    62.68
93395   93565   14.33   61.63
93406   92948   0.00    64.09
93406   93892   11.50   87.63
93407   93810   8.86    62.88
93407   93307   0.00    86.40
93424   93095   9.83    59.25
93424   93230   13.20   36.12
93433   94029   4.67    83.62
93433   93442   8.47    121.89
93442   92655   7.60    112.32
93464   94001   13.00   89.39
93464   93071   8.50    100.51
93471   93869   10.22   112.26
93477   93260   14.27   54.66
93477   93957   6.67    78.40
93486   93442   5.83    5.47
93492   93198   3.00    92.77
93494   93697   9.80    34.01
93514   92978   10.76   111.56
93523   94439   10.25   141.27
93561   93433   3.00    78.11
93565   93702   0.00    20.17
93569   93348   10.60   28.47
93569   93593   0.00    31.61
93628   93664   20.00   7.24
93628   92828   0.00    144.97
93635   93304   3.00    46.71
93637   93939   9.44    42.30
93639   94486   9.18    125.19
93640   93230   9.04    69.21
93657   93637   8.13    109.98
93661   92578   7.50    146.13
93664   93882   25.50   46.29
93664   94031   13.20   69.08
93665   93095   6.90    100.50
93668   93222   5.43    112.28
93668   94335   7.68    112.29
93672   92659   10.94   137.36
93672   93757   12.36   62.04
93673   93561   3.00    78.07
93676   94611   0.00    138.96
93677   93657   7.50    109.98
93677   94085   5.33    77.19
93682   93168   0.00    70.14
93682   93673   0.00    6.09
93697   93823   0.00    21.68
93702   93741   10.00   6.15
93702   93388   8.30    99.75
93702   93793   0.00    77.48
93733   93025   10.00   113.39
93733   93477   13.20   63.91
93741   94103   6.23    58.27
93746   94392   6.38    91.96
93747   93672   0.00    10.28
93749   93747   9.96    83.67
93761   94214   0.00    77.45
93764   94018   7.33    101.46
93772   94001   10.75   65.83
93772   93831   10.00   9.09
93787   93210   8.14    80.26
93787   93764   0.00    9.01
93793   93492   2.33    92.99
93793   93948   6.50    86.39
93810   93877   3.00    79.92
93810   94199   8.05    57.08
93819   93682   3.00    108.89
93819   93322   6.43    80.49
93823   94137   3.50    51.60
93823   93915   0.00    36.79
93831   94360   8.13    76.85
93831   93756   0.00    51.48
93832   94477   11.90   93.59
93832   93746   8.37    108.56
93862   94439   11.73   108.82
93864   93293   9.80    84.48
93864   93832   7.60    32.25
93869   94493   12.40   114.73
93871   93406   8.67    64.05
93876   93673   20.00   75.09
93877   93939   11.50   79.92
93881   93787   21.44   38.75
93882   94345   8.53    101.35
93882   93268   0.00    107.76
93892   94345   10.00   87.63
93893   93424   11.50   87.36
93901   93640   0.00    59.93
93901   93893   11.17   82.20
93908   93864   3.73    47.91
93915   93819   4.75    16.14
93924   93733   9.83    49.66
93924   93222   10.29   111.82
93931   93273   7.50    126.72
93939   94334   9.50    56.15
93943   93908   8.54    50.30
93947   93486   7.20    79.34
93948   93665   20.00   97.38
93949   94571   7.24    138.52
93952   93234   10.73   99.80
93956   93258   11.83   106.84
93957   94438   20.60   78.40
93963   94381   1.00    98.27
93964   94648   9.08    99.50
93964   93943   6.00    31.76
93988   93881   9.73    51.37
93988   93931   10.25   11.24
93993   93956   9.00    75.83
94001   94807   12.27   140.05
94001   94214   0.00    55.33
94011   93964   9.23    53.03
94013   94023   26.67   127.73
94015   93343   10.29   101.42
94018   94706   8.00    105.22
94023   93148   2.90    123.34
94029   93486   0.00    147.11
94031   94410   8.14    69.37
94031   93514   8.50    111.56
94033   93099   6.62    133.90
94033   93993   3.00    56.66
94052   93640   12.14   78.05
94063   94578   0.00    89.81
94063   93948   20.00   22.16
94069   94011   10.22   63.52
94069   93569   6.63    71.67
94074   93876   8.50    75.22
94074   94029   12.44   9.80
94085   94390   8.63    75.55
94097   94137   0.00    20.87
94097   93915   0.00    29.68
94103   94362   8.75    46.23
94103   94013   8.23    127.80
94119   93682   3.00    63.70
94137   94573   21.18   68.99
94163   94119   17.60   6.96
94165   93931   7.18    100.41
94175   94033   3.00    71.04
94175   94023   3.00    20.21
94194   93635   2.67    115.01
94195   94223   0.00    9.38
94199   94069   7.99    141.49
94207   93901   0.00    61.02
94214   94438   9.20    55.18
94223   94281   19.33   14.88
94249   94252   0.00    11.53
94249   94097   11.50   25.07
94252   94119   17.20   81.10
94252   94561   4.75    104.70
94258   94199   6.92    87.29
94260   94491   10.22   99.20
94260   93988   12.00   39.59
94281   93871   0.00    61.49
94281   94711   14.33   100.62
94304   93764   6.67    82.04
94334   94258   7.86    87.29
94335   93924   10.73   110.15
94335   94797   9.82    82.56
94345   94508   8.56    37.80
94360   94870   16.33   76.85
94362   94506   10.37   111.48
94378   93924   8.75    77.84
94381   94666   0.00    48.47
94381   94165   4.18    89.13
94386   94063   0.00    73.62
94386   94578   0.00    41.41
94392   95008   7.44    92.01
94410   94052   7.83    77.06
94414   94629   3.00    79.97
94414   94074   0.00    65.05
94414   94163   0.00    93.04
94433   93881   13.22   82.03
94437   94427   0.00    74.75
94437   93747   9.75    97.15
94438   95206   13.25   136.27
94438   94809   12.00   111.94
94439   94690   12.38   67.87
94439   95094   8.33    108.00
94441   94386   0.00    15.16
94459   93793   8.86    104.12
94469   95046   12.00   149.86
94469   94194   2.33    67.64
94486   94390   7.24    59.89
94488   93947   5.90    92.49
94488   94787   13.67   130.28
94491   94165   6.75    49.22
94491   94666   20.00   85.91
94493   94469   11.50   25.06
94493   94588   5.91    58.42
94495   94540   9.77    72.10
94506   94175   6.09    130.65
94506   94776   8.23    145.20
94508   94711   9.13    48.66
94508   93871   15.00   136.68
94526   93741   7.96    117.19
94526   94362   10.50   77.91
94533   94335   7.80    54.05
94533   95120   11.29   99.61
94535   94194   12.67   85.20
94539   93956   12.16   91.59
94561   94712   3.00    58.71
94561   94163   11.00   59.57
94563   94031   12.13   116.61
94571   93952   11.50   98.76
94573   95330   5.50    112.28
94578   94969   0.00    70.57
94588   94660   9.18    32.75
94604   94793   10.00   85.12
94604   94249   8.56    54.42
94610   94390   9.94    86.97
94611   95648   6.75    139.39
94629   94451   10.00   30.76
94630   95389   10.53   123.06
94630   94441   11.00   62.85
94643   93661   0.00    145.63
94660   95110   5.94    76.56
94660   94015   11.50   101.42
94666   94994   2.00    50.31
94689   95573   6.43    123.98
94689   94812   0.00    50.64
94691   94320   5.50    94.83
94706   94486   10.44   99.73
94711   95098   10.80   70.33
94712   94414   5.33    50.62
94712   94948   13.20   79.88
94731   94334   7.32    126.30
94731   94823   0.00    19.76
94747   94872   10.56   136.48
94747   94011   9.00    108.11
94753   94706   6.56    18.09
94753   95258   8.94    76.39
94756   95093   6.26    69.97
94766   95184   0.00    79.11
94766   94318   0.00    74.19
94776   95057   9.29    72.39
94787   95307   5.50    132.05
94789   94571   7.76    36.44
94789   94874   11.50   46.30
94791   93993   11.83   123.25
94793   95385   5.43    83.14
94793   95051   5.83    98.71
94797   95292   8.83    82.57
94807   94870   6.40    13.14
94809   94378   13.00   77.84
94812   95725   6.88    123.63
94812   95101   10.50   70.04
94823   95049   12.11   34.99
94823   95023   3.00    59.32
94826   94766   0.00    56.88
94826   95184   0.00    62.18
94827   94304   10.29   82.06
94827   94753   9.80    29.50
94833   93963   3.58    134.75
94835   94491   11.70   59.98
94845   94526   9.90    59.19
94845   94883   3.00    108.32
94870   95425   10.80   77.77
94873   94630   8.55    70.20
94874   95170   3.00    126.70
94874   95028   2.00    103.07
94883   95016   10.25   108.45
94890   94265   11.50   117.90
94890   94573   7.25    73.94
94893   94827   7.86    22.62
94903   94588   10.46   77.28
94907   95204   20.00   51.15
94920   94845   6.43    12.69
94920   94459   7.22    101.68
94929   94410   10.50   118.40
94948   94629   8.00    49.32
94948   95156   3.00    73.90
94949   94890   0.00    11.70
94952   95093   10.88   149.40
94958   94893   8.80    25.24
94958   94433   10.60   81.96
94994   95446   11.50   64.09
94994   94835   9.82    66.18
95004   95094   0.00    82.32
95008   95804   7.31    99.60
95013   94958   10.00   25.95
95016   95141   9.19    108.45
95023   95049   20.00   35.28
95023   95189   5.50    41.06
95023   94610   6.91    88.75
95028   94949   4.75    103.19
95046   94535   11.33   88.09
95049   95189   0.00    20.81
95049   95056   3.83    15.31
95051   95301   0.00    98.74
95056   94731   8.83    47.13
95057   94033   8.31    147.81
95057   95352   7.73    77.05
95065   94867   10.17   81.25
95082   94260   9.22    123.91
95082   95013   12.43   25.73
95089   95234   16.67   22.93
95092   94689   11.00   119.90
95092   94833   8.84    100.80
95093   95259   3.00    38.73
95094   96003   10.33   124.40
95098   95526   15.06   69.26
95098   94563   11.90   116.67
95101   95481   6.67    51.42
95101   95416   8.75    127.48
95110   95714   7.51    78.23
95110   94539   8.83    91.53
95116   95008   8.27    120.16
95120   95834   0.00    99.84
95130   95082   8.11    26.14
95136   94994   3.00    64.71
95136   94833   6.44    46.53
95141   94776   16.67   61.84
95156   94488   5.29    109.92
95170   94789   8.88    56.74
95184   95541   0.00    48.66
95184   95290   0.00    52.62
95189   95279   0.00    13.40
95204   95731   11.80   69.53
95206   95781   11.90   80.30
95206   94807   10.29   112.76
95209   94903   4.67    77.28
95215   94920   10.29   53.15
95215   95683   8.67    100.49
95216   95116   9.16    120.15
95216   94698   0.00    74.45
95228   94437   9.44    119.07
95233   95353   10.04   124.25
95233   94747   11.50   70.62
95234   95228   0.00    53.84
95234   95748   6.75    58.45
95252   94907   5.13    129.88
95258   95511   13.25   29.53
95258   95065   9.20    81.25
95259   95504   1.00    77.76
95259   95568   3.00    53.00
95264   95130   20.70   53.10
95274   95233   10.00   4.28
95274   95216   19.88   59.20
95279   96074   11.57   98.13
95279   95664   10.67   126.79
95292   95834   14.33   71.82
95292   96161   8.63    127.03
95297   94949   0.00    52.77
95297   95510   4.83    102.09
95301   95156   0.00    28.88
95301   95477   16.60   58.21
95307   95386   7.90    137.15
95328   95704   0.00    70.95
95330   95478   0.00    25.02
95330   95879   8.40    64.81
95340   94604   10.42   109.26
95352   95700   8.48    76.77
95360   94691   3.00    99.10
95360   95307   16.29   66.48
95385   95398   0.00    7.14
95389   95677   10.61   96.05
95394   95385   3.00    39.70
95394   95340   0.00    24.84
95396   95092   3.80    45.34
95396   95136   1.00    99.76
95398   95527   3.00    61.00
95398   96121   13.00   97.95
95407   95264   8.75    51.91
95407   96193   8.35    105.26
95416   95656   12.38   73.84
95425   96039   8.17    77.77
95436   95394   20.00   8.17
95446   95407   0.00    12.68
95477   95638   13.67   50.76
95478   95340   0.00    13.55
95478   95436   0.00    17.45
95481   95861   0.00    49.13
95481   95694   9.18    72.63
95504   95733   7.00    77.76
95510   95645   15.00   110.94
95510   95907   11.00   117.20
95511   95655   6.09    50.77
95511   96302   7.38    107.60
95518   95170   8.00    46.90
95518   95304   0.00    43.75
95520   95046   9.80    67.24
95520   95209   11.50   61.15
95526   96204   10.52   117.18
95526   94929   11.13   118.42
95527   95301   10.50   107.56
95536   95518   0.00    2.61
95558   95541   0.00    8.47
95558   95995   0.00    64.40
95568   95838   12.08   49.96
95568   95460   8.83    100.48
95569   96012   11.29   111.37
95569   95141   10.00   61.86
95573   95725   10.75   50.25
95573   95917   13.20   46.88
95580   94826   0.00    104.14
95580   95558   0.00    38.63
95609   95207   3.00    46.39
95609   95580   0.00    30.27
95638   95386   7.58    66.34
95645   95297   3.00    41.07
95648   96134   3.00    72.57
95648   96071   11.50   55.29
95653   95204   8.86    117.87
95655   94893   5.67    105.35
95655   95799   6.56    52.81
95656   96006   10.00   50.26
95656   95004   0.00    87.25
95664   96474   9.17    132.77
95666   95478   0.00    22.16
95666   95436   10.33   33.42
95677   95215   10.11   84.70
95677   96008   11.50   50.72
95679   95446   7.00    104.87
95682   95570   3.00    21.69
95683   95918   9.83    66.18
95693   95840   1.00    44.10
95693   95569   7.20    134.37
95694   95835   12.75   54.57
95700   94791   8.67    123.25
95700   95714   8.46    40.39
95704   95209   0.00    69.04
95704   96342   10.32   142.51
95714   96731   6.69    147.20
95714   95816   0.00    50.80
95718   95206   10.62   111.45
95718   94809   11.20   136.35
95725   95861   3.25    51.66
95731   96010   6.70    45.77
95740   94643   0.00    146.09
95740   95748   0.00    35.73
95748   96251   5.50    68.63
95766   95812   5.00    54.34
95781   96303   12.38   80.30
95787   95759   6.29    94.43
95796   95536   0.00    56.94
95799   95013   11.11   105.29
95799   95927   7.56    51.00
95804   96287   5.33    64.60
95806   95679   0.00    60.39
95806   95396   1.00    50.58
95812   96291   10.50   64.34
95812   95852   2.50    40.11
95816   96463   0.00    107.52
95818   95787   0.00    29.54
95818   95360   8.67    112.91
95834   96684   10.25   138.08
95834   96470   13.71   84.49
95835   95416   8.89    51.42
95835   96006   0.00    74.28
95838   96104   7.78    104.22
95838   96314   9.92    95.24
95840   96246   6.09    101.33
95840   95569   3.00    69.46
95854   95818   6.14    19.58
95861   96019   14.20   72.93
95861   96187   0.00    47.96
95879   96117   7.78    36.20
95879   95666   10.91   31.38
95885   95536   7.91    49.93
95885   95520   8.50    77.11
95886   96036   7.80    96.46
95886   95645   3.00    32.64
95917   95806   6.00    49.00
95918   95682   9.80    36.13
95927   96069   11.50   52.25
95927   95130   9.86    105.80
95957   95477   3.00    121.16
95961   95962   12.44   86.63
95962   96381   8.67    93.54
95962   96060   7.26    125.71
95976   95056   7.39    118.95
95992   95907   10.50   42.56
96003   96857   7.11    124.85
96006   96361   11.50   48.18
96008   96058   11.50   62.39
96008   96720   8.62    111.49
96010   96436   9.80    106.37
96010   95389   11.50   104.66
96012   96460   7.13    111.06
96019   96361   11.00   127.83
96019   95694   0.00    48.38
96036   96618   3.00    99.25
96039   96135   11.50   22.63
96039   96649   14.45   82.80
96040   95417   3.00    144.52
96044   95653   12.00   117.87
96044   95252   0.00    133.91
96058   95683   9.00    139.35
96060   95854   5.00    126.16
96063   95638   6.27    108.50
96065   96291   8.07    134.85
96065   95274   7.25    98.26
96068   96071   0.00    8.27
96069   96193   5.33    51.44
96069   95264   13.43   105.67
96071   96554   6.00    62.08
96071   96134   8.00    35.77
96072   96068   0.00    15.65
96074   96767   10.50   98.16
96089   95917   3.00    63.83
96104   96389   5.95    79.58
96117   95886   12.29   50.82
96117   96588   9.33    66.10
96121   96772   9.50    98.03
96134   96294   1.00    58.63
96135   96303   10.67   38.18
96135   95744   0.00    60.70
96146   95731   7.50    128.89
96151   96065   8.51    145.76
96161   95718   9.88    113.71
96161   96483   5.83    45.59
96179   95679   12.05   107.56
96180   96208   12.29   28.73
96180   96065   11.88   16.21
96187   96089   3.00    37.88
96193   96482   10.80   113.34
96204   96044   6.50    39.59
96204   96735   11.15   96.74
96208   96301   6.55    96.42
96218   95718   15.14   80.71
96246   96702   7.80    101.95
96249   95907   11.00   47.96
96249   96421   0.00    50.63
96251   96268   15.00   54.31
96251   96346   9.00    11.13
96268   95228   8.79    129.16
96285   96249   0.00    78.82
96287   96408   7.83    15.75
96287   96151   10.26   145.82
96291   96540   8.00    65.50
96291   96410   7.10    16.02
96293   95759   9.00    77.69
96293   95900   0.00    52.25
96294   95804   8.44    66.07
96294   96287   9.80    12.45
96297   96302   5.33    45.35
96297   95707   3.00    83.04
96301   96356   6.14    83.30
96302   96437   1.00    89.23
96303   96548   3.00    56.98
96303   96749   12.67   77.53
96305   96297   0.00    16.70
96314   96456   5.60    50.35
96314   96540   14.33   43.05
96329   95783   0.00    75.79
96329   96305   3.00    28.19
96338   95740   3.00    79.15
96338   96072   0.00    41.30
96342   95885   11.43   70.36
96342   96413   3.00    14.02
96346   96518   30.00   20.71
96346   96348   15.00   32.45
96348   96338   0.00    1.94
96349   95918   3.00    63.82
96349   96406   8.67    93.83
96356   96408   36.60   83.28
96361   96688   12.60   48.62
96368   96187   10.00   70.19
96375   96625   3.00    100.74
96375   95927   4.00    61.50
96381   96623   0.00    108.86
96381   97033   8.00    103.36
96394   96500   0.00    12.70
96394   95609   0.00    103.67
96406   95682   2.50    110.58
96407   96475   11.10   55.33
96407   96294   9.25    15.42
96408   96407   20.00   11.90
96408   96842   10.00   66.80
96410   96903   4.55    74.35
96410   96180   9.83    133.14
96413   96478   0.00    9.47
96416   95527   12.11   125.87
96416   95957   5.83    120.98
96427   96280   11.50   34.64
96435   96305   3.00    16.59
96435   96719   11.78   45.04
96435   96597   1.00    91.95
96436   96720   11.50   105.60
96437   96634   0.00    66.88
96460   96705   10.27   86.73
96460   96702   12.00   95.55
96463   96781   0.00    106.37
96465   96179   8.08    104.30
96465   96089   9.20    49.80
96467   95854   6.50    80.43
96467   96472   3.00    51.07
96470   95811   8.09    99.84
96472   95787   3.00    89.26
96472   96494   0.00    19.01
96474   96329   6.94    59.13
96475   96826   8.22    69.28
96475   96554   3.30    37.96
96482   96708   6.84    113.42
96483   97102   9.74    114.78
96485   96467   0.00    24.54
96500   96293   10.67   124.94
96504   96063   8.67    108.39
96516   95961   8.86    90.95
96540   96819   5.33    88.71
96545   96348   10.29   24.52
96546   96545   0.00    13.61
96548   96715   8.67    54.77
96553   96546   0.00    17.39
96554   96553   0.00    10.70
96554   96826   9.71    45.45
96566   96435   9.00    146.20
96566   96437   0.00    17.82
96577   96516   20.00   94.91
96588   96665   10.39   79.98
96588   96677   8.44    15.27
96597   96875   7.00    93.08
96616   96410   8.67    57.40
96616   96540   3.91    16.90
96618   96285   11.50   80.56
96618   96665   10.50   7.35
96624   96058   8.67    101.57
96625   96834   10.50   100.68
96634   96375   14.25   38.79
96634   96871   10.60   78.04
96649   97164   11.00   82.73
96665   96897   10.21   82.65
96668   96427   9.40    71.00
96668   96926   8.67    91.01
96677   96844   12.18   26.56
96677   96772   11.90   56.21
96684   96483   11.50   59.23
96684   96999   6.43    57.99
96688   96969   12.20   50.14
96688   96368   13.20   132.05
96693   96465   4.67    107.56
96693   96368   0.00    50.22
96702   96755   3.00    28.64
96705   96731   7.55    86.92
96708   96941   9.39    113.40
96715   96218   14.43   80.71
96715   97102   10.60   112.70
96719   96943   9.50    36.26
96720   97041   7.72    98.08
96731   97402   7.14    111.27
96731   97027   3.00    111.09
96735   96146   10.00   131.09
96735   97073   10.95   69.35
96736   96566   3.00    65.79
96736   96634   12.37   17.74
96749   97164   8.73    77.41
96752   96208   5.20    80.04
96755   96902   0.00    78.84
96767   96875   0.00    16.96
96767   96474   6.00    101.25
96772   96874   7.88    62.01
96773   96162   7.25    146.67
96773   96406   11.50   54.22
96779   96427   3.00    123.87
96781   96050   0.00    109.23
96815   96268   8.27    78.81
96816   96767   7.30    16.65
96816   95976   7.49    118.88
96817   96719   0.00    49.53
96817   97049   9.40    36.32
96819   97089   9.00    88.35
96826   97686   4.25    131.07
96830   96491   0.00    106.38
96830   97047   0.00    77.87
96833   96693   0.00    61.82
96834   97043   8.60    100.52
96842   96407   10.19   66.37
96844   97717   7.73    136.83
96854   96394   0.00    86.78
96857   97520   8.46    107.90
96857   96688   0.00    79.49
96871   97112   2.00    78.04
96874   96416   20.00   74.22
96874   96899   0.00    9.18
96875   96929   11.50   16.77
96875   97756   3.00    134.85
96883   96684   7.25    59.37
96883   96470   3.00    77.73
96897   96249   25.20   127.04
96897   97036   15.00   39.37
96898   97052   0.00    54.80
96898   97295   13.20   103.62
96899   96504   15.29   109.03
96899   97020   5.67    91.80
96902   97193   1.00    80.01
96903   97082   6.18    32.14
96904   96616   3.30    88.34
96923   97390   12.22   75.64
96923   96817   0.00    48.50
96926   97198   3.00    91.01
96929   97137   7.18    68.11
96929   96816   9.19    17.72
96941   97183   14.84   113.44
96943   97648   9.38    114.97
96952   96467   0.00    76.33
96969   96833   0.00    66.11
96974   96736   9.53    78.30
96978   97021   0.00    40.26
96978   96755   0.00    37.89
96995   96500   13.75   78.85
96996   96413   3.00    105.65
96999   97264   11.00   47.55
97012   96978   0.00    16.48
97013   97273   0.00    51.23
97018   96773   10.39   118.71
97020   97474   6.70    95.81
97021   96898   8.00    119.11
97022   97340   0.00    51.65
97022   96923   0.00    45.15
97026   96779   8.86    86.01
97027   97734   0.00    116.73
97033   97516   5.33    81.78
97040   96816   9.17    69.55
97041   96349   10.62   117.25
97041   97288   7.64    71.70
97043   97293   6.50    121.79
97049   97438   8.67    65.03
97049   96943   0.00    49.62
97064   96883   0.00    52.72
97073   96668   5.50    87.33
97073   97146   11.50   18.56
97082   97442   11.50   59.12
97085   97040   10.00   19.14
97085   97187   1.67    21.84
97086   97064   0.00    6.29
97086   96458   7.50    109.86
97089   96713   2.00    62.32
97089   97169   13.20   69.04
97093   96903   20.00   29.82
97093   97082   3.00    20.32
97099   97036   3.00    13.84
97102   97595   7.69    91.99
97112   97291   0.00    76.28
97117   96421   8.67    106.50
97117   97099   11.13   70.03
97121   96478   16.23   106.48
97121   97117   10.47   100.08
97137   97187   9.00    16.21
97137   97040   8.67    20.64
97143   97021   0.00    47.92
97143   97012   0.00    25.08
97146   97273   11.50   56.88
97154   96830   0.00    67.86
97164   97215   15.00   7.47
97169   97085   7.40    83.05
97169   96389   10.58   124.79
97180   96904   10.13   88.13
97180   97404   5.20    38.60
97183   96833   0.00    59.34
97183   97352   7.52    82.46
97186   96548   9.36    117.64
97187   97281   4.25    64.67
97198   96779   3.00    65.13
97206   97461   9.00    44.51
97215   96815   11.20   76.43
97222   97112   0.00    16.74
97222   96974   10.56   78.34
97234   96842   8.76    59.59
97234   97300   0.00    9.36
97249   96301   9.39    149.66
97252   96752   10.31   80.04
97253   96720   9.55    81.23
97253   97026   8.60    83.92
97255   96516   10.36   129.06
97255   97283   8.33    86.36
97264   97570   9.40    60.18
97273   97511   12.43   132.72
97276   97206   2.00    51.15
97276   97742   10.00   74.24
97281   97553   0.00    48.11
97281   97290   1.00    10.46
97283   97299   13.33   86.37
97288   97018   16.43   118.54
97290   97544   1.00    85.26
97290   97180   6.00    96.92
97291   97430   11.50   101.07
97291   97393   5.43    17.89
97293   97536   14.60   121.94
97295   97684   11.50   103.62
97299   97033   11.50   134.80
97300   97497   0.00    32.55
97302   97234   7.83    9.18
97310   97888   8.13    146.11
97310   96472   10.00   130.59
97320   96772   7.82    85.63
97332   97154   17.51   93.50
97333   96952   0.00    91.74
97340   97481   0.00    25.09
97340   97461   3.00    64.19
97342   97143   7.33    86.37
97342   97012   0.00    84.99
97352   97520   10.45   82.58
97365   96715   10.13   118.29
97367   97086   3.00    80.06
97370   97571   20.00   36.32
97370   97276   0.00    48.44
97386   96999   8.00    113.05
97386   97064   8.67    57.89
97390   97534   15.14   26.29
97393   97222   9.00    85.60
97393   97719   5.33    54.94
97400   97026   11.50   75.65
97402   97959   7.63    83.97
97422   96545   10.82   138.17
97430   97806   0.00    102.77
97433   96854   10.00   89.40
97438   97773   10.73   49.91
97442   97569   11.00   61.41
97442   97655   3.75    33.17
97442   97459   11.92   21.54
97448   97342   11.20   24.69
97448   97193   11.50   52.66
97456   97222   13.25   41.08
97456   97370   13.33   49.33
97459   97093   4.73    60.07
97461   97612   0.00    24.59
97463   97310   3.00    33.62
97465   96844   6.96    129.12
97470   97282   3.00    56.39
97474   97255   5.67    41.26
97481   97390   0.00    50.01
97481   97640   6.50    24.72
97485   96929   6.09    87.73
97485   97346   7.69    72.61
97488   97493   0.00    59.58
97492   97718   0.00    75.98
97492   96995   6.75    78.91
97493   97495   12.69   57.43
97495   98398   3.00    133.36
97495   97497   10.00   62.80
97497   97922   0.00    60.55
97497   97499   10.93   6.09
97499   97302   7.94    32.51
97511   97198   11.50   61.81
97511   97793   9.38    43.86
97516   97762   1.00    35.03
97516   97333   0.00    89.05
97518   97463   8.00    135.96
97520   97962   2.75    63.69
97522   97146   6.50    76.90
97524   97488   9.86    127.96
97534   97438   0.00    47.87
97534   97874   8.67    49.68
97536   97758   3.00    90.76
97536   97183   2.33    66.21
97544   97965   7.83    58.46
97544   97698   2.00    54.11
97546   97288   4.00    79.28
97570   97941   7.00    57.51
97570   97802   20.00   59.27
97571   97700   0.00    49.44
97571   98030   3.00    64.75
97587   96899   13.25   116.79
97593   97099   6.56    85.59
97595   98144   5.23    91.91
97606   97288   6.50    61.88
97612   97791   3.00    24.81
97612   97742   0.00    49.68
97613   97402   0.00    80.16
97613   97401   0.00    37.10
97640   97791   6.50    63.86
97640   97996   11.20   51.25
97648   97711   9.00    23.91
97655   97459   3.00    31.60
97655   97709   0.00    6.15
97662   97386   10.00   51.63
97662   97264   7.25    111.99
97671   97802   3.00    21.67
97684   97847   6.40    73.95
97686   98561   0.00    131.06
97698   97816   11.00   44.79
97698   98556   6.57    129.59
97700   97456   14.33   36.40
97709   98099   7.22    56.22
97711   97773   6.50    25.18
97712   97393   6.11    148.89
97717   98198   8.39    75.60
97717   97866   9.00    67.68
97719   97948   7.57    102.16
97719   98117   12.81   65.37
97726   97041   14.33   120.80
97734   98057   0.00    49.22
97734   98140   0.00    90.44
97739   97299   7.40    66.71
97742   97915   7.25    26.61
97751   97448   0.00    54.46
97751   97613   0.00    38.78
97756   97648   7.29    88.18
97756   98188   7.77    64.29
97758   97962   7.84    90.78
97762   98395   7.25    100.29
97766   97121   8.17    96.54
97766   97767   19.20   68.90
97767   97593   10.29   81.39
97767   97451   0.00    43.63
97770   97739   11.73   59.99
97771   97756   8.17    17.93
97771   97485   6.58    39.97
97773   97813   3.00    22.09
97782   97215   7.50    85.66
97782   97846   20.00   23.44
97791   98128   0.00    51.44
97792   97770   8.67    55.59
97793   97400   15.00   75.49
97793   98036   6.75    34.34
97802   98470   4.00    117.97
97806   98143   0.00    102.45
97813   97874   5.33    25.64
97816   97964   6.40    53.63
97816   98341   6.88    79.59
97820   97474   5.83    54.77
97820   97792   1.00    97.47
97826   97253   10.19   146.44
97826   98363   7.40    80.55
97829   97332   11.50   96.39
97840   97709   7.00    40.59
97844   97470   12.75   88.55
97844   97684   8.86    61.86
97846   97186   11.20   117.64
97846   98049   11.78   53.69
97847   97448   15.80   59.34
97853   97762   6.50    82.06
97854   98095   11.91   109.31
97859   97282   5.40    111.97
97859   97546   8.67    79.28
97866   97320   5.57    85.29
97866   98399   5.80    87.83
97874   97931   5.33    24.64
97888   98217   5.33    51.66
97888   97849   0.00    74.38
97898   97524   0.00    51.69
97898   97901   8.67    59.09
97901   97910   10.29   58.34
97910   97488   5.33    59.86
97915   98231   11.50   49.99
97915   98030   10.00   48.25
97920   97499   7.64    60.20
97922   98004   0.00    11.43
97930   96996   3.88    140.46
97931   97996   9.50    25.74
97941   98716   7.25    143.89
97941   98144   13.25   96.80
97948   98149   6.73    102.07
97953   97522   10.29   76.86
97956   97739   20.00   32.08
97956   97853   8.00    82.06
97959   98281   8.62    53.63
97959   98163   8.67    90.96
97962   98415   7.94    73.37
97964   98099   6.33    53.94
97964   98635   7.08    104.88
97965   98090   10.00   47.93
97965   98394   9.80    67.02
97988   97150   0.00    132.97
97996   98128   9.86    63.93
98004   97920   3.00    11.89
98007   97606   4.89    63.74
98010   97829   14.97   43.34
98018   97782   3.00    33.87
98018   97935   3.00    64.23
98019   98256   6.50    109.57
98019   97792   20.00   33.17
98030   98322   10.00   49.88
98034   97606   13.29   105.28
98036   97826   7.25    70.80
98036   98713   12.84   111.17
98049   97365   9.60    118.29
98049   98167   4.75    32.27
98065   97844   3.00    71.91
98071   98010   1.00    17.68
98082   97859   9.83    59.52
98082   97470   8.67    107.20
98095   97771   9.00    47.48
98099   98720   7.85    100.51
98117   98337   8.50    114.06
98117   98535   14.71   74.12
98128   98176   3.00    23.00
98134   97829   11.21   56.56
98143   98290   0.00    101.73
98143   97536   11.50   99.14
98144   98423   4.64    52.14
98149   98372   8.25    102.25
98161   97465   12.86   129.50
98163   97751   3.00    79.84
98167   98264   13.44   27.68
98176   98231   7.40    26.24
98183   97684   0.00    78.00
98188   98704   2.00    84.20
98188   98448   9.81    44.42
98189   98572   10.00   136.64
98197   97898   11.50   43.61
98197   97840   3.00    116.35
98198   98662   7.40    76.10
98206   98082   10.00   32.04
98206   98065   20.00   47.73
98217   98395   4.70    75.44
98217   99008   11.20   133.63
98226   98143   3.00    12.36
98226   97712   8.85    150.34
98231   98285   6.67    23.62
98256   98299   14.33   30.33
98264   98423   9.89    51.57
98264   97412   10.86   146.43
98278   97766   9.00    75.16
98281   98467   10.00   68.43
98281   98541   4.40    47.98
98285   98322   20.00   24.16
98286   98007   9.78    82.30
98290   98415   3.00    101.76
98299   97820   6.00    74.67
98307   98813   7.57    95.93
98307   98002   5.60    94.51
98314   97463   15.50   125.56
98317   97767   7.25    81.91
98322   98431   11.00   50.82
98336   98442   9.44    48.13
98336   97711   7.12    99.43
98337   98565   11.50   114.06
98341   98556   9.80    76.20
98343   97662   8.44    115.02
98343   98470   8.00    82.48
98348   98134   1.00    50.68
98352   97422   9.50    138.16
98358   98226   13.00   101.30
98363   98750   11.20   78.35
98364   97844   14.33   84.09
98372   98226   0.00    22.57
98381   97493   13.33   130.99
98384   97492   8.00    132.66
98394   99274   10.60   138.90
98394   98492   10.60   48.30
98395   99201   11.50   134.74
98395   98425   5.27    81.90
98398   98926   20.00   85.64
98398   98381   20.00   58.44
98399   97587   8.67    117.95
98401   98034   12.67   105.28
98401   98206   11.82   72.74
98406   98071   0.00    92.32
98408   98540   6.93    64.56
98415   98486   20.00   10.91
98422   98348   0.00    17.87
98423   98520   8.67    17.52
98425   98446   9.00    84.27
98425   99254   7.47    136.92
98428   97726   7.83    120.94
98429   97847   8.00    97.32
98431   98535   5.45    55.82
98431   97700   9.83    114.69
98436   97910   10.90   80.11
98442   98543   3.00    49.92
98442   97813   12.67   99.22
98446   97956   8.67    80.38
98446   98554   8.23    53.79
98448   98095   8.33    56.69
98448   98540   5.63    32.43
98457   98384   11.50   42.65
98457   97518   14.33   141.44
98463   97866   8.00    93.46
98470   98913   8.62    84.56
98486   98692   6.62    34.26
98486   98358   9.53    101.31
98498   98784   0.00    89.54
98505   98206   7.64    85.56
98505   98065   0.00    74.48
98510   98570   8.67    148.08
98515   98695   1.00    92.76
98515   98002   9.43    102.34
98520   98716   3.00    62.16
98520   98799   15.00   51.72
98535   98657   20.00   59.65
98535   99291   8.80    123.15
98540   98640   7.25    32.53
98541   98596   3.00    9.94
98541   98729   13.25   71.91
98543   97931   10.86   99.53
98545   98401   8.67    72.80
98545   98286   9.20    82.30
98554   98664   7.82    56.39
98554   97770   10.50   127.10
98556   99026   4.75    76.40
98560   97883   6.75    103.72
98561   99397   0.00    130.97
98565   98788   8.43    114.11
98567   98674   11.50   29.07
98567   98336   11.00   37.32
98570   98530   0.00    65.95
98572   98752   7.56    63.48
98572   98197   9.20    59.66
98593   98506   0.00    14.74
98596   98631   0.00    5.11
98596   97988   9.42    130.06
98628   98183   7.67    77.83
98628   98429   8.13    54.60
98629   98167   9.00    92.63
98631   99192   8.21    99.34
98631   98465   0.00    61.38
98634   98007   8.50    113.73
98634   98428   1.00    63.04
98635   99307   11.00   104.90
98640   99033   0.00    66.80
98640   98777   6.67    50.01
98644   98560   6.50    56.81
98644   97999   0.00    100.89
98649   98644   8.67    52.13
98649   98004   7.24    101.33
98657   98774   11.17   61.79
98660   98777   10.43   64.94
98662   98593   0.00    39.79
98662   98864   11.00   34.24
98664   98886   7.14    110.04
98664   98019   0.00    107.53
98674   98822   9.00    74.79
98687   98593   0.00    14.50
98692   98765   9.22    128.16
98692   99061   6.86    61.07
98695   98343   20.00   65.10
98704   99242   0.00    84.21
98709   98545   11.50   44.87
98709   99493   5.17    122.63
98713   99233   12.82   107.71
98716   98913   6.50    59.38
98720   99383   10.62   100.51
98728   98134   12.25   123.37
98730   98176   11.79   93.31
98737   98545   5.50    72.85
98737   98634   7.46    139.40
98740   98278   26.50   75.17
98749   98570   4.67    143.40
98750   99088   7.36    146.65
98750   98428   5.33    58.80
98752   97901   15.00   132.36
98752   98929   3.00    63.91
98760   98401   9.00    103.17
98765   98837   2.33    128.17
98774   99016   5.89    131.77
98777   99274   6.40    142.82
98781   99344   20.00   88.98
98781   99363   10.86   109.45
98784   99065   0.00    89.48
98788   98372   13.22   66.81
98788   98942   7.00    87.79
98799   99081   10.27   53.86
98799   99278   13.25   139.06
98803   98049   10.20   140.75
98813   99360   11.75   95.93
98822   98543   9.07    47.74
98823   98317   12.29   81.91
98823   98740   8.45    71.81
98831   97930   4.75    140.48
98837   98873   0.00    39.24
98839   98628   1.67    63.04
98839   98364   3.00    84.11
98864   99091   9.22    36.23
98864   99022   10.50   73.66
98871   98839   3.00    10.78
98871   98505   9.25    112.43
98873   99283   10.92   70.69
98876   98510   9.00    149.29
98886   99126   8.54    109.76
98886   98256   7.80    109.06
98887   98018   4.00    141.54
98887   98803   10.73   23.70
98889   98530   0.00    60.00
98889   99310   9.80    61.53
98894   98749   6.20    78.01
98897   98457   9.00    75.11
98897   99163   0.00    41.27
98905   99115   10.33   79.12
98905   98674   0.00    40.46
98906   98515   3.00    75.09
98913   99109   20.00   56.84
98926   99477   3.00    85.19
98929   99273   6.50    78.53
98929   98436   9.00    80.11
98933   98161   0.00    132.61
98933   98823   12.13   99.60
98937   98384   3.00    90.64
98942   99127   13.00   87.77
98946   98737   3.00    61.54
98980   98709   0.00    80.69
99002   98285   10.79   122.91
99004   98889   7.00    102.84
99008   99851   16.67   133.75
99016   99295   10.89   131.84
99022   99173   14.44   70.02
99022   98463   11.20   93.46
99026   99380   3.00    83.38
99026   99598   7.73    86.56
99055   98822   2.00    38.35
99055   99313   7.14    112.23
99061   99127   8.67    9.47
99075   98314   8.86    125.30
99075   98897   0.00    62.31
99080   98803   11.00   81.84
99080   98629   10.00   92.59
99081   99191   20.00   18.39
99091   100013  8.89    147.51
99091   98933   9.87    115.84
99109   99336   10.25   59.22
99109   98695   11.50   78.02
99115   99055   11.50   9.59
99126   98299   7.80    136.51
99127   99453   8.22    49.92
99137   98871   6.00    72.44
99137   98760   11.50   103.17
99144   100069  5.13    149.44
99144   99126   0.00    2.35
99149   99004   2.67    102.92
99149   98749   0.00    63.43
99158   99061   11.20   139.19
99169   98431   6.84    122.94
99172   98649   7.77    82.86
99173   98399   11.29   122.82
99191   99080   0.00    29.48
99191   99415   2.50    40.79
99192   99761   7.31    98.88
99201   100038  7.11    134.86
99204   98448   6.90    120.45
99204   99242   1.00    18.75
99223   98422   0.00    149.50
99223   99209   30.00   25.69
99226   98352   0.00    138.05
99233   99577   17.56   104.88
99242   99845   5.20    92.67
99242   99427   5.92    91.57
99245   99158   7.00    139.18
99245   98837   0.00    62.36
99254   100109  10.38   136.92
99263   98406   0.00    136.15
99263   99223   20.00   53.57
99273   98381   15.00   140.00
99274   99534   5.50    54.26
99276   99245   0.00    4.66
99278   99336   19.50   139.93
99279   98980   5.33    80.69
99279   99137   3.00    71.67
99283   99844   1.86    85.66
99283   99276   4.67    67.10
99285   98781   7.25    120.93
99291   100058  11.00   123.22
99295   98788   14.33   78.11
99295   99444   7.72    77.75
99299   98728   11.50   122.57
99299   99684   13.20   66.26
99307   99977   14.17   104.87
99310   99263   11.50   56.41
99313   98730   9.82    93.34
99316   98774   3.38    86.69
99322   99781   8.86    100.48
99322   98664   2.50    106.26
99336   98906   1.00    75.05
99337   99065   0.00    87.88
99338   99149   11.00   136.75
99338   98894   7.80    81.29
99342   99310   0.00    34.39
99344   99899   8.67    89.12
99358   99337   6.43    88.84
99358   99477   7.80    56.81
99358   99273   0.00    11.08
99359   98446   12.88   149.31
99359   99469   6.50    55.26
99360   99993   7.36    116.80
99363   100076  7.25    111.80
99367   100160  2.83    125.52
99367   99342   10.13   25.88
99368   98740   9.41    95.24
99380   99929   6.50    86.56
99383   100030  10.75   100.51
99397   100210  11.50   130.49
99404   99367   9.29    59.20
99404   100190  2.50    122.88
99407   98657   11.30   123.26
99415   99740   10.32   56.39
99423   99279   8.44    39.11
99427   99115   6.50    50.52
99427   99675   6.90    111.50
99440   99368   8.13    102.06
99442   99081   14.33   103.14
99444   99615   9.14    80.58
99453   99615   0.00    24.54
99461   98737   13.25   122.82
99469   99322   13.25   74.00
99477   99709   9.05    111.78
99493   99823   9.80    115.68
99498   98993   4.00    75.39
99498   98876   9.17    151.19
99499   98946   7.80    88.50
99508   98887   7.00    91.12
99534   99598   4.00    14.16
99534   99846   15.00   73.49
99552   98937   0.00    90.68
99553   99453   12.71   144.36
99554   99191   7.83    98.02
99571   99204   4.09    55.70
99572   100135  10.60   97.68
99572   98946   12.27   95.39
99574   99404   5.80    83.38
99574   99149   3.00    65.93
99574   99584   20.00   6.47
99577   99962   10.55   78.36
99577   99088   11.00   92.58
99584   99624   6.40    35.73
99585   100036  12.19   69.47
99598   99972   5.41    67.14
99606   98886   6.50    113.95
99606   99656   1.67    12.68
99615   99852   4.83    36.30
99621   99175   1.00    115.04
99624   99732   3.00    92.59
99639   98871   9.00    124.61
99641   99022   7.25    94.88
99644   99276   0.00    55.37
99644   99553   9.83    144.37
99656   99879   0.00    35.97
99675   99783   5.22    50.76
99675   99313   3.60    59.14
99685   99338   13.25   90.34
99685   99498   20.00   67.76
99694   99571   10.91   112.02
99694   99406   0.00    43.28
99698   99664   7.17    96.38
99709   99172   9.00    82.68
99716   99423   6.79    64.52
99716   100269  11.00   91.98
99729   99144   4.18    92.44
99732   99785   5.90    39.16
99732   99915   20.00   45.94
99738   99360   9.53    108.94
99740   99834   2.33    17.81
99740   100004  11.50   76.28
99761   100273  5.60    88.48
99761   98831   3.50    140.47
99762   100032  9.80    77.79
99762   99709   7.25    7.98
99766   99584   12.71   39.40
99766   99624   0.00    22.61
99773   99299   14.33   130.17
99781   99606   3.00    49.92
99783   99002   6.00    122.98
99783   99934   7.69    74.15
99785   99685   6.67    49.97
99802   99442   0.00    103.14
99804   99173   8.67    98.69
99806   99415   12.31   110.35
99809   99498   11.29   82.24
99815   99359   9.87    75.78
99834   100065  8.35    43.03
99844   100359  3.00    85.48
99845   100400  0.00    92.67
99846   100158  2.50    74.11
99846   99694   12.33   125.01
99849   99440   12.44   105.87
99850   99316   9.30    86.71
99850   100084  10.55   121.43
99851   100620  3.00    133.69
99852   100224  5.52    61.47
99874   99854   8.27    85.69
99879   100057  8.00    50.56
99879   100069  11.00   86.32
99886   99554   3.00    97.92
99892   100005  0.00    19.86
99915   100334  8.21    113.21
99915   99785   3.00    20.54
99918   99322   8.17    97.98
99929   99977   0.00    53.09
99929   99972   20.00   6.44
99931   99075   13.00   135.02
99934   100058  3.00    58.68
99934   99169   7.33    122.93
99935   99295   8.64    100.33
99948   99852   7.56    147.35
99962   100234  14.50   76.92
99964   99342   8.00    130.70
99972   100340  6.85    65.55
99977   100030  3.00    52.94
99993   100589  8.71    116.89
99994   99572   8.13    95.64
100004  100050  0.00    75.58
100005  99621   11.50   114.93
100013  100577  9.38    99.49
100027  99886   4.50    24.97
100027  99806   17.14   110.54
100030  100090  20.00   73.67
100031  99461   6.78    120.07
100031  99499   6.75    88.72
100032  100292  5.33    77.99
100036  100526  10.75   86.01
100038  100831  2.25    134.84
100052  99644   8.33    62.33
100052  99948   6.50    147.35
100057  99781   0.00    49.81
100058  100161  1.67    60.12
100058  100846  5.20    132.79
100065  99508   7.93    90.52
100067  99574   4.11    75.57
100069  100214  7.67    79.03
100069  100479  8.50    75.53
100076  100743  12.29   111.88
100084  100295  4.80    121.46
100087  99854   18.05   80.05
100089  99285   6.09    125.44
100090  100148  11.50   80.30
100097  99874   8.31    86.82
100097  99964   9.45    125.78
100104  99444   8.17    101.29
100109  100257  7.83    78.68
100109  100333  0.00    42.07
100116  99226   0.00    137.73
100117  99423   7.56    107.19
100135  100527  4.25    95.62
100148  100204  4.25    80.29
100156  99762   6.00    65.11
100156  100036  6.50    63.41
100158  100600  11.18   76.83
100161  100284  7.29    61.82
100161  99407   8.80    123.27
100179  99809   7.25    100.42
100189  99766   5.00    114.98
100190  100969  10.00   122.88
100194  99641   9.82    94.48
100194  100013  15.00   77.16
100204  99698   2.00    99.85
100210  101001  2.00    130.47
100214  100271  12.00   30.21
100215  99994   6.87    93.62
100224  100480  12.43   46.10
100227  99773   11.50   130.24
100234  100031  0.00    36.79
100234  100527  10.82   131.18
100241  100859  8.14    101.47
100241  100065  7.92    50.13
100243  99685   13.37   149.81
100246  100097  0.00    46.30
100257  100361  7.50    56.18
100257  99815   11.36   75.82
100260  99675   6.80    99.42
100260  100498  7.67    125.58
100267  100156  8.44    19.85
100267  100385  0.00    33.72
100269  100840  11.00   91.98
100271  99729   6.71    92.40
100273  99368   8.23    148.28
100273  100320  11.00   8.39
100284  100463  6.00    105.68
100284  99850   3.50    73.56
100292  100704  10.00   115.95
100295  100524  2.60    121.58
100298  99834   20.00   142.37
100299  100052  2.00    44.13
100301  100271  0.00    5.27
100314  100224  6.50    134.30
100320  100252  0.00    58.67
100320  100698  7.10    60.81
100331  100087  3.00    92.61
100334  100758  3.00    113.20
100340  101091  5.33    121.48
100359  100299  0.00    63.72
100359  100615  0.00    49.43
100361  99469   6.56    150.00
100361  100468  6.63    56.08
100366  100194  11.21   72.37
100366  99804   8.60    97.97
100397  100712  6.69    82.61
100399  100314  2.50    134.29
100399  100299  3.00    18.25
100400  100701  0.00    121.27
100400  100636  0.00    38.42
100401  99639   10.44   125.77
100405  99841   6.50    92.87
100411  100400  3.00    19.90
100411  99571   6.59    136.08
100449  100411  8.80    51.94
100449  100489  0.00    7.13
100455  99866   6.69    117.04
100463  100628  7.57    86.17
100464  100246  3.00    67.72
100467  100471  11.00   20.81
100467  99849   7.79    109.52
100468  100706  6.60    109.54
100468  99918   10.82   97.94
100471  100849  9.27    91.62
100471  100477  0.00    3.96
100477  100639  16.00   57.02
100478  100900  10.22   109.83
100478  100267  11.00   37.01
100479  100958  9.79    75.53
100480  100700  11.23   70.84
100480  100573  10.00   14.67
100489  101039  0.00    88.18
100498  99934   6.77    99.39
100517  100449  3.75    64.15
100524  99935   8.96    100.39
100526  101043  5.17    85.66
100527  100632  9.72    57.04
100530  100805  3.00    125.25
100530  100260  7.25    47.54
100547  100179  9.83    100.42
100557  100445  0.00    34.71
100558  100067  6.47    142.45
100559  100557  0.00    1.79
100573  100920  4.83    61.22
100577  100661  0.00    15.01
100582  100559  0.00    6.05
100582  100090  8.73    83.93
100586  101324  11.80   115.60
100586  100517  11.50   52.39
100589  101211  7.25    114.56
100590  100331  9.42    92.61
100590  101155  7.25    101.16
100591  100984  9.69    94.65
100593  100227  12.33   129.27
100600  100586  0.00    11.91
100603  100340  0.00    94.68
100614  100189  0.00    114.98
100620  99931   7.11    133.18
100628  101018  9.55    129.01
100628  100814  17.50   81.49
100630  100241  7.69    98.93
100631  100397  8.80    82.45
100631  100089  7.62    122.50
100632  100817  13.63   86.28
100636  101110  10.50   106.27
100636  101334  6.73    108.87
100637  101363  10.25   114.48
100637  100600  0.00    34.72
100639  101092  10.40   79.80
100639  100661  13.20   14.42
100650  100411  3.83    39.15
100650  100636  0.00    19.35
100655  100214  12.50   75.75
100659  100573  10.92   93.46
100661  100666  6.00    6.56
100661  101087  12.56   70.19
100666  100577  12.60   14.08
100666  100841  12.75   66.57
100673  100464  3.00    59.34
100673  100259  3.00    68.24
100698  101554  6.43    135.93
100698  100467  10.77   134.53
100700  100104  8.33    101.13
100700  100896  10.75   64.39
100701  100530  3.00    26.83
100704  100204  8.67    99.80
100704  101119  11.29   116.29
100706  100958  13.88   111.31
100706  100057  9.00    112.35
100708  100067  6.53    106.46
100709  100637  1.00    50.87
100709  101546  10.85   133.23
100712  100698  10.97   6.12
100721  100659  8.67    96.33
100739  100721  0.00    30.44
100739  100748  0.00    8.78
100740  100399  6.00    56.14
100740  100615  0.00    69.01
100742  100590  11.50   47.41
100742  101229  8.50    88.80
100743  100961  6.62    86.60
100743  101318  10.69   90.53
100748  100801  0.00    6.98
100748  100740  0.00    6.45
100752  100284  8.33    79.84
100756  100117  9.83    107.19
100756  100632  12.11   84.68
100758  101194  20.00   113.23
100760  100739  0.00    3.48
100769  100760  0.00    1.75
100780  100769  0.00    1.74
100795  100097  3.00    120.54
100801  100780  0.00    10.51
100801  100923  0.00    19.91
100805  100498  3.00    48.00
100810  100243  8.67    149.84
100814  100993  9.80    89.55
100816  100721  0.00    15.86
100816  100769  9.80    24.43
100817  100906  0.00    51.34
100817  100756  1.00    8.48
100818  100087  3.00    136.95
100826  100027  9.63    146.94
100826  101211  9.57    112.59
100831  100620  8.13    75.10
100833  100701  3.00    21.14
100840  100906  3.00    9.44
100840  100756  16.36   51.65
100841  100997  13.00   64.62
100841  100194  15.89   110.95
100846  101224  8.67    82.92
100846  101036  8.44    58.70
100847  100463  9.50    120.87
100847  100752  3.00    26.57
100849  100988  1.00    40.38
100849  101048  7.64    53.70
100852  100593  12.71   128.02
100859  100943  16.00   61.87
100859  101303  10.36   80.33
100862  100301  6.58    91.92
100896  100993  8.50    40.59
100896  100524  12.40   56.29
100900  101291  9.06    115.09
100900  100292  9.15    115.28
100906  101057  0.00    94.07
100914  100752  20.00   24.82
100914  100847  11.50   28.69
100915  100615  11.50   45.59
100919  100708  5.86    126.50
100920  101254  9.24    60.32
100920  101208  12.22   102.52
100923  100780  0.00    23.08
100943  100950  0.00    3.83
100943  100116  8.67    137.48
100950  100991  0.00    32.64
100958  101573  8.62    103.48
100958  101123  9.18    79.72
100960  101386  0.00    72.65
100960  100852  8.57    49.34
100961  100631  8.67    88.07
100965  100969  7.25    7.15
100969  101009  5.00    63.69
100970  101598  8.39    114.30
100970  100589  8.21    110.74
100973  100708  8.60    41.70
100973  100965  55.00   37.92
100981  100831  13.20   80.15
100983  100833  8.60    74.62
100984  100582  5.83    63.89
100988  100477  9.00    88.92
100988  101163  0.00    48.95
100991  101001  0.00    8.39
100993  101299  8.86    100.99
100994  100405  11.50   92.87
100994  100840  16.25   92.37
100997  100366  12.87   111.11
101001  101043  0.00    42.66
101001  101678  11.00   107.18
101009  100673  9.80    101.88
101012  100246  10.00   128.40
101018  101376  13.15   128.72
101019  100603  0.00    94.88
101036  100161  7.00    148.69
101036  101121  2.00    38.64
101038  100659  9.00    65.93
101038  100816  11.50   83.80
101038  101254  9.80    65.25
101043  101115  0.00    38.67
101043  101277  8.67    38.03
101048  100698  8.31    67.80
101053  100614  16.67   114.97
101057  100994  20.00   11.18
101057  101234  0.00    83.69
101061  100742  5.60    115.00
101069  100709  5.86    115.76
101070  100914  12.75   28.68
101079  100915  0.00    68.86
101080  100805  9.83    47.86
101080  100983  10.33   50.66
101082  100907  0.00    45.25
101085  100852  9.54    58.71
101087  101469  1.73    88.17
101087  101702  8.42    96.01
101088  100973  7.64    19.25
101091  101886  2.33    121.57
101092  101176  0.00    16.29
101096  100455  9.20    117.17
101096  100970  6.22    38.47
101104  101079  11.50   6.79
101104  100923  0.00    32.78
101110  100833  9.55    46.04
101110  101435  11.20   79.62
101111  101070  0.00    4.68
101112  100666  8.33    70.40
101115  101167  9.83    35.60
101115  101274  16.14   39.72
101119  101447  8.67    128.81
101121  101070  8.67    28.12
101123  101184  7.38    31.02
101123  100655  12.13   75.75
101124  100558  7.25    142.76
101124  100919  5.50    126.49
101141  101080  0.00    7.79
101154  100257  8.77    149.35
101154  100981  9.56    80.21
101155  101736  50.00   101.20
101163  101469  3.00    55.20
101167  100478  6.14    108.18
101170  101154  6.11    7.36
101179  101085  3.00    17.29
101184  100301  7.80    147.85
101184  101410  9.58    110.54
101194  100810  3.00    63.27
101196  100401  8.21    125.83
101196  100994  10.88   85.00
101208  101504  8.54    102.51
101209  101047  0.00    24.65
101211  101598  10.08   112.98
101211  101646  11.07   76.91
101220  101179  1.00    7.03
101220  101061  6.67    53.11
101224  101141  3.00    45.06
101225  101318  14.26   47.11
101225  101196  8.44    9.29
101227  100814  8.67    138.40
101229  101751  0.00    88.98
101230  101009  0.00    36.11
101230  101428  0.00    45.46
101234  101196  0.00    5.93
101234  101225  0.00    7.91
101240  101224  3.00    4.64
101240  101902  8.67    106.82
101247  100831  9.38    111.71
101251  100826  7.10    81.13
101251  100630  5.27    102.75
101254  101565  12.60   105.40
101254  101610  9.83    57.04
101264  101104  11.50   56.41
101264  101797  8.33    80.82
101270  100706  9.27    93.65
101270  101209  7.22    29.73
101274  101506  8.71    63.91
101274  101167  3.00    17.03
101291  100704  7.56    112.09
101291  101745  15.50   116.31
101299  101602  9.50    100.83
101303  101251  5.00    82.54
101303  102006  7.76    112.29
101305  101209  0.00    15.50
101318  101434  10.18   94.63
101324  101363  0.00    47.87
101324  101444  10.80   20.32
101325  100464  4.40    141.20
101331  100712  11.31   146.13
101331  101554  11.21   142.50
101334  101994  0.00    107.79
101337  101240  26.50   48.53
101342  101111  0.00    36.20
101342  101121  0.00    40.56
101344  101088  11.20   146.68
101346  101883  7.60    102.59
101346  101110  6.68    37.52
101348  100960  8.33    101.66
101361  100650  5.71    112.92
101363  101494  1.00    20.53
101365  101096  9.29    76.84
101365  100904  10.81   87.51
101366  100997  7.79    64.39
101366  101571  7.59    105.57
101370  101170  9.00    103.66
101370  100468  6.11    147.90
101376  101342  3.00    6.79
101379  100517  3.12    136.87
101410  100862  10.00   91.94
101412  100915  0.00    80.83
101416  101264  9.83    59.40
101428  101885  0.00    70.69
101428  100965  0.00    95.34
101432  101337  6.50    48.33
101434  101331  7.90    94.86
101435  101671  7.25    53.33
101435  100983  8.43    74.74
101436  101230  0.00    90.76
101444  101379  0.00    51.48
101444  101524  6.50    12.46
101447  100984  6.00    75.27
101451  101247  6.04    108.69
101451  101170  3.00    45.36
101457  101082  13.14   85.93
101469  101715  9.14    44.73
101480  101124  6.43    95.38
101494  101587  0.00    12.45
101494  101546  0.00    50.92
101495  101277  11.36   90.55
101495  101274  9.13    35.74
101498  101376  5.46    18.93
101500  101194  3.00    60.82
101500  101053  0.00    114.89
101504  101846  10.73   102.91
101506  101935  8.13    115.46
101506  100900  9.00    116.05
101511  101184  9.25    54.59
101511  101538  9.67    64.75
101513  100795  5.33    120.51
101513  101766  11.50   41.62
101519  101348  13.20   99.24
101524  101587  10.00   47.99
101524  102272  10.30   113.89
101538  101573  7.46    58.87
101538  102035  6.53    77.94
101545  101498  0.00    7.66
101545  101432  0.00    48.25
101546  101733  15.00   26.21
101554  102020  13.69   81.40
101556  101220  10.69   52.32
101556  102243  8.91    103.42
101565  102454  9.86    148.93
101565  101767  13.29   62.06
101571  101657  8.40    42.81
101573  101615  11.04   60.44
101576  100943  0.00    102.52
101577  100818  2.00    136.95
101577  101513  0.00    20.15
101587  102323  14.33   114.05
101591  101663  5.43    98.77
101591  101088  6.63    76.64
101595  101344  13.33   146.67
101598  101997  9.20    113.46
101598  102024  7.87    76.52
101602  101905  10.27   73.16
101609  101370  6.09    107.39
101609  101270  8.83    54.29
101610  102099  6.81    76.99
101610  101416  9.85    63.58
101613  101079  5.50    81.66
101615  101609  5.12    57.80
101615  101696  6.14    11.57
101629  101755  0.00    107.76
101646  102067  8.40    76.86
101652  101591  20.00   8.96
101656  101480  0.00    27.86
101656  101595  3.00    33.64
101657  101410  9.11    37.35
101659  101498  11.06   64.28
101663  101764  3.00    113.14
101671  101902  17.00   54.10
101671  101141  8.17    86.53
101677  101511  12.93   75.51
101678  102310  0.00    106.25
101686  101659  3.00    9.86
101686  101227  10.50   138.73
101696  101734  8.60    105.15
101696  102233  11.58   83.34
101697  101082  9.00    97.97
101702  101750  0.00    6.19
101715  102224  7.30    91.34
101715  101048  6.65    122.20
101728  102022  10.00   47.94
101728  101519  12.67   99.29
101730  101428  10.00   62.51
101730  101230  0.00    81.37
101733  102154  8.86    66.99
101733  101833  9.10    95.08
101734  102239  9.80    85.30
101736  101751  3.00    73.26
101745  101119  1.00    113.95
101745  101875  0.00    39.15
101749  101920  6.38    93.75
101749  101112  9.75    100.59
101750  101990  8.67    41.43
101763  101749  0.00    2.63
101764  101799  6.00    73.17
101764  102080  5.33    51.44
101766  101824  0.00    54.08
101766  101577  0.00    31.42
101767  102008  13.71   82.23
101767  102277  10.75   88.51
101770  101480  7.25    66.25
101770  101656  6.50    67.89
101785  102083  0.00    62.99
101794  101686  7.23    49.61
101797  102311  6.50    80.85
101799  101595  0.00    30.62
101802  102393  9.71    108.72
101804  101447  21.71   99.63
101806  101251  9.50    83.17
101806  102067  6.70    77.21
101824  101012  0.00    128.75
101833  101487  0.00    51.02
101833  101886  7.67    49.87
101842  101457  5.33    85.76
101842  101746  0.00    20.06
101843  101677  9.21    75.57
101843  101657  5.33    29.42
101846  101602  12.50   107.73
101846  102244  9.50    64.10
101864  101556  7.93    104.28
101864  101061  9.29    135.15
101865  101702  20.00   111.83
101865  101715  5.47    27.24
101875  101560  0.00    145.96
101875  102131  5.73    74.48
101882  101728  9.00    83.55
101883  102389  8.28    102.10
101885  101959  0.00    20.22
101885  102331  0.00    80.49
101886  101983  4.00    15.71
101902  102115  12.67   51.32
101905  101921  3.00    6.61
101905  101794  4.80    51.21
101906  101865  3.00    6.71
101910  101370  4.07    84.56
101920  102004  20.00   31.45
101921  102244  8.67    138.87
101921  102247  3.00    53.72
101927  101799  5.92    55.92
101934  101920  5.50    32.09
101934  101112  11.29   128.12
101935  101291  8.26    116.86
101935  102353  13.90   115.71
101943  101934  7.90    48.25
101943  101366  10.32   94.75
101946  101412  20.00   80.86
101946  102137  19.50   69.95
101957  101416  9.00    81.60
101959  102104  0.00    24.91
101959  101652  8.00    69.93
101983  101804  7.63    97.93
101983  102867  8.63    127.24
101988  101663  2.60    50.34
101988  102080  7.48    117.59
101990  102057  7.50    10.37
101990  101906  7.14    34.03
101994  102457  0.00    90.35
101994  102054  0.00    18.09
101997  101365  7.52    112.37
101997  102393  9.68    114.62
102000  101763  8.05    39.98
102000  101990  10.50   7.03
102004  102029  0.00    11.27
102004  102000  0.00    8.80
102006  102882  10.00   125.84
102008  101846  11.50   83.23
102016  101629  0.00    88.51
102016  101730  0.00    45.00
102020  102224  6.40    77.66
102022  102036  0.00    1.79
102024  102447  10.13   76.50
102026  101949  1.00    15.01
102029  102000  0.00    5.27
102029  102057  0.00    9.29
102030  101545  3.00    76.98
102033  101451  5.85    88.70
102035  102545  8.38    78.21
102036  102082  11.50   8.61
102040  101882  11.11   83.55
102040  102394  3.00    56.45
102054  102147  6.00    81.62
102054  101361  8.19    111.88
102057  102077  0.00    12.21
102057  102110  0.00    9.78
102067  102447  9.90    111.30
102069  101495  7.59    89.10
102069  102171  14.33   27.32
102077  102231  9.42    26.44
102077  101906  5.00    32.44
102080  102407  0.00    49.87
102080  102165  11.50   118.89
102082  102127  7.25    6.89
102083  101770  4.75    82.93
102099  102603  6.91    76.53
102104  102934  0.00    123.11
102110  102077  1.67    9.36
102110  102238  4.60    20.47
102115  101337  8.67    125.99
102115  102335  9.75    51.53
102127  102197  0.00    38.81
102127  102500  15.75   57.07
102130  102029  9.80    17.25
102130  102110  0.00    7.26
102131  102605  6.80    124.57
102131  102460  10.00   58.19
102137  101613  3.00    81.71
102137  102311  6.50    61.77
102138  101571  6.48    91.16
102138  101943  7.97    116.01
102139  101927  8.67    140.19
102139  102083  1.00    12.37
102147  102206  7.80    53.81
102153  101659  10.00   81.71
102154  102378  11.29   33.92
102157  102139  0.00    28.49
102165  101927  0.00    38.51
102165  102363  0.00    149.37
102171  101901  0.00    50.81
102171  102356  6.50    49.35
102180  101576  14.33   101.64
102180  102006  9.47    63.71
102189  102200  9.00    37.06
102197  102305  0.00    45.53
102200  102372  4.01    95.84
102206  101379  3.64    127.03
102206  102272  10.00   53.40
102207  101843  6.63    59.64
102207  102138  11.56   43.75
102209  102022  0.00    83.49
102215  101935  8.30    52.80
102224  102231  0.00    4.94
102227  102274  4.93    114.47
102228  102227  0.00    8.76
102228  101325  6.85    141.89
102231  102238  0.00    5.05
102233  102844  8.50    83.36
102238  102625  12.43   58.85
102238  102255  0.00    7.28
102239  102430  5.15    74.43
102243  102727  5.14    69.07
102243  102338  5.50    141.31
102244  102420  6.88    81.43
102244  102595  10.00   54.63
102247  102595  5.71    138.60
102247  102577  8.67    51.57
102248  101842  2.33    79.05
102248  101697  3.00    96.96
102251  101573  6.30    106.35
102255  102130  6.85    18.78
102255  102466  0.00    120.74
102269  102154  3.00    99.11
102272  102323  5.80    47.98
102274  102322  5.50    114.47
102277  102008  10.50   118.52
102278  101864  9.00    98.94
102296  101794  8.77    83.88
102305  102501  10.00   81.96
102310  103029  10.33   109.97
102310  102180  9.93    42.50
102311  102494  9.13    64.02
102312  101988  8.67    49.65
102317  101629  9.38    124.65
102317  102228  12.29   49.73
102322  102370  8.20    114.48
102323  102378  8.00    49.43
102335  102435  7.82    27.36
102335  101432  11.50   144.69
102338  102431  7.55    141.31
102340  102040  9.26    146.56
102353  102574  7.00    57.76
102353  101745  7.06    114.83
102356  102217  0.00    25.71
102356  102573  8.33    54.99
102363  102631  0.00    48.65
102370  102278  6.47    95.93
102371  102778  10.00   53.63
102372  102498  5.38    40.75
102372  101946  3.00    68.84
102376  102207  8.45    96.86
102378  102662  3.71    38.74
102389  102965  8.22    102.17
102393  102423  8.67    11.30
102393  102877  8.94    75.86
102394  102209  0.00    83.43
102407  102312  7.91    120.48
102407  102784  0.00    48.35
102411  102130  5.53    135.22
102414  101997  7.57    76.65
102420  102641  8.50    81.43
102422  102610  8.27    47.90
102422  102016  3.75    73.96
102430  102626  2.33    78.55
102430  101910  5.88    84.68
102431  101989  0.00    82.48
102431  102500  3.77    59.31
102435  102521  4.90    22.97
102441  101652  11.17   129.22
102443  101806  8.68    107.46
102447  102917  8.21    115.28
102447  103042  7.85    95.98
102454  102277  3.00    84.43
102457  103234  6.50    131.50
102460  102826  10.00   57.50
102460  102279  13.25   49.00
102466  102712  0.00    120.72
102480  102942  9.63    108.22
102480  102069  10.65   62.96
102494  101957  10.29   81.57
102494  102698  7.80    62.31
102498  102735  5.96    75.43
102498  102745  0.00    35.19
102500  102847  9.80    46.80
102500  102594  9.83    51.42
102507  102165  0.00    49.83
102507  102407  3.00    118.16
102521  102030  11.00   76.98
102521  102694  7.50    56.20
102525  102457  0.00    16.93
102525  102054  5.90    91.87
102526  102104  0.00    76.18
102532  102147  0.00    84.30
102541  102227  11.50   46.66
102545  102376  6.70    96.86
102545  103005  6.40    63.64
102573  103061  7.33    115.42
102573  102215  8.45    62.82
102574  102826  8.91    56.25
102574  103300  14.33   117.49
102577  102969  11.00   137.89
102577  103013  11.69   63.39
102592  102310  9.36    78.87
102593  102627  6.64    84.00
102593  103242  7.21    88.77
102594  102680  6.46    44.54
102594  102197  0.00    57.47
102595  102830  13.20   81.09
102595  102969  10.50   54.00
102603  102454  9.83    63.72
102603  102698  5.00    12.44
102622  102206  6.50    60.16
102624  102026  7.88    88.86
102625  102632  0.00    6.94
102625  103237  0.00    89.78
102626  102033  11.50   88.65
102626  102932  4.25    76.55
102627  102625  7.72    8.02
102627  102255  0.00    56.73
102631  103043  0.00    74.41
102631  102507  0.00    122.31
102632  102850  9.97    36.95
102641  102857  6.00    79.93
102662  103579  9.20    135.46
102673  102251  7.63    60.86
102673  102545  7.83    57.47
102675  102422  13.20   37.79
102675  102317  2.50    90.31
102676  102312  8.67    51.07
102677  102026  3.00    113.20
102677  102248  3.00    75.41
102680  102305  0.00    52.48
102680  102815  8.76    69.40
102688  102215  11.73   115.91
102688  102353  10.20   54.84
102694  102789  7.14    31.10
102694  102153  15.75   81.71
102695  102741  5.43    105.74
102695  102541  3.00    18.70
102698  103107  9.15    64.20
102705  102411  4.08    134.92
102705  102207  3.73    72.36
102712  102962  8.44    120.82
102727  102859  8.67    18.28
102735  102943  4.50    45.76
102741  102792  0.00    105.74
102743  102593  7.71    88.18
102745  103448  0.00    112.64
102745  102903  0.00    51.66
102778  102662  10.92   72.25
102784  103136  10.00   49.59
102784  102676  7.67    119.86
102789  103673  10.71   142.56
102789  102862  2.00    29.00
102792  102842  9.00    105.74
102800  103134  20.00   48.21
102814  102453  0.00    50.85
102815  103018  6.73    53.98
102815  102501  3.00    42.56
102826  103501  8.78    118.29
102826  103319  8.93    126.99
102829  102251  10.29   124.10
102829  102673  6.67    84.32
102830  103023  6.50    81.09
102833  102525  5.17    76.22
102842  102370  6.19    69.45
102844  102239  5.00    109.63
102847  103272  7.25    59.05
102850  103085  10.71   35.50
102850  102340  10.96   147.81
102856  102844  0.00    3.27
102856  102829  6.50    22.02
102857  103059  10.08   79.93
102859  102617  6.21    107.64
102859  103446  8.00    90.75
102862  102900  5.33    14.23
102862  102296  5.00    83.84
102867  102938  3.00    9.37
102867  102778  0.00    74.60
102869  102180  10.77   105.59
102874  102189  3.44    129.62
102874  102677  11.50   32.78
102877  103344  10.32   75.92
102882  103567  7.07    122.57
102883  102784  0.00    115.77
102886  102705  2.43    98.93
102900  103013  5.67    44.77
102903  102983  0.00    28.99
102903  103607  0.00    112.87
102907  102943  1.00    20.21
102907  102735  7.86    60.21
102917  103344  7.75    115.04
102917  102414  7.95    76.65
102932  103411  8.60    78.78
102934  103098  0.00    25.45
102937  103292  8.00    88.47
102937  102592  8.43    79.17
102937  102480  7.76    60.36
102938  103361  9.42    60.55
102938  102770  8.77    121.04
102942  102573  8.75    57.18
102943  102970  0.00    7.29
102943  103070  0.00    41.55
102950  102907  20.00   16.06
102953  102743  6.44    88.63
102962  103138  6.33    120.42
102965  102435  7.58    91.71
102967  102727  2.33    103.42
102969  103198  14.50   81.09
102969  103375  11.18   61.65
102970  103164  0.00    45.68
102971  102525  9.70    75.11
102971  103409  8.00    64.76
102996  102833  10.38   45.38
102996  102558  7.20    65.95
103004  102800  3.00    118.40
103005  102886  4.57    98.71
103005  103138  2.35    19.54
103013  103038  20.00   8.13
103017  102675  8.86    87.02
103017  102526  0.00    76.53
103023  103250  11.90   79.85
103023  102641  3.00    56.89
103029  103725  5.40    109.94
103030  102541  9.83    120.35
103038  103375  6.78    129.22
103038  103428  5.32    61.50
103042  102443  10.62   104.83
103043  103273  0.00    42.81
103043  102883  0.00    84.57
103049  102676  5.22    50.62
103057  102953  8.44    27.19
103059  103251  8.96    70.46
103061  103300  10.00   58.66
103061  102688  14.33   60.93
103070  102950  3.00    16.25
103070  103094  0.00    15.64
103085  103186  6.13    16.61
103090  103042  11.07   8.45
103094  103141  10.00   21.06
103098  103345  10.00   42.54
103106  103120  3.00    43.92
103106  102695  7.25    55.86
103107  103141  0.00    5.04
103107  102950  7.40    45.57
103111  103057  11.50   17.42
103111  102953  15.40   22.68
103120  103177  6.60    123.99
103127  102814  0.00    120.88
103134  103520  9.93    59.94
103136  103049  10.25   116.96
103138  103360  1.80    146.21
103141  103158  8.37    8.82
103147  103005  3.78    84.26
103150  102815  1.00    47.64
103153  103136  0.00    24.00
103158  103251  1.00    17.70
103158  103107  10.43   9.14
103163  103457  6.77    47.96
103163  103057  1.75    33.51
103164  103094  0.00    25.72
103164  103070  0.00    14.79
103171  103017  2.50    36.23
103171  103475  6.87    55.51
103177  103243  4.25    123.98
103186  103572  8.18    95.14
103186  103237  4.00    15.46
103188  102847  7.10    118.63
103198  103399  15.75   81.09
103227  102624  8.09    87.66
103227  102874  5.07    71.16
103230  102883  0.00    46.85
103230  103153  0.00    96.35
103234  103945  10.00   131.62
103237  103585  20.00   64.28
103237  103260  3.00    7.66
103242  103487  8.39    41.29
103242  103341  6.75    84.88
103243  102842  11.50   62.28
103250  103426  12.71   79.85
103251  103751  7.21    80.22
103251  103980  8.72    123.83
103260  103487  11.21   98.62
103260  102627  11.50   92.67
103261  103243  1.00    34.34
103272  103412  0.00    66.55
103272  103917  4.88    102.64
103273  103230  0.00    54.57
103273  103580  40.00   102.33
103276  102856  6.73    58.01
103276  103147  3.63    84.26
103280  102967  7.00    103.96
103291  103043  0.00    105.21
103292  103715  5.25    112.85
103292  102942  6.47    57.27
103300  103501  7.60    56.04
103305  103261  9.20    67.34
103317  102814  0.00    78.71
103317  103127  0.00    53.88
103319  103606  7.44    125.39
103330  102441  2.33    129.03
103330  103049  9.71    41.63
103341  103046  8.67    87.55
103342  103305  7.25    59.11
103342  102617  7.43    105.11
103344  104218  8.06    122.73
103344  103723  6.66    103.40
103345  103171  1.00    45.68
103351  103632  9.22    78.53
103351  102937  8.26    62.23
103360  103276  0.00    19.45
103360  103404  6.75    122.14
103361  103450  10.33   61.01
103361  103756  8.63    58.75
103375  103575  8.39    81.16
103395  103153  10.00   53.62
103395  103782  10.50   68.09
103399  103600  11.13   79.77
103399  103023  13.22   57.51
103404  103276  8.60    111.90
103404  103571  5.37    127.10
103408  103330  3.00    15.59
103408  103098  10.75   84.45
103409  103488  11.50   13.65
103411  103227  4.13    50.54
103426  103059  13.20   58.90
103428  103810  12.44   58.55
103435  103111  5.17    49.37
103435  103457  12.31   35.90
103446  103573  6.50    55.55
103446  104212  14.33   110.19
103448  103317  0.00    52.97
103450  103284  0.00    27.32
103450  103579  6.26    75.96
103457  103522  8.21    144.91
103458  103435  12.63   5.00
103460  102833  10.82   94.89
103475  103864  7.00    63.46
103475  103030  8.00    120.35
103486  102971  7.41    96.26
103487  103908  7.36    60.87
103487  103586  6.14    104.45
103488  103488  10.86   108.49
103492  103136  3.00    65.84
103493  103134  9.94    123.88
103493  103004  4.67    72.99
103501  104190  11.33   112.71
103501  103953  7.00    117.57
103520  103188  8.77    118.82
103520  103904  5.86    54.83
103522  103163  3.34    144.78
103530  102869  7.57    105.60
103531  103458  3.00    9.06
103536  103921  0.00    54.34
103536  102996  12.31   148.76
103542  103120  7.67    64.54
103542  103562  0.00    111.99
103560  103345  6.92    64.09
103560  104115  9.00    88.79
103562  103625  7.00    111.98
103567  103090  7.81    104.76
103567  103968  7.50    79.36
103571  102959  11.50   91.17
103571  103411  3.55    75.54
103572  103758  0.00    25.19
103573  103783  13.89   86.76
103573  104067  0.00    111.54
103575  103795  9.86    81.16
103579  103608  10.31   16.30
103580  103649  0.00    10.77
103580  103395  0.00    42.97
103600  103818  3.00    79.77
103606  103756  7.47    100.75
103606  104379  10.75   111.50
103608  103536  8.48    105.33
103612  103106  6.45    131.40
103616  103260  3.00    65.56
103625  103243  0.00    66.83
103644  103408  6.44    40.61
103644  103560  7.86    19.56
103649  103924  0.00    48.81
103653  103090  8.78    113.36
103653  102917  7.05    125.86
103673  102900  7.96    118.75
103673  103810  11.50   52.16
103674  103572  5.14    35.99
103690  103653  1.67    8.01
103715  104190  9.31    115.62
103715  103061  13.25   113.87
103725  103901  1.40    27.91
103756  104500  5.30    109.11
103758  103493  7.27    71.56
103780  103428  8.44    131.53
103781  103625  3.00    25.16
103782  103492  0.00    70.04
103782  104120  2.00    55.76
103785  102965  6.53    118.64
103785  104054  3.00    37.83
103795  104011  6.67    79.69
103795  103399  9.13    61.15
103810  104180  9.55    130.77
103810  104229  2.60    59.08
103814  103351  8.00    72.49
103818  103426  9.57    59.37
103836  103446  5.22    122.90
103853  103305  8.00    85.25
103862  103291  0.00    109.08
103864  103612  3.00    66.41
103901  104555  0.00    104.56
103921  104020  1.00    63.88
103921  104911  7.19    142.09
103924  103782  2.00    42.10
103945  103785  0.00    23.63
103945  104054  0.00    19.40
103953  104317  3.00    59.61
103953  104428  12.29   118.95
103958  103690  20.14   79.32
103965  104078  0.00    14.82
103968  104194  8.86    35.87
103991  103261  10.22   112.89
103993  103492  7.25    82.15
103993  103644  8.75    91.61
103994  103280  13.25   110.24
103995  103780  9.25    79.79
104011  104247  8.00    79.66
104019  103542  0.00    127.33
104019  103612  4.00    66.06
104020  104078  0.00    32.88
104020  103598  0.00    59.50
104041  103486  5.68    96.40
104041  103945  6.50    17.56
104042  103814  10.02   85.49
104054  104728  5.00    116.89
104054  104145  0.00    17.01
104059  103542  0.00    71.73
104078  104459  0.00    58.12
104078  104144  11.67   45.35
104144  103460  11.43   94.90
104145  104041  9.04    17.80
104148  104137  8.62    2.26
104180  104370  14.33   79.99
104180  103780  6.40    58.75
104190  104843  14.33   113.34
104190  104622  9.44    116.67
104194  104234  0.00    41.65
104194  104427  20.00   45.08
104204  103608  11.89   81.85
104217  103342  6.78    129.80
104218  105042  9.26    122.73
104221  104198  10.00   2.35
104227  103795  11.00   61.28
104227  103995  9.69    79.79
104229  104582  8.53    59.82
104229  104544  7.64    131.23
104234  103530  11.62   105.61
104247  104391  7.14    69.22
104247  103818  4.67    61.49
104263  104258  10.00   2.49
104277  103916  6.67    58.46
104277  104359  0.00    27.38
104284  103814  5.35    67.69
104284  104450  9.00    80.89
104304  103931  4.75    52.50
104317  104622  21.44   53.77
104317  104767  10.00   118.00
104327  104284  3.00    8.25
104327  104075  3.27    63.53
104359  104478  0.00    30.31
104359  104178  0.00    34.74
104368  104277  10.00   19.70
104368  104042  8.06    86.26
104370  104574  9.83    79.99
104404  104227  11.00   79.63
104406  103673  8.27    111.66
104427  104555  7.33    40.94
104427  104234  0.00    34.44
104428  104670  1.00    56.49
104428  104767  1.00    54.42
104436  103690  7.75    144.14
104436  103958  6.40    82.70
104450  104604  7.40    80.72
104478  104662  0.00    44.03
104478  104479  0.00    66.19
104482  104145  5.06    65.56
104500  104602  8.05    65.46
104500  105149  3.67    94.12
104504  104327  3.00    28.89
104504  105062  7.59    143.49
104544  104779  7.88    79.72
104544  104180  11.50   59.08
104555  105071  1.67    81.28
104561  103968  7.16    131.31
104574  104227  8.80    59.28
104574  104807  11.50   79.65
104582  104842  9.55    59.58
104602  104768  9.55    91.06
104604  104368  7.20    40.05
104622  105076  11.00   117.80
104622  105312  6.00    118.09
104624  104404  10.29   79.63
104624  104247  13.00   61.58
104638  104705  9.14    20.96
104638  104482  5.77    25.66
104670  104892  6.50    56.04
104692  104436  7.47    35.12
104705  104482  10.00   29.53
104728  104406  10.00   56.90
104728  105142  10.00   70.41
104756  104406  17.90   51.35
104756  104582  3.00    51.83
104767  105076  20.00   57.82
104768  104204  9.00    81.87
104768  104875  7.33    72.39
104779  104965  9.80    79.70
104807  105007  10.33   79.65
104842  104953  11.33   46.37
104843  104368  8.71    115.14
104843  105141  7.56    56.07
104855  104555  7.47    73.97
104855  105523  12.38   114.79
104856  104343  10.78   137.00
104856  104504  8.36    50.14
104875  104911  5.60    23.23
104911  105108  8.92    136.17
104935  105158  0.00    66.96
104935  104856  10.00   12.94
104953  105146  12.09   80.00
104953  104544  9.00    61.25
104965  104574  5.14    59.46
104965  105169  11.90   79.48
105007  104624  11.00   59.54
105021  104427  8.00    95.68
105042  104692  6.05    94.16
105042  106046  9.63    136.85
105062  105294  8.88    56.21
105062  104604  10.67   77.92
105068  104855  5.92    59.63
105068  105759  4.67    113.80
105071  105619  1.00    81.28
105076  105324  10.50   56.39
105108  105199  7.28    47.50
105108  104144  10.26   144.84
105141  105628  6.91    114.69
105141  105525  11.00   61.47
105142  105807  3.00    100.03
105144  104756  7.44    101.60
105144  104842  8.90    50.14
105146  105379  4.59    80.00
105149  105215  1.00    8.39
105149  104892  8.33    80.45
105163  104602  6.00    83.60
105169  105393  11.33   79.48
105199  105340  8.19    80.21
105199  105654  0.00    63.03
105215  105357  2.88    18.30
105215  106027  2.60    134.82
105220  105798  2.00    93.25
105260  104638  7.45    100.28
105294  105525  13.63   58.43
105312  104843  7.31    116.47
105312  105628  6.80    54.16
105313  105893  7.45    90.75
105313  105144  7.25    29.77
105316  104935  6.74    57.36
105316  105068  4.00    57.74
105324  104670  20.00   111.59
105324  105547  6.00    56.04
105340  105359  0.00    13.02
105340  104841  0.00    73.30
105357  105762  6.00    61.88
105359  105756  0.00    56.00
105359  105431  8.00    46.20
105379  105587  7.88    79.74
105379  104965  9.38    60.70
105380  105042  8.97    85.18
105416  104692  8.52    103.08
105431  105485  8.80    33.95
105431  106200  7.96    110.42
105453  104561  7.67    136.01
105479  104875  4.75    89.74
105485  104704  7.80    114.91
105485  105596  4.88    61.13
105523  106212  6.68    114.98
105523  105759  9.86    58.18
105525  106215  15.50   116.77
105525  105766  5.82    58.03
105531  105316  8.86    58.56
105547  104892  7.58    112.75
105559  105313  5.46    95.27
105576  105531  9.00    10.67
105576  105178  10.00   66.22
105587  105811  9.64    79.74
105596  105652  6.96    45.96
105596  106372  7.58    113.62
105619  106212  5.33    88.84
105619  106467  20.00   136.77
105628  105997  0.00    61.57
105652  104705  9.61    137.00
105656  105021  2.00    95.79
105700  105656  3.00    29.93
105700  105453  20.00   78.47
105718  105531  0.00    29.76
105759  105998  8.33    58.96
105759  106424  15.00   116.36
105762  105859  10.67   15.41
105762  105163  9.63    83.54
105766  105997  9.83    55.05
105766  106429  0.00    116.75
105767  105576  16.67   46.50
105767  105062  9.72    117.42
105798  105312  8.33    120.00
105798  106450  5.00    115.40
105807  105962  0.00    23.58
105825  105559  4.70    95.25
105847  105453  10.53   66.53
105859  106023  8.80    25.79
105859  106063  9.88    115.66
105862  105108  8.58    103.89
105893  106201  8.36    121.74
105893  106387  7.57    80.72
105913  105260  4.06    100.43
105937  105656  0.00    43.31
105937  105700  3.00    35.14
105962  106112  11.50   25.74
105997  106450  9.86    120.22
105997  106324  8.33    59.31
105998  106417  11.57   115.56
105998  105316  6.67    113.68
106006  105294  8.67    117.23
106006  105767  7.86    57.05
106023  106459  6.32    76.58
106023  106297  0.00    96.05
106027  105357  0.00    134.74
106028  105324  9.80    117.46
106028  105798  6.80    55.60
106063  106116  8.27    39.68
106063  106690  8.50    98.02
106102  105913  8.13    30.63
106112  106435  8.36    55.32
106116  106147  9.00    21.25
106116  105479  7.15    89.74
106147  106640  3.00    76.59
106147  106237  6.73    53.79
106152  105862  9.83    130.65
106153  105416  7.44    103.07
106153  105847  8.88    58.19
106201  106566  7.53    149.44
106201  105825  14.33   59.02
106205  105825  6.67    149.14
106212  106424  12.44   58.01
106212  106853  7.06    116.03
106215  106861  4.83    115.68
106215  106006  10.29   56.93
106228  106028  4.75    55.49
106228  105547  6.00    114.87
106237  106310  0.00    11.03
106237  106316  6.71    51.16
106291  105847  9.30    102.32
106300  105862  8.00    66.66
106310  106310  0.00    78.39
106316  106389  0.00    11.67
106316  106300  9.33    33.08
106324  106762  7.80    119.56
106324  106638  6.50    57.69
106387  106863  21.78   80.67
106417  106630  1.00    57.16
106417  105767  8.67    113.96
106424  107053  11.50   116.45
106424  106635  3.00    57.58
106429  107062  5.00    116.01
106429  106215  6.50    58.18
106435  106702  0.00    41.29
106448  106228  5.42    64.71
106450  106670  9.83    59.28
106450  106762  10.00   58.03
106453  106152  20.00   54.54
106459  107132  9.78    127.30
106459  106700  4.73    43.14
106563  106201  14.33   58.79
106594  106102  9.50    81.45
106630  106006  7.67    115.07
106630  106861  9.00    58.91
106633  105937  7.33    115.97
106635  107052  7.80    115.58
106635  105998  7.53    117.11
106638  107277  5.60    116.34
106638  106429  3.00    57.09
106642  106802  7.80    43.44
106642  106228  7.00    76.41
106670  106028  6.88    115.55
106670  106875  8.27    55.04
106689  106448  7.31    65.51
106690  106916  4.17    143.04
106690  106700  6.50    12.14
106700  107215  10.80   91.78
106700  107187  5.83    89.02
106702  106704  0.00    44.56
106702  106985  0.00    45.07
106704  106594  2.00    14.23
106729  106448  1.00    51.15
106762  107069  10.00   58.25
106802  106982  10.00   50.04
106858  106689  7.87    46.37
106858  106396  0.00    87.19
106859  106638  3.00    57.12
106861  107062  6.25    56.60
106861  107154  0.00    57.60
106863  106956  2.33    18.25
106863  106563  9.00    47.32
106864  106453  11.63   100.94
106875  106642  7.00    40.65
106913  107278  6.90    102.82
106913  106453  6.08    91.01
106916  107044  0.00    22.47
106916  107006  3.00    57.36
106922  107650  11.50   120.75
106928  106563  10.73   149.73
106948  106689  0.00    50.54
106956  107286  10.22   136.17
106956  107433  9.00    80.25
106982  107151  10.00   50.95
106982  107318  0.00    60.09
106985  107100  6.25    19.08
107052  106417  6.89    117.70
107059  106704  0.00    58.38
107059  106985  0.00    54.66
107062  107277  12.43   58.26
107069  107719  9.36    116.78
107069  106859  8.40    61.19
107100  107946  4.40    145.62
107100  106922  4.75    58.47
107132  107144  0.00    2.62
107132  107469  6.50    89.22
107144  106858  6.25    81.84
107144  107599  8.38    78.42
107151  107347  1.00    49.30
107154  107615  9.00    115.50
107154  107488  7.44    58.62
107168  106923  9.25    45.63
107169  106802  0.00    68.34
107187  107803  7.33    90.70
107201  107044  0.00    39.75
107201  107238  6.75    8.92
107215  107634  0.00    89.49
107238  107356  11.50   27.47
107262  106635  7.17    116.28
107263  106864  17.00   101.02
107263  107668  10.50   72.33
107266  106630  3.00    116.75
107277  107615  6.50    57.21
107277  107503  17.50   57.36
107278  107668  10.50   102.82
107279  107238  20.00   12.35
107279  107201  0.00    11.73
107292  107069  4.71    60.32
107292  106670  8.43    115.05
107304  107059  0.00    40.38
107314  106923  7.33    117.54
107347  107599  7.86    63.61
107356  107380  3.00    7.21
107380  106913  7.00    87.84
107380  107520  5.83    43.69
107417  107336  0.00    54.21
107417  107326  0.00    24.57
107469  107803  3.00    89.21
107503  107719  0.00    58.52
107503  106859  11.50   116.30
107504  106875  8.90    114.95
107504  107292  8.91    55.68
107520  108258  10.50   120.39
107520  107701  3.00    60.13
107532  107151  0.00    65.28
107599  108096  7.52    92.25
107615  108019  13.20   115.95
107615  107893  11.00   56.28
107651  107168  6.14    110.48
107668  107934  10.00   82.06
107668  108026  11.50   67.45
107675  107492  0.00    31.56
107675  107586  0.00    25.20
107701  107869  3.00    57.26
107701  108408  3.00    113.07
107706  107052  8.81    116.68
107708  107347  0.00    65.16
107719  108125  7.24    115.34
107719  108019  10.25   57.16
107724  107863  10.00   39.70
107724  107504  10.00   40.38
107744  107263  11.50   112.99
107803  108364  7.40    93.51
107820  107314  7.80    118.16
107855  107279  14.33   111.08
107863  107878  0.00    6.87
107863  108200  0.00    64.44
107869  108555  14.00   107.64
107869  108026  10.80   53.11
107878  107417  0.00    84.27
107878  107987  0.00    30.58
107891  108018  0.00    65.87
107891  107675  0.00    43.78
107934  108233  15.00   82.05
107987  108018  0.00    8.29
107987  108121  0.00    24.68
108018  108197  3.00    52.93
108019  108340  2.00    55.96
108019  108464  11.50   114.87
108026  108330  9.83    94.53
108026  108659  3.00    101.64
108048  108258  14.33   54.12
108048  107356  1.00    112.46
108096  108596  9.60    80.02
108096  108251  3.00    43.92
108097  107651  5.50    110.44
108121  108490  0.00    73.73
108121  108311  0.00    34.00
108125  107724  5.00    76.31
108125  108579  9.83    116.21
108138  107304  0.00    150.61
108190  108429  3.00    37.49
108190  107744  11.00   112.97
108197  108443  7.67    95.61
108197  107891  0.00    56.25
108233  108429  0.00    73.53
108251  108933  12.29   127.77
108251  108455  1.00    47.00
108258  108408  0.00    58.05
108330  108641  11.17   94.53
108364  108439  4.67    24.45
108364  108827  6.70    88.94
108408  108555  0.00    55.11
108408  108939  10.86   83.68
108429  108479  0.00    8.47
108439  108518  20.00   34.49
108439  107855  6.00    111.06
108443  107910  0.00    95.00
108443  108596  6.50    41.74
108455  108632  0.00    48.83
108464  108125  12.60   57.17
108479  108767  1.00    53.80
108479  108233  0.00    65.61
108518  108629  5.73    50.67
108547  108190  6.86    78.87
108555  109078  9.00    82.02
108555  108659  0.00    50.95
108560  108097  11.07   110.28
108560  107820  14.09   122.31
108579  108883  14.71   57.51
108579  108787  7.53    62.23
108596  108933  6.50    52.78
108629  108676  3.00    23.93
108632  108827  3.00    55.24
108632  109342  9.20    136.62
108641  108767  0.00    40.93
108659  108711  0.00    23.85
108659  109181  0.00    81.86
108676  108048  11.50   100.14
108676  108878  9.64    85.93
108767  109033  3.00    79.62
108787  109140  6.53    93.20
108827  109577  4.68    147.11
108878  108939  0.00    24.33
108878  109542  5.83    110.30
108933  109472  9.80    84.87
108939  109078  7.43    55.67
108986  108455  6.50    99.77
109052  108641  0.00    61.32
109052  108905  3.00    50.69
109078  109134  3.00    28.95
109134  109181  8.00    20.36
109140  108933  7.25    57.76
109140  109807  3.00    127.58
109181  109388  11.50   92.03
109256  108787  3.00    83.47
109262  109052  0.00    35.55
109262  109120  0.00    54.28
109285  109262  0.00    5.07
109311  108629  29.50   110.21
109311  109314  12.71   74.01
109314  108518  14.33   136.75
109314  109791  6.00    105.98
109342  110009  3.00    136.48
109388  109617  14.11   108.35
109472  108986  15.00   99.70
109542  110257  10.75   116.41
109542  109311  8.33    110.72
109577  110336  7.91    147.24
109617  109285  20.00   55.50
109617  109857  5.33    108.48
109637  109285  0.00    136.15
109786  109134  8.67    109.93
109786  109542  11.00   109.05
109791  110486  11.50   109.16
110044  109388  4.75    111.33
110044  109786  9.44    111.96
110085  109311  6.80    129.78
110257  111011  10.00   116.41
110287  110044  3.00    108.89
110287  109617  9.92    109.42
110613  109786  8.86    130.68
110758  110664  5.05    59.25
110936  110085  10.30   129.78
110940  110758  0.00    76.37
110940  110044  10.29   137.14
111212  110940  7.25    76.06
111323  110758  10.00   85.61
111465  110613  7.67    130.51
111702  110940  6.67    122.87
81334   81787   6.94    83.58
81787   82265   8.67    83.70
82100   82321   0.00    115.07
82163   82100   0.00    114.12
82265   82163   0.00    72.45
82265   82723   10.29   79.25
82321   82700   0.00    116.51
82394   82723   3.00    59.90
82521   82737   20.00   34.25
82700   82904   0.00    115.77
82700   83068   8.67    67.47
82723   82950   19.88   34.51
82737   82975   11.50   36.96
82745   83068   10.00   111.81
82790   82190   22.22   141.83
82804   82566   0.00    35.67
82804   82737   6.75    62.20
82824   83710   6.70    149.82
82904   83136   0.00    116.55
82950   83549   8.48    120.57
82971   83832   10.69   148.99
82971   83196   0.00    132.34
82975   83166   5.94    33.12
83040   82975   20.00   62.45
83040   82804   11.50   37.04
83065   83136   0.00    146.07
83068   83547   0.00    81.16
83136   83199   0.00    19.27
83166   83386   15.00   36.42
83196   83492   0.00    131.29
83199   83521   0.00    121.62
83224   83040   0.00    34.32
83224   83166   9.08    61.92
83291   82950   6.40    70.08
83323   83381   0.00    94.54
83369   82600   10.27   140.60
83381   83199   0.00    38.15
83386   83521   0.00    21.59
83430   82790   0.00    142.78
83447   83386   11.50   65.45
83447   83224   0.00    36.00
83482   83430   0.00    8.78
83492   83798   0.00    131.74
83521   83600   0.00    13.37
83532   82618   16.44   144.44
83547   83736   0.00    76.66
83549   83843   7.05    104.57
83569   83381   0.00    88.13
83600   83780   3.00    35.59
83600   83655   3.00    73.58
83655   83447   0.00    33.93
83663   83430   0.00    110.45
83695   83575   3.00    26.66
83695   83716   0.00    8.22
83707   83482   0.00    102.49
83710   84617   10.84   150.00
83714   84009   0.00    129.71
83716   83835   0.00    36.45
83716   83901   3.00    34.55
83736   83795   0.00    21.60
83736   83876   0.00    67.82
83741   83785   0.00    10.67
83751   83549   0.00    81.54
83780   83848   2.50    78.43
83780   84009   2.20    40.60
83785   83835   0.00    15.07
83795   84187   0.00    83.84
83798   83856   0.00    11.00
83798   83482   0.00    56.46
83802   83785   3.00    80.46
83832   84731   8.15    148.92
83835   83901   0.00    17.17
83835   84007   0.00    43.30
83843   84403   9.80    108.14
83848   83655   6.50    35.58
83856   84348   8.50    91.69
83859   84111   0.00    44.38
83876   83246   0.00    126.15
83901   84286   0.00    67.88
83941   83695   10.72   65.34
83987   84299   0.00    50.92
83987   84088   1.00    58.90
84007   83850   9.38    77.76
84009   84200   0.00    29.02
84089   84200   3.00    89.16
84095   84111   0.00    14.36
84111   84467   0.00    110.72
84122   83795   0.00    64.14
84149   84424   0.00    46.32
84149   83965   17.38   89.57
84168   84752   0.00    122.23
84178   83856   3.00    125.05
84187   84222   0.00    50.29
84187   84653   10.00   97.80
84200   84338   0.00    22.36
84217   84104   0.00    52.90
84217   83369   10.00   142.65
84238   84539   0.00    68.18
84238   83449   7.40    138.18
84239   83941   7.86    47.17
84253   84698   11.00   76.50
84272   84329   0.00    18.65
84272   84239   0.00    5.74
84286   84007   7.86    47.17
84299   84065   8.50    138.73
84303   84253   0.00    38.74
84303   84755   8.00    76.73
84329   84378   0.00    14.42
84329   84238   11.50   44.53
84338   84548   11.50   38.34
84348   84440   1.67    18.39
84352   84926   9.71    96.04
84356   84785   0.00    119.02
84376   84272   0.00    21.05
84378   84376   0.00    0.35
84379   84089   0.00    91.95
84386   84356   0.00    58.48
84387   84616   3.00    41.43
84389   83532   5.50    143.81
84395   84303   0.00    59.22
84395   84849   3.75    76.56
84403   84951   20.00   108.52
84424   84530   20.00   18.43
84424   84461   11.50   32.58
84430   84299   10.29   88.39
84438   85117   10.00   107.84
84440   85306   6.64    150.62
84444   84395   3.00    38.47
84444   84904   13.20   76.38
84461   84286   5.81    32.64
84467   84877   0.00    111.32
84505   84650   0.00    68.37
84519   83904   0.00    122.40
84530   84430   7.50    88.60
84539   84889   0.00    91.96
84539   84217   0.00    56.70
84539   84666   0.00    20.16
84548   84590   0.00    9.44
84554   85003   0.00    95.69
84590   84734   0.00    25.94
84597   84348   3.00    141.55
84610   84444   20.00   99.13
84617   84702   20.00   13.39
84650   84889   0.00    89.57
84650   84702   0.00    46.90
84653   84816   8.16    33.96
84666   84888   0.00    36.82
84692   84617   3.00    91.14
84698   84616   3.00    56.42
84702   85464   6.50    120.46
84709   84440   0.00    138.49
84730   84905   0.00    45.90
84731   85667   9.74    148.92
84734   85197   0.00    113.11
84734   84965   2.00    39.28
84750   85268   0.00    100.33
84752   84909   0.00    116.64
84755   84698   2.00    38.84
84757   84590   13.20   95.76
84783   84981   3.00    33.16
84785   85112   0.00    117.05
84816   84842   0.00    4.94
84825   84610   20.00   33.80
84825   84899   0.00    49.97
84826   84783   0.00    40.19
84826   85048   20.00   38.15
84835   84354   0.00    81.27
84842   84985   0.00    31.94
84842   84338   12.50   132.62
84849   84755   0.00    58.41
84877   85331   0.00    110.98
84889   85515   10.00   96.55
84889   85158   0.00    75.60
84899   84461   3.00    72.47
84904   84849   0.00    38.35
84905   84413   3.00    98.34
84905   85073   11.00   47.47
84909   85061   0.00    33.69
84909   84653   0.00    64.65
84915   85341   10.82   79.65
84924   84666   0.00    91.35
84926   85134   0.00    31.13
84933   84826   10.00   75.22
84951   85204   9.80    68.27
84965   85379   0.00    102.76
84965   85165   0.00    32.77
84981   84926   0.00    51.64
84981   85244   0.00    41.14
84985   85011   0.00    5.57
84987   84933   0.00    39.61
85003   85309   0.00    92.95
85011   85177   11.69   28.71
85011   84548   2.60    120.86
85037   84951   19.19   71.42
85043   84825   0.00    41.86
85043   84904   6.75    93.53
85048   85182   6.75    75.08
85048   85302   0.00    37.97
85061   84816   5.50    62.23
85061   85260   0.00    36.43
85073   85367   3.00    54.99
85073   85097   20.00   40.48
85080   84519   11.50   120.93
85081   85309   0.00    38.49
85097   85117   5.83    50.96
85097   84413   8.67    123.48
85105   85500   0.00    82.06
85106   85803   11.50   111.42
85108   84987   1.00    75.45
85112   84386   0.00    123.56
85117   85134   5.33    32.65
85134   85437   2.20    47.55
85150   85795   30.00   111.78
85158   85614   3.00    78.94
85165   85454   5.83    45.37
85177   85423   10.00   61.77
85177   85197   11.50   6.00
85182   84933   0.00    38.18
85197   85350   8.60    30.41
85204   85466   0.00    88.06
85204   85500   5.75    59.59
85213   85108   8.00    41.48
85213   85426   1.00    34.47
85223   85717   0.00    147.78
85224   85105   0.00    80.61
85239   84987   1.00    37.34
85239   85361   10.00   76.24
85247   84376   0.00    139.79
85260   84985   0.00    61.93
85260   85423   0.00    34.09
85268   85533   0.00    96.79
85284   84389   13.63   144.21
85302   85244   0.00    37.85
85306   86010   8.67    147.15
85309   85533   0.00    39.96
85331   86109   3.00    144.03
85331   85537   13.20   95.30
85341   85154   15.29   51.34
85350   85379   3.00    6.11
85351   84835   0.00    81.22
85361   85108   10.75   39.24
85367   85380   11.50   11.88
85367   85897   0.00    100.16
85379   85507   0.00    25.37
85380   85412   10.00   45.59
85380   85984   20.00   92.53
85398   85331   6.21    82.39
85398   86008   3.00    111.22
85412   85428   9.57    45.39
85412   85995   11.50   89.15
85419   85182   0.00    38.29
85419   85302   0.00    74.94
85423   85664   3.00    38.55
85426   85471   0.00    27.30
85426   85633   0.00    33.19
85428   85437   18.67   55.07
85437   85680   3.71    39.13
85454   85847   8.32    61.11
85454   85695   5.50    58.27
85461   85521   0.00    123.94
85464   86216   6.35    120.42
85466   85651   20.00   87.54
85471   84899   4.00    92.67
85482   85419   1.00    38.68
85482   85239   0.00    38.87
85494   85617   11.50   36.68
85500   85521   0.00    4.98
85506   85398   7.82    50.59
85507   85551   20.00   9.42
85514   85329   6.75    112.81
85515   86127   9.80    96.46
85521   85813   16.43   48.34
85533   85798   0.00    48.37
85537   85798   3.00    95.78
85551   85165   6.40    92.63
85551   85695   6.50    33.54
85570   85514   0.00    38.19
85593   85506   5.72    95.88
85594   85482   2.00    76.23
85594   85361   26.50   37.90
85602   85707   11.47   19.44
85614   85775   11.50   87.06
85617   86154   5.85    117.21
85633   85594   3.00    41.58
85634   85329   11.00   80.66
85651   85898   0.00    39.20
85651   85593   6.68    40.30
85659   86330   6.00    135.73
85659   86297   6.80    135.94
85664   85691   0.00    3.48
85664   85350   3.00    80.73
85667   85080   0.00    120.69
85680   86380   13.85   119.51
85691   85892   8.67    35.34
85695   85847   7.62    45.85
85695   85985   0.00    69.28
85699   85343   14.53   86.99
85707   85969   8.45    51.92
85736   84965   0.00    144.18
85737   85428   6.75    46.47
85737   85680   10.00   71.24
85759   86001   8.67    40.15
85759   85570   7.86    110.23
85762   85680   2.00    52.45
85772   85934   0.00    59.03
85775   85925   0.00    87.56
85795   86481   10.67   113.22
85798   85837   0.00    15.50
85801   86205   2.00    107.00
85803   86249   11.50   107.61
85813   86675   8.76    143.54
85813   86229   0.00    78.13
85817   85691   3.00    36.59
85817   85507   3.00    72.22
85837   86213   11.50   100.96
85838   85471   14.33   60.19
85847   85976   9.85    19.12
85871   86001   5.50    76.55
85890   85838   0.00    27.64
85892   86092   3.00    37.89
85897   85341   12.25   141.71
85898   85904   0.00    12.49
85898   86376   1.00    81.94
85901   85617   3.00    53.67
85901   85707   7.25    52.46
85904   85772   0.00    22.58
85925   85890   0.00    24.71
85925   86217   0.00    49.77
85934   85904   0.00    60.89
85969   85542   7.85    107.93
85969   86112   3.00    30.73
85984   86631   14.33   105.50
85984   85995   0.00    46.98
85985   85817   10.00   40.95
85985   86124   0.00    34.94
85995   86034   0.00    7.71
85997   85850   6.55    77.22
85997   85514   0.00    75.98
86001   86106   0.00    18.65
86008   86193   0.00    108.51
86010   86675   8.82    147.08
86034   86641   8.89    97.25
86042   86034   0.00    44.52
86042   85737   8.00    49.15
86044   85997   0.00    37.28
86044   85570   20.00   76.28
86063   85667   12.85   78.45
86070   86660   3.00    97.71
86074   86536   0.00    137.80
86091   85593   11.50   84.49
86092   86338   7.25    52.06
86092   86300   0.00    63.63
86101   85699   7.25    87.90
86101   85236   7.67    141.11
86106   86141   0.00    20.88
86106   86206   10.31   20.00
86109   86605   0.00    106.65
86112   86205   10.08   20.02
86112   86317   6.50    55.28
86124   85892   0.00    64.07
86124   86300   3.00    37.67
86127   86161   0.00    52.15
86127   86811   0.00    112.51
86141   85838   3.00    48.68
86154   86700   2.71    117.82
86161   86828   4.67    109.72
86161   86192   3.00    62.31
86169   86420   0.00    81.08
86174   85901   6.14    53.94
86174   85969   11.50   53.75
86178   86873   0.00    145.84
86192   86204   0.00    38.04
86193   86109   0.00    36.91
86204   86886   0.00    111.07
86204   86217   0.00    71.79
86205   86758   6.97    125.40
86206   86044   7.21    110.95
86213   86338   0.00    27.34
86216   86951   9.30    120.63
86217   86238   0.00    33.78
86217   86913   0.00    111.86
86229   86653   0.00    78.13
86234   86063   20.00   133.15
86238   86248   0.00    30.04
86238   85890   0.00    59.17
86248   86141   0.00    19.99
86249   86458   10.00   104.32
86297   86960   11.78   136.45
86300   86693   5.33    73.55
86303   85506   0.00    137.30
86317   86174   0.00    31.74
86330   86963   11.00   135.33
86338   86390   4.75    9.72
86346   86063   17.50   112.05
86374   86723   7.43    63.55
86376   86827   0.00    80.99
86380   87070   8.88    119.51
86382   86234   0.00    133.01
86390   86556   0.00    32.54
86414   86091   0.00    81.98
86420   86827   0.00    83.36
86440   85837   7.25    110.69
86440   86213   0.00    63.19
86458   85897   5.75    99.73
86478   86193   0.00    60.69
86481   87093   11.50   111.92
86482   86663   9.80    123.93
86487   85901   10.00   134.14
86536   86382   0.00    133.01
86553   86166   0.00    68.81
86556   86693   5.50    28.00
86605   87226   0.00    109.45
86617   86440   3.00    35.04
86617   86390   0.00    64.31
86631   86638   0.00    5.96
86638   86458   6.33    30.66
86641   86631   10.00   47.35
86652   86042   11.00   98.27
86652   86641   0.00    44.30
86653   86660   0.00    3.93
86660   86837   11.00   83.10
86661   86468   15.00   50.86
86663   87016   10.00   124.01
86675   86952   0.00    65.11
86692   87279   0.00    105.52
86693   86738   0.00    8.82
86695   87258   0.00    119.91
86697   86652   14.33   28.06
86697   86806   0.00    19.31
86700   87173   5.43    109.29
86700   86487   2.00    133.37
86723   87243   10.70   95.06
86723   86814   0.00    86.00
86728   86101   10.75   134.80
86738   86921   0.00    35.31
86758   87424   5.54    114.58
86758   86903   5.45    82.52
86792   86556   4.75    64.95
86792   86617   10.00   34.46
86806   87210   2.33    72.19
86811   87107   0.00    51.72
86814   86738   3.00    79.70
86814   86921   12.29   60.78
86827   86995   0.00    33.19
86828   86811   0.00    39.62
86837   86909   3.00    41.59
86837   87332   0.00    88.37
86838   86638   11.00   36.14
86839   86346   10.00   115.00
86842   86661   0.00    50.15
86842   87498   5.60    138.49
86862   86192   0.00    109.15
86862   86886   0.00    36.31
86862   86828   0.00    62.26
86873   86842   0.00    9.90
86878   86248   7.25    106.65
86881   86974   10.30   83.77
86886   86913   0.00    70.60
86894   86317   8.67    121.23
86903   86960   6.00    82.02
86913   87125   0.00    37.04
86921   87143   0.00    68.41
86933   87186   0.00    53.61
86950   86738   3.00    65.77
86950   86792   7.67    35.49
86951   87560   12.84   106.21
86952   87746   12.56   149.09
86952   86653   0.00    93.07
86960   86963   0.00    1.10
86963   86993   0.00    33.08
86973   86962   0.00    41.38
86974   86468   5.20    103.79
86976   87527   4.25    114.31
86976   86873   2.50    39.55
86993   86976   2.00    57.22
86993   87114   7.10    20.79
86995   87231   0.00    43.52
87016   87365   9.10    123.94
87031   86995   15.33   34.15
87031   87231   12.11   35.27
87033   86482   13.20   126.88
87033   86839   20.00   111.22
87041   86838   0.00    42.43
87059   87044   12.95   123.20
87068   87059   16.31   123.20
87070   86806   15.00   142.28
87070   87355   9.17    50.19
87077   86951   0.00    66.61
87093   87717   14.83   118.27
87093   87175   11.86   123.33
87096   86661   0.00    92.69
87106   87143   8.90    77.00
87108   87125   0.00    107.94
87108   86862   0.00    43.03
87114   87467   3.43    59.25
87143   87145   0.00    2.15
87145   86950   20.00   36.36
87145   87218   1.00    93.11
87173   87647   7.89    108.93
87175   87068   11.25   123.56
87186   87444   0.00    43.77
87196   87186   0.00    118.46
87204   87031   10.50   116.23
87204   86844   0.00    96.87
87210   86838   11.90   107.85
87213   86881   1.00    84.38
87213   86974   0.00    49.67
87218   87226   0.00    21.42
87226   87279   14.33   80.10
87231   87609   8.67    69.46
87232   86831   7.50    70.22
87243   87801   10.50   103.03
87243   87515   12.50   93.47
87258   87204   7.06    67.33
87271   87258   0.00    26.14
87271   87369   0.00    28.56
87279   87271   3.00    39.63
87310   87041   9.00    63.05
87310   86728   10.00   134.69
87327   87218   0.00    30.26
87330   87243   13.20   68.68
87330   87943   11.20   114.65
87332   87822   0.00    88.37
87345   87232   9.52    21.23
87355   87479   1.00    133.61
87355   87588   4.25    42.03
87365   87717   0.00    123.88
87367   87210   10.38   84.11
87389   87557   10.18   136.18
87402   87330   8.95    73.77
87420   87213   0.00    45.02
87424   88074   4.20    114.58
87436   87327   0.00    96.31
87467   87954   7.10    86.31
87479   86878   9.44    106.65
87495   87196   0.00    121.97
87498   87096   0.00    91.95
87508   87658   12.02   85.47
87515   87345   3.00    33.80
87527   87498   0.00    74.97
87529   87033   11.00   118.40
87547   87367   8.57    93.14
87547   87041   8.20    129.78
87547   87788   9.18    104.35
87551   87560   8.10    83.89
87557   87551   2.00    12.92
87560   87579   11.28   115.91
87579   87594   10.96   115.91
87588   87367   12.92   113.82
87594   87641   9.92    115.94
87595   87420   10.50   50.49
87597   87662   0.00    113.03
87597   87369   0.00    140.48
87600   87327   0.00    60.03
87608   87114   6.50    139.03
87609   87662   0.00    11.72
87641   87648   3.00    7.84
87647   87986   8.27    107.35
87648   87727   10.35   140.51
87658   88067   7.50    89.20
87662   87916   3.00    112.75
87677   87877   0.00    38.81
87717   88205   11.50   122.54
87727   87588   9.55    110.09
87727   87479   8.08    42.02
87734   88114   9.13    110.79
87746   88201   13.50   138.64
87762   87515   11.11   44.76
87780   87595   20.00   51.63
87788   87965   8.92    103.95
87801   87762   11.83   20.19
87822   87746   3.63    55.28
87828   87801   0.00    15.44
87840   88228   9.92    114.20
87840   88322   8.67    101.41
87841   87981   11.29   122.50
87841   88261   20.00   70.73
87847   87310   20.00   149.25
87847   87547   9.47    60.31
87876   87847   6.00    6.56
87877   87822   7.17    59.98
87878   87841   8.25    148.59
87892   88322   10.29   110.85
87892   87916   7.58    78.43
87896   87981   0.00    36.73
87916   87877   0.00    29.56
87917   87467   2.33    130.20
87931   87780   3.00    49.53
87938   87762   0.00    36.14
87943   87828   1.00    58.33
87952   87876   0.00    14.17
87954   87527   0.00    129.05
87954   88241   7.07    46.74
87955   87847   0.00    42.88
87955   87987   0.00    101.13
87965   88432   11.10   107.52
87981   88031   0.00    10.54
87986   87952   0.00    6.22
87986   88003   0.00    4.95
87987   88402   0.00    144.88
88000   87943   0.00    72.87
88002   87529   12.80   118.24
88002   88764   11.42   148.32
88003   88118   9.80    45.57
88013   87420   0.00    138.27
88013   87595   0.00    91.92
88031   88378   6.50    55.67
88049   88378   0.00    54.80
88061   88379   11.36   136.13
88067   88320   9.50    71.82
88074   87608   6.50    139.00
88074   88400   10.00   63.82
88090   88511   10.11   137.25
88098   87931   0.00    48.80
88114   88563   9.40    110.71
88114   88652   14.33   107.57
88118   88376   12.20   113.45
88127   87955   1.00    83.90
88127   87987   0.00    25.12
88181   87878   10.29   80.69
88185   88301   0.00    123.75
88197   88013   0.00    51.26
88197   87780   5.33    90.65
88201   88061   10.59   134.81
88205   88935   9.80    126.73
88226   88000   7.25    87.23
88228   87734   9.80    110.13
88228   88652   9.82    111.73
88241   88286   0.00    31.71
88247   87736   0.00    122.73
88261   88181   3.00    78.08
88286   88098   0.00    50.29
88286   88747   9.44    91.93
88301   88852   3.00    123.84
88320   88723   8.80    139.73
88320   88907   10.75   129.61
88322   88739   4.85    108.95
88322   88833   0.00    110.65
88344   88749   0.00    128.61
88348   88261   9.91    90.48
88376   88609   11.17   113.39
88378   88911   11.45   96.59
88378   88348   9.20    44.30
88379   88603   12.36   136.61
88397   87931   10.00   91.31
88397   88197   0.00    49.98
88400   88911   0.00    134.17
88400   87917   7.00    129.95
88402   88127   3.00    121.13
88418   88722   6.00    62.57
88418   88003   13.20   68.84
88430   88833   12.67   115.24
88432   88402   0.00    19.42
88437   88597   0.00    34.81
88437   88185   0.00    48.51
88511   88002   11.02   139.58
88518   87938   10.00   94.46
88538   88418   4.40    47.50
88563   88671   6.50    28.96
88563   89020   3.00    108.80
88578   88397   0.00    50.02
88578   88098   11.50   91.80
88579   88518   0.00    9.94
88597   88928   0.00    107.26
88597   89083   0.00    125.40
88603   88090   12.22   138.24
88609   88819   11.93   113.41
88615   88882   0.00    46.86
88615   88629   6.42    63.89
88627   88118   12.09   83.16
88627   88765   20.00   83.73
88629   88905   0.00    50.15
88651   88437   0.00    106.26
88651   88928   0.00    58.51
88652   89020   14.33   108.48
88652   89119   8.08    108.41
88671   88226   11.50   90.13
88704   88651   0.00    27.65
88722   88627   3.00    17.80
88723   88348   7.64    136.02
88723   88796   0.00    95.81
88739   89119   9.00    113.79
88739   88228   13.25   105.38
88747   88578   8.67    49.48
88747   88767   0.00    6.81
88749   89385   0.00    134.04
88764   89572   11.50   150.69
88765   88936   9.80    83.97
88772   88722   0.00    9.81
88772   88898   0.00    43.12
88778   89043   1.00    104.46
88778   88579   9.80    35.10
88796   89231   0.00    101.41
88805   88247   11.50   123.03
88817   88241   0.00    109.32
88819   89221   8.32    116.10
88833   89316   8.86    108.33
88833   89212   9.86    109.70
88835   88921   0.00    17.21
88844   88185   20.00   147.11
88852   89356   0.00    123.76
88860   88538   15.00   82.59
88863   89224   3.00    75.62
88863   88977   3.00    49.00
88865   89316   9.44    129.31
88878   88482   7.76    140.07
88882   89165   6.00    53.19
88882   88905   0.00    68.80
88892   89066   8.67    86.35
88898   88538   0.00    71.23
88898   88860   26.50   82.12
88905   89196   10.50   53.13
88907   89127   6.50    124.41
88911   89014   11.00   25.91
88921   89083   0.00    116.49
88926   89438   0.00    128.98
88928   89153   0.00    48.29
88935   89607   6.75    127.21
88936   89057   10.21   78.28
88977   89121   10.00   49.17
88977   89359   10.00   80.08
88979   88878   11.00   102.72
89000   88936   0.00    96.77
89014   89560   9.83    123.88
89014   89047   10.22   111.21
89020   89209   5.14    49.53
89020   89502   20.00   110.85
89028   88979   10.29   102.45
89041   89422   0.00    123.02
89041   88926   0.00    126.71
89043   88649   0.00    106.22
89047   89408   11.11   83.78
89047   89066   13.95   36.34
89055   88704   0.00    108.98
89057   89311   11.50   79.45
89066   89188   7.86    129.10
89073   89028   8.67    102.47
89083   89523   0.00    91.48
89119   89596   5.00    110.24
89119   89502   6.00    107.16
89121   89281   3.00    48.47
89121   89496   7.00    79.77
89127   89231   10.00   69.31
89131   89073   5.00    102.47
89131   89877   7.00    136.35
89153   88921   0.00    78.72
89153   89551   0.00    90.44
89162   89224   2.50    94.50
89162   88772   9.00    75.55
89165   89131   7.88    87.67
89171   88878   11.50   62.24
89188   89055   10.00   106.73
89188   88892   0.00    89.00
89196   89165   5.86    69.50
89209   88671   9.35    110.69
89212   88739   11.00   109.93
89212   89596   12.71   115.08
89220   89356   0.00    51.22
89220   88805   7.81    121.47
89221   89745   8.66    128.50
89221   89906   6.85    144.76
89224   89359   6.75    49.47
89231   89460   0.00    88.06
89233   89390   0.00    33.39
89233   89000   11.00   97.70
89239   89196   11.79   100.76
89275   89162   0.00    17.93
89275   89233   0.00    14.64
89277   89150   0.00    76.64
89281   89410   10.50   54.52
89311   89436   7.18    36.85
89316   89669   6.73    109.43
89316   89754   5.00    108.98
89337   89754   7.35    116.64
89356   89707   0.00    85.85
89356   89489   0.00    49.72
89359   89496   13.20   48.97
89374   89897   26.60   135.40
89383   89127   3.00    72.86
89383   89696   8.83    120.75
89385   89798   0.00    106.22
89385   89867   0.00    135.63
89390   89277   0.00    76.88
89390   89693   1.00    55.46
89408   89715   11.50   82.79
89410   89383   7.25    8.41
89422   89806   1.00    123.02
89429   88704   11.50   149.29
89436   89666   6.95    75.99
89436   89745   7.60    60.90
89438   89935   0.00    128.21
89441   88844   10.00   147.22
89460   89560   11.50   86.52
89484   89311   6.79    142.05
89484   89850   0.00    72.52
89489   89441   0.00    11.63
89496   89567   0.00    26.93
89500   88778   2.50    134.75
89502   89977   8.57    106.94
89502   89761   8.25    70.51
89522   89555   20.00   91.74
89536   89281   3.00    60.17
89536   89410   4.79    82.01
89547   89028   20.00   94.71
89549   89220   0.00    84.06
89551   90007   0.00    91.37
89555   89593   11.20   91.74
89556   89441   3.00    39.05
89560   89895   11.00   81.94
89567   89536   1.00    29.67
89572   90431   12.75   150.63
89590   89484   11.12   84.75
89594   89275   13.33   125.16
89596   90065   6.00    110.22
89596   89977   10.80   108.03
89607   90307   19.00   127.09
89620   89940   0.00    63.88
89639   90436   11.00   139.14
89666   89850   6.50    75.24
89669   90065   8.14    110.60
89669   89212   8.09    109.45
89693   89590   5.83    84.78
89696   89888   1.00    119.66
89707   90063   0.00    85.87
89745   90151   6.98    114.27
89754   89927   6.24    50.65
89761   89209   10.03   115.33
89798   89806   0.00    4.38
89806   90140   0.00    60.26
89824   90200   0.00    70.55
89833   89693   7.18    94.65
89850   89990   8.44    112.01
89850   90249   1.00    72.95
89853   90083   0.00    44.28
89862   89594   0.00    124.20
89862   89567   5.50    74.25
89867   90240   0.00    134.25
89877   90617   9.00    127.70
89877   89934   12.31   141.91
89879   89860   0.00    9.53
89879   90079   0.00    38.75
89888   89895   0.00    118.69
89895   90311   6.84    80.39
89897   90063   0.00    47.79
89897   89549   0.00    84.00
89921   89833   4.67    81.99
89927   90174   11.50   62.81
89927   89719   0.00    51.73
89934   89983   10.71   141.91
89935   90399   0.00    127.37
89940   89879   0.00    17.59
89952   89798   0.00    31.02
89971   89952   0.00    3.58
89977   90396   2.00    112.55
89977   90506   6.40    115.02
89990   90144   6.83    112.01
89995   90079   0.00    49.58
90001   90191   0.00    44.03
90001   89489   0.00    123.25
90003   90006   0.00    17.66
90003   90361   7.25    98.25
90006   90039   11.50   26.07
90007   89940   0.00    26.22
90017   90538   0.00    92.86
90019   89921   10.75   81.99
90019   89862   0.00    30.20
90031   90205   7.67    83.77
90031   89547   36.67   93.53
90039   90058   0.00    12.94
90051   90007   0.00    6.85
90051   90198   0.00    51.38
90058   90103   8.67    138.85
90058   90448   9.33    104.39
90063   90201   0.00    41.59
90065   90577   7.44    111.69
90065   90506   9.80    110.51
90079   90731   14.33   137.82
90080   90083   0.00    3.97
90083   90200   0.00    56.64
90103   90136   11.95   93.57
90136   90523   9.88    86.61
90136   90432   6.46    78.06
90140   90308   0.00    33.05
90143   90277   0.00    52.59
90144   90276   8.48    111.99
90145   90474   0.00    57.05
90151   90249   10.56   82.49
90151   90003   8.79    115.16
90153   89500   12.36   132.25
90174   90577   3.60    110.70
90174   89669   20.00   110.80
90176   90019   8.57    108.60
90177   90499   0.00    119.86
90186   90140   0.00    19.00
90186   89971   0.00    39.66
90191   89556   7.86    145.20
90193   90744   10.00   140.72
90193   90628   0.00    86.01
90198   90711   0.00    106.12
90198   89429   0.00    149.75
90199   90106   0.00    85.25
90200   90558   3.00    63.46
90200   90401   20.00   67.62
90201   90252   0.00    13.34
90201   90220   0.00    6.97
90205   90406   2.33    83.95
90220   90001   0.00    53.57
90239   90031   0.00    40.38
90240   90186   0.00    25.81
90240   90308   0.00    54.19
90249   90355   9.29    78.84
90249   90669   10.75   78.24
90252   90339   0.00    14.92
90276   90455   0.00    110.84
90276   89833   8.67    90.00
90277   89995   0.00    60.25
90307   91012   3.00    127.18
90308   90399   0.00    16.03
90311   90661   13.24   79.28
90314   90459   8.13    98.45
90314   90153   10.05   125.23
90355   90474   8.93    78.84
90361   90603   5.73    96.63
90391   90176   16.80   109.41
90396   89761   10.17   115.44
90399   90430   0.00    4.62
90401   90973   8.00    139.49
90406   91075   0.00    121.87
90412   90660   13.25   48.57
90415   90436   0.00    30.61
90424   90239   0.00    33.93
90424   90722   0.00    148.05
90425   90314   11.85   136.40
90430   90445   0.00    3.17
90431   90472   9.96    145.46
90432   90680   9.83    77.77
90436   90466   0.00    34.06
90436   90895   10.00   83.27
90444   90103   9.18    108.13
90445   90472   0.00    4.32
90448   90916   17.75   106.43
90455   90540   20.00   112.37
90459   90969   11.50   104.55
90472   90820   11.15   144.13
90474   90826   3.00    66.56
90474   90567   7.64    75.28
90491   90239   0.00    122.59
90499   91068   2.00    124.28
90506   90954   8.80    106.78
90506   90889   2.00    112.95
90523   90545   10.00   5.85
90526   90425   11.63   136.40
90535   90972   10.00   114.61
90535   91308   7.25    139.92
90536   90277   0.00    56.03
90538   90628   1.00    59.43
90538   90623   20.00   113.65
90540   90391   3.00    112.63
90543   90837   0.00    58.36
90558   90458   0.00    51.98
90558   91170   8.25    117.31
90563   90051   0.00    108.13
90567   90651   8.29    75.28
90577   91067   0.00    110.62
90577   90754   7.76    55.54
90603   91035   6.00    114.93
90603   90669   11.50   57.19
90617   90817   12.86   120.94
90623   91144   1.67    114.27
90628   90744   0.00    134.59
90649   91067   4.55    109.94
90649   90174   53.25   108.92
90651   90276   15.75   67.61
90651   90800   7.52    107.32
90652   90431   8.96    139.60
90660   90991   50.00   61.11
90661   90718   7.86    11.33
90661   90780   10.22   36.91
90669   90826   9.19    116.28
90680   91377   10.29   151.05
90680   90905   3.00    48.70
90711   91445   0.00    141.24
90711   90563   0.00    58.38
90716   90558   0.00    62.12
90716   90401   0.00    62.71
90718   90834   3.00    85.60
90718   91601   1.67    147.60
90744   91330   11.50   143.86
90754   90954   5.73    54.76
90780   91465   6.50    111.94
90800   90862   6.41    80.39
90800   90455   0.00    64.84
90815   90191   7.25    124.79
90817   90424   10.09   83.78
90820   91143   12.29   146.71
90825   90444   9.00    109.24
90826   91031   10.04   147.83
90832   90780   8.98    99.80
90834   90391   10.53   113.92
90837   90660   0.00    115.50
90837   91172   0.00    61.18
90856   91005   3.00    125.21
90862   90899   5.44    80.28
90871   90754   0.00    27.05
90871   90997   0.00    78.46
90889   90396   10.54   113.69
90894   90652   7.86    139.53
90895   91399   0.00    83.27
90899   90982   6.81    146.65
90916   91408   8.67    129.62
90916   90953   0.00    9.84
90953   91411   10.00   75.57
90953   90825   9.20    106.78
90954   91400   10.85   113.84
90954   91516   7.83    112.04
90969   90999   18.22   7.28
90973   90999   5.33    43.74
90982   90834   12.19   29.60
90989   91612   11.50   102.57
90991   90832   7.90    99.99
90997   91220   0.00    55.94
90999   91202   5.75    63.87
91003   91097   14.33   78.85
91005   90545   9.90    104.91
91012   91795   11.09   127.17
91024   90716   11.50   80.46
91024   90973   15.00   58.13
91031   91200   11.82   136.08
91031   90651   4.75    66.32
91035   91241   8.85    112.11
91067   91516   7.86    109.31
91067   91233   0.00    37.94
91068   91680   0.00    123.67
91075   91689   5.50    116.03
91076   90969   9.91    79.42
91097   91196   11.50   91.80
91132   90894   12.80   139.57
91135   90716   6.50    78.98
91135   91089   0.00    19.37
91143   91315   7.27    142.42
91144   90649   9.11    113.14
91144   91598   15.40   114.76
91146   91005   0.00    48.86
91169   91003   18.00   79.80
91169   91076   6.50    79.54
91172   90991   13.31   116.71
91196   91326   12.75   91.87
91200   91371   12.08   135.94
91202   91493   10.29   54.63
91202   91357   8.80    121.20
91204   90414   8.79    142.98
91205   91172   0.00    20.57
91220   90871   0.00    84.82
91233   91598   0.00    68.90
91233   91742   0.00    109.97
91236   90982   5.60    65.93
91241   91406   8.67    111.49
91294   91024   20.00   59.93
91294   91135   11.50   58.35
91308   91205   13.22   65.37
91315   91399   10.89   52.74
91323   90815   3.00    121.92
91326   91506   3.00    103.34
91326   91612   11.50   69.98
91329   91365   7.81    106.16
91330   91132   12.30   139.56
91331   91308   7.25    10.70
91339   91169   3.00    84.08
91345   91097   0.00    41.56
91345   91339   0.00    81.61
91357   91803   0.00    124.77
91365   91398   15.40   106.17
91371   91236   6.43    114.30
91377   91850   8.78    148.87
91398   91433   9.09    106.17
91399   91602   8.52    134.42
91400   90889   11.00   106.73
91405   90563   0.00    145.20
91405   91323   0.00    15.37
91406   91605   0.00    141.94
91408   91897   7.50    129.56
91411   91850   11.20   75.02
91433   90817   7.67    103.31
91445   91405   0.00    9.31
91465   91886   9.80    69.68
91465   91604   11.00   83.67
91493   91791   2.60    49.32
91493   91649   6.40    125.13
91496   91331   9.77    84.24
91506   91345   10.00   101.95
91516   91767   11.50   64.00
91516   92022   11.50   108.40
91568   91236   0.00    55.93
91592   92017   10.00   68.90
91598   92022   3.00    106.42
91601   90982   10.00   121.29
91602   91795   10.76   134.40
91604   91854   3.00    84.68
91605   91371   14.33   148.43
91608   91205   8.00    62.13
91611   91075   13.75   149.81
91611   92036   0.00    69.70
91612   91898   9.08    96.49
91637   91445   1.00    45.17
91637   91496   14.33   84.32
91642   91918   0.00    90.87
91642   91854   0.00    43.50
91649   91803   12.60   125.08
91670   91871   3.00    93.11
91680   91323   0.00    79.33
91689   92064   5.83    111.98
91699   91315   15.00   126.56
91742   91594   0.00    108.99
91767   91808   0.00    8.36
91767   91995   9.71    60.27
91791   92175   10.20   67.59
91791   91929   2.00    118.34
91795   91956   11.05   101.00
91803   91871   0.00    47.00
91807   91605   0.00    33.40
91808   92103   10.33   63.21
91841   91331   0.00    79.08
91842   92287   14.31   119.57
91850   92294   6.40    77.02
91854   92296   6.50    114.47
91854   92141   0.00    61.71
91871   92027   7.00    147.15
91881   91957   0.00    48.73
91881   92241   3.00    85.04
91886   91909   10.89   30.79
91890   91915   9.81    144.90
91890   92245   20.00   86.09
91895   91886   7.57    8.16
91897   92695   0.00    134.83
91898   92373   3.00    134.41
91909   92542   0.00    117.35
91909   91913   6.50    18.80
91913   91915   7.78    51.34
91915   91601   9.07    53.64
91917   91881   5.63    146.25
91918   92242   0.00    90.92
91919   91403   10.50   88.87
91925   91943   9.15    101.33
91928   91611   3.00    83.04
91929   92072   0.00    118.37
91932   92129   8.77    113.92
91943   91969   9.43    101.33
91956   92276   12.79   102.31
91957   92343   10.55   86.52
91957   92039   14.33   46.18
91965   91884   0.00    84.04
91969   91986   11.50   101.33
91986   91433   9.38    90.31
91986   91999   5.83    79.24
91992   92747   0.00    119.89
91995   91400   6.88    114.13
91999   92017   10.00   79.24
92007   91913   0.00    16.25
92007   92283   3.00    81.29
92017   92036   5.75    55.27
92022   92087   3.00    18.75
92027   91670   3.75    95.23
92035   91917   0.00    100.31
92036   92228   10.50   50.22
92039   92460   10.45   87.48
92039   92104   0.00    48.73
92069   92399   9.80    121.76
92069   91890   11.62   129.12
92072   92222   15.00   118.35
92079   91808   2.00    108.36
92087   92564   11.14   132.07
92099   92828   0.00    144.85
92104   92199   3.00    50.72
92104   92572   7.86    88.29
92154   91898   0.00    62.74
92154   91919   0.00    84.77
92161   92247   7.40    13.10
92161   92069   7.83    71.79
92175   92306   3.00    112.42
92175   92655   9.25    84.57
92177   92684   0.00    101.63
92177   91637   14.60   111.07
92199   92750   10.50   88.97
92199   92268   0.00    40.22
92208   93099   8.27    132.76
92208   92288   9.46    91.44
92222   92345   2.00    118.28
92228   92368   15.75   44.85
92228   92789   9.84    83.48
92238   91915   6.40    57.98
92241   92806   0.00    87.93
92242   92429   0.00    54.11
92242   91841   0.00    77.63
92244   91699   0.00    127.64
92245   92340   7.25    82.52
92247   92721   9.08    138.61
92247   92921   6.73    105.51
92250   92709   8.47    92.90
92268   92383   11.50   61.94
92283   92238   0.00    15.17
92287   92887   12.33   120.01
92288   92161   9.50    81.93
92288   93148   4.71    123.33
92294   91932   10.00   94.50
92296   92803   6.75    114.51
92305   92348   13.20   107.30
92306   92447   11.50   112.48
92340   92238   0.00    20.65
92343   92917   9.20    88.57
92345   92407   0.00    10.97
92345   92027   20.00   56.88
92345   92373   10.56   27.49
92348   91986   6.92    61.01
92353   91965   0.00    86.40
92356   92283   0.00    34.57
92356   92599   0.00    54.57
92368   91928   2.00    84.99
92368   92785   8.31    110.55
92372   92730   0.00    50.33
92373   92154   8.00    139.31
92383   93273   9.14    130.70
92399   92420   11.36   119.94
92420   92340   3.00    16.20
92429   92803   0.00    64.97
92447   92540   6.75    80.93
92460   93039   9.50    88.11
92474   92599   8.67    39.43
92474   92420   3.00    9.20
92498   91932   6.50    93.95
92532   92785   15.00   36.06
92540   92676   8.50    80.95
92542   92808   0.00    41.28
92550   92177   21.50   76.13
92557   92863   9.19    115.91
92564   91995   6.44    103.77
92572   93126   8.78    87.73
92574   92978   21.25   67.32
92593   92129   11.00   92.87
92599   92993   0.00    55.68
92624   92550   0.00    12.04
92628   92659   7.95    80.44
92655   93442   7.60    112.32
92655   92832   12.50   84.89
92659   93672   10.94   137.36
92659   92680   7.50    81.02
92676   92814   3.00    78.12
92676   93168   0.00    70.42
92679   93293   12.43   85.66
92679   92451   11.22   140.60
92680   92707   5.75    81.02
92684   93268   0.00    107.76
92693   92557   10.09   116.41
92693   91917   7.55    145.27
92695   93258   0.00    104.86
92707   92720   5.75    42.45
92707   92348   10.38   52.50
92709   93304   11.50   94.81
92720   92730   9.50    88.99
92720   93081   15.00   79.75
92721   93130   7.25    137.66
92730   92732   0.00    4.86
92732   92789   4.67    122.52
92747   92995   0.00    38.63
92747   92829   0.00    39.33
92750   93210   8.86    86.81
92769   92679   10.56   48.73
92776   92967   10.00   32.82
92785   93222   14.00   71.94
92789   93025   6.77    59.70
92801   92356   0.00    85.89
92801   92542   0.00    45.91
92803   93147   20.00   62.42
92806   92917   4.75    46.78
92808   93095   0.00    45.78
92828   93628   0.00    144.97
92832   93023   0.00    84.85
92842   92769   8.67    55.22
92845   92806   5.57    41.72
92863   92958   7.25    115.00
92864   92474   8.67    57.27
92864   92993   3.00    38.62
92867   92268   0.00    90.32
92906   93098   8.83    76.33
92917   93004   3.00    35.43
92921   93388   8.80    101.53
92933   92842   11.63   136.26
92948   93406   0.00    64.09
92948   92684   0.00    53.81
92958   92966   10.74   113.26
92966   92933   7.60    136.11
92967   92801   11.00   47.09
92978   93230   1.00    47.37
92993   93395   8.67    62.68
92995   92695   2.75    75.18
93004   93039   11.50   13.57
93023   92447   0.00    77.43
93023   93118   20.00   80.09
93025   93733   10.00   113.39
93025   93222   8.00    55.29
93039   93126   10.75   47.81
93042   92845   0.00    25.34
93071   92707   3.00    48.16
93081   93260   11.20   55.87
93081   92732   13.33   53.79
93095   93424   9.83    59.25
93095   93665   6.90    100.50
93098   93234   11.50   76.33
93099   94033   6.62    133.90
93118   93168   3.00    80.04
93126   93210   12.71   49.35
93130   92864   7.60    40.71
93142   92593   6.81    115.14
93148   94023   2.90    123.34
93162   92979   6.13    79.05
93168   93682   0.00    70.14
93198   93492   3.00    92.77
93198   92808   5.50    62.09
93203   92592   10.75   81.08
93210   93787   8.14    80.26
93222   93668   5.43    112.28
93222   93924   10.29   111.82
93230   93424   13.20   36.12
93230   93640   9.04    69.21
93234   93952   10.73   99.80
93234   93304   9.80    34.28
93258   93956   11.83   106.84
93260   93477   14.27   54.66
93268   93882   0.00    107.76
93273   93931   7.50    126.72
93291   93276   16.67   94.25
93293   93864   9.80    84.48
93304   93635   3.00    46.71
93306   93291   7.50    94.25
93306   92693   8.00    96.29
93307   93407   0.00    86.40
93339   92769   12.64   82.90
93343   94015   10.29   101.42
93348   93569   10.60   28.47
93388   93702   8.30    99.75
93392   92842   8.91    80.52
93395   92967   11.00   120.02
93406   93871   8.67    64.05
93407   92966   7.50    64.47
93424   93893   11.50   87.36
93433   93023   3.00    61.84
93433   93561   3.00    78.11
93442   93486   5.83    5.47
93442   93433   8.47    121.89
93464   93081   3.00    65.73
93471   92995   8.57    112.49
93477   92789   13.68   110.97
93477   93733   13.20   63.91
93486   94029   0.00    147.11
93486   93947   7.20    79.34
93492   93793   2.33    92.99
93523   92564   9.02    141.27
93561   93673   3.00    78.07
93565   93395   14.33   61.63
93565   93130   7.17    68.26
93569   94069   6.63    71.67
93593   93569   0.00    31.61
93635   93142   7.86    114.93
93635   94194   2.67    115.01
93637   92958   13.97   126.36
93637   93657   8.13    109.98
93639   93004   6.88    121.59
93640   94052   12.14   78.05
93640   93901   0.00    59.93
93657   93677   7.50    109.98
93665   93948   20.00   97.38
93672   93747   0.00    10.28
93673   93682   0.00    6.09
93673   93876   20.00   75.09
93677   93306   6.40    50.87
93682   94119   3.00    63.70
93682   93819   3.00    108.89
93702   93565   0.00    20.17
93733   93924   9.83    49.66
93741   93702   10.00   6.15
93746   93832   8.37    108.56
93746   92979   9.15    106.12
93747   94437   9.75    97.15
93747   93749   9.96    83.67
93756   93831   0.00    51.48
93757   93672   12.36   62.04
93758   93203   10.79   80.22
93764   93787   0.00    9.01
93764   94304   6.67    82.04
93772   93071   8.73    100.32
93787   93881   21.44   38.75
93793   93702   0.00    77.48
93793   94459   8.86    104.12
93810   93407   8.86    62.88
93831   93772   10.00   9.09
93832   93864   7.60    32.25
93864   93908   3.73    47.91
93869   93471   10.22   112.26
93871   94281   0.00    61.49
93871   94508   15.00   136.68
93876   94074   8.50    75.22
93877   93810   3.00    79.92
93881   93988   9.73    51.37
93881   94433   13.22   82.03
93892   93406   11.50   87.63
93893   93901   11.17   82.20
93901   94207   0.00    61.02
93908   93339   10.57   82.37
93908   93943   8.54    50.30
93924   94378   8.75    77.84
93924   94335   10.73   110.15
93931   94165   7.18    100.41
93931   93988   10.25   11.24
93939   93637   9.44    42.30
93939   93877   11.50   79.92
93943   93964   6.00    31.76
93943   93392   13.46   80.74
93947   94488   5.90    92.49
93948   93793   6.50    86.39
93948   94063   20.00   22.16
93949   93266   10.25   137.87
93952   94571   11.50   98.76
93956   93993   9.00    75.83
93956   94539   12.16   91.59
93957   93477   6.67    78.40
93963   94833   3.58    134.75
93964   94011   9.23    53.03
93988   94260   12.00   39.59
93993   94791   11.83   123.25
93993   94033   3.00    56.66
94001   93464   13.00   89.39
94001   93772   10.75   65.83
94011   94069   10.22   63.52
94011   94747   9.00    108.11
94013   94103   8.23    127.80
94015   94660   11.50   101.42
94018   93764   7.33    101.46
94023   94175   3.00    20.21
94023   94013   26.67   127.73
94029   94074   12.44   9.80
94029   93433   4.67    83.62
94031   93664   13.20   69.08
94033   95057   8.31    147.81
94033   94175   3.00    71.04
94052   94410   7.83    77.06
94063   94386   0.00    73.62
94069   94199   7.99    141.49
94074   94414   0.00    65.05
94085   93677   5.33    77.19
94103   93741   6.23    58.27
94119   94163   17.60   6.96
94119   94252   17.20   81.10
94163   94561   11.00   59.57
94163   94414   0.00    93.04
94165   94381   4.18    89.13
94165   94491   6.75    49.22
94175   94506   6.09    130.65
94194   94469   2.33    67.64
94194   94535   12.67   85.20
94199   94258   6.92    87.29
94199   93810   8.05    57.08
94214   94001   0.00    55.33
94223   94195   0.00    9.38
94252   94249   0.00    11.53
94258   94334   7.86    87.29
94260   95082   9.22    123.91
94265   94890   11.50   117.90
94281   94223   19.33   14.88
94304   94827   10.29   82.06
94318   94766   0.00    74.19
94320   94691   5.50    94.83
94334   94731   7.32    126.30
94334   93939   9.50    56.15
94335   94533   7.80    54.05
94335   93668   7.68    112.29
94345   93892   10.00   87.63
94360   93831   8.13    76.85
94362   94103   8.75    46.23
94362   94526   10.50   77.91
94378   94809   13.00   77.84
94381   93963   1.00    98.27
94386   94441   0.00    15.16
94390   94085   8.63    75.55
94390   94610   9.94    86.97
94390   94486   7.24    59.89
94392   93746   6.38    91.96
94410   94031   8.14    69.37
94410   94929   10.50   118.40
94414   94712   5.33    50.62
94427   94437   0.00    74.75
94433   94958   10.60   81.96
94437   95228   9.44    119.07
94438   93957   20.60   78.40
94438   94214   9.20    55.18
94439   93862   11.73   108.82
94439   93523   10.25   141.27
94441   94630   11.00   62.85
94451   94629   10.00   30.76
94459   94920   7.22    101.68
94469   94493   11.50   25.06
94477   93832   11.90   93.59
94486   94706   10.44   99.73
94486   93639   9.18    125.19
94488   95156   5.29    109.92
94491   94260   10.22   99.20
94491   94835   11.70   59.98
94493   93869   12.40   114.73
94506   94362   10.37   111.48
94526   94845   9.90    59.19
94535   95046   11.33   88.09
94539   95110   8.83    91.53
94540   94495   9.77    72.10
94561   94252   4.75    104.70
94571   93949   7.24    138.52
94571   94789   7.76    36.44
94573   94890   7.25    73.94
94578   94063   0.00    89.81
94578   94386   0.00    41.41
94588   94903   10.46   77.28
94588   94493   5.91    58.42
94610   95023   6.91    88.75
94629   94414   3.00    79.97
94629   94948   8.00    49.32
94630   94873   8.55    70.20
94648   93964   9.08    99.50
94660   94588   9.18    32.75
94666   94491   20.00   85.91
94666   94381   0.00    48.47
94689   95092   11.00   119.90
94690   94439   12.38   67.87
94691   95360   3.00    99.10
94698   95216   0.00    74.45
94706   94753   6.56    18.09
94706   94018   8.00    105.22
94711   94281   14.33   100.62
94712   94561   3.00    58.71
94747   95233   11.50   70.62
94753   94827   9.80    29.50
94766   94826   0.00    56.88
94776   94506   8.23    145.20
94776   95141   16.67   61.84
94787   94488   13.67   130.28
94789   95170   8.88    56.74
94791   95700   8.67    123.25
94793   94604   10.00   85.12
94797   94335   9.82    82.56
94807   94001   12.27   140.05
94807   95206   10.29   112.76
94809   95718   11.20   136.35
94809   94438   12.00   111.94
94812   94689   0.00    50.64
94826   95580   0.00    104.14
94827   94893   7.86    22.62
94833   95092   8.84    100.80
94833   95136   6.44    46.53
94835   94994   9.82    66.18
94845   94920   6.43    12.69
94867   95065   10.17   81.25
94870   94360   16.33   76.85
94870   94807   6.40    13.14
94872   94747   10.56   136.48
94874   94789   11.50   46.30
94883   94845   3.00    108.32
94890   94949   0.00    11.70
94893   94958   8.80    25.24
94893   95655   5.67    105.35
94903   95209   4.67    77.28
94907   95252   5.13    129.88
94920   95215   10.29   53.15
94929   95526   11.13   118.42
94948   94712   13.20   79.88
94949   95028   4.75    103.19
94949   95297   0.00    52.77
94958   95013   10.00   25.95
94969   94578   0.00    70.57
94994   94666   2.00    50.31
94994   95136   3.00    64.71
95004   95656   0.00    87.25
95008   95116   8.27    120.16
95008   94392   7.44    92.01
95013   95082   12.43   25.73
95013   95799   11.11   105.29
95016   94883   10.25   108.45
95028   94874   2.00    103.07
95046   94469   12.00   149.86
95046   95520   9.80    67.24
95049   95023   20.00   35.28
95051   94793   5.83    98.71
95056   95049   3.83    15.31
95057   94776   9.29    72.39
95065   95258   9.20    81.25
95082   95130   8.11    26.14
95092   95396   3.80    45.34
95093   94756   6.26    69.97
95093   94952   10.88   149.40
95094   94439   8.33    108.00
95094   95004   0.00    82.32
95098   94711   10.80   70.33
95101   94812   10.50   70.04
95110   94660   5.94    76.56
95116   95216   9.16    120.15
95120   94533   11.29   99.61
95130   95264   20.70   53.10
95130   95927   9.86    105.80
95136   95396   1.00    99.76
95141   95569   10.00   61.86
95141   95016   9.19    108.45
95156   94948   3.00    73.90
95156   95301   0.00    28.88
95170   95518   8.00    46.90
95170   94874   3.00    126.70
95184   94826   0.00    62.18
95184   94766   0.00    79.11
95204   95653   8.86    117.87
95204   94907   20.00   51.15
95206   95718   10.62   111.45
95206   94438   13.25   136.27
95207   95609   3.00    46.39
95209   95704   0.00    69.04
95209   95520   11.50   61.15
95215   95677   10.11   84.70
95216   95274   19.88   59.20
95228   95234   0.00    53.84
95228   96268   8.79    129.16
95233   95274   10.00   4.28
95234   95089   16.67   22.93
95252   96044   0.00    133.91
95258   94753   8.94    76.39
95259   95093   3.00    38.73
95264   95407   8.75    51.91
95264   96069   13.43   105.67
95274   96065   7.25    98.26
95290   95184   0.00    52.62
95292   94797   8.83    82.57
95297   95645   3.00    41.07
95301   95051   0.00    98.74
95301   95527   10.50   107.56
95304   95518   0.00    43.75
95307   95360   16.29   66.48
95307   94787   5.50    132.05
95352   95057   7.73    77.05
95353   95233   10.04   124.25
95360   95818   8.67    112.91
95385   94793   5.43    83.14
95385   95394   3.00    39.70
95386   95638   7.58    66.34
95386   95307   7.90    137.15
95389   96010   11.50   104.66
95389   94630   10.53   123.06
95396   95806   1.00    50.58
95398   95385   0.00    7.14
95407   95446   0.00    12.68
95416   95101   8.75    127.48
95416   95835   8.89    51.42
95417   96040   3.00    144.52
95425   94870   10.80   77.77
95446   95679   7.00    104.87
95446   94994   11.50   64.09
95460   95568   8.83    100.48
95477   95957   3.00    121.16
95477   95301   16.60   58.21
95481   95101   6.67    51.42
95504   95259   1.00    77.76
95510   95297   4.83    102.09
95511   95258   13.25   29.53
95518   95536   0.00    2.61
95520   95885   8.50    77.11
95526   95098   15.06   69.26
95527   95398   3.00    61.00
95527   96416   12.11   125.87
95536   95796   0.00    56.94
95536   95885   7.91    49.93
95541   95184   0.00    48.66
95541   95558   0.00    8.47
95558   95580   0.00    38.63
95568   95259   3.00    53.00
95569   95693   7.20    134.37
95569   95840   3.00    69.46
95570   95682   3.00    21.69
95573   94689   6.43    123.98
95580   95609   0.00    30.27
95609   96394   0.00    103.67
95638   96063   6.27    108.50
95638   95477   13.67   50.76
95645   95510   15.00   110.94
95645   95886   3.00    32.64
95653   96044   12.00   117.87
95655   95511   6.09    50.77
95656   95416   12.38   73.84
95664   95279   10.67   126.79
95677   95389   10.61   96.05
95679   95806   0.00    60.39
95679   96179   12.05   107.56
95682   95918   9.80    36.13
95682   96406   2.50    110.58
95683   96058   9.00    139.35
95683   95215   8.67    100.49
95694   95481   9.18    72.63
95694   96019   0.00    48.38
95700   95352   8.48    76.77
95704   95328   0.00    70.95
95707   96297   3.00    83.04
95714   95700   8.46    40.39
95714   95110   7.51    78.23
95718   96218   15.14   80.71
95718   96161   9.88    113.71
95725   95573   10.75   50.25
95725   94812   6.88    123.63
95731   96146   7.50    128.89
95731   95204   11.80   69.53
95733   95504   7.00    77.76
95744   96135   0.00    60.70
95748   95234   6.75    58.45
95748   95740   0.00    35.73
95759   95787   6.29    94.43
95759   96293   9.00    77.69
95781   95206   11.90   80.30
95783   96329   0.00    75.79
95787   95818   0.00    29.54
95787   96472   3.00    89.26
95799   95655   6.56    52.81
95804   95008   7.31    99.60
95806   95917   6.00    49.00
95811   96470   8.09    99.84
95812   95766   5.00    54.34
95816   95714   0.00    50.80
95818   95854   6.14    19.58
95834   95120   0.00    99.84
95834   95292   14.33   71.82
95835   95694   12.75   54.57
95838   95568   12.08   49.96
95840   95693   1.00    44.10
95852   95812   2.50    40.11
95854   96467   6.50    80.43
95854   96060   5.00    126.16
95861   95725   3.25    51.66
95861   95481   0.00    49.13
95885   96342   11.43   70.36
95886   96117   12.29   50.82
95900   96293   0.00    52.25
95907   95992   10.50   42.56
95907   95510   11.00   117.20
95907   96249   11.00   47.96
95917   96089   3.00    63.83
95917   95573   13.20   46.88
95918   95683   9.83    66.18
95918   96349   3.00    63.82
95927   96375   4.00    61.50
95927   95799   7.56    51.00
95957   96416   5.83    120.98
95961   96516   8.86    90.95
95962   95961   12.44   86.63
95995   95558   0.00    64.40
96003   95094   10.33   124.40
96006   95835   0.00    74.28
96006   95656   10.00   50.26
96008   95677   11.50   50.72
96010   95731   6.70    45.77
96012   95569   11.29   111.37
96019   95861   14.20   72.93
96036   95886   7.80    96.46
96039   95425   8.17    77.77
96044   96204   6.50    39.59
96050   96781   0.00    109.23
96058   96008   11.50   62.39
96058   96624   8.67    101.57
96060   95962   7.26    125.71
96063   96504   8.67    108.39
96065   96180   11.88   16.21
96069   95927   11.50   52.25
96089   96465   9.20    49.80
96089   96187   3.00    37.88
96104   95838   7.78    104.22
96117   95879   7.78    36.20
96121   95398   13.00   97.95
96135   96039   11.50   22.63
96146   96735   10.00   131.09
96161   95292   8.63    127.03
96162   96773   7.25    146.67
96179   96465   8.08    104.30
96187   95861   0.00    47.96
96187   96368   10.00   70.19
96193   96069   5.33    51.44
96193   95407   8.35    105.26
96204   95526   10.52   117.18
96208   96752   5.20    80.04
96218   96715   14.43   80.71
96246   95840   6.09    101.33
96249   96897   25.20   127.04
96249   96285   0.00    78.82
96251   95748   5.50    68.63
96268   96815   8.27    78.81
96268   96251   15.00   54.31
96280   96427   11.50   34.64
96285   96618   11.50   80.56
96291   95812   10.50   64.34
96293   96500   10.67   124.94
96301   97249   9.39    149.66
96302   95511   7.38    107.60
96303   95781   12.38   80.30
96303   96135   10.67   38.18
96305   96435   3.00    16.59
96314   95838   9.92    95.24
96342   95704   10.32   142.51
96346   96251   9.00    11.13
96349   97041   10.62   117.25
96361   96006   11.50   48.18
96361   96019   11.00   127.83
96368   96688   13.20   132.05
96368   96693   0.00    50.22
96375   96634   14.25   38.79
96381   95962   8.67    93.54
96389   97169   10.58   124.79
96389   96104   5.95    79.58
96394   96854   0.00    86.78
96406   96773   11.50   54.22
96406   96349   8.67    93.83
96410   96291   7.10    16.02
96413   96342   3.00    14.02
96413   96996   3.00    105.65
96416   96874   20.00   74.22
96421   96249   0.00    50.63
96421   97117   8.67    106.50
96427   96779   3.00    123.87
96427   96668   9.40    71.00
96436   96010   9.80    106.37
96437   96566   0.00    17.82
96456   96314   5.60    50.35
96458   97086   7.50    109.86
96460   96012   7.13    111.06
96463   95816   0.00    107.52
96465   96693   4.67    107.56
96467   96485   0.00    24.54
96467   96952   0.00    76.33
96470   95834   13.71   84.49
96470   96883   3.00    77.73
96472   97310   10.00   130.59
96472   96467   3.00    51.07
96474   95664   9.17    132.77
96478   96413   0.00    9.47
96478   97121   16.23   106.48
96482   96193   10.80   113.34
96483   96161   5.83    45.59
96483   96684   11.50   59.23
96491   96830   0.00    106.38
96494   96472   0.00    19.01
96500   96995   13.75   78.85
96500   96394   0.00    12.70
96504   96899   15.29   109.03
96516   96577   20.00   94.91
96516   97255   10.36   129.06
96518   96346   30.00   20.71
96540   96616   3.91    16.90
96540   96314   14.33   43.05
96548   97186   9.36    117.64
96548   96303   3.00    56.98
96588   96117   9.33    66.10
96618   96036   3.00    99.25
96623   96381   0.00    108.86
96625   96375   3.00    100.74
96634   96736   12.37   17.74
96649   96039   14.45   82.80
96665   96618   10.50   7.35
96665   96588   10.39   79.98
96668   97073   5.50    87.33
96677   96588   8.44    15.27
96684   95834   10.25   138.08
96684   96883   7.25    59.37
96688   96857   0.00    79.49
96688   96361   12.60   48.62
96693   96833   0.00    61.82
96702   96246   7.80    101.95
96702   96460   12.00   95.55
96705   96460   10.27   86.73
96708   96482   6.84    113.42
96713   97089   2.00    62.32
96715   96548   8.67    54.77
96715   97365   10.13   118.29
96719   96817   0.00    49.53
96719   96435   11.78   45.04
96720   96008   8.62    111.49
96720   97253   9.55    81.23
96720   96436   11.50   105.60
96731   96705   7.55    86.92
96731   95714   6.69    147.20
96735   96204   11.15   96.74
96749   96303   12.67   77.53
96752   97252   10.31   80.04
96755   96978   0.00    37.89
96755   96702   3.00    28.64
96772   96121   9.50    98.03
96772   97320   7.82    85.63
96772   96677   11.90   56.21
96773   97018   10.39   118.71
96779   97026   8.86    86.01
96779   97198   3.00    65.13
96781   96463   0.00    106.37
96815   97215   11.20   76.43
96817   96923   0.00    48.50
96830   97154   0.00    67.86
96833   96969   0.00    66.11
96833   97183   0.00    59.34
96834   96625   10.50   100.68
96842   97234   8.76    59.59
96844   97465   6.96    129.12
96844   96677   12.18   26.56
96854   97433   10.00   89.40
96857   96003   7.11    124.85
96874   96772   7.88    62.01
96883   97064   0.00    52.72
96897   96665   10.21   82.65
96898   97021   8.00    119.11
96899   97587   13.25   116.79
96899   96874   0.00    9.18
96902   96755   0.00    78.84
96903   96410   4.55    74.35
96903   97093   20.00   29.82
96923   97022   0.00    45.15
96926   96668   8.67    91.01
96941   96708   9.39    113.40
96943   96719   9.50    36.26
96943   97049   0.00    49.62
96952   97333   0.00    91.74
96969   96688   12.20   50.14
96978   97012   0.00    16.48
96995   97492   6.75    78.91
96996   97930   3.88    140.46
96999   96684   6.43    57.99
96999   97386   8.00    113.05
97012   97342   0.00    84.99
97012   97143   0.00    25.08
97018   97288   16.43   118.54
97020   96899   5.67    91.80
97021   97143   0.00    47.92
97021   96978   0.00    40.26
97026   97400   11.50   75.65
97026   97253   8.60    83.92
97027   96731   3.00    111.09
97033   96381   8.00    103.36
97033   97299   11.50   134.80
97036   97099   3.00    13.84
97036   96897   15.00   39.37
97041   97726   14.33   120.80
97041   96720   7.72    98.08
97043   96834   8.60    100.52
97047   96830   0.00    77.87
97049   96817   9.40    36.32
97052   96898   0.00    54.80
97064   97086   0.00    6.29
97064   97386   8.67    57.89
97073   96735   10.95   69.35
97082   96903   6.18    32.14
97086   97367   3.00    80.06
97093   97459   4.73    60.07
97099   97593   6.56    85.59
97099   97117   11.13   70.03
97102   96715   10.60   112.70
97102   96483   9.74    114.78
97112   97222   0.00    16.74
97117   97121   10.47   100.08
97121   97766   8.17    96.54
97143   97342   7.33    86.37
97146   97522   6.50    76.90
97146   97073   11.50   18.56
97150   97988   0.00    132.97
97154   97332   17.51   93.50
97164   96749   8.73    77.41
97164   96649   11.00   82.73
97183   97536   2.33    66.21
97183   96941   14.84   113.44
97186   97846   11.20   117.64
97193   96902   1.00    80.01
97193   97448   11.50   52.66
97198   97511   11.50   61.81
97198   96926   3.00    91.01
97206   97276   2.00    51.15
97215   97782   7.50    85.66
97215   97164   15.00   7.47
97222   97456   13.25   41.08
97253   97826   10.19   146.44
97255   97474   5.67    41.26
97264   96999   11.00   47.55
97264   97662   7.25    111.99
97273   97013   0.00    51.23
97273   97146   11.50   56.88
97276   97370   0.00    48.44
97282   97859   5.40    111.97
97282   97470   3.00    56.39
97283   97255   8.33    86.36
97288   97041   7.64    71.70
97288   97606   6.50    61.88
97288   97546   4.00    79.28
97293   97043   6.50    121.79
97295   96898   13.20   103.62
97299   97739   7.40    66.71
97299   97283   13.33   86.37
97320   97866   5.57    85.29
97332   97829   11.50   96.39
97333   97516   0.00    89.05
97340   97022   0.00    51.65
97342   97448   11.20   24.69
97346   97485   7.69    72.61
97352   97183   7.52    82.46
97365   98049   9.60    118.29
97370   97456   13.33   49.33
97386   97662   10.00   51.63
97390   96923   12.22   75.64
97390   97481   0.00    50.01
97400   97793   15.00   75.49
97401   97613   0.00    37.10
97402   96731   7.14    111.27
97402   97613   0.00    80.16
97404   97180   5.20    38.60
97412   98264   10.86   146.43
97438   97534   0.00    47.87
97438   97049   8.67    65.03
97442   97082   11.50   59.12
97448   97847   15.80   59.34
97448   97751   0.00    54.46
97451   97767   0.00    43.63
97456   97700   14.33   36.40
97459   97655   3.00    31.60
97461   97206   9.00    44.51
97461   97340   3.00    64.19
97463   97518   8.00    135.96
97465   98161   12.86   129.50
97470   98082   8.67    107.20
97470   97844   12.75   88.55
97474   97020   6.70    95.81
97474   97820   5.83    54.77
97481   97340   0.00    25.09
97488   97524   9.86    127.96
97488   97910   5.33    59.86
97492   98384   8.00    132.66
97493   98381   13.33   130.99
97493   97488   0.00    59.58
97495   97493   12.69   57.43
97497   97495   10.00   62.80
97499   97497   10.93   6.09
97511   97273   12.43   132.72
97516   97033   5.33    81.78
97518   98457   14.33   141.44
97520   96857   8.46    107.90
97520   97352   10.45   82.58
97522   97953   10.29   76.86
97524   97898   0.00    51.69
97534   97390   15.14   26.29
97536   98143   11.50   99.14
97536   97293   14.60   121.94
97544   97290   1.00    85.26
97546   97859   8.67    79.28
97553   97281   0.00    48.11
97569   97442   11.00   61.41
97570   97264   9.40    60.18
97571   97370   20.00   36.32
97587   98399   8.67    117.95
97593   97767   10.29   81.39
97595   97102   7.69    91.99
97606   98007   4.89    63.74
97606   98034   13.29   105.28
97612   97461   0.00    24.59
97613   97751   0.00    38.78
97640   97481   6.50    24.72
97648   96943   9.38    114.97
97648   97756   7.29    88.18
97655   97442   3.75    33.17
97662   98343   8.44    115.02
97684   97295   11.50   103.62
97684   98183   0.00    78.00
97684   97844   8.86    61.86
97698   97544   2.00    54.11
97700   97571   0.00    49.44
97700   98431   9.83    114.69
97709   97655   0.00    6.15
97709   97840   7.00    40.59
97711   97648   9.00    23.91
97711   98336   7.12    99.43
97717   96844   7.73    136.83
97718   97492   0.00    75.98
97726   98428   7.83    120.94
97734   97027   0.00    116.73
97739   97956   20.00   32.08
97739   97770   11.73   59.99
97742   97612   0.00    49.68
97742   97276   10.00   74.24
97751   98163   3.00    79.84
97756   97771   8.17    17.93
97758   97536   3.00    90.76
97762   97516   1.00    35.03
97762   97853   6.50    82.06
97766   98278   9.00    75.16
97767   98317   7.25    81.91
97767   97766   19.20   68.90
97770   98554   10.50   127.10
97770   97792   8.67    55.59
97773   97711   6.50    25.18
97773   97438   10.73   49.91
97782   98018   3.00    33.87
97791   97612   3.00    24.81
97791   97640   6.50    63.86
97792   98019   20.00   33.17
97792   97820   1.00    97.47
97793   97511   9.38    43.86
97802   97671   3.00    21.67
97802   97570   20.00   59.27
97813   97773   3.00    22.09
97813   98442   12.67   99.22
97816   97698   11.00   44.79
97820   98299   6.00    74.67
97826   98036   7.25    70.80
97829   98134   11.21   56.56
97829   98010   14.97   43.34
97840   98197   3.00    116.35
97844   98364   14.33   84.09
97844   98065   3.00    71.91
97846   97782   20.00   23.44
97847   97684   6.40    73.95
97847   98429   8.00    97.32
97849   97888   0.00    74.38
97853   97956   8.00    82.06
97859   98082   9.83    59.52
97866   97717   9.00    67.68
97866   98463   8.00    93.46
97874   97813   5.33    25.64
97874   97534   8.67    49.68
97883   98560   6.75    103.72
97898   98197   11.50   43.61
97901   97898   8.67    59.09
97901   98752   15.00   132.36
97910   98436   10.90   80.11
97910   97901   10.29   58.34
97915   97742   7.25    26.61
97930   98831   4.75    140.48
97931   97874   5.33    24.64
97931   98543   10.86   99.53
97935   98018   3.00    64.23
97941   97570   7.00    57.51
97948   97719   7.57    102.16
97956   98446   8.67    80.38
97959   97402   7.63    83.97
97962   97758   7.84    90.78
97962   97520   2.75    63.69
97964   97816   6.40    53.63
97965   97544   7.83    58.46
97988   98596   9.42    130.06
97996   97640   11.20   51.25
97996   97931   9.50    25.74
97999   98644   0.00    100.89
98002   98515   9.43    102.34
98002   98307   5.60    94.51
98004   98649   7.24    101.33
98007   98634   8.50    113.73
98007   98286   9.78    82.30
98010   98071   1.00    17.68
98018   98887   4.00    141.54
98019   98664   0.00    107.53
98030   97915   10.00   48.25
98030   97571   3.00    64.75
98034   98401   12.67   105.28
98036   97793   6.75    34.34
98049   97846   11.78   53.69
98049   98803   10.20   140.75
98057   97734   0.00    49.22
98065   98505   0.00    74.48
98065   98206   20.00   47.73
98071   98406   0.00    92.32
98082   98206   10.00   32.04
98090   97965   10.00   47.93
98095   97854   11.91   109.31
98099   97964   6.33    53.94
98099   97709   7.22    56.22
98128   97996   9.86    63.93
98128   97791   0.00    51.44
98134   98348   1.00    50.68
98134   98728   12.25   123.37
98140   97734   0.00    90.44
98143   98226   3.00    12.36
98144   97941   13.25   96.80
98144   97595   5.23    91.91
98149   97948   6.73    102.07
98161   98933   0.00    132.61
98163   97959   8.67    90.96
98167   98049   4.75    32.27
98167   98629   9.00    92.63
98176   98128   3.00    23.00
98176   98730   11.79   93.31
98183   98628   7.67    77.83
98197   98572   9.20    59.66
98198   97717   8.39    75.60
98206   98505   7.64    85.56
98206   98401   11.82   72.74
98226   98372   0.00    22.57
98231   97915   11.50   49.99
98231   98176   7.40    26.24
98256   98886   7.80    109.06
98256   98019   6.50    109.57
98264   98167   13.44   27.68
98278   98740   26.50   75.17
98281   97959   8.62    53.63
98285   99002   10.79   122.91
98285   98231   6.67    23.62
98286   98545   9.20    82.30
98299   99126   7.80    136.51
98299   98256   14.33   30.33
98317   98823   12.29   81.91
98322   98285   20.00   24.16
98322   98030   10.00   49.88
98336   98567   11.00   37.32
98337   98117   8.50    114.06
98341   97816   6.88    79.59
98343   98695   20.00   65.10
98348   98422   0.00    17.87
98363   97826   7.40    80.55
98364   98839   3.00    84.11
98372   98788   13.22   66.81
98372   98149   8.25    102.25
98381   99273   15.00   140.00
98381   98398   20.00   58.44
98384   98457   11.50   42.65
98384   98937   3.00    90.64
98394   97965   9.80    67.02
98395   97762   7.25    100.29
98398   97495   3.00    133.36
98399   99173   11.29   122.82
98399   97866   5.80    87.83
98401   98760   9.00    103.17
98401   98545   8.67    72.80
98406   99263   0.00    136.15
98415   97962   7.94    73.37
98422   99223   0.00    149.50
98423   98144   4.64    52.14
98423   98264   9.89    51.57
98428   98634   1.00    63.04
98428   98750   5.33    58.80
98429   98628   8.13    54.60
98431   99169   6.84    122.94
98431   98322   11.00   50.82
98436   98929   9.00    80.11
98442   98336   9.44    48.13
98446   99359   12.88   149.31
98448   98188   9.81    44.42
98457   98897   9.00    75.11
98463   99022   11.20   93.46
98465   98631   0.00    61.38
98467   98281   10.00   68.43
98470   97802   4.00    117.97
98470   98343   8.00    82.48
98486   98415   20.00   10.91
98492   98394   10.60   48.30
98505   98871   9.25    112.43
98506   98593   0.00    14.74
98510   98876   9.00    149.29
98515   98906   3.00    75.09
98520   98423   8.67    17.52
98530   98889   0.00    60.00
98530   98570   0.00    65.95
98535   98431   5.45    55.82
98540   98408   6.93    64.56
98540   98448   5.63    32.43
98541   98281   4.40    47.98
98543   98442   3.00    49.92
98543   98822   9.07    47.74
98545   98737   5.50    72.85
98545   98709   11.50   44.87
98556   97698   6.57    129.59
98556   98341   9.80    76.20
98560   98644   6.50    56.81
98565   98337   11.50   114.06
98570   98749   4.67    143.40
98570   98510   8.67    148.08
98572   98189   10.00   136.64
98593   98662   0.00    39.79
98593   98687   0.00    14.50
98596   98541   3.00    9.94
98628   98839   1.67    63.04
98629   99080   10.00   92.59
98631   98596   0.00    5.11
98634   98737   7.46    139.40
98635   97964   7.08    104.88
98640   98540   7.25    32.53
98644   98649   8.67    52.13
98649   99172   7.77    82.86
98657   98535   20.00   59.65
98657   99407   11.30   123.26
98662   98198   7.40    76.10
98664   99322   2.50    106.26
98674   98567   11.50   29.07
98674   98905   0.00    40.46
98692   98486   6.62    34.26
98695   99109   11.50   78.02
98695   98515   1.00    92.76
98709   98980   0.00    80.69
98713   98036   12.84   111.17
98716   98520   3.00    62.16
98716   97941   7.25    143.89
98720   98099   7.85    100.51
98728   99299   11.50   122.57
98729   98541   13.25   71.91
98730   99313   9.82    93.34
98737   98946   3.00    61.54
98737   99461   13.25   122.82
98740   99368   9.41    95.24
98740   98823   8.45    71.81
98749   98894   6.20    78.01
98749   99149   0.00    63.43
98750   98363   11.20   78.35
98752   98572   7.56    63.48
98760   99137   11.50   103.17
98765   98692   9.22    128.16
98774   98657   11.17   61.79
98774   99316   3.38    86.69
98777   98660   10.43   64.94
98777   98640   6.67    50.01
98781   99285   7.25    120.93
98784   98498   0.00    89.54
98788   98565   8.43    114.11
98788   99295   14.33   78.11
98799   98520   15.00   51.72
98803   98887   10.73   23.70
98803   99080   11.00   81.84
98813   98307   7.57    95.93
98822   99055   2.00    38.35
98822   98674   9.00    74.79
98823   98933   12.13   99.60
98831   99761   3.50    140.47
98837   99245   0.00    62.36
98837   98765   2.33    128.17
98839   98871   3.00    10.78
98864   98662   11.00   34.24
98871   99137   6.00    72.44
98871   99639   9.00    124.61
98873   98837   0.00    39.24
98876   99498   9.17    151.19
98886   99606   6.50    113.95
98887   99508   7.00    91.12
98889   99004   7.00    102.84
98894   99338   7.80    81.29
98897   99075   0.00    62.31
98906   99336   1.00    75.05
98913   98470   8.62    84.56
98913   98716   6.50    59.38
98926   98398   20.00   85.64
98929   98752   3.00    63.91
98933   99091   9.87    115.84
98937   99552   0.00    90.68
98942   98788   7.00    87.79
98946   99572   12.27   95.39
98946   99499   7.80    88.50
98980   99279   5.33    80.69
98993   99498   4.00    75.39
99002   99783   6.00    122.98
99004   99149   2.67    102.92
99008   98217   11.20   133.63
99016   98774   5.89    131.77
99022   98864   10.50   73.66
99022   99641   7.25    94.88
99026   98556   4.75    76.40
99033   98640   0.00    66.80
99055   99115   11.50   9.59
99061   99158   11.20   139.19
99061   98692   6.86    61.07
99065   99337   0.00    87.88
99065   98784   0.00    89.48
99080   99191   0.00    29.48
99081   98799   10.27   53.86
99081   99442   14.33   103.14
99088   99577   11.00   92.58
99088   98750   7.36    146.65
99091   98864   9.22    36.23
99109   98913   20.00   56.84
99115   99427   6.50    50.52
99115   98905   10.33   79.12
99126   99144   0.00    2.35
99127   99061   8.67    9.47
99127   98942   13.00   87.77
99137   99279   3.00    71.67
99144   99729   4.18    92.44
99149   99574   3.00    65.93
99149   99338   11.00   136.75
99158   99245   7.00    139.18
99163   98897   0.00    41.27
99169   99934   7.33    122.93
99172   99709   9.00    82.68
99173   99022   14.44   70.02
99173   99804   8.67    98.69
99175   99621   1.00    115.04
99191   99081   20.00   18.39
99191   99554   7.83    98.02
99192   98631   8.21    99.34
99201   98395   11.50   134.74
99209   99223   30.00   25.69
99223   99263   20.00   53.57
99233   98713   12.82   107.71
99242   99204   1.00    18.75
99245   99276   0.00    4.66
99254   98425   7.47    136.92
99263   99310   11.50   56.41
99273   99358   0.00    11.08
99273   98929   6.50    78.53
99274   98777   6.40    142.82
99274   98394   10.60   138.90
99276   99644   0.00    55.37
99276   99283   4.67    67.10
99278   98799   13.25   139.06
99279   99423   8.44    39.11
99283   98873   10.92   70.69
99285   100089  6.09    125.44
99291   98535   8.80    123.15
99295   99935   8.64    100.33
99295   99016   10.89   131.84
99299   99773   14.33   130.17
99307   98635   11.00   104.90
99310   98889   9.80    61.53
99310   99342   0.00    34.39
99313   99055   7.14    112.23
99313   99675   3.60    59.14
99316   99850   9.30    86.71
99322   99918   8.17    97.98
99322   99469   13.25   74.00
99336   99109   10.25   59.22
99336   99278   19.50   139.93
99337   99358   6.43    88.84
99338   99685   13.25   90.34
99342   99367   10.13   25.88
99344   98781   20.00   88.98
99359   99815   9.87    75.78
99360   98813   11.75   95.93
99360   99738   9.53    108.94
99363   98781   10.86   109.45
99367   99404   9.29    59.20
99368   100273  8.23    148.28
99368   99440   8.13    102.06
99380   99026   3.00    83.38
99383   98720   10.62   100.51
99404   99574   5.80    83.38
99406   99694   0.00    43.28
99407   100161  8.80    123.27
99415   99806   12.31   110.35
99415   99191   2.50    40.79
99423   99716   6.79    64.52
99423   100117  7.56    107.19
99427   99242   5.92    91.57
99440   99849   12.44   105.87
99442   99802   0.00    103.14
99444   99295   7.72    77.75
99444   100104  8.17    101.29
99453   99553   12.71   144.36
99453   99127   8.22    49.92
99461   100031  6.78    120.07
99469   99359   6.50    55.26
99469   100361  6.56    150.00
99477   99358   7.80    56.81
99477   98926   3.00    85.19
99493   98709   5.17    122.63
99498   99685   20.00   67.76
99498   99809   11.29   82.24
99499   100031  6.75    88.72
99508   100065  7.93    90.52
99534   99274   5.50    54.26
99553   99644   9.83    144.37
99554   99886   3.00    97.92
99571   99694   10.91   112.02
99572   99994   8.13    95.64
99574   100067  4.11    75.57
99577   99233   17.56   104.88
99584   99766   12.71   39.40
99584   99574   20.00   6.47
99598   99026   7.73    86.56
99598   99534   4.00    14.16
99615   99453   0.00    24.54
99615   99444   9.14    80.58
99621   100005  11.50   114.93
99624   99766   0.00    22.61
99624   99584   6.40    35.73
99639   100401  10.44   125.77
99641   100194  9.82    94.48
99644   100052  8.33    62.33
99664   99698   7.17    96.38
99675   100260  6.80    99.42
99675   99427   6.90    111.50
99684   99299   13.20   66.26
99685   100243  13.37   149.81
99685   99785   6.67    49.97
99694   99846   12.33   125.01
99698   100204  2.00    99.85
99709   99477   9.05    111.78
99709   99762   7.25    7.98
99729   100271  6.71    92.40
99732   99624   3.00    92.59
99740   99415   10.32   56.39
99761   99192   7.31    98.88
99762   100156  6.00    65.11
99766   100189  5.00    114.98
99773   100227  11.50   130.24
99781   99322   8.86    100.48
99783   99675   5.22    50.76
99785   99732   5.90    39.16
99785   99915   3.00    20.54
99804   100366  8.60    97.97
99806   100027  17.14   110.54
99809   100179  7.25    100.42
99815   100257  11.36   75.82
99823   99493   9.80    115.68
99834   100298  20.00   142.37
99834   99740   2.33    17.81
99841   100405  6.50    92.87
99844   99283   1.86    85.66
99846   99534   15.00   73.49
99849   100467  7.79    109.52
99850   100284  3.50    73.56
99851   99008   16.67   133.75
99852   99615   4.83    36.30
99852   99948   7.56    147.35
99854   100087  18.05   80.05
99854   99874   8.27    85.69
99866   100455  6.69    117.04
99874   100097  8.31    86.82
99886   100027  4.50    24.97
99899   99344   8.67    89.12
99915   99732   20.00   45.94
99918   100468  10.82   97.94
99929   99380   6.50    86.56
99934   100498  6.77    99.39
99934   99783   7.69    74.15
99935   100524  8.96    100.39
99948   100052  6.50    147.35
99962   99577   10.55   78.36
99972   99598   5.41    67.14
99972   99929   20.00   6.44
99977   99307   14.17   104.87
99977   99929   0.00    53.09
99993   99360   7.36    116.80
99994   100215  6.87    93.62
100004  99740   11.50   76.28
100005  99892   0.00    19.86
100013  99091   8.89    147.51
100013  100194  15.00   77.16
100027  100826  9.63    146.94
100030  99383   10.75   100.51
100030  99977   3.00    52.94
100031  100234  0.00    36.79
100032  99762   9.80    77.79
100036  100156  6.50    63.41
100036  99585   12.19   69.47
100038  99201   7.11    134.86
100050  100004  0.00    75.58
100052  100299  2.00    44.13
100057  100706  9.00    112.35
100058  99934   3.00    58.68
100058  99291   11.00   123.22
100065  99834   8.35    43.03
100065  100241  7.92    50.13
100067  100558  6.47    142.45
100067  100708  6.53    106.46
100069  99144   5.13    149.44
100069  99879   11.00   86.32
100076  99363   7.25    111.80
100084  99850   10.55   121.43
100087  100331  3.00    92.61
100087  100818  3.00    136.95
100089  100631  7.62    122.50
100090  100030  20.00   73.67
100090  100582  8.73    83.93
100097  100795  3.00    120.54
100104  100700  8.33    101.13
100109  99254   10.38   136.92
100117  100756  9.83    107.19
100135  99572   10.60   97.68
100148  100090  11.50   80.30
100156  100267  8.44    19.85
100158  99846   2.50    74.11
100160  99367   2.83    125.52
100161  101036  7.00    148.69
100161  100058  1.67    60.12
100179  100547  9.83    100.42
100189  100614  0.00    114.98
100190  99404   2.50    122.88
100194  100841  15.89   110.95
100194  100366  11.21   72.37
100204  100148  4.25    80.29
100204  100704  8.67    99.80
100214  100655  12.50   75.75
100214  100069  7.67    79.03
100224  99852   5.52    61.47
100224  100314  6.50    134.30
100227  100593  12.33   129.27
100234  99962   14.50   76.92
100241  100630  7.69    98.93
100243  100810  8.67    149.84
100246  101012  10.00   128.40
100252  100320  0.00    58.67
100257  101154  8.77    149.35
100259  100673  3.00    68.24
100260  100530  7.25    47.54
100267  100478  11.00   37.01
100269  99716   11.00   91.98
100271  100214  12.00   30.21
100271  100301  0.00    5.27
100273  99761   5.60    88.48
100284  100161  7.29    61.82
100284  100752  8.33    79.84
100292  100032  5.33    77.99
100292  100900  9.15    115.28
100295  100084  4.80    121.46
100299  100399  3.00    18.25
100299  100359  0.00    63.72
100301  101184  7.80    147.85
100301  100862  6.58    91.92
100314  100399  2.50    134.29
100320  100273  11.00   8.39
100331  100590  9.42    92.61
100333  100109  0.00    42.07
100334  99915   8.21    113.21
100340  100603  0.00    94.68
100340  99972   6.85    65.55
100359  99844   3.00    85.48
100366  100997  12.87   111.11
100385  100267  0.00    33.72
100397  100631  8.80    82.45
100399  100740  6.00    56.14
100400  100411  3.00    19.90
100401  101196  8.21    125.83
100405  100994  11.50   92.87
100411  100449  8.80    51.94
100445  100557  0.00    34.71
100449  100517  3.75    64.15
100455  101096  9.20    117.17
100463  100847  9.50    120.87
100463  100284  6.00    105.68
100464  101325  4.40    141.20
100468  101370  6.11    147.90
100477  100988  9.00    88.92
100478  101167  6.14    108.18
100479  100069  8.50    75.53
100480  100224  12.43   46.10
100489  100449  0.00    7.13
100498  100260  7.67    125.58
100498  100805  3.00    48.00
100517  101379  3.12    136.87
100517  100586  11.50   52.39
100524  100295  2.60    121.58
100524  100896  12.40   56.29
100526  100036  10.75   86.01
100527  100234  10.82   131.18
100527  100135  4.25    95.62
100530  100701  3.00    26.83
100557  100559  0.00    1.79
100558  101124  7.25    142.76
100559  100582  0.00    6.05
100573  100480  10.00   14.67
100573  100659  10.92   93.46
100577  100013  9.38    99.49
100582  100984  5.83    63.89
100586  100600  0.00    11.91
100589  99993   8.71    116.89
100589  100970  8.21    110.74
100590  100742  11.50   47.41
100593  100852  12.71   128.02
100600  100158  11.18   76.83
100600  100637  0.00    34.72
100603  101019  0.00    94.88
100614  101053  16.67   114.97
100615  100915  11.50   45.59
100615  100359  0.00    49.43
100615  100740  0.00    69.01
100620  99851   3.00    133.69
100628  100463  7.57    86.17
100630  101251  5.27    102.75
100631  100961  8.67    88.07
100632  100527  9.72    57.04
100636  100650  0.00    19.35
100637  100709  1.00    50.87
100655  101123  12.13   75.75
100659  101038  9.00    65.93
100659  100721  8.67    96.33
100698  100712  10.97   6.12
100698  100320  7.10    60.81
100700  100480  11.23   70.84
100701  100400  0.00    121.27
100701  100833  3.00    21.14
100704  100292  10.00   115.95
100704  101291  7.56    112.09
100706  101270  9.27    93.65
100708  100919  5.86    126.50
100708  100973  8.60    41.70
100709  101069  5.86    115.76
100712  100397  6.69    82.61
100712  101331  11.31   146.13
100721  100816  0.00    15.86
100721  100739  0.00    30.44
100739  100760  0.00    3.48
100740  100748  0.00    6.45
100742  101061  5.60    115.00
100743  100076  12.29   111.88
100748  100739  0.00    8.78
100752  100847  3.00    26.57
100752  100914  20.00   24.82
100756  100817  1.00    8.48
100758  100334  3.00    113.20
100760  100769  0.00    1.75
100769  100816  9.80    24.43
100769  100780  0.00    1.74
100780  100801  0.00    10.51
100795  101513  5.33    120.51
100801  100748  0.00    6.98
100805  100530  3.00    125.25
100805  101080  9.83    47.86
100810  101194  3.00    63.27
100814  100628  17.50   81.49
100814  101227  8.67    138.40
100816  101038  11.50   83.80
100818  101577  2.00    136.95
100826  101251  7.10    81.13
100831  101247  9.38    111.71
100831  100038  2.25    134.84
100833  100983  8.60    74.62
100833  101110  9.55    46.04
100840  100269  11.00   91.98
100846  100058  5.20    132.79
100847  100914  11.50   28.69
100852  101085  9.54    58.71
100852  100960  8.57    49.34
100859  100241  8.14    101.47
100862  101410  10.00   91.94
100896  100700  10.75   64.39
100900  100478  10.22   109.83
100900  101506  9.00    116.05
100904  101365  10.81   87.51
100906  100840  3.00    9.44
100907  101082  0.00    45.25
100914  101070  12.75   28.68
100915  101079  0.00    68.86
100915  101412  0.00    80.83
100919  101124  5.50    126.49
100920  100573  4.83    61.22
100923  101104  0.00    32.78
100943  100859  16.00   61.87
100950  100943  0.00    3.83
100958  100479  9.79    75.53
100960  101348  8.33    101.66
100961  100743  6.62    86.60
100965  101428  0.00    95.34
100969  100190  10.00   122.88
100970  101096  6.22    38.47
100973  101088  7.64    19.25
100983  101080  10.33   50.66
100983  101435  8.43    74.74
100984  101447  6.00    75.27
100984  100591  9.69    94.65
100988  100849  1.00    40.38
100991  100950  0.00    32.64
100993  100896  8.50    40.59
100993  100814  9.80    89.55
100994  101057  20.00   11.18
100997  101366  7.79    64.39
101001  100991  0.00    8.39
101009  101230  0.00    36.11
101012  101824  0.00    128.75
101018  100628  9.55    129.01
101036  100846  8.44    58.70
101039  100489  0.00    88.18
101043  100526  5.17    85.66
101047  101209  0.00    24.65
101053  101500  0.00    114.89
101061  101864  9.29    135.15
101061  101220  6.67    53.11
101070  101111  0.00    4.68
101070  101121  8.67    28.12
101079  101104  11.50   6.79
101079  101613  5.50    81.66
101080  101141  0.00    7.79
101082  101457  13.14   85.93
101082  101697  9.00    97.97
101085  101179  3.00    17.29
101088  101591  6.63    76.64
101088  101344  11.20   146.68
101091  100340  5.33    121.48
101092  100639  10.40   79.80
101096  101365  9.29    76.84
101104  101264  11.50   56.41
101110  101346  6.68    37.52
101110  100636  10.50   106.27
101111  101342  0.00    36.20
101119  100704  11.29   116.29
101119  101745  1.00    113.95
101121  101036  2.00    38.64
101121  101342  0.00    40.56
101124  101480  6.43    95.38
101141  101224  3.00    45.06
101141  101671  8.17    86.53
101155  100590  7.25    101.16
101163  100988  0.00    48.95
101167  101274  3.00    17.03
101170  101451  3.00    45.36
101176  101092  0.00    16.29
101179  101220  1.00    7.03
101184  101511  9.25    54.59
101194  101500  3.00    60.82
101194  100758  20.00   113.23
101196  101234  0.00    5.93
101208  100920  12.22   102.52
101209  101270  7.22    29.73
101209  101305  0.00    15.50
101211  100826  9.57    112.59
101211  100589  7.25    114.56
101220  101556  10.69   52.32
101224  100846  8.67    82.92
101224  101240  3.00    4.64
101227  101686  10.50   138.73
101229  100742  8.50    88.80
101230  101730  0.00    81.37
101230  101436  0.00    90.76
101240  101337  26.50   48.53
101247  101451  6.04    108.69
101251  101806  9.50    83.17
101251  101303  5.00    82.54
101254  100920  9.24    60.32
101264  101416  9.83    59.40
101270  101609  8.83    54.29
101274  101495  9.13    35.74
101277  101043  8.67    38.03
101277  101495  11.36   90.55
101291  100900  9.06    115.09
101291  101935  8.26    116.86
101299  100993  8.86    100.99
101303  100859  10.36   80.33
101318  100743  10.69   90.53
101318  101225  14.26   47.11
101324  100586  11.80   115.60
101325  102228  6.85    141.89
101331  101434  7.90    94.86
101337  101432  6.50    48.33
101337  102115  8.67    125.99
101342  101376  3.00    6.79
101344  101595  13.33   146.67
101348  101519  13.20   99.24
101363  101324  0.00    47.87
101363  100637  10.25   114.48
101365  101997  7.52    112.37
101366  101943  10.32   94.75
101370  101910  4.07    84.56
101376  101498  5.46    18.93
101376  101018  13.15   128.72
101379  101444  0.00    51.48
101379  102206  3.64    127.03
101386  100960  0.00    72.65
101410  101657  9.11    37.35
101412  101946  20.00   80.86
101416  101610  9.85    63.58
101416  101957  9.00    81.60
101428  101230  0.00    45.46
101428  101730  10.00   62.51
101432  102335  11.50   144.69
101432  101545  0.00    48.25
101434  101318  10.18   94.63
101435  101110  11.20   79.62
101444  101324  10.80   20.32
101447  101119  8.67    128.81
101447  101804  21.71   99.63
101451  102033  5.85    88.70
101457  101842  5.33    85.76
101480  101770  7.25    66.25
101480  101656  0.00    27.86
101487  101833  0.00    51.02
101494  101363  1.00    20.53
101495  102069  7.59    89.10
101498  101659  11.06   64.28
101498  101545  0.00    7.66
101504  101208  8.54    102.51
101506  101274  8.71    63.91
101513  101577  0.00    20.15
101519  101728  12.67   99.29
101524  101444  6.50    12.46
101545  102030  3.00    76.98
101546  100709  10.85   133.23
101546  101494  0.00    50.92
101556  101864  7.93    104.28
101560  101875  0.00    145.96
101565  101254  12.60   105.40
101571  102138  6.48    91.16
101573  100958  8.62    103.48
101573  102251  6.30    106.35
101577  101766  0.00    31.42
101587  101524  10.00   47.99
101587  101494  0.00    12.45
101591  101652  20.00   8.96
101595  101656  3.00    33.64
101595  101799  0.00    30.62
101598  100970  8.39    114.30
101598  101211  10.08   112.98
101602  101299  9.50    100.83
101602  101846  12.50   107.73
101610  101254  9.83    57.04
101613  102137  3.00    81.71
101629  102016  0.00    88.51
101629  102317  9.38    124.65
101646  101211  11.07   76.91
101652  101959  8.00    69.93
101652  102441  11.17   129.22
101656  101770  6.50    67.89
101657  101843  5.33    29.42
101659  101686  3.00    9.86
101659  102153  10.00   81.71
101663  101988  2.60    50.34
101663  101591  5.43    98.77
101671  101435  7.25    53.33
101686  101794  7.23    49.61
101697  102248  3.00    96.96
101728  101882  9.00    83.55
101730  102016  0.00    45.00
101733  101546  15.00   26.21
101734  101696  8.60    105.15
101736  101155  50.00   101.20
101745  101291  15.50   116.31
101745  102353  7.06    114.83
101746  101842  0.00    20.06
101751  101229  0.00    88.98
101751  101736  3.00    73.26
101755  101629  0.00    107.76
101764  101663  3.00    113.14
101766  101513  11.50   41.62
101767  101565  13.29   62.06
101770  102083  4.75    82.93
101794  101905  4.80    51.21
101794  102296  8.77    83.88
101797  101264  8.33    80.82
101799  101764  6.00    73.17
101799  101927  5.92    55.92
101804  101983  7.63    97.93
101806  102443  8.68    107.46
101824  101766  0.00    54.08
101833  101733  9.10    95.08
101842  102248  2.33    79.05
101843  102207  6.63    59.64
101846  102008  11.50   83.23
101846  101504  10.73   102.91
101864  102278  9.00    98.94
101875  101745  0.00    39.15
101882  102040  11.11   83.55
101883  101346  7.60    102.59
101885  101428  0.00    70.69
101886  101091  2.33    121.57
101886  101833  7.67    49.87
101901  102171  0.00    50.81
101902  101671  17.00   54.10
101902  101240  8.67    106.82
101905  101602  10.27   73.16
101910  102430  5.88    84.68
101921  101905  3.00    6.61
101927  102139  8.67    140.19
101927  102165  0.00    38.51
101935  102215  8.30    52.80
101935  101506  8.13    115.46
101946  102372  3.00    68.84
101949  102026  1.00    15.01
101957  102494  10.29   81.57
101959  101885  0.00    20.22
101983  101886  4.00    15.71
101988  102312  8.67    49.65
101989  102431  0.00    82.48
101997  101598  9.20    113.46
101997  102414  7.57    76.65
102006  101303  7.76    112.29
102008  101767  13.71   82.23
102008  102277  10.50   118.52
102016  102422  3.75    73.96
102022  101728  10.00   47.94
102022  102209  0.00    83.49
102024  101598  7.87    76.52
102026  102677  3.00    113.20
102026  102624  7.88    88.86
102030  102521  11.00   76.98
102033  102626  11.50   88.65
102036  102022  0.00    1.79
102040  102340  9.26    146.56
102054  101994  0.00    18.09
102067  101646  8.40    76.86
102067  101806  6.70    77.21
102069  102480  10.65   62.96
102080  101988  7.48    117.59
102080  101764  5.33    51.44
102082  102036  11.50   8.61
102083  102139  1.00    12.37
102083  101785  0.00    62.99
102099  101610  6.81    76.99
102104  102526  0.00    76.18
102104  101959  0.00    24.91
102115  101902  12.67   51.32
102127  102082  7.25    6.89
102131  101875  5.73    74.48
102137  101946  19.50   69.95
102139  102157  0.00    28.49
102147  102054  6.00    81.62
102147  102532  0.00    84.30
102153  102694  15.75   81.71
102154  102269  3.00    99.11
102154  101733  8.86    66.99
102165  102507  0.00    49.83
102165  102080  11.50   118.89
102171  102069  14.33   27.32
102189  102874  3.44    129.62
102197  102127  0.00    38.81
102197  102594  0.00    57.47
102200  102189  9.00    37.06
102206  102622  6.50    60.16
102206  102147  7.80    53.81
102209  102394  0.00    83.43
102215  102688  11.73   115.91
102215  102573  8.45    62.82
102217  102356  0.00    25.71
102227  102228  0.00    8.76
102227  102541  11.50   46.66
102228  102317  12.29   49.73
102239  102844  5.00    109.63
102243  101556  8.91    103.42
102244  101921  8.67    138.87
102244  101846  9.50    64.10
102247  101921  3.00    53.72
102248  102677  3.00    75.41
102251  102829  10.29   124.10
102251  102673  7.63    60.86
102272  102206  10.00   53.40
102272  101524  10.30   113.89
102274  102227  4.93    114.47
102277  101767  10.75   88.51
102277  102454  3.00    84.43
102278  102370  6.47    95.93
102279  102460  13.25   49.00
102296  102862  5.00    83.84
102305  102197  0.00    45.53
102305  102680  0.00    52.48
102311  101797  6.50    80.85
102311  102137  6.50    61.77
102312  102676  8.67    51.07
102312  102407  7.91    120.48
102317  102675  2.50    90.31
102322  102274  5.50    114.47
102323  102272  5.80    47.98
102323  101587  14.33   114.05
102331  101885  0.00    80.49
102335  102115  9.75    51.53
102338  102243  5.50    141.31
102340  102850  10.96   147.81
102353  101935  13.90   115.71
102353  102688  10.20   54.84
102356  102171  6.50    49.35
102363  102165  0.00    149.37
102370  102842  6.19    69.45
102370  102322  8.20    114.48
102372  102200  4.01    95.84
102378  102154  11.29   33.92
102378  102323  8.00    49.43
102389  101883  8.28    102.10
102393  101997  9.68    114.62
102393  101802  9.71    108.72
102394  102040  3.00    56.45
102407  102507  3.00    118.16
102407  102080  0.00    49.87
102414  102917  7.95    76.65
102420  102244  6.88    81.43
102422  102675  13.20   37.79
102423  102393  8.67    11.30
102430  102239  5.15    74.43
102431  102338  7.55    141.31
102435  102965  7.58    91.71
102435  102335  7.82    27.36
102441  103330  2.33    129.03
102443  103042  10.62   104.83
102447  102024  10.13   76.50
102447  102067  9.90    111.30
102453  102814  0.00    50.85
102454  102603  9.83    63.72
102454  101565  9.86    148.93
102457  102525  0.00    16.93
102460  102131  10.00   58.19
102480  102937  7.76    60.36
102494  102311  9.13    64.02
102498  102372  5.38    40.75
102500  102431  3.77    59.31
102500  102127  15.75   57.07
102501  102305  10.00   81.96
102501  102815  3.00    42.56
102507  102631  0.00    122.31
102521  102435  4.90    22.97
102525  102833  5.17    76.22
102526  103017  0.00    76.53
102541  103030  9.83    120.35
102541  102695  3.00    18.70
102558  102996  7.20    65.95
102573  102942  8.75    57.18
102573  102356  8.33    54.99
102574  102353  7.00    57.76
102577  102247  8.67    51.57
102594  102500  9.83    51.42
102595  102247  5.71    138.60
102595  102244  10.00   54.63
102603  102099  6.91    76.53
102605  102131  6.80    124.57
102610  102422  8.27    47.90
102617  102859  6.21    107.64
102617  103342  7.43    105.11
102624  103227  8.09    87.66
102626  102430  2.33    78.55
102631  102363  0.00    48.65
102641  103023  3.00    56.89
102641  102420  8.50    81.43
102662  102378  3.71    38.74
102662  102778  10.92   72.25
102675  103017  8.86    87.02
102676  102784  7.67    119.86
102676  103049  5.22    50.62
102677  102874  11.50   32.78
102680  102594  6.46    44.54
102688  103061  14.33   60.93
102694  102521  7.50    56.20
102695  103106  7.25    55.86
102698  102603  5.00    12.44
102698  102494  7.80    62.31
102727  102967  2.33    103.42
102727  102243  5.14    69.07
102735  102498  5.96    75.43
102741  102695  5.43    105.74
102745  102498  0.00    35.19
102770  102938  8.77    121.04
102778  102371  10.00   53.63
102778  102867  0.00    74.60
102784  102407  0.00    48.35
102784  102883  0.00    115.77
102789  102694  7.14    31.10
102792  102741  0.00    105.74
102800  103004  3.00    118.40
102814  103127  0.00    120.88
102814  103317  0.00    78.71
102815  103150  1.00    47.64
102815  102680  8.76    69.40
102826  102574  8.91    56.25
102826  102460  10.00   57.50
102830  102595  13.20   81.09
102833  102996  10.38   45.38
102833  103460  10.82   94.89
102842  103243  11.50   62.28
102842  102792  9.00    105.74
102844  102856  0.00    3.27
102847  102500  9.80    46.80
102847  103188  7.10    118.63
102857  102641  6.00    79.93
102859  102727  8.67    18.28
102862  102789  2.00    29.00
102867  101983  8.63    127.24
102874  103227  5.07    71.16
102877  102393  8.94    75.86
102882  102006  10.00   125.84
102883  103043  0.00    84.57
102883  103230  0.00    46.85
102900  102862  5.33    14.23
102900  103673  7.96    118.75
102903  102745  0.00    51.66
102917  102447  8.21    115.28
102917  103653  7.05    125.86
102932  102626  4.25    76.55
102934  102104  0.00    123.11
102937  103351  8.26    62.23
102938  102867  3.00    9.37
102942  103292  6.47    57.27
102942  102480  9.63    108.22
102959  103571  11.50   91.17
102965  102389  8.22    102.17
102965  103785  6.53    118.64
102967  103280  7.00    103.96
102969  102595  10.50   54.00
102969  102577  11.00   137.89
102983  102903  0.00    28.99
102996  103536  12.31   148.76
103004  103493  4.67    72.99
103013  102900  5.67    44.77
103013  102577  11.69   63.39
103017  103171  2.50    36.23
103018  102815  6.73    53.98
103023  103399  13.22   57.51
103023  102830  6.50    81.09
103030  103475  8.00    120.35
103038  103013  20.00   8.13
103042  102447  7.85    95.98
103042  103090  11.07   8.45
103043  102631  0.00    74.41
103043  103291  0.00    105.21
103046  103341  8.67    87.55
103049  103136  10.25   116.96
103049  103330  9.71    41.63
103057  103163  1.75    33.51
103059  103426  13.20   58.90
103059  102857  10.08   79.93
103061  102573  7.33    115.42
103061  103715  13.25   113.87
103090  103567  7.81    104.76
103090  103653  8.78    113.36
103098  102934  0.00    25.45
103098  103408  10.75   84.45
103106  103612  6.45    131.40
103107  102698  9.15    64.20
103120  103542  7.67    64.54
103120  103106  3.00    43.92
103127  103317  0.00    53.88
103134  103493  9.94    123.88
103134  102800  20.00   48.21
103136  103492  3.00    65.84
103136  102784  10.00   49.59
103136  103153  0.00    24.00
103141  103107  0.00    5.04
103153  103230  0.00    96.35
103153  103395  10.00   53.62
103163  103522  3.34    144.78
103171  103345  1.00    45.68
103177  103120  6.60    123.99
103188  103520  8.77    118.82
103198  102969  14.50   81.09
103227  103411  4.13    50.54
103230  103273  0.00    54.57
103243  103177  4.25    123.98
103243  103625  0.00    66.83
103243  103261  1.00    34.34
103250  103023  11.90   79.85
103251  103158  1.00    17.70
103261  103991  10.22   112.89
103261  103305  9.20    67.34
103272  102847  7.25    59.05
103273  103043  0.00    42.81
103280  103994  13.25   110.24
103284  103450  0.00    27.32
103291  103862  0.00    109.08
103292  102937  8.00    88.47
103300  103061  10.00   58.66
103300  102574  14.33   117.49
103305  103342  7.25    59.11
103305  103853  8.00    85.25
103317  103448  0.00    52.97
103319  102826  8.93    126.99
103330  103408  3.00    15.59
103341  103242  6.75    84.88
103342  104217  6.78    129.80
103344  102877  10.32   75.92
103344  102917  7.75    115.04
103345  103560  6.92    64.09
103345  103098  10.00   42.54
103351  103814  8.00    72.49
103361  102938  9.42    60.55
103375  102969  11.18   61.65
103375  103038  6.78    129.22
103395  103580  0.00    42.97
103399  103198  15.75   81.09
103399  103795  9.13    61.15
103408  103644  6.44    40.61
103409  102971  8.00    64.76
103411  103571  3.55    75.54
103411  102932  8.60    78.78
103412  103272  0.00    66.55
103426  103818  9.57    59.37
103426  103250  12.71   79.85
103428  103780  8.44    131.53
103428  103038  5.32    61.50
103446  102859  8.00    90.75
103446  103836  5.22    122.90
103448  102745  0.00    112.64
103450  103361  10.33   61.01
103457  103163  6.77    47.96
103460  104144  11.43   94.90
103475  103171  6.87    55.51
103488  103409  11.50   13.65
103492  103993  7.25    82.15
103492  103782  0.00    70.04
103493  103758  7.27    71.56
103501  102826  8.78    118.29
103501  103300  7.60    56.04
103520  103134  9.93    59.94
103536  103608  8.48    105.33
103542  104059  0.00    71.73
103542  104019  0.00    127.33
103560  103644  7.86    19.56
103562  103542  0.00    111.99
103567  102882  7.07    122.57
103571  103404  5.37    127.10
103572  103186  8.18    95.14
103573  103446  6.50    55.55
103575  103375  8.39    81.16
103579  103450  6.26    75.96
103579  102662  9.20    135.46
103580  103273  40.00   102.33
103598  104020  0.00    59.50
103600  103399  11.13   79.77
103606  103319  7.44    125.39
103607  102903  0.00    112.87
103608  104204  11.89   81.85
103608  103579  10.31   16.30
103612  104019  4.00    66.06
103612  103864  3.00    66.41
103625  103781  3.00    25.16
103625  103562  7.00    111.98
103632  103351  9.22    78.53
103644  103993  8.75    91.61
103649  103580  0.00    10.77
103653  103690  1.67    8.01
103673  102789  10.71   142.56
103673  104406  8.27    111.66
103690  104436  7.75    144.14
103690  103958  20.14   79.32
103715  103292  5.25    112.85
103723  103344  6.66    103.40
103751  103251  7.21    80.22
103756  103361  8.63    58.75
103756  103606  7.47    100.75
103780  103995  9.25    79.79
103780  104180  6.40    58.75
103782  103924  2.00    42.10
103782  103395  10.50   68.09
103783  103573  13.89   86.76
103795  103575  9.86    81.16
103795  104227  11.00   61.28
103810  103673  11.50   52.16
103810  103428  12.44   58.55
103814  104042  10.02   85.49
103814  104284  5.35    67.69
103818  104247  4.67    61.49
103818  103600  3.00    79.77
103864  103475  7.00    63.46
103904  103520  5.86    54.83
103908  103487  7.36    60.87
103916  104277  6.67    58.46
103917  103272  4.88    102.64
103921  103536  0.00    54.34
103924  103649  0.00    48.81
103931  104304  4.75    52.50
103953  103501  7.00    117.57
103958  104436  6.40    82.70
103968  103567  7.50    79.36
103968  104561  7.16    131.31
103995  104227  9.69    79.79
104011  103795  6.67    79.69
104020  103921  1.00    63.88
104042  104368  8.06    86.26
104067  103573  0.00    111.54
104075  104327  3.27    63.53
104078  103965  0.00    14.82
104078  104020  0.00    32.88
104115  103560  9.00    88.79
104120  103782  2.00    55.76
104137  104148  8.62    2.26
104144  104078  11.67   45.35
104144  105108  10.26   144.84
104178  104359  0.00    34.74
104180  104544  11.50   59.08
104180  103810  9.55    130.77
104190  103501  11.33   112.71
104190  103715  9.31    115.62
104198  104221  10.00   2.35
104204  104768  9.00    81.87
104212  103446  14.33   110.19
104218  103344  8.06    122.73
104227  104404  11.00   79.63
104227  104574  8.80    59.28
104229  103810  2.60    59.08
104247  104624  13.00   61.58
104247  104011  8.00    79.66
104258  104263  10.00   2.49
104277  104368  10.00   19.70
104284  104327  3.00    8.25
104317  103953  3.00    59.61
104327  104504  3.00    28.89
104343  104856  10.78   137.00
104359  104277  0.00    27.38
104368  104604  7.20    40.05
104368  104843  8.71    115.14
104370  104180  14.33   79.99
104379  103606  10.75   111.50
104391  104247  7.14    69.22
104404  104624  10.29   79.63
104406  104756  17.90   51.35
104406  104728  10.00   56.90
104428  103953  12.29   118.95
104436  104692  7.47    35.12
104450  104284  9.00    80.89
104459  104078  0.00    58.12
104478  104359  0.00    30.31
104479  104478  0.00    66.19
104500  103756  5.30    109.11
104504  104856  8.36    50.14
104544  104229  7.64    131.23
104544  104953  9.00    61.25
104555  104855  7.47    73.97
104561  105453  7.67    136.01
104574  104965  5.14    59.46
104574  104370  9.83    79.99
104582  104756  3.00    51.83
104582  104229  8.53    59.82
104602  104500  8.05    65.46
104602  105163  6.00    83.60
104604  104450  7.40    80.72
104604  105062  10.67   77.92
104622  104317  21.44   53.77
104622  104190  9.44    116.67
104624  105007  11.00   59.54
104662  104478  0.00    44.03
104670  104428  1.00    56.49
104670  105324  20.00   111.59
104692  105042  6.05    94.16
104692  105416  8.52    103.08
104704  105485  7.80    114.91
104705  105652  9.61    137.00
104756  105144  7.44    101.60
104767  104428  1.00    54.42
104767  104317  10.00   118.00
104768  104602  9.55    91.06
104779  104544  7.88    79.72
104807  104574  11.50   79.65
104841  105340  0.00    73.30
104842  104582  9.55    59.58
104842  105144  8.90    50.14
104843  104190  14.33   113.34
104843  105312  7.31    116.47
104855  105068  5.92    59.63
104856  104935  10.00   12.94
104875  105479  4.75    89.74
104875  104768  7.33    72.39
104892  104670  6.50    56.04
104892  105547  7.58    112.75
104892  105149  8.33    80.45
104911  103921  7.19    142.09
104911  104875  5.60    23.23
104935  105316  6.74    57.36
104953  104842  11.33   46.37
104965  104779  9.80    79.70
104965  105379  9.38    60.70
105007  104807  10.33   79.65
105042  105380  8.97    85.18
105042  104218  9.26    122.73
105062  105767  9.72    117.42
105062  104504  7.59    143.49
105068  105316  4.00    57.74
105076  104767  20.00   57.82
105076  104622  11.00   117.80
105108  105862  8.58    103.89
105108  104911  8.92    136.17
105141  104843  7.56    56.07
105144  105313  7.25    29.77
105146  104953  12.09   80.00
105149  104500  3.67    94.12
105158  104935  0.00    66.96
105163  105762  9.63    83.54
105169  104965  11.90   79.48
105178  105576  10.00   66.22
105199  105108  7.28    47.50
105215  105149  1.00    8.39
105294  105062  8.88    56.21
105294  106006  8.67    117.23
105312  105798  8.33    120.00
105312  104622  6.00    118.09
105313  105559  5.46    95.27
105316  105998  6.67    113.68
105316  105531  8.86    58.56
105324  106028  9.80    117.46
105324  105076  10.50   56.39
105340  105199  8.19    80.21
105357  106027  0.00    134.74
105357  105215  2.88    18.30
105359  105340  0.00    13.02
105379  105146  4.59    80.00
105393  105169  11.33   79.48
105416  106153  7.44    103.07
105431  105359  8.00    46.20
105453  105847  10.53   66.53
105453  105700  20.00   78.47
105479  106116  7.15    89.74
105485  105431  8.80    33.95
105523  104855  12.38   114.79
105525  105141  11.00   61.47
105525  105294  13.63   58.43
105531  105718  0.00    29.76
105531  105576  9.00    10.67
105547  106228  6.00    114.87
105547  105324  6.00    56.04
105559  105825  4.70    95.25
105576  105767  16.67   46.50
105587  105379  7.88    79.74
105596  105485  4.88    61.13
105628  105141  6.91    114.69
105628  105312  6.80    54.16
105652  105596  6.96    45.96
105654  105199  0.00    63.03
105718  105718  0.00    121.66
105756  105359  0.00    56.00
105759  105068  4.67    113.80
105759  105523  9.86    58.18
105762  105357  6.00    61.88
105766  105525  5.82    58.03
105767  106006  7.86    57.05
105767  106417  8.67    113.96
105798  106028  6.80    55.60
105798  105220  2.00    93.25
105811  105587  9.64    79.74
105825  106201  14.33   59.02
105825  106205  6.67    149.14
105847  106153  8.88    58.19
105847  106291  9.30    102.32
105859  105762  10.67   15.41
105862  106152  9.83    130.65
105862  106300  8.00    66.66
105893  105313  7.45    90.75
105997  105766  9.83    55.05
105997  105628  0.00    61.57
105998  106635  7.53    117.11
105998  105759  8.33    58.96
106006  106630  7.67    115.07
106006  106215  10.29   56.93
106023  105859  8.80    25.79
106027  105215  2.60    134.82
106028  106670  6.88    115.55
106028  106228  4.75    55.49
106046  105042  9.63    136.85
106063  105859  9.88    115.66
106116  106063  8.27    39.68
106147  106116  9.00    21.25
106152  106453  20.00   54.54
106200  105431  7.96    110.42
106201  105893  8.36    121.74
106201  106563  14.33   58.79
106212  105523  6.68    114.98
106215  106429  6.50    58.18
106215  105525  15.50   116.77
106228  106448  5.42    64.71
106228  106642  7.00    76.41
106237  106147  6.73    53.79
106297  106023  0.00    96.05
106300  106316  9.33    33.08
106310  106237  0.00    11.03
106316  106237  6.71    51.16
106324  105997  8.33    59.31
106372  105596  7.58    113.62
106387  105893  7.57    80.72
106389  106389  0.00    83.34
106389  106316  0.00    11.67
106396  106858  0.00    87.19
106417  105998  11.57   115.56
106417  107052  6.89    117.70
106424  105759  15.00   116.36
106424  106212  12.44   58.01
106429  106638  3.00    57.09
106429  105766  0.00    116.75
106448  106729  1.00    51.15
106448  106689  7.31    65.51
106450  105997  9.86    120.22
106450  105798  5.00    115.40
106453  106864  11.63   100.94
106453  106913  6.08    91.01
106459  106023  6.32    76.58
106563  106928  10.73   149.73
106563  106863  9.00    47.32
106566  106201  7.53    149.44
106630  106417  1.00    57.16
106630  107266  3.00    116.75
106635  106424  3.00    57.58
106635  107262  7.17    116.28
106638  106859  3.00    57.12
106638  106324  6.50    57.69
106640  106147  3.00    76.59
106642  106875  7.00    40.65
106670  107292  8.43    115.05
106670  106450  9.83    59.28
106689  106948  0.00    50.54
106689  106858  7.87    46.37
106690  106063  8.50    98.02
106700  106459  4.73    43.14
106700  106690  6.50    12.14
106762  106450  10.00   58.03
106762  106324  7.80    119.56
106802  106642  7.80    43.44
106802  107169  0.00    68.34
106858  107144  6.25    81.84
106859  107503  11.50   116.30
106859  107069  8.40    61.19
106861  106630  9.00    58.91
106861  106215  4.83    115.68
106863  106387  21.78   80.67
106864  107263  17.00   101.02
106875  107504  8.90    114.95
106875  106670  8.27    55.04
106913  107380  7.00    87.84
106916  106690  4.17    143.04
106922  107100  4.75    58.47
106923  107168  9.25    45.63
106923  107314  7.33    117.54
106956  106863  2.33    18.25
106982  106802  10.00   50.04
107006  106916  3.00    57.36
107044  107201  0.00    39.75
107044  106916  0.00    22.47
107052  107706  8.81    116.68
107052  106635  7.80    115.58
107053  106424  11.50   116.45
107062  106429  5.00    116.01
107062  106861  6.25    56.60
107069  106762  10.00   58.25
107069  107292  4.71    60.32
107132  106459  9.78    127.30
107144  107132  0.00    2.62
107151  106982  10.00   50.95
107151  107532  0.00    65.28
107154  106861  0.00    57.60
107168  107651  6.14    110.48
107187  106700  5.83    89.02
107201  107279  0.00    11.73
107215  106700  10.80   91.78
107238  107201  6.75    8.92
107238  107279  20.00   12.35
107263  107744  11.50   112.99
107277  107062  12.43   58.26
107277  106638  5.60    116.34
107278  106913  6.90    102.82
107279  107855  14.33   111.08
107286  106956  10.22   136.17
107292  107504  8.91    55.68
107314  107820  7.80    118.16
107318  106982  0.00    60.09
107326  107417  0.00    24.57
107336  107417  0.00    54.21
107347  107151  1.00    49.30
107347  107708  0.00    65.16
107356  108048  1.00    112.46
107356  107238  11.50   27.47
107380  107356  3.00    7.21
107417  107878  0.00    84.27
107433  106956  9.00    80.25
107469  107132  6.50    89.22
107488  107154  7.44    58.62
107492  107675  0.00    31.56
107503  107277  17.50   57.36
107504  107724  10.00   40.38
107520  107380  5.83    43.69
107586  107675  0.00    25.20
107599  107144  8.38    78.42
107599  107347  7.86    63.61
107615  107154  9.00    115.50
107615  107277  6.50    57.21
107634  107215  0.00    89.49
107650  106922  11.50   120.75
107651  108097  5.50    110.44
107668  107263  10.50   72.33
107668  107278  10.50   102.82
107675  107891  0.00    43.78
107701  107520  3.00    60.13
107719  107503  0.00    58.52
107719  107069  9.36    116.78
107724  108125  5.00    76.31
107744  108190  11.00   112.97
107803  107187  7.33    90.70
107803  107469  3.00    89.21
107820  108560  14.09   122.31
107855  108439  6.00    111.06
107863  107724  10.00   39.70
107869  107701  3.00    57.26
107878  107863  0.00    6.87
107891  108197  0.00    56.25
107893  107615  11.00   56.28
107910  108443  0.00    95.00
107934  107668  10.00   82.06
107987  107878  0.00    30.58
108018  107987  0.00    8.29
108018  107891  0.00    65.87
108019  107615  13.20   115.95
108019  107719  10.25   57.16
108026  107668  11.50   67.45
108026  107869  10.80   53.11
108048  108676  11.50   100.14
108096  107599  7.52    92.25
108097  108560  11.07   110.28
108121  107987  0.00    24.68
108125  107719  7.24    115.34
108125  108464  12.60   57.17
108190  108547  6.86    78.87
108197  108018  3.00    52.93
108200  107863  0.00    64.44
108233  107934  15.00   82.05
108233  108479  0.00    65.61
108251  108096  3.00    43.92
108258  108048  14.33   54.12
108258  107520  10.50   120.39
108311  108121  0.00    34.00
108330  108026  9.83    94.53
108340  108019  2.00    55.96
108364  107803  7.40    93.51
108408  107701  3.00    113.07
108408  108258  0.00    58.05
108429  108233  0.00    73.53
108429  108190  3.00    37.49
108439  108364  4.67    24.45
108443  108197  7.67    95.61
108455  108986  6.50    99.77
108455  108251  1.00    47.00
108464  108019  11.50   114.87
108479  108429  0.00    8.47
108490  108121  0.00    73.73
108518  108439  20.00   34.49
108518  109314  14.33   136.75
108555  108408  0.00    55.11
108555  107869  14.00   107.64
108579  108125  9.83    116.21
108596  108096  9.60    80.02
108596  108443  6.50    41.74
108629  108518  5.73    50.67
108629  109311  29.50   110.21
108632  108455  0.00    48.83
108641  109052  0.00    61.32
108641  108330  11.17   94.53
108659  108026  3.00    101.64
108659  108555  0.00    50.95
108676  108629  3.00    23.93
108711  108659  0.00    23.85
108767  108479  1.00    53.80
108767  108641  0.00    40.93
108787  109256  3.00    83.47
108787  108579  7.53    62.23
108827  108364  6.70    88.94
108827  108632  3.00    55.24
108878  108676  9.64    85.93
108883  108579  14.71   57.51
108905  109052  3.00    50.69
108933  108596  6.50    52.78
108933  109140  7.25    57.76
108933  108251  12.29   127.77
108939  108408  10.86   83.68
108939  108878  0.00    24.33
108986  109472  15.00   99.70
109033  108767  3.00    79.62
109052  109262  0.00    35.55
109078  108555  9.00    82.02
109078  108939  7.43    55.67
109120  109262  0.00    54.28
109134  109078  3.00    28.95
109134  109786  8.67    109.93
109140  108787  6.53    93.20
109181  108659  0.00    81.86
109181  109134  8.00    20.36
109262  109285  0.00    5.07
109285  109637  0.00    136.15
109285  109617  20.00   55.50
109311  109542  8.33    110.72
109311  110085  6.80    129.78
109314  109311  12.71   74.01
109342  108632  9.20    136.62
109388  110044  4.75    111.33
109388  109181  11.50   92.03
109472  108933  9.80    84.87
109542  109786  11.00   109.05
109542  108878  5.83    110.30
109577  108827  4.68    147.11
109617  109388  14.11   108.35
109617  110287  9.92    109.42
109786  110613  8.86    130.68
109786  110044  9.44    111.96
109791  109314  6.00    105.98
109807  109140  3.00    127.58
109857  109617  5.33    108.48
110009  109342  3.00    136.48
110044  110287  3.00    108.89
110044  110940  10.29   137.14
110085  110936  10.30   129.78
110257  109542  10.75   116.41
110336  109577  7.91    147.24
110486  109791  11.50   109.16
110613  111465  7.67    130.51
110664  110758  5.05    59.25
110758  111323  10.00   85.61
110758  110940  0.00    76.37
110940  111702  6.67    122.87
110940  111212  7.25    76.06
111011  110257  10.00   116.41
1 2 106859 106638 105062 104604
2 2 100826 101211 101001 101043
3 4 100117 99423 101225 101318 98631 99192 95569 96012
4 2 90249 90151 89833 90276
5 3 97806 98143 99934 100058 96943 97648
