3562 8363 3 16 3 1 6412.46 2362.48
37418   90
37920   90
37939   90
37995   90
38043   90
38119   90
38391   90
38442   90
38465   90
38519   90
38526   90
38619   90
38642   90
38898   90
39094   90
39228   90
39273   90
39345   90
39515   4
39814   90
39838   90
40357   90
40818   90
41952   90
42591   90
43084   90
43103   90
43715   90
43737   90
44162   90
44971   90
45107   4
45348   4
45621   4
45824   90
45850   4
46115   4
46173   90
46203   4
46421   4
46457   4
46636   4
46840   90
46941   90
47867   4
48262   4
48358   4
48423   4
48519   4
48659   4
48777   4
49021   4
49089   90
49124   90
49142   4
49201   90
49264   90
49345   4
49406   90
49456   90
49605   4
49731   4
49922   4
50174   4
50285   4
50990   4
51139   4
51261   4
51265   4
51286   4
51443   4
51475   4
51588   4
51599   4
51630   4
51825   4
51861   4
52272   4
52442   4
52712   4
53004   4
53046   4
53428   4
53660   4
53710   4
53782   4
54208   4
54505   4
54538   4
54751   4
55024   4
55142   4
55536   4
56163   4
56232   4
56481   97
56496   4
56549   4
56653   4
56724   4
56890   97
57335   97
57844   4
57911   97
57963   4
58482   97
58516   97
58548   4
58828   97
58854   97
58997   97
59128   97
59131   4
59385   97
59430   4
59458   4
59468   97
59486   97
59705   97
59833   97
59891   97
59892   4
59956   97
60057   4
60210   4
60512   4
60687   97
60816   4
61002   97
61202   97
61230   97
61232   97
61301   97
61307   97
61373   97
61591   97
61607   97
61612   97
61891   97
61920   97
61977   4
62196   97
62292   97
62359   4
62453   97
62688   4
62835   97
62845   97
63003   97
63225   97
63454   97
63509   4
63612   4
63831   4
64355   97
64602   4
64718   97
64924   4
65103   97
65117   4
65937   97
66005   4
66179   97
66462   97
66563   97
66591   97
66677   97
66960   97
67072   97
67197   97
67509   97
67516   97
67578   97
67588   97
67624   97
67809   97
68134   4
68248   97
68425   97
68462   97
68472   97
68485   97
68523   97
68572   4
68657   97
68774   97
68858   97
69052   97
69581   97
69598   97
69817   97
70065   97
70250   97
70395   97
70508   97
70666   97
71145   97
71701   97
71950   97
72560   97
72670   97
72714   97
72803   97
72900   97
73305   97
73398   97
73477   97
73709   97
73801   97
74064   97
74085   97
74232   97
74262   97
74365   97
74490   97
74904   97
75002   97
75029   97
75200   97
75325   97
75549   97
75565   97
75870   97
75948   97
76012   97
76257   97
76929   97
76997   97
77024   97
77095   97
77259   97
77776   97
78309   97
78326   97
78344   97
78382   97
78500   97
78521   97
78841   97
79205   97
79306   97
79340   97
79428   97
79621   97
79630   97
80212   97
80441   97
80634   97
81602   97
82015   97
82136   97
82182   97
82220   97
82405   97
82431   97
82574   97
83384   97
83396   97
83420   97
35968   90
36185   4
36307   90
36573   90
36594   90
36604   4
36628   90
36826   90
36830   90
36957   90
37050   90
37089   4
37095   90
37129   90
37137   90
37140   90
37149   90
37150   90
37154   90
37175   90
37186   90
37205   90
37216   90
37237   90
37278   90
37307   90
37309   90
37314   90
37321   90
37325   90
37329   90
37339   90
37352   90
37370   90
37376   90
37421   4
37438   90
37444   90
37452   90
37484   4
37490   90
37499   90
37518   90
37537   90
37565   90
37577   4
37585   90
37593   90
37617   4
37646   90
37672   90
37678   4
37712   90
37725   90
37763   90
37764   90
37765   90
37770   90
37778   4
37782   90
37785   90
37803   90
37826   90
37838   90
37843   4
37851   90
37853   90
37869   90
37879   90
37884   4
37916   90
37943   4
37947   90
37951   90
37960   4
37961   90
37962   90
37974   4
37976   90
37984   90
38008   90
38036   90
38039   4
38063   90
38082   90
38090   90
38114   90
38120   90
38133   4
38156   90
38163   90
38167   4
38180   90
38181   90
38186   90
38204   90
38211   4
38225   90
38231   90
38232   90
38234   90
38243   90
38257   90
38259   90
38260   90
38285   90
38286   90
38290   90
38295   90
38302   90
38324   90
38330   90
38364   90
38365   90
38371   90
38387   90
38405   90
38409   90
38413   90
38416   90
38439   90
38443   90
38462   90
38507   90
38522   90
38527   90
38537   90
38538   4
38542   90
38545   90
38601   90
38609   90
38611   90
38615   90
38634   90
38640   90
38649   90
38655   90
38660   90
38661   90
38670   90
38682   90
38686   90
38694   90
38729   90
38738   90
38741   90
38751   4
38758   90
38798   90
38825   90
38828   90
38829   90
38835   90
38840   90
38861   90
38871   90
38883   90
38894   90
38912   90
38930   90
38936   90
38938   90
38969   90
38991   90
39008   90
39035   4
39039   90
39064   90
39067   90
39072   4
39075   90
39082   90
39090   90
39095   90
39103   90
39120   90
39141   90
39168   90
39233   90
39242   90
39260   90
39262   90
39266   90
39290   90
39316   90
39333   90
39336   90
39353   90
39361   90
39372   90
39392   90
39410   90
39412   90
39421   4
39424   90
39447   90
39473   90
39480   90
39483   90
39489   90
39495   90
39496   90
39514   90
39521   90
39525   90
39527   90
39547   90
39592   90
39598   90
39613   90
39624   90
39625   90
39647   90
39658   90
39675   90
39699   90
39725   90
39736   90
39742   90
39744   90
39769   90
39795   90
39801   90
39820   90
39865   90
39873   90
39894   90
39896   90
39902   90
39930   90
39935   90
39941   90
39944   90
39945   4
39948   90
40003   90
40024   90
40031   90
40037   90
40059   90
40060   90
40074   90
40101   90
40114   90
40117   90
40141   90
40156   90
40163   90
40168   90
40191   90
40206   90
40227   90
40229   90
40234   90
40271   90
40309   90
40316   4
40335   90
40355   90
40364   4
40386   90
40403   90
40431   90
40455   90
40521   90
40535   90
40545   90
40556   90
40624   90
40667   90
40721   90
40764   90
40783   90
40805   90
40836   4
40841   90
40860   90
40878   90
40891   90
40938   90
40961   90
40968   90
40973   90
40997   90
41009   90
41048   90
41104   90
41142   90
41145   90
41189   90
41258   90
41259   90
41316   90
41320   90
41353   90
41412   90
41428   90
41450   90
41486   4
41503   90
41514   90
41546   90
41565   90
41569   90
41588   90
41631   90
41681   90
41694   90
41697   90
41752   90
41788   90
41789   90
41814   90
41826   90
41858   90
41878   90
41880   90
41886   90
41906   90
41914   90
41968   90
41976   90
41993   90
42008   90
42036   90
42057   90
42087   90
42118   90
42171   90
42172   4
42186   90
42217   90
42238   90
42258   90
42262   90
42268   90
42287   90
42314   90
42320   90
42337   90
42352   90
42369   90
42378   90
42383   90
42400   90
42418   90
42420   90
42443   90
42446   90
42472   90
42478   90
42516   90
42550   90
42582   90
42597   90
42610   90
42615   90
42626   90
42705   90
42729   90
42762   90
42773   90
42776   90
42783   90
42790   90
42791   90
42808   90
42811   90
42812   4
42835   90
42848   90
42849   90
42889   90
42906   90
42944   90
42998   90
43062   90
43177   90
43179   90
43198   90
43246   90
43248   90
43270   90
43289   90
43291   4
43343   90
43357   4
43385   90
43419   90
43421   90
43485   90
43489   90
43534   90
43553   90
43557   90
43570   90
43574   90
43624   90
43662   90
43711   90
43732   90
43763   4
43807   4
43813   90
43831   90
43832   4
43859   90
43883   90
43946   90
43951   90
43967   90
43994   90
44026   90
44030   90
44033   90
44040   90
44045   4
44063   90
44073   90
44084   90
44094   90
44118   90
44124   90
44137   90
44183   4
44202   90
44221   90
44226   90
44227   90
44285   90
44309   4
44350   90
44358   90
44404   90
44426   4
44507   90
44534   90
44549   4
44582   90
44604   90
44611   4
44613   90
44616   90
44642   90
44703   4
44706   4
44747   90
44771   4
44813   90
44880   90
44896   4
44902   90
45040   4
45072   4
45076   90
45083   90
45094   4
45105   4
45112   90
45124   90
45132   4
45135   4
45154   4
45285   90
45313   90
45318   4
45378   90
45394   4
45396   4
45426   90
45433   4
45445   4
45453   4
45466   4
45482   4
45499   90
45509   90
45554   4
45559   4
45584   4
45595   4
45610   90
45695   90
45710   4
45715   4
45719   4
45728   4
45735   90
45737   90
45739   4
45791   4
45793   90
45834   4
45838   4
45859   4
45867   4
45873   90
45909   4
45918   90
45966   90
45993   4
46026   90
46043   90
46051   4
46087   4
46097   4
46099   4
46132   4
46156   90
46162   4
46163   4
46194   4
46198   4
46199   4
46223   4
46234   4
46265   4
46271   4
46307   4
46308   90
46311   4
46318   4
46324   90
46328   4
46339   90
46362   4
46438   4
46445   90
46453   4
46477   4
46478   90
46492   4
46498   4
46511   90
46517   4
46562   4
46586   4
46613   4
46630   4
46631   4
46634   90
46653   4
46654   90
46659   90
46695   4
46696   4
46709   4
46716   4
46719   4
46724   4
46728   4
46735   4
46749   4
46757   4
46765   4
46779   4
46784   4
46793   4
46799   4
46813   4
46821   4
46826   4
46834   4
46846   4
46852   90
46911   90
46924   4
46934   4
46947   4
46951   4
46987   4
46988   4
47020   4
47028   4
47042   4
47066   4
47072   4
47082   4
47099   4
47100   90
47120   4
47140   4
47143   4
47158   4
47179   4
47230   4
47231   90
47237   4
47241   4
47252   4
47254   4
47256   4
47259   4
47262   4
47269   4
47286   4
47306   4
47329   4
47370   4
47384   4
47432   4
47436   4
47440   4
47452   4
47462   4
47466   4
47489   4
47503   4
47506   4
47515   4
47551   4
47572   4
47574   90
47580   90
47588   90
47589   4
47592   4
47597   4
47617   4
47632   90
47635   4
47636   4
47652   4
47678   4
47684   4
47689   90
47697   4
47706   4
47713   4
47718   4
47737   90
47744   90
47746   4
47748   4
47781   4
47783   4
47790   4
47795   4
47796   4
47809   4
47813   90
47825   4
47849   4
47850   4
47858   4
47870   4
47876   90
47885   4
47894   4
47905   90
47908   4
47910   4
47929   4
47943   4
47945   4
47948   4
47971   4
47973   4
48020   4
48033   4
48039   90
48059   4
48092   4
48125   4
48138   4
48140   4
48146   4
48158   4
48197   4
48222   4
48226   4
48231   4
48240   4
48242   90
48249   4
48254   4
48292   4
48310   90
48316   90
48325   90
48327   4
48336   4
48341   4
48342   4
48353   4
48354   4
48367   4
48381   90
48395   90
48405   4
48410   90
48415   4
48421   90
48424   4
48436   4
48449   90
48456   4
48460   4
48467   4
48482   4
48485   4
48487   90
48504   4
48506   90
48514   4
48515   4
48518   90
48524   90
48525   4
48527   4
48545   4
48552   90
48560   4
48567   4
48574   4
48581   4
48586   90
48587   4
48599   4
48624   4
48628   4
48634   4
48641   4
48650   4
48656   90
48662   4
48665   4
48667   4
48677   4
48695   90
48704   4
48713   4
48736   90
48739   90
48740   4
48763   4
48766   4
48770   4
48809   90
48817   4
48824   4
48838   90
48847   4
48857   4
48862   4
48881   4
48884   4
48885   4
48895   4
48915   4
48921   90
48924   4
48925   4
48933   4
48963   90
48964   4
48974   4
49000   4
49008   4
49009   4
49019   4
49025   4
49034   4
49042   4
49049   4
49052   4
49053   4
49054   4
49061   4
49069   4
49074   4
49075   4
49084   90
49103   4
49143   4
49157   4
49159   4
49166   4
49168   4
49193   4
49208   4
49213   4
49227   4
49236   4
49240   4
49249   4
49262   4
49315   90
49321   4
49324   4
49328   90
49329   4
49333   4
49337   4
49339   4
49357   4
49404   4
49411   4
49413   4
49422   4
49425   4
49477   4
49478   4
49481   4
49490   4
49491   4
49497   4
49506   4
49511   4
49520   4
49538   4
49539   4
49542   4
49553   4
49560   4
49561   4
49562   4
49599   4
49610   4
49628   4
49659   4
49680   4
49725   4
49775   4
49815   4
49823   4
49829   4
49861   4
49866   4
49868   4
49880   4
49896   4
49901   4
49929   4
49937   4
49951   4
49953   4
49962   4
49964   4
49967   4
49979   4
49988   4
49989   4
49995   4
50016   4
50022   4
50040   4
50041   4
50045   4
50066   4
50084   4
50108   4
50122   4
50132   4
50148   4
50156   4
50186   4
50200   4
50208   4
50211   4
50223   4
50225   4
50231   4
50238   4
50259   4
50265   4
50269   4
50278   4
50307   4
50308   4
50309   4
50328   4
50329   4
50330   4
50336   4
50364   4
50366   4
50369   4
50370   4
50372   4
50384   4
50390   4
50396   4
50400   4
50405   4
50412   4
50427   4
50443   4
50446   4
50469   4
50485   4
50487   4
50506   4
50513   4
50517   4
50521   4
50522   4
50527   4
50528   4
50531   4
50540   4
50544   4
50561   4
50571   4
50583   4
50591   4
50615   4
50616   4
50620   4
50631   4
50644   4
50646   4
50653   4
50654   4
50685   4
50686   4
50692   4
50696   4
50700   4
50703   4
50715   4
50718   4
50724   4
50725   4
50738   4
50751   4
50757   4
50759   4
50767   4
50785   4
50788   4
50806   4
50818   4
50829   4
50837   4
50852   4
50860   4
50864   4
50870   4
50872   4
50874   4
50894   4
50900   4
50901   4
50910   4
50912   4
50916   4
50918   4
50941   4
50953   4
50962   4
50973   4
50984   4
51000   4
51002   4
51035   4
51038   4
51048   4
51083   4
51087   4
51091   4
51120   4
51121   4
51125   4
51133   4
51138   4
51145   4
51149   4
51151   4
51158   4
51164   4
51167   4
51178   4
51183   4
51186   4
51210   4
51213   4
51218   4
51223   4
51232   4
51250   4
51260   4
51270   4
51272   4
51275   4
51282   4
51295   4
51318   4
51323   4
51326   4
51334   4
51348   4
51352   4
51357   4
51368   4
51372   4
51378   4
51380   4
51387   4
51388   4
51390   4
51402   4
51403   4
51423   4
51432   4
51434   4
51442   4
51445   4
51463   4
51464   4
51469   4
51470   4
51471   4
51480   4
51486   4
51496   4
51501   4
51506   4
51514   4
51522   4
51528   4
51538   4
51547   4
51553   4
51561   4
51563   4
51568   4
51575   4
51576   4
51586   4
51601   4
51604   4
51622   4
51634   4
51642   4
51650   4
51653   4
51668   4
51670   4
51691   4
51698   4
51706   4
51716   4
51717   4
51728   4
51734   4
51752   4
51759   4
51764   4
51785   4
51786   4
51793   4
51795   4
51797   4
51804   4
51805   4
51823   4
51824   4
51841   4
51842   4
51883   4
51886   4
51887   4
51895   4
51903   4
51913   4
51918   4
51938   4
51941   4
51943   4
51955   4
51958   4
51964   4
51974   4
51986   4
51990   4
51991   4
51993   4
52009   4
52012   4
52021   4
52027   4
52033   4
52040   4
52076   4
52077   4
52084   4
52121   4
52145   4
52148   4
52160   4
52169   4
52174   4
52180   4
52192   4
52203   4
52207   4
52214   4
52221   4
52230   4
52241   4
52242   4
52247   4
52252   4
52271   4
52273   4
52274   4
52278   4
52296   4
52317   4
52330   4
52335   4
52341   4
52350   4
52358   4
52366   4
52392   4
52405   4
52423   4
52424   4
52439   4
52444   4
52447   4
52448   4
52450   4
52479   4
52485   4
52492   4
52502   4
52516   4
52526   4
52529   4
52560   4
52579   4
52606   4
52617   4
52639   4
52662   4
52670   4
52715   4
52724   4
52738   4
52780   4
52793   4
52802   4
52842   4
52861   4
52862   4
52918   4
52930   4
52936   4
52950   4
52963   4
53040   4
53066   4
53088   4
53105   4
53108   4
53124   4
53157   4
53204   4
53212   4
53224   4
53273   4
53315   4
53319   4
53340   4
53374   4
53397   4
53411   4
53427   4
53444   4
53537   4
53542   4
53564   4
53567   4
53575   4
53622   4
53628   4
53666   4
53693   4
53738   4
53743   4
53757   4
53783   4
53787   4
53795   4
53803   4
53809   4
53820   4
53850   4
53853   4
53865   4
53870   4
53881   4
53941   4
53953   4
53958   4
53990   4
54014   4
54035   4
54044   4
54046   4
54083   4
54088   4
54098   4
54125   4
54161   4
54179   4
54209   4
54249   4
54257   4
54260   4
54281   4
54320   4
54326   4
54327   4
54330   4
54346   4
54404   4
54427   4
54440   4
54478   4
54486   4
54501   4
54506   4
54512   4
54513   4
54539   4
54541   4
54553   4
54597   4
54606   4
54620   4
54623   4
54625   4
54627   4
54647   4
54702   4
54706   4
54731   4
54733   4
54743   4
54744   4
54754   4
54780   4
54802   4
54814   4
54845   4
54873   4
54879   4
54881   4
54885   4
54896   4
54920   4
54930   4
54935   4
54950   4
54987   4
54988   4
55009   4
55016   4
55019   4
55022   4
55026   4
55053   4
55062   4
55121   4
55123   4
55137   4
55147   4
55175   4
55185   4
55199   4
55269   4
55293   4
55294   4
55310   4
55321   4
55339   4
55340   4
55345   4
55350   4
55354   4
55357   4
55359   4
55370   4
55397   4
55401   4
55404   4
55471   4
55490   4
55518   4
55519   4
55522   4
55547   4
55580   4
55591   4
55596   4
55607   4
55629   4
55637   4
55662   4
55670   4
55686   4
55697   4
55728   4
55731   4
55732   4
55746   4
55754   4
55759   4
55771   4
55774   4
55787   4
55797   4
55798   97
55816   4
55834   4
55841   4
55852   4
55872   4
55912   97
55953   4
55969   4
55974   4
55981   4
55982   4
55996   4
56007   4
56057   4
56082   4
56087   4
56089   4
56118   4
56123   4
56134   4
56137   4
56151   4
56156   4
56194   4
56197   4
56201   4
56259   4
56375   97
56395   4
56406   4
56409   4
56421   4
56446   4
56477   97
56502   97
56529   4
56538   4
56553   4
56567   4
56571   4
56576   4
56586   4
56599   4
56608   4
56610   4
56613   4
56630   4
56659   97
56707   4
56726   4
56750   4
56755   97
56763   4
56781   4
56808   4
56811   4
56830   4
56832   4
56838   4
56898   4
56911   4
56920   4
56936   4
56951   4
56973   97
56988   4
57029   4
57032   97
57075   4
57085   4
57101   97
57107   4
57126   4
57145   4
57147   4
57149   97
57167   4
57168   97
57174   4
57175   4
57180   97
57185   97
57187   97
57192   4
57194   4
57236   4
57251   4
57261   4
57263   4
57270   4
57277   4
57281   4
57289   4
57300   97
57328   97
57350   4
57375   4
57382   4
57387   4
57391   4
57402   97
57417   4
57449   4
57451   4
57453   4
57460   4
57496   97
57512   4
57577   4
57596   4
57610   4
57614   4
57626   4
57628   4
57629   97
57672   4
57675   97
57695   97
57709   4
57710   97
57741   4
57744   4
57747   97
57792   4
57803   4
57829   97
57855   4
57862   4
57894   97
57908   4
57926   4
57935   4
57936   97
57959   4
57962   4
57964   4
57994   4
57999   97
58008   4
58011   4
58015   97
58060   4
58068   97
58106   97
58182   97
58219   97
58227   97
58245   4
58260   97
58265   97
58280   4
58298   4
58306   4
58337   4
58354   4
58362   4
58375   4
58412   97
58418   97
58437   97
58441   97
58498   97
58506   4
58507   97
58528   97
58532   4
58546   4
58616   4
58638   4
58661   4
58743   4
58744   97
58769   97
58779   4
58780   97
58784   4
58866   97
58878   97
58909   4
58921   4
58934   97
58955   97
58965   97
58967   4
58992   4
59016   4
59034   97
59109   97
59139   97
59159   97
59207   4
59229   4
59281   4
59309   97
59321   97
59350   97
59358   97
59360   97
59375   97
59379   97
59403   97
59436   97
59443   97
59469   97
59525   97
59567   97
59592   97
59597   97
59599   97
59604   97
59605   4
59606   97
59634   97
59636   97
59642   4
59656   4
59665   97
59672   4
59673   4
59732   97
59764   97
59785   4
59811   97
59849   97
59864   97
59894   4
59914   97
59929   4
59936   97
59950   97
59975   97
59979   97
59982   4
59996   97
60007   97
60040   4
60079   97
60080   97
60120   4
60131   97
60148   97
60164   4
60169   4
60199   97
60224   4
60228   97
60241   97
60242   97
60258   97
60268   97
60288   97
60292   97
60306   4
60365   4
60374   97
60388   4
60394   4
60407   4
60409   97
60431   4
60439   4
60447   97
60526   97
60542   97
60543   97
60559   97
60563   97
60569   97
60572   97
60580   4
60594   4
60618   4
60621   97
60631   4
60641   4
60650   4
60661   97
60697   97
60700   97
60714   4
60738   97
60757   4
60762   4
60764   97
60765   4
60771   97
60778   97
60782   97
60802   97
60818   97
60829   97
60838   97
60846   97
60859   97
60860   97
60869   97
60875   97
60904   97
60911   4
60917   97
60935   97
60987   97
61007   4
61026   4
61027   97
61029   4
61032   4
61034   97
61044   97
61082   4
61125   4
61129   97
61152   97
61154   97
61160   4
61173   97
61176   4
61183   97
61266   97
61271   4
61281   4
61283   97
61296   97
61314   97
61321   4
61337   97
61359   4
61370   97
61371   97
61372   97
61385   4
61391   97
61409   97
61415   4
61424   97
61429   4
61436   97
61450   4
61451   4
61469   4
61479   97
61513   4
61514   97
61517   97
61538   4
61563   4
61599   97
61601   97
61602   97
61605   97
61658   4
61688   97
61709   4
61711   4
61737   97
61739   4
61757   97
61765   97
61784   97
61787   97
61792   4
61802   4
61803   4
61867   97
61869   97
61897   4
61908   97
61955   4
61969   4
61973   4
61989   97
62013   97
62017   4
62039   97
62056   4
62084   4
62093   4
62095   97
62099   97
62121   97
62122   97
62127   97
62162   4
62185   97
62199   97
62209   4
62222   4
62255   97
62266   4
62291   4
62339   4
62344   4
62345   97
62354   97
62367   97
62368   4
62370   4
62388   4
62392   4
62393   4
62419   4
62428   97
62459   4
62467   97
62473   97
62476   97
62482   4
62506   97
62528   97
62545   4
62585   4
62586   97
62597   97
62607   97
62624   97
62637   4
62638   4
62655   4
62659   97
62662   97
62667   97
62681   97
62725   4
62726   4
62736   4
62737   4
62746   97
62809   4
62810   97
62815   97
62817   4
62827   4
62852   97
62910   4
62915   97
62936   97
62952   4
62964   4
62983   97
63022   4
63042   4
63065   97
63075   4
63133   97
63228   97
63242   97
63244   97
63252   4
63262   97
63265   4
63275   97
63307   4
63311   4
63316   4
63338   97
63361   4
63401   97
63418   4
63423   4
63491   4
63521   97
63552   4
63582   4
63583   97
63586   4
63591   97
63611   4
63618   97
63639   4
63688   4
63703   97
63711   4
63722   97
63736   97
63746   4
63756   97
63762   4
63798   97
63799   97
63843   4
63850   4
63857   97
63858   97
63929   4
63930   4
63931   4
63934   4
63946   97
63956   97
64018   97
64048   97
64114   97
64118   4
64132   97
64160   4
64164   4
64173   4
64184   97
64210   4
64234   4
64243   4
64272   97
64282   4
64315   97
64316   4
64358   97
64363   4
64401   97
64428   4
64465   97
64505   4
64506   97
64509   4
64510   4
64513   4
64523   97
64533   97
64537   97
64574   97
64584   4
64624   97
64641   4
64682   4
64688   97
64719   4
64720   4
64769   4
64787   97
64824   97
64878   97
64892   4
64919   97
64949   4
64965   4
64968   97
64987   4
64989   97
65028   97
65070   4
65090   97
65112   97
65126   97
65145   4
65198   4
65199   97
65211   4
65223   97
65229   97
65289   4
65303   4
65319   97
65322   97
65335   97
65347   4
65362   97
65363   97
65386   4
65402   4
65418   97
65421   4
65430   4
65433   4
65436   97
65464   4
65493   97
65508   4
65510   97
65513   97
65523   4
65574   4
65589   97
65613   4
65617   97
65636   97
65657   4
65679   4
65706   97
65769   97
65771   97
65791   97
65817   97
65826   97
65848   97
65873   97
65957   97
65970   4
65980   4
65988   97
65991   97
66003   97
66035   97
66045   97
66074   97
66080   97
66082   97
66090   97
66133   97
66141   4
66178   97
66190   97
66250   97
66309   97
66313   97
66330   97
66359   97
66361   4
66363   97
66367   97
66372   97
66384   97
66402   97
66415   97
66418   97
66443   4
66463   97
66470   97
66495   4
66497   97
66508   97
66513   97
66538   97
66595   4
66607   97
66679   97
66710   4
66714   97
66747   97
66783   97
66789   97
66817   97
66822   97
66829   97
66836   97
66841   4
66855   97
66869   97
66877   97
66880   97
66892   97
66898   97
66900   97
66909   97
66928   97
66930   97
66958   97
66968   97
66977   97
67050   97
67065   97
67076   97
67084   97
67086   97
67108   97
67113   97
67145   97
67152   4
67168   97
67177   97
67205   97
67216   97
67238   97
67251   97
67273   97
67306   97
67309   4
67331   97
67335   97
67340   97
67343   97
67363   97
67385   97
67407   97
67410   97
67413   97
67418   97
67423   97
67429   97
67457   97
67482   97
67515   97
67532   4
67571   97
67599   97
67607   97
67615   97
67643   97
67656   97
67661   97
67668   97
67671   97
67677   97
67679   97
67691   97
67693   97
67709   97
67753   4
67762   97
67775   97
67780   97
67798   97
67801   97
67822   97
67838   97
67840   4
67841   97
67843   97
67850   97
67876   97
67892   97
67895   97
67896   97
67904   97
67916   97
67921   97
67923   97
67934   97
67950   97
67957   97
67963   97
67990   97
68007   97
68024   97
68031   97
68047   97
68069   97
68082   97
68099   97
68109   97
68126   4
68130   97
68136   97
68143   97
68170   97
68173   97
68204   4
68218   97
68220   97
68222   97
68223   97
68243   97
68254   97
68264   97
68291   97
68311   97
68326   97
68328   97
68338   97
68343   97
68353   4
68371   4
68379   97
68381   97
68409   97
68413   97
68414   97
68421   97
68437   97
68441   97
68445   97
68450   97
68455   97
68468   97
68470   97
68483   97
68487   97
68517   97
68542   97
68546   97
68568   97
68575   97
68576   97
68588   97
68596   97
68598   97
68612   97
68616   97
68625   97
68639   97
68642   97
68644   97
68651   97
68661   97
68694   97
68695   97
68698   97
68720   97
68726   97
68732   97
68739   97
68743   97
68764   97
68769   4
68771   4
68773   97
68781   97
68795   97
68818   97
68825   97
68827   97
68833   97
68842   97
68860   4
68865   97
68868   97
68874   97
68883   97
68897   97
68921   97
68924   4
68942   97
68960   97
68969   97
68971   97
68987   97
69005   97
69014   97
69018   97
69037   97
69048   97
69054   97
69062   97
69081   97
69088   97
69092   97
69095   97
69098   97
69100   97
69102   97
69115   97
69117   97
69126   97
69144   97
69151   97
69158   97
69164   97
69175   97
69199   97
69210   97
69218   97
69222   97
69237   97
69238   97
69259   97
69264   97
69269   97
69287   97
69289   97
69305   97
69309   97
69310   97
69314   97
69316   97
69320   97
69324   97
69325   97
69328   97
69344   97
69352   97
69391   97
69402   97
69410   97
69419   97
69420   97
69445   97
69448   97
69457   97
69461   97
69462   97
69481   97
69483   97
69486   97
69510   97
69525   97
69546   97
69557   97
69568   97
69571   97
69574   97
69592   97
69593   97
69596   97
69600   97
69610   97
69613   97
69615   97
69625   97
69630   97
69632   97
69634   97
69635   97
69655   97
69671   97
69673   97
69684   97
69685   97
69697   97
69702   97
69703   97
69715   97
69737   97
69738   97
69749   97
69763   97
69767   97
69774   97
69801   97
69805   97
69812   97
69814   97
69815   97
69844   97
69867   97
69897   97
69907   97
69911   97
69917   97
69921   97
69925   97
69932   97
69939   97
69940   97
69949   97
69954   97
69960   97
69972   97
69978   97
69979   97
69989   97
69993   97
69995   97
69997   97
69998   97
70002   97
70008   97
70009   97
70017   97
70064   97
70066   97
70074   97
70088   97
70093   97
70114   97
70121   97
70125   97
70126   97
70131   97
70134   97
70139   97
70140   97
70142   97
70143   97
70144   97
70169   97
70176   97
70206   97
70207   97
70234   97
70274   97
70276   97
70282   97
70293   97
70302   97
70305   97
70311   97
70318   97
70321   97
70337   97
70351   97
70358   97
70371   97
70373   97
70375   97
70376   97
70380   97
70385   97
70403   97
70405   97
70406   97
70408   97
70429   97
70438   97
70452   97
70461   97
70484   97
70487   97
70489   97
70498   97
70501   97
70507   97
70511   97
70543   97
70560   97
70587   97
70595   97
70597   97
70600   97
70614   97
70619   97
70622   97
70625   97
70627   97
70651   97
70652   97
70658   97
70660   97
70687   97
70705   97
70707   97
70708   97
70715   97
70722   97
70725   97
70732   97
70734   97
70749   97
70750   97
70760   97
70763   97
70768   97
70773   97
70794   97
70814   97
70823   97
70828   97
70832   97
70842   97
70851   97
70853   97
70854   97
70855   97
70856   97
70865   97
70876   97
70882   97
70886   97
70897   97
70914   97
70918   97
70954   97
70955   97
70963   97
70975   97
71004   97
71017   97
71034   97
71042   97
71055   97
71057   97
71066   97
71071   97
71087   97
71105   97
71107   97
71122   97
71124   97
71151   97
71160   97
71165   97
71196   97
71198   97
71205   97
71209   97
71210   97
71212   97
71221   97
71232   97
71233   97
71262   97
71285   97
71301   97
71312   97
71334   97
71337   97
71361   97
71364   97
71366   97
71369   97
71397   97
71405   97
71441   97
71475   97
71489   97
71503   97
71504   97
71512   97
71513   97
71516   97
71517   97
71520   97
71525   97
71536   97
71543   97
71547   97
71558   97
71571   97
71586   97
71587   97
71601   97
71605   97
71609   97
71613   97
71627   97
71629   97
71632   97
71655   97
71663   97
71688   97
71696   97
71699   97
71700   97
71704   97
71705   97
71706   97
71710   97
71711   97
71726   97
71727   97
71781   97
71798   97
71807   97
71809   97
71812   97
71825   97
71829   97
71833   97
71840   97
71842   97
71846   97
71868   97
71877   97
71881   97
71899   97
71933   97
71935   97
71958   97
71963   97
71975   97
71980   97
71981   97
71985   97
71999   97
72000   97
72018   97
72026   97
72028   97
72030   97
72037   97
72044   97
72052   97
72065   97
72079   97
72082   97
72087   97
72092   97
72098   97
72099   97
72101   97
72104   97
72110   97
72112   97
72119   97
72124   97
72128   97
72131   97
72161   97
72166   97
72172   97
72185   97
72192   97
72194   97
72199   97
72203   97
72210   97
72213   97
72216   97
72222   97
72238   97
72240   97
72275   97
72277   97
72279   97
72293   97
72295   97
72298   97
72304   97
72308   97
72339   97
72340   97
72342   97
72347   97
72365   97
72377   97
72379   97
72385   97
72387   97
72389   97
72401   97
72406   97
72407   97
72408   97
72414   97
72422   97
72435   97
72454   97
72462   97
72467   97
72473   97
72474   97
72483   97
72484   97
72485   97
72495   97
72499   97
72500   97
72508   97
72509   97
72519   97
72534   97
72547   97
72583   97
72588   97
72591   97
72595   97
72600   97
72619   97
72637   97
72644   97
72665   97
72678   97
72681   97
72686   97
72687   97
72688   97
72695   97
72698   97
72706   97
72707   97
72721   97
72729   97
72741   97
72757   97
72759   97
72765   97
72779   97
72783   97
72790   97
72791   97
72801   97
72802   97
72809   97
72810   97
72823   97
72833   97
72838   97
72841   97
72848   97
72853   97
72854   97
72857   97
72858   97
72885   97
72887   97
72889   97
72901   97
72904   97
72906   97
72909   97
72925   97
72937   97
72944   97
72948   97
72958   97
72971   97
72975   97
72977   97
72979   97
72994   97
72997   97
72998   97
73019   97
73026   97
73032   97
73033   97
73050   97
73051   97
73056   97
73059   97
73063   97
73070   97
73078   97
73108   97
73144   97
73151   97
73159   97
73169   97
73175   97
73177   97
73182   97
73196   97
73204   97
73211   97
73235   97
73248   97
73258   97
73264   97
73271   97
73274   97
73284   97
73286   97
73288   97
73303   97
73304   97
73307   97
73310   97
73316   97
73322   97
73325   97
73336   97
73337   97
73338   97
73353   97
73354   97
73361   97
73366   97
73367   97
73373   97
73381   97
73383   97
73384   97
73390   97
73394   97
73400   97
73416   97
73420   97
73421   97
73429   97
73436   97
73437   97
73442   97
73450   97
73456   97
73468   97
73475   97
73480   97
73504   97
73518   97
73523   97
73531   97
73551   97
73552   97
73561   97
73566   97
73570   97
73576   97
73596   97
73599   97
73609   97
73612   97
73624   97
73625   97
73629   97
73639   97
73647   97
73663   97
73664   97
73666   97
73676   97
73705   97
73708   97
73710   97
73714   97
73717   97
73736   97
73744   97
73765   97
73771   97
73782   97
73784   97
73802   97
73811   97
73814   97
73817   97
73819   97
73826   97
73844   97
73853   97
73859   97
73866   97
73868   97
73870   97
73891   97
73894   97
73897   97
73901   97
73908   97
73939   97
73942   97
73947   97
73949   97
73965   97
73969   97
73985   97
74008   97
74019   97
74023   97
74028   97
74038   97
74048   97
74054   97
74065   97
74068   97
74069   97
74072   97
74121   97
74125   97
74130   97
74137   97
74168   97
74174   97
74175   97
74176   97
74178   97
74198   97
74199   97
74248   97
74251   97
74272   97
74290   97
74299   97
74312   97
74323   97
74324   97
74339   97
74346   97
74350   97
74367   97
74370   97
74380   97
74390   97
74392   97
74394   97
74423   97
74433   97
74455   97
74459   97
74470   97
74475   97
74480   97
74481   97
74493   97
74502   97
74510   97
74516   97
74519   97
74522   97
74530   97
74554   97
74557   97
74560   97
74561   97
74578   97
74594   97
74595   97
74602   97
74604   97
74605   97
74609   97
74628   97
74632   97
74645   97
74655   97
74659   97
74669   97
74676   97
74679   97
74691   97
74696   97
74712   97
74723   97
74727   97
74728   97
74748   97
74755   97
74758   97
74763   97
74771   97
74792   97
74802   97
74813   97
74815   97
74817   97
74821   97
74827   97
74828   97
74842   97
74872   97
74878   97
74880   97
74881   97
74884   97
74893   97
74931   97
74945   97
74955   97
74957   97
74963   97
74965   97
74967   97
74974   97
74978   97
74989   97
75017   97
75057   97
75066   97
75068   97
75085   97
75087   97
75096   97
75104   97
75109   97
75116   97
75119   97
75131   97
75150   97
75151   97
75187   97
75188   97
75192   97
75197   97
75207   97
75237   97
75239   97
75266   97
75275   97
75278   97
75291   97
75294   97
75302   97
75307   97
75309   97
75310   97
75317   97
75322   97
75346   97
75347   97
75356   97
75359   97
75374   97
75379   97
75380   97
75405   97
75418   97
75419   97
75449   97
75455   97
75463   97
75469   97
75483   97
75490   97
75503   97
75509   97
75510   97
75527   97
75537   97
75540   97
75572   97
75579   97
75584   97
75587   97
75595   97
75600   97
75611   97
75614   97
75618   97
75623   97
75644   97
75648   97
75649   97
75651   97
75654   97
75659   97
75665   97
75666   97
75676   97
75692   97
75704   97
75707   97
75722   97
75733   97
75770   97
75802   97
75809   97
75843   97
75852   97
75863   97
75872   97
75889   97
75891   97
75894   97
75908   97
75918   97
75927   97
75931   97
75933   97
75943   97
75945   97
75967   97
75980   97
75982   97
75991   97
76002   97
76006   97
76025   97
76029   97
76031   97
76033   97
76034   97
76064   97
76067   97
76098   97
76117   97
76121   97
76135   97
76148   97
76151   97
76191   97
76198   97
76211   97
76216   97
76222   97
76264   97
76268   97
76273   97
76274   97
76285   97
76286   97
76292   97
76301   97
76320   97
76321   97
76322   97
76327   97
76329   97
76350   97
76354   97
76361   97
76365   97
76379   97
76385   97
76388   97
76389   97
76407   97
76457   97
76501   97
76505   97
76512   97
76517   97
76529   97
76542   97
76570   97
76600   97
76603   97
76619   97
76628   97
76641   97
76645   97
76657   97
76658   97
76669   97
76675   97
76681   97
76685   97
76688   97
76690   97
76695   97
76696   97
76701   97
76705   97
76713   97
76715   97
76718   97
76722   97
76728   97
76729   97
76739   97
76759   97
76783   97
76789   97
76791   97
76828   97
76839   97
76841   97
76868   97
76885   97
76895   97
76906   97
76916   97
76924   97
76930   97
76933   97
76938   97
76953   97
76960   97
76993   97
77001   97
77007   97
77033   97
77036   97
77040   97
77047   97
77053   97
77055   97
77057   97
77070   97
77082   97
77112   97
77122   97
77160   97
77164   97
77175   97
77206   97
77212   97
77230   97
77235   97
77240   97
77246   97
77256   97
77268   97
77274   97
77294   97
77328   97
77329   97
77337   97
77354   97
77359   97
77382   97
77389   97
77390   97
77407   97
77411   97
77429   97
77441   97
77443   97
77455   97
77458   97
77460   97
77463   97
77478   97
77496   97
77498   97
77515   97
77557   97
77558   97
77567   97
77579   97
77592   97
77621   97
77651   97
77660   97
77664   97
77725   97
77777   97
77784   97
77794   97
77801   97
77802   97
77812   97
77832   97
77843   97
77847   97
77853   97
77883   97
77886   97
77904   97
77944   97
77969   97
77989   97
77997   97
78015   97
78023   97
78044   97
78067   97
78071   97
78076   97
78078   97
78084   97
78090   97
78098   97
78099   97
78107   97
78113   97
78133   97
78141   97
78152   97
78173   97
78188   97
78198   97
78204   97
78206   97
78208   97
78267   97
78287   97
78306   97
78313   97
78325   97
78363   97
78416   97
78443   97
78481   97
78485   97
78489   97
78493   97
78501   97
78505   97
78529   97
78540   97
78549   97
78584   97
78594   97
78640   97
78656   97
78657   97
78660   97
78712   97
78744   97
78747   97
78752   97
78759   97
78832   97
78839   97
78847   97
78878   97
78887   97
78892   97
78922   97
78939   97
78963   97
78964   97
78970   97
78971   97
78982   97
79004   97
79006   97
79008   97
79021   97
79053   97
79061   97
79063   97
79084   97
79152   97
79157   97
79162   97
79188   97
79203   97
79209   97
79254   97
79310   97
79326   97
79342   97
79346   97
79387   97
79402   97
79419   97
79437   97
79457   97
79469   97
79481   97
79528   97
79539   97
79552   97
79557   97
79571   97
79594   97
79598   97
79605   97
79625   97
79678   97
79713   97
79729   97
79753   97
79756   97
79784   97
79800   97
79841   97
79878   97
79898   97
79902   97
79936   97
79980   97
80037   97
80044   97
80067   97
80088   97
80090   97
80113   97
80170   97
80203   97
80206   97
80209   97
80228   97
80253   97
80367   97
80456   97
80473   97
80557   97
80576   97
80596   97
80659   97
80676   97
80691   97
80719   97
80725   97
80793   97
80797   97
80816   97
80819   97
80913   97
80920   97
80956   97
80999   97
81009   97
81013   97
81116   97
81118   97
81134   97
81137   97
81218   97
81267   97
81277   97
81336   97
81344   97
81378   97
81406   97
81500   97
81508   97
81537   97
81585   97
81586   97
81595   97
81617   97
81646   97
81657   97
81668   97
81699   97
81713   97
81716   97
81724   97
81784   97
81794   97
81826   97
81833   97
81904   97
81906   97
82057   97
82061   97
82095   97
82114   97
82130   97
82170   97
82180   97
82226   97
82284   97
82338   97
82659   97
82674   97
82686   97
82709   97
82786   97
82871   97
82888   97
82894   97
82918   97
82949   97
82979   97
83049   97
83052   97
83063   97
83102   97
83165   97
83350   97
83361   97
83395   97
83450   97
83528   97
83704   97
36307   35968   0.00    105.43
36604   36185   0.00    143.21
36628   36307   0.00    105.61
36826   36594   0.00    87.57
36830   36573   0.00    128.09
37050   37154   9.80    87.42
37050   36628   0.00    106.13
37089   36604   0.00    142.59
37095   36830   0.00    128.09
37129   37050   13.54   55.49
37137   37370   0.00    66.20
37137   37175   0.00    50.37
37140   37137   6.43    64.75
37140   37237   1.00    27.98
37149   37140   0.00    16.08
37149   36826   0.00    90.19
37150   37321   0.00    74.65
37150   37149   0.00    9.96
37154   37216   0.00    45.36
37175   37186   6.00    46.28
37186   37129   0.00    39.25
37205   37150   11.50   115.53
37216   37278   11.50   46.47
37237   37376   0.00    50.21
37237   37518   11.50   109.15
37278   37309   7.86    43.66
37278   37438   3.00    46.62
37307   37129   5.50    53.41
37314   36957   0.00    118.73
37321   37593   0.00    77.72
37325   37307   0.00    47.25
37329   37186   0.00    36.40
37329   37325   0.00    13.14
37339   37095   0.00    128.09
37352   37329   0.00    44.87
37352   37175   0.00    45.26
37370   37352   0.00    41.48
37418   37050   0.00    101.72
37421   37484   50.00   142.38
37444   37154   0.00    85.98
37484   37974   20.00   149.33
37490   37216   0.00    78.85
37499   37518   0.00    97.65
37499   37325   0.00    47.45
37518   37712   9.50    81.26
37565   37205   2.50    119.39
37577   37778   0.00    143.40
37585   37782   0.00    92.06
37585   37452   0.00    44.64
37593   37879   0.00    93.38
37593   37585   0.00    52.26
37617   37089   0.00    144.97
37672   37712   0.00    42.30
37672   37499   0.00    48.08
37678   37943   0.00    142.98
37712   37770   10.00   19.72
37725   37314   0.00    120.88
37763   37537   0.00    76.08
37764   37339   0.00    133.18
37765   37444   0.00    86.47
37765   37490   0.00    78.60
37770   37851   8.67    34.76
37778   38133   0.00    142.55
37782   37826   10.00   89.65
37803   37646   20.00   62.14
37826   37565   8.00    116.90
37838   37826   0.00    5.34
37843   37577   0.00    140.54
37851   37672   14.33   43.59
37851   37916   6.00    22.85
37853   37838   0.00    5.65
37869   37307   3.00    149.19
37879   38204   10.00   93.87
37916   37869   0.00    40.20
37920   37951   1.00    35.18
37939   38120   0.00    62.55
37943   37884   0.00    139.26
37947   38036   20.00   57.66
37951   37976   0.00    48.53
37960   37421   1.00    150.91
37961   37785   0.00    65.76
37961   37803   0.00    47.31
37962   37853   0.00    81.88
37974   38167   0.00    139.50
37976   37962   1.00    81.39
37984   38063   10.29   114.12
37995   37838   3.00    112.29
38008   37763   0.00    76.19
38008   37770   10.00   76.31
38036   38114   3.00    88.81
38039   37678   0.00    144.48
38043   37984   20.00   113.69
38043   38302   0.00    136.24
38063   38225   0.00    114.67
38090   38204   10.86   98.85
38114   38225   20.00   98.46
38119   38180   0.00    66.20
38119   38090   0.00    98.76
38120   38243   0.00    50.80
38120   37961   0.00    47.70
38133   38039   0.00    139.29
38156   38082   0.00    25.45
38156   38285   0.00    51.25
38163   37765   0.00    127.40
38167   37843   0.00    141.58
38181   38008   0.00    54.20
38204   38231   0.00    15.99
38211   37617   0.00    145.58
38225   38365   0.00    106.07
38225   37725   0.00    122.28
38231   38181   0.00    34.78
38232   37853   0.00    112.42
38234   38186   0.00    15.35
38257   37976   3.00    116.94
38259   38156   0.00    43.64
38259   38120   0.00    45.90
38260   38036   0.00    60.41
38260   38295   0.00    41.40
38285   38234   0.00    25.66
38290   37916   0.00    125.11
38290   38163   3.00    125.33
38290   38181   20.00   59.40
38295   38330   0.00    42.93
38302   38364   0.00    50.18
38302   37764   0.00    136.19
38330   38114   0.00    58.95
38364   38443   0.00    59.76
38364   38840   0.00    132.21
38371   38259   0.00    48.79
38371   38243   0.00    48.85
38387   38285   0.00    41.37
38387   38611   0.00    57.89
38391   37947   9.86    117.75
38405   38387   0.00    5.66
38405   38259   0.00    52.51
38409   37951   0.00    128.02
38409   38324   0.00    35.22
38416   38660   0.00    81.28
38416   38330   0.00    25.11
38439   38231   0.00    116.95
38439   38290   0.00    40.06
38442   38260   7.67    52.03
38462   38302   0.00    42.83
38465   38507   0.00    58.18
38507   38330   0.00    119.92
38507   38660   11.50   67.02
38519   38835   15.00   116.32
38522   38257   5.83    117.10
38522   38232   6.50    111.00
38526   38462   0.00    22.10
38527   38371   0.00    52.81
38527   38405   0.00    46.42
38537   38527   13.05   4.10
38538   37960   20.00   152.83
38601   38522   0.00    41.09
38601   38670   0.00    21.83
38609   38611   0.00    49.65
38609   38537   3.00    16.70
38611   38615   3.00    49.87
38611   38936   20.00   79.13
38615   38758   0.00    98.38
38615   38234   0.00    103.56
38619   38416   0.00    59.26
38634   38409   0.00    125.93
38640   38413   0.00    100.15
38640   38670   9.45    109.40
38642   38295   0.00    91.42
38649   38601   0.00    23.98
38660   38938   0.00    90.10
38661   38286   0.00    116.99
38661   38537   9.92    43.26
38670   38894   0.00    74.50
38670   38649   0.00    8.31
38682   38649   0.00    14.43
38686   38640   11.00   37.64
38694   38365   0.00    134.00
38729   38682   0.00    118.97
38729   38545   0.00    61.24
38738   38729   0.00    2.89
38741   38542   0.00    77.02
38741   38686   3.00    21.86
38751   38211   0.00    145.02
38758   38439   3.00    109.53
38825   38798   0.00    52.02
38828   38738   0.00    37.69
38828   39039   20.00   101.11
38829   38686   0.00    34.02
38829   38912   0.00    46.41
38835   39103   11.50   115.48
38840   39290   0.00    132.70
38861   38741   11.50   47.54
38861   38655   11.20   87.76
38871   38738   3.00    38.05
38871   38828   0.00    25.37
38883   38912   0.00    65.36
38894   38883   9.00    95.22
38894   39090   0.00    64.11
38898   38930   0.00    50.07
38898   38661   0.00    66.48
38912   38991   0.00    19.93
38930   38609   0.00    79.10
38930   38936   0.00    50.68
38936   39412   0.00    124.33
38938   38634   7.25    127.08
38938   39316   0.00    128.97
38969   38825   0.00    68.91
38969   38861   0.00    31.85
39008   39064   0.00    67.37
39008   38825   0.00    46.02
39035   38538   7.00    148.77
39039   39260   14.33   101.77
39064   38969   0.00    24.85
39072   38751   0.00    137.96
39075   38871   0.00    64.65
39075   38682   0.00    127.68
39082   38694   0.00    134.87
39090   39262   0.00    49.47
39090   39075   0.00    11.50
39094   39095   6.50    76.62
39095   39090   0.00    76.63
39103   39353   0.00    104.98
39120   38758   0.00    111.47
39228   38829   0.00    111.06
39242   39233   0.00    38.21
39242   39064   0.00    53.95
39260   39103   20.00   52.28
39260   39514   0.00    103.94
39262   39496   3.00    57.00
39266   39262   0.00    81.21
39273   39266   0.00    81.22
39290   39372   0.00    125.67
39316   39336   0.00    11.17
39316   39141   11.50   49.27
39333   38871   9.57    120.14
39336   39361   0.00    34.54
39336   39410   0.00    28.29
39345   39527   0.00    45.67
39353   39598   3.00    104.94
39361   38798   0.00    148.79
39361   39392   0.00    50.49
39372   39820   0.00    138.26
39392   39008   15.00   103.30
39392   39447   7.00    125.79
39410   39525   0.00    48.77
39421   39035   0.00    146.85
39424   39260   0.00    51.22
39424   39067   13.25   135.07
39447   39242   0.00    58.73
39480   39412   0.00    23.83
39480   39120   0.00    111.55
39480   39495   0.00    33.76
39483   39473   3.00    43.12
39483   38930   3.00    144.15
39489   39075   0.00    109.10
39495   39483   0.00    32.44
39495   39412   0.00    27.51
39496   39725   3.00    59.12
39514   39744   11.50   103.91
39515   39072   0.00    141.47
39521   39496   11.50   100.88
39525   39082   3.00    136.85
39527   39521   0.00    100.87
39527   39742   0.00    61.13
39547   39392   11.29   38.38
39592   39168   8.67    135.38
39598   39769   20.00   71.69
39598   39480   0.00    35.68
39613   39361   0.00    67.43
39613   39795   0.00    122.47
39624   39410   0.00    67.96
39624   39613   0.00    9.86
39625   39547   0.00    83.70
39647   39424   20.00   100.54
39647   39801   0.00    48.77
39658   39333   0.00    117.08
39675   39447   0.00    66.89
39675   39625   20.00   82.95
39699   39592   3.00    65.21
39725   39736   16.67   93.02
39725   39902   0.00    50.34
39736   39742   1.00    93.02
39742   39873   0.00    36.28
39744   39598   0.00    49.29
39795   39894   0.00    120.96
39801   39592   20.00   97.60
39814   40003   0.00    118.68
39820   40234   0.00    136.63
39838   39744   11.00   44.21
39873   39944   0.00    19.05
39894   39944   0.00    48.92
39894   39675   0.00    60.92
39896   39744   0.00    53.23
39896   39647   12.60   106.63
39902   39489   0.00    109.02
39930   39525   7.67    124.08
39935   39873   0.00    99.27
39941   39865   3.00    46.11
39944   40431   0.00    122.64
39945   39421   0.00    150.90
39948   39935   6.50    99.04
39948   39902   0.00    12.17
40003   40059   0.00    31.88
40003   40037   0.00    9.07
40024   39948   0.00    18.63
40031   39624   0.00    108.38
40037   39941   0.00    50.40
40059   39896   22.20   64.92
40059   40101   0.00    81.93
40060   39658   20.00   118.15
40060   39699   0.00    97.01
40074   39896   0.00    52.43
40074   39801   6.50    108.07
40101   40114   1.00    29.03
40101   40074   10.50   9.14
40114   40229   0.00    96.67
40141   40024   8.67    130.77
40141   40060   10.22   48.95
40163   40037   8.82    148.80
40163   40114   0.00    11.38
40168   40156   11.00   46.56
40168   40037   0.00    37.67
40191   40117   0.00    107.76
40206   40271   0.00    134.54
40227   40163   0.00    70.66
40229   40141   14.33   83.98
40229   40355   22.60   28.86
40234   40206   50.00   130.77
40271   40535   0.00    124.71
40309   40191   0.00    107.96
40316   39945   15.75   145.71
40335   40227   0.00    124.62
40355   40227   15.06   35.64
40357   39941   0.00    106.26
40364   40316   0.00    141.39
40386   40168   3.00    55.99
40386   40335   0.00    124.40
40403   40309   3.00    107.96
40403   39930   3.00    124.76
40431   40805   0.00    120.07
40455   40031   0.00    108.63
40455   40403   0.00    50.62
40521   40386   20.00   36.86
40535   40878   0.00    126.46
40545   40355   9.80    56.29
40556   40455   10.00   87.08
40624   40545   9.09    96.90
40667   40521   8.82    47.50
40721   40545   9.23    61.61
40764   40860   10.91   142.05
40764   40721   8.67    13.57
40783   40721   13.20   102.05
40805   41258   0.00    121.81
40818   40667   11.50   88.62
40836   40364   0.00    149.28
40841   40624   0.00    104.65
40860   40624   0.00    61.27
40878   41353   0.00    129.82
40891   40764   8.73    46.71
40938   40667   3.00    92.91
40938   41142   8.64    102.68
40961   40891   10.00   32.19
40961   40973   3.00    9.99
40968   40783   12.80   103.51
40973   40891   6.29    27.46
40973   41009   11.29   50.52
40997   40556   11.50   115.53
41009   41104   12.71   134.95
41048   40973   10.61   25.71
41048   40961   1.00    23.64
41104   40860   0.00    61.79
41142   40841   11.50   106.89
41145   40961   8.67    113.74
41189   40938   7.10    83.38
41258   40968   11.50   105.45
41259   41009   3.00    61.31
41316   41259   7.56    144.87
41316   41104   6.95    49.15
41320   41546   1.67    57.56
41353   41886   0.00    129.96
41412   41048   8.79    84.45
41428   41316   3.00    24.99
41450   41145   20.00   115.86
41486   40836   0.00    153.04
41503   40997   3.00    115.83
41503   41514   0.00    104.66
41514   41968   0.00    112.34
41546   41189   12.08   85.75
41565   41503   3.00    12.58
41569   41320   3.00    113.93
41588   41858   20.00   102.44
41631   41428   14.33   93.14
41681   41565   0.00    84.66
41697   41320   11.50   79.65
41752   41259   7.56    107.90
41788   41450   6.64    116.65
41788   41412   7.83    84.43
41789   41681   0.00    84.66
41789   41258   20.00   117.54
41814   41789   0.00    8.38
41826   42118   8.77    70.97
41826   41694   11.00   81.91
41858   42268   10.00   103.71
41878   41814   8.67    24.56
41878   41826   7.80    33.53
41880   41428   4.40    97.66
41886   42383   0.00    130.86
41906   41788   11.50   29.27
41914   41878   0.00    25.49
41914   41814   0.00    22.70
41952   42036   5.23    67.68
41952   41546   8.36    94.07
41968   42446   0.00    113.47
41976   41914   0.00    16.56
41993   41565   3.00    95.39
42008   42287   0.00    78.81
42008   41588   3.00    103.05
42036   42087   4.18    53.43
42036   41697   7.40    79.65
42057   41880   3.00    92.81
42057   41631   10.86   98.11
42087   42057   6.00    63.23
42087   41569   2.33    117.55
42118   41906   5.83    107.85
42118   42472   5.40    92.10
42172   41486   0.00    153.12
42186   41752   13.91   107.95
42186   42008   10.25   76.04
42238   42171   0.00    58.33
42238   41976   8.08    65.61
42258   42186   0.00    59.01
42258   41906   4.13    88.17
42268   42615   8.75    126.17
42268   42320   6.50    122.68
42314   42217   10.60   107.00
42352   41976   20.00   100.33
42369   42262   10.50   82.61
42369   42400   0.00    14.65
42378   42337   3.00    90.72
42378   41993   15.00   95.39
42400   42705   0.00    124.07
42400   42783   0.00    91.75
42420   42369   0.00    28.32
42420   42790   0.00    91.05
42443   42238   0.00    47.88
42446   42420   0.00    16.39
42472   42848   7.57    92.53
42478   42446   0.00    18.06
42478   42791   0.00    78.60
42516   42808   0.00    69.39
42516   42478   6.50    36.39
42582   42773   0.00    48.58
42582   42516   0.00    35.68
42591   42262   0.00    82.19
42597   42550   0.00    140.85
42597   42258   9.92    78.60
42610   42418   9.00    105.01
42610   42314   13.44   109.98
42615   42889   9.21    124.57
42626   42582   1.00    31.53
42626   42378   13.71   55.22
42729   42597   8.67    34.72
42762   42443   13.67   86.06
42762   42626   8.46    115.64
42776   42352   9.50    101.22
42811   42729   0.00    19.78
42811   42849   100.00  16.84
42812   42172   0.00    152.99
42835   42610   3.00    81.15
42848   43177   8.33    90.45
42849   42729   8.73    25.32
42889   42835   9.26    78.84
42906   42383   0.00    129.63
42944   42889   11.29   40.08
42944   43421   5.80    145.77
42998   42443   10.75   139.27
43062   42889   14.33   68.55
43084   43062   0.00    7.87
43103   43062   3.00    81.64
43177   42776   9.38    101.84
43177   43343   5.50    44.79
43179   42811   5.50    99.27
43198   42906   0.00    125.06
43246   42944   6.57    94.90
43248   42849   7.00    114.49
43270   42762   7.25    131.64
43343   43946   8.67    139.49
43343   43831   12.33   137.20
43357   42812   0.00    144.54
43385   43198   3.00    122.46
43385   43732   0.00    86.80
43421   43574   3.00    78.13
43421   43289   20.00   87.32
43485   43179   14.33   92.07
43489   43179   7.80    78.68
43534   43419   0.00    39.39
43534   43570   5.80    23.18
43553   43946   9.00    115.41
43553   42998   7.56    140.28
43557   43385   0.00    101.66
43574   43246   10.34   95.15
43624   43248   9.77    113.06
43624   43485   4.75    111.03
43662   43534   8.50    120.11
43662   43624   3.00    26.34
43711   43270   0.00    128.26
43711   43557   0.00    101.49
43715   44040   0.00    104.10
43737   44063   0.00    125.98
43763   43832   0.00    136.73
43807   43357   0.00    145.43
43813   43711   0.00    33.79
43831   44073   3.00    60.25
43831   43489   9.20    78.63
43832   43291   9.78    129.02
43859   43485   5.33    100.31
43859   44026   10.00   113.94
43883   43662   9.75    148.81
43883   43574   6.40    108.01
43946   44285   8.86    88.53
43951   43883   8.67    15.32
43951   44033   0.00    34.50
43967   43813   3.00    83.53
43994   44084   0.00    25.22
43994   43951   3.00    9.42
44026   44202   8.46    113.97
44033   44040   3.00    49.57
44033   44084   0.00    16.00
44063   44030   3.00    55.87
44073   44227   10.75   104.60
44073   44404   10.85   91.33
44084   44358   0.00    89.11
44094   43553   11.00   121.04
44094   44118   12.29   67.09
44118   43967   3.00    83.39
44124   44063   0.00    17.45
44124   44040   0.00    38.15
44137   43813   1.00    142.75
44162   44226   0.00    104.21
44183   43763   0.00    141.57
44202   43994   9.38    43.56
44221   44137   40.00   138.99
44226   44221   12.64   105.00
44227   43859   4.40    88.59
44227   44350   17.50   102.82
44285   44604   11.50   91.98
44309   43807   13.43   145.93
44350   44642   10.73   106.95
44358   44616   12.67   88.84
44404   44285   7.88    100.82
44507   44094   6.40    121.77
44534   44404   10.07   103.79
44549   44045   0.00    141.59
44582   44118   0.00    133.27
44604   44507   11.00   87.27
44611   44183   0.00    142.77
44613   44202   8.64    122.34
44616   44124   14.60   130.44
44642   44534   8.75    103.43
44703   44706   11.00   74.13
44706   45072   0.00    112.25
44747   44604   3.00    111.83
44771   44426   0.00    107.84
44813   44507   12.20   88.89
44813   44582   2.33    127.63
44880   44747   1.00    105.20
44896   44309   13.20   151.33
44902   44813   0.00    65.11
44971   44613   11.80   119.64
45040   44611   0.00    142.01
45072   45154   20.00   16.49
45076   44747   8.17    89.87
45076   44902   9.88    133.39
45094   44706   2.00    90.86
45094   45072   0.00    56.74
45105   45094   16.67   55.73
45105   44703   11.50   94.44
45107   45105   0.00    33.26
45112   44880   8.00    106.20
45112   45124   7.33    41.41
45124   45083   13.39   84.62
45124   44642   9.19    143.99
45132   44549   0.00    143.70
45135   44771   0.00    106.76
45154   45710   7.25    132.19
45285   45076   7.31    86.45
45313   44902   3.00    109.47
45318   45094   0.00    56.54
45348   45318   0.00    65.88
45378   45426   13.82   123.57
45378   45112   8.59    74.26
45466   44896   0.00    149.07
45482   45445   0.00    98.32
45499   45313   20.00   104.36
45509   45735   0.00    61.90
45509   45285   6.75    86.32
45554   45482   0.00    98.47
45554   45135   0.00    108.63
45559   45154   0.00    133.26
45584   45040   0.00    144.41
45595   45318   0.00    60.25
45610   45509   8.00    46.77
45610   45378   9.27    57.06
45621   45595   0.00    63.25
45695   45610   8.39    23.19
45695   45737   12.38   105.50
45710   46307   8.80    132.26
45719   46132   0.00    131.07
45728   45909   0.00    63.94
45728   45554   0.00    49.15
45735   45499   11.00   105.03
45739   45719   0.00    125.26
45739   45132   0.00    143.93
45791   45396   0.00    103.64
45793   45918   0.00    101.18
45824   45873   0.00    22.36
45834   45433   3.25    93.14
45838   45595   10.00   60.07
45850   45838   0.00    54.92
45859   45394   1.00    108.43
45867   45453   0.00    97.47
45873   46043   3.00    68.61
45909   46163   0.00    54.98
45909   46194   0.00    75.69
45966   45695   8.41    70.69
45966   46026   0.00    25.42
45993   45466   12.35   147.45
46026   45735   11.50   118.38
46043   46339   15.21   105.91
46087   45584   0.00    143.44
46097   45838   0.00    59.13
46099   45715   0.00    92.77
46115   46097   10.00   57.04
46132   46695   0.00    132.89
46156   45918   0.00    61.81
46156   45793   0.00    102.09
46162   45559   3.00    138.08
46162   46271   1.40    62.86
46163   46099   0.00    86.92
46163   46477   0.00    67.29
46173   46026   0.00    53.93
46173   45966   8.31    50.22
46194   46498   0.00    79.30
46198   45728   0.00    132.97
46203   46311   0.00    22.21
46223   45739   0.00    113.15
46234   46051   0.00    104.68
46265   45791   0.00    105.56
46271   46362   1.00    70.32
46271   45834   3.30    93.16
46307   46328   0.00    58.80
46307   46653   9.80    75.16
46318   45867   0.00    97.46
46324   46308   0.00    19.11
46324   45873   1.00    95.61
46328   46097   0.00    47.28
46362   45859   9.40    108.44
46362   46318   6.67    63.23
46421   46438   0.00    89.04
46438   46492   0.00    89.14
46445   46043   14.00   84.92
46445   46511   26.00   94.23
46453   46234   12.54   105.25
46453   46328   1.00    27.36
46457   46162   2.33    62.93
46457   46630   0.00    101.40
46477   46719   0.00    92.72
46477   46517   0.00    6.99
46478   46911   11.96   127.23
46492   46562   0.00    39.79
46492   46779   0.00    82.72
46498   46709   0.00    62.73
46498   46631   0.00    63.52
46517   47158   0.00    144.59
46517   46728   0.00    49.34
46562   46779   0.00    65.86
46562   46757   7.33    83.10
46586   45993   20.00   147.73
46613   46198   0.00    130.83
46630   46924   3.00    52.12
46631   46728   0.00    41.93
46631   46194   0.00    91.87
46634   46324   20.00   83.46
46634   46445   0.00    40.60
46636   46318   13.20   68.55
46653   46813   6.50    80.46
46653   46453   15.00   76.01
46653   46716   9.69    15.17
46654   46478   9.80    126.58
46659   46156   3.00    128.84
46696   46724   10.29   43.66
46709   47028   0.00    123.39
46709   46934   0.00    47.81
46716   46821   0.00    21.70
46719   47082   0.00    94.58
46724   47286   10.29   129.30
46724   46087   0.00    145.67
46728   47028   3.00    61.93
46735   46223   0.00    113.19
46749   46311   0.00    102.27
46749   46199   0.00    118.01
46757   46947   0.00    82.58
46765   46265   7.80    105.73
46765   46696   6.70    94.57
46779   47143   0.00    85.08
46793   46826   9.83    5.73
46793   46613   20.00   127.37
46799   46765   3.00    24.80
46813   46924   0.00    80.03
46821   46988   3.00    40.95
46826   47042   0.00    42.17
46826   46846   0.00    74.90
46840   46634   20.00   102.31
46911   47580   10.54   132.69
46924   46799   11.25   137.07
46924   47237   11.50   60.54
46934   46987   0.00    86.71
46934   47269   0.00    136.05
46941   46654   3.00    125.58
46947   47072   10.75   63.17
46951   46749   0.00    46.45
46951   47252   20.00   85.28
46987   47042   0.00    86.77
46988   47072   7.25    73.68
47020   46793   0.00    87.10
47028   47269   0.00    49.64
47042   47432   0.00    79.75
47082   46735   0.00    112.27
47099   46834   0.00    82.02
47120   46799   11.50   73.81
47120   47466   0.00    83.46
47143   47617   0.00    87.07
47158   47678   0.00    142.09
47179   46947   20.00   103.19
47230   46586   16.67   148.03
47231   46659   0.00    128.83
47237   47140   0.00    82.27
47241   46735   0.00    98.96
47252   47713   0.00    88.28
47254   47572   0.00    112.83
47254   47020   0.00    87.24
47256   47237   0.00    63.23
47259   47748   0.00    131.12
47262   47237   0.00    4.86
47269   47503   0.00    47.68
47286   47684   11.50   126.18
47306   46988   8.67    111.57
47329   47262   0.00    11.23
47370   46696   11.50   147.31
47384   46951   0.00    86.59
47432   47825   0.00    81.98
47436   47072   1.00    85.89
47440   46784   0.00    142.84
47440   47099   0.00    83.29
47462   47329   0.00    26.86
47466   47256   0.00    81.07
47489   47515   0.00    9.75
47503   47489   0.00    121.60
47506   47120   0.00    90.26
47515   47796   0.00    58.78
47515   47929   0.00    106.51
47551   47066   0.00    99.24
47551   47179   0.00    104.92
47574   46852   0.00    147.83
47580   48039   20.00   99.12
47580   47689   3.00    44.49
47588   47254   0.00    108.29
47589   47082   0.00    122.11
47592   47462   0.00    23.59
47592   47306   7.25    110.88
47632   47876   24.80   92.13
47635   47551   0.00    23.73
47636   47436   11.20   111.68
47636   47635   0.00    93.76
47652   47462   0.00    105.32
47678   47781   0.00    27.58
47678   47589   0.00    120.17
47684   47697   0.00    123.80
47689   47632   7.25    90.18
47689   48310   10.00   130.70
47697   47597   12.36   44.54
47697   48254   0.00    134.55
47713   48158   0.00    95.19
47718   47440   0.00    62.29
47737   47231   0.00    127.96
47744   47100   0.00    131.00
47746   47384   3.00    85.39
47748   47241   0.00    99.99
47748   47746   0.00    26.52
47781   47783   0.00    126.72
47783   47259   0.00    131.69
47790   47503   0.00    64.49
47790   47489   0.00    106.58
47795   47652   0.00    105.23
47809   47795   7.67    105.44
47809   47506   3.00    89.52
47825   47943   0.00    75.75
47825   47850   0.00    6.38
47849   47718   0.00    122.97
47849   47452   0.00    104.33
47858   47592   3.00    90.27
47867   47858   0.00    45.01
47870   47230   3.00    148.20
47876   48325   11.56   117.21
47876   47737   0.00    122.70
47894   47718   0.00    65.21
47894   48125   0.00    75.84
47905   47588   0.00    108.56
47908   47436   5.83    117.27
47929   48231   0.00    104.27
47943   48059   0.00    75.75
47945   47636   3.00    86.85
47948   47706   0.00    108.50
47948   47592   3.00    90.08
47971   47635   0.00    77.72
47973   47370   0.00    146.45
48033   48336   0.00    93.10
48033   47894   0.00    48.35
48039   48518   0.00    98.75
48092   47746   0.00    88.64
48092   48020   0.00    42.51
48138   48292   0.00    56.91
48138   47849   0.00    84.42
48146   47885   0.00    133.21
48146   47948   0.00    48.73
48158   48515   0.00    92.93
48197   48033   0.00    51.47
48197   48138   0.00    25.87
48222   47781   0.00    85.03
48226   48092   0.00    76.72
48231   48240   0.00    19.64
48231   47796   0.00    92.24
48240   47790   0.00    88.85
48242   47905   1.00    108.19
48242   48506   0.00    69.01
48254   47973   0.00    135.36
48254   48353   0.00    20.06
48262   48504   0.00    139.07
48292   48424   3.00    38.93
48292   47910   0.00    79.74
48310   48410   12.71   29.48
48316   48381   20.00   84.31
48316   47574   0.00    149.30
48325   48695   8.67    117.02
48327   47973   0.00    73.88
48327   47809   24.33   131.30
48341   47945   0.00    88.12
48341   47971   3.00    77.88
48342   48482   0.00    138.27
48354   48226   0.00    76.73
48354   47713   0.00    131.45
48358   48240   0.00    23.59
48367   48146   0.00    47.50
48381   48739   0.00    138.90
48395   47876   12.68   104.95
48405   48341   0.00    55.97
48405   47908   0.00    117.01
48410   48838   11.50   86.78
48410   48449   0.00    18.26
48415   48467   0.00    132.42
48421   48316   0.00    46.56
48421   47744   3.00    132.00
48423   48341   5.50    16.83
48423   48770   9.71    127.29
48423   48925   8.67    113.93
48423   48424   0.00    70.95
48424   48885   3.00    99.94
48449   48518   3.00    28.83
48449   47813   0.00    124.55
48456   47870   13.20   113.69
48460   48525   3.00    135.51
48460   48881   20.00   127.92
48467   48560   0.00    132.79
48482   48367   0.00    80.73
48482   48249   0.00    69.13
48485   48140   0.00    138.22
48487   48421   0.00    31.16
48504   48665   0.00    138.62
48506   48736   0.00    72.65
48506   48586   0.00    24.47
48514   48436   0.00    81.44
48514   48342   0.00    141.43
48515   48354   0.00    127.67
48515   48527   0.00    6.13
48518   48552   20.00   40.02
48519   48353   0.00    34.97
48524   48242   12.67   114.72
48525   48405   0.00    135.85
48527   48884   0.00    111.00
48527   48740   0.00    103.53
48552   48487   0.00    36.90
48560   48662   0.00    106.96
48567   48327   11.50   89.20
48581   49052   13.20   103.99
48581   48460   0.00    50.95
48586   48847   0.00    115.46
48586   48415   0.00    133.62
48587   48641   0.00    77.62
48599   48766   0.00    50.34
48599   48560   0.00    14.96
48624   48222   7.80    84.83
48624   48634   11.50   28.83
48628   48197   11.50   144.03
48634   49074   0.00    104.09
48634   48667   10.50   89.91
48650   48514   0.00    140.48
48659   48704   0.00    26.08
48659   48581   0.00    34.56
48662   49025   0.00    108.64
48665   48964   0.00    139.07
48667   48587   0.00    78.03
48667   49329   0.00    138.92
48677   48567   7.31    79.58
48695   48524   11.08   113.69
48704   48713   0.00    5.02
48704   49143   0.00    89.75
48713   48824   0.00    67.03
48713   48485   0.00    51.87
48740   48817   8.59    102.16
48763   48895   9.82    102.41
48763   49061   0.00    98.74
48766   49034   0.00    65.20
48766   48974   0.00    52.89
48770   48881   31.50   124.86
48777   49227   0.00    134.51
48809   48921   0.00    88.36
48809   48395   22.00   103.36
48817   48456   12.35   109.15
48824   48650   0.00    140.59
48838   49315   0.00    86.80
48847   49103   0.00    115.38
48857   48545   0.00    133.05
48857   48924   3.00    95.92
48881   49052   11.17   87.19
48884   49042   0.00    107.25
48885   48862   11.36   45.84
48895   48824   3.00    102.71
48915   48763   0.00    88.32
48915   49061   0.00    30.84
48921   49328   0.00    93.40
48924   48677   3.00    96.01
48925   49208   20.00   60.56
48925   48885   12.85   72.44
48933   48599   0.00    89.01
48963   48487   0.00    91.25
48964   49213   0.00    138.71
48974   49157   0.00    55.29
48974   49034   0.00    69.68
49000   48574   0.00    122.70
49008   48567   10.00   111.67
49021   49539   0.00    103.10
49025   49240   0.00    68.69
49034   49333   0.00    61.65
49052   49193   11.50   55.07
49061   49337   0.00    57.31
49069   48677   0.00    104.15
49074   49049   0.00    98.87
49075   49262   0.00    77.68
49089   48552   0.00    106.87
49103   49562   0.00    105.60
49103   49166   0.00    15.72
49124   48518   0.00    118.89
49142   48915   3.00    60.78
49142   48857   0.00    62.72
49143   49075   10.00   78.55
49157   49025   0.00    80.59
49159   48628   0.00    145.07
49166   49490   0.00    69.46
49166   49321   0.00    46.69
49168   48624   18.00   115.20
49168   49249   0.00    120.13
49201   48656   0.00    101.45
49208   49404   0.00    87.01
49208   49561   11.50   73.31
49213   49324   4.67    137.74
49227   49659   0.00    147.48
49236   49143   13.14   16.76
49236   49193   11.00   13.66
49240   49506   3.00    79.71
49240   49168   0.00    13.65
49249   49628   0.00    124.38
49262   49053   0.00    37.17
49262   49339   0.00    36.85
49264   48809   14.33   84.60
49321   48933   0.00    89.58
49324   49357   11.50   137.61
49329   49962   13.25   139.73
49337   49069   15.00   101.25
49339   49425   0.00    40.03
49339   49009   0.00    65.46
49345   49157   0.00    88.12
49357   49478   15.47   138.69
49404   49560   0.00    87.02
49406   49084   0.00    75.17
49411   49951   0.00    127.51
49411   49337   3.00    29.78
49413   49227   0.00    130.72
49425   49539   0.00    46.15
49425   49019   0.00    82.30
49456   48963   11.91   91.30
49477   49823   0.00    71.96
49477   49553   0.00    24.96
49478   49610   3.00    137.84
49481   49988   0.00    107.26
49481   49477   0.00    46.38
49491   48817   12.00   124.51
49497   49000   0.00    123.37
49506   49542   0.00    6.58
49511   48862   0.00    134.21
49520   49054   0.00    91.42
49520   49481   0.00    25.31
49538   49008   7.67    112.41
49539   49520   0.00    18.72
49542   49815   0.00    52.47
49553   49411   0.00    36.40
49553   49979   0.00    92.36
49560   49511   0.00    47.10
49561   49937   5.13    117.94
49599   49236   10.50   134.23
49605   49542   0.00    81.45
49610   49725   0.00    137.82
49628   49962   0.00    123.36
49659   49901   0.00    144.76
49680   49413   2.00    131.15
49731   49321   0.00    89.02
49775   49964   8.17    103.56
49815   50443   10.42   138.57
49815   49896   0.00    65.96
49861   49775   0.00    101.34
49866   49159   10.00   148.74
49901   50309   0.00    147.65
49922   50041   0.00    141.21
49937   50269   7.80    105.74
49937   50336   0.00    99.50
49951   49861   10.50   101.49
49951   50364   0.00    110.67
49953   49422   0.00    113.51
49962   50223   0.00    115.28
49964   50132   20.00   47.45
49964   50045   0.00    26.37
49967   49511   0.00    97.65
49979   50370   0.00    91.71
49989   49929   7.75    77.20
50016   49599   0.00    135.97
50016   49539   0.00    102.01
50022   49560   0.00    98.07
50040   49680   0.00    133.44
50041   49866   0.00    44.89
50041   49497   0.00    125.72
50045   49538   11.25   113.04
50066   49561   3.00    110.27
50108   49491   9.20    124.36
50122   50084   0.00    23.10
50122   49829   0.00    74.66
50148   49725   20.75   130.15
50174   50364   14.33   108.30
50186   50225   1.00    78.96
50200   49989   7.25    78.52
50200   50208   20.00   128.82
50208   49929   11.50   58.38
50211   50045   6.67    38.24
50225   50485   20.00   80.20
50231   50156   0.00    131.01
50259   50066   8.67    67.78
50265   50186   0.00    30.50
50269   50686   11.50   88.79
50269   50703   8.50    107.76
50278   49880   2.33    111.12
50278   50211   5.33    19.08
50285   50400   0.00    23.47
50307   50132   3.00    84.45
50308   50148   0.00    43.73
50308   50231   1.00    131.01
50309   50485   3.00    42.03
50309   50571   3.00    76.25
50328   50122   0.00    122.81
50329   50041   0.00    59.19
50329   49953   0.00    110.26
50330   50016   0.00    121.74
50330   49868   0.00    101.78
50336   50259   3.00    24.38
50364   50384   0.00    7.02
50366   50506   0.00    108.20
50366   50223   0.00    30.18
50369   50265   0.00    25.45
50370   50528   0.00    52.42
50370   50591   0.00    72.79
50372   50238   0.00    95.09
50384   50513   0.00    37.71
50396   49967   0.00    97.16
50396   50616   0.00    47.18
50412   50040   1.40    133.44
50427   51038   15.00   144.23
50427   50211   4.25    70.62
50443   50328   10.22   49.20
50446   50186   0.00    85.64
50469   50148   13.20   108.28
50485   50446   3.00    85.87
50487   50022   0.00    97.96
50487   50396   0.00    30.36
50506   50620   0.00    108.20
50513   50692   11.50   53.70
50513   50307   0.00    84.39
50517   50369   0.00    37.13
50521   50522   11.50   101.38
50521   50200   3.00    63.94
50522   50208   3.00    73.65
50527   50336   0.00    51.10
50528   50653   0.00    47.31
50531   50874   0.00    94.62
50531   50405   0.00    58.81
50540   50427   0.00    31.74
50544   50372   0.00    95.30
50571   50918   11.50   78.89
50583   49995   0.00    142.58
50583   50517   1.00    17.71
50591   50715   0.00    31.59
50591   50384   0.00    47.32
50615   50751   0.00    104.55
50615   50366   0.00    47.62
50620   50400   0.00    42.37
50620   50685   0.00    69.05
50631   51091   0.00    122.63
50631   50531   0.00    65.06
50644   50583   1.00    19.51
50646   50544   0.00    59.44
50646   50328   0.00    62.77
50685   50916   0.00    59.81
50686   50527   0.00    84.23
50692   50912   0.00    55.02
50692   51149   2.00    111.86
50696   50329   0.00    97.83
50696   50469   19.43   107.12
50700   50259   10.50   87.11
50703   51223   5.20    130.92
50703   50644   0.00    15.98
50715   50912   0.00    59.93
50718   50631   0.00    57.80
50718   51083   0.00    91.99
50724   51138   3.00    86.38
50724   50700   0.00    56.41
50725   50330   11.00   80.69
50725   50412   15.00   132.03
50738   50108   12.76   124.41
50738   50278   10.02   104.35
50751   50872   0.00    104.42
50767   50066   17.17   142.35
50785   51210   0.00    112.07
50785   50308   11.50   129.18
50788   50405   0.00    100.97
50806   50718   0.00    48.62
50806   50544   0.00    54.82
50818   50561   0.00    66.66
50829   50724   0.00    72.13
50837   50528   0.00    80.83
50852   50522   8.06    79.33
50860   50390   0.00    90.92
50864   50700   3.00    34.14
50864   50767   0.00    58.62
50870   50443   10.27   121.71
50872   50620   0.00    50.95
50872   50916   0.00    65.10
50874   51318   0.00    97.02
50894   50487   0.00    88.90
50900   50615   0.00    55.25
50901   50818   0.00    40.40
50901   50654   0.00    57.25
50910   50369   3.00    134.37
50910   50517   11.50   129.31
50912   51149   0.00    119.75
50941   51151   3.00    72.45
50941   50715   0.00    55.96
50953   50725   14.60   56.81
50962   50901   0.00    33.24
50962   50910   11.50   98.95
50973   50818   3.00    36.73
50973   50918   0.00    28.41
50984   50900   0.00    102.53
50990   50540   5.50    112.06
51000   50696   20.00   124.16
51038   51804   8.29    148.22
51048   50900   0.00    30.02
51048   50860   0.00    87.23
51083   51091   0.00    89.02
51087   50785   3.00    86.62
51091   51387   0.00    59.54
51120   50984   0.00    102.73
51121   50962   3.00    38.36
51121   50973   20.00   72.22
51125   50646   0.00    98.48
51133   50759   0.00    78.78
51138   51547   13.33   85.45
51139   50941   0.00    51.24
51139   51380   0.00    73.42
51145   51035   0.00    27.37
51145   51323   0.00    59.81
51151   51372   11.00   76.28
51158   51048   0.00    26.18
51164   50953   20.00   56.53
51164   50837   0.00    81.43
51167   50644   11.50   147.23
51167   50962   11.50   112.83
51178   51158   0.00    41.29
51183   51250   8.33    18.12
51183   50953   0.00    61.49
51186   50521   11.00   135.92
51186   50852   4.89    79.79
51210   51388   0.00    38.16
51213   50767   8.33    104.06
51218   50829   6.75    99.25
51218   51842   20.00   148.76
51223   51601   8.16    87.33
51223   51167   3.00    39.65
51223   51378   0.00    38.42
51232   51120   0.00    103.24
51232   51260   0.00    46.17
51250   51334   3.00    18.96
51250   50918   9.29    117.29
51261   50788   0.00    103.66
51265   51121   0.00    77.83
51270   51000   20.00   124.03
51270   50894   0.00    88.27
51272   51326   0.00    92.40
51272   51178   0.00    45.91
51275   51470   10.50   130.15
51275   51121   10.75   68.55
51282   50829   50.00   97.29
51286   51486   0.00    44.70
51295   51145   0.00    37.32
51295   51622   15.25   74.21
51323   51423   8.50    19.18
51323   51218   9.00    38.87
51326   51575   0.00    97.95
51326   51402   0.00    72.07
51334   51390   4.67    11.87
51348   51186   11.50   29.60
51352   51348   8.67    65.24
51352   50757   0.00    129.89
51357   51270   0.00    30.41
51357   51553   0.00    38.19
51368   51213   2.00    60.90
51368   50864   0.00    111.18
51372   51528   0.00    75.23
51378   51295   10.00   18.50
51380   51501   0.00    30.80
51380   51151   0.00    56.54
51387   51318   0.00    61.03
51388   51087   0.00    86.57
51390   51698   7.90    79.44
51402   51432   0.00    51.47
51403   51352   17.22   67.64
51403   50870   9.79    123.96
51423   51938   8.50    119.46
51432   51232   0.00    33.80
51432   51445   0.00    13.46
51434   51514   0.00    99.47
51434   51149   0.00    59.88
51442   51387   0.00    56.63
51443   51716   0.00    73.71
51445   51463   0.00    30.92
51464   51183   8.22    132.34
51464   51164   0.00    65.35
51469   51390   3.00    65.91
51469   51275   7.71    52.50
51471   51442   0.00    59.67
51475   51210   0.00    81.95
51480   50806   0.00    149.85
51480   51471   0.00    13.54
51496   51133   0.00    77.59
51496   51522   0.00    85.11
51501   51642   3.00    56.70
51506   50738   10.44   146.13
51522   51125   0.00    95.90
51528   51568   2.00    29.78
51538   51522   0.00    7.57
51538   51480   0.00    48.56
51547   51561   0.00    116.24
51547   51368   0.00    57.11
51553   51670   0.00    30.84
51561   51213   20.00   63.72
51563   51167   0.00    91.24
51568   51434   0.00    26.39
51575   51402   0.00    34.39
51576   51002   0.00    121.50
51576   51496   0.00    70.20
51586   51388   0.00    47.26
51586   51486   0.00    27.73
51588   51563   0.00    55.76
51588   51469   8.67    122.96
51599   51650   0.00    18.23
51601   51883   9.29    85.65
51604   51691   0.00    105.39
51622   52021   10.00   77.16
51622   51423   9.50    60.75
51630   51388   0.00    60.20
51642   51793   0.00    84.98
51650   51886   0.00    71.27
51650   51990   0.00    80.48
51653   51547   11.00   47.12
51653   51282   0.00    94.60
51670   52033   0.00    68.26
51698   51887   0.00    40.95
51706   51634   2.00    33.58
51716   51576   0.00    52.78
51717   51841   2.00    31.30
51717   51378   6.40    86.17
51728   51352   6.55    75.16
51734   51501   10.00   67.84
51734   51464   8.18    71.72
51752   51604   0.00    106.64
51752   51913   0.00    86.23
51759   51668   0.00    24.11
51759   51586   0.00    45.96
51764   51348   0.00    85.54
51785   51178   0.00    122.78
51786   51403   10.00   87.50
51793   51528   0.00    58.61
51793   51941   0.00    30.88
51795   51568   0.00    63.98
51797   51691   0.00    19.63
51797   51913   0.00    103.50
51805   51272   0.00    134.61
51823   51698   2.50    30.87
51823   51334   1.00    126.64
51824   51670   0.00    78.17
51824   51357   11.50   101.04
51825   51668   0.00    42.60
51842   51653   0.00    66.99
51861   51586   0.00    62.85
51883   52084   1.00    85.35
51887   52084   13.20   64.58
51895   51717   0.00    39.41
51895   52012   1.00    32.36
51903   51883   0.00    4.88
51913   52502   0.00    110.46
51918   51734   0.00    58.72
51918   51642   0.00    62.50
51938   51842   3.00    55.13
51941   52009   9.12    146.52
51941   51795   0.00    74.40
51943   51442   0.00    97.31
51958   51538   0.00    90.36
51974   51887   0.00    21.54
51974   51823   3.00    42.52
51986   51561   1.00    80.14
51990   52448   0.00    82.52
51991   52529   12.33   113.61
51991   51752   0.00    95.77
51993   51445   0.00    105.52
51993   51575   0.00    95.18
52009   51795   11.50   56.89
52027   52174   0.00    38.33
52027   51895   0.00    34.15
52033   51886   5.50    50.31
52040   51471   0.00    114.26
52076   52148   0.00    60.11
52076   51387   0.00    127.38
52077   52027   0.00    13.08
52077   51903   0.00    42.12
52084   52180   0.00    15.08
52121   51785   0.00    116.36
52145   51991   9.97    142.67
52145   51759   11.37   71.01
52160   51797   0.00    105.03
52169   51728   5.60    74.87
52169   51786   11.50   86.00
52180   51974   0.00    77.16
52192   51706   8.00    114.91
52203   51506   15.50   143.57
52203   52221   6.14    10.81
52207   52077   0.00    24.88
52214   52076   0.00    24.26
52221   52317   8.13    57.68
52221   52715   14.00   92.08
52230   52033   0.00    149.01
52230   51824   7.00    81.18
52241   51759   0.00    97.82
52242   52121   0.00    116.58
52242   51805   0.00    132.00
52247   52203   8.64    10.84
52252   51918   4.67    118.23
52271   51764   0.00    85.65
52271   52169   11.61   42.69
52272   52180   0.00    37.19
52273   52214   0.00    39.43
52278   52936   0.00    127.89
52278   52145   3.00    44.52
52296   51634   20.00   119.83
52317   52009   8.50    79.61
52317   52516   16.58   116.75
52330   52242   0.00    26.05
52330   51993   0.00    60.29
52335   52207   0.00    34.98
52341   52247   11.50   24.81
52350   52160   0.00    44.45
52350   52274   0.00    16.23
52358   51706   11.17   123.94
52366   52160   0.00    55.54
52366   51797   0.00    96.72
52392   52207   0.00    38.37
52392   52485   0.00    33.58
52405   52341   0.00    16.51
52405   52330   0.00    18.42
52423   51943   0.00    95.27
52423   52273   0.00    68.20
52424   52214   0.00    38.67
52424   52479   0.00    93.74
52439   52424   0.00    13.85
52439   52273   0.00    31.52
52442   52423   0.00    10.97
52444   51903   20.13   108.26
52447   52230   11.75   105.76
52447   51986   1.67    80.02
52450   51958   0.00    91.11
52485   52335   0.00    32.93
52485   52526   1.00    15.01
52492   52040   0.00    110.80
52492   52450   0.00    9.61
52502   52579   0.00    107.33
52516   52252   0.00    117.92
52529   53124   8.33    115.07
52560   52392   0.00    34.19
52560   52639   2.00    28.79
52579   52861   0.00    56.56
52579   52366   0.00    61.59
52606   52278   7.33    76.52
52617   52271   7.25    77.23
52662   52192   11.00   115.04
52670   52241   0.00    97.69
52670   51955   0.00    143.81
52712   51964   0.00    143.50
52712   52492   0.00    57.15
52715   53315   12.13   118.19
52724   52405   6.25    83.54
52738   52560   0.00    36.46
52738   52842   1.67    34.76
52780   52169   9.40    117.62
52793   53157   11.50   90.60
52802   52793   0.00    88.20
52802   52492   0.00    88.30
52861   52350   0.00    126.64
52862   52617   3.00    74.89
52862   52296   9.80    117.70
52918   52358   3.00    122.87
52918   52662   13.83   61.31
52930   52606   7.08    76.11
52930   52670   0.00    50.97
52936   53628   0.00    128.74
52950   52918   11.00   60.47
52950   52862   8.67    21.65
52963   52738   0.00    44.41
52963   52444   11.50   108.20
53004   52439   3.00    127.76
53040   53411   7.57    104.88
53040   52662   11.50   90.92
53046   53575   0.00    114.03
53066   52447   11.20   134.57
53088   52780   0.00    112.18
53105   52724   12.80   84.87
53105   53040   9.00    36.68
53108   52715   17.50   138.22
53124   53743   7.25    115.00
53204   53340   1.00    109.70
53212   52963   0.00    49.65
53224   52930   8.67    130.66
53315   53953   4.75    118.19
53319   53427   0.00    113.98
53374   53088   15.83   111.77
53374   52950   0.00    111.29
53397   53212   0.00    94.34
53411   53374   0.00    7.48
53427   53743   3.00    77.79
53427   52861   13.00   141.45
53428   52802   0.00    146.73
53444   53204   11.50   44.02
53542   53397   0.00    93.71
53564   53066   3.00    131.64
53567   53870   0.00    62.35
53567   53224   35.00   130.69
53575   53958   0.00    112.31
53628   54320   0.00    128.57
53660   53444   10.00   109.75
53666   53411   8.09    79.33
53666   53105   9.61    107.27
53710   53795   0.00    61.82
53738   53444   15.00   53.81
53743   54044   8.87    107.10
53782   53803   0.00    16.39
53783   53273   10.00   103.61
53787   53542   0.00    83.56
53803   53537   0.00    50.87
53803   53881   20.00   47.26
53809   53567   9.10    99.66
53820   53273   0.00    102.36
53850   53212   0.00    113.52
53853   53108   3.00    141.65
53853   53953   0.00    49.09
53881   53990   0.00    49.79
53881   53622   3.00    53.42
53941   53319   1.67    121.12
53953   54597   2.20    117.64
53958   53738   23.33   114.10
53990   53738   11.50   49.60
54035   53865   0.00    41.67
54044   54320   10.00   106.41
54088   53787   0.00    142.33
54088   54326   0.00    87.94
54098   53757   0.00    88.99
54125   54088   0.00    126.27
54208   53990   8.00    105.54
54249   54035   0.00    50.88
54249   54098   0.00    34.62
54257   53564   9.17    136.34
54260   53990   11.00   49.68
54260   54014   0.00    118.65
54260   54478   6.00    113.17
54281   53783   0.00    102.89
54281   53809   6.71    103.25
54320   54935   0.00    137.62
54327   53666   12.11   125.15
54330   53870   0.00    132.69
54346   53820   0.00    101.92
54346   54046   0.00    65.88
54404   53853   13.20   99.54
54427   53795   0.00    125.09
54440   54083   0.00    83.90
54478   54539   0.00    16.41
54486   53850   3.00    113.46
54505   55022   0.00    124.31
54512   53693   0.00    147.01
54513   54260   10.00   50.95
54513   54731   2.00    108.27
54538   54625   0.00    28.76
54539   54988   0.00    80.21
54541   54281   10.18   56.57
54541   54744   0.00    66.47
54597   54404   0.00    96.29
54597   54780   3.00    36.31
54606   54125   0.00    130.14
54620   54346   0.00    54.76
54620   54209   20.00   87.19
54623   54501   0.00    32.96
54623   54035   0.00    142.27
54625   54879   0.00    51.04
54625   54733   0.00    35.38
54627   53941   10.00   122.64
54702   54161   0.00    107.98
54706   54513   2.00    54.52
54706   54950   8.50    113.27
54733   55053   0.00    95.40
54743   54553   10.00   140.27
54751   55016   0.00    67.16
54751   54440   0.00    83.35
54754   54920   0.00    91.20
54780   55321   20.00   126.02
54780   54881   0.00    142.50
54802   54623   0.00    50.44
54802   54249   0.00    141.07
54845   54179   32.50   123.56
54873   54647   0.00    97.20
54881   54606   0.00    127.61
54881   55357   0.00    108.60
54885   54257   15.00   134.88
54896   54706   9.80    61.05
54930   54541   11.78   73.06
54930   54620   0.00    68.41
54935   55062   0.00    31.04
54935   55401   0.00    91.69
54987   54327   14.33   125.24
54987   55185   9.80    110.60
54988   55293   0.00    77.02
55009   54623   3.00    91.85
55016   54873   0.00    95.95
55019   54330   0.00    135.39
55019   54702   0.00    112.29
55022   54802   0.00    48.32
55024   55547   0.00    121.08
55024   55016   0.00    4.32
55026   54754   0.00    94.38
55026   54743   10.00   140.92
55053   55019   0.00    94.29
55062   55339   0.00    63.80
55062   54427   0.00    125.36
55121   54506   0.00    108.64
55123   54486   0.00    113.32
55137   55350   2.00    40.01
55137   54896   7.80    69.37
55142   54896   8.50    109.17
55147   54802   0.00    80.23
55175   55026   11.50   81.49
55185   55404   0.00    110.60
55199   55354   0.00    64.50
55199   55607   0.00    121.36
55293   55798   0.00    97.19
55294   54814   10.00   77.70
55310   55518   0.00    40.82
55310   55137   9.30    47.44
55321   55357   0.00    120.49
55339   55841   8.67    131.32
55339   54702   0.00    119.92
55340   54627   10.00   122.89
55340   55310   10.00   9.61
55345   54512   0.00    146.62
55345   55199   0.00    137.14
55357   55359   0.00    14.78
55359   55175   20.00   81.57
55397   55771   0.00    97.66
55401   55731   0.00    89.31
55404   55471   0.00    29.52
55404   55009   0.00    91.85
55471   55522   0.00    26.14
55490   55340   11.50   36.96
55490   55662   0.00    35.10
55519   54987   20.00   90.10
55522   55147   0.00    80.23
55522   55591   0.00    56.84
55536   55974   0.00    97.37
55547   56089   0.00    121.85
55580   54930   11.00   110.39
55591   55022   0.00    132.47
55596   55490   0.00    35.73
55596   54845   0.00    123.70
55607   55345   0.00    48.33
55607   55774   0.00    55.58
55629   54885   17.50   135.72
55637   54879   0.00    140.45
55670   55834   0.00    35.74
55670   55596   0.00    15.79
55686   55354   0.00    97.65
55697   55397   0.00    98.71
55697   55912   0.00    107.62
55746   55370   0.00    136.70
55754   55759   10.75   49.56
55754   55269   8.50    78.91
55759   55787   10.80   49.99
55759   55294   10.00   77.75
55771   55797   0.00    6.37
55774   56118   0.00    58.52
55774   55123   1.00    112.48
55787   55816   0.00    11.95
55787   55121   0.00    108.59
55797   56406   0.00    106.27
55797   56134   0.00    107.06
55816   55982   3.00    33.72
55816   55670   0.00    46.80
55841   56201   0.00    129.81
55852   55637   0.00    140.35
55872   55471   0.00    101.85
55912   56477   0.00    110.44
55953   56151   0.00    80.05
55953   56608   0.00    120.34
55969   55686   0.00    97.43
55969   56409   0.00    77.64
55974   55953   0.00    92.21
55981   55816   6.00    48.13
55981   56137   0.00    34.03
55996   55771   0.00    94.69
55996   55697   0.00    82.01
56007   55519   8.67    89.89
56007   56123   0.00    60.90
56057   55996   0.00    10.09
56057   56502   0.00    139.39
56082   55754   4.67    102.80
56087   55728   0.00    127.21
56087   55746   0.00    69.14
56087   56446   0.00    100.90
56089   56538   0.00    120.94
56118   56830   0.00    135.57
56118   55969   0.00    49.81
56123   55732   0.00    71.07
56123   56194   0.00    53.19
56134   56156   0.00    11.28
56151   56599   0.00    84.12
56163   56087   0.00    54.24
56194   56395   0.00    39.74
56194   56529   0.00    147.83
56197   55580   7.67    110.44
56201   55637   2.00    107.10
56201   56707   20.00   101.01
56232   56920   0.00    128.20
56259   56007   20.00   47.42
56259   55872   0.00    101.44
56375   56057   0.00    58.99
56395   56123   0.00    86.47
56409   56808   0.00    77.79
56421   55629   15.14   138.08
56446   56811   0.00    101.40
56481   56375   0.00    63.52
56496   57194   11.00   133.70
56502   57149   0.00    142.31
56538   57029   0.00    121.38
56549   56832   18.25   115.82
56553   55981   9.83    138.55
56567   56553   1.00    51.32
56567   56951   11.50   69.84
56571   56567   20.00   15.82
56571   56156   20.00   132.38
56576   55852   0.00    143.90
56586   56082   0.00    107.28
56599   57085   0.00    89.28
56599   56613   0.00    46.84
56608   57174   0.00    108.64
56608   56599   0.00    49.02
56613   56610   0.00    136.13
56630   56259   6.75    84.93
56653   56659   0.00    148.14
56659   56134   0.00    130.88
56659   56406   0.00    54.44
56707   57263   13.20   151.45
56707   56763   0.00    143.38
56724   57382   0.00    126.44
56726   56936   0.00    135.26
56726   56197   0.00    109.75
56750   56571   7.14    73.40
56755   56375   0.00    77.51
56763   57391   0.00    145.59
56808   56610   0.00    68.07
56830   56838   0.00    20.51
56830   57147   0.00    129.00
56832   57251   0.00    117.98
56838   56911   0.00    99.01
56838   56808   0.00    8.49
56890   57101   0.00    43.34
56898   56613   0.00    51.28
56911   56898   0.00    99.00
56920   57596   0.00    128.19
56936   56576   0.00    139.52
56973   57032   0.00    134.50
56988   56553   6.83    79.29
56988   57145   35.00   40.39
57029   56630   7.40    84.54
57032   57185   0.00    135.44
57085   57174   0.00    43.10
57101   57149   0.00    45.92
57107   56898   0.00    40.82
57107   57085   0.00    50.62
57126   56421   22.00   137.65
57145   57194   5.13    31.37
57147   57107   0.00    125.80
57149   56755   0.00    77.07
57167   56586   12.20   109.07
57167   57289   20.00   32.92
57168   57402   0.00    75.48
57168   56750   8.67    139.45
57174   57672   0.00    149.12
57175   56988   0.00    47.14
57175   57145   0.00    52.60
57180   56973   0.00    135.52
57187   57101   0.00    77.47
57187   56659   0.00    113.73
57194   57512   15.75   63.60
57194   57281   10.60   40.70
57251   57614   12.75   116.89
57261   57029   14.33   60.21
57261   57451   0.00    61.25
57263   57803   9.06    149.94
57270   56781   8.67    145.91
57277   56726   15.75   131.56
57281   57626   0.00    64.39
57281   57289   14.33   5.50
57289   57350   1.00    27.25
57300   56750   0.00    103.85
57300   57175   12.14   101.78
57328   57629   7.25    84.02
57328   57168   3.00    52.79
57335   58068   0.00    120.48
57350   57375   3.00    11.25
57350   57167   5.82    35.74
57375   57741   0.00    62.90
57375   57460   14.33   42.36
57387   57126   0.00    126.73
57402   57300   3.00    65.18
57417   57192   10.00   78.60
57417   57270   20.00   36.91
57449   57672   0.00    79.50
57451   57075   0.00    96.03
57451   57628   0.00    44.59
57453   57512   11.50   24.58
57460   57855   0.00    64.33
57460   57610   13.67   51.77
57496   57894   1.00    104.56
57496   57328   1.00    55.16
57496   57187   0.00    61.61
57512   57626   10.00   42.15
57596   57449   0.00    76.88
57596   57926   0.00    50.66
57610   57577   20.00   5.33
57614   57261   10.88   81.02
57626   57741   11.50   43.81
57628   57236   0.00    89.56
57629   57402   10.00   50.37
57672   57908   0.00    116.45
57675   57747   0.00    109.36
57675   57629   0.00    7.20
57695   57496   20.00   52.62
57709   57126   16.00   103.91
57710   57180   0.00    139.35
57741   57855   3.00    41.10
57744   57417   0.00    59.39
57792   57270   10.88   145.40
57792   57614   2.00    29.75
57803   58354   13.63   149.82
57829   57675   0.00    26.67
57844   57451   0.00    73.93
57855   57964   3.60    38.71
57862   57387   0.00    127.37
57862   57277   8.67    130.95
57894   57829   10.00   15.33
57908   57926   0.00    8.73
57911   57829   7.86    119.92
57926   57994   0.00    106.47
57935   57792   8.29    31.52
57935   57417   8.31    142.53
57936   58437   7.53    85.90
57936   57695   0.00    57.79
57959   58306   0.00    106.45
57962   58375   15.00   111.45
57963   57628   0.00    62.27
57964   57610   3.00    64.82
57994   58060   0.00    106.47
57999   57453   8.67    105.09
58008   57964   0.00    7.82
58008   57962   15.00   109.24
58011   57959   0.00    103.03
58015   57936   9.57    17.26
58015   58227   0.00    63.99
58060   58011   0.00    103.05
58068   58878   0.00    120.84
58106   58219   20.00   96.33
58106   57894   6.00    41.82
58182   57695   7.80    122.65
58182   58106   0.00    11.36
58219   58265   0.00    96.73
58227   58441   0.00    45.74
58227   58412   8.50    55.43
58245   57744   13.08   139.49
58245   57935   13.20   56.84
58260   57999   5.60    95.36
58265   57999   0.00    51.06
58280   58337   0.00    100.81
58298   57862   9.81    89.95
58306   58909   6.75    110.01
58306   58280   3.00    100.80
58337   58060   10.00   104.18
58354   58661   16.00   147.44
58362   57709   10.44   103.80
58375   58921   14.33   113.66
58412   58528   3.00    105.77
58412   58182   14.33   45.07
58418   57710   0.00    141.04
58437   58955   0.00    86.06
58441   58015   6.00    72.51
58482   59159   3.00    130.74
58498   58260   8.67    95.37
58498   58008   8.78    96.09
58506   58967   20.00   94.67
58507   58265   0.00    96.40
58516   58780   11.50   96.96
58528   58965   6.33    133.07
58546   57908   0.00    109.64
58548   58779   0.00    58.08
58548   58245   12.35   61.76
58616   58506   0.00    92.12
58638   58298   11.28   75.45
58661   58298   9.44    147.91
58743   58616   3.00    29.96
58744   58412   20.00   61.29
58769   58507   11.00   96.37
58769   58498   12.80   49.51
58779   58532   0.00    49.84
58780   59034   3.00    97.07
58784   58743   0.00    21.60
58784   58616   0.00    23.42
58828   59375   8.67    104.06
58854   58744   3.00    134.46
58866   58441   8.50    68.37
58866   58744   14.33   21.24
58878   59604   0.00    119.80
58921   58743   11.50   49.16
58934   58769   4.30    30.93
58955   58866   0.00    18.75
58955   59443   3.00    78.49
58965   59321   8.00    132.08
58967   58784   9.40    54.53
58997   59309   11.50   110.86
59016   58362   13.91   103.68
59016   58638   13.25   75.45
59034   58934   15.00   21.23
59109   58866   6.70    43.97
59109   59139   3.25    98.75
59128   59567   3.00    82.39
59131   59281   0.00    57.61
59159   59469   0.00    51.02
59159   59375   3.00    48.77
59207   58992   0.00    116.01
59207   58546   0.00    109.56
59229   58921   7.92    90.94
59281   59642   0.00    130.62
59309   59597   11.50   110.86
59321   59034   3.00    49.47
59350   59139   0.00    40.38
59350   59599   0.00    101.32
59358   59604   0.00    82.10
59360   59109   0.00    39.23
59375   59567   11.50   50.55
59379   58418   0.00    145.50
59385   59350   0.00    7.64
59385   59665   0.00    47.75
59403   59525   0.00    97.48
59430   58779   0.00    111.26
59436   58967   7.25    68.09
59443   60080   7.86    131.60
59443   59360   0.00    19.35
59458   59229   2.00    90.50
59468   59764   0.00    61.03
59469   59979   0.00    136.54
59486   59358   0.00    81.92
59525   59634   0.00    26.37
59525   59436   0.00    20.91
59567   59764   0.00    51.00
59592   58934   10.05   101.58
59592   59403   0.00    97.15
59597   59321   4.67    51.82
59599   59849   3.00    101.33
59604   59636   0.00    10.71
59605   59281   0.00    51.82
59605   59785   0.00    123.00
59634   59436   10.67   34.10
59636   59950   0.00    80.32
59636   59975   0.00    90.71
59642   60169   0.00    132.66
59656   59207   0.00    83.02
59665   59732   0.00    27.40
59673   59016   10.68   134.09
59705   59936   0.00    49.01
59732   59914   8.00    78.84
59732   60007   2.33    48.33
59764   59936   2.00    48.94
59785   59672   0.00    49.95
59811   59864   3.00    76.33
59833   60258   20.00   77.95
59849   59597   3.00    50.80
59864   60268   5.20    102.87
59891   60148   0.00    47.59
59892   60120   0.00    53.32
59894   59605   0.00    118.88
59914   60131   7.43    78.84
59929   59785   0.00    27.49
59929   59982   0.00    76.08
59936   60148   7.67    51.01
59950   59996   0.00    78.01
59956   60241   0.00    74.97
59975   60559   2.00    93.89
59979   60542   7.29    136.49
59982   60040   0.00    76.08
60007   60409   2.20    146.54
60057   60120   0.00    14.13
60079   60007   0.00    13.71
60079   59360   0.00    144.27
60080   60661   10.29   116.38
60120   60394   0.00    53.90
60131   59849   10.29   50.94
60148   60374   7.25    54.42
60164   60431   0.00    89.66
60164   59656   3.00    84.22
60169   60394   0.00    54.31
60199   59634   9.00    88.13
60210   59929   0.00    48.57
60210   60306   0.00    108.08
60228   59864   9.57    85.64
60241   60526   0.00    75.08
60242   59811   9.00    110.39
60258   59606   0.00    133.78
60258   60526   1.00    49.01
60268   60782   8.57    118.06
60268   60764   5.20    139.85
60288   59592   9.50    106.83
60292   59379   0.00    145.11
60306   60388   0.00    108.07
60365   59673   13.63   135.22
60374   60569   1.00    48.38
60374   60080   10.69   59.63
60388   60594   0.00    108.72
60394   60407   0.00    107.41
60407   60169   0.00    51.87
60407   59894   0.00    121.10
60409   60131   9.25    51.13
60431   60631   3.00    89.02
60439   60224   0.00    35.44
60439   60580   0.00    65.39
60447   60374   2.00    21.01
60512   60618   0.00    145.18
60526   60621   0.00    18.17
60542   60447   20.00   35.92
60543   60288   11.00   99.83
60563   60228   0.00    85.52
60569   60802   3.00    66.75
60569   61314   4.29    121.84
60572   60542   0.00    14.44
60594   60407   0.00    43.06
60618   60765   0.00    145.30
60621   60764   3.00    31.16
60631   60757   0.00    54.00
60650   60164   0.00    103.32
60661   60778   4.13    24.39
60687   60543   3.00    86.56
60697   60572   3.00    50.49
60697   60242   7.40    110.79
60700   60079   3.00    125.49
60714   60439   0.00    44.80
60714   60641   0.00    31.85
60757   61359   0.00    109.92
60757   61271   0.00    102.02
60762   60714   0.00    8.75
60764   60875   0.00    37.82
60765   60594   0.00    50.25
60771   60199   10.80   88.14
60771   60917   20.00   81.42
60778   60869   11.50   22.58
60778   60700   0.00    20.15
60782   60764   10.00   117.68
60802   60661   6.40    30.41
60816   60911   0.00    142.40
60818   60700   0.00    23.96
60818   60409   8.87    80.11
60829   60697   6.50    52.79
60838   60563   20.00   68.70
60838   60829   0.00    6.49
60859   60818   3.58    7.87
60860   60543   0.00    54.85
60869   60904   8.13    8.98
60869   60818   0.00    12.23
60875   61154   0.00    48.19
60875   60621   0.00    41.87
60875   60738   5.50    83.32
60904   61044   3.11    43.89
60911   61026   0.00    142.49
60917   60846   11.00   81.71
60935   60838   0.00    47.99
60935   60563   15.00   61.31
60987   60860   0.00    33.60
60987   61371   11.00   104.57
61002   61154   3.00    87.37
61026   60765   0.00    48.76
61027   60987   9.50    25.88
61027   60860   0.00    28.60
61029   60762   0.00    47.93
61029   61007   0.00    45.64
61032   60762   14.25   137.14
61044   60859   6.89    42.41
61044   61129   7.06    26.04
61082   60365   11.50   136.31
61082   61415   0.00    97.94
61129   61173   5.40    19.91
61129   61183   0.00    16.03
61152   60292   0.00    144.74
61154   61424   0.00    46.46
61160   60650   3.00    103.90
61173   61370   8.32    68.10
61176   61125   0.00    104.85
61183   61173   6.67    30.11
61183   61266   6.00    95.05
61202   60572   3.00    104.32
61230   60447   8.67    129.53
61232   60697   2.60    89.49
61266   60802   9.13    78.78
61266   61296   0.00    33.84
61271   61802   0.00    101.66
61283   60559   0.00    119.58
61296   61314   10.00   19.81
61301   61424   4.67    84.68
61307   60829   11.50   79.06
61314   61372   5.67    65.16
61321   61026   0.00    49.40
61321   61176   0.00    105.10
61337   60771   2.33    92.25
61359   61802   0.00    106.96
61370   61605   2.33    59.51
61370   61027   20.00   57.70
61371   61601   1.00    103.48
61372   61391   1.00    40.27
61373   60935   8.67    68.60
61385   61450   0.00    30.38
61385   61281   0.00    15.68
61391   61688   0.00    45.50
61391   61409   26.50   41.68
61409   61436   0.00    43.27
61409   61737   3.00    47.79
61424   61757   3.00    49.49
61436   61479   11.00   43.94
61436   61765   9.00    47.09
61469   61007   0.00    79.25
61479   61517   5.93    53.48
61479   61787   5.50    46.95
61513   61385   0.00    23.65
61513   61429   0.00    26.83
61514   61867   11.00   130.33
61514   61296   6.56    36.93
61517   61599   0.00    101.21
61517   61034   0.00    77.94
61538   61321   0.00    42.21
61538   61451   0.00    133.05
61563   61029   6.64    90.82
61563   61469   3.00    37.04
61591   61424   10.80   82.88
61599   61784   0.00    101.90
61601   61337   5.50    103.39
61602   61266   6.25    115.49
61605   62099   6.77    117.57
61607   61757   3.00    86.50
61612   61372   7.86    75.16
61711   61082   10.62   114.54
61739   61032   16.63   142.84
61757   62013   0.00    47.33
61784   62127   0.00    103.55
61792   61739   4.67    12.83
61792   61160   9.74    106.05
61802   61709   0.00    86.55
61803   61739   6.75    86.78
61867   62185   10.33   130.32
61869   61757   6.50    72.63
61891   62013   0.00    87.31
61897   61803   5.33    86.90
61908   61605   11.50   54.66
61908   61602   6.67    115.42
61920   61337   4.17    127.68
61955   61513   0.00    84.56
61955   62093   0.00    31.31
61973   61658   0.00    75.75
61977   62291   0.00    53.92
61977   61538   0.00    84.09
61989   61152   0.00    144.23
62013   62345   0.00    48.89
62013   62122   0.00    54.96
62017   62344   0.00    75.13
62039   61283   0.00    119.58
62056   61469   0.00    123.32
62056   61563   3.00    84.06
62093   62162   0.00    12.26
62093   62419   0.00    62.73
62095   62199   0.00    108.97
62095   61514   9.73    103.33
62099   62662   7.36    117.56
62121   62586   10.00   85.97
62127   61869   0.00    65.78
62127   62467   0.00    81.62
62162   62368   0.00    35.83
62162   61969   0.00    41.93
62185   61908   10.50   47.77
62196   62345   8.21    77.81
62222   62482   0.00    109.37
62222   61711   11.50   113.18
62255   62121   0.00    85.39
62266   61955   0.00    86.79
62291   62585   0.00    52.32
62291   61973   0.00    74.84
62292   62039   7.67    49.23
62339   61792   12.20   136.70
62339   62817   0.00    127.54
62344   62655   0.00    75.10
62345   62681   2.60    50.53
62354   62095   3.00    37.47
62359   62339   0.00    7.00
62367   62624   0.00    40.90
62367   62506   4.33    128.65
62388   62017   20.00   127.71
62392   63042   8.50    122.77
62392   62084   20.00   42.68
62393   62056   4.92    52.20
62393   62370   6.50    9.21
62428   62667   10.20   38.36
62428   62367   9.80    43.74
62453   62185   0.00    39.62
62467   62815   36.63   81.91
62473   62095   3.00    129.41
62476   62746   0.00    40.40
62476   62428   8.00    41.66
62506   62255   0.00    38.65
62506   63133   5.75    112.64
62528   62476   8.67    39.67
62528   62810   10.00   40.52
62585   62209   0.00    93.40
62585   62737   0.00    55.93
62586   62255   10.29   73.91
62597   62528   20.00   75.02
62597   62354   9.40    41.78
62607   62039   2.00    107.63
62637   62370   10.00   80.14
62637   62459   0.00    115.13
62655   62222   7.25    75.69
62655   63361   0.00    124.28
62659   62354   0.00    112.72
62662   63242   6.15    117.40
62681   62815   0.00    19.27
62681   62607   11.00   102.31
62688   62827   6.33    82.50
62725   62266   0.00    87.50
62725   62368   11.69   74.13
62726   61897   14.23   130.77
62809   62017   0.00    112.91
62817   63316   0.00    84.97
62817   62638   0.00    67.40
62827   62964   10.77   82.56
62835   62473   11.50   129.46
62845   62586   0.00    50.92
62852   61989   0.00    142.72
62915   63065   6.55    129.56
62936   62915   4.17    129.69
62952   62545   0.00    78.97
62952   62725   6.40    42.18
62964   62392   24.71   84.35
62983   62597   4.67    124.46
63003   62659   0.00    112.72
63065   62597   8.33    69.34
63065   63275   2.50    93.73
63075   62736   0.00    74.40
63075   62655   13.20   61.64
63133   63591   8.50    147.45
63225   63401   7.20    82.16
63228   64018   8.20    148.50
63242   63946   4.33    119.79
63244   63338   0.00    134.25
63252   62952   0.00    53.68
63252   63265   0.00    48.32
63262   62936   0.00    65.89
63262   63133   8.27    63.16
63265   63022   0.00    34.87
63275   63521   5.84    78.94
63307   62388   20.00   131.59
63311   62393   6.06    143.73
63311   64118   7.56    128.58
63316   63491   0.00    80.90
63316   63552   0.00    69.63
63338   64114   0.00    141.27
63361   64173   0.00    126.46
63401   63262   0.00    51.36
63401   62936   12.50   71.09
63418   62637   3.00    118.44
63423   62910   0.00    102.31
63454   62983   4.57    126.22
63509   63688   11.17   109.22
63521   63857   3.00    79.74
63582   62809   0.00    112.92
63583   63244   0.00    135.50
63591   63799   10.00   147.47
63611   63552   0.00    7.05
63611   63586   11.63   95.03
63612   63265   0.00    50.18
63618   63703   14.22   78.04
63639   62726   8.13    131.29
63639   63850   0.00    38.40
63688   62964   8.10    107.81
63703   63858   5.86    75.96
63711   63611   0.00    15.07
63722   62852   0.00    143.46
63746   63075   14.20   104.16
63756   63618   25.80   78.31
63756   63275   10.00   76.44
63762   64428   0.00    139.33
63762   63252   11.50   73.69
63798   63228   10.73   141.93
63799   62815   25.20   154.54
63831   63711   0.00    116.02
63843   63711   0.00    19.52
63843   63931   20.00   12.12
63850   63423   0.00    101.04
63850   64641   0.00    117.51
63857   64574   5.23    123.42
63858   63956   9.00    75.62
63929   63930   8.67    105.61
63930   63843   0.00    12.60
63931   64510   0.00    88.75
63931   63934   0.00    95.84
63946   64132   15.00   66.46
63946   64624   7.06    111.93
63956   63736   3.00    57.48
63956   63401   6.68    76.70
64018   64787   10.30   148.53
64048   63583   0.00    136.33
64114   64989   0.00    142.62
64118   64949   8.67    128.77
64132   64315   0.00    61.31
64160   63311   6.56    127.89
64164   63418   3.00    117.96
64173   64509   0.00    119.88
64184   63688   5.33    73.96
64210   63307   0.00    131.58
64234   63930   6.63    46.62
64234   64243   0.00    97.17
64272   63756   13.67   129.54
64272   63857   3.00    89.55
64282   63639   5.90    104.44
64315   65028   2.50    111.45
64315   64401   10.75   29.91
64316   63929   0.00    87.04
64355   65090   0.00    109.02
64363   63746   14.60   103.36
64363   63582   6.40    112.92
64465   64533   10.75   54.93
64465   64184   10.88   59.80
64506   63703   8.76    128.01
64509   64363   21.25   27.35
64510   64892   3.00    81.13
64510   64505   0.00    98.49
64513   63762   7.58    116.72
64523   64048   0.00    137.03
64533   64184   7.00    54.74
64537   63798   6.89    144.36
64574   65229   5.27    121.61
64584   64234   8.67    51.46
64602   64584   0.00    117.68
64624   65319   9.51    111.93
64641   65430   0.00    117.54
64682   64720   0.00    120.13
64682   64584   0.00    13.95
64688   63956   7.25    108.70
64688   64358   10.00   86.17
64718   65090   0.00    134.60
64718   63722   0.00    145.55
64769   64164   3.00    115.90
64787   65335   6.50    101.89
64824   64132   0.00    111.68
64878   64523   0.00    135.63
64892   65289   0.00    81.53
64919   65817   0.00    136.82
64924   64316   0.00    89.61
64965   64282   10.03   104.54
64965   64987   6.64    62.90
64968   64465   7.17    90.68
64987   64949   8.05    70.18
64987   64160   4.46    126.64
65028   65706   5.50    111.45
65070   64210   16.14   130.55
65070   64509   11.29   106.23
65090   65771   0.00    103.59
65103   65510   3.00    108.41
65112   64533   14.60   83.58
65117   64769   3.00    113.78
65117   65198   8.67    72.36
65126   64787   15.00   80.70
65145   64513   5.14    114.75
65145   65070   0.00    17.64
65198   65211   0.00    15.79
65198   65970   11.50   138.56
65199   64272   11.17   146.33
65211   65347   0.00    140.61
65223   64878   0.00    135.34
65229   65848   6.78    121.48
65289   65145   11.00   61.10
65289   65464   11.50   27.23
65303   64682   3.00    143.11
65303   65289   11.50   10.62
65319   65991   3.14    111.93
65322   64537   10.00   144.31
65335   65826   12.38   100.95
65347   65430   13.14   82.15
65347   64965   13.59   59.42
65362   64506   7.45    128.16
65362   65363   20.00   44.60
65363   64919   20.00   131.95
65363   65817   6.73    148.94
65386   65402   14.71   37.82
65386   65303   7.85    61.71
65402   65679   15.58   131.36
65402   65433   18.13   22.98
65418   65112   10.36   140.50
65418   64719   11.88   100.88
65421   65211   0.00    140.66
65421   65347   10.70   11.90
65430   65523   9.25    106.99
65433   65303   0.00    20.83
65433   65464   0.00    11.12
65436   64968   10.80   90.82
65464   65980   12.71   122.46
65493   65322   11.50   34.49
65493   65126   3.00    81.11
65508   65430   11.50   10.74
65508   65421   12.80   84.02
65510   66082   0.00    111.35
65513   64824   11.00   111.68
65523   65574   10.83   106.94
65574   65386   12.00   95.90
65589   65112   8.20    91.01
65613   65508   4.83    98.86
65617   65362   14.10   140.23
65617   64688   5.83    133.70
65636   65223   0.00    136.32
65657   65613   10.00   56.40
65679   65657   0.00    65.59
65679   65574   0.00    15.21
65706   66384   14.33   111.45
65769   66082   7.67    149.56
65771   66470   0.00    104.12
65791   65322   20.00   107.72
65791   65436   6.75    66.29
65817   66463   7.80    99.92
65817   65957   13.29   106.18
65826   66330   11.47   101.47
65848   66513   5.10    123.52
65873   65418   5.88    124.73
65873   66359   8.60    93.61
65937   66367   0.00    65.68
65957   66074   8.71    106.01
65980   66710   20.00   110.30
65980   66495   11.50   88.40
65991   66330   3.52    55.33
66003   66045   0.00    139.28
66005   66141   0.00    65.43
66035   66958   0.00    136.42
66035   65589   7.14    91.01
66045   66880   0.00    143.28
66074   65199   11.73   146.51
66080   65362   9.10    112.96
66082   66607   9.20    126.62
66090   65617   11.59   72.62
66133   66497   9.17    78.10
66141   65613   0.00    81.76
66141   66361   0.00    83.47
66178   65991   8.50    64.33
66178   65513   8.67    111.68
66179   65769   11.50   111.83
66190   65493   5.75    138.54
66250   65769   12.43   78.66
66309   66133   14.17   110.23
66309   66877   0.00    108.58
66313   65791   10.50   105.11
66330   67076   5.60    118.49
66359   66855   7.85    93.52
66361   65657   0.00    111.23
66361   66443   0.00    68.07
66363   65436   20.00   140.53
66363   66035   10.57   60.08
66367   66003   0.00    136.62
66372   65636   0.00    140.65
66384   66178   8.25    65.81
66402   65988   5.00    79.35
66415   65848   4.75    146.93
66415   66074   6.67    56.12
66418   66090   8.67    88.91
66418   67410   13.63   144.98
66443   66841   0.00    108.26
66443   65679   0.00    118.91
66462   66384   0.00    23.01
66463   67113   6.89    100.04
66470   66367   0.00    43.62
66470   67177   0.00    108.15
66495   66595   9.80    18.59
66497   66829   3.00    78.46
66508   66090   0.00    58.01
66513   66789   3.00    130.09
66513   67251   7.07    114.89
66538   66928   9.29    78.70
66538   65873   11.64   114.27
66563   67205   3.60    115.90
66591   66829   0.00    87.13
66595   67238   9.95    117.20
66607   66508   2.67    25.57
66607   66714   9.80    23.56
66677   66930   15.00   45.95
66679   66415   0.00    40.98
66714   66508   3.00    29.40
66747   66250   2.00    78.30
66783   67306   0.00    144.15
66789   67679   2.33    134.71
66822   67340   0.00    111.93
66822   66402   17.67   79.48
66829   67571   0.00    105.90
66829   66900   0.00    42.67
66836   66080   4.14    113.02
66836   66418   5.17    149.90
66855   67086   4.63    44.68
66869   66313   8.33    105.11
66877   66968   0.00    14.01
66877   66783   0.00    141.70
66880   66372   0.00    137.67
66892   66679   13.50   105.06
66898   66363   6.50    100.38
66900   67762   0.00    123.81
66909   66190   5.42    138.54
66909   67418   10.63   109.97
66928   67343   7.50    78.75
66930   67668   10.00   115.53
66930   66747   0.00    83.24
66958   66822   9.00    26.67
66960   67331   0.00    62.21
66968   66309   0.00    106.48
66977   66836   7.14    87.63
67065   66817   0.00    37.68
67072   66855   0.00    49.75
67076   67168   0.00    15.22
67084   67515   14.33   145.80
67086   67340   0.00    48.75
67108   66538   10.76   126.42
67113   66977   9.20    87.66
67168   67363   8.20    29.96
67168   66909   7.50    89.95
67177   67896   3.00    113.77
67197   67076   1.00    43.81
67205   66747   2.88    76.79
67216   66892   10.47   104.90
67216   67113   11.50   17.94
67238   68007   6.74    118.95
67251   67671   9.08    61.92
67273   66714   5.77    83.45
67306   67084   0.00    143.32
67309   67152   20.00   75.35
67309   67840   0.00    87.96
67335   67407   0.00    28.27
67335   66968   5.50    58.70
67340   67607   9.00    49.54
67340   67822   11.20   101.49
67363   68047   10.50   105.30
67385   67065   0.00    48.02
67385   67177   0.00    62.87
67413   67145   24.33   48.10
67413   67086   7.80    68.23
67418   67963   8.20    115.63
67418   66869   7.07    105.11
67423   67251   10.67   81.80
67429   66898   7.89    100.10
67457   66836   6.46    92.48
67509   67843   3.00    51.12
67516   67363   0.00    48.98
67532   67753   0.00    119.20
67532   67309   0.00    59.76
67571   68218   0.00    103.88
67578   67892   14.80   47.47
67588   67798   0.00    32.30
67599   66679   12.10   147.96
67599   67423   9.43    81.80
67607   67850   10.33   48.36
67615   67331   0.00    114.85
67615   67065   0.00    86.99
67624   68546   0.00    145.22
67643   66880   0.00    110.10
67656   67904   0.00    75.63
67656   67934   0.00    45.68
67661   68517   7.25    136.54
67661   67656   0.00    31.81
67671   68243   6.15    102.14
67671   67679   3.00    71.13
67677   67661   1.00    67.66
67679   67677   1.00    16.55
67693   67335   0.00    51.69
67709   66958   9.75    140.82
67753   68371   0.00    91.95
67753   68126   0.00    83.02
67775   67216   7.88    90.25
67775   68409   3.00    124.36
67798   67693   0.00    66.32
67798   68173   0.00    52.13
67801   67843   3.00    50.38
67801   67413   0.00    56.88
67809   68170   0.00    51.37
67822   67801   0.00    4.44
67838   66892   12.92   143.24
67838   67599   8.58    116.76
67841   67273   8.14    83.39
67841   68338   0.00    109.28
67843   67892   3.00    46.00
67850   68136   6.00    50.31
67876   67615   0.00    99.08
67876   67385   0.00    84.35
67876   67896   0.00    59.67
67892   67895   20.00   3.87
67895   67921   19.00   41.53
67896   68311   0.00    59.75
67904   68414   10.00   78.18
67921   67482   6.50    65.62
67921   67923   10.00   6.09
67923   67950   1.00    41.09
67950   67957   20.00   8.32
67950   67050   11.50   128.20
67957   67990   6.98    62.59
67963   68455   20.50   109.61
67963   67429   5.70    100.10
67990   67108   7.58    131.22
67990   68007   9.23    22.31
68007   68220   6.67    29.83
68024   67693   0.00    48.16
68047   68223   6.30    26.42
68069   67607   9.86    98.13
68069   67822   3.50    46.08
68082   68254   7.14    82.71
68082   67457   6.00    92.50
68099   67838   3.00    35.21
68109   68047   7.50    22.77
68126   68860   0.00    118.92
68126   68353   0.00    49.76
68130   67515   20.00   91.52
68130   68291   0.00    69.55
68134   67532   0.00    106.16
68136   68379   3.00    46.60
68143   67205   4.82    149.95
68143   68450   3.25    101.49
68173   68024   0.00    69.49
68173   68445   0.00    76.23
68218   68781   0.00    103.29
68220   68588   0.00    89.33
68220   68732   15.00   81.67
68223   67418   10.45   148.26
68223   69037   12.74   127.50
68243   68639   4.20    99.99
68248   68441   11.00   93.54
68254   68421   8.67    82.77
68264   68109   10.00   60.85
68291   68024   0.00    44.93
68311   68739   8.00    134.79
68311   68698   20.00   55.79
68326   67643   0.00    108.89
68328   67850   2.00    98.67
68328   68069   14.33   50.61
68338   68031   8.25    53.51
68338   68421   3.00    19.67
68343   67916   0.00    62.10
68353   68771   0.00    90.24
68353   68769   0.00    65.36
68371   68924   0.00    90.89
68379   68625   2.20    49.96
68381   68222   7.25    77.27
68409   68082   20.00   49.92
68413   68099   13.36   149.72
68413   67775   11.50   94.21
68414   68264   9.83    68.26
68421   69144   14.60   106.90
68425   67895   10.56   74.42
68441   67691   0.00    120.38
68445   68291   0.00    58.23
68450   67780   1.67    104.72
68455   67709   11.20   140.78
68455   68971   8.41    111.39
68462   67923   9.20    76.04
68470   68381   0.00    49.77
68472   67957   7.50    75.53
68483   67963   13.20   101.16
68485   67801   10.38   97.67
68487   68328   0.00    31.33
68487   68661   0.00    36.27
68517   69310   3.00    119.16
68517   68414   3.00    63.14
68523   67843   8.91    97.33
68542   67599   6.07    142.40
68542   68470   0.00    49.06
68546   68739   0.00    42.20
68546   69305   0.00    117.39
68568   68136   8.80    99.62
68568   68487   10.50   15.08
68572   68204   0.00    77.41
68575   68542   0.00    4.84
68588   68795   0.00    34.58
68588   69098   0.00    83.19
68596   67677   11.00   148.79
68596   68517   8.67    58.64
68598   68343   0.00    70.04
68598   68883   0.00    52.66
68612   68468   0.00    76.32
68612   69218   0.00    83.52
68616   67876   0.00    111.88
68625   69088   15.00   97.56
68625   68971   6.75    61.13
68639   69289   4.50    100.12
68639   68596   8.19    14.71
68642   68291   0.00    54.96
68657   68764   0.00    61.39
68694   69018   0.00    77.49
68694   67841   5.91    120.86
68695   68381   0.00    48.21
68695   68644   0.00    52.81
68698   69081   0.00    64.08
68720   69259   0.00    77.15
68720   68612   0.00    34.65
68726   68616   0.00    101.82
68732   69102   0.00    79.13
68739   69448   11.50   106.01
68743   68720   0.00    9.02
68743   68343   0.00    57.57
68764   68441   0.00    69.21
68771   69151   0.00    89.53
68774   69048   0.00    41.42
68781   68651   0.00    19.38
68795   69237   0.00    84.60
68825   68598   0.00    104.24
68827   68575   0.00    47.26
68827   68099   17.70   112.46
68833   68568   12.71   49.11
68833   68379   7.83    100.35
68842   68868   0.00    19.86
68858   68987   7.67    19.59
68868   69325   0.00    60.73
68868   69151   28.00   138.06
68874   68827   4.40    11.20
68883   68743   0.00    32.39
68897   68109   5.17    126.97
68942   68409   11.30   80.22
68969   68642   10.50   137.02
68971   69238   6.50    49.51
68971   69088   8.33    121.05
68987   68437   8.67    91.30
68987   69100   0.00    17.30
69005   68642   0.00    50.74
69014   68130   20.00   131.56
69037   68483   6.56    101.16
69037   69801   7.94    125.39
69048   69269   0.00    35.65
69052   68825   0.00    102.91
69052   68326   0.00    109.53
69052   69738   0.00    106.72
69054   68264   6.50    123.26
69062   68143   13.50   148.54
69081   69557   2.33    71.31
69088   68833   11.17   48.41
69092   69457   20.00   54.67
69092   68874   3.00    52.95
69095   68644   0.00    65.04
69098   69048   0.00    28.43
69100   69410   1.00    50.35
69102   69510   8.67    79.81
69102   69269   0.00    87.72
69115   68170   0.00    146.58
69115   68969   0.00    68.80
69117   68833   3.00    52.86
69126   68818   0.00    41.83
69126   69175   0.00    61.68
69144   69763   6.06    106.17
69151   69596   0.00    72.07
69158   68455   1.67    129.05
69164   68795   0.00    57.74
69164   69098   0.00    32.55
69175   68726   0.00    103.36
69175   68576   0.00    100.45
69199   68414   4.67    120.67
69210   69095   0.00    50.37
69210   68695   1.00    75.48
69222   68773   0.00    63.83
69237   68842   0.00    102.93
69238   69486   10.00   47.38
69238   69391   2.00    35.57
69264   69100   3.00    78.79
69287   69081   15.75   124.15
69287   68698   14.00   138.97
69289   69989   8.86    120.18
69289   69749   0.00    99.63
69309   69092   5.50    92.07
69309   68413   3.00    130.93
69310   69995   20.00   119.06
69314   68865   1.67    61.66
69314   69222   0.00    58.92
69316   69328   0.00    23.78
69316   69593   0.00    42.35
69320   69005   11.50   131.08
69320   68969   0.00    51.36
69324   69210   0.00    49.85
69324   68470   0.00    123.27
69325   69998   0.00    106.92
69325   69316   0.00    62.82
69344   68694   7.14    92.28
69352   69005   0.00    50.78
69402   68921   1.00    69.17
69402   69314   0.00    58.88
69410   69972   6.00    98.62
69410   68960   9.17    79.91
69419   68764   0.00    96.49
69420   69324   0.00    50.55
69420   68575   6.50    125.81
69445   69095   0.00    53.23
69448   69814   0.00    101.46
69457   69774   11.17   52.34
69461   68781   0.00    99.68
69462   69264   7.25    79.06
69462   69402   0.00    45.81
69481   69117   10.00   56.05
69483   68942   0.00    80.22
69486   69671   1.00    43.71
69486   69703   11.50   43.57
69510   69993   0.00    82.24
69525   69126   0.00    58.10
69525   69419   0.00    73.14
69546   68883   0.00    124.33
69557   69949   3.00    62.14
69557   69610   0.00    65.04
69568   69483   0.00    14.00
69571   69320   0.00    121.36
69571   69115   0.00    74.44
69574   69420   0.00    23.72
69581   69117   3.00    92.65
69596   70403   0.00    126.96
69598   70358   0.00    121.49
69598   69625   0.00    19.53
69600   69568   0.00    35.10
69600   69309   3.00    81.03
69610   69615   0.00    90.65
69610   68616   0.00    149.11
69613   69320   0.00    48.33
69613   69352   0.00    125.73
69615   69175   0.00    66.83
69625   70126   12.51   84.42
69625   69737   0.00    66.38
69632   69352   0.00    53.58
69634   69483   2.50    75.05
69635   69164   0.00    105.63
69655   69457   1.00    94.56
69673   69445   1.00    111.04
69684   69574   0.00    51.11
69684   68874   20.00   120.48
69685   69445   0.00    43.06
69685   69210   0.00    75.25
69697   69014   9.45    128.41
69703   69911   10.33   46.40
69703   70008   0.00    76.67
69715   68897   15.00   127.10
69737   69287   0.00    74.42
69738   69814   0.00    15.26
69738   69546   0.00    120.50
69763   69634   8.00    75.03
69767   69462   1.00    58.17
69774   70093   0.00    52.79
69774   69684   6.63    52.36
69801   69158   9.78    129.05
69801   70484   9.41    107.16
69805   69222   10.00   91.23
69812   69054   20.00   123.26
69814   70143   20.00   90.51
69815   69600   3.00    37.75
69815   69655   20.00   94.49
69817   69481   5.50    75.01
69844   69568   7.67    48.60
69844   69815   0.00    4.55
69867   69907   0.00    14.10
69867   69402   0.00    73.70
69897   69419   3.00    76.64
69907   69767   0.00    29.41
69911   70139   11.00   46.89
69911   70131   1.00    46.97
69917   69199   5.40    120.67
69921   69613   0.00    52.56
69921   69632   10.00   142.08
69925   69344   3.00    92.29
69925   69960   2.33    20.93
69932   69632   0.00    68.38
69939   69571   0.00    59.94
69939   69613   0.00    149.40
69940   69525   0.00    67.72
69940   69897   0.00    96.32
69949   70351   10.00   61.98
69949   69979   0.00    76.68
69954   69774   28.20   96.45
69960   69062   18.67   148.92
69972   70337   0.00    84.23
69972   69592   5.50    74.63
69978   69481   1.00    85.04
69979   70009   0.00    76.67
69989   70734   8.47    120.18
69993   70511   8.57    77.93
69995   70768   0.00    119.76
69997   70715   0.00    150.69
69998   70722   0.00    106.92
70009   69615   0.00    63.43
70017   69685   0.00    66.62
70017   69324   3.00    116.00
70064   69997   0.00    144.22
70065   70276   0.00    63.14
70066   69635   50.00   108.23
70074   69867   0.00    34.04
70074   69907   3.00    32.62
70088   69461   0.00    100.30
70088   69939   0.00    22.62
70093   70406   0.00    50.61
70114   69844   3.00    43.67
70121   69921   20.00   85.77
70125   69596   0.00    139.39
70126   70705   8.37    90.34
70134   69630   6.00    91.71
70139   70302   1.00    39.21
70139   70658   10.76   100.42
70140   69763   1.00    85.78
70142   69954   3.00    96.44
70142   70114   0.00    5.27
70143   69737   0.00    82.16
70143   70126   3.00    88.75
70144   69684   1.00    78.17
70169   69960   3.00    41.16
70169   70140   3.00    81.85
70169   69925   7.45    37.83
70176   69932   50.00   116.21
70206   69702   0.00    93.46
70207   70595   0.00    91.22
70234   69314   20.00   147.05
70234   70074   0.00    63.28
70250   70876   3.00    114.23
70274   70093   9.11    96.81
70276   69673   3.00    113.47
70282   70066   0.00    104.66
70293   70121   0.00    85.73
70293   70088   1.00    33.25
70305   70206   9.00    55.73
70305   69767   0.00    97.95
70311   69897   0.00    65.91
70318   70207   0.00    97.74
70321   69932   0.00    67.13
70337   70660   0.00    83.26
70351   70371   0.00    72.23
70351   70405   0.00    7.84
70358   70750   0.00    57.46
70371   70373   0.00    26.02
70373   70376   0.00    54.82
70375   70311   0.00    106.00
70375   69940   0.00    67.54
70376   70375   0.00    60.51
70376   70009   0.00    56.66
70380   69805   0.00    91.33
70380   70234   0.00    69.93
70385   69574   0.00    134.55
70385   70017   0.00    67.18
70395   70619   0.00    116.68
70403   71334   9.80    126.97
70405   70358   4.25    65.84
70405   70853   10.00   66.37
70406   70760   8.67    52.57
70408   70002   3.00    61.09
70408   70438   0.00    81.69
70438   70749   0.00    49.36
70438   70429   0.00    39.17
70452   70176   1.00    116.34
70484   70658   3.00    26.25
70489   70142   5.00    53.12
70489   70274   7.00    96.84
70498   69697   3.00    131.48
70498   70321   1.00    76.26
70498   70380   0.00    43.04
70501   70705   3.00    100.04
70507   70484   3.00    20.70
70507   69715   2.57    127.86
70508   69978   14.33   84.88
70511   70282   0.00    104.53
70511   71160   11.50   91.43
70543   70206   11.50   53.96
70543   70134   20.00   89.81
70560   70385   0.00    23.09
70587   70114   3.00    93.73
70595   70008   20.00   94.13
70597   71210   0.00    111.25
70597   70318   0.00    47.09
70600   70507   0.00    62.80
70600   69812   5.75    123.76
70614   70305   10.36   129.44
70619   71517   0.00    122.58
70622   70064   0.00    147.41
70625   69993   9.11    106.98
70627   70406   16.67   96.89
70651   70560   11.50   51.83
70651   70144   7.67    78.17
70652   70321   0.00    148.05
70658   71034   9.57    52.82
70660   70169   5.57    71.87
70666   71151   0.00    71.56
70687   70600   20.00   63.88
70687   69917   11.00   121.14
70705   71441   3.00    97.90
70707   70622   0.00    143.94
70708   70452   0.00    116.16
70708   70293   0.00    60.67
70725   70543   0.00    83.00
70732   70501   1.00    43.98
70734   70851   3.00    17.32
70750   71196   0.00    59.17
70760   71124   12.60   52.77
70760   70651   7.00    51.80
70763   71165   0.00    146.27
70768   71711   10.50   130.08
70768   70687   0.00    63.57
70773   70707   0.00    143.88
70794   70489   10.00   46.20
70794   70587   3.00    92.35
70814   70373   0.00    126.33
70814   70375   0.00    61.93
70828   70708   0.00    47.04
70828   71004   11.50   151.69
70832   70627   3.00    96.89
70832   70794   0.00    5.43
70842   70828   0.00    15.28
70842   70311   1.00    75.11
70851   71711   7.13    134.61
70851   70768   3.00    58.81
70853   70750   3.00    97.17
70853   71312   0.00    60.95
70854   70842   0.00    17.72
70854   70882   0.00    129.87
70855   70625   3.00    101.46
70855   70597   0.00    87.11
70856   70498   3.00    51.90
70856   70614   0.00    125.08
70865   70763   0.00    143.97
70865   71609   0.00    133.26
70876   71558   3.00    114.43
70882   70814   0.00    9.29
70886   71066   10.75   145.33
70897   70886   0.00    5.31
70897   70543   11.50   57.66
70914   70614   3.00    62.19
70914   70725   20.00   83.00
70918   70773   0.00    144.77
70954   70408   0.00    116.44
70955   70461   0.00    104.35
70963   70760   8.67    96.38
70975   70855   0.00    43.78
70975   71262   3.00    129.34
71004   70652   20.00   148.18
71017   70125   9.92    145.01
71034   71547   5.49    66.24
71034   71071   0.00    64.31
71042   70954   11.50   112.08
71042   70832   12.78   30.25
71055   71212   0.00    119.47
71055   70371   0.00    96.03
71057   70865   0.00    127.24
71071   70487   0.00    90.39
71071   71151   0.00    58.49
71087   70842   0.00    34.56
71105   70897   19.83   87.36
71122   70276   10.62   138.09
71122   70734   6.18    114.13
71124   71503   10.00   51.45
71145   71705   0.00    83.49
71151   71205   0.00    23.63
71160   71825   0.00    91.62
71165   70918   0.00    145.48
71196   71706   0.00    115.39
71198   71087   3.00    13.59
71205   71221   0.00    8.19
71209   70963   6.50    96.38
71209   71042   0.00    22.70
71210   71536   0.00    46.61
71212   70854   0.00    127.04
71212   70882   0.00    44.31
71221   71232   0.00    4.10
71232   70823   0.00    56.62
71232   71107   3.00    112.66
71285   70560   0.00    104.77
71301   70886   0.00    56.87
71301   71066   3.00    95.10
71312   71196   11.50   107.11
71312   71710   0.00    58.70
71334   71017   3.00    137.82
71334   71963   0.00    88.92
71337   71105   0.00    87.36
71337   70914   20.00   57.44
71361   70975   11.50   61.92
71361   71210   0.00    48.62
71364   70856   12.44   65.71
71366   71124   8.25    96.73
71369   71364   0.00    43.95
71369   71586   0.00    31.51
71397   70651   4.75    104.06
71405   70732   0.00    93.80
71441   70732   0.00    128.41
71441   71663   7.86    42.56
71475   70722   0.00    100.31
71489   71198   0.00    42.58
71503   71846   3.00    51.71
71504   70687   8.67    111.03
71512   71262   0.00    32.54
71513   71087   8.67    97.41
71517   72414   0.00    122.60
71520   71301   0.00    90.09
71525   70600   10.60   126.35
71543   71525   0.00    61.77
71543   70507   7.50    140.66
71547   72098   7.13    78.64
71547   71543   0.00    22.23
71558   72052   3.00    70.66
71558   71122   7.00    103.58
71571   71209   10.00   50.90
71571   71366   6.50    96.73
71586   71833   0.00    35.74
71586   71587   0.00    53.46
71587   71369   0.00    62.31
71601   71605   0.00    87.63
71601   71361   0.00    37.34
71605   71512   4.71    87.92
71609   72131   0.00    89.63
71609   71700   0.00    101.75
71613   70660   0.00    134.31
71613   71688   0.00    18.34
71627   71933   6.50    60.25
71627   71571   0.00    10.09
71629   70955   0.00    106.65
71655   71613   14.33   12.46
71655   71632   6.26    8.91
71663   72119   11.00   83.21
71688   71726   3.00    15.23
71696   71503   10.60   96.47
71699   71337   0.00    55.94
71699   71520   0.00    90.03
71700   71233   0.00    106.04
71701   71232   0.00    68.73
71704   71055   0.00    91.83
71705   72293   0.00    83.75
71706   71710   0.00    33.41
71711   71829   20.00   18.36
71726   71655   0.00    13.93
71727   71513   0.00    60.45
71798   71688   3.00    34.83
71807   71704   0.00    17.97
71809   71663   8.67    31.75
71809   71405   20.00   90.59
71812   71057   0.00    130.78
71825   72377   8.95    72.99
71829   72308   9.31    75.85
71833   72104   10.00   36.48
71833   71842   0.00    61.41
71840   71512   5.50    47.42
71840   71825   7.00    31.53
71842   71587   0.00    38.75
71846   72216   8.57    52.63
71868   71840   3.00    28.86
71868   72185   0.00    44.30
71877   71809   11.00   12.32
71881   71798   11.50   35.47
71881   72203   0.00    45.00
71899   71699   0.00    102.52
71899   71842   0.00    6.20
71933   71999   0.00    35.91
71935   71696   20.00   96.47
71935   71627   0.00    42.17
71950   71558   0.00    139.13
71963   72484   23.67   112.12
71975   71726   0.00    33.28
71975   72092   10.00   52.68
71980   71601   1.00    54.43
71980   71981   4.91    113.39
71981   71868   3.00    51.82
71985   71513   20.00   101.69
71985   71198   0.00    113.41
71999   72547   0.00    84.79
71999   72044   10.18   61.04
72018   71807   0.00    41.98
72018   71727   0.00    64.96
72026   71516   6.52    93.29
72028   71285   0.00    105.17
72030   71881   7.25    66.37
72030   72499   0.00    61.33
72037   71710   0.00    54.03
72037   71807   0.00    54.58
72052   72340   5.50    38.93
72052   72238   0.00    77.17
72065   71846   14.60   95.87
72079   72037   0.00    6.30
72082   71958   0.00    18.79
72082   72161   0.00    36.26
72087   71975   0.00    16.13
72087   72000   15.50   40.57
72092   71798   0.00    39.40
72098   72706   7.36    78.40
72099   72104   0.00    42.67
72099   71364   7.86    103.29
72101   72028   9.50    37.35
72101   71397   12.60   104.06
72104   72112   0.00    62.04
72104   72379   3.00    35.70
72110   72500   0.00    49.99
72110   72030   3.00    37.65
72112   71899   0.00    30.44
72119   72665   7.83    84.12
72131   72729   0.00    81.95
72131   72298   0.00    112.98
72166   71525   3.00    90.73
72172   71489   0.00    100.24
72192   72110   0.00    35.54
72194   71475   0.00    100.31
72199   71629   0.00    105.08
72199   71877   1.00    51.90
72203   72210   0.00    39.84
72203   72474   0.00    33.74
72213   72087   0.00    18.92
72213   72389   2.33    62.07
72216   72101   8.50    52.54
72238   72698   0.00    79.97
72275   71543   9.83    103.27
72277   72192   3.00    35.89
72279   72065   2.33    95.87
72279   71935   1.00    51.36
72295   72172   3.00    18.57
72298   72408   0.00    112.94
72304   71985   0.00    61.12
72304   71727   0.00    113.59
72308   71504   9.86    110.93
72308   72854   7.70    82.31
72339   71829   8.06    125.51
72340   72698   0.00    120.10
72340   72365   0.00    3.59
72342   72213   0.00    16.52
72342   72222   0.00    42.80
72365   72848   8.00    84.27
72365   72857   0.00    65.28
72377   72128   0.00    75.74
72377   72757   9.00    46.71
72379   72678   0.00    36.79
72379   72401   11.50   61.92
72385   71877   0.00    79.50
72387   72802   3.00    51.55
72387   72277   3.00    40.94
72389   72092   0.00    38.49
72401   72112   0.00    36.27
72406   71781   0.00    86.47
72406   72387   3.00    8.96
72407   71981   0.00    56.24
72414   73336   3.00    110.88
72422   72407   2.33    110.03
72422   71980   3.00    58.51
72435   72028   0.00    53.28
72454   72406   11.50   17.47
72454   72082   0.00    51.06
72467   72474   0.00    36.11
72467   72389   0.00    9.58
72473   72454   20.00   10.04
72473   72809   0.00    41.70
72474   72721   14.33   29.84
72474   72499   0.00    62.84
72483   72695   1.00    71.54
72483   72342   0.00    18.13
72484   72997   3.00    111.81
72495   72079   9.82    77.47
72495   72901   7.96    80.78
72499   72500   0.00    37.28
72499   72801   0.00    37.02
72500   72519   0.00    35.90
72500   72906   10.00   52.26
72508   72462   12.50   81.25
72508   72026   8.49    92.34
72519   72534   0.00    35.13
72519   72192   0.00    40.56
72534   72277   0.00    30.14
72547   72508   0.00    6.94
72560   72707   3.00    30.54
72583   72619   0.00    6.02
72583   72304   0.00    45.18
72588   72473   0.00    39.71
72591   71933   8.67    103.93
72595   72216   5.00    147.95
72595   72279   0.00    68.77
72600   72199   3.00    54.33
72600   71812   0.00    130.58
72619   72295   2.50    62.46
72637   72483   5.33    19.76
72637   72509   0.00    47.18
72644   72435   0.00    85.03
72665   72791   9.50    22.15
72670   72124   0.00    72.90
72678   73051   0.00    45.15
72678   72687   0.00    68.05
72681   71963   1.00    94.97
72686   72588   9.25    46.27
72687   72401   3.00    35.81
72688   72583   11.00   77.87
72688   72018   1.00    126.53
72695   72467   0.00    27.91
72698   72925   0.00    30.42
72706   72977   7.12    36.83
72707   73177   12.92   77.80
72714   72994   0.00    36.10
72721   72801   11.50   64.82
72729   72971   0.00    32.42
72757   73169   20.00   52.01
72759   72295   11.50   59.91
72765   72686   7.00    38.62
72779   72385   0.00    65.24
72783   72637   11.00   18.60
72783   72975   7.25    79.54
72790   72802   0.00    38.61
72790   72534   0.00    32.67
72791   71706   6.00    139.66
72791   73196   5.60    80.52
72801   72885   0.00    13.73
72802   73258   6.50    54.13
72802   72809   11.50   34.99
72803   73026   3.00    39.62
72809   73284   8.67    54.32
72823   72407   0.00    52.63
72833   72765   20.00   33.50
72833   72687   3.00    21.84
72838   72240   11.50   75.86
72841   72823   11.50   103.72
72841   72422   0.00    54.19
72848   72339   8.30    125.23
72848   73325   6.50    80.60
72853   72385   0.00    68.14
72854   73354   7.47    67.23
72854   72166   11.08   90.30
72857   73307   0.00    52.03
72857   72925   0.00    97.04
72858   72595   8.67    74.20
72858   72644   10.00   85.16
72885   72906   0.00    36.84
72885   73235   3.00    38.15
72887   72783   0.00    17.40
72887   72810   0.00    44.10
72900   72823   0.00    10.86
72901   72688   0.00    62.22
72904   72293   0.00    78.70
72906   73271   2.00    39.31
72909   72833   1.00    34.78
72925   73211   0.00    35.55
72937   72519   10.00   53.34
72937   72948   0.00    36.27
72948   72790   0.00    21.58
72971   73108   0.00    15.48
72975   72695   0.00    37.23
72977   72275   7.40    101.76
72977   73531   9.63    66.15
72979   72547   8.33    120.24
72994   73264   0.00    64.84
72994   73175   7.80    43.10
72997   73551   0.00    105.08
72997   72194   0.00    100.31
72998   72958   0.00    118.91
73019   72909   20.00   36.60
73026   73337   0.00    49.67
73026   72347   9.40    87.06
73032   73063   0.00    62.85
73032   72975   0.00    5.10
73033   72858   15.18   83.48
73051   73019   0.00    11.12
73056   72944   20.00   20.17
73056   72779   0.00    38.28
73059   72887   0.00    18.62
73063   72889   0.00    18.40
73070   72600   0.00    65.08
73078   72779   20.00   64.29
73078   72853   8.67    34.19
73108   72998   0.00    118.63
73108   73576   0.00    56.62
73144   73051   0.00    43.16
73144   72099   7.63    130.56
73151   72619   11.33   100.81
73159   72979   1.00    117.25
73159   72591   0.00    102.23
73169   73894   5.33    89.58
73175   73437   4.94    103.87
73175   73609   3.00    52.13
73177   73322   36.00   17.91
73177   73338   0.00    35.65
73182   72435   1.00    92.47
73182   73033   8.73    83.36
73196   73288   3.00    12.11
73196   72079   6.33    141.09
73204   72765   3.00    57.83
73204   72686   1.00    85.00
73235   73271   10.00   37.04
73235   73859   20.00   79.37
73248   72948   0.00    32.57
73258   74008   12.89   133.56
73258   73248   6.50    37.55
73271   73947   6.50    88.19
73274   73078   0.00    25.26
73274   73826   11.50   103.13
73284   73599   11.50   76.07
73284   73304   0.00    36.44
73286   73211   11.50   37.86
73286   73518   1.00    100.25
73288   73552   8.67    65.04
73303   73400   6.75    16.90
73303   73059   11.50   28.21
73304   72588   10.50   86.10
73305   73144   20.00   50.62
73307   73286   0.00    36.43
73310   73032   0.00    30.11
73310   73059   12.80   88.55
73316   73204   0.00    36.39
73316   72833   0.00    57.95
73322   73303   9.76    12.73
73325   73480   9.80    27.94
73325   73050   0.00    65.44
73336   74168   5.75    110.84
73337   72485   2.00    111.08
73337   73383   0.00    9.40
73338   73811   2.33    131.16
73353   73310   0.00    6.67
73353   73373   5.33    62.94
73354   73744   7.52    68.52
73361   72759   3.75    113.35
73366   72759   10.00   74.88
73367   72665   0.00    88.64
73373   73063   3.00    36.13
73383   73676   0.00    50.01
73384   73316   0.00    36.06
73384   72909   3.00    56.59
73394   73159   3.00    113.79
73398   73468   0.00    33.05
73398   72841   3.00    69.87
73400   73421   10.00   12.73
73416   73436   3.00    98.27
73420   73056   0.00    58.22
73420   73274   0.00    27.27
73421   73322   2.00    16.92
73429   73400   0.00    14.75
73436   72681   0.00    95.01
73437   73625   11.16   85.71
73442   73307   0.00    87.94
73450   73384   0.00    26.16
73456   73070   3.00    50.77
73456   72971   7.25    74.35
73468   72838   11.50   75.90
73468   73561   4.00    54.16
73475   73019   0.00    56.60
73475   73450   0.00    10.06
73477   73373   16.67   13.12
73480   73442   0.00    87.60
73504   72741   5.20    95.09
73518   73182   3.29    40.25
73518   73394   4.17    113.39
73523   73390   0.00    55.76
73531   73354   8.11    49.16
73531   73744   8.14    25.74
73551   73736   11.00   36.99
73551   74048   1.00    92.50
73552   73596   0.00    9.21
73552   72495   3.71    129.50
73561   72904   0.00    78.67
73561   73676   4.00    58.31
73566   74174   0.00    98.88
73566   73456   3.00    15.34
73570   73429   3.00    17.90
73576   73969   12.71   57.25
73576   73663   0.00    95.83
73596   72901   8.90    93.87
73596   73866   6.00    60.61
73599   73304   11.50   38.75
73609   74272   6.45    89.45
73612   73480   1.89    75.78
73612   73844   0.00    31.97
73624   73429   15.57   77.53
73624   73353   10.00   35.21
73625   73814   6.29    85.71
73629   73144   12.33   58.92
73629   73475   2.50    67.90
73639   73381   0.00    44.89
73639   73383   0.00    51.47
73647   73664   0.00    37.81
73647   72937   0.00    85.15
73663   73784   0.00    95.94
73664   73248   10.00   52.72
73666   73599   3.00    8.68
73676   73714   0.00    6.18
73705   73612   6.17    57.05
73705   73844   4.44    48.08
73708   73531   7.25    30.40
73708   72706   8.22    123.29
73709   73436   5.13    77.06
73710   73338   3.00    54.83
73710   74137   20.00   124.59
73717   73523   0.00    79.91
73717   73450   0.00    35.99
73736   73897   0.00    37.85
73736   74475   3.00    125.59
73744   73771   0.00    3.17
73765   73288   0.00    61.21
73765   73367   0.00    84.49
73771   73901   5.08    19.15
73771   73942   6.91    79.36
73782   73420   0.00    56.75
73782   73070   3.00    107.38
73801   73639   0.00    30.48
73802   73366   3.00    81.93
73811   74251   6.88    131.16
73814   73714   10.00   13.47
73817   73666   5.50    69.06
73817   73523   0.00    38.01
73819   73552   3.00    33.66
73826   74072   0.00    42.65
73844   73870   3.00    8.63
73853   72853   3.00    146.09
73859   73624   2.00    102.72
73866   74121   20.00   60.65
73866   73151   0.00    103.37
73868   73817   3.00    26.08
73870   73965   5.95    17.56
73891   73570   0.00    53.13
73891   73710   3.00    26.75
73894   74557   7.09    89.55
73897   74691   0.00    133.82
73897   74068   0.00    40.52
73901   73939   3.00    10.59
73901   74199   7.17    43.97
73908   73717   10.00   85.89
73908   73629   3.00    36.49
73939   73942   12.46   70.07
73939   74199   5.33    51.54
73942   73705   7.00    107.69
73947   73859   5.33    37.63
73949   73901   10.05   26.52
73949   73708   11.56   34.90
73965   74198   8.80    52.29
73965   74130   0.00    24.21
73969   73566   1.00    57.53
73969   74609   11.50   103.26
73985   73868   9.86    53.53
73985   73717   0.00    36.87
74008   73664   8.67    45.12
74019   73504   3.00    92.28
74019   73366   9.83    85.28
74023   73416   11.83   102.46
74028   73647   0.00    51.24
74028   73947   5.50    37.51
74038   73570   11.50   112.86
74048   74578   0.00    92.99
74054   73437   4.67    83.02
74064   73714   11.50   81.08
74068   74168   6.50    21.70
74068   74828   15.00   134.36
74069   73826   8.50    44.60
74069   73420   0.00    106.70
74085   73765   3.00    45.13
74121   74323   3.00    60.75
74121   73361   0.00    116.46
74125   74008   10.00   16.74
74125   74028   3.00    40.26
74130   74728   0.00    135.05
74137   74510   3.00    124.14
74168   74380   5.00    30.94
74168   74696   11.50   121.67
74174   73782   0.00    64.15
74174   74817   10.60   113.33
74175   74594   6.50    55.76
74175   74125   7.25    28.15
74176   73908   3.00    37.36
74176   73985   3.00    95.40
74198   74130   4.00    37.47
74198   74248   4.40    11.16
74199   74480   0.00    45.82
74232   74522   0.00    58.34
74248   74561   1.00    54.72
74248   74712   6.81    92.97
74262   73436   13.20   111.14
74272   74880   5.05    88.77
74290   74175   10.00   50.67
74299   73949   8.00    58.00
74299   74199   7.63    42.77
74312   74370   0.00    14.75
74312   73666   9.20    95.65
74323   74842   8.96    122.94
74323   73802   0.00    84.04
74324   74038   20.00   111.40
74339   74480   0.00    42.09
74365   74392   0.00    23.97
74367   74065   1.80    42.31
74370   74423   0.00    7.78
74380   74827   5.56    64.17
74390   73891   20.00   124.73
74392   74459   3.00    50.33
74394   74312   10.57   18.76
74394   74290   11.50   51.34
74423   74493   0.00    15.63
74433   73866   3.00    93.04
74433   73819   0.00    89.72
74455   74516   0.00    75.97
74459   74367   0.00    11.17
74470   74346   0.00    16.15
74480   74299   0.00    28.47
74480   74955   0.00    102.45
74481   73782   0.00    113.46
74481   74069   0.00    65.22
74490   75310   0.00    119.33
74493   74394   4.55    14.34
74493   75239   1.00    108.50
74502   74595   4.33    53.60
74502   74176   3.00    42.47
74516   74821   0.00    76.79
74519   73814   8.13    97.22
74519   74367   3.00    53.52
74522   74679   0.00    25.63
74530   74423   0.00    31.89
74530   73868   0.00    92.31
74554   74530   0.00    9.00
74557   74604   0.00    7.66
74560   74339   0.00    52.13
74560   74632   2.00    13.23
74561   75187   5.00    126.03
74561   74802   10.00   49.13
74578   74522   0.00    91.33
74578   75066   0.00    76.80
74594   74957   7.80    57.03
74594   74324   15.00   111.09
74602   74557   0.00    8.87
74602   74604   0.00    8.35
74604   75307   13.25   103.81
74605   74554   3.00    27.14
74605   74350   6.50    33.20
74609   75278   20.00   112.44
74609   74174   20.00   64.16
74628   74455   0.00    30.29
74628   74481   0.00    25.15
74632   74893   3.00    46.02
74645   74178   0.00    88.54
74645   74433   0.00    36.25
74655   75317   7.00    95.94
74655   74605   11.50   26.53
74659   74679   11.50   43.81
74659   74023   20.00   103.15
74669   74054   6.75    83.02
74676   74346   20.00   88.36
74676   74655   0.00    8.98
74696   75207   8.89    122.00
74712   75302   9.80    95.46
74727   74390   0.00    123.01
74728   74560   0.00    131.77
74748   74470   0.00    41.68
74748   74676   11.50   35.03
74763   74723   0.00    130.44
74771   74748   0.00    12.63
74792   74813   4.00    15.09
74802   75068   4.44    49.89
74813   74881   8.13    51.48
74813   75087   1.00    41.97
74817   75579   0.00    120.58
74817   74481   0.00    58.54
74821   73853   11.50   148.09
74827   75197   10.00   52.74
74827   75109   0.00    58.18
74842   74019   12.22   117.40
74842   75188   9.00    63.02
74872   74502   7.57    56.35
74872   74771   4.10    54.39
74878   74792   3.00    80.88
74880   75418   6.33    86.99
74881   75150   0.00    40.39
74881   74965   6.50    52.02
74884   74392   11.50   71.33
74884   74669   0.00    59.81
74893   75587   6.33    119.70
74904   74878   6.88    80.75
74931   74815   10.00   90.28
74945   74290   11.50   94.42
74955   74299   2.00    111.74
74957   74727   0.00    122.49
74957   75085   0.00    16.85
74963   74121   0.00    141.22
74963   74645   0.00    76.65
74965   75294   0.00    45.56
74965   75096   2.89    52.28
74967   75572   0.00    87.75
74967   74884   0.00    24.54
74974   74628   0.00    78.36
74974   75579   0.00    95.17
74978   74323   0.00    107.19
74989   74602   0.00    60.64
75002   74978   0.00    3.00
75002   75104   0.00    14.05
75017   74821   0.00    29.89
75017   74455   1.00    144.38
75029   74967   3.00    30.95
75029   74459   0.00    85.08
75057   75419   3.00    121.32
75066   75614   3.00    77.02
75068   75116   5.50    98.67
75085   75527   14.33   62.60
75085   74931   0.00    90.40
75096   75449   3.00    51.28
75096   75302   11.00   79.10
75104   75131   0.00    2.81
75116   74632   9.00    117.55
75119   74380   8.25    134.79
75131   74963   0.00    82.17
75131   75455   11.00   47.40
75151   74978   0.00    81.38
75187   76002   11.00   129.43
75188   75469   7.00    50.01
75188   74763   0.00    134.37
75197   75692   6.33    98.80
75197   75309   6.87    15.13
75200   74669   6.33    79.17
75207   74989   0.00    30.04
75237   74554   6.50    100.44
75239   75618   11.50   104.28
75266   75057   0.00    120.09
75275   75207   0.00    8.31
75275   75307   0.00    10.96
75278   74817   0.00    72.73
75278   75843   20.00   101.86
75291   75017   3.00    97.75
75302   75654   5.94    57.47
75307   75503   7.61    48.74
75307   75379   0.00    10.76
75309   76064   7.67    114.56
75310   75943   0.00    95.35
75310   75309   0.00    14.44
75325   74771   10.00   78.64
75346   75275   0.00    10.75
75347   74974   3.00    79.22
75347   75017   3.00    49.88
75356   74659   0.00    106.55
75359   74519   8.86    124.17
75379   75346   10.00   10.69
75379   75510   0.00    19.05
75380   74872   6.00    71.59
75405   74955   0.00    74.48
75405   74755   0.00    123.73
75418   75584   10.00   24.69
75419   76033   10.29   124.46
75455   75291   0.00    97.25
75463   75379   0.00    25.47
75463   75510   11.50   29.06
75469   75722   12.28   96.48
75469   75600   1.00    26.12
75490   75266   9.10    119.94
75503   75584   10.88   22.42
75503   75418   25.50   25.68
75509   74893   4.25    132.12
75510   75707   5.17    31.75
75527   75490   0.00    31.16
75537   74802   7.57    133.84
75537   75068   5.06    129.21
75549   75891   0.00    94.64
75565   75151   0.00    84.24
75579   75933   6.75    88.06
75584   75651   0.00    10.10
75587   76067   6.50    116.79
75595   75347   0.00    39.97
75600   75648   0.00    12.54
75611   75380   0.00    75.56
75614   75809   0.00    112.63
75614   75918   0.00    48.42
75614   74758   0.00    138.79
75618   74945   13.67   94.41
75618   75527   0.00    49.79
75623   75455   0.00    99.68
75644   75927   6.50    103.62
75648   75623   0.00    99.39
75649   75802   10.80   119.92
75651   75463   1.67    51.96
75651   75931   11.68   80.36
75654   76098   10.50   93.54
75659   75347   8.44    75.41
75659   75595   0.00    79.62
75665   75116   2.71    122.65
75666   74792   0.00    134.16
75666   75644   6.75    99.96
75676   75374   10.00   48.47
75676   75666   7.25    44.86
75692   76148   11.50   98.81
75704   75659   5.00    69.29
75707   76517   16.00   126.61
75707   75346   0.00    54.62
75722   76274   8.50    133.51
75733   75483   0.00    41.89
75733   75676   11.00   53.58
75770   75455   0.00    47.67
75770   75704   20.00   66.39
75802   76121   7.64    118.13
75809   75119   6.50    134.08
75843   76216   7.18    99.44
75852   75927   11.44   100.58
75863   75405   0.00    80.58
75870   75980   0.00    133.49
75872   75733   5.33    50.73
75872   75540   0.00    52.47
75889   75380   7.23    108.57
75891   75356   0.00    103.78
75894   75872   8.13    8.71
75908   75237   13.25   100.38
75908   76025   3.00    102.47
75918   76570   14.33   101.86
75918   75891   0.00    7.39
75927   76031   4.00    134.99
75931   76198   9.53    80.36
75933   75982   0.00    83.98
75933   75595   7.80    56.31
75945   75537   10.42   67.64
75945   75665   7.85    120.25
75948   75611   0.00    54.27
75967   75809   0.00    37.69
75967   75322   0.00    132.53
75980   75770   0.00    141.86
75980   76389   0.00    66.98
75982   76006   8.00    83.71
75991   75654   5.83    53.17
76002   76839   10.00   130.66
76006   75704   0.00    46.80
76012   75359   20.00   121.60
76025   76151   24.33   102.17
76029   75649   20.00   118.94
76029   75490   7.61    82.57
76031   75733   2.00    136.35
76033   76388   6.78    84.00
76033   75192   8.74    135.18
76034   75509   7.67    131.64
76064   76695   4.40    112.33
76067   76407   10.41   115.30
76098   76321   7.32    63.51
76098   75894   8.30    58.70
76117   75852   3.00    104.19
76117   76211   0.00    123.66
76121   76828   7.76    124.23
76135   75991   8.00    61.42
76135   76098   2.50    5.24
76148   75967   0.00    37.62
76151   76029   3.00    20.70
76191   75722   13.08   81.71
76198   76739   7.26    81.31
76198   76718   9.50    131.51
76211   76301   2.00    123.65
76216   76361   10.11   56.20
76216   75933   11.50   49.49
76222   76320   14.33   103.11
76222   75908   1.00    50.36
76257   76713   0.00    94.60
76264   76722   3.00    109.80
76268   75894   2.60    125.91
76273   76675   0.00    62.60
76273   75863   3.00    80.61
76274   75889   9.19    107.30
76274   76938   8.73    116.31
76285   76191   14.60   48.75
76286   76379   8.67    59.83
76292   76034   5.13    129.07
76292   75945   3.00    57.13
76301   76268   0.00    123.64
76320   76457   7.33    102.34
76320   76025   41.00   51.23
76321   76512   6.29    58.98
76322   76327   11.50   50.73
76327   76365   11.21   53.80
76327   76696   10.00   52.78
76329   76286   0.00    39.67
76350   76322   10.50   48.30
76354   76006   2.00    57.58
76354   76350   4.67    5.67
76361   76329   9.00    6.65
76361   76960   0.00    89.74
76365   76389   11.89   49.09
76365   76681   6.50    46.27
76379   77040   7.88    102.03
76379   76354   3.00    44.30
76385   76641   5.00    37.92
76385   76285   3.00    47.85
76388   76117   7.64    45.39
76389   76385   9.63    49.16
76389   76657   0.00    39.92
76407   76688   3.00    114.32
76457   76151   9.50    50.91
76501   75991   9.00    81.35
76512   76690   4.71    101.70
76517   77328   1.00    126.22
76529   76222   0.00    49.51
76529   76669   0.00    103.37
76542   76388   5.50    110.78
76603   76191   7.63    65.15
76603   76505   0.00    50.53
76619   76675   0.00    18.53
76619   76273   2.00    61.08
76628   76603   11.00   50.24
76628   76285   11.50   50.18
76641   76628   5.33    50.71
76641   77429   15.75   125.18
76645   76542   7.00    110.48
76657   76641   0.00    48.12
76657   77441   19.33   124.13
76658   76148   6.40    84.91
76658   77055   0.00    82.76
76669   76320   10.00   50.89
76669   76783   7.89    103.82
76675   76759   2.00    12.35
76681   77460   6.50    124.11
76681   76657   5.50    49.76
76685   76135   4.63    85.16
76688   76292   6.50    57.84
76688   76839   9.75    59.13
76690   76645   3.00    110.38
76695   76728   0.00    14.19
76695   77036   0.00    63.62
76696   77478   2.33    124.65
76696   76681   0.00    51.37
76715   76322   3.00    56.73
76715   76696   0.00    49.10
76718   76729   3.00    44.91
76728   76658   8.67    58.78
76729   76619   0.00    20.18
76739   77240   5.82    81.33
76759   77070   5.46    48.84
76759   76953   6.78    35.14
76783   76457   0.00    48.91
76789   76264   3.00    110.67
76791   76728   0.00    13.94
76791   76933   0.00    28.38
76828   76600   7.73    121.77
76828   77164   6.50    51.65
76839   77033   8.67    62.36
76841   76388   0.00    67.64
76868   76993   10.00   103.56
76868   76529   7.25    50.75
76885   76718   8.67    42.56
76885   76729   1.00    27.14
76906   77515   0.00    133.95
76916   76841   4.56    105.95
76929   76791   0.00    23.53
76930   77206   0.00    93.24
76938   77455   3.00    114.57
76953   76885   0.00    15.16
76960   77498   0.00    89.24
76993   77112   20.75   102.09
76993   76669   0.00    49.97
76997   76722   0.00    45.34
77001   76916   6.43    105.96
77007   77212   0.00    136.42
77024   77007   0.00    136.51
77033   76501   5.80    81.33
77033   77230   4.56    61.63
77036   76713   0.00    110.91
77047   76690   5.67    56.93
77047   77001   8.38    105.96
77057   76705   0.00    74.37
77057   76701   20.00   77.35
77070   76953   7.33    23.54
77082   76906   0.00    126.86
77095   76286   0.00    123.08
77112   76783   2.00    51.93
77112   77164   9.65    48.23
77122   76841   7.22    55.58
77122   76930   0.00    91.70
77160   76841   0.00    49.87
77164   77579   9.79    67.13
77175   77354   11.29   101.86
77175   76512   4.67    102.54
77212   77390   0.00    136.86
77230   76685   6.38    85.16
77230   77294   3.00    20.43
77235   76361   0.00    145.16
77240   78107   5.00    140.23
77246   77160   7.53    101.29
77256   77036   0.00    51.16
77256   76924   0.00    124.80
77259   77557   0.00    47.28
77268   76350   0.00    140.96
77274   76321   10.60   143.19
77274   77175   3.00    49.93
77294   77651   3.00    67.16
77294   77274   5.40    34.91
77328   78071   23.25   125.25
77329   77246   8.17    101.30
77337   76789   0.00    111.14
77337   77843   0.00    101.98
77354   77047   3.00    46.42
77354   77329   3.56    101.36
77382   76868   11.63   79.49
77389   76603   5.50    124.89
77389   77407   11.00   86.10
77390   77664   0.00    137.08
77407   77969   0.00    92.36
77411   76628   8.00    125.45
77411   77389   0.00    49.95
77429   77411   11.50   52.39
77441   77429   10.00   49.65
77443   77337   0.00    63.27
77443   76895   0.00    85.51
77455   78076   3.00    116.57
77458   77463   0.00    110.20
77458   77256   0.00    46.93
77460   77441   0.00    51.50
77478   77460   1.00    51.11
77496   77478   8.67    53.35
77496   76715   7.14    123.84
77515   77443   0.00    39.58
77557   78015   0.00    70.44
77557   77651   0.00    85.39
77558   77458   0.00    28.33
77558   77057   0.00    115.33
77567   77053   0.00    82.00
77567   77515   0.00    41.57
77579   77359   9.67    118.48
77579   78099   7.80    101.78
77592   77112   3.00    104.01
77621   77160   9.36    84.82
77651   78015   7.88    98.42
77660   78173   0.00    88.00
77660   77567   0.00    49.94
77664   77235   0.00    140.87
77725   77082   0.00    133.67
77725   78198   20.00   76.02
77776   77660   0.00    78.80
77776   77725   7.17    46.87
77776   78584   9.00    124.04
77777   77592   8.57    99.89
77784   77989   0.00    30.32
77784   77794   0.00    111.93
77802   77122   8.50    125.25
77802   78023   11.20   113.00
77812   77784   0.00    82.92
77812   78113   0.00    49.41
77832   78044   6.40    123.54
77843   78206   0.00    102.14
77853   77382   12.20   79.06
77853   77777   7.25    37.45
77883   77496   2.33    63.79
77886   77883   0.00    16.91
77886   77812   0.00    115.58
77904   77240   7.30    147.23
77969   78084   0.00    59.25
77969   78287   0.00    58.63
77989   78113   0.00    99.42
77997   77070   6.32    146.58
78015   78198   4.25    44.39
78023   78660   5.33    118.71
78044   78188   7.67    82.38
78044   77777   0.00    40.79
78067   77802   7.30    48.05
78067   78078   11.00   50.11
78071   78839   8.60    125.29
78076   77853   8.60    113.43
78076   78416   8.00    54.73
78078   77621   8.67    84.85
78084   77989   0.00    135.25
78090   77498   0.00    130.04
78098   77558   6.50    106.24
78098   77801   0.00    69.50
78099   78325   13.08   122.00
78099   77832   0.00    45.58
78107   79021   0.00    140.43
78113   77886   0.00    110.23
78133   77268   6.10    140.96
78152   78204   0.00    14.98
78152   78098   0.00    10.25
78173   78759   0.00    88.75
78188   78594   5.71    85.60
78198   78529   4.40    62.84
78204   78481   0.00    116.20
78204   77847   0.00    78.12
78208   77883   10.29   53.10
78208   78133   6.40    50.19
78267   78133   0.00    146.06
78306   77944   0.00    86.57
78309   78485   0.00    25.59
78313   78078   10.22   42.24
78325   78594   11.50   119.56
78325   78044   0.00    50.27
78326   78363   0.00    142.18
78344   78540   0.00    42.27
78363   78489   0.00    142.14
78382   78313   0.00    21.21
78416   78847   1.00    66.64
78416   78540   0.00    58.98
78485   79063   3.00    87.49
78489   78208   0.00    142.41
78493   78970   11.50   91.93
78500   78832   0.00    55.50
78501   78099   13.25   77.50
78505   78067   9.00    80.27
78521   78152   11.50   81.82
78529   78584   14.20   12.73
78529   78747   0.00    56.91
78540   78847   0.00    117.38
78549   79008   0.00    88.91
78584   78759   3.00    65.84
78594   78892   20.00   48.24
78640   78325   6.25    50.27
78640   78501   8.00    73.95
78656   78267   0.00    147.12
78657   78493   12.15   90.23
78660   79326   3.00    118.65
78712   78640   7.67    32.58
78712   78887   0.00    52.96
78744   78657   11.00   18.52
78747   78306   0.00    87.24
78747   79008   0.00    70.66
78752   78090   0.00    130.36
78752   78656   0.00    26.66
78759   79063   9.57    140.40
78841   78752   0.00    139.81
78847   78971   1.00    21.91
78878   78922   1.00    56.24
78878   77904   7.04    151.39
78892   78712   6.25    87.03
78922   78964   8.00    47.44
78922   78141   10.80   119.56
78939   78744   9.00    45.52
78939   77997   12.26   146.64
78963   78505   3.00    80.27
78970   79006   0.00    8.88
78971   78892   0.00    35.72
78971   79437   3.00    93.41
78982   79004   11.07   95.76
78982   79346   0.00    58.04
79004   78970   7.83    95.62
79006   79387   0.00    63.03
79006   79402   7.95    117.32
79008   79152   0.00    37.87
79061   78443   3.00    95.24
79061   78982   3.00    44.01
79063   79342   0.00    43.55
79063   79061   20.00   14.44
79084   78747   0.00    81.56
79152   79188   11.50   11.73
79152   79598   0.00    74.35
79157   78313   7.71    145.76
79157   78963   0.00    60.30
79188   78549   0.00    101.36
79188   79209   0.00    10.30
79205   79084   0.00    79.90
79209   79552   0.00    57.13
79209   79203   0.00    21.45
79254   78832   0.00    102.23
79306   79539   0.00    39.50
79310   79008   0.00    70.99
79310   79625   0.00    57.70
79326   79162   5.33    46.50
79326   79980   10.00   126.60
79340   79878   0.00    120.07
79387   80203   0.00    140.99
79402   79605   8.67    115.52
79428   78939   5.12    78.29
79437   79457   0.00    6.77
79437   79053   10.00   119.17
79457   80067   7.53    115.78
79457   79784   3.00    80.98
79469   79756   0.00    51.21
79469   79310   0.00    57.29
79528   78963   7.57    109.93
79528   79326   0.00    68.86
79539   79902   0.00    60.11
79539   79753   0.00    100.39
79571   79800   0.00    40.31
79571   79469   0.00    56.02
79594   80206   0.00    121.25
79605   79481   0.00    100.09
79605   79678   3.00    81.15
79621   79571   0.00    33.54
79630   78878   10.77   122.97
79713   79528   3.00    61.57
79713   79157   8.00    108.84
79784   80253   0.00    94.24
79784   79254   0.00    103.34
79878   79902   0.00    55.76
79898   79419   4.50    91.06
79898   79713   0.00    55.37
79902   80044   0.00    131.85
79936   79878   0.00    32.43
79936   79557   0.00    71.29
79980   80676   10.75   126.65
80037   79528   5.33    97.83
80044   80090   0.00    131.42
80067   80719   5.65    115.98
80088   79936   0.00    47.10
80088   79729   0.00    72.09
80090   80473   0.00    133.23
80113   79594   4.88    120.89
80113   80209   0.00    21.86
80170   79841   0.00    62.54
80170   80088   0.00    28.89
80206   80557   0.00    117.14
80209   80956   11.36   132.03
80212   80367   3.00    20.74
80228   79713   7.25    98.27
80253   80170   0.00    34.95
80253   80793   0.00    81.79
80367   80557   0.00    30.47
80367   80659   7.25    89.78
80441   80088   0.00    82.38
80456   79898   2.00    98.17
80557   80691   11.50   19.47
80576   80037   14.73   97.83
80576   80797   1.00    61.65
80596   80113   6.50    77.59
80634   80725   0.00    105.23
80659   80816   0.00    25.05
80659   80913   10.50   69.73
80676   81406   14.57   126.57
80691   81013   3.00    49.62
80691   80816   20.00   76.88
80719   81406   8.77    115.88
80725   80999   0.00    106.33
80793   81134   0.00    78.11
80797   80228   10.00   98.30
80797   81009   10.00   59.34
80816   80913   20.00   71.31
80819   80209   11.50   91.50
80913   80920   0.00    2.29
80920   81116   11.18   52.05
80956   81378   8.22    121.52
80956   81137   11.16   30.40
81009   81508   13.20   103.65
81009   80456   3.00    98.08
81013   81267   8.80    147.89
81013   81336   0.00    48.58
81118   80596   8.20    77.68
81134   81585   0.00    100.59
81134   81646   0.00    132.24
81137   81657   11.75   114.97
81137   80819   10.00   86.68
81218   80576   7.14    111.11
81267   80920   13.33   51.24
81277   81537   0.00    126.76
81277   81617   0.00    55.48
81344   81277   0.00    99.39
81406   81724   14.33   61.81
81500   80797   24.88   124.02
81508   82057   4.25    104.53
81537   82095   0.00    129.65
81585   82130   0.00    102.11
81586   82114   10.42   88.69
81586   81118   5.22    72.55
81602   81118   9.11    131.09
81617   81668   0.00    10.25
81646   81344   0.00    101.32
81646   81784   0.00    26.43
81668   81794   0.00    17.84
81713   81668   0.00    80.40
81716   81009   13.67   130.01
81724   81826   3.00    16.86
81724   82061   0.00    92.12
81784   81713   0.00    80.46
81784   82284   0.00    135.55
81826   81218   7.92    111.11
81826   81904   2.33    12.12
81833   80999   0.00    145.33
81904   82180   0.00    50.11
81906   81646   0.00    74.68
81906   81595   0.00    57.16
82015   81586   3.00    89.19
82095   82709   0.00    131.47
82130   82659   0.00    102.79
82136   81617   0.00    134.96
82170   81833   0.00    137.71
82180   81500   3.00    124.02
82182   81904   0.00    53.64
82220   81699   0.00    93.31
82226   81906   0.00    95.68
82284   82871   0.00    137.16
82338   82674   0.00    144.37
82405   82338   0.00    142.36
82431   81716   11.50   130.04
82574   82979   0.00    140.77
82659   82226   0.00    98.14
82686   83102   0.00    66.26
82686   82786   0.00    57.61
82709   83165   0.00    89.54
82709   82686   0.00    57.80
82786   82170   0.00    142.47
83052   83063   0.00    132.50
83052   82894   0.00    26.73
83165   83395   0.00    85.55
83350   82949   0.00    68.40
83350   83395   0.00    12.28
83361   83049   0.00    52.97
83361   83350   0.00    59.24
83384   83361   0.00    59.25
83384   82888   0.00    83.02
83395   83704   0.00    57.11
83396   82918   0.00    80.63
83420   83052   0.00    81.76
83450   82786   0.00    110.45
83528   83450   0.00    102.63
83704   83528   0.00    103.03
35968   36307   0.00    105.43
36185   36604   0.00    143.21
36307   36628   0.00    105.61
36573   36830   0.00    128.09
36594   36826   0.00    87.57
36604   37089   0.00    142.59
36628   37050   0.00    106.13
36826   37149   0.00    90.19
36830   37095   0.00    128.09
36957   37314   0.00    118.73
37050   37418   0.00    101.72
37050   37129   13.54   55.49
37089   37617   0.00    144.97
37095   37339   0.00    128.09
37129   37186   0.00    39.25
37129   37307   5.50    53.41
37137   37140   6.43    64.75
37140   37149   0.00    16.08
37149   37150   0.00    9.96
37150   37205   11.50   115.53
37154   37444   0.00    85.98
37154   37050   9.80    87.42
37175   37352   0.00    45.26
37175   37137   0.00    50.37
37186   37175   6.00    46.28
37186   37329   0.00    36.40
37205   37565   2.50    119.39
37216   37490   0.00    78.85
37216   37154   0.00    45.36
37237   37140   1.00    27.98
37278   37216   11.50   46.47
37307   37325   0.00    47.25
37307   37869   3.00    149.19
37309   37278   7.86    43.66
37314   37725   0.00    120.88
37321   37150   0.00    74.65
37325   37499   0.00    47.45
37325   37329   0.00    13.14
37329   37352   0.00    44.87
37339   37764   0.00    133.18
37352   37370   0.00    41.48
37370   37137   0.00    66.20
37376   37237   0.00    50.21
37421   37960   1.00    150.91
37438   37278   3.00    46.62
37444   37765   0.00    86.47
37452   37585   0.00    44.64
37484   37421   50.00   142.38
37490   37765   0.00    78.60
37499   37672   0.00    48.08
37518   37237   11.50   109.15
37518   37499   0.00    97.65
37537   37763   0.00    76.08
37565   37826   8.00    116.90
37577   37843   0.00    140.54
37585   37593   0.00    52.26
37593   37321   0.00    77.72
37617   38211   0.00    145.58
37646   37803   20.00   62.14
37672   37851   14.33   43.59
37678   38039   0.00    144.48
37712   37518   9.50    81.26
37712   37672   0.00    42.30
37725   38225   0.00    122.28
37763   38008   0.00    76.19
37764   38302   0.00    136.19
37765   38163   0.00    127.40
37770   38008   10.00   76.31
37770   37712   10.00   19.72
37778   37577   0.00    143.40
37782   37585   0.00    92.06
37785   37961   0.00    65.76
37803   37961   0.00    47.31
37826   37782   10.00   89.65
37826   37838   0.00    5.34
37838   37853   0.00    5.65
37838   37995   3.00    112.29
37843   38167   0.00    141.58
37851   37770   8.67    34.76
37853   38232   0.00    112.42
37853   37962   0.00    81.88
37869   37916   0.00    40.20
37879   37593   0.00    93.38
37884   37943   0.00    139.26
37916   37851   6.00    22.85
37916   38290   0.00    125.11
37943   37678   0.00    142.98
37947   38391   9.86    117.75
37951   37920   1.00    35.18
37951   38409   0.00    128.02
37960   38538   20.00   152.83
37961   38120   0.00    47.70
37962   37976   1.00    81.39
37974   37484   20.00   149.33
37976   37951   0.00    48.53
37976   38257   3.00    116.94
37984   38043   20.00   113.69
38008   38181   0.00    54.20
38036   38260   0.00    60.41
38036   37947   20.00   57.66
38039   38133   0.00    139.29
38063   37984   10.29   114.12
38082   38156   0.00    25.45
38090   38119   0.00    98.76
38114   38036   3.00    88.81
38114   38330   0.00    58.95
38120   37939   0.00    62.55
38120   38259   0.00    45.90
38133   37778   0.00    142.55
38156   38259   0.00    43.64
38163   38290   3.00    125.33
38167   37974   0.00    139.50
38180   38119   0.00    66.20
38181   38290   20.00   59.40
38181   38231   0.00    34.78
38186   38234   0.00    15.35
38204   37879   10.00   93.87
38204   38090   10.86   98.85
38211   38751   0.00    145.02
38225   38114   20.00   98.46
38225   38063   0.00    114.67
38231   38439   0.00    116.95
38231   38204   0.00    15.99
38232   38522   6.50    111.00
38234   38285   0.00    25.66
38234   38615   0.00    103.56
38243   38120   0.00    50.80
38243   38371   0.00    48.85
38257   38522   5.83    117.10
38259   38371   0.00    48.79
38259   38405   0.00    52.51
38260   38442   7.67    52.03
38285   38387   0.00    41.37
38285   38156   0.00    51.25
38286   38661   0.00    116.99
38290   38439   0.00    40.06
38295   38260   0.00    41.40
38295   38642   0.00    91.42
38302   38462   0.00    42.83
38302   38043   0.00    136.24
38324   38409   0.00    35.22
38330   38416   0.00    25.11
38330   38295   0.00    42.93
38330   38507   0.00    119.92
38364   38302   0.00    50.18
38365   38225   0.00    106.07
38365   38694   0.00    134.00
38371   38527   0.00    52.81
38387   38405   0.00    5.66
38405   38527   0.00    46.42
38409   38634   0.00    125.93
38413   38640   0.00    100.15
38416   38619   0.00    59.26
38439   38758   3.00    109.53
38443   38364   0.00    59.76
38462   38526   0.00    22.10
38507   38465   0.00    58.18
38522   38601   0.00    41.09
38527   38537   13.05   4.10
38537   38661   9.92    43.26
38537   38609   3.00    16.70
38538   39035   7.00    148.77
38542   38741   0.00    77.02
38545   38729   0.00    61.24
38609   38930   0.00    79.10
38611   38609   0.00    49.65
38611   38387   0.00    57.89
38615   38611   3.00    49.87
38634   38938   7.25    127.08
38640   38686   11.00   37.64
38649   38670   0.00    8.31
38655   38861   11.20   87.76
38660   38507   11.50   67.02
38660   38416   0.00    81.28
38661   38898   0.00    66.48
38670   38640   9.45    109.40
38682   38729   0.00    118.97
38686   38741   3.00    21.86
38686   38829   0.00    34.02
38694   39082   0.00    134.87
38729   38738   0.00    2.89
38738   38871   3.00    38.05
38738   38828   0.00    37.69
38741   38861   11.50   47.54
38751   39072   0.00    137.96
38758   39120   0.00    111.47
38758   38615   0.00    98.38
38798   38825   0.00    52.02
38798   39361   0.00    148.79
38825   39008   0.00    46.02
38825   38969   0.00    68.91
38828   38871   0.00    25.37
38829   39228   0.00    111.06
38835   38519   15.00   116.32
38840   38364   0.00    132.21
38861   38969   0.00    31.85
38871   39333   9.57    120.14
38871   39075   0.00    64.65
38883   38894   9.00    95.22
38912   38829   0.00    46.41
38912   38883   0.00    65.36
38930   39483   3.00    144.15
38930   38898   0.00    50.07
38936   38611   20.00   79.13
38936   38930   0.00    50.68
38938   38660   0.00    90.10
38969   39064   0.00    24.85
38991   38912   0.00    19.93
39008   39392   15.00   103.30
39035   39421   0.00    146.85
39039   38828   20.00   101.11
39064   39242   0.00    53.95
39064   39008   0.00    67.37
39067   39424   13.25   135.07
39072   39515   0.00    141.47
39075   39090   0.00    11.50
39082   39525   3.00    136.85
39090   39095   0.00    76.63
39095   39094   6.50    76.62
39103   39260   20.00   52.28
39103   38835   11.50   115.48
39120   39480   0.00    111.55
39141   39316   11.50   49.27
39168   39592   8.67    135.38
39233   39242   0.00    38.21
39242   39447   0.00    58.73
39260   39039   14.33   101.77
39260   39424   0.00    51.22
39262   39266   0.00    81.21
39266   39273   0.00    81.22
39290   38840   0.00    132.70
39316   38938   0.00    128.97
39333   39658   0.00    117.08
39336   39316   0.00    11.17
39353   39103   0.00    104.98
39361   39613   0.00    67.43
39361   39336   0.00    34.54
39372   39290   0.00    125.67
39392   39361   0.00    50.49
39392   39547   11.29   38.38
39410   39336   0.00    28.29
39410   39624   0.00    67.96
39412   38936   0.00    124.33
39412   39480   0.00    23.83
39412   39495   0.00    27.51
39421   39945   0.00    150.90
39424   39647   20.00   100.54
39447   39392   7.00    125.79
39447   39675   0.00    66.89
39473   39483   3.00    43.12
39480   39598   0.00    35.68
39483   39495   0.00    32.44
39495   39480   0.00    33.76
39496   39521   11.50   100.88
39514   39260   0.00    103.94
39521   39527   0.00    100.87
39525   39930   7.67    124.08
39525   39410   0.00    48.77
39527   39345   0.00    45.67
39547   39625   0.00    83.70
39592   39699   3.00    65.21
39592   39801   20.00   97.60
39598   39744   0.00    49.29
39598   39353   3.00    104.94
39613   39624   0.00    9.86
39624   40031   0.00    108.38
39625   39675   20.00   82.95
39647   39896   12.60   106.63
39658   40060   20.00   118.15
39675   39894   0.00    60.92
39699   40060   0.00    97.01
39736   39725   16.67   93.02
39742   39527   0.00    61.13
39742   39736   1.00    93.02
39744   39514   11.50   103.91
39744   39896   0.00    53.23
39744   39838   11.00   44.21
39769   39598   20.00   71.69
39795   39613   0.00    122.47
39801   40074   6.50    108.07
39801   39647   0.00    48.77
39820   39372   0.00    138.26
39873   39935   0.00    99.27
39873   39742   0.00    36.28
39894   39795   0.00    120.96
39896   40074   0.00    52.43
39896   40059   22.20   64.92
39902   39948   0.00    12.17
39930   40403   3.00    124.76
39935   39948   6.50    99.04
39941   40357   0.00    106.26
39944   39894   0.00    48.92
39944   39873   0.00    19.05
39945   40316   15.75   145.71
39948   40024   0.00    18.63
40024   40141   8.67    130.77
40031   40455   0.00    108.63
40037   40003   0.00    9.07
40037   40168   0.00    37.67
40060   40141   10.22   48.95
40074   40101   10.50   9.14
40114   40163   0.00    11.38
40117   40191   0.00    107.76
40141   40229   14.33   83.98
40156   40168   11.00   46.56
40168   40386   3.00    55.99
40191   40309   0.00    107.96
40206   40234   50.00   130.77
40227   40335   0.00    124.62
40234   39820   0.00    136.63
40271   40206   0.00    134.54
40309   40403   3.00    107.96
40316   40364   0.00    141.39
40335   40386   0.00    124.40
40355   40545   9.80    56.29
40364   40836   0.00    149.28
40386   40521   20.00   36.86
40403   40455   0.00    50.62
40431   39944   0.00    122.64
40455   40556   10.00   87.08
40521   40667   8.82    47.50
40535   40271   0.00    124.71
40545   40624   9.09    96.90
40545   40721   9.23    61.61
40556   40997   11.50   115.53
40624   40860   0.00    61.27
40624   40841   0.00    104.65
40667   40938   3.00    92.91
40667   40818   11.50   88.62
40721   40764   8.67    13.57
40721   40783   13.20   102.05
40764   40891   8.73    46.71
40783   40968   12.80   103.51
40805   40431   0.00    120.07
40836   41486   0.00    153.04
40841   41142   11.50   106.89
40860   41104   0.00    61.79
40860   40764   10.91   142.05
40878   40535   0.00    126.46
40891   40961   10.00   32.19
40891   40973   6.29    27.46
40938   41189   7.10    83.38
40961   41145   8.67    113.74
40961   41048   1.00    23.64
40968   41258   11.50   105.45
40973   40961   3.00    9.99
40973   41048   10.61   25.71
40997   41503   3.00    115.83
41009   40973   11.29   50.52
41009   41259   3.00    61.31
41048   41412   8.79    84.45
41104   41009   12.71   134.95
41104   41316   6.95    49.15
41142   40938   8.64    102.68
41145   41450   20.00   115.86
41189   41546   12.08   85.75
41258   40805   0.00    121.81
41258   41789   20.00   117.54
41259   41316   7.56    144.87
41259   41752   7.56    107.90
41316   41428   3.00    24.99
41320   41569   3.00    113.93
41320   41697   11.50   79.65
41353   40878   0.00    129.82
41412   41788   7.83    84.43
41428   41880   4.40    97.66
41428   41631   14.33   93.14
41450   41788   6.64    116.65
41486   42172   0.00    153.12
41503   41565   3.00    12.58
41514   41503   0.00    104.66
41546   41952   8.36    94.07
41546   41320   1.67    57.56
41565   41681   0.00    84.66
41565   41993   3.00    95.39
41569   42087   2.33    117.55
41588   42008   3.00    103.05
41631   42057   10.86   98.11
41681   41789   0.00    84.66
41694   41826   11.00   81.91
41697   42036   7.40    79.65
41752   42186   13.91   107.95
41788   41906   11.50   29.27
41789   41814   0.00    8.38
41814   41878   8.67    24.56
41814   41914   0.00    22.70
41826   41878   7.80    33.53
41858   41588   20.00   102.44
41878   41914   0.00    25.49
41880   42057   3.00    92.81
41886   41353   0.00    129.96
41906   42258   4.13    88.17
41906   42118   5.83    107.85
41914   41976   0.00    16.56
41968   41514   0.00    112.34
41976   42238   8.08    65.61
41976   42352   20.00   100.33
41993   42378   15.00   95.39
42008   42186   10.25   76.04
42036   41952   5.23    67.68
42057   42087   6.00    63.23
42087   42036   4.18    53.43
42118   41826   8.77    70.97
42171   42238   0.00    58.33
42172   42812   0.00    152.99
42186   42258   0.00    59.01
42217   42314   10.60   107.00
42238   42443   0.00    47.88
42258   42597   9.92    78.60
42262   42591   0.00    82.19
42262   42369   10.50   82.61
42268   41858   10.00   103.71
42287   42008   0.00    78.81
42314   42610   13.44   109.98
42320   42268   6.50    122.68
42337   42378   3.00    90.72
42352   42776   9.50    101.22
42369   42420   0.00    28.32
42378   42626   13.71   55.22
42383   41886   0.00    130.86
42383   42906   0.00    129.63
42400   42369   0.00    14.65
42418   42610   9.00    105.01
42420   42446   0.00    16.39
42443   42998   10.75   139.27
42443   42762   13.67   86.06
42446   41968   0.00    113.47
42446   42478   0.00    18.06
42472   42118   5.40    92.10
42478   42516   6.50    36.39
42516   42582   0.00    35.68
42550   42597   0.00    140.85
42582   42626   1.00    31.53
42597   42729   8.67    34.72
42610   42835   3.00    81.15
42615   42268   8.75    126.17
42626   42762   8.46    115.64
42705   42400   0.00    124.07
42729   42811   0.00    19.78
42729   42849   8.73    25.32
42762   43270   7.25    131.64
42773   42582   0.00    48.58
42776   43177   9.38    101.84
42783   42400   0.00    91.75
42790   42420   0.00    91.05
42791   42478   0.00    78.60
42808   42516   0.00    69.39
42811   43179   5.50    99.27
42812   43357   0.00    144.54
42835   42889   9.26    78.84
42848   42472   7.57    92.53
42849   42811   100.00  16.84
42849   43248   7.00    114.49
42889   43062   14.33   68.55
42889   42615   9.21    124.57
42889   42944   11.29   40.08
42906   43198   0.00    125.06
42944   43246   6.57    94.90
42998   43553   7.56    140.28
43062   43084   0.00    7.87
43177   42848   8.33    90.45
43179   43489   7.80    78.68
43179   43485   14.33   92.07
43198   43385   3.00    122.46
43246   43574   10.34   95.15
43248   43624   9.77    113.06
43270   43711   0.00    128.26
43289   43421   20.00   87.32
43291   43832   9.78    129.02
43343   43177   5.50    44.79
43357   43807   0.00    145.43
43385   43557   0.00    101.66
43419   43534   0.00    39.39
43421   42944   5.80    145.77
43485   43859   5.33    100.31
43485   43624   4.75    111.03
43489   43831   9.20    78.63
43534   43662   8.50    120.11
43553   44094   11.00   121.04
43557   43711   0.00    101.49
43570   43534   5.80    23.18
43574   43883   6.40    108.01
43574   43421   3.00    78.13
43624   43662   3.00    26.34
43662   43883   9.75    148.81
43711   43813   0.00    33.79
43732   43385   0.00    86.80
43763   44183   0.00    141.57
43807   44309   13.43   145.93
43813   44137   1.00    142.75
43813   43967   3.00    83.53
43831   43343   12.33   137.20
43832   43763   0.00    136.73
43859   44227   4.40    88.59
43883   43951   8.67    15.32
43946   43553   9.00    115.41
43946   43343   8.67    139.49
43951   43994   3.00    9.42
43967   44118   3.00    83.39
43994   44202   9.38    43.56
44026   43859   10.00   113.94
44030   44063   3.00    55.87
44033   43951   0.00    34.50
44040   44033   3.00    49.57
44040   43715   0.00    104.10
44040   44124   0.00    38.15
44045   44549   0.00    141.59
44063   43737   0.00    125.98
44063   44124   0.00    17.45
44073   43831   3.00    60.25
44084   43994   0.00    25.22
44084   44033   0.00    16.00
44094   44507   6.40    121.77
44118   44094   12.29   67.09
44118   44582   0.00    133.27
44124   44616   14.60   130.44
44137   44221   40.00   138.99
44183   44611   0.00    142.77
44202   44613   8.64    122.34
44202   44026   8.46    113.97
44221   44226   12.64   105.00
44226   44162   0.00    104.21
44227   44073   10.75   104.60
44285   43946   8.86    88.53
44285   44404   7.88    100.82
44309   44896   13.20   151.33
44350   44227   17.50   102.82
44358   44084   0.00    89.11
44404   44534   10.07   103.79
44404   44073   10.85   91.33
44426   44771   0.00    107.84
44507   44813   12.20   88.89
44507   44604   11.00   87.27
44534   44642   8.75    103.43
44549   45132   0.00    143.70
44582   44813   2.33    127.63
44604   44747   3.00    111.83
44604   44285   11.50   91.98
44611   45040   0.00    142.01
44613   44971   11.80   119.64
44616   44358   12.67   88.84
44642   44350   10.73   106.95
44642   45124   9.19    143.99
44703   45105   11.50   94.44
44706   45094   2.00    90.86
44706   44703   11.00   74.13
44747   44880   1.00    105.20
44747   45076   8.17    89.87
44771   45135   0.00    106.76
44813   44902   0.00    65.11
44880   45112   8.00    106.20
44896   45466   0.00    149.07
44902   45313   3.00    109.47
44902   45076   9.88    133.39
45040   45584   0.00    144.41
45072   45094   0.00    56.74
45072   44706   0.00    112.25
45076   45285   7.31    86.45
45083   45124   13.39   84.62
45094   45105   16.67   55.73
45094   45318   0.00    56.54
45105   45107   0.00    33.26
45112   45378   8.59    74.26
45124   45112   7.33    41.41
45132   45739   0.00    143.93
45135   45554   0.00    108.63
45154   45559   0.00    133.26
45154   45072   20.00   16.49
45285   45509   6.75    86.32
45313   45499   20.00   104.36
45318   45595   0.00    60.25
45318   45348   0.00    65.88
45378   45610   9.27    57.06
45394   45859   1.00    108.43
45396   45791   0.00    103.64
45426   45378   13.82   123.57
45433   45834   3.25    93.14
45445   45482   0.00    98.32
45453   45867   0.00    97.47
45466   45993   12.35   147.45
45482   45554   0.00    98.47
45499   45735   11.00   105.03
45509   45610   8.00    46.77
45554   45728   0.00    49.15
45559   46162   3.00    138.08
45584   46087   0.00    143.44
45595   45621   0.00    63.25
45595   45838   10.00   60.07
45610   45695   8.39    23.19
45695   45966   8.41    70.69
45710   45154   7.25    132.19
45715   46099   0.00    92.77
45719   45739   0.00    125.26
45728   46198   0.00    132.97
45735   45509   0.00    61.90
45735   46026   11.50   118.38
45737   45695   12.38   105.50
45739   46223   0.00    113.15
45791   46265   0.00    105.56
45793   46156   0.00    102.09
45834   46271   3.30    93.16
45838   45850   0.00    54.92
45838   46097   0.00    59.13
45859   46362   9.40    108.44
45867   46318   0.00    97.46
45873   46324   1.00    95.61
45873   45824   0.00    22.36
45909   45728   0.00    63.94
45918   46156   0.00    61.81
45918   45793   0.00    101.18
45966   46173   8.31    50.22
45993   46586   20.00   147.73
46026   45966   0.00    25.42
46026   46173   0.00    53.93
46043   46445   14.00   84.92
46043   45873   3.00    68.61
46051   46234   0.00    104.68
46087   46724   0.00    145.67
46097   46115   10.00   57.04
46097   46328   0.00    47.28
46099   46163   0.00    86.92
46132   45719   0.00    131.07
46156   46659   3.00    128.84
46162   46457   2.33    62.93
46163   45909   0.00    54.98
46194   46631   0.00    91.87
46194   45909   0.00    75.69
46198   46613   0.00    130.83
46199   46749   0.00    118.01
46223   46735   0.00    113.19
46234   46453   12.54   105.25
46265   46765   7.80    105.73
46271   46162   1.40    62.86
46307   45710   8.80    132.26
46308   46324   0.00    19.11
46311   46203   0.00    22.21
46311   46749   0.00    102.27
46318   46362   6.67    63.23
46318   46636   13.20   68.55
46324   46634   20.00   83.46
46328   46307   0.00    58.80
46328   46453   1.00    27.36
46339   46043   15.21   105.91
46362   46271   1.00    70.32
46438   46421   0.00    89.04
46445   46634   0.00    40.60
46453   46653   15.00   76.01
46477   46163   0.00    67.29
46478   46654   9.80    126.58
46492   46438   0.00    89.14
46498   46194   0.00    79.30
46511   46445   26.00   94.23
46517   46477   0.00    6.99
46562   46492   0.00    39.79
46586   47230   16.67   148.03
46613   46793   20.00   127.37
46630   46457   0.00    101.40
46631   46498   0.00    63.52
46634   46840   20.00   102.31
46653   46307   9.80    75.16
46654   46941   3.00    125.58
46659   47231   0.00    128.83
46695   46132   0.00    132.89
46696   47370   11.50   147.31
46696   46765   6.70    94.57
46709   46498   0.00    62.73
46716   46653   9.69    15.17
46719   46477   0.00    92.72
46724   46696   10.29   43.66
46728   46631   0.00    41.93
46728   46517   0.00    49.34
46735   47241   0.00    98.96
46735   47082   0.00    112.27
46749   46951   0.00    46.45
46757   46562   7.33    83.10
46765   46799   3.00    24.80
46779   46492   0.00    82.72
46779   46562   0.00    65.86
46784   47440   0.00    142.84
46793   47020   0.00    87.10
46799   47120   11.50   73.81
46799   46924   11.25   137.07
46813   46653   6.50    80.46
46821   46716   0.00    21.70
46826   46793   9.83    5.73
46834   47099   0.00    82.02
46846   46826   0.00    74.90
46852   47574   0.00    147.83
46911   46478   11.96   127.23
46924   46813   0.00    80.03
46924   46630   3.00    52.12
46934   46709   0.00    47.81
46947   47179   20.00   103.19
46947   46757   0.00    82.58
46951   47384   0.00    86.59
46987   46934   0.00    86.71
46988   47306   8.67    111.57
46988   46821   3.00    40.95
47020   47254   0.00    87.24
47028   46709   0.00    123.39
47028   46728   3.00    61.93
47042   46987   0.00    86.77
47042   46826   0.00    42.17
47066   47551   0.00    99.24
47072   47436   1.00    85.89
47072   46947   10.75   63.17
47072   46988   7.25    73.68
47082   47589   0.00    122.11
47082   46719   0.00    94.58
47099   47440   0.00    83.29
47100   47744   0.00    131.00
47120   47506   0.00    90.26
47140   47237   0.00    82.27
47143   46779   0.00    85.08
47158   46517   0.00    144.59
47179   47551   0.00    104.92
47230   47870   3.00    148.20
47231   47737   0.00    127.96
47237   46924   11.50   60.54
47237   47256   0.00    63.23
47237   47262   0.00    4.86
47241   47748   0.00    99.99
47252   46951   20.00   85.28
47254   47588   0.00    108.29
47256   47466   0.00    81.07
47259   47783   0.00    131.69
47262   47329   0.00    11.23
47269   46934   0.00    136.05
47269   47028   0.00    49.64
47286   46724   10.29   129.30
47306   47592   7.25    110.88
47329   47462   0.00    26.86
47370   47973   0.00    146.45
47384   47746   3.00    85.39
47432   47042   0.00    79.75
47436   47636   11.20   111.68
47436   47908   5.83    117.27
47440   47718   0.00    62.29
47452   47849   0.00    104.33
47462   47652   0.00    105.32
47462   47592   0.00    23.59
47466   47120   0.00    83.46
47489   47503   0.00    121.60
47489   47790   0.00    106.58
47503   47269   0.00    47.68
47503   47790   0.00    64.49
47506   47809   3.00    89.52
47515   47489   0.00    9.75
47551   47635   0.00    23.73
47572   47254   0.00    112.83
47574   48316   0.00    149.30
47580   46911   10.54   132.69
47588   47905   0.00    108.56
47589   47678   0.00    120.17
47592   47948   3.00    90.08
47592   47858   3.00    90.27
47597   47697   12.36   44.54
47617   47143   0.00    87.07
47632   47689   7.25    90.18
47635   47636   0.00    93.76
47635   47971   0.00    77.72
47636   47945   3.00    86.85
47652   47795   0.00    105.23
47678   47158   0.00    142.09
47684   47286   11.50   126.18
47689   47580   3.00    44.49
47697   47684   0.00    123.80
47706   47948   0.00    108.50
47713   48354   0.00    131.45
47713   47252   0.00    88.28
47718   47849   0.00    122.97
47718   47894   0.00    65.21
47737   47876   0.00    122.70
47744   48421   3.00    132.00
47746   48092   0.00    88.64
47746   47748   0.00    26.52
47748   47259   0.00    131.12
47781   48222   0.00    85.03
47781   47678   0.00    27.58
47783   47781   0.00    126.72
47790   48240   0.00    88.85
47795   47809   7.67    105.44
47796   48231   0.00    92.24
47796   47515   0.00    58.78
47809   48327   24.33   131.30
47813   48449   0.00    124.55
47825   47432   0.00    81.98
47849   48138   0.00    84.42
47850   47825   0.00    6.38
47858   47867   0.00    45.01
47870   48456   13.20   113.69
47876   48395   12.68   104.95
47876   47632   24.80   92.13
47885   48146   0.00    133.21
47894   48033   0.00    48.35
47905   48242   1.00    108.19
47908   48405   0.00    117.01
47910   48292   0.00    79.74
47929   47515   0.00    106.51
47943   47825   0.00    75.75
47945   48341   0.00    88.12
47948   48146   0.00    48.73
47971   48341   3.00    77.88
47973   48254   0.00    135.36
47973   48327   0.00    73.88
48020   48092   0.00    42.51
48033   48197   0.00    51.47
48039   47580   20.00   99.12
48059   47943   0.00    75.75
48092   48226   0.00    76.72
48125   47894   0.00    75.84
48138   48197   0.00    25.87
48140   48485   0.00    138.22
48146   48367   0.00    47.50
48158   47713   0.00    95.19
48197   48628   11.50   144.03
48222   48624   7.80    84.83
48226   48354   0.00    76.73
48231   47929   0.00    104.27
48240   48358   0.00    23.59
48240   48231   0.00    19.64
48242   48524   12.67   114.72
48249   48482   0.00    69.13
48254   47697   0.00    134.55
48292   48138   0.00    56.91
48310   47689   10.00   130.70
48316   48421   0.00    46.56
48325   47876   11.56   117.21
48327   48567   11.50   89.20
48336   48033   0.00    93.10
48341   48423   5.50    16.83
48341   48405   0.00    55.97
48342   48514   0.00    141.43
48353   48254   0.00    20.06
48353   48519   0.00    34.97
48354   48515   0.00    127.67
48367   48482   0.00    80.73
48381   48316   20.00   84.31
48395   48809   22.00   103.36
48405   48525   0.00    135.85
48410   48310   12.71   29.48
48415   48586   0.00    133.62
48421   48487   0.00    31.16
48424   48423   0.00    70.95
48424   48292   3.00    38.93
48436   48514   0.00    81.44
48449   48410   0.00    18.26
48456   48817   12.35   109.15
48460   48581   0.00    50.95
48467   48415   0.00    132.42
48482   48342   0.00    138.27
48485   48713   0.00    51.87
48487   48552   0.00    36.90
48487   48963   0.00    91.25
48504   48262   0.00    139.07
48506   48242   0.00    69.01
48514   48650   0.00    140.48
48515   48158   0.00    92.93
48518   48039   0.00    98.75
48518   49124   0.00    118.89
48518   48449   3.00    28.83
48524   48695   11.08   113.69
48525   48460   3.00    135.51
48527   48515   0.00    6.13
48545   48857   0.00    133.05
48552   48518   20.00   40.02
48552   49089   0.00    106.87
48560   48599   0.00    14.96
48560   48467   0.00    132.79
48567   48677   7.31    79.58
48567   49008   10.00   111.67
48574   49000   0.00    122.70
48581   48659   0.00    34.56
48586   48506   0.00    24.47
48587   48667   0.00    78.03
48599   48933   0.00    89.01
48624   49168   18.00   115.20
48628   49159   0.00    145.07
48634   48624   11.50   28.83
48641   48587   0.00    77.62
48650   48824   0.00    140.59
48656   49201   0.00    101.45
48662   48560   0.00    106.96
48665   48504   0.00    138.62
48667   48634   10.50   89.91
48677   49069   0.00    104.15
48677   48924   3.00    96.01
48695   48325   8.67    117.02
48704   48659   0.00    26.08
48713   48704   0.00    5.02
48736   48506   0.00    72.65
48739   48381   0.00    138.90
48740   48527   0.00    103.53
48763   48915   0.00    88.32
48766   48599   0.00    50.34
48770   48423   9.71    127.29
48809   49264   14.33   84.60
48817   49491   12.00   124.51
48817   48740   8.59    102.16
48824   48713   0.00    67.03
48824   48895   3.00    102.71
48838   48410   11.50   86.78
48847   48586   0.00    115.46
48857   49142   0.00    62.72
48862   48885   11.36   45.84
48862   49511   0.00    134.21
48881   48460   20.00   127.92
48881   48770   31.50   124.86
48884   48527   0.00    111.00
48885   48424   3.00    99.94
48885   48925   12.85   72.44
48895   48763   9.82    102.41
48915   49142   3.00    60.78
48921   48809   0.00    88.36
48924   48857   3.00    95.92
48925   48423   8.67    113.93
48933   49321   0.00    89.58
48963   49456   11.91   91.30
48964   48665   0.00    139.07
48974   48766   0.00    52.89
49000   49497   0.00    123.37
49008   49538   7.67    112.41
49009   49339   0.00    65.46
49019   49425   0.00    82.30
49025   49157   0.00    80.59
49025   48662   0.00    108.64
49034   48974   0.00    69.68
49034   48766   0.00    65.20
49042   48884   0.00    107.25
49049   49074   0.00    98.87
49052   48581   13.20   103.99
49052   48881   11.17   87.19
49053   49262   0.00    37.17
49054   49520   0.00    91.42
49061   48763   0.00    98.74
49061   48915   0.00    30.84
49069   49337   15.00   101.25
49074   48634   0.00    104.09
49075   49143   10.00   78.55
49084   49406   0.00    75.17
49103   48847   0.00    115.38
49143   49236   13.14   16.76
49143   48704   0.00    89.75
49157   49345   0.00    88.12
49157   48974   0.00    55.29
49159   49866   10.00   148.74
49166   49103   0.00    15.72
49168   49240   0.00    13.65
49193   49236   11.00   13.66
49193   49052   11.50   55.07
49208   48925   20.00   60.56
49213   48964   0.00    138.71
49227   49413   0.00    130.72
49227   48777   0.00    134.51
49236   49599   10.50   134.23
49240   49025   0.00    68.69
49249   49168   0.00    120.13
49262   49075   0.00    77.68
49315   48838   0.00    86.80
49321   49731   0.00    89.02
49321   49166   0.00    46.69
49324   49213   4.67    137.74
49328   48921   0.00    93.40
49329   48667   0.00    138.92
49333   49034   0.00    61.65
49337   49411   3.00    29.78
49337   49061   0.00    57.31
49339   49262   0.00    36.85
49357   49324   11.50   137.61
49404   49208   0.00    87.01
49411   49553   0.00    36.40
49413   49680   2.00    131.15
49422   49953   0.00    113.51
49425   49339   0.00    40.03
49477   49481   0.00    46.38
49478   49357   15.47   138.69
49481   49520   0.00    25.31
49490   49166   0.00    69.46
49491   50108   9.20    124.36
49497   50041   0.00    125.72
49506   49240   3.00    79.71
49511   49967   0.00    97.65
49511   49560   0.00    47.10
49520   49539   0.00    18.72
49538   50045   11.25   113.04
49539   49021   0.00    103.10
49539   50016   0.00    102.01
49539   49425   0.00    46.15
49542   49605   0.00    81.45
49542   49506   0.00    6.58
49553   49477   0.00    24.96
49560   49404   0.00    87.02
49560   50022   0.00    98.07
49561   49208   11.50   73.31
49561   50066   3.00    110.27
49562   49103   0.00    105.60
49599   50016   0.00    135.97
49610   49478   3.00    137.84
49628   49249   0.00    124.38
49659   49227   0.00    147.48
49680   50040   0.00    133.44
49725   50148   20.75   130.15
49725   49610   0.00    137.82
49775   49861   0.00    101.34
49815   49542   0.00    52.47
49823   49477   0.00    71.96
49829   50122   0.00    74.66
49861   49951   10.50   101.49
49866   50041   0.00    44.89
49868   50330   0.00    101.78
49880   50278   2.33    111.12
49896   49815   0.00    65.96
49901   49659   0.00    144.76
49929   50208   11.50   58.38
49929   49989   7.75    77.20
49937   49561   5.13    117.94
49951   49411   0.00    127.51
49953   50329   0.00    110.26
49962   49628   0.00    123.36
49962   49329   13.25   139.73
49964   49775   8.17    103.56
49967   50396   0.00    97.16
49979   49553   0.00    92.36
49988   49481   0.00    107.26
49989   50200   7.25    78.52
49995   50583   0.00    142.58
50016   50330   0.00    121.74
50022   50487   0.00    97.96
50040   50412   1.40    133.44
50041   50329   0.00    59.19
50041   49922   0.00    141.21
50045   50211   6.67    38.24
50045   49964   0.00    26.37
50066   50259   8.67    67.78
50066   50767   17.17   142.35
50084   50122   0.00    23.10
50108   50738   12.76   124.41
50122   50328   0.00    122.81
50132   49964   20.00   47.45
50132   50307   3.00    84.45
50148   50308   0.00    43.73
50148   50469   13.20   108.28
50156   50231   0.00    131.01
50186   50265   0.00    30.50
50186   50446   0.00    85.64
50200   50521   3.00    63.94
50208   50200   20.00   128.82
50208   50522   3.00    73.65
50211   50278   5.33    19.08
50211   50427   4.25    70.62
50223   50366   0.00    30.18
50223   49962   0.00    115.28
50225   50186   1.00    78.96
50231   50308   1.00    131.01
50238   50372   0.00    95.09
50259   50700   10.50   87.11
50259   50336   3.00    24.38
50265   50369   0.00    25.45
50269   49937   7.80    105.74
50278   50738   10.02   104.35
50307   50513   0.00    84.39
50308   50785   11.50   129.18
50309   49901   0.00    147.65
50328   50443   10.22   49.20
50328   50646   0.00    62.77
50329   50696   0.00    97.83
50330   50725   11.00   80.69
50336   49937   0.00    99.50
50336   50527   0.00    51.10
50364   50174   14.33   108.30
50364   49951   0.00    110.67
50366   50615   0.00    47.62
50369   50517   0.00    37.13
50369   50910   3.00    134.37
50370   49979   0.00    91.71
50372   50544   0.00    95.30
50384   50364   0.00    7.02
50384   50591   0.00    47.32
50390   50860   0.00    90.92
50396   50487   0.00    30.36
50400   50620   0.00    42.37
50400   50285   0.00    23.47
50405   50531   0.00    58.81
50405   50788   0.00    100.97
50412   50725   15.00   132.03
50427   50540   0.00    31.74
50443   50870   10.27   121.71
50443   49815   10.42   138.57
50446   50485   3.00    85.87
50469   50696   19.43   107.12
50485   50225   20.00   80.20
50485   50309   3.00    42.03
50487   50894   0.00    88.90
50506   50366   0.00    108.20
50513   50384   0.00    37.71
50517   50583   1.00    17.71
50517   50910   11.50   129.31
50521   51186   11.00   135.92
50522   50521   11.50   101.38
50522   50852   8.06    79.33
50527   50686   0.00    84.23
50528   50837   0.00    80.83
50528   50370   0.00    52.42
50531   50631   0.00    65.06
50540   50990   5.50    112.06
50544   50646   0.00    59.44
50544   50806   0.00    54.82
50561   50818   0.00    66.66
50571   50309   3.00    76.25
50583   50644   1.00    19.51
50591   50370   0.00    72.79
50615   50900   0.00    55.25
50616   50396   0.00    47.18
50620   50872   0.00    50.95
50620   50506   0.00    108.20
50631   50718   0.00    57.80
50644   51167   11.50   147.23
50644   50703   0.00    15.98
50646   51125   0.00    98.48
50653   50528   0.00    47.31
50654   50901   0.00    57.25
50685   50620   0.00    69.05
50686   50269   11.50   88.79
50692   50513   11.50   53.70
50696   51000   20.00   124.16
50700   50864   3.00    34.14
50700   50724   0.00    56.41
50703   50269   8.50    107.76
50715   50591   0.00    31.59
50715   50941   0.00    55.96
50718   50806   0.00    48.62
50724   50829   0.00    72.13
50725   50953   14.60   56.81
50738   51506   10.44   146.13
50751   50615   0.00    104.55
50757   51352   0.00    129.89
50759   51133   0.00    78.78
50767   50864   0.00    58.62
50767   51213   8.33    104.06
50785   51087   3.00    86.62
50788   51261   0.00    103.66
50806   51480   0.00    149.85
50818   50973   3.00    36.73
50818   50901   0.00    40.40
50829   51218   6.75    99.25
50829   51282   50.00   97.29
50837   51164   0.00    81.43
50852   51186   4.89    79.79
50860   51048   0.00    87.23
50864   51368   0.00    111.18
50870   51403   9.79    123.96
50872   50751   0.00    104.42
50874   50531   0.00    94.62
50894   51270   0.00    88.27
50900   50984   0.00    102.53
50900   51048   0.00    30.02
50901   50962   0.00    33.24
50910   50962   11.50   98.95
50912   50692   0.00    55.02
50912   50715   0.00    59.93
50916   50872   0.00    65.10
50916   50685   0.00    59.81
50918   51250   9.29    117.29
50918   50973   0.00    28.41
50918   50571   11.50   78.89
50941   51139   0.00    51.24
50953   51183   0.00    61.49
50953   51164   20.00   56.53
50962   51121   3.00    38.36
50962   51167   11.50   112.83
50973   51121   20.00   72.22
50984   51120   0.00    102.73
51000   51270   20.00   124.03
51002   51576   0.00    121.50
51035   51145   0.00    27.37
51038   50427   15.00   144.23
51048   51158   0.00    26.18
51083   50718   0.00    91.99
51087   51388   0.00    86.57
51091   51083   0.00    89.02
51091   50631   0.00    122.63
51120   51232   0.00    103.24
51121   51275   10.75   68.55
51121   51265   0.00    77.83
51125   51522   0.00    95.90
51133   51496   0.00    77.59
51138   50724   3.00    86.38
51145   51295   0.00    37.32
51149   50912   0.00    119.75
51149   50692   2.00    111.86
51149   51434   0.00    59.88
51151   50941   3.00    72.45
51151   51380   0.00    56.54
51158   51178   0.00    41.29
51164   51464   0.00    65.35
51167   51223   3.00    39.65
51167   51563   0.00    91.24
51178   51272   0.00    45.91
51178   51785   0.00    122.78
51183   51464   8.22    132.34
51186   51348   11.50   29.60
51210   51475   0.00    81.95
51210   50785   0.00    112.07
51213   51368   2.00    60.90
51213   51561   20.00   63.72
51218   51323   9.00    38.87
51223   50703   5.20    130.92
51232   51432   0.00    33.80
51250   51183   8.33    18.12
51260   51232   0.00    46.17
51270   51357   0.00    30.41
51272   51805   0.00    134.61
51275   51469   7.71    52.50
51282   51653   0.00    94.60
51295   51378   10.00   18.50
51318   51387   0.00    61.03
51318   50874   0.00    97.02
51323   51145   0.00    59.81
51326   51272   0.00    92.40
51334   51250   3.00    18.96
51334   51823   1.00    126.64
51348   51352   8.67    65.24
51348   51764   0.00    85.54
51352   51728   6.55    75.16
51352   51403   17.22   67.64
51357   51824   11.50   101.04
51368   51547   0.00    57.11
51372   51151   11.00   76.28
51378   51717   6.40    86.17
51378   51223   0.00    38.42
51380   51139   0.00    73.42
51387   51442   0.00    56.63
51387   52076   0.00    127.38
51387   51091   0.00    59.54
51388   51630   0.00    60.20
51388   51586   0.00    47.26
51388   51210   0.00    38.16
51390   51334   4.67    11.87
51390   51469   3.00    65.91
51402   51326   0.00    72.07
51402   51575   0.00    34.39
51403   51786   10.00   87.50
51423   51323   8.50    19.18
51423   51622   9.50    60.75
51432   51402   0.00    51.47
51434   51568   0.00    26.39
51442   51943   0.00    97.31
51442   51471   0.00    59.67
51445   51993   0.00    105.52
51445   51432   0.00    13.46
51463   51445   0.00    30.92
51464   51734   8.18    71.72
51469   51588   8.67    122.96
51470   51275   10.50   130.15
51471   52040   0.00    114.26
51471   51480   0.00    13.54
51480   51538   0.00    48.56
51486   51286   0.00    44.70
51486   51586   0.00    27.73
51496   51576   0.00    70.20
51501   51734   10.00   67.84
51501   51380   0.00    30.80
51506   52203   15.50   143.57
51514   51434   0.00    99.47
51522   51538   0.00    7.57
51522   51496   0.00    85.11
51528   51793   0.00    58.61
51528   51372   0.00    75.23
51538   51958   0.00    90.36
51547   51653   11.00   47.12
51547   51138   13.33   85.45
51553   51357   0.00    38.19
51561   51986   1.00    80.14
51561   51547   0.00    116.24
51563   51588   0.00    55.76
51568   51795   0.00    63.98
51568   51528   2.00    29.78
51575   51993   0.00    95.18
51575   51326   0.00    97.95
51576   51716   0.00    52.78
51586   51759   0.00    45.96
51586   51861   0.00    62.85
51601   51223   8.16    87.33
51604   51752   0.00    106.64
51622   51295   15.25   74.21
51634   52296   20.00   119.83
51634   51706   2.00    33.58
51642   51918   0.00    62.50
51642   51501   3.00    56.70
51650   51599   0.00    18.23
51653   51842   0.00    66.99
51668   51825   0.00    42.60
51668   51759   0.00    24.11
51670   51824   0.00    78.17
51670   51553   0.00    30.84
51691   51797   0.00    19.63
51691   51604   0.00    105.39
51698   51390   7.90    79.44
51698   51823   2.50    30.87
51706   52358   11.17   123.94
51706   52192   8.00    114.91
51716   51443   0.00    73.71
51717   51895   0.00    39.41
51728   52169   5.60    74.87
51734   51918   0.00    58.72
51752   51991   0.00    95.77
51759   52145   11.37   71.01
51759   52241   0.00    97.82
51764   52271   0.00    85.65
51785   52121   0.00    116.36
51786   52169   11.50   86.00
51793   51642   0.00    84.98
51795   51941   0.00    74.40
51795   52009   11.50   56.89
51797   52366   0.00    96.72
51797   52160   0.00    105.03
51804   51038   8.29    148.22
51805   52242   0.00    132.00
51823   51974   3.00    42.52
51824   52230   7.00    81.18
51841   51717   2.00    31.30
51842   51218   20.00   148.76
51842   51938   3.00    55.13
51883   51903   0.00    4.88
51883   51601   9.29    85.65
51886   52033   5.50    50.31
51886   51650   0.00    71.27
51887   51698   0.00    40.95
51887   51974   0.00    21.54
51895   52027   0.00    34.15
51903   52444   20.13   108.26
51903   52077   0.00    42.12
51913   51797   0.00    103.50
51913   51752   0.00    86.23
51918   52252   4.67    118.23
51938   51423   8.50    119.46
51941   51793   0.00    30.88
51943   52423   0.00    95.27
51955   52670   0.00    143.81
51958   52450   0.00    91.11
51964   52712   0.00    143.50
51974   52180   0.00    77.16
51986   52447   1.67    80.02
51990   51650   0.00    80.48
51991   52145   9.97    142.67
51993   52330   0.00    60.29
52009   51941   9.12    146.52
52009   52317   8.50    79.61
52012   51895   1.00    32.36
52021   51622   10.00   77.16
52027   52077   0.00    13.08
52033   52230   0.00    149.01
52033   51670   0.00    68.26
52040   52492   0.00    110.80
52076   52214   0.00    24.26
52077   52207   0.00    24.88
52084   51883   1.00    85.35
52084   51887   13.20   64.58
52121   52242   0.00    116.58
52145   52278   3.00    44.52
52148   52076   0.00    60.11
52160   52350   0.00    44.45
52160   52366   0.00    55.54
52169   52780   9.40    117.62
52169   52271   11.61   42.69
52174   52027   0.00    38.33
52180   52272   0.00    37.19
52180   52084   0.00    15.08
52192   52662   11.00   115.04
52203   52247   8.64    10.84
52207   52335   0.00    34.98
52207   52392   0.00    38.37
52214   52424   0.00    38.67
52214   52273   0.00    39.43
52221   52203   6.14    10.81
52230   52447   11.75   105.76
52241   52670   0.00    97.69
52242   52330   0.00    26.05
52247   52341   11.50   24.81
52252   52516   0.00    117.92
52271   52617   7.25    77.23
52273   52439   0.00    31.52
52273   52423   0.00    68.20
52274   52350   0.00    16.23
52278   52606   7.33    76.52
52296   52862   9.80    117.70
52317   52221   8.13    57.68
52330   52405   0.00    18.42
52335   52485   0.00    32.93
52341   52405   0.00    16.51
52350   52861   0.00    126.64
52358   52918   3.00    122.87
52366   52579   0.00    61.59
52392   52560   0.00    34.19
52405   52724   6.25    83.54
52423   52442   0.00    10.97
52424   52439   0.00    13.85
52439   53004   3.00    127.76
52444   52963   11.50   108.20
52447   53066   11.20   134.57
52448   51990   0.00    82.52
52450   52492   0.00    9.61
52479   52424   0.00    93.74
52485   52392   0.00    33.58
52492   52712   0.00    57.15
52492   52802   0.00    88.30
52502   51913   0.00    110.46
52516   52317   16.58   116.75
52526   52485   1.00    15.01
52529   51991   12.33   113.61
52560   52738   0.00    36.46
52579   52502   0.00    107.33
52606   52930   7.08    76.11
52617   52862   3.00    74.89
52639   52560   2.00    28.79
52662   53040   11.50   90.92
52662   52918   13.83   61.31
52670   52930   0.00    50.97
52715   52221   14.00   92.08
52715   53108   17.50   138.22
52724   53105   12.80   84.87
52738   52963   0.00    44.41
52780   53088   0.00    112.18
52793   52802   0.00    88.20
52802   53428   0.00    146.73
52842   52738   1.67    34.76
52861   52579   0.00    56.56
52861   53427   13.00   141.45
52862   52950   8.67    21.65
52918   52950   11.00   60.47
52930   53224   8.67    130.66
52936   52278   0.00    127.89
52950   53374   0.00    111.29
52963   53212   0.00    49.65
53040   53105   9.00    36.68
53066   53564   3.00    131.64
53088   53374   15.83   111.77
53105   53666   9.61    107.27
53108   53853   3.00    141.65
53124   52529   8.33    115.07
53157   52793   11.50   90.60
53204   53444   11.50   44.02
53212   53397   0.00    94.34
53212   53850   0.00    113.52
53224   53567   35.00   130.69
53273   53820   0.00    102.36
53273   53783   10.00   103.61
53315   52715   12.13   118.19
53319   53941   1.67    121.12
53340   53204   1.00    109.70
53374   53411   0.00    7.48
53397   53542   0.00    93.71
53411   53666   8.09    79.33
53411   53040   7.57    104.88
53427   53319   0.00    113.98
53444   53738   15.00   53.81
53444   53660   10.00   109.75
53537   53803   0.00    50.87
53542   53787   0.00    83.56
53564   54257   9.17    136.34
53567   53809   9.10    99.66
53575   53046   0.00    114.03
53622   53881   3.00    53.42
53628   52936   0.00    128.74
53666   54327   12.11   125.15
53693   54512   0.00    147.01
53738   53958   23.33   114.10
53738   53990   11.50   49.60
53743   53124   7.25    115.00
53743   53427   3.00    77.79
53757   54098   0.00    88.99
53783   54281   0.00    102.89
53787   54088   0.00    142.33
53795   54427   0.00    125.09
53795   53710   0.00    61.82
53803   53782   0.00    16.39
53809   54281   6.71    103.25
53820   54346   0.00    101.92
53850   54486   3.00    113.46
53853   54404   13.20   99.54
53865   54035   0.00    41.67
53870   54330   0.00    132.69
53870   53567   0.00    62.35
53881   53803   20.00   47.26
53941   54627   10.00   122.64
53953   53315   4.75    118.19
53953   53853   0.00    49.09
53958   53575   0.00    112.31
53990   54260   11.00   49.68
53990   53881   0.00    49.79
53990   54208   8.00    105.54
54014   54260   0.00    118.65
54035   54249   0.00    50.88
54035   54623   0.00    142.27
54044   53743   8.87    107.10
54046   54346   0.00    65.88
54083   54440   0.00    83.90
54088   54125   0.00    126.27
54098   54249   0.00    34.62
54125   54606   0.00    130.14
54161   54702   0.00    107.98
54179   54845   32.50   123.56
54209   54620   20.00   87.19
54249   54802   0.00    141.07
54257   54885   15.00   134.88
54260   54513   10.00   50.95
54281   54541   10.18   56.57
54320   54044   10.00   106.41
54320   53628   0.00    128.57
54326   54088   0.00    87.94
54327   54987   14.33   125.24
54330   55019   0.00    135.39
54346   54620   0.00    54.76
54404   54597   0.00    96.29
54427   55062   0.00    125.36
54440   54751   0.00    83.35
54478   54260   6.00    113.17
54486   55123   0.00    113.32
54501   54623   0.00    32.96
54506   55121   0.00    108.64
54512   55345   0.00    146.62
54513   54706   2.00    54.52
54539   54478   0.00    16.41
54541   54930   11.78   73.06
54553   54743   10.00   140.27
54597   53953   2.20    117.64
54606   54881   0.00    127.61
54620   54930   0.00    68.41
54623   55009   3.00    91.85
54623   54802   0.00    50.44
54625   54538   0.00    28.76
54627   55340   10.00   122.89
54647   54873   0.00    97.20
54702   55339   0.00    119.92
54702   55019   0.00    112.29
54706   54896   9.80    61.05
54731   54513   2.00    108.27
54733   54625   0.00    35.38
54743   55026   10.00   140.92
54744   54541   0.00    66.47
54754   55026   0.00    94.38
54780   54597   3.00    36.31
54802   55147   0.00    80.23
54802   55022   0.00    48.32
54814   55294   10.00   77.70
54845   55596   0.00    123.70
54873   55016   0.00    95.95
54879   54625   0.00    51.04
54879   55637   0.00    140.45
54881   54780   0.00    142.50
54885   55629   17.50   135.72
54896   55142   8.50    109.17
54896   55137   7.80    69.37
54920   54754   0.00    91.20
54930   55580   11.00   110.39
54935   54320   0.00    137.62
54950   54706   8.50    113.27
54987   55519   20.00   90.10
54988   54539   0.00    80.21
55009   55404   0.00    91.85
55016   55024   0.00    4.32
55016   54751   0.00    67.16
55019   55053   0.00    94.29
55022   54505   0.00    124.31
55022   55591   0.00    132.47
55026   55175   11.50   81.49
55053   54733   0.00    95.40
55062   54935   0.00    31.04
55121   55787   0.00    108.59
55123   55774   1.00    112.48
55137   55310   9.30    47.44
55147   55522   0.00    80.23
55175   55359   20.00   81.57
55185   54987   9.80    110.60
55199   55345   0.00    137.14
55269   55754   8.50    78.91
55293   54988   0.00    77.02
55294   55759   10.00   77.75
55310   55340   10.00   9.61
55321   54780   20.00   126.02
55339   55062   0.00    63.80
55340   55490   11.50   36.96
55345   55607   0.00    48.33
55350   55137   2.00    40.01
55354   55199   0.00    64.50
55354   55686   0.00    97.65
55357   55321   0.00    120.49
55357   54881   0.00    108.60
55359   55357   0.00    14.78
55370   55746   0.00    136.70
55397   55697   0.00    98.71
55401   54935   0.00    91.69
55404   55185   0.00    110.60
55471   55404   0.00    29.52
55471   55872   0.00    101.85
55490   55596   0.00    35.73
55518   55310   0.00    40.82
55519   56007   8.67    89.89
55522   55471   0.00    26.14
55547   55024   0.00    121.08
55580   56197   7.67    110.44
55591   55522   0.00    56.84
55596   55670   0.00    15.79
55607   55199   0.00    121.36
55629   56421   15.14   138.08
55637   55852   0.00    140.35
55637   56201   2.00    107.10
55662   55490   0.00    35.10
55670   55816   0.00    46.80
55686   55969   0.00    97.43
55697   55996   0.00    82.01
55728   56087   0.00    127.21
55731   55401   0.00    89.31
55732   56123   0.00    71.07
55746   56087   0.00    69.14
55754   56082   4.67    102.80
55759   55754   10.75   49.56
55771   55397   0.00    97.66
55771   55996   0.00    94.69
55774   55607   0.00    55.58
55787   55759   10.80   49.99
55797   55771   0.00    6.37
55798   55293   0.00    97.19
55816   55787   0.00    11.95
55816   55981   6.00    48.13
55834   55670   0.00    35.74
55841   55339   8.67    131.32
55852   56576   0.00    143.90
55872   56259   0.00    101.44
55912   55697   0.00    107.62
55953   55974   0.00    92.21
55969   56118   0.00    49.81
55974   55536   0.00    97.37
55981   56553   9.83    138.55
55982   55816   3.00    33.72
55996   56057   0.00    10.09
56007   56259   20.00   47.42
56057   56375   0.00    58.99
56082   56586   0.00    107.28
56087   56163   0.00    54.24
56089   55547   0.00    121.85
56118   55774   0.00    58.52
56123   56007   0.00    60.90
56123   56395   0.00    86.47
56134   56659   0.00    130.88
56134   55797   0.00    107.06
56137   55981   0.00    34.03
56151   55953   0.00    80.05
56156   56134   0.00    11.28
56156   56571   20.00   132.38
56194   56123   0.00    53.19
56197   56726   0.00    109.75
56201   55841   0.00    129.81
56259   56630   6.75    84.93
56375   56481   0.00    63.52
56375   56755   0.00    77.51
56395   56194   0.00    39.74
56406   56659   0.00    54.44
56406   55797   0.00    106.27
56409   55969   0.00    77.64
56421   57126   22.00   137.65
56446   56087   0.00    100.90
56477   55912   0.00    110.44
56502   56057   0.00    139.39
56529   56194   0.00    147.83
56538   56089   0.00    120.94
56553   56567   1.00    51.32
56553   56988   6.83    79.29
56567   56571   20.00   15.82
56571   56750   7.14    73.40
56576   56936   0.00    139.52
56586   57167   12.20   109.07
56599   56151   0.00    84.12
56599   56608   0.00    49.02
56608   55953   0.00    120.34
56610   56613   0.00    136.13
56610   56808   0.00    68.07
56613   56599   0.00    46.84
56613   56898   0.00    51.28
56630   57029   7.40    84.54
56659   57187   0.00    113.73
56659   56653   0.00    148.14
56707   56201   20.00   101.01
56726   57277   15.75   131.56
56750   57300   0.00    103.85
56750   57168   8.67    139.45
56755   57149   0.00    77.07
56763   56707   0.00    143.38
56781   57270   8.67    145.91
56808   56409   0.00    77.79
56808   56838   0.00    8.49
56811   56446   0.00    101.40
56830   56118   0.00    135.57
56832   56549   18.25   115.82
56838   56830   0.00    20.51
56898   57107   0.00    40.82
56898   56911   0.00    99.00
56911   56838   0.00    99.01
56920   56232   0.00    128.20
56936   56726   0.00    135.26
56951   56567   11.50   69.84
56973   57180   0.00    135.52
56988   57175   0.00    47.14
57029   56538   0.00    121.38
57029   57261   14.33   60.21
57032   56973   0.00    134.50
57075   57451   0.00    96.03
57085   56599   0.00    89.28
57085   57107   0.00    50.62
57101   57187   0.00    77.47
57101   56890   0.00    43.34
57107   57147   0.00    125.80
57126   57387   0.00    126.73
57126   57709   16.00   103.91
57145   57175   0.00    52.60
57145   56988   35.00   40.39
57147   56830   0.00    129.00
57149   56502   0.00    142.31
57149   57101   0.00    45.92
57167   57350   5.82    35.74
57168   57328   3.00    52.79
57174   56608   0.00    108.64
57174   57085   0.00    43.10
57175   57300   12.14   101.78
57180   57710   0.00    139.35
57185   57032   0.00    135.44
57187   57496   0.00    61.61
57192   57417   10.00   78.60
57194   57145   5.13    31.37
57194   56496   11.00   133.70
57236   57628   0.00    89.56
57251   56832   0.00    117.98
57261   57614   10.88   81.02
57263   56707   13.20   151.45
57270   57417   20.00   36.91
57270   57792   10.88   145.40
57277   57862   8.67    130.95
57281   57194   10.60   40.70
57289   57281   14.33   5.50
57289   57167   20.00   32.92
57300   57402   3.00    65.18
57328   57496   1.00    55.16
57350   57289   1.00    27.25
57375   57350   3.00    11.25
57382   56724   0.00    126.44
57387   57862   0.00    127.37
57391   56763   0.00    145.59
57402   57168   0.00    75.48
57402   57629   10.00   50.37
57417   57744   0.00    59.39
57417   57935   8.31    142.53
57449   57596   0.00    76.88
57451   57844   0.00    73.93
57451   57261   0.00    61.25
57453   57999   8.67    105.09
57460   57375   14.33   42.36
57496   57695   20.00   52.62
57512   57453   11.50   24.58
57512   57194   15.75   63.60
57577   57610   20.00   5.33
57596   56920   0.00    128.19
57610   57460   13.67   51.77
57610   57964   3.00    64.82
57614   57251   12.75   116.89
57614   57792   2.00    29.75
57626   57281   0.00    64.39
57626   57512   10.00   42.15
57628   57963   0.00    62.27
57628   57451   0.00    44.59
57629   57328   7.25    84.02
57629   57675   0.00    7.20
57672   57174   0.00    149.12
57672   57449   0.00    79.50
57675   57829   0.00    26.67
57695   58182   7.80    122.65
57695   57936   0.00    57.79
57709   58362   10.44   103.80
57710   58418   0.00    141.04
57741   57375   0.00    62.90
57741   57626   11.50   43.81
57744   58245   13.08   139.49
57747   57675   0.00    109.36
57792   57935   8.29    31.52
57803   57263   9.06    149.94
57829   57894   10.00   15.33
57829   57911   7.86    119.92
57855   57460   0.00    64.33
57855   57741   3.00    41.10
57862   58298   9.81    89.95
57894   58106   6.00    41.82
57894   57496   1.00    104.56
57908   58546   0.00    109.64
57908   57672   0.00    116.45
57926   57596   0.00    50.66
57926   57908   0.00    8.73
57935   58245   13.20   56.84
57959   58011   0.00    103.03
57962   58008   15.00   109.24
57964   58008   0.00    7.82
57964   57855   3.60    38.71
57994   57926   0.00    106.47
57999   58260   5.60    95.36
57999   58265   0.00    51.06
58008   58498   8.78    96.09
58011   58060   0.00    103.05
58060   58337   10.00   104.18
58060   57994   0.00    106.47
58068   57335   0.00    120.48
58106   58182   0.00    11.36
58182   58412   14.33   45.07
58219   58106   20.00   96.33
58227   58015   0.00    63.99
58245   58548   12.35   61.76
58260   58498   8.67    95.37
58265   58507   0.00    96.40
58265   58219   0.00    96.73
58280   58306   3.00    100.80
58298   58638   11.28   75.45
58298   58661   9.44    147.91
58306   57959   0.00    106.45
58337   58280   0.00    100.81
58354   57803   13.63   149.82
58362   59016   13.91   103.68
58375   57962   15.00   111.45
58412   58744   20.00   61.29
58412   58227   8.50    55.43
58418   59379   0.00    145.50
58441   58227   0.00    45.74
58498   58769   12.80   49.51
58507   58769   11.00   96.37
58528   58412   3.00    105.77
58532   58779   0.00    49.84
58546   59207   0.00    109.56
58638   59016   13.25   75.45
58661   58354   16.00   147.44
58743   58921   11.50   49.16
58744   58866   14.33   21.24
58744   58854   3.00    134.46
58769   58934   4.30    30.93
58779   58548   0.00    58.08
58779   59430   0.00    111.26
58780   58516   11.50   96.96
58866   58955   0.00    18.75
58878   58068   0.00    120.84
58909   58306   6.75    110.01
58921   58375   14.33   113.66
58921   59229   7.92    90.94
58934   59592   10.05   101.58
58934   59034   15.00   21.23
58965   58528   6.33    133.07
58967   59436   7.25    68.09
58992   59207   0.00    116.01
59016   59673   10.68   134.09
59034   59321   3.00    49.47
59034   58780   3.00    97.07
59139   59109   3.25    98.75
59139   59350   0.00    40.38
59159   58482   3.00    130.74
59207   59656   0.00    83.02
59229   59458   2.00    90.50
59281   59131   0.00    57.61
59281   59605   0.00    51.82
59309   58997   11.50   110.86
59321   58965   8.00    132.08
59321   59597   4.67    51.82
59350   59385   0.00    7.64
59358   59486   0.00    81.92
59360   59443   0.00    19.35
59375   59159   3.00    48.77
59375   58828   8.67    104.06
59379   60292   0.00    145.11
59403   59592   0.00    97.15
59436   59634   10.67   34.10
59436   59525   0.00    20.91
59469   59159   0.00    51.02
59525   59403   0.00    97.48
59567   59128   3.00    82.39
59567   59375   11.50   50.55
59592   60288   9.50    106.83
59597   59309   11.50   110.86
59597   59849   3.00    50.80
59599   59350   0.00    101.32
59604   58878   0.00    119.80
59604   59358   0.00    82.10
59605   59894   0.00    118.88
59606   60258   0.00    133.78
59634   59525   0.00    26.37
59634   60199   9.00    88.13
59636   59604   0.00    10.71
59642   59281   0.00    130.62
59656   60164   3.00    84.22
59665   59385   0.00    47.75
59672   59785   0.00    49.95
59673   60365   13.63   135.22
59732   59665   0.00    27.40
59764   59468   0.00    61.03
59764   59567   0.00    51.00
59785   59605   0.00    123.00
59785   59929   0.00    27.49
59811   60242   9.00    110.39
59849   60131   10.29   50.94
59849   59599   3.00    101.33
59864   60228   9.57    85.64
59864   59811   3.00    76.33
59894   60407   0.00    121.10
59914   59732   8.00    78.84
59929   60210   0.00    48.57
59936   59764   2.00    48.94
59936   59705   0.00    49.01
59950   59636   0.00    80.32
59975   59636   0.00    90.71
59979   59469   0.00    136.54
59982   59929   0.00    76.08
59996   59950   0.00    78.01
60007   60079   0.00    13.71
60007   59732   2.33    48.33
60040   59982   0.00    76.08
60080   60374   10.69   59.63
60120   60057   0.00    14.13
60120   59892   0.00    53.32
60131   60409   9.25    51.13
60131   59914   7.43    78.84
60148   59936   7.67    51.01
60148   59891   0.00    47.59
60164   60650   0.00    103.32
60169   59642   0.00    132.66
60169   60407   0.00    51.87
60199   60771   10.80   88.14
60224   60439   0.00    35.44
60228   60563   0.00    85.52
60241   59956   0.00    74.97
60242   60697   7.40    110.79
60258   59833   20.00   77.95
60268   59864   5.20    102.87
60288   60543   11.00   99.83
60292   61152   0.00    144.74
60306   60210   0.00    108.08
60365   61082   11.50   136.31
60374   60148   7.25    54.42
60374   60447   2.00    21.01
60388   60306   0.00    108.07
60394   60169   0.00    54.31
60394   60120   0.00    53.90
60407   60394   0.00    107.41
60407   60594   0.00    43.06
60409   60007   2.20    146.54
60409   60818   8.87    80.11
60431   60164   0.00    89.66
60439   60714   0.00    44.80
60447   61230   8.67    129.53
60447   60542   20.00   35.92
60526   60241   0.00    75.08
60526   60258   1.00    49.01
60542   60572   0.00    14.44
60542   59979   7.29    136.49
60543   60860   0.00    54.85
60543   60687   3.00    86.56
60559   59975   2.00    93.89
60559   61283   0.00    119.58
60563   60935   15.00   61.31
60563   60838   20.00   68.70
60569   60374   1.00    48.38
60572   60697   3.00    50.49
60572   61202   3.00    104.32
60580   60439   0.00    65.39
60594   60765   0.00    50.25
60594   60388   0.00    108.72
60618   60512   0.00    145.18
60621   60875   0.00    41.87
60621   60526   0.00    18.17
60631   60431   3.00    89.02
60641   60714   0.00    31.85
60650   61160   3.00    103.90
60661   60802   6.40    30.41
60697   60829   6.50    52.79
60697   61232   2.60    89.49
60714   60762   0.00    8.75
60738   60875   5.50    83.32
60757   60631   0.00    54.00
60762   61029   0.00    47.93
60762   61032   14.25   137.14
60764   60268   5.20    139.85
60764   60621   3.00    31.16
60764   60782   10.00   117.68
60765   61026   0.00    48.76
60765   60618   0.00    145.30
60771   61337   2.33    92.25
60782   60268   8.57    118.06
60802   61266   9.13    78.78
60802   60569   3.00    66.75
60818   60869   0.00    12.23
60829   61307   11.50   79.06
60829   60838   0.00    6.49
60838   60935   0.00    47.99
60846   60917   11.00   81.71
60860   60987   0.00    33.60
60860   61027   0.00    28.60
60875   60764   0.00    37.82
60911   60816   0.00    142.40
60917   60771   20.00   81.42
60935   61373   8.67    68.60
60987   61027   9.50    25.88
61007   61029   0.00    45.64
61007   61469   0.00    79.25
61026   61321   0.00    49.40
61026   60911   0.00    142.49
61027   61370   20.00   57.70
61029   61563   6.64    90.82
61032   61739   16.63   142.84
61034   61517   0.00    77.94
61082   61711   10.62   114.54
61125   61176   0.00    104.85
61129   61044   7.06    26.04
61152   61989   0.00    144.23
61154   60875   0.00    48.19
61154   61002   3.00    87.37
61160   61792   9.74    106.05
61173   61129   5.40    19.91
61176   61321   0.00    105.10
61266   61602   6.25    115.49
61266   61183   6.00    95.05
61271   60757   0.00    102.02
61281   61385   0.00    15.68
61283   62039   0.00    119.58
61296   61266   0.00    33.84
61296   61514   6.56    36.93
61314   61296   10.00   19.81
61314   60569   4.29    121.84
61321   61538   0.00    42.21
61337   61920   4.17    127.68
61337   61601   5.50    103.39
61359   60757   0.00    109.92
61370   61173   8.32    68.10
61371   60987   11.00   104.57
61372   61612   7.86    75.16
61372   61314   5.67    65.16
61385   61513   0.00    23.65
61391   61372   1.00    40.27
61409   61391   26.50   41.68
61415   61082   0.00    97.94
61424   61591   10.80   82.88
61424   61154   0.00    46.46
61424   61301   4.67    84.68
61429   61513   0.00    26.83
61436   61409   0.00    43.27
61450   61385   0.00    30.38
61451   61538   0.00    133.05
61469   62056   0.00    123.32
61469   61563   3.00    37.04
61479   61436   11.00   43.94
61513   61955   0.00    84.56
61514   62095   9.73    103.33
61517   61479   5.93    53.48
61538   61977   0.00    84.09
61563   62056   3.00    84.06
61599   61517   0.00    101.21
61601   61371   1.00    103.48
61602   61908   6.67    115.42
61605   61908   11.50   54.66
61605   61370   2.33    59.51
61658   61973   0.00    75.75
61688   61391   0.00    45.50
61709   61802   0.00    86.55
61711   62222   11.50   113.18
61737   61409   3.00    47.79
61739   61803   6.75    86.78
61739   61792   4.67    12.83
61757   61869   6.50    72.63
61757   61607   3.00    86.50
61757   61424   3.00    49.49
61765   61436   9.00    47.09
61784   61599   0.00    101.90
61787   61479   5.50    46.95
61792   62339   12.20   136.70
61802   61359   0.00    106.96
61802   61271   0.00    101.66
61803   61897   5.33    86.90
61867   61514   11.00   130.33
61869   62127   0.00    65.78
61897   62726   14.23   130.77
61908   62185   10.50   47.77
61955   62266   0.00    86.79
61969   62162   0.00    41.93
61973   62291   0.00    74.84
61989   62852   0.00    142.72
62013   61891   0.00    87.31
62013   61757   0.00    47.33
62017   62809   0.00    112.91
62017   62388   20.00   127.71
62039   62292   7.67    49.23
62039   62607   2.00    107.63
62056   62393   4.92    52.20
62084   62392   20.00   42.68
62093   61955   0.00    31.31
62095   62473   3.00    129.41
62095   62354   3.00    37.47
62099   61605   6.77    117.57
62121   62255   0.00    85.39
62122   62013   0.00    54.96
62127   61784   0.00    103.55
62162   62093   0.00    12.26
62185   61867   10.33   130.32
62185   62453   0.00    39.62
62199   62095   0.00    108.97
62209   62585   0.00    93.40
62222   62655   7.25    75.69
62255   62586   10.29   73.91
62255   62506   0.00    38.65
62266   62725   0.00    87.50
62291   61977   0.00    53.92
62339   62359   0.00    7.00
62344   62017   0.00    75.13
62345   62196   8.21    77.81
62345   62013   0.00    48.89
62354   62659   0.00    112.72
62354   62597   9.40    41.78
62367   62428   9.80    43.74
62368   62162   0.00    35.83
62368   62725   11.69   74.13
62370   62393   6.50    9.21
62370   62637   10.00   80.14
62388   63307   20.00   131.59
62392   62964   24.71   84.35
62393   63311   6.06    143.73
62419   62093   0.00    62.73
62428   62476   8.00    41.66
62459   62637   0.00    115.13
62467   62127   0.00    81.62
62473   62835   11.50   129.46
62476   62528   8.67    39.67
62482   62222   0.00    109.37
62506   62367   4.33    128.65
62528   62597   20.00   75.02
62545   62952   0.00    78.97
62585   62291   0.00    52.32
62586   62121   10.00   85.97
62586   62845   0.00    50.92
62597   63065   8.33    69.34
62597   62983   4.67    124.46
62607   62681   11.00   102.31
62624   62367   0.00    40.90
62637   63418   3.00    118.44
62638   62817   0.00    67.40
62655   63075   13.20   61.64
62655   62344   0.00    75.10
62659   63003   0.00    112.72
62662   62099   7.36    117.56
62667   62428   10.20   38.36
62681   62345   2.60    50.53
62725   62952   6.40    42.18
62726   63639   8.13    131.29
62736   63075   0.00    74.40
62737   62585   0.00    55.93
62746   62476   0.00    40.40
62809   63582   0.00    112.92
62810   62528   10.00   40.52
62815   63799   25.20   154.54
62815   62467   36.63   81.91
62815   62681   0.00    19.27
62817   62339   0.00    127.54
62827   62688   6.33    82.50
62852   63722   0.00    143.46
62910   63423   0.00    102.31
62915   62936   4.17    129.69
62936   63401   12.50   71.09
62936   63262   0.00    65.89
62952   63252   0.00    53.68
62964   63688   8.10    107.81
62964   62827   10.77   82.56
62983   63454   4.57    126.22
63022   63265   0.00    34.87
63042   62392   8.50    122.77
63065   62915   6.55    129.56
63075   63746   14.20   104.16
63133   63262   8.27    63.16
63133   62506   5.75    112.64
63228   63798   10.73   141.93
63242   62662   6.15    117.40
63244   63583   0.00    135.50
63252   63762   11.50   73.69
63262   63401   0.00    51.36
63265   63612   0.00    50.18
63265   63252   0.00    48.32
63275   63065   2.50    93.73
63275   63756   10.00   76.44
63307   64210   0.00    131.58
63311   64160   6.56    127.89
63316   62817   0.00    84.97
63338   63244   0.00    134.25
63361   62655   0.00    124.28
63401   63956   6.68    76.70
63401   63225   7.20    82.16
63418   64164   3.00    117.96
63423   63850   0.00    101.04
63491   63316   0.00    80.90
63521   63275   5.84    78.94
63552   63316   0.00    69.63
63552   63611   0.00    7.05
63582   64363   6.40    112.92
63583   64048   0.00    136.33
63586   63611   11.63   95.03
63591   63133   8.50    147.45
63611   63711   0.00    15.07
63618   63756   25.80   78.31
63639   64282   5.90    104.44
63688   64184   5.33    73.96
63688   63509   11.17   109.22
63703   63618   14.22   78.04
63703   64506   8.76    128.01
63711   63831   0.00    116.02
63711   63843   0.00    19.52
63722   64718   0.00    145.55
63736   63956   3.00    57.48
63746   64363   14.60   103.36
63756   64272   13.67   129.54
63762   64513   7.58    116.72
63798   64537   6.89    144.36
63799   63591   10.00   147.47
63850   63639   0.00    38.40
63857   63521   3.00    79.74
63857   64272   3.00    89.55
63858   63703   5.86    75.96
63929   64316   0.00    87.04
63930   63929   8.67    105.61
63934   63931   0.00    95.84
63946   63242   4.33    119.79
63956   64688   7.25    108.70
63956   63858   9.00    75.62
64018   63228   8.20    148.50
64048   64523   0.00    137.03
64114   63338   0.00    141.27
64118   63311   7.56    128.58
64132   63946   15.00   66.46
64132   64824   0.00    111.68
64160   64987   4.46    126.64
64164   64769   3.00    115.90
64173   63361   0.00    126.46
64184   64533   7.00    54.74
64184   64465   10.88   59.80
64210   65070   16.14   130.55
64243   64234   0.00    97.17
64272   65199   11.17   146.33
64282   64965   10.03   104.54
64315   64132   0.00    61.31
64316   64924   0.00    89.61
64358   64688   10.00   86.17
64363   64509   21.25   27.35
64401   64315   10.75   29.91
64428   63762   0.00    139.33
64465   64968   7.17    90.68
64505   64510   0.00    98.49
64506   65362   7.45    128.16
64509   64173   0.00    119.88
64509   65070   11.29   106.23
64513   65145   5.14    114.75
64523   64878   0.00    135.63
64533   64465   10.75   54.93
64533   65112   14.60   83.58
64537   65322   10.00   144.31
64574   63857   5.23    123.42
64584   64602   0.00    117.68
64624   63946   7.06    111.93
64641   63850   0.00    117.51
64688   65617   5.83    133.70
64719   65418   11.88   100.88
64720   64682   0.00    120.13
64769   65117   3.00    113.78
64787   65126   15.00   80.70
64787   64018   10.30   148.53
64824   65513   11.00   111.68
64878   65223   0.00    135.34
64919   65363   20.00   131.95
64949   64118   8.67    128.77
64949   64987   8.05    70.18
64965   65347   13.59   59.42
64968   65436   10.80   90.82
64987   64965   6.64    62.90
64989   64114   0.00    142.62
65028   64315   2.50    111.45
65070   65145   0.00    17.64
65090   64718   0.00    134.60
65090   64355   0.00    109.02
65112   65418   10.36   140.50
65112   65589   8.20    91.01
65126   65493   3.00    81.11
65145   65289   11.00   61.10
65198   65117   8.67    72.36
65199   66074   11.73   146.51
65211   65421   0.00    140.66
65211   65198   0.00    15.79
65223   65636   0.00    136.32
65229   64574   5.27    121.61
65289   65303   11.50   10.62
65303   65386   7.85    61.71
65319   64624   9.51    111.93
65322   65493   11.50   34.49
65322   65791   20.00   107.72
65335   64787   6.50    101.89
65347   65421   10.70   11.90
65347   65211   0.00    140.61
65362   65617   14.10   140.23
65362   66080   9.10    112.96
65363   65362   20.00   44.60
65386   65574   12.00   95.90
65402   65386   14.71   37.82
65418   65873   5.88    124.73
65421   65508   12.80   84.02
65430   65347   13.14   82.15
65430   64641   0.00    117.54
65430   65508   11.50   10.74
65433   65402   18.13   22.98
65436   66363   20.00   140.53
65436   65791   6.75    66.29
65464   65433   0.00    11.12
65493   66190   5.75    138.54
65508   65613   4.83    98.86
65510   65103   3.00    108.41
65513   66178   8.67    111.68
65523   65430   9.25    106.99
65574   65679   0.00    15.21
65574   65523   10.83   106.94
65589   66035   7.14    91.01
65613   66141   0.00    81.76
65613   65657   10.00   56.40
65617   66090   11.59   72.62
65636   66372   0.00    140.65
65657   65679   0.00    65.59
65657   66361   0.00    111.23
65679   65402   15.58   131.36
65679   66443   0.00    118.91
65706   65028   5.50    111.45
65769   66179   11.50   111.83
65769   66250   12.43   78.66
65771   65090   0.00    103.59
65791   66313   10.50   105.11
65817   64919   0.00    136.82
65817   65363   6.73    148.94
65826   65335   12.38   100.95
65848   65229   6.78    121.48
65848   66415   4.75    146.93
65873   66538   11.64   114.27
65957   65817   13.29   106.18
65970   65198   11.50   138.56
65980   65464   12.71   122.46
65988   66402   5.00    79.35
65991   65319   3.14    111.93
65991   66178   8.50    64.33
66003   66367   0.00    136.62
66035   66363   10.57   60.08
66045   66003   0.00    139.28
66074   65957   8.71    106.01
66074   66415   6.67    56.12
66080   66836   4.14    113.02
66082   65769   7.67    149.56
66082   65510   0.00    111.35
66090   66418   8.67    88.91
66090   66508   0.00    58.01
66133   66309   14.17   110.23
66141   66005   0.00    65.43
66178   66384   8.25    65.81
66190   66909   5.42    138.54
66250   66747   2.00    78.30
66309   66968   0.00    106.48
66313   66869   8.33    105.11
66330   65991   3.52    55.33
66330   65826   11.47   101.47
66359   65873   8.60    93.61
66361   66141   0.00    83.47
66363   66898   6.50    100.38
66367   66470   0.00    43.62
66367   65937   0.00    65.68
66372   66880   0.00    137.67
66384   66462   0.00    23.01
66384   65706   14.33   111.45
66402   66822   17.67   79.48
66415   66679   0.00    40.98
66418   66836   5.17    149.90
66443   66361   0.00    68.07
66463   65817   7.80    99.92
66470   65771   0.00    104.12
66495   65980   11.50   88.40
66497   66133   9.17    78.10
66508   66714   3.00    29.40
66508   66607   2.67    25.57
66513   65848   5.10    123.52
66538   67108   10.76   126.42
66595   66495   9.80    18.59
66607   66082   9.20    126.62
66679   66892   13.50   105.06
66679   67599   12.10   147.96
66710   65980   20.00   110.30
66714   66607   9.80    23.56
66714   67273   5.77    83.45
66747   66930   0.00    83.24
66747   67205   2.88    76.79
66783   66877   0.00    141.70
66789   66513   3.00    130.09
66817   67065   0.00    37.68
66822   66958   9.00    26.67
66829   66591   0.00    87.13
66829   66497   3.00    78.46
66836   66977   7.14    87.63
66836   67457   6.46    92.48
66841   66443   0.00    108.26
66855   67072   0.00    49.75
66855   66359   7.85    93.52
66869   67418   7.07    105.11
66877   66309   0.00    108.58
66880   66045   0.00    143.28
66880   67643   0.00    110.10
66892   67216   10.47   104.90
66892   67838   12.92   143.24
66898   67429   7.89    100.10
66900   66829   0.00    42.67
66909   67168   7.50    89.95
66928   66538   9.29    78.70
66930   66677   15.00   45.95
66958   66035   0.00    136.42
66958   67709   9.75    140.82
66968   67335   5.50    58.70
66968   66877   0.00    14.01
66977   67113   9.20    87.66
67050   67950   11.50   128.20
67065   67615   0.00    86.99
67065   67385   0.00    48.02
67076   67197   1.00    43.81
67076   66330   5.60    118.49
67084   67306   0.00    143.32
67086   66855   4.63    44.68
67086   67413   7.80    68.23
67108   67990   7.58    131.22
67113   66463   6.89    100.04
67113   67216   11.50   17.94
67145   67413   24.33   48.10
67152   67309   20.00   75.35
67168   67076   0.00    15.22
67177   67385   0.00    62.87
67177   66470   0.00    108.15
67205   68143   4.82    149.95
67205   66563   3.60    115.90
67216   67775   7.88    90.25
67238   66595   9.95    117.20
67251   67423   10.67   81.80
67251   66513   7.07    114.89
67273   67841   8.14    83.39
67306   66783   0.00    144.15
67309   67532   0.00    59.76
67331   67615   0.00    114.85
67331   66960   0.00    62.21
67335   67693   0.00    51.69
67340   66822   0.00    111.93
67340   67086   0.00    48.75
67343   66928   7.50    78.75
67363   67516   0.00    48.98
67363   67168   8.20    29.96
67385   67876   0.00    84.35
67407   67335   0.00    28.27
67410   66418   13.63   144.98
67413   67801   0.00    56.88
67418   66909   10.63   109.97
67418   68223   10.45   148.26
67423   67599   9.43    81.80
67429   67963   5.70    100.10
67457   68082   6.00    92.50
67482   67921   6.50    65.62
67515   68130   20.00   91.52
67515   67084   14.33   145.80
67532   68134   0.00    106.16
67571   66829   0.00    105.90
67599   67838   8.58    116.76
67599   68542   6.07    142.40
67607   67340   9.00    49.54
67607   68069   9.86    98.13
67615   67876   0.00    99.08
67643   68326   0.00    108.89
67656   67661   0.00    31.81
67661   67677   1.00    67.66
67668   66930   10.00   115.53
67671   67251   9.08    61.92
67677   67679   1.00    16.55
67677   68596   11.00   148.79
67679   67671   3.00    71.13
67679   66789   2.33    134.71
67691   68441   0.00    120.38
67693   67798   0.00    66.32
67693   68024   0.00    48.16
67709   68455   11.20   140.78
67753   67532   0.00    119.20
67762   66900   0.00    123.81
67775   68413   11.50   94.21
67780   68450   1.67    104.72
67798   67588   0.00    32.30
67801   67822   0.00    4.44
67801   68485   10.38   97.67
67822   68069   3.50    46.08
67822   67340   11.20   101.49
67838   68099   3.00    35.21
67840   67309   0.00    87.96
67841   68694   5.91    120.86
67843   68523   8.91    97.33
67843   67509   3.00    51.12
67843   67801   3.00    50.38
67850   67607   10.33   48.36
67850   68328   2.00    98.67
67876   68616   0.00    111.88
67892   67578   14.80   47.47
67892   67843   3.00    46.00
67895   67892   20.00   3.87
67895   68425   10.56   74.42
67896   67177   3.00    113.77
67896   67876   0.00    59.67
67904   67656   0.00    75.63
67916   68343   0.00    62.10
67921   67895   19.00   41.53
67923   67921   10.00   6.09
67923   68462   9.20    76.04
67934   67656   0.00    45.68
67950   67923   1.00    41.09
67957   67950   20.00   8.32
67957   68472   7.50    75.53
67963   68483   13.20   101.16
67963   67418   8.20    115.63
67990   67957   6.98    62.59
68007   67238   6.74    118.95
68007   67990   9.23    22.31
68024   68291   0.00    44.93
68024   68173   0.00    69.49
68031   68338   8.25    53.51
68047   68109   7.50    22.77
68047   67363   10.50   105.30
68069   68328   14.33   50.61
68082   68409   20.00   49.92
68099   68827   17.70   112.46
68099   68413   13.36   149.72
68109   68264   10.00   60.85
68109   68897   5.17    126.97
68126   67753   0.00    83.02
68130   69014   20.00   131.56
68136   68568   8.80    99.62
68136   67850   6.00    50.31
68143   69062   13.50   148.54
68170   67809   0.00    51.37
68170   69115   0.00    146.58
68173   67798   0.00    52.13
68204   68572   0.00    77.41
68218   67571   0.00    103.88
68220   68007   6.67    29.83
68222   68381   7.25    77.27
68223   68047   6.30    26.42
68243   67671   6.15    102.14
68254   68082   7.14    82.71
68264   68414   9.83    68.26
68264   69054   6.50    123.26
68291   68642   0.00    54.96
68291   68445   0.00    58.23
68291   68130   0.00    69.55
68311   67896   0.00    59.75
68326   69052   0.00    109.53
68328   68487   0.00    31.33
68338   67841   0.00    109.28
68343   68743   0.00    57.57
68343   68598   0.00    70.04
68353   68126   0.00    49.76
68371   67753   0.00    91.95
68379   68833   7.83    100.35
68379   68136   3.00    46.60
68381   68695   0.00    48.21
68381   68470   0.00    49.77
68409   68942   11.30   80.22
68409   67775   3.00    124.36
68413   69309   3.00    130.93
68414   68517   3.00    63.14
68414   67904   10.00   78.18
68414   69199   4.67    120.67
68421   68254   8.67    82.77
68421   68338   3.00    19.67
68437   68987   8.67    91.30
68441   68248   11.00   93.54
68441   68764   0.00    69.21
68445   68173   0.00    76.23
68450   68143   3.25    101.49
68455   69158   1.67    129.05
68455   67963   20.50   109.61
68468   68612   0.00    76.32
68470   69324   0.00    123.27
68470   68542   0.00    49.06
68483   69037   6.56    101.16
68487   68568   10.50   15.08
68517   67661   7.25    136.54
68517   68596   8.67    58.64
68542   68575   0.00    4.84
68546   67624   0.00    145.22
68568   68833   12.71   49.11
68575   69420   6.50    125.81
68575   68827   0.00    47.26
68576   69175   0.00    100.45
68588   68220   0.00    89.33
68596   68639   8.19    14.71
68598   68825   0.00    104.24
68612   68720   0.00    34.65
68616   69610   0.00    149.11
68616   68726   0.00    101.82
68625   68379   2.20    49.96
68639   68243   4.20    99.99
68642   69005   0.00    50.74
68642   68969   10.50   137.02
68644   69095   0.00    65.04
68644   68695   0.00    52.81
68651   68781   0.00    19.38
68661   68487   0.00    36.27
68694   69344   7.14    92.28
68695   69210   1.00    75.48
68698   68311   20.00   55.79
68698   69287   14.00   138.97
68720   68743   0.00    9.02
68726   69175   0.00    103.36
68732   68220   15.00   81.67
68739   68546   0.00    42.20
68739   68311   8.00    134.79
68743   68883   0.00    32.39
68764   69419   0.00    96.49
68764   68657   0.00    61.39
68769   68353   0.00    65.36
68771   68353   0.00    90.24
68773   69222   0.00    63.83
68781   68218   0.00    103.29
68781   69461   0.00    99.68
68795   69164   0.00    57.74
68795   68588   0.00    34.58
68818   69126   0.00    41.83
68825   69052   0.00    102.91
68827   68874   4.40    11.20
68833   69117   3.00    52.86
68833   69088   11.17   48.41
68842   69237   0.00    102.93
68860   68126   0.00    118.92
68865   69314   1.67    61.66
68868   68842   0.00    19.86
68874   69684   20.00   120.48
68874   69092   3.00    52.95
68883   68598   0.00    52.66
68883   69546   0.00    124.33
68897   69715   15.00   127.10
68921   69402   1.00    69.17
68924   68371   0.00    90.89
68942   69483   0.00    80.22
68960   69410   9.17    79.91
68969   69320   0.00    51.36
68969   69115   0.00    68.80
68971   68625   6.75    61.13
68971   68455   8.41    111.39
68987   68858   7.67    19.59
69005   69320   11.50   131.08
69005   69352   0.00    50.78
69014   69697   9.45    128.41
69018   68694   0.00    77.49
69037   68223   12.74   127.50
69048   69098   0.00    28.43
69048   68774   0.00    41.42
69054   69812   20.00   123.26
69062   69960   18.67   148.92
69081   68698   0.00    64.08
69081   69287   15.75   124.15
69088   68971   8.33    121.05
69088   68625   15.00   97.56
69092   69309   5.50    92.07
69095   69445   0.00    53.23
69095   69210   0.00    50.37
69098   69164   0.00    32.55
69098   68588   0.00    83.19
69100   68987   0.00    17.30
69100   69264   3.00    78.79
69102   68732   0.00    79.13
69115   69571   0.00    74.44
69117   69481   10.00   56.05
69117   69581   3.00    92.65
69126   69525   0.00    58.10
69144   68421   14.60   106.90
69151   68868   28.00   138.06
69151   68771   0.00    89.53
69158   69801   9.78    129.05
69164   69635   0.00    105.63
69175   69615   0.00    66.83
69175   69126   0.00    61.68
69199   69917   5.40    120.67
69210   69324   0.00    49.85
69210   69685   0.00    75.25
69218   68612   0.00    83.52
69222   69805   10.00   91.23
69222   69314   0.00    58.92
69237   68795   0.00    84.60
69238   68971   6.50    49.51
69259   68720   0.00    77.15
69264   69462   7.25    79.06
69269   69048   0.00    35.65
69269   69102   0.00    87.72
69287   69737   0.00    74.42
69289   68639   4.50    100.12
69305   68546   0.00    117.39
69309   69600   3.00    81.03
69310   68517   3.00    119.16
69314   69402   0.00    58.88
69314   70234   20.00   147.05
69316   69325   0.00    62.82
69320   69571   0.00    121.36
69320   69613   0.00    48.33
69324   70017   3.00    116.00
69324   69420   0.00    50.55
69325   68868   0.00    60.73
69328   69316   0.00    23.78
69344   69925   3.00    92.29
69352   69632   0.00    53.58
69352   69613   0.00    125.73
69391   69238   2.00    35.57
69402   69867   0.00    73.70
69402   69462   0.00    45.81
69410   69100   1.00    50.35
69419   69897   3.00    76.64
69419   69525   0.00    73.14
69420   69574   0.00    23.72
69445   69685   0.00    43.06
69445   69673   1.00    111.04
69448   68739   11.50   106.01
69457   69655   1.00    94.56
69457   69092   20.00   54.67
69461   70088   0.00    100.30
69462   69767   1.00    58.17
69481   69817   5.50    75.01
69481   69978   1.00    85.04
69483   69568   0.00    14.00
69483   69634   2.50    75.05
69486   69238   10.00   47.38
69510   69102   8.67    79.81
69525   69940   0.00    67.72
69546   69738   0.00    120.50
69557   69081   2.33    71.31
69568   69844   7.67    48.60
69568   69600   0.00    35.10
69571   69939   0.00    59.94
69574   69684   0.00    51.11
69574   70385   0.00    134.55
69592   69972   5.50    74.63
69593   69316   0.00    42.35
69596   69151   0.00    72.07
69596   70125   0.00    139.39
69600   69815   3.00    37.75
69610   69557   0.00    65.04
69613   69939   0.00    149.40
69613   69921   0.00    52.56
69615   69610   0.00    90.65
69615   70009   0.00    63.43
69625   69598   0.00    19.53
69630   70134   6.00    91.71
69632   69921   10.00   142.08
69632   69932   0.00    68.38
69634   69763   8.00    75.03
69635   70066   50.00   108.23
69655   69815   20.00   94.49
69671   69486   1.00    43.71
69673   70276   3.00    113.47
69684   69774   6.63    52.36
69684   70144   1.00    78.17
69685   70017   0.00    66.62
69697   70498   3.00    131.48
69702   70206   0.00    93.46
69703   69486   11.50   43.57
69715   70507   2.57    127.86
69737   70143   0.00    82.16
69737   69625   0.00    66.38
69738   69052   0.00    106.72
69749   69289   0.00    99.63
69763   69144   6.06    106.17
69763   70140   1.00    85.78
69767   69907   0.00    29.41
69767   70305   0.00    97.95
69774   69954   28.20   96.45
69774   69457   11.17   52.34
69801   69037   7.94    125.39
69805   70380   0.00    91.33
69812   70600   5.75    123.76
69814   69738   0.00    15.26
69814   69448   0.00    101.46
69815   69844   0.00    4.55
69844   70114   3.00    43.67
69867   70074   0.00    34.04
69897   69940   0.00    96.32
69897   70311   0.00    65.91
69907   69867   0.00    14.10
69907   70074   3.00    32.62
69911   69703   10.33   46.40
69917   70687   11.00   121.14
69921   70121   20.00   85.77
69925   70169   7.45    37.83
69932   70176   50.00   116.21
69932   70321   0.00    67.13
69939   70088   0.00    22.62
69940   70375   0.00    67.54
69949   69557   3.00    62.14
69954   70142   3.00    96.44
69960   69925   2.33    20.93
69960   70169   3.00    41.16
69972   69410   6.00    98.62
69978   70508   14.33   84.88
69979   69949   0.00    76.68
69989   69289   8.86    120.18
69993   69510   0.00    82.24
69993   70625   9.11    106.98
69995   69310   20.00   119.06
69997   70064   0.00    144.22
69998   69325   0.00    106.92
70002   70408   3.00    61.09
70008   69703   0.00    76.67
70008   70595   20.00   94.13
70009   70376   0.00    56.66
70009   69979   0.00    76.67
70017   70385   0.00    67.18
70064   70622   0.00    147.41
70066   70282   0.00    104.66
70074   70234   0.00    63.28
70088   70293   1.00    33.25
70093   69774   0.00    52.79
70093   70274   9.11    96.81
70114   70142   0.00    5.27
70114   70587   3.00    93.73
70121   70293   0.00    85.73
70125   71017   9.92    145.01
70126   69625   12.51   84.42
70126   70143   3.00    88.75
70131   69911   1.00    46.97
70134   70543   20.00   89.81
70139   69911   11.00   46.89
70140   70169   3.00    81.85
70142   70489   5.00    53.12
70143   69814   20.00   90.51
70144   70651   7.67    78.17
70169   70660   5.57    71.87
70176   70452   1.00    116.34
70206   70305   9.00    55.73
70206   70543   11.50   53.96
70207   70318   0.00    97.74
70234   70380   0.00    69.93
70274   70489   7.00    96.84
70276   71122   10.62   138.09
70276   70065   0.00    63.14
70282   70511   0.00    104.53
70293   70708   0.00    60.67
70302   70139   1.00    39.21
70305   70614   10.36   129.44
70311   70842   1.00    75.11
70311   70375   0.00    106.00
70318   70597   0.00    47.09
70321   70498   1.00    76.26
70321   70652   0.00    148.05
70337   69972   0.00    84.23
70351   69949   10.00   61.98
70358   69598   0.00    121.49
70358   70405   4.25    65.84
70371   71055   0.00    96.03
70371   70351   0.00    72.23
70373   70814   0.00    126.33
70373   70371   0.00    26.02
70375   70814   0.00    61.93
70375   70376   0.00    60.51
70376   70373   0.00    54.82
70380   70498   0.00    43.04
70385   70560   0.00    23.09
70403   69596   0.00    126.96
70405   70351   0.00    7.84
70406   70093   0.00    50.61
70406   70627   16.67   96.89
70408   70954   0.00    116.44
70429   70438   0.00    39.17
70438   70408   0.00    81.69
70452   70708   0.00    116.16
70461   70955   0.00    104.35
70484   70507   3.00    20.70
70484   69801   9.41    107.16
70487   71071   0.00    90.39
70489   70794   10.00   46.20
70498   70856   3.00    51.90
70501   70732   1.00    43.98
70507   70600   0.00    62.80
70507   71543   7.50    140.66
70511   69993   8.57    77.93
70543   70725   0.00    83.00
70543   70897   11.50   57.66
70560   70651   11.50   51.83
70560   71285   0.00    104.77
70587   70794   3.00    92.35
70595   70207   0.00    91.22
70597   70855   0.00    87.11
70600   71525   10.60   126.35
70600   70687   20.00   63.88
70614   70856   0.00    125.08
70614   70914   3.00    62.19
70619   70395   0.00    116.68
70622   70707   0.00    143.94
70625   70855   3.00    101.46
70627   70832   3.00    96.89
70651   70760   7.00    51.80
70651   71397   4.75    104.06
70652   71004   20.00   148.18
70658   70484   3.00    26.25
70658   70139   10.76   100.42
70660   70337   0.00    83.26
70660   71613   0.00    134.31
70687   70768   0.00    63.57
70687   71504   8.67    111.03
70705   70126   8.37    90.34
70705   70501   3.00    100.04
70707   70773   0.00    143.88
70708   70828   0.00    47.04
70715   69997   0.00    150.69
70722   71475   0.00    100.31
70722   69998   0.00    106.92
70725   70914   20.00   83.00
70732   71441   0.00    128.41
70732   71405   0.00    93.80
70734   69989   8.47    120.18
70734   71122   6.18    114.13
70749   70438   0.00    49.36
70750   70358   0.00    57.46
70750   70853   3.00    97.17
70760   70963   8.67    96.38
70760   70406   8.67    52.57
70763   70865   0.00    143.97
70768   70851   3.00    58.81
70768   69995   0.00    119.76
70773   70918   0.00    144.77
70794   70832   0.00    5.43
70814   70882   0.00    9.29
70823   71232   0.00    56.62
70828   70842   0.00    15.28
70832   71042   12.78   30.25
70842   70854   0.00    17.72
70842   71087   0.00    34.56
70851   70734   3.00    17.32
70853   70405   10.00   66.37
70854   71212   0.00    127.04
70855   70975   0.00    43.78
70856   71364   12.44   65.71
70865   71057   0.00    127.24
70876   70250   3.00    114.23
70882   71212   0.00    44.31
70882   70854   0.00    129.87
70886   70897   0.00    5.31
70886   71301   0.00    56.87
70897   71105   19.83   87.36
70914   71337   20.00   57.44
70918   71165   0.00    145.48
70954   71042   11.50   112.08
70955   71629   0.00    106.65
70963   71209   6.50    96.38
70975   71361   11.50   61.92
71004   70828   11.50   151.69
71017   71334   3.00    137.82
71034   70658   9.57    52.82
71042   71209   0.00    22.70
71055   71704   0.00    91.83
71057   71812   0.00    130.78
71066   71301   3.00    95.10
71066   70886   10.75   145.33
71071   71034   0.00    64.31
71087   71513   8.67    97.41
71087   71198   3.00    13.59
71105   71337   0.00    87.36
71107   71232   3.00    112.66
71122   71558   7.00    103.58
71124   70760   12.60   52.77
71124   71366   8.25    96.73
71151   70666   0.00    71.56
71151   71071   0.00    58.49
71160   70511   11.50   91.43
71165   70763   0.00    146.27
71196   71312   11.50   107.11
71196   70750   0.00    59.17
71198   71489   0.00    42.58
71198   71985   0.00    113.41
71205   71151   0.00    23.63
71209   71571   10.00   50.90
71210   71361   0.00    48.62
71210   70597   0.00    111.25
71212   71055   0.00    119.47
71221   71205   0.00    8.19
71232   71701   0.00    68.73
71232   71221   0.00    4.10
71233   71700   0.00    106.04
71262   71512   0.00    32.54
71262   70975   3.00    129.34
71285   72028   0.00    105.17
71301   71520   0.00    90.09
71312   70853   0.00    60.95
71334   70403   9.80    126.97
71337   71699   0.00    55.94
71361   71601   0.00    37.34
71364   72099   7.86    103.29
71364   71369   0.00    43.95
71366   71571   6.50    96.73
71369   71587   0.00    62.31
71397   72101   12.60   104.06
71405   71809   20.00   90.59
71441   70705   3.00    97.90
71475   72194   0.00    100.31
71489   72172   0.00    100.24
71503   71124   10.00   51.45
71503   71696   10.60   96.47
71504   72308   9.86    110.93
71512   71840   5.50    47.42
71512   71605   4.71    87.92
71513   71985   20.00   101.69
71513   71727   0.00    60.45
71516   72026   6.52    93.29
71517   70619   0.00    122.58
71520   71699   0.00    90.03
71525   72166   3.00    90.73
71525   71543   0.00    61.77
71536   71210   0.00    46.61
71543   72275   9.83    103.27
71543   71547   0.00    22.23
71547   71034   5.49    66.24
71558   71950   0.00    139.13
71558   70876   3.00    114.43
71571   71627   0.00    10.09
71586   71369   0.00    31.51
71587   71842   0.00    38.75
71587   71586   0.00    53.46
71601   71980   1.00    54.43
71605   71601   0.00    87.63
71609   70865   0.00    133.26
71613   71655   14.33   12.46
71627   71935   0.00    42.17
71629   72199   0.00    105.08
71632   71655   6.26    8.91
71655   71726   0.00    13.93
71663   71441   7.86    42.56
71663   71809   8.67    31.75
71688   71613   0.00    18.34
71688   71798   3.00    34.83
71696   71935   20.00   96.47
71699   71899   0.00    102.52
71700   71609   0.00    101.75
71704   71807   0.00    17.97
71705   71145   0.00    83.49
71706   71196   0.00    115.39
71706   72791   6.00    139.66
71710   71706   0.00    33.41
71710   71312   0.00    58.70
71710   72037   0.00    54.03
71711   70768   10.50   130.08
71711   70851   7.13    134.61
71726   71975   0.00    33.28
71726   71688   3.00    15.23
71727   72304   0.00    113.59
71727   72018   0.00    64.96
71781   72406   0.00    86.47
71798   71881   11.50   35.47
71798   72092   0.00    39.40
71807   72018   0.00    41.98
71807   72037   0.00    54.58
71809   71877   11.00   12.32
71812   72600   0.00    130.58
71825   71840   7.00    31.53
71825   71160   0.00    91.62
71829   72339   8.06    125.51
71829   71711   20.00   18.36
71833   71586   0.00    35.74
71840   71868   3.00    28.86
71842   71833   0.00    61.41
71842   71899   0.00    6.20
71846   72065   14.60   95.87
71846   71503   3.00    51.71
71868   71981   3.00    51.82
71877   72199   1.00    51.90
71877   72385   0.00    79.50
71881   72030   7.25    66.37
71899   72112   0.00    30.44
71933   72591   8.67    103.93
71933   71627   6.50    60.25
71935   72279   1.00    51.36
71958   72082   0.00    18.79
71963   72681   1.00    94.97
71963   71334   0.00    88.92
71975   72087   0.00    16.13
71980   72422   3.00    58.51
71981   71980   4.91    113.39
71981   72407   0.00    56.24
71985   72304   0.00    61.12
71999   71933   0.00    35.91
72000   72087   15.50   40.57
72018   72688   1.00    126.53
72026   72508   8.49    92.34
72028   72101   9.50    37.35
72028   72435   0.00    53.28
72030   72110   3.00    37.65
72037   72079   0.00    6.30
72044   71999   10.18   61.04
72052   71558   3.00    70.66
72065   72279   2.33    95.87
72079   72495   9.82    77.47
72079   73196   6.33    141.09
72082   72454   0.00    51.06
72087   72213   0.00    18.92
72092   71975   10.00   52.68
72092   72389   0.00    38.49
72098   71547   7.13    78.64
72099   73144   7.63    130.56
72101   72216   8.50    52.54
72104   72099   0.00    42.67
72104   71833   10.00   36.48
72110   72192   0.00    35.54
72112   72401   0.00    36.27
72112   72104   0.00    62.04
72119   71663   11.00   83.21
72124   72670   0.00    72.90
72128   72377   0.00    75.74
72131   71609   0.00    89.63
72161   72082   0.00    36.26
72166   72854   11.08   90.30
72172   72295   3.00    18.57
72185   71868   0.00    44.30
72192   72519   0.00    40.56
72192   72277   3.00    35.89
72194   72997   0.00    100.31
72199   72600   3.00    54.33
72203   71881   0.00    45.00
72210   72203   0.00    39.84
72213   72342   0.00    16.52
72216   71846   8.57    52.63
72216   72595   5.00    147.95
72222   72342   0.00    42.80
72238   72052   0.00    77.17
72240   72838   11.50   75.86
72275   72977   7.40    101.76
72277   72534   0.00    30.14
72277   72387   3.00    40.94
72279   72595   0.00    68.77
72293   71705   0.00    83.75
72293   72904   0.00    78.70
72295   72759   11.50   59.91
72295   72619   2.50    62.46
72298   72131   0.00    112.98
72304   72583   0.00    45.18
72308   71829   9.31    75.85
72339   72848   8.30    125.23
72340   72052   5.50    38.93
72342   72483   0.00    18.13
72347   73026   9.40    87.06
72365   72340   0.00    3.59
72377   71825   8.95    72.99
72379   72104   3.00    35.70
72385   72853   0.00    68.14
72385   72779   0.00    65.24
72387   72406   3.00    8.96
72389   72467   0.00    9.58
72389   72213   2.33    62.07
72401   72379   11.50   61.92
72401   72687   3.00    35.81
72406   72454   11.50   17.47
72407   72823   0.00    52.63
72407   72422   2.33    110.03
72408   72298   0.00    112.94
72414   71517   0.00    122.60
72422   72841   0.00    54.19
72435   72644   0.00    85.03
72435   73182   1.00    92.47
72454   72473   20.00   10.04
72462   72508   12.50   81.25
72467   72695   0.00    27.91
72473   72588   0.00    39.71
72474   72203   0.00    33.74
72474   72467   0.00    36.11
72483   72637   5.33    19.76
72484   71963   23.67   112.12
72485   73337   2.00    111.08
72495   73552   3.71    129.50
72499   72474   0.00    62.84
72499   72030   0.00    61.33
72500   72499   0.00    37.28
72500   72110   0.00    49.99
72508   72547   0.00    6.94
72509   72637   0.00    47.18
72519   72500   0.00    35.90
72519   72937   10.00   53.34
72534   72790   0.00    32.67
72534   72519   0.00    35.13
72547   72979   8.33    120.24
72547   71999   0.00    84.79
72583   72688   11.00   77.87
72588   72686   9.25    46.27
72588   73304   10.50   86.10
72591   73159   0.00    102.23
72595   72858   8.67    74.20
72600   73070   0.00    65.08
72619   73151   11.33   100.81
72619   72583   0.00    6.02
72637   72783   11.00   18.60
72644   72858   10.00   85.16
72665   72119   7.83    84.12
72665   73367   0.00    88.64
72678   72379   0.00    36.79
72681   73436   0.00    95.01
72686   72765   7.00    38.62
72686   73204   1.00    85.00
72687   72678   0.00    68.05
72687   72833   3.00    21.84
72688   72901   0.00    62.22
72695   72975   0.00    37.23
72695   72483   1.00    71.54
72698   72238   0.00    79.97
72698   72340   0.00    120.10
72706   72098   7.36    78.40
72707   72560   3.00    30.54
72721   72474   14.33   29.84
72729   72131   0.00    81.95
72741   73504   5.20    95.09
72757   72377   9.00    46.71
72759   73366   10.00   74.88
72759   73361   3.75    113.35
72765   72833   20.00   33.50
72765   73204   3.00    57.83
72779   73056   0.00    38.28
72779   73078   20.00   64.29
72783   72887   0.00    17.40
72790   72948   0.00    21.58
72791   72665   9.50    22.15
72801   72499   0.00    37.02
72801   72721   11.50   64.82
72802   72790   0.00    38.61
72802   72387   3.00    51.55
72809   72473   0.00    41.70
72809   72802   11.50   34.99
72810   72887   0.00    44.10
72823   72900   0.00    10.86
72823   72841   11.50   103.72
72833   73316   0.00    57.95
72833   72909   1.00    34.78
72838   73468   11.50   75.90
72841   73398   3.00    69.87
72848   72365   8.00    84.27
72853   73078   8.67    34.19
72853   73853   3.00    146.09
72854   72308   7.70    82.31
72857   72365   0.00    65.28
72858   73033   15.18   83.48
72885   72801   0.00    13.73
72887   73059   0.00    18.62
72889   73063   0.00    18.40
72901   73596   8.90    93.87
72901   72495   7.96    80.78
72904   73561   0.00    78.67
72906   72885   0.00    36.84
72906   72500   10.00   52.26
72909   73384   3.00    56.59
72909   73019   20.00   36.60
72925   72698   0.00    30.42
72925   72857   0.00    97.04
72937   73647   0.00    85.15
72944   73056   20.00   20.17
72948   72937   0.00    36.27
72948   73248   0.00    32.57
72958   72998   0.00    118.91
72971   73456   7.25    74.35
72971   72729   0.00    32.42
72975   72783   7.25    79.54
72975   73032   0.00    5.10
72979   73159   1.00    117.25
72994   72714   0.00    36.10
72997   72484   3.00    111.81
72998   73108   0.00    118.63
73019   73475   0.00    56.60
73019   73051   0.00    11.12
73026   72803   3.00    39.62
73032   73310   0.00    30.11
73033   73182   8.73    83.36
73050   73325   0.00    65.44
73051   72678   0.00    45.15
73051   73144   0.00    43.16
73056   73420   0.00    58.22
73059   73310   12.80   88.55
73059   73303   11.50   28.21
73063   73032   0.00    62.85
73063   73373   3.00    36.13
73070   73782   3.00    107.38
73070   73456   3.00    50.77
73078   73274   0.00    25.26
73108   72971   0.00    15.48
73144   73305   20.00   50.62
73144   73629   12.33   58.92
73151   73866   0.00    103.37
73159   73394   3.00    113.79
73169   72757   20.00   52.01
73175   72994   7.80    43.10
73177   72707   12.92   77.80
73182   73518   3.29    40.25
73196   72791   5.60    80.52
73204   73316   0.00    36.39
73211   73286   11.50   37.86
73211   72925   0.00    35.55
73235   72885   3.00    38.15
73248   73258   6.50    37.55
73248   73664   10.00   52.72
73258   72802   6.50    54.13
73264   72994   0.00    64.84
73271   73235   10.00   37.04
73271   72906   2.00    39.31
73274   73420   0.00    27.27
73284   72809   8.67    54.32
73286   73307   0.00    36.43
73288   73196   3.00    12.11
73288   73765   0.00    61.21
73303   73322   9.76    12.73
73304   73284   0.00    36.44
73304   73599   11.50   38.75
73307   72857   0.00    52.03
73307   73442   0.00    87.94
73310   73353   0.00    6.67
73316   73384   0.00    36.06
73322   73421   2.00    16.92
73322   73177   36.00   17.91
73325   72848   6.50    80.60
73336   72414   3.00    110.88
73337   73026   0.00    49.67
73338   73710   3.00    54.83
73338   73177   0.00    35.65
73353   73624   10.00   35.21
73354   72854   7.47    67.23
73361   74121   0.00    116.46
73366   74019   9.83    85.28
73366   73802   3.00    81.93
73367   73765   0.00    84.49
73373   73477   16.67   13.12
73373   73353   5.33    62.94
73381   73639   0.00    44.89
73383   73337   0.00    9.40
73383   73639   0.00    51.47
73384   73450   0.00    26.16
73390   73523   0.00    55.76
73394   73518   4.17    113.39
73400   73303   6.75    16.90
73400   73429   0.00    14.75
73416   74023   11.83   102.46
73420   74069   0.00    106.70
73420   73782   0.00    56.75
73421   73400   10.00   12.73
73429   73570   3.00    17.90
73429   73624   15.57   77.53
73436   73416   3.00    98.27
73436   73709   5.13    77.06
73436   74262   13.20   111.14
73437   73175   4.94    103.87
73437   74054   4.67    83.02
73442   73480   0.00    87.60
73450   73475   0.00    10.06
73450   73717   0.00    35.99
73456   73566   3.00    15.34
73468   73398   0.00    33.05
73475   73629   2.50    67.90
73480   73612   1.89    75.78
73480   73325   9.80    27.94
73504   74019   3.00    92.28
73518   73286   1.00    100.25
73523   73817   0.00    38.01
73523   73717   0.00    79.91
73551   72997   0.00    105.08
73552   73819   3.00    33.66
73552   73288   8.67    65.04
73561   73468   4.00    54.16
73566   73969   1.00    57.53
73570   73891   0.00    53.13
73570   74038   11.50   112.86
73576   73108   0.00    56.62
73596   73552   0.00    9.21
73599   73284   11.50   76.07
73599   73666   3.00    8.68
73609   73175   3.00    52.13
73612   73705   6.17    57.05
73624   73859   2.00    102.72
73625   73437   11.16   85.71
73629   73908   3.00    36.49
73639   73801   0.00    30.48
73647   74028   0.00    51.24
73663   73576   0.00    95.83
73664   74008   8.67    45.12
73664   73647   0.00    37.81
73666   73817   5.50    69.06
73666   74312   9.20    95.65
73676   73383   0.00    50.01
73676   73561   4.00    58.31
73710   73891   3.00    26.75
73714   74064   11.50   81.08
73714   73814   10.00   13.47
73714   73676   0.00    6.18
73717   73985   0.00    36.87
73717   73908   10.00   85.89
73736   73551   11.00   36.99
73765   74085   3.00    45.13
73782   74174   0.00    64.15
73782   74481   0.00    113.46
73784   73663   0.00    95.94
73802   74323   0.00    84.04
73811   73338   2.33    131.16
73814   74519   8.13    97.22
73814   73625   6.29    85.71
73817   73868   3.00    26.08
73819   74433   0.00    89.72
73826   73274   11.50   103.13
73826   74069   8.50    44.60
73844   73612   0.00    31.97
73853   74821   11.50   148.09
73859   73235   20.00   79.37
73859   73947   5.33    37.63
73866   73596   6.00    60.61
73866   74433   3.00    93.04
73868   74530   0.00    92.31
73868   73985   9.86    53.53
73891   74390   20.00   124.73
73894   73169   5.33    89.58
73897   73736   0.00    37.85
73908   74176   3.00    37.36
73947   74028   5.50    37.51
73947   73271   6.50    88.19
73969   73576   12.71   57.25
73985   74176   3.00    95.40
74008   73258   12.89   133.56
74008   74125   10.00   16.74
74019   74842   12.22   117.40
74023   74659   20.00   103.15
74028   74125   3.00    40.26
74038   74324   20.00   111.40
74048   73551   1.00    92.50
74054   74669   6.75    83.02
74065   74367   1.80    42.31
74068   73897   0.00    40.52
74069   74481   0.00    65.22
74072   73826   0.00    42.65
74121   74963   0.00    141.22
74121   73866   20.00   60.65
74125   74175   7.25    28.15
74137   73710   20.00   124.59
74168   73336   5.75    110.84
74168   74068   6.50    21.70
74174   74609   20.00   64.16
74174   73566   0.00    98.88
74175   74290   10.00   50.67
74176   74502   3.00    42.47
74178   74645   0.00    88.54
74248   74198   4.40    11.16
74251   73811   6.88    131.16
74272   73609   6.45    89.45
74290   74394   11.50   51.34
74290   74945   11.50   94.42
74323   74121   3.00    60.75
74323   74978   0.00    107.19
74324   74594   15.00   111.09
74346   74470   0.00    16.15
74346   74676   20.00   88.36
74350   74605   6.50    33.20
74367   74459   0.00    11.17
74367   74519   3.00    53.52
74380   75119   8.25    134.79
74380   74168   5.00    30.94
74390   74727   0.00    123.01
74392   74365   0.00    23.97
74392   74884   11.50   71.33
74423   74530   0.00    31.89
74433   74645   0.00    36.25
74455   75017   1.00    144.38
74455   74628   0.00    30.29
74459   74392   3.00    50.33
74459   75029   0.00    85.08
74470   74748   0.00    41.68
74475   73736   3.00    125.59
74481   74817   0.00    58.54
74481   74628   0.00    25.15
74502   74872   7.57    56.35
74510   74137   3.00    124.14
74516   74455   0.00    75.97
74519   75359   8.86    124.17
74522   74232   0.00    58.34
74522   74578   0.00    91.33
74530   74554   0.00    9.00
74554   74605   3.00    27.14
74554   75237   6.50    100.44
74557   73894   7.09    89.55
74561   74248   1.00    54.72
74578   74048   0.00    92.99
74594   74175   6.50    55.76
74595   74502   4.33    53.60
74605   74655   11.50   26.53
74609   73969   11.50   103.26
74628   74974   0.00    78.36
74632   74560   2.00    13.23
74632   75116   9.00    117.55
74645   74963   0.00    76.65
74655   74676   0.00    8.98
74659   75356   0.00    106.55
74669   75200   6.33    79.17
74669   74884   0.00    59.81
74676   74748   11.50   35.03
74679   74659   11.50   43.81
74679   74522   0.00    25.63
74691   73897   0.00    133.82
74696   74168   11.50   121.67
74712   74248   6.81    92.97
74723   74763   0.00    130.44
74727   74957   0.00    122.49
74748   74771   0.00    12.63
74755   75405   0.00    123.73
74758   75614   0.00    138.79
74763   75188   0.00    134.37
74771   75325   10.00   78.64
74771   74872   4.10    54.39
74792   74878   3.00    80.88
74792   75666   0.00    134.16
74802   75537   7.57    133.84
74802   74561   10.00   49.13
74813   74792   4.00    15.09
74815   74931   10.00   90.28
74817   74174   10.60   113.33
74817   75278   0.00    72.73
74821   74516   0.00    76.79
74821   75017   0.00    29.89
74827   74380   5.56    64.17
74828   74068   15.00   134.36
74842   74323   8.96    122.94
74872   75380   6.00    71.59
74878   74904   6.88    80.75
74880   74272   5.05    88.77
74881   74813   8.13    51.48
74884   74967   0.00    24.54
74893   74632   3.00    46.02
74893   75509   4.25    132.12
74931   75085   0.00    90.40
74945   75618   13.67   94.41
74955   75405   0.00    74.48
74957   74594   7.80    57.03
74963   75131   0.00    82.17
74965   74881   6.50    52.02
74967   75029   3.00    30.95
74974   75347   3.00    79.22
74978   75002   0.00    3.00
74978   75151   0.00    81.38
75017   75347   3.00    49.88
75017   75291   3.00    97.75
75057   75266   0.00    120.09
75066   74578   0.00    76.80
75068   74802   4.44    49.89
75068   75537   5.06    129.21
75085   74957   0.00    16.85
75087   74813   1.00    41.97
75096   74965   2.89    52.28
75104   75002   0.00    14.05
75109   74827   0.00    58.18
75116   75068   5.50    98.67
75116   75665   2.71    122.65
75119   75809   6.50    134.08
75131   75104   0.00    2.81
75150   74881   0.00    40.39
75151   75565   0.00    84.24
75187   74561   5.00    126.03
75188   74842   9.00    63.02
75192   76033   8.74    135.18
75197   74827   10.00   52.74
75207   74696   8.89    122.00
75237   75908   13.25   100.38
75239   74493   1.00    108.50
75266   75490   9.10    119.94
75278   74609   20.00   112.44
75291   75455   0.00    97.25
75294   74965   0.00    45.56
75302   75096   11.00   79.10
75302   74712   9.80    95.46
75309   75310   0.00    14.44
75309   75197   6.87    15.13
75310   74490   0.00    119.33
75317   74655   7.00    95.94
75322   75967   0.00    132.53
75347   75595   0.00    39.97
75347   75659   8.44    75.41
75356   75891   0.00    103.78
75359   76012   20.00   121.60
75374   75676   10.00   48.47
75380   75611   0.00    75.56
75380   75889   7.23    108.57
75405   75863   0.00    80.58
75418   74880   6.33    86.99
75419   75057   3.00    121.32
75449   75096   3.00    51.28
75455   75770   0.00    47.67
75455   75623   0.00    99.68
75455   75131   11.00   47.40
75469   75188   7.00    50.01
75483   75733   0.00    41.89
75490   76029   7.61    82.57
75490   75527   0.00    31.16
75509   76034   7.67    131.64
75527   75085   14.33   62.60
75527   75618   0.00    49.79
75537   75945   10.42   67.64
75540   75872   0.00    52.47
75572   74967   0.00    87.75
75579   74974   0.00    95.17
75579   74817   0.00    120.58
75587   74893   6.33    119.70
75595   75933   7.80    56.31
75595   75659   0.00    79.62
75600   75469   1.00    26.12
75611   75948   0.00    54.27
75614   75066   3.00    77.02
75618   75239   11.50   104.28
75623   75648   0.00    99.39
75644   75666   6.75    99.96
75648   75600   0.00    12.54
75649   76029   20.00   118.94
75654   75991   5.83    53.17
75654   75302   5.94    57.47
75659   75704   5.00    69.29
75665   75945   7.85    120.25
75666   75676   7.25    44.86
75676   75733   11.00   53.58
75692   75197   6.33    98.80
75704   76006   0.00    46.80
75704   75770   20.00   66.39
75722   76191   13.08   81.71
75722   75469   12.28   96.48
75733   76031   2.00    136.35
75733   75872   5.33    50.73
75770   75980   0.00    141.86
75802   75649   10.80   119.92
75809   75967   0.00    37.69
75809   75614   0.00    112.63
75843   75278   20.00   101.86
75852   76117   3.00    104.19
75863   76273   3.00    80.61
75872   75894   8.13    8.71
75889   76274   9.19    107.30
75891   75549   0.00    94.64
75891   75918   0.00    7.39
75894   76098   8.30    58.70
75894   76268   2.60    125.91
75908   76222   1.00    50.36
75918   75614   0.00    48.42
75927   75852   11.44   100.58
75927   75644   6.50    103.62
75931   75651   11.68   80.36
75933   76216   11.50   49.49
75933   75579   6.75    88.06
75943   75310   0.00    95.35
75945   76292   3.00    57.13
75967   76148   0.00    37.62
75980   75870   0.00    133.49
75982   75933   0.00    83.98
75991   76501   9.00    81.35
75991   76135   8.00    61.42
76002   75187   11.00   129.43
76006   75982   8.00    83.71
76006   76354   2.00    57.58
76025   76320   41.00   51.23
76025   75908   3.00    102.47
76029   76151   3.00    20.70
76031   75927   4.00    134.99
76033   75419   10.29   124.46
76034   76292   5.13    129.07
76064   75309   7.67    114.56
76067   75587   6.50    116.79
76098   76135   2.50    5.24
76098   75654   10.50   93.54
76117   76388   7.64    45.39
76121   75802   7.64    118.13
76135   76685   4.63    85.16
76148   75692   11.50   98.81
76148   76658   6.40    84.91
76151   76025   24.33   102.17
76151   76457   9.50    50.91
76191   76285   14.60   48.75
76191   76603   7.63    65.15
76198   75931   9.53    80.36
76211   76117   0.00    123.66
76216   75843   7.18    99.44
76222   76529   0.00    49.51
76264   76789   3.00    110.67
76268   76301   0.00    123.64
76274   75722   8.50    133.51
76285   76385   3.00    47.85
76285   76628   11.50   50.18
76286   76329   0.00    39.67
76286   77095   0.00    123.08
76292   76688   6.50    57.84
76301   76211   2.00    123.65
76320   76669   10.00   50.89
76320   76222   14.33   103.11
76321   76098   7.32    63.51
76321   77274   10.60   143.19
76322   76715   3.00    56.73
76322   76350   10.50   48.30
76327   76322   11.50   50.73
76329   76361   9.00    6.65
76350   76354   4.67    5.67
76350   77268   0.00    140.96
76354   76379   3.00    44.30
76361   76216   10.11   56.20
76361   77235   0.00    145.16
76365   76327   11.21   53.80
76379   76286   8.67    59.83
76385   76389   9.63    49.16
76388   76841   0.00    67.64
76388   76542   5.50    110.78
76388   76033   6.78    84.00
76389   75980   0.00    66.98
76389   76365   11.89   49.09
76407   76067   10.41   115.30
76457   76320   7.33    102.34
76457   76783   0.00    48.91
76501   77033   5.80    81.33
76505   76603   0.00    50.53
76512   76321   6.29    58.98
76512   77175   4.67    102.54
76517   75707   16.00   126.61
76529   76868   7.25    50.75
76542   76645   7.00    110.48
76570   75918   14.33   101.86
76600   76828   7.73    121.77
76603   76628   11.00   50.24
76603   77389   5.50    124.89
76628   76641   5.33    50.71
76628   77411   8.00    125.45
76641   76657   0.00    48.12
76641   76385   5.00    37.92
76645   76690   3.00    110.38
76657   76389   0.00    39.92
76657   76681   5.50    49.76
76658   76728   8.67    58.78
76669   76993   0.00    49.97
76669   76529   0.00    103.37
76681   76696   0.00    51.37
76681   76365   6.50    46.27
76685   77230   6.38    85.16
76688   76407   3.00    114.32
76690   76512   4.71    101.70
76690   77047   5.67    56.93
76695   76064   4.40    112.33
76696   76715   0.00    49.10
76696   76327   10.00   52.78
76701   77057   20.00   77.35
76705   77057   0.00    74.37
76713   76257   0.00    94.60
76713   77036   0.00    110.91
76715   77496   7.14    123.84
76718   76198   9.50    131.51
76722   76264   3.00    109.80
76722   76997   0.00    45.34
76728   76791   0.00    13.94
76728   76695   0.00    14.19
76739   76198   7.26    81.31
76783   77112   2.00    51.93
76783   76669   7.89    103.82
76789   77337   0.00    111.14
76791   76929   0.00    23.53
76828   76121   7.76    124.23
76839   76002   10.00   130.66
76839   76688   9.75    59.13
76841   77160   0.00    49.87
76841   76916   4.56    105.95
76841   77122   7.22    55.58
76868   77382   11.63   79.49
76895   77443   0.00    85.51
76906   77082   0.00    126.86
76916   77001   6.43    105.96
76924   77256   0.00    124.80
76930   77122   0.00    91.70
76933   76791   0.00    28.38
76938   76274   8.73    116.31
76960   76361   0.00    89.74
76993   76868   10.00   103.56
77001   77047   8.38    105.96
77007   77024   0.00    136.51
77033   76839   8.67    62.36
77036   77256   0.00    51.16
77036   76695   0.00    63.62
77040   76379   7.88    102.03
77047   77354   3.00    46.42
77053   77567   0.00    82.00
77055   76658   0.00    82.76
77057   77558   0.00    115.33
77070   77997   6.32    146.58
77082   77725   0.00    133.67
77112   76993   20.75   102.09
77112   77592   3.00    104.01
77122   77802   8.50    125.25
77160   77246   7.53    101.29
77160   77621   9.36    84.82
77164   76828   6.50    51.65
77164   77112   9.65    48.23
77175   77274   3.00    49.93
77206   76930   0.00    93.24
77212   77007   0.00    136.42
77230   77033   4.56    61.63
77235   77664   0.00    140.87
77240   77904   7.30    147.23
77240   76739   5.82    81.33
77246   77329   8.17    101.30
77256   77458   0.00    46.93
77268   78133   6.10    140.96
77274   77294   5.40    34.91
77294   77230   3.00    20.43
77328   76517   1.00    126.22
77329   77354   3.56    101.36
77337   77443   0.00    63.27
77354   77175   11.29   101.86
77359   77579   9.67    118.48
77382   77853   12.20   79.06
77389   77411   0.00    49.95
77390   77212   0.00    136.86
77407   77389   11.00   86.10
77411   77429   11.50   52.39
77429   77441   10.00   49.65
77429   76641   15.75   125.18
77441   76657   19.33   124.13
77441   77460   0.00    51.50
77443   77515   0.00    39.58
77455   76938   3.00    114.57
77458   77558   0.00    28.33
77460   76681   6.50    124.11
77460   77478   1.00    51.11
77463   77458   0.00    110.20
77478   76696   2.33    124.65
77478   77496   8.67    53.35
77496   77883   2.33    63.79
77498   78090   0.00    130.04
77498   76960   0.00    89.24
77515   76906   0.00    133.95
77515   77567   0.00    41.57
77557   77259   0.00    47.28
77558   78098   6.50    106.24
77567   77660   0.00    49.94
77579   77164   9.79    67.13
77592   77777   8.57    99.89
77621   78078   8.67    84.85
77651   77557   0.00    85.39
77651   77294   3.00    67.16
77660   77776   0.00    78.80
77664   77390   0.00    137.08
77725   77776   7.17    46.87
77777   78044   0.00    40.79
77777   77853   7.25    37.45
77784   77812   0.00    82.92
77794   77784   0.00    111.93
77801   78098   0.00    69.50
77802   78067   7.30    48.05
77812   77886   0.00    115.58
77832   78099   0.00    45.58
77843   77337   0.00    101.98
77847   78204   0.00    78.12
77853   78076   8.60    113.43
77883   78208   10.29   53.10
77883   77886   0.00    16.91
77886   78113   0.00    110.23
77904   78878   7.04    151.39
77944   78306   0.00    86.57
77969   77407   0.00    92.36
77989   77784   0.00    30.32
77989   78084   0.00    135.25
77997   78939   12.26   146.64
78015   77557   0.00    70.44
78015   77651   7.88    98.42
78023   77802   11.20   113.00
78044   78325   0.00    50.27
78044   77832   6.40    123.54
78067   78505   9.00    80.27
78071   77328   23.25   125.25
78076   77455   3.00    116.57
78078   78067   11.00   50.11
78078   78313   10.22   42.24
78084   77969   0.00    59.25
78090   78752   0.00    130.36
78098   78152   0.00    10.25
78099   77579   7.80    101.78
78099   78501   13.25   77.50
78107   77240   5.00    140.23
78113   77989   0.00    99.42
78113   77812   0.00    49.41
78133   78267   0.00    146.06
78133   78208   6.40    50.19
78141   78922   10.80   119.56
78152   78521   11.50   81.82
78173   77660   0.00    88.00
78188   78044   7.67    82.38
78198   78015   4.25    44.39
78198   77725   20.00   76.02
78204   78152   0.00    14.98
78206   77843   0.00    102.14
78208   78489   0.00    142.41
78267   78656   0.00    147.12
78287   77969   0.00    58.63
78306   78747   0.00    87.24
78313   78382   0.00    21.21
78313   79157   7.71    145.76
78325   78099   13.08   122.00
78325   78640   6.25    50.27
78363   78326   0.00    142.18
78416   78076   8.00    54.73
78443   79061   3.00    95.24
78481   78204   0.00    116.20
78485   78309   0.00    25.59
78489   78363   0.00    142.14
78493   78657   12.15   90.23
78501   78640   8.00    73.95
78505   78963   3.00    80.27
78529   78198   4.40    62.84
78540   78344   0.00    42.27
78540   78416   0.00    58.98
78549   79188   0.00    101.36
78584   78529   14.20   12.73
78584   77776   9.00    124.04
78594   78188   5.71    85.60
78594   78325   11.50   119.56
78640   78712   7.67    32.58
78656   78752   0.00    26.66
78657   78744   11.00   18.52
78660   78023   5.33    118.71
78712   78892   6.25    87.03
78744   78939   9.00    45.52
78747   78529   0.00    56.91
78747   79084   0.00    81.56
78752   78841   0.00    139.81
78759   78584   3.00    65.84
78759   78173   0.00    88.75
78832   79254   0.00    102.23
78832   78500   0.00    55.50
78839   78071   8.60    125.29
78847   78540   0.00    117.38
78847   78416   1.00    66.64
78878   79630   10.77   122.97
78887   78712   0.00    52.96
78892   78594   20.00   48.24
78892   78971   0.00    35.72
78922   78878   1.00    56.24
78939   79428   5.12    78.29
78963   79528   7.57    109.93
78963   79157   0.00    60.30
78964   78922   8.00    47.44
78970   78493   11.50   91.93
78970   79004   7.83    95.62
78971   78847   1.00    21.91
78982   79061   3.00    44.01
79004   78982   11.07   95.76
79006   78970   0.00    8.88
79008   79310   0.00    70.99
79008   78747   0.00    70.66
79008   78549   0.00    88.91
79021   78107   0.00    140.43
79053   79437   10.00   119.17
79061   79063   20.00   14.44
79063   78759   9.57    140.40
79063   78485   3.00    87.49
79084   79205   0.00    79.90
79152   79008   0.00    37.87
79157   79713   8.00    108.84
79162   79326   5.33    46.50
79188   79152   11.50   11.73
79203   79209   0.00    21.45
79209   79188   0.00    10.30
79254   79784   0.00    103.34
79310   79469   0.00    57.29
79326   78660   3.00    118.65
79326   79528   0.00    68.86
79342   79063   0.00    43.55
79346   78982   0.00    58.04
79387   79006   0.00    63.03
79402   79006   7.95    117.32
79419   79898   4.50    91.06
79437   78971   3.00    93.41
79457   79437   0.00    6.77
79469   79571   0.00    56.02
79481   79605   0.00    100.09
79528   80037   5.33    97.83
79528   79713   3.00    61.57
79539   79306   0.00    39.50
79552   79209   0.00    57.13
79557   79936   0.00    71.29
79571   79621   0.00    33.54
79594   80113   4.88    120.89
79598   79152   0.00    74.35
79605   79402   8.67    115.52
79625   79310   0.00    57.70
79678   79605   3.00    81.15
79713   80228   7.25    98.27
79713   79898   0.00    55.37
79729   80088   0.00    72.09
79753   79539   0.00    100.39
79756   79469   0.00    51.21
79784   79457   3.00    80.98
79800   79571   0.00    40.31
79841   80170   0.00    62.54
79878   79936   0.00    32.43
79878   79340   0.00    120.07
79898   80456   2.00    98.17
79902   79878   0.00    55.76
79902   79539   0.00    60.11
79936   80088   0.00    47.10
79980   79326   10.00   126.60
80037   80576   14.73   97.83
80044   79902   0.00    131.85
80067   79457   7.53    115.78
80088   80170   0.00    28.89
80088   80441   0.00    82.38
80090   80044   0.00    131.42
80113   80596   6.50    77.59
80170   80253   0.00    34.95
80203   79387   0.00    140.99
80206   79594   0.00    121.25
80209   80113   0.00    21.86
80209   80819   11.50   91.50
80228   80797   10.00   98.30
80253   79784   0.00    94.24
80367   80212   3.00    20.74
80456   81009   3.00    98.08
80473   80090   0.00    133.23
80557   80367   0.00    30.47
80557   80206   0.00    117.14
80576   81218   7.14    111.11
80596   81118   8.20    77.68
80659   80367   7.25    89.78
80676   79980   10.75   126.65
80691   80557   11.50   19.47
80719   80067   5.65    115.98
80725   80634   0.00    105.23
80793   80253   0.00    81.79
80797   81500   24.88   124.02
80797   80576   1.00    61.65
80816   80659   0.00    25.05
80816   80691   20.00   76.88
80819   81137   10.00   86.68
80913   80816   20.00   71.31
80913   80659   10.50   69.73
80920   80913   0.00    2.29
80920   81267   13.33   51.24
80956   80209   11.36   132.03
80999   81833   0.00    145.33
80999   80725   0.00    106.33
81009   81716   13.67   130.01
81009   80797   10.00   59.34
81013   80691   3.00    49.62
81116   80920   11.18   52.05
81118   81586   5.22    72.55
81118   81602   9.11    131.09
81134   80793   0.00    78.11
81137   80956   11.16   30.40
81218   81826   7.92    111.11
81267   81013   8.80    147.89
81277   81344   0.00    99.39
81336   81013   0.00    48.58
81344   81646   0.00    101.32
81378   80956   8.22    121.52
81406   80676   14.57   126.57
81406   80719   8.77    115.88
81500   82180   3.00    124.02
81508   81009   13.20   103.65
81537   81277   0.00    126.76
81585   81134   0.00    100.59
81586   82015   3.00    89.19
81595   81906   0.00    57.16
81617   81277   0.00    55.48
81617   82136   0.00    134.96
81646   81134   0.00    132.24
81646   81906   0.00    74.68
81657   81137   11.75   114.97
81668   81617   0.00    10.25
81668   81713   0.00    80.40
81699   82220   0.00    93.31
81713   81784   0.00    80.46
81716   82431   11.50   130.04
81724   81406   14.33   61.81
81784   81646   0.00    26.43
81794   81668   0.00    17.84
81826   81724   3.00    16.86
81833   82170   0.00    137.71
81904   82182   0.00    53.64
81904   81826   2.33    12.12
81906   82226   0.00    95.68
82057   81508   4.25    104.53
82061   81724   0.00    92.12
82095   81537   0.00    129.65
82114   81586   10.42   88.69
82130   81585   0.00    102.11
82170   82786   0.00    142.47
82180   81904   0.00    50.11
82226   82659   0.00    98.14
82284   81784   0.00    135.55
82338   82405   0.00    142.36
82659   82130   0.00    102.79
82674   82338   0.00    144.37
82686   82709   0.00    57.80
82709   82095   0.00    131.47
82786   83450   0.00    110.45
82786   82686   0.00    57.61
82871   82284   0.00    137.16
82888   83384   0.00    83.02
82894   83052   0.00    26.73
82918   83396   0.00    80.63
82949   83350   0.00    68.40
82979   82574   0.00    140.77
83049   83361   0.00    52.97
83052   83420   0.00    81.76
83063   83052   0.00    132.50
83102   82686   0.00    66.26
83165   82709   0.00    89.54
83350   83361   0.00    59.24
83361   83384   0.00    59.25
83395   83165   0.00    85.55
83395   83350   0.00    12.28
83450   83528   0.00    102.63
83528   83704   0.00    103.03
83704   83395   0.00    57.11
1 2 43553 43946 42118 41906
2 5 75889 75380 73985 73717 70498 70321 73366 72759 75469 75722
3 2 72595 72216 69774 70093
