2480 5822 4 0 0 4 3850.00 3850.00
34595 0
36379 0
36825 0
35123 0
34744 0
37427 0
35728 0
34016 0
36054 0
42469 0
34924 0
167405 0
42827 0
45165 0
34651 0
36540 0
167737 0
46522 0
36553 0
36461 0
166886 0
47264 0
35446 0
34023 0
35436 0
36142 0
44583 0
44608 0
34700 0
43764 0
34267 0
166968 0
40941 0
33765 0
35770 0
33991 0
166990 0
35960 0
34156 0
34316 0
43525 0
36782 0
37567 0
42034 0
40885 0
38550 0
34987 0
36636 0
43169 0
166923 0
35484 0
44433 0
37009 0
37831 0
44942 0
34625 0
34845 0
34345 0
34280 0
167960 0
35144 0
46130 0
35844 0
166912 0
34200 0
35136 0
166788 0
36319 0
36504 0
33987 0
35079 0
35916 0
36635 0
34877 0
35890 0
40182 0
36560 0
35892 0
47835 0
35349 0
40951 0
36098 0
43711 0
35371 0
35964 0
34126 0
33984 0
46401 0
33866 0
36360 0
35549 0
41472 0
167632 0
167246 0
34698 0
40396 0
166954 0
36806 0
36676 0
42461 0
41843 0
36226 0
35785 0
43145 0
33902 0
43455 0
43477 0
36807 0
37152 0
42686 0
33093 0
36286 0
46117 0
34679 0
34796 0
45744 0
34902 0
42486 0
46413 0
43197 0
35048 0
167015 0
42158 0
34739 0
34813 0
37193 0
44047 0
35532 0
167025 0
33939 0
44462 0
43934 0
46287 0
36026 0
37229 0
39473 0
36229 0
37126 0
35575 0
34366 0
36366 0
35494 0
36437 0
43939 0
34101 0
46218 0
35180 0
35981 0
166922 0
36878 0
37235 0
36488 0
35343 0
41519 0
35043 0
35003 0
35221 0
47510 0
36490 0
167123 0
166913 0
41435 0
45279 0
43509 0
35854 0
46673 0
36091 0
44838 0
40047 0
36296 0
40594 0
36826 0
45587 0
48248 0
37928 0
167024 0
35656 0
35302 0
167042 0
36243 0
47583 0
35762 0
34383 0
38024 0
35643 0
35458 0
41903 0
43785 0
41479 0
36403 0
44632 0
36697 0
36865 0
34363 0
34985 0
35409 0
33928 0
35606 0
45552 0
35580 0
43142 0
35771 0
35276 0
167556 0
35708 0
43082 0
44813 0
40056 0
167001 0
35998 0
167048 0
33484 0
47952 0
33904 0
45307 0
42689 0
40152 0
35908 0
34803 0
37098 0
38445 0
35593 0
33030 0
47068 0
35036 0
166955 0
167463 0
43125 0
42252 0
35193 0
35453 0
38860 0
35975 0
36473 0
36075 0
34699 0
34006 0
38327 0
35427 0
43008 0
41998 0
34155 0
43357 0
34445 0
40877 0
34599 0
33936 0
41972 0
34394 0
39175 0
34907 0
33660 0
36292 0
36446 0
34266 0
43498 0
34060 0
43984 0
35447 0
34964 0
43757 0
35622 0
41252 0
33221 0
40496 0
33455 0
34322 0
44878 0
34391 0
36211 0
35106 0
45922 0
42022 0
36562 0
35736 0
40700 0
33011 0
34783 0
167537 0
35206 0
43978 0
36207 0
34862 0
166899 0
34926 0
46826 0
36272 0
45096 0
44383 0
33300 0
43723 0
48217 0
34701 0
43597 0
39781 0
34165 0
45398 0
35932 0
41420 0
34304 0
34270 0
35706 0
34176 0
35800 0
44058 0
33587 0
43228 0
34386 0
35360 0
36913 0
45954 0
34053 0
35021 0
35864 0
35772 0
36749 0
35230 0
35699 0
167269 0
40282 1
38830 1
167945 1
41495 1
43025 1
167881 1
38081 1
40394 1
41814 1
38168 1
41441 1
40341 1
41908 1
40088 1
40978 1
41311 1
41007 1
40734 1
42413 1
40911 1
38958 1
40044 1
45249 1
46623 1
38463 1
39875 1
42011 1
41291 1
46777 1
39884 1
43838 1
42086 1
40361 1
40842 1
44494 1
40024 1
42643 1
42800 1
45066 1
39300 1
42213 1
38616 1
44109 1
43700 1
41858 1
41081 1
42334 1
42724 1
40383 1
167475 1
41771 1
41810 1
45420 1
46425 1
42822 1
43184 1
42230 1
41990 1
40008 1
40765 1
45788 1
42760 1
43379 1
43755 1
42412 1
40750 1
39616 1
39633 1
38419 1
40392 1
167479 1
45125 1
43024 1
39470 1
41920 1
43598 1
43518 1
40809 1
43708 1
37900 1
41544 1
41041 1
40472 1
44828 1
44935 1
42422 1
38065 1
167829 1
45328 1
43375 1
39426 1
42008 1
40891 1
44601 1
167950 1
44968 1
45713 1
38632 1
43178 1
42186 1
39033 1
41800 1
39800 1
42585 1
39642 1
41009 1
41995 1
41558 1
40613 1
40235 1
40602 1
41695 1
38814 1
41383 1
38941 1
38631 1
40998 1
44393 1
40447 1
42127 1
39495 1
42436 1
39326 1
40231 1
45709 1
43465 1
46467 1
43580 1
38010 1
42082 1
41856 1
167685 1
41706 1
39393 1
38583 1
37472 1
41953 1
39855 1
167800 1
39882 1
40230 1
41862 1
42046 1
41233 1
46043 1
39332 1
39925 1
42247 1
40587 1
43709 1
42854 1
41525 1
167969 1
40792 1
38249 1
40783 1
45103 1
38347 1
41574 1
38343 1
43416 1
43605 1
41117 1
38737 1
40829 1
42405 1
43543 1
41242 1
42874 1
167936 1
42524 1
37714 1
44937 1
40116 1
45042 1
38161 1
42888 1
40684 1
41868 1
37698 1
39838 1
40322 1
42184 1
44662 1
42249 1
44786 1
39872 1
38451 1
41202 1
40039 1
44213 1
39736 1
167794 1
45242 1
41409 1
40595 1
45991 1
42546 1
46067 1
41038 1
39497 1
39198 1
42879 1
39894 1
42139 1
40324 1
39674 1
41533 1
43887 1
38358 1
43946 1
40249 1
39570 1
39307 1
39998 1
40331 1
43703 1
39752 1
42887 1
41343 1
44623 1
42551 1
42019 1
167765 1
42098 1
43406 1
45745 1
46163 1
44271 1
38155 1
46297 1
43789 1
42883 1
38426 1
43631 1
41616 1
42694 1
38495 1
42441 1
40026 1
39992 1
167712 1
39948 1
41585 1
41463 1
40844 1
39472 1
44715 1
43918 1
38784 1
39679 1
42514 1
41051 1
42877 1
40491 1
167714 1
45259 1
40460 1
42620 1
42373 1
41373 1
41703 1
40641 1
41967 1
42945 1
167690 1
43009 1
44073 1
41512 1
40892 1
45963 1
42439 1
41548 1
43530 1
45673 1
43385 1
46822 1
44286 1
40840 1
44728 1
39592 1
42623 1
167620 1
39861 1
37878 1
40085 1
39289 1
45450 1
44133 1
42537 1
40089 1
41156 1
40416 1
42068 1
40946 1
41380 1
38745 1
42654 1
43542 1
39352 1
42358 1
39218 1
45840 1
38847 1
37532 1
42966 1
38821 1
42057 1
45215 1
43146 1
37666 1
41978 1
39091 1
42875 1
41646 1
41564 1
167584 1
42699 1
41516 1
43186 1
40497 1
40887 1
39891 1
41932 1
40785 1
40130 1
40517 1
43853 1
42182 1
45233 1
39388 1
40776 1
43182 1
40337 1
43114 1
44279 1
39355 1
43769 1
38937 1
167663 1
42568 1
45872 1
42424 1
44544 1
37604 1
42304 1
42363 1
43112 1
41554 1
43968 1
39012 1
44350 1
40881 1
45100 1
42503 1
42644 1
41517 1
44680 1
40751 1
39828 1
42160 1
43216 1
41228 1
44671 1
42814 1
40466 1
39858 1
41897 1
42896 1
46729 1
40742 1
38602 1
39179 1
40402 1
40310 1
40791 1
42866 1
46774 1
43663 1
43293 1
45712 1
41779 1
46275 1
39939 1
41605 1
41399 1
39941 1
39613 1
44788 1
44725 1
39567 1
167673 1
42605 1
38755 1
44052 1
39005 1
42314 1
39074 1
42928 1
41304 1
41240 1
167496 1
43064 1
39931 1
41050 1
37515 1
42371 1
43138 1
40615 1
42873 1
40139 1
41975 1
44661 1
41434 1
167473 1
38271 1
167360 1
43929 1
41992 1
46865 1
40619 1
40774 1
39187 1
38808 1
45440 1
167502 1
37788 1
43616 1
167658 1
45606 1
40975 1
40227 1
41236 1
44079 1
41397 1
38870 1
38475 1
44495 1
167545 1
40937 1
41884 1
42757 1
39226 1
41582 1
41169 1
38431 1
38294 1
42012 1
45076 1
43134 1
46336 1
42421 1
38706 1
44361 1
41028 1
41557 1
39871 1
37796 1
42202 1
31734 2
34105 2
34077 3
166801 2
33761 2
33245 2
30468 2
33036 2
32368 2
34972 2
166449 2
33257 2
34824 2
32748 2
31589 2
35417 2
33966 2
32987 2
166733 2
32646 2
35245 2
33538 2
32142 2
33070 2
35938 2
33481 2
166475 2
34776 2
33846 2
32702 2
30940 2
31781 2
35139 2
33014 2
166752 2
30681 2
32406 2
31468 2
32301 2
32023 2
33537 2
34593 2
32292 2
32614 2
32481 2
29460 2
32570 2
33241 2
33755 2
32529 2
166960 2
32883 2
32391 2
33220 2
32981 2
35127 2
30137 2
31920 2
33165 2
33100 2
31772 2
32092 2
33664 2
32026 2
31679 2
33021 2
166764 2
32637 2
33129 2
32100 2
32042 2
32070 2
32564 2
33693 2
33406 2
34540 2
33588 2
33576 2
32900 2
31343 2
34585 2
32788 2
32426 2
35680 2
31487 2
30269 2
32596 2
32699 2
34601 2
32537 2
33909 2
29936 2
31987 2
34890 2
30769 2
34806 2
30156 2
33518 2
33415 2
31316 2
30891 2
31797 2
33558 2
29984 2
34305 2
33637 2
33158 2
32609 2
33746 2
33160 2
33006 2
32944 2
33073 2
33380 2
35415 2
32294 2
32828 2
33076 2
31208 2
32158 2
32552 2
31899 2
166760 2
33149 2
166753 2
33361 2
31086 2
166935 2
34565 2
166595 2
166783 2
166614 2
34131 2
31268 2
33284 2
33646 2
31820 2
33944 2
33424 2
33797 2
166689 2
30797 2
32744 2
33688 2
32895 2
34065 2
31931 2
30233 2
33679 2
33435 2
31417 2
34173 2
34388 2
34960 2
33465 2
32400 2
31884 2
32532 2
30997 2
33567 2
32953 2
31148 2
33778 2
35308 2
30159 2
32194 2
31563 2
32332 2
166538 2
32992 2
32915 2
32524 2
33796 2
34150 3
33071 2
30729 2
31566 2
31879 2
31914 2
32191 2
33240 2
32847 2
32081 2
35363 2
33212 2
166873 2
34901 2
34804 2
33934 2
31584 2
33101 2
31622 2
34448 2
33123 2
31821 2
31248 2
30149 2
32558 2
30124 2
32923 2
31245 2
32240 2
32679 2
35199 2
29986 2
32086 2
34331 2
32752 2
32896 2
33246 2
33460 2
32530 2
33495 2
32392 2
166795 2
31972 2
33665 2
33570 2
31814 2
31426 2
33844 2
32149 2
30863 2
33273 2
30628 2
31773 2
33320 2
34801 2
32366 2
34641 2
32625 2
29826 2
32030 2
33724 2
33066 2
31470 2
34107 2
31838 2
32886 2
32106 2
33823 2
33356 2
34484 2
31936 2
30247 2
32856 2
31600 2
32090 2
33817 2
32881 2
31927 2
166578 2
33535 2
31197 2
33572 2
32736 2
32497 2
32579 2
32573 2
32021 2
35341 2
32138 2
32874 2
34209 2
32902 2
35031 2
33734 2
32968 2
33776 2
32599 2
33293 2
29634 2
31376 2
31193 2
32258 2
34311 2
166548 2
33684 2
32168 2
34183 2
32808 2
31365 2
31869 2
34178 2
32950 2
31659 2
166526 2
33573 2
32466 2
30682 2
32892 2
166588 2
32505 2
33179 2
30440 2
33427 2
32675 2
32916 2
166735 2
35190 2
35051 2
33184 2
32141 2
31817 2
31532 2
32545 2
31731 2
30894 2
30611 2
35041 2
33565 2
34682 2
35101 2
32338 2
32452 2
32088 2
33434 2
33407 2
30328 2
31678 2
35952 2
33656 2
34175 2
31769 2
166591 2
33401 2
31531 2
36198 2
33175 2
33472 2
34709 2
32741 2
30963 2
33609 2
32970 2
32582 2
32825 2
34733 2
31725 2
33610 2
34260 2
32036 2
33311 2
32589 2
33172 2
32132 2
30175 2
33319 2
32937 2
32644 2
29995 2
31399 2
32016 2
32150 2
32285 2
30895 2
31824 2
33140 2
31793 2
30277 2
35634 2
32862 2
32641 2
31050 2
31767 2
31930 2
31857 2
31560 2
33812 2
34216 2
33138 2
31565 2
32502 2
32669 2
30369 2
32760 2
31865 2
31283 2
32277 2
34570 2
30443 2
31129 2
33659 2
31370 2
31783 2
34437 2
33471 2
29550 2
31349 2
32810 2
32263 2
32383 2
34944 2
33543 2
32044 2
167069 2
35037 2
32701 2
31001 2
31536 2
33022 2
32062 2
30406 2
32293 2
166697 2
31111 2
32685 2
29834 2
31101 2
34180 2
35075 2
35530 2
166523 2
166424 2
32998 2
33613 2
33041 2
32266 2
31713 2
32932 2
32076 2
33059 2
32217 2
32586 2
33339 2
33580 2
34506 2
31627 2
30219 2
33003 2
33787 2
31364 2
32793 2
31969 2
31957 2
31766 2
34927 2
32312 2
29844 2
31986 2
33813 2
31901 2
32462 2
31750 2
31875 2
166715 2
33923 2
32653 2
32325 2
33800 2
31361 2
33183 2
32166 2
34104 2
169284 2
44605 3
167770 3
37530 3
37413 3
41273 3
46361 3
43555 3
43749 3
36428 3
38912 3
39154 3
167171 3
43461 3
38966 3
36796 3
37541 3
167236 3
43601 3
39359 3
45477 3
41973 3
38095 3
37959 3
36643 3
33328 3
34950 3
37924 3
35592 3
38063 3
167316 3
36275 3
42637 3
46441 3
41290 3
167505 3
41948 3
44837 3
37639 3
34769 3
44008 3
41725 3
167180 3
44199 3
36295 3
37806 3
36720 3
37142 3
37918 3
41388 3
45811 3
167234 3
38124 3
37819 3
39162 3
167192 3
40200 3
41138 3
37507 3
35795 3
33852 3
43997 3
167521 3
42771 3
45020 3
38503 3
37899 3
39256 3
37827 3
167039 3
43088 3
39145 3
167237 3
37500 3
44256 3
41085 3
35384 3
45321 3
39444 3
35033 3
36103 3
42998 3
46277 3
43938 3
39598 3
168226 3
37425 3
35735 3
38153 3
38241 3
46587 3
46590 3
40522 3
34348 3
41850 3
37885 3
167520 3
45784 3
36394 3
167578 3
38455 3
167862 3
37399 3
36346 3
38407 3
44198 3
36203 3
40544 3
39910 3
167818 3
35588 3
38254 3
38731 3
43415 3
34184 3
41587 3
167980 3
45515 3
39173 3
47970 3
167795 3
46499 3
36942 3
42272 3
167930 3
38052 3
47035 3
37191 3
44436 3
37256 3
40205 3
44647 3
167034 3
36725 3
45232 3
37909 3
38942 3
167554 3
40083 3
40677 3
35974 3
38243 3
167740 3
167671 3
167532 3
37174 3
35923 3
36874 3
48751 3
37555 3
45809 3
41314 3
34663 3
37304 3
41483 3
36321 3
37961 3
40194 3
40658 3
43247 3
46675 3
44063 3
39602 3
38963 3
167495 3
167628 3
40442 3
38270 3
46149 3
36481 3
36147 3
39484 3
39428 3
35192 3
167574 3
42927 3
38789 3
167057 3
42432 3
42545 3
38240 3
36063 3
42702 3
44530 3
167176 3
38212 3
45180 3
34831 3
41394 3
167607 3
41879 3
37588 3
44071 3
42890 3
44866 3
168221 3
38857 3
36668 3
36849 3
37002 3
39684 3
36376 3
167196 3
167510 3
44036 3
43894 3
45199 3
167971 3
38477 3
35073 3
42849 3
45933 3
37906 3
41174 3
36684 3
41907 3
41507 3
39417 3
37443 3
36055 3
41788 3
167858 3
38256 3
47412 3
167312 3
36752 3
38524 3
38022 3
41647 3
43588 3
38408 3
33979 3
42912 3
40518 3
166901 3
42599 3
34886 3
36499 3
47476 3
33903 3
43633 3
41645 3
167055 3
43458 3
36839 3
37315 3
167245 3
44979 3
34284 3
37624 3
37569 3
35088 3
33815 3
43762 3
38489 3
34377 3
36306 3
45314 3
47003 3
46405 3
37976 3
47445 3
42774 3
37479 3
36946 3
39174 3
37219 3
37049 3
42020 3
36096 3
167890 3
41921 3
47196 3
45686 3
37708 3
33483 3
38381 3
37963 3
38756 3
37129 3
42680 3
44336 3
38132 3
44367 3
167233 3
38349 3
33707 3
33700 3
36074 3
43741 3
40758 3
35213 3
40932 3
38881 3
167832 3
36539 3
35367 3
33947 3
40147 3
45044 3
46706 3
167920 3
167181 3
167631 3
39354 3
167043 3
35382 3
38300 3
38136 3
38748 3
41125 3
35752 3
37218 3
43693 3
38773 3
46284 3
36948 3
46560 3
45818 3
36817 3
42316 3
42273 3
37151 3
40029 3
47135 3
42199 3
48679 3
41424 3
167097 3
44613 3
36889 3
42437 3
35395 3
36573 3
40204 3
167942 3
43275 3
46920 3
43116 3
34088 3
46535 3
45236 3
44686 3
39566 3
43526 3
44375 3
41482 3
41022 3
45131 3
35522 3
45300 3
43855 3
38367 3
35061 3
44519 3
35637 3
166942 3
34541 3
46380 3
167350 3
41134 3
38803 3
38328 3
39170 3
40232 3
36740 3
167753 3
166878 3
42703 3
43574 3
36949 3
36982 3
38192 3
34097 3
35686 3
38716 3
42743 3
41715 3
34952 3
46018 3
40158 3
39784 3
46412 3
37314 3
45836 3
35220 3
167068 3
36412 3
33957 3
38269 3
36601 3
43468 3
38108 3
37763 3
37457 3
34241 3
41938 3
37333 3
37471 3
167811 3
38194 3
46115 3
35503 3
39399 3
167990 3
42060 3
35613 3
43150 3
37874 3
41295 3
37335 3
37664 3
167841 3
36941 3
37444 3
49336 3
41524 3
40777 3
37533 3
43368 3
38914 3
37669 3
167925 3
46678 3
43065 3
39854 3
36165 3
41225 3
40934 3
36195 3
46910 3
43191 3
167860 3
37667 3
39376 3
42806 3
40557 3
35745 3
44037 3
167651 3
38213 3
36332 3
40705 3
41958 3
40548 3
167608 3
167241 3
39792 3
167183 3
36323 3
167851 3
40672 3
37025 3
40325 3
37190 3
41197 3
36772 3
44399 3
45078 3
42824 3
48197 3
37628 3
38533 3
40796 3
36747 3
36814 3
36093 3
37837 3
47586 3
35904 3
35146 3
37113 3
37155 3
167645 3
33748 3
36646 3
35181 3
37461 3
44278 3
43675 3
39133 3
167394 3
47474 3
42414 3
46341 3
34702 3
168356 3
47365 3
39225 3
34364 3
38109 3
36062 3
37351 3
43345 3
38843 3
37222 3
43014 3
44677 3
44814 3
44856 3
36254 3
41649 3
38743 3
36861 3
41983 3
43902 3
37547 3
45941 3
167453 3
41527 3
42147 3
167844 3
38733 3
46949 3
167210 3
38752 3
37197 3
167846 3
40531 3
42746 3
38543 3
38686 3
37247 3
43265 3
37437 3
42403 3
45397 3
47499 3
45556 3
43634 3
167817 3
35855 3
34851 3
38346 3
37255 3
38565 3
37384 3
36038 3
37058 3
37261 3
45339 3
36792 3
44533 3
44737 3
34061 3
38768 3
37724 3
38613 3
167189 3
38598 3
37294 3
167199 3
38237 3
41257 3
43364 3
34466 3
35324 3
38355 3
44560 3
40578 3
41852 3
41893 3
38253 3
36998 3
41991 3
34906 3
43394 3
42010 3
37863 3
46832 3
167315 3
42394 3
35935 3
43650 3
40867 3
167905 3
35054 3
34941 3
167368 3
37875 3
167577 3
42166 3
45052 3
35774 3
41513 3
36798 3
48062 3
44341 3
40741 3
35487 3
40536 3
38222 3
39303 3
43479 3
36654 3
44667 3
45502 3
45157 3
36710 3
36071 3
167720 3
37181 3
38167 3
35953 3
35177 3
42099 3
43872 3
44304 3
45055 3
38734 3
44889 3
41499 3
43153 3
42146 3
39647 3
167680 3
41227 3
43387 3
35945 3
44712 3
42356 3
37045 3
43951 3
38004 3
44602 3
42955 3
34807 3
45441 3
42260 3
37232 3
36943 3
46263 3
46077 3
167371 3
39675 3
42594 3
35604 3
167754 3
167837 3
43782 3
39898 3
45813 3
44860 3
43721 3
49218 3
38201 3
44858 3
38180 3
36543 3
37029 3
167748 3
40510 3
34441 3
42133 3
44143 3
167389 3
38324 3
37326 3
42269 3
44209 3
38537 3
41874 3
37978 3
167164 3
35812 3
37027 3
45640 3
38193 3
36867 3
167789 3
36035 3
39928 3
36892 3
46305 3
167575 3
37520 3
37965 3
38822 3
35976 3
167374 3
40971 3
46553 3
37158 3
38225 3
34589 3
48572 3
34319 3
46057 3
167365 3
44030 3
38977 3
33799 3
36756 3
35743 3
167061 3
38425 3
36793 3
37435 3
43607 3
40864 3
39823 3
45561 3
40184 3
38332 3
167361 3
42251 3
40349 3
37650 3
168601 3
35692 3
39283 3
42353 3
45736 3
45507 3
36542 3
36101 3
34339 3
166979 3
44901 3
167873 3
43224 3
41588 3
43066 3
39415 3
44800 3
44220 3
37662 3
34918 3
167388 3
35327 3
38476 3
167503 3
37881 3
36284 3
42303 3
38971 3
42733 3
37440 3
40905 3
40171 3
34778 3
35515 3
167633 3
167542 3
47836 3
40480 3
36898 3
37949 3
37166 3
39918 3
38652 3
41722 3
44691 3
36396 3
168225 3
37973 3
41961 3
167813 3
37262 3
46640 3
35540 3
43068 3
38142 3
36228 3
44024 3
37929 3
46613 3
41361 3
37738 3
166940 3
38299 3
50902 4
52346 4
50038 4
49969 4
55524 4
49046 4
51684 4
46241 4
51597 4
44138 4
50130 4
53260 4
45946 4
48305 4
53663 4
47161 4
46825 4
49235 4
46839 4
169141 4
44403 4
169036 4
49684 4
45947 4
47884 4
53641 4
53757 4
47274 4
49263 4
53802 4
168626 4
47939 4
53730 4
47685 4
54360 4
44577 4
47218 4
168567 4
54666 4
169085 4
44249 4
51558 4
55093 4
169081 4
55310 4
55351 4
47198 4
46489 4
47242 4
44704 4
51704 4
51566 4
49397 4
52755 4
51401 4
52210 4
50661 4
44726 4
46811 4
48677 4
52959 4
168997 4
54319 4
50878 4
55355 4
46851 4
45924 4
48156 4
49879 4
51856 4
54227 4
53645 4
46752 4
168619 4
44136 4
47911 4
51716 4
52537 4
49167 4
48233 4
55273 4
51128 4
51183 4
50234 4
50342 4
168775 4
169155 4
45580 4
54113 4
46988 4
54315 4
49669 4
54423 4
50103 4
48451 4
52887 4
56845 4
48467 4
52005 4
50453 4
53847 4
169102 4
48703 4
48324 4
48537 4
48910 4
168055 4
168386 4
51561 4
168678 4
45005 4
52771 4
52109 4
53025 4
168624 4
46877 4
49633 4
53314 4
48100 4
54394 4
52316 4
167894 4
168776 4
168832 4
168457 4
53263 4
49877 4
169225 4
168084 4
49987 4
56072 4
54488 4
46326 4
48265 4
56401 4
49549 4
44911 4
55508 4
49975 4
52895 4
52860 4
45715 4
47291 4
49594 4
45092 4
55221 4
46488 4
168809 4
54458 4
46778 4
47907 4
47897 4
50252 4
46977 4
55580 4
168748 4
46807 4
48648 4
52569 4
47349 4
47259 4
52387 4
54922 4
55014 4
54652 4
48490 4
168968 4
47511 4
168035 4
47279 4
51641 4
54650 4
50489 4
169283 4
55929 4
45932 4
48176 4
44773 4
50629 4
51354 4
55375 4
169123 4
53310 4
47131 4
50163 4
51748 4
48271 4
50575 4
49949 4
53624 4
48048 4
44500 4
45759 4
49198 4
47227 4
51041 4
55352 4
55349 4
50959 4
47635 4
52232 4
47566 4
47602 4
50473 4
48538 4
48608 4
169132 4
50202 4
45225 4
54775 4
50885 4
51924 4
56138 4
51745 4
169128 4
49058 4
49599 4
52136 4
46712 4
48868 4
168074 4
46325 4
54424 4
54737 4
45733 4
50919 4
52393 4
48293 4
44616 4
47502 4
53178 4
52410 4
49930 4
53792 4
50610 4
48851 4
52544 4
46736 4
49676 4
52221 4
53728 4
54037 4
44635 4
54213 4
54841 4
167884 4
47271 4
50242 4
55854 4
51765 4
51985 4
50845 4
44455 4
55211 4
50949 4
54230 4
168979 4
47010 4
168107 4
50759 4
51274 4
54505 4
50521 4
47995 4
55179 4
54779 4
45943 4
49499 4
53159 4
48594 4
47429 4
48411 4
54686 4
56839 4
49992 4
48595 4
53318 4
51471 4
168680 4
49354 4
169130 4
169046 4
50087 4
46346 4
54486 4
50918 4
44517 4
45357 4
51042 4
50162 4
47011 4
169092 4
54781 4
50981 4
50312 4
168515 4
52831 4
50329 4
51100 4
53038 4
51910 4
44524 4
46888 4
47221 4
48065 4
44510 4
49241 4
51147 4
168912 4
50776 4
54246 4
45928 4
49830 4
55653 4
44890 4
51509 4
51283 4
52621 4
47837 4
54921 4
51249 4
50875 4
56438 4
52775 4
46505 4
54824 4
168306 4
54001 4
55383 4
45603 4
56161 4
47624 4
168137 4
53384 4
168859 4
49283 4
54942 4
45586 4
44005 4
45201 4
53691 4
43983 4
47969 4
55336 4
46333 4
169033 4
47363 4
52296 4
45213 4
47709 4
47244 4
44235 4
49763 4
48871 4
53009 4
45146 4
48384 4
51101 4
50217 4
48211 4
168538 4
51058 4
48078 4
50961 4
54409 4
47986 4
168782 4
44943 4
54907 4
50701 4
51336 4
169191 4
50309 4
52430 4
49004 4
47210 4
47662 4
168955 4
51326 4
45336 4
48184 4
55678 4
54417 4
46116 4
44534 4
45562 4
53848 4
53588 4
48539 4
48733 4
48485 4
50909 4
56415 4
51194 4
45503 4
168585 4
167961 4
52272 4
51062 4
52189 4
55234 4
52633 4
56409 4
48940 4
54651 4
169103 4
50859 4
53039 4
53917 4
52092 4
54293 4
169067 4
47224 4
53305 4
53435 4
55196 4
56581 4
53861 4
44654 4
168441 4
53116 4
52912 4
50671 4
46324 4
50402 4
54747 4
47998 4
48590 4
44539 4
53541 4
53925 4
50619 4
53344 4
51389 4
50602 4
45617 4
54330 4
168769 4
46307 4
168938 4
55140 4
52594 4
47617 4
47991 4
46373 4
54445 4
51122 4
50360 4
46994 4
44166 4
51428 4
169060 4
169038 4
44950 4
48049 4
49077 4
51552 4
47740 4
54117 4
52698 4
53576 4
45000 4
49728 4
169080 4
47342 4
46956 4
44415 4
44123 4
167994 4
47270 4
47608 4
169207 4
168943 4
51629 4
168827 4
50207 4
44918 4
34907 34926 0.0 3.67
42199 42251 3.75 84.29
49397 50087 11.88 127.83
167936 44494 21.88 53.65
50130 50619 7.5 94.59
36306 36542 1.25 76.74
36756 36710 11.88 74.53
34077 33957 15.0 72.83
53025 53663 5.0 135.62
32132 166697 0.63 34.43
41236 41434 11.25 46.89
33700 33328 5.63 114.68
47624 47244 3.75 81.21
42694 42724 0.63 37.11
40116 39998 11.88 50.25
35656 35349 0.63 98.13
33934 166873 0.0 8.94
35213 35382 12.5 55.77
33184 33006 3.75 56.08
41897 41557 1.25 83.29
35073 35192 3.75 76.87
34176 34366 2.5 91.53
46590 46560 0.0 6.56
32076 32086 0.0 5.42
46284 46640 17.5 78.99
32092 31679 15.0 150.11
41409 40975 1.25 129.36
42724 42694 0.63 37.11
45225 45213 3.75 121.08
40230 40472 13.75 77.96
47583 47264 2.5 80.42
37530 37763 0.63 64.47
32614 33041 6.88 144.16
34391 34280 0.0 37.49
37949 37874 3.75 23.45
33070 33165 3.13 52.77
34944 35021 3.75 114.2
54037 53435 29.38 130.91
34339 33852 0.63 149.22
39570 39828 3.13 79.87
167795 43065 4.38 34.46
35031 34801 12.5 112.03
46712 46346 8.75 67.5
31531 31197 11.25 124.85
33866 33471 1.25 146.63
35041 34804 7.5 108.16
45005 168055 5.0 84.61
36096 35945 3.75 48.32
40331 40249 3.75 30.51
43663 43703 1.25 51.97
168979 53925 1.88 98.34
167241 37222 0.0 30.82
32886 32625 1.88 87.08
44393 44271 0.63 26.24
46774 46729 0.0 15.0
35453 35908 3.13 134.48
35686 35923 3.75 100.13
33659 33984 1.88 104.88
40460 167545 0.0 28.12
38004 37963 2.5 46.99
33339 33240 8.75 88.58
34824 34570 9.38 110.01
46949 47445 11.88 127.69
48062 48679 0.0 129.36
42022 41472 20.0 143.88
49728 49930 20.63 42.09
41117 40842 0.63 86.37
43946 44671 0.0 147.17
39352 39388 3.13 14.0
31531 31376 0.0 81.18
45709 45991 3.75 71.18
35079 35036 6.88 63.75
34625 34565 11.25 59.27
43978 43498 27.5 113.15
35051 35101 0.0 24.42
41472 41252 1.88 52.21
38213 37909 8.75 129.16
34107 34183 3.13 53.03
47474 48062 3.75 128.92
50701 50207 0.0 93.85
51194 50671 54.38 114.85
37965 37961 9.38 62.13
47995 47969 11.25 102.36
32586 32537 0.0 29.1
44728 44937 45.0 100.87
34918 35073 1.25 44.03
32026 32081 11.25 135.15
50661 50242 15.63 77.43
49499 50103 9.38 115.49
40791 40840 5.0 26.06
35127 35139 5.63 65.24
35382 35213 12.5 55.77
40026 40088 6.25 38.03
31772 31797 4.38 60.53
167663 41695 15.0 68.34
52346 52232 8.13 91.41
36063 36165 7.5 88.57
32021 31875 3.13 144.05
36725 36942 1.88 64.61
34441 34364 0.63 50.29
167651 41524 0.0 55.22
54113 54001 15.63 47.01
43968 43530 1.25 108.04
166912 34845 0.0 141.47
44036 44367 3.75 76.49
38052 38004 6.25 60.64
168084 45562 4.38 127.22
44608 44583 0.0 11.35
41397 41202 4.38 70.26
38168 37788 3.13 103.4
39918 39598 13.13 101.34
48851 48733 13.13 111.24
39939 40039 0.0 55.68
44726 44500 5.0 43.07
55854 55653 134.38 37.76
35395 35324 41.88 49.97
36948 36684 8.13 80.12
167577 40758 0.63 8.71
44530 44436 6.25 109.81
36093 36412 6.88 84.07
34902 35221 0.0 120.37
45932 45603 5.63 75.27
42432 42146 18.13 68.42
167680 41948 0.0 9.91
38941 39300 5.63 77.77
35367 35181 2.5 73.09
41897 41868 2.5 79.69
40282 40324 1.88 49.15
45232 45477 7.5 49.63
41513 41507 4.38 50.67
38830 38847 3.75 12.33
41373 41441 5.0 146.86
44136 44005 4.38 36.2
167765 42421 23.75 88.7
40147 39918 61.25 56.59
36481 36725 8.13 120.13
47224 46807 11.25 88.32
33471 33866 1.25 146.63
43458 43526 0.0 49.28
53641 53541 18.75 86.91
33093 33030 4.38 79.15
41388 167628 0.0 113.92
33407 33427 4.38 18.86
42363 42568 15.0 64.19
35593 35360 10.0 137.67
167818 43247 3.75 14.06
51100 51704 33.13 144.61
35952 35680 0.0 111.39
44399 44367 1.25 9.16
40842 40750 0.63 63.59
37806 37819 4.38 19.95
53305 53314 11.25 79.09
37827 37881 1.25 46.78
167720 42269 0.0 78.26
35890 36054 62.5 101.93
46777 46822 2.5 12.3
39941 40008 1.88 42.81
33021 32788 0.0 82.34
35855 35795 3.75 18.91
43112 42644 34.38 109.25
52296 52544 6.25 42.31
33724 33472 13.13 74.53
32497 32426 1.88 31.61
40937 40447 11.88 135.59
42422 42436 0.63 43.59
50575 50162 16.88 76.17
34183 33761 5.0 131.03
169207 56072 0.0 3.85
167365 38524 3.13 122.98
44109 43887 4.38 55.91
34801 34972 3.13 61.34
34831 34941 3.75 66.76
35360 35180 5.0 91.17
33923 34209 1.88 95.48
42503 42694 5.0 46.09
39838 40085 0.0 61.36
51194 51147 11.25 69.89
43025 43385 8.13 116.29
48293 48248 0.0 92.48
34589 34541 5.63 31.44
44918 44943 2.5 120.92
169283 56839 0.0 3.07
40741 41125 8.13 96.27
38748 38533 6.25 59.79
32294 32191 1.25 46.6
55524 169225 0.0 109.68
42012 41585 6.88 110.04
42966 43543 18.75 138.78
43872 43749 1.25 53.61
46851 46488 9.38 95.76
31783 31659 3.13 75.84
37437 37662 0.63 77.95
38743 38752 0.63 24.93
167800 42883 1.25 43.12
50087 50130 13.75 35.62
50309 50759 3.13 84.83
35580 35854 6.25 71.42
38222 38240 4.38 110.14
30219 30406 3.13 129.69
33138 33160 0.63 68.45
29984 30137 3.13 62.35
47624 47617 4.38 82.99
33427 33407 4.38 18.86
38022 37547 27.5 126.02
30681 30440 9.38 114.81
33460 33339 1.25 85.09
34769 34807 1.25 17.63
37724 37837 1.25 103.72
38253 38237 0.0 23.69
33138 33129 2.5 64.39
42594 42199 7.5 96.14
30247 30440 2.5 72.48
40466 40887 5.0 115.81
38095 37963 5.63 101.24
41879 41527 3.13 113.29
35935 35604 6.25 88.7
46441 46535 0.63 25.81
46535 46678 0.63 35.41
32564 32579 2.5 73.29
39854 40204 7.5 97.76
43616 44079 5.63 105.23
38755 39198 4.38 110.02
40578 40777 5.63 59.61
53925 168979 1.88 98.34
37443 37650 31.25 92.19
32368 32293 3.13 25.08
34345 34363 1.25 81.15
34183 34107 3.13 53.03
40047 39473 6.25 144.02
34280 34200 0.0 26.85
30175 30137 0.0 22.21
56138 169225 5.63 14.01
55375 55234 4.38 23.8
39091 39074 1.88 14.28
43368 167811 0.0 51.59
37443 37906 3.13 125.64
42927 42743 3.75 44.35
45357 45928 13.75 122.79
33799 33979 1.25 57.41
36379 36488 0.0 65.79
167714 42139 18.75 56.43
36101 36321 3.13 106.18
40510 40480 0.0 52.08
48411 48868 8.13 89.81
47991 48049 1.25 80.16
41858 42247 0.0 123.04
41295 41361 9.38 90.51
41587 41227 16.25 86.47
32044 32258 1.25 87.35
39376 39354 0.0 20.9
51283 51194 7.5 17.6
47566 46988 12.5 129.9
36101 36332 5.0 105.31
40776 40751 3.13 112.46
47952 48217 3.13 61.03
40877 167556 1.88 90.01
33979 33903 0.63 40.31
30797 30682 1.88 91.12
34806 35075 6.25 93.71
34901 34641 10.0 112.11
31766 31584 0.63 97.75
32277 32301 0.0 39.84
36889 36943 0.63 56.61
43711 43416 6.88 140.15
53847 53263 0.63 117.73
53039 52569 4.38 84.69
166795 32932 7.5 107.65
48065 48490 18.75 88.1
39898 39647 6.88 67.95
41788 41388 0.0 116.37
40595 40517 3.13 123.85
46613 46949 5.0 77.65
47624 48100 6.88 101.56
31797 31772 4.38 60.53
167368 38537 0.0 22.03
40829 40937 10.0 52.46
37588 37881 4.38 81.75
43749 43872 1.25 53.61
43902 43607 9.38 76.6
33799 33852 5.0 67.3
167884 44005 4.38 40.8
32285 32573 5.0 145.84
30769 30863 1.88 39.81
53730 53624 1.25 52.14
31148 31197 3.13 110.56
45314 45502 3.75 67.94
45922 45954 0.63 6.81
45215 45249 10.63 10.51
46336 45872 9.38 99.08
37399 37530 3.13 90.31
31901 31781 2.5 56.52
41252 40700 12.5 136.23
53260 53038 21.25 69.63
37314 37333 0.0 7.95
33361 33311 5.0 46.61
40383 40116 6.25 80.9
52232 52346 8.13 91.41
40891 40911 11.25 18.57
38109 38132 1.25 7.32
32702 32892 4.38 69.41
33245 33495 0.0 94.5
37929 37965 5.63 73.68
37976 167316 0.0 30.22
32452 32637 3.75 65.1
31208 30894 0.63 118.79
41225 41174 0.0 18.1
50242 50661 15.63 77.43
52005 51401 6.25 114.61
41383 41533 8.13 82.81
39179 39289 15.0 78.0
42551 167712 2.5 49.68
40765 40684 0.0 52.83
46401 46752 1.25 67.58
54417 54486 1.88 32.0
40205 167505 3.13 55.61
44583 44433 0.0 30.71
38803 38768 1.88 51.97
38803 38731 0.0 20.75
42133 42680 10.0 134.06
34165 34156 0.0 18.27
42724 42874 0.0 37.81
32505 32937 6.25 149.85
38343 38161 4.38 79.13
42875 42436 0.63 106.28
50162 50575 16.88 76.17
42019 42011 1.25 57.0
38240 38241 0.0 1.8
56401 55854 3.13 103.73
51856 51274 14.38 113.89
45180 45321 2.5 48.68
43855 43951 0.0 132.74
52092 51471 11.88 116.1
47969 47510 3.75 104.46
47566 47662 3.75 17.16
42877 43134 7.5 62.48
37235 36913 11.88 92.71
37928 38445 0.0 152.21
168943 52959 37.5 72.78
55375 169130 23.75 23.83
47035 46949 0.0 29.92
43634 43555 1.88 18.59
42605 42186 10.63 124.35
41495 41582 6.88 78.88
35181 35220 0.0 14.72
41814 41884 10.0 78.71
41992 42086 1.25 51.61
31426 31560 8.75 87.45
34023 33991 0.0 59.56
37427 37098 4.38 137.46
34097 34284 1.88 130.74
44079 44133 0.63 10.23
36542 36306 1.25 76.74
31838 31930 0.0 31.44
40194 40442 6.25 62.87
41587 41645 13.13 84.93
41295 40864 13.75 103.03
31470 31584 0.0 35.93
167180 167171 0.0 101.42
40491 40402 43.13 111.84
45078 44667 0.0 98.11
30277 166475 0.0 138.89
40792 41009 0.0 71.47
42184 42011 9.38 44.31
40742 40497 10.63 81.83
34877 34964 2.5 134.09
34394 34386 1.88 44.65
51856 51745 11.25 108.42
44935 167950 10.0 87.45
44667 45078 0.0 98.11
53038 52387 54.38 119.44
53039 53541 14.38 101.46
46115 46305 1.88 75.14
167575 167577 0.0 13.52
32042 32150 0.0 58.66
42432 42599 1.88 118.79
167043 35220 1.25 53.87
33179 32895 7.5 107.4
44866 44737 0.0 48.03
30233 29936 0.0 143.29
36412 36710 5.63 80.91
42545 42432 8.13 24.6
31857 32149 5.63 104.52
32141 31817 5.63 115.54
43605 167881 17.5 108.86
36747 36817 0.63 47.64
31426 31349 8.13 87.61
38294 38706 0.63 115.81
37837 37924 0.0 20.84
169036 54651 0.0 111.28
37666 37788 6.25 97.54
34541 34589 5.63 31.44
38253 38256 0.0 12.17
50671 51194 54.38 114.85
34944 34776 10.63 90.44
35308 35127 1.25 56.06
40891 40602 6.88 84.55
33909 33776 0.63 55.99
40349 40705 8.13 104.88
47264 47510 1.88 62.09
39613 39300 3.13 78.02
43838 43700 2.5 30.46
46807 46825 5.63 77.96
45321 45339 1.25 9.86
40777 41227 17.5 104.04
30682 30769 1.25 88.97
44030 43721 2.5 76.77
39939 39941 3.75 50.72
167837 43247 0.0 52.86
40044 40491 0.63 115.03
41972 42022 6.25 86.67
37569 37541 1.88 116.72
39415 38803 5.63 146.4
46499 46587 0.63 31.63
31969 31766 3.75 74.15
46412 46590 10.63 61.56
41125 40741 8.13 96.27
36286 36319 0.0 10.36
33947 33815 3.13 90.12
45933 45502 1.25 113.68
47035 47264 1.25 76.08
168035 45201 10.63 126.86
49599 49397 17.5 138.34
39567 39800 0.63 77.8
40231 40497 3.75 81.83
39736 39992 0.0 78.4
44635 44911 11.25 118.79
36346 36756 4.38 113.54
30891 30895 0.63 34.49
40937 41007 19.38 54.55
32240 32564 0.63 111.38
38803 38789 0.63 24.18
33160 33138 0.63 68.45
45092 45336 10.0 90.46
46535 46441 0.63 25.81
34175 34448 1.25 106.36
47685 47131 12.5 114.83
37098 36782 0.63 137.44
36272 36198 5.63 29.35
43951 43855 0.0 132.74
34101 34023 0.63 23.42
166578 31364 0.0 95.12
35606 35302 0.0 133.17
52430 52698 0.63 48.51
37569 37875 2.5 94.78
39326 39355 1.25 31.09
42403 42437 20.0 18.96
37906 38124 3.75 63.06
46057 46361 0.0 66.21
32808 33073 3.75 91.62
50629 50473 16.88 110.66
43951 43782 4.38 39.25
38271 38495 10.63 74.71
44813 44583 0.63 50.61
42694 42896 4.38 47.12
50252 50163 2.5 22.52
33030 33011 0.63 35.75
51354 168775 0.0 33.48
49669 49969 4.38 110.92
52136 51629 21.25 91.75
32293 32030 1.25 108.79
53009 52221 45.0 135.55
32406 32582 13.75 86.26
51336 168769 0.0 9.51
44773 44726 5.63 65.79
44737 44712 5.63 6.22
34778 34918 2.5 44.24
42303 42020 5.0 74.2
33787 33472 4.38 113.57
46305 46149 19.38 39.91
44613 44647 1.25 40.04
48305 48048 1.25 56.43
53792 54423 2.5 131.69
46712 46839 3.75 25.31
44647 44677 0.0 20.67
46467 46163 26.88 110.82
39642 39613 1.88 124.56
46778 47198 3.75 94.52
38347 38271 0.63 61.28
168912 52698 0.63 78.2
41233 41169 6.88 20.5
39173 38971 0.0 96.41
38942 38748 5.63 117.39
38324 38408 2.5 24.8
44544 44786 1.25 52.99
31208 31566 28.13 119.81
54942 54486 15.0 74.17
41548 41516 10.63 109.02
36942 36998 0.0 74.12
41236 41291 5.0 79.1
35003 34701 0.0 133.17
35417 35199 1.88 78.34
32338 31987 25.0 136.07
169067 169038 35.0 78.93
54737 54360 9.38 93.09
33273 33073 3.75 58.18
32391 32614 6.25 86.91
43574 43633 0.0 77.21
166735 32685 0.0 67.35
46590 47196 33.13 146.32
51428 51765 0.0 109.71
54330 54227 25.63 38.01
50207 50342 5.63 115.82
37541 37588 3.75 29.98
32847 166783 0.0 63.24
44577 44403 3.75 76.05
33748 33799 10.63 60.04
31565 31468 0.0 121.87
31713 32023 0.0 105.88
38652 38716 3.13 32.08
49633 168457 3.75 122.22
32992 32701 3.13 101.45
48100 47624 6.88 101.56
43186 43146 3.13 111.05
41920 42046 3.13 56.35
32138 32100 0.0 54.74
35487 35324 0.0 52.76
31901 31767 0.63 76.03
50909 50961 0.0 11.67
37193 37235 6.88 73.46
32537 32570 0.0 13.61
34964 34744 9.38 62.9
37899 37669 23.75 120.37
46736 46712 11.25 128.45
44249 43983 3.13 61.13
36684 36948 8.13 80.12
36366 36504 17.5 71.0
43368 43364 0.63 8.81
33311 33588 12.5 119.66
32383 32570 7.5 95.46
38847 39289 8.75 103.5
41050 40791 5.0 83.99
35706 167042 0.0 103.42
38773 38966 5.0 70.2
48305 48594 20.0 67.86
35622 35960 9.38 140.79
34941 166979 1.88 139.93
48539 48490 15.63 60.89
47991 47939 18.13 60.85
42551 42363 4.38 82.56
167832 43368 3.75 55.19
39684 39566 10.0 148.08
35964 35699 6.88 122.65
39828 39570 3.13 79.87
35613 35735 0.0 90.1
37738 167312 0.63 77.82
38142 38136 2.5 6.43
42469 42356 4.38 70.94
35075 35190 8.13 58.79
43182 43509 3.75 99.61
41814 41646 8.13 45.47
43741 43265 2.5 109.69
167510 40083 5.0 75.48
167873 43782 0.0 58.22
35532 35643 0.63 30.93
43125 42699 3.75 99.78
38142 38194 0.63 47.09
41295 41273 6.25 37.13
43465 43406 16.25 37.64
46822 46777 2.5 12.3
46297 46777 8.13 134.2
30369 30628 1.88 98.58
40602 40282 5.0 85.22
45712 45233 33.75 94.94
37624 37763 7.5 87.16
37029 37166 3.75 97.98
54907 54686 150.0 42.91
33071 32992 1.88 44.79
37520 37949 1.88 146.58
45180 45686 16.25 115.22
40282 40231 1.25 23.07
42699 42822 5.0 72.7
167620 41311 1.88 18.57
46888 46522 0.0 73.41
43723 43169 73.75 149.52
168515 168441 51.25 113.88
38081 38249 15.63 130.8
43415 43116 9.38 72.89
33659 33610 5.63 58.61
31899 31750 0.63 54.83
166697 32132 0.63 34.43
44510 44136 3.13 91.98
32166 166689 0.63 8.22
34804 34601 0.63 74.22
53159 53344 13.13 45.02
36284 36428 5.0 84.56
40548 40905 12.5 99.72
32998 32900 0.0 41.28
43088 43479 0.63 95.49
48648 48305 0.63 66.31
42743 42927 3.75 44.35
31781 31627 3.75 118.3
42316 42353 0.63 28.87
39598 39173 15.63 143.87
46341 46499 0.0 28.67
42874 42866 2.5 25.85
30269 30369 3.13 79.89
33957 33660 5.63 100.39
33273 33212 2.5 66.87
52912 53116 7.5 37.99
37315 37142 2.5 89.18
44198 167930 0.0 31.11
45213 45225 3.75 121.08
34679 34625 5.63 58.81
37261 37190 11.25 119.75
48733 49354 11.25 116.1
33800 33613 1.88 91.68
33944 33572 8.75 131.67
32596 32828 7.5 122.2
33755 33813 0.63 27.72
33761 33664 0.63 39.72
40325 40200 3.75 73.45
39675 39225 11.25 114.93
42887 167765 4.38 23.36
47227 47502 3.13 63.0
167001 35436 1.25 105.63
47586 47970 4.38 122.34
35743 36165 6.88 128.01
42158 41903 2.5 81.93
36861 36772 2.5 27.14
36096 36203 3.75 79.79
40776 40619 3.75 50.55
32896 33014 2.5 56.45
51745 51122 8.75 115.45
46297 45713 12.5 138.4
30628 30443 4.38 138.34
47349 47011 24.38 78.21
38426 38347 3.13 75.23
46839 46977 3.75 25.54
38124 37906 3.75 63.06
35785 35447 0.0 98.33
38789 38803 0.63 24.18
42127 42057 4.38 79.68
37788 37666 6.25 97.54
36228 36063 2.5 66.76
38300 38225 1.25 112.56
31931 32036 3.13 69.7
168356 47365 0.0 115.96
38081 38451 5.63 111.3
41585 41856 5.0 90.18
38631 38602 1.25 17.78
32847 32644 16.25 86.08
33565 33567 0.63 14.73
33100 33434 6.88 99.03
41081 41558 9.38 132.79
41311 41383 2.5 52.44
47003 47135 1.25 60.91
41441 41228 2.5 52.15
41967 42139 9.38 139.53
46326 46988 10.0 129.9
168515 168567 38.13 82.32
38256 38193 0.0 48.27
47198 46851 7.5 75.71
33071 32679 1.88 142.61
33003 33158 32.5 65.33
41314 41174 1.25 36.43
36636 36296 4.38 97.87
38132 38109 1.25 7.32
42686 43008 1.25 98.06
32950 32599 21.88 123.09
42060 41722 0.0 119.47
44436 44375 20.0 85.95
44494 167936 21.88 53.65
41257 41138 0.0 41.08
34270 34363 4.38 33.44
31879 31914 0.0 23.67
38870 38602 7.5 69.1
45336 45503 0.0 33.72
47511 47242 15.63 58.05
31470 166591 0.0 85.89
45420 45103 20.0 70.88
39875 39861 0.0 5.51
44005 167884 4.38 40.8
44814 45055 13.13 77.92
42743 42594 5.63 39.59
32466 32596 2.5 60.93
42127 41975 5.63 42.7
31783 31622 0.0 80.49
37256 37190 2.5 23.01
51249 168769 0.0 145.03
31399 31622 0.0 82.0
44271 44213 10.0 108.76
35041 34890 0.0 51.26
41394 40971 10.63 99.2
167818 42680 18.75 134.06
32258 32044 1.25 87.35
33284 33319 6.25 13.73
34589 34831 13.13 126.77
52346 52569 5.0 42.19
39992 39925 5.63 50.38
36428 36839 5.0 113.11
46825 46807 5.63 77.96
36360 36026 7.5 98.59
42160 41862 22.5 142.96
33813 33538 1.25 83.36
34175 34131 0.63 20.95
43601 44143 2.5 125.0
33987 33939 6.25 53.67
42099 41587 15.63 133.9
48176 48733 11.25 112.69
46413 46675 12.5 105.27
43934 43764 6.88 83.35
38225 38153 3.75 109.15
35735 167097 1.88 79.53
38977 38565 3.75 102.43
167740 42251 0.63 138.8
41361 41314 1.25 12.19
37479 37435 5.63 28.92
29984 30156 0.0 133.23
31563 31679 1.88 43.38
38455 38425 2.5 109.03
49283 168515 5.0 59.12
33700 34061 1.88 114.73
29634 29986 12.5 128.86
35637 35382 8.13 82.19
44063 44037 0.0 47.61
40310 40130 3.75 58.81
47224 47227 8.75 38.27
56072 56138 1.25 15.68
43142 43525 5.63 90.86
33567 33609 0.0 13.0
35031 34901 1.88 45.4
167858 43588 0.0 63.98
53728 53802 5.63 33.41
44367 44399 1.25 9.16
37166 37294 0.63 107.45
32881 32810 8.13 95.37
30894 31208 0.63 118.79
39602 39173 6.25 110.1
37628 37440 2.5 81.82
33183 32981 0.63 76.64
42394 42890 16.25 121.32
37961 37708 18.75 133.39
37155 37191 0.0 8.1
39882 40322 1.25 111.7
36654 36481 10.63 67.24
31193 31248 0.0 26.44
36366 36697 6.25 97.67
40791 40742 6.25 21.73
44524 44047 3.75 94.31
32741 32932 3.13 109.09
39828 40088 0.63 79.87
33799 33748 10.63 60.04
43150 42733 16.25 135.72
47635 47602 0.63 4.01
54445 54001 2.5 128.81
51274 51122 6.88 110.96
52633 52092 6.25 91.76
38752 38743 0.63 24.93
31713 31589 8.13 71.14
50163 50217 1.25 21.85
50453 168680 77.5 29.15
50342 49830 1.88 99.85
45249 45673 5.63 83.74
47010 46994 5.63 128.34
53039 52887 8.75 112.0
35088 34941 8.75 87.24
41706 41380 1.88 111.58
40741 167578 3.13 58.46
37708 37650 16.88 38.91
38613 38565 5.0 62.28
53861 168997 0.0 33.95
31268 31399 0.0 54.8
38299 38243 0.63 17.79
47499 47412 0.0 20.09
49684 49058 4.38 114.87
30997 30895 7.5 132.66
36195 35904 0.63 89.79
35199 34972 3.13 111.77
34744 34679 4.38 79.28
43394 167860 5.63 81.04
43650 43634 0.0 2.32
41695 41397 14.38 81.7
41291 41236 5.0 79.1
43616 43375 8.13 101.78
33776 33817 0.0 24.57
32149 31857 5.63 104.52
168386 47709 50.0 106.08
51597 52232 11.88 117.12
47210 47224 11.25 117.33
33138 32883 1.88 79.96
46706 47068 8.13 74.82
41434 41554 10.63 26.22
55678 56438 1.88 144.75
42883 42945 12.5 39.2
38167 38192 0.0 24.6
44524 44534 18.13 89.59
42046 42405 2.5 107.76
32675 32736 2.5 32.33
38299 38476 5.0 53.48
35181 35061 4.38 63.66
31316 31283 0.0 28.49
167521 40480 0.0 59.51
40840 40891 16.25 27.39
43634 167851 1.25 62.17
52210 168827 18.13 40.88
35276 35360 6.25 105.6
53260 53305 2.5 32.78
43247 167837 0.0 52.86
36720 36275 5.0 121.64
31725 31884 6.25 76.31
35051 34944 4.38 59.43
37058 36793 5.0 112.76
51856 52005 20.63 102.05
35844 36142 5.0 98.26
42413 42422 1.25 54.42
40684 40765 0.0 52.83
44030 44220 10.0 66.98
33100 33140 6.88 49.67
32570 32537 0.0 13.61
38745 38706 10.63 45.45
34739 35048 0.0 108.37
29984 29834 0.63 59.08
41038 40750 5.0 75.52
47221 46956 0.0 96.19
43709 43755 0.0 13.02
46949 46640 10.63 115.27
32532 32391 0.0 59.22
43838 167936 31.25 110.41
46640 46949 10.63 115.27
44534 44539 18.75 90.07
37541 37569 1.88 116.72
32141 32462 5.63 115.59
33036 33041 0.0 59.08
43065 43088 1.88 34.22
39633 39497 21.88 113.2
35549 35343 1.25 59.16
41527 41394 11.88 32.27
35190 34972 10.0 77.68
44601 44715 3.75 37.2
34097 34088 0.0 4.52
42822 42699 5.0 72.7
37218 37294 4.38 63.39
36228 36284 2.5 14.47
31884 31936 7.5 126.72
32138 32502 1.25 130.71
40783 41156 0.0 91.72
41009 40785 1.88 88.26
33558 33538 0.63 33.99
56409 55929 65.63 85.26
44737 45180 17.5 110.42
39484 39784 4.38 76.92
43711 43477 1.88 53.61
39074 39091 1.88 14.28
51748 168827 35.63 54.77
41990 41932 5.63 86.7
31470 31376 0.0 81.73
41434 41236 11.25 46.89
167945 44350 26.25 20.5
31560 31563 0.0 1.7
34053 34060 0.0 18.04
37819 37806 4.38 19.95
42010 41991 0.0 5.97
34801 34641 0.63 47.98
44786 44788 0.0 43.94
32194 32090 0.0 35.46
41527 41513 8.13 69.41
36490 36360 8.13 67.73
43633 43468 4.38 40.08
41703 41646 7.5 79.18
54113 54227 24.38 37.42
45507 45736 3.13 57.29
40785 41009 1.88 88.26
43178 167829 16.25 89.35
33660 33415 3.75 85.95
44519 45020 9.38 113.25
43918 44455 9.38 132.97
34060 34200 0.0 45.32
35409 35343 0.0 102.05
37190 37256 2.5 23.01
38533 38686 3.13 107.03
167945 44623 20.63 65.87
35190 35417 14.38 111.55
168619 168624 0.0 22.82
33328 33700 5.63 114.68
40557 40536 0.0 51.68
32285 32406 2.5 59.62
44455 44577 0.63 22.59
33588 33637 1.88 54.06
42966 43025 12.5 51.46
45515 45561 9.38 89.12
39882 39861 0.0 5.66
45233 44788 33.75 94.94
36867 167234 0.0 57.6
41174 40934 10.63 66.03
37763 37530 0.63 64.47
51058 50661 15.0 77.43
42422 42866 5.63 115.76
38010 37900 3.75 83.33
36814 36720 2.5 114.18
51748 51283 13.13 96.44
31370 31365 8.75 61.46
42247 42686 5.0 123.4
44235 44166 0.0 15.42
38565 38489 8.75 102.77
53691 168943 28.13 112.67
36798 36982 9.38 113.88
34927 34733 2.5 62.73
37425 37158 3.13 115.1
43385 43025 8.13 116.29
53344 53159 13.13 45.02
49263 49354 10.63 67.07
40905 40934 5.0 61.96
49058 49046 0.0 11.7
37129 37255 10.63 115.44
53757 53917 0.0 42.18
47511 47907 14.38 80.46
42643 43064 4.38 96.08
38808 38870 7.5 65.6
54213 53691 33.75 113.46
37965 38108 2.5 38.86
36394 36275 0.63 93.66
41725 41483 1.25 85.21
38407 38489 7.5 102.71
52005 52430 3.13 73.08
45314 44856 16.88 114.95
45736 46018 4.38 113.98
55653 55508 0.0 64.05
44455 44654 3.13 42.94
31814 31884 21.25 100.42
47476 47196 10.63 65.17
33664 33761 0.63 39.72
44704 44235 23.13 112.57
35139 35041 6.88 42.5
42011 42184 9.38 44.31
33066 32950 16.88 72.41
167097 36035 0.63 99.21
38024 37567 0.0 147.73
35532 35728 0.0 102.5
38937 39226 6.88 66.84
43872 43345 10.63 122.12
41649 41722 0.0 20.23
39567 39679 1.88 45.93
37197 36948 11.25 78.05
34972 35190 10.0 77.68
42879 42887 6.88 88.07
43509 43182 3.75 99.61
47244 47624 3.75 81.21
32088 32168 0.63 28.6
48065 47635 20.0 88.12
31101 31001 107.5 132.55
33665 33361 1.88 88.99
167097 167055 5.63 95.66
41972 41479 7.5 124.37
37025 37049 0.0 19.15
39303 39174 6.88 68.12
54747 169081 1.88 51.86
32277 32240 3.13 68.39
48537 48703 0.0 38.09
41810 41548 2.5 97.37
40024 40447 7.5 107.04
41972 41907 5.63 118.44
42771 42824 0.0 13.08
38254 38328 1.88 22.12
44533 44256 1.88 59.72
34180 34104 2.5 26.24
54922 55524 0.0 108.76
37471 37500 0.0 8.02
42146 41938 1.25 85.51
47499 47835 0.0 67.7
36226 36366 16.88 68.58
47259 47884 11.25 146.72
46326 45947 5.0 80.09
32552 32368 0.0 82.98
41533 41525 6.88 48.2
32736 32675 2.5 32.33
42421 167765 23.75 88.7
47221 47161 0.0 30.13
32258 32142 1.88 90.3
39998 40116 11.88 50.25
33257 33036 2.5 63.05
37219 37444 11.25 66.27
32744 32788 0.0 16.21
35363 35634 9.38 143.6
31767 31901 0.63 76.03
46877 47218 5.0 77.65
30124 30149 0.0 10.87
41482 41588 0.0 60.25
46826 46673 3.75 75.31
48572 47970 14.38 138.86
33273 33311 9.38 32.73
33734 33646 5.0 49.59
31817 31487 17.5 115.38
41483 167628 0.0 19.39
37413 37863 6.25 143.52
167505 167503 0.0 8.72
35532 35446 0.0 23.44
50949 51128 6.88 30.57
34824 35037 13.13 142.02
32793 32641 5.0 73.12
42304 42620 1.25 88.0
32138 31920 2.5 76.53
54747 54319 5.63 71.43
168601 49930 0.63 68.25
168748 50919 3.13 50.64
37965 37929 5.63 73.68
44209 43675 30.63 113.47
38881 38822 0.63 39.22
47884 47907 4.38 39.34
43518 43703 9.38 119.74
42166 42437 3.13 71.08
42008 42019 3.13 47.79
33572 33656 3.13 50.05
32702 32545 3.13 87.26
44661 44671 8.13 11.01
45818 45515 6.25 72.35
39931 39679 4.38 81.56
41028 40975 9.38 83.07
31824 31750 3.75 102.51
36038 36295 0.63 68.52
44715 44828 11.88 71.35
46736 46752 6.25 128.45
39674 39642 3.13 124.56
42413 42724 1.25 79.95
54488 54922 121.25 73.73
43228 43357 0.0 34.01
37588 37461 1.25 71.65
36428 36195 0.63 65.19
32793 32923 18.13 65.34
37181 37232 6.88 135.56
33817 33776 0.0 24.57
167025 35458 0.0 108.77
42082 42139 2.5 15.27
37978 37667 4.38 107.57
51122 50629 7.5 96.52
40496 167556 1.25 77.55
48538 48467 2.5 79.22
39354 39225 1.25 38.91
37333 37479 1.88 41.15
36396 36481 5.63 53.95
39941 39939 3.75 50.72
31627 31565 0.63 22.06
45515 45818 6.25 72.35
37500 37874 3.13 130.68
40460 40447 3.75 23.59
41512 41373 6.25 33.71
40056 167537 0.0 93.85
37918 37533 1.88 100.8
36481 36654 10.63 67.24
167505 40205 3.13 55.61
46706 46675 5.0 12.27
44058 43525 13.13 116.94
45745 45420 9.38 68.73
35193 35276 0.63 105.6
34364 34339 1.88 18.01
39679 39567 1.88 45.93
43138 43134 1.88 65.42
41788 41921 0.0 61.99
43997 44030 3.13 68.59
46822 46865 38.13 98.64
43663 44213 5.0 119.49
36075 35981 6.25 60.33
40337 40341 0.63 23.59
40416 40392 1.88 47.2
47035 46832 4.38 76.99
43024 42887 6.25 30.86
45076 44662 8.75 96.04
43509 43525 5.0 89.03
33813 33755 0.63 27.72
40978 40840 2.5 32.06
41227 41273 7.5 95.54
31679 31566 9.38 34.81
49499 49633 15.0 112.87
44725 45100 7.5 77.5
35395 34950 5.0 145.3
42022 41972 6.25 86.67
51401 51274 8.75 99.49
34709 34540 2.5 54.1
47279 46888 3.13 83.77
32505 32092 11.25 149.55
37191 37155 0.0 8.1
32294 32366 4.38 34.07
35976 36147 2.5 129.06
38381 38349 3.13 83.03
34209 34107 0.63 62.28
168074 168137 60.63 106.1
55196 169132 0.0 82.1
40867 40557 0.0 87.09
167097 35735 1.88 79.53
41862 41564 13.75 74.73
33455 32970 11.88 147.31
41874 41893 1.88 74.33
47970 47586 4.38 122.34
33158 33435 6.25 105.83
46678 168225 5.0 49.09
45249 45242 3.13 16.39
44271 44393 0.63 26.24
44279 43968 11.88 72.84
42594 42743 5.63 39.59
39679 39472 1.88 63.46
35221 34902 0.0 120.37
41695 41616 15.63 66.35
35745 35692 1.88 33.73
40331 40595 2.5 109.4
44024 44071 0.0 69.15
45809 45477 1.25 78.85
43938 44530 10.0 124.64
35075 34806 6.25 93.71
38355 167350 0.63 41.94
167180 167189 1.88 101.7
32679 33071 1.88 142.61
46043 46425 13.75 102.81
32944 32847 4.38 41.94
42585 42760 11.25 44.34
44647 167925 0.63 73.81
36211 35916 13.13 98.59
47218 47566 9.38 77.73
47035 47412 4.38 103.85
44878 45279 8.75 91.72
32462 32736 9.38 113.5
48049 47608 11.25 88.7
32325 166753 0.0 105.97
40975 41081 13.75 48.55
43228 43082 9.38 45.51
42356 42469 4.38 70.94
46346 46333 11.88 74.04
47210 46811 14.38 84.22
32497 32573 25.0 26.74
41605 41920 1.88 117.01
41938 41991 1.88 83.01
32968 32825 4.38 57.79
32391 32532 0.0 59.22
46712 46736 11.25 128.45
36446 36272 15.0 65.02
41479 41472 3.13 63.66
44519 44399 8.13 48.61
39925 39616 8.75 93.71
40750 41038 5.0 75.52
45813 45339 5.63 113.25
34023 34101 0.63 23.42
31531 31766 14.38 82.86
48595 48537 0.0 13.13
43114 43025 6.88 93.12
35054 34807 1.25 84.12
31987 31957 0.0 10.92
47986 47998 1.25 29.87
44950 45357 40.0 87.93
35360 35276 6.25 105.6
37959 37624 5.0 88.14
44138 44123 2.5 7.51
33812 33991 3.13 57.94
33481 33646 6.88 68.37
32400 32217 1.88 93.53
38756 38734 0.63 53.6
32900 32998 0.0 41.28
44828 44715 11.88 71.35
167055 167097 5.63 95.66
42694 42503 5.0 46.09
50759 50629 12.5 111.4
37555 37256 8.13 82.7
54213 54488 43.75 55.65
36752 36861 0.0 36.77
43938 43762 4.38 41.08
44539 43978 11.25 113.73
41028 41007 15.0 83.03
33817 33688 1.25 49.47
42623 42694 1.25 75.82
32312 32426 1.25 58.57
35043 35453 0.63 134.48
46305 46115 1.88 75.14
33800 33688 3.75 54.91
168386 168441 88.13 106.09
41810 42046 2.5 97.37
41779 41868 0.63 23.49
39855 40324 3.75 114.47
45180 44737 17.5 110.42
36740 36725 7.5 30.36
47274 47342 6.25 14.67
46149 45686 11.25 117.52
44036 43749 4.38 76.49
33380 33481 1.88 42.47
39303 38966 3.75 88.5
169046 54319 3.13 41.48
34448 34209 2.5 128.93
39854 40194 6.25 98.0
41852 42020 4.38 46.4
44544 44495 12.5 32.11
32644 32570 0.63 38.32
41862 42160 22.5 142.96
35484 35770 0.0 82.84
166538 30891 0.0 96.11
50602 51041 3.13 88.33
47264 47583 2.5 80.42
43530 43968 1.25 108.04
37881 38004 0.0 32.94
41588 41482 0.0 60.25
42186 42202 5.0 78.4
167813 43116 7.5 79.09
37304 37129 6.25 113.55
42545 43150 14.38 148.3
40089 40249 9.38 52.33
48608 48677 29.38 98.71
35503 35382 2.5 79.62
36861 36867 0.0 2.42
33140 33576 10.0 129.31
35795 35855 3.75 18.91
43997 44613 6.25 121.12
32016 31820 0.0 83.12
45339 45321 1.25 9.86
33073 33273 3.75 58.18
44220 43902 5.0 76.6
34733 34585 10.0 61.42
38136 37863 1.25 72.88
33014 33241 5.63 94.18
48608 48590 15.0 23.3
41961 42273 0.0 119.03
38270 37959 1.88 87.97
35177 35327 0.63 46.24
42166 42599 8.13 126.61
50610 51147 15.0 101.09
36697 36366 6.25 97.67
53728 168955 110.0 106.35
36943 36889 0.63 56.61
34733 34960 18.75 110.88
38095 38381 10.0 82.27
33866 33684 3.75 59.59
37976 37724 1.88 75.64
49969 168567 18.75 45.36
36540 36473 0.63 32.47
42866 42877 10.63 73.94
45236 44686 19.38 117.24
167246 167269 0.0 146.65
46346 46712 8.75 67.5
34851 34441 1.88 120.09
38748 38942 5.63 117.39
32788 32744 0.0 16.21
49992 50103 5.0 94.98
36601 36573 3.13 13.77
32902 32953 3.13 23.49
33221 33484 2.5 96.68
32086 32191 5.63 55.36
44213 44623 6.25 80.69
42371 167714 6.88 56.94
34565 34625 11.25 59.27
32537 32586 0.0 29.1
33846 33734 11.88 62.88
44073 43755 8.75 88.38
37875 37569 2.5 94.78
38243 38241 1.88 12.68
55580 55508 0.0 10.53
42774 42806 0.63 52.52
42955 167789 0.0 34.7
47602 47291 7.5 65.06
42437 42403 20.0 18.96
38270 38132 1.88 44.02
39170 39417 0.0 88.55
33787 33812 2.5 8.88
38755 39005 11.25 101.01
41972 42469 8.13 126.31
47907 47511 14.38 80.46
37232 37181 6.88 135.56
31927 31589 0.0 122.94
46553 46263 11.25 105.69
32497 32825 10.0 132.6
36412 36093 6.88 84.07
38253 38537 0.0 82.63
50163 49633 7.5 102.48
47011 47349 24.38 78.21
41722 42060 0.0 119.47
50162 49594 17.5 107.43
32856 32916 0.0 22.04
38463 38451 0.0 2.91
34260 33934 3.13 126.67
38958 38583 6.88 112.24
32021 32076 3.13 72.26
44623 167945 20.63 65.87
38193 38256 0.0 48.27
38332 38565 2.5 65.99
32325 32023 0.0 105.91
46752 46736 6.25 128.45
46673 46522 4.38 75.31
39399 39303 3.13 37.84
41482 41361 0.63 30.9
41380 41706 1.88 111.58
33220 32923 8.13 116.0
38222 38455 4.38 68.84
36792 37029 8.13 128.75
45328 45066 26.88 96.91
37532 37515 0.0 30.53
35998 36243 6.25 124.47
34060 34053 0.0 18.04
40971 41022 2.5 93.76
32537 166733 0.0 45.5
167123 35772 5.0 49.9
37049 36892 1.25 65.29
31772 31365 10.63 133.33
35800 35770 0.0 10.22
53645 53344 3.75 85.28
40877 40594 0.63 79.84
32788 32916 0.0 81.65
47837 48324 0.0 103.79
34641 34506 5.0 59.26
45502 45640 16.25 50.39
167039 35061 3.13 94.99
42012 42422 5.63 109.05
37698 37796 5.63 29.39
36814 36542 4.38 78.49
32902 32646 8.75 133.07
33434 33100 6.88 99.03
33823 33844 0.63 22.78
42437 42733 11.25 104.15
33484 33707 10.0 94.81
39642 39674 3.13 124.56
42888 42814 2.5 24.52
169038 54037 0.0 57.03
42524 42537 1.88 57.35
38503 38652 16.25 45.41
48538 48384 2.5 24.84
42304 42160 3.13 100.02
40089 39800 5.0 79.32
168601 168619 8.13 28.23
40971 41394 10.63 99.2
41983 42020 2.5 62.91
41499 41479 10.0 122.02
47970 47445 4.38 124.97
33755 33664 3.75 49.99
31679 32092 15.0 150.11
45515 45441 3.75 18.51
37247 37262 1.88 28.95
40677 40796 24.38 123.86
44786 45042 2.5 58.3
38734 38328 10.63 114.31
45000 44950 1.88 71.28
47897 47685 6.88 114.01
33455 33587 6.25 94.48
37708 37929 1.88 67.32
36793 37027 1.88 75.13
46307 46811 18.75 96.17
166424 29844 0.63 95.84
36461 36807 0.0 146.63
33319 33284 6.25 13.73
40496 40941 0.0 119.45
45932 45946 9.38 89.91
167860 43394 5.63 81.04
42746 42414 10.63 78.92
35048 34739 0.0 108.37
36396 36654 13.13 64.69
40522 167542 0.63 45.7
33812 33787 2.5 8.88
169128 54650 0.0 107.13
37314 36946 0.63 100.22
45943 45617 4.38 77.72
32368 32552 0.0 82.98
53624 53730 1.25 52.14
32292 32166 1.88 57.56
31920 32044 2.5 58.54
44605 44613 0.63 26.58
46163 45712 35.63 114.93
40840 40978 2.5 32.06
38445 167405 0.0 153.19
34377 34061 1.25 113.42
33797 33823 0.0 48.4
34184 33979 1.25 77.62
45076 44968 31.25 83.11
42424 42503 4.38 78.39
44979 44530 14.38 89.82
49879 49949 0.63 26.49
38543 38963 4.38 132.92
39145 38857 16.88 90.47
43479 167890 0.63 95.49
43364 167846 0.0 41.7
41156 41564 1.88 91.86
39592 39998 2.5 114.43
52594 168832 4.38 87.97
40881 40615 11.25 76.18
166873 33800 0.63 73.77
38254 38201 2.5 17.16
46505 46877 6.88 77.06
49549 49283 1.25 47.33
48594 48871 5.0 66.84
166942 34284 1.25 81.9
33066 33100 6.25 56.62
39444 39602 4.38 106.5
42127 42314 3.75 46.6
53848 53645 5.0 62.77
38463 38358 4.38 70.66
46333 45759 8.75 119.53
40158 40147 15.0 86.14
32953 32902 3.13 23.49
47617 47624 4.38 82.99
30468 166548 5.63 106.44
32702 32564 0.63 42.86
40518 40864 10.0 97.16
37294 37443 3.13 74.66
42605 42514 0.63 23.16
32987 32944 24.38 14.35
41948 167680 0.0 9.91
48248 47835 8.75 93.32
41343 41380 0.63 12.88
33328 33483 2.5 85.41
48703 49235 5.63 135.16
32086 31875 4.38 89.05
167312 38237 0.0 101.25
37351 37191 5.63 96.9
36103 36394 0.0 95.66
46640 47135 11.88 120.81
44199 44519 12.5 76.06
47635 48065 20.0 88.12
54666 169060 6.88 42.94
44725 44728 14.38 9.03
166954 34599 0.0 22.36
31248 31283 1.88 29.98
32748 166764 0.0 23.58
37906 37973 11.25 79.67
50521 50234 123.75 134.9
38193 38124 0.0 64.58
39752 39633 8.13 30.61
47068 47363 3.13 67.81
44367 44036 3.75 76.49
49167 48590 11.88 112.31
35127 34901 24.38 109.25
167269 37928 0.0 148.4
40619 40776 3.75 50.55
44601 44623 5.0 85.28
42160 42363 38.75 62.5
38124 38355 8.13 64.85
33693 33724 4.38 59.94
45788 46043 5.63 142.59
46116 46488 1.25 95.76
31731 31713 0.63 4.47
34150 166940 12.5 119.66
52775 52633 0.63 29.32
50103 50217 8.75 97.3
42746 42955 10.63 49.47
35923 36071 3.13 99.02
166715 32076 3.13 129.43
40416 39948 7.5 115.68
41990 42182 12.5 57.14
31417 31487 6.25 54.74
41645 42133 3.13 132.13
44866 44837 0.0 6.63
44654 45005 5.63 84.61
46115 45809 3.13 77.85
38737 38495 2.5 77.31
37255 37129 10.63 115.44
41394 41022 3.75 95.99
47709 47349 24.38 73.61
34266 33936 1.25 105.03
54486 54942 15.0 74.17
37166 37219 3.13 43.56
40232 40349 3.75 25.88
42955 43191 3.75 58.17
33796 33435 4.38 132.2
33241 33356 2.5 78.57
37555 37874 9.38 82.75
40496 40700 7.5 129.62
45928 46307 8.13 75.7
33003 33284 0.0 108.0
167176 36646 0.0 51.72
38346 38192 1.88 46.22
167789 42955 0.0 34.7
37457 37530 6.25 90.55
43542 43530 0.0 76.14
48910 49004 10.63 101.1
44133 44079 0.63 10.23
40204 40205 7.5 52.88
41856 41800 7.5 87.11
33158 33407 5.0 95.06
43275 42927 8.75 88.23
51122 51745 8.75 115.45
41233 41558 4.38 130.87
31370 31797 7.5 142.71
43461 167813 1.25 74.61
46287 46413 17.5 49.69
167942 44143 11.25 101.48
47511 47502 10.63 89.01
41434 41495 7.5 78.74
167841 43555 0.0 45.21
167360 38426 6.88 75.37
40416 40447 5.0 50.04
44539 44918 4.38 70.98
33724 33693 4.38 59.94
32808 32748 3.13 61.15
37262 37247 1.88 28.95
42887 43024 6.25 30.86
43785 44058 8.13 77.02
43114 42896 3.13 51.8
39592 39472 6.88 46.66
37520 37667 1.25 56.54
43112 42873 19.38 89.51
42082 42068 0.0 2.79
43265 43741 2.5 109.69
166689 32166 0.63 8.22
45954 46401 0.0 86.41
37507 37624 5.0 74.01
55508 55580 0.0 10.53
33179 33465 7.5 107.41
54417 54319 0.0 48.58
42524 42019 20.0 124.34
48217 48248 8.13 7.8
40230 39998 7.5 77.96
44403 44235 10.0 76.05
34886 35324 2.5 144.15
47939 47998 21.25 11.28
32582 32646 1.25 25.3
34394 34698 1.88 79.41
38153 38225 3.75 109.15
35037 35245 4.38 110.1
38108 38124 1.88 125.67
35540 35588 0.0 21.93
41587 42099 15.63 133.9
44375 44063 0.0 59.58
34700 34924 0.0 63.99
37027 36793 1.88 75.13
39910 39928 9.38 101.09
38784 38808 3.13 26.56
35686 35522 3.75 59.53
36913 37235 11.88 92.71
45603 45932 5.63 75.27
41850 41527 8.13 90.32
38332 38300 5.63 111.78
33939 33570 10.63 118.71
39428 39376 1.88 16.59
31197 31531 11.25 124.85
37507 38063 7.5 148.33
48184 47740 3.75 104.83
38734 38756 0.63 53.6
35458 35427 0.0 8.86
50671 50402 21.25 50.78
33518 33481 1.25 10.92
32923 33220 8.13 116.0
51401 52005 6.25 114.61
53178 53318 6.88 100.33
48197 48572 15.63 76.71
38142 38225 3.75 31.34
43598 43663 5.63 59.43
46826 47068 8.13 115.05
36504 36825 2.5 97.78
31725 31532 6.25 76.6
33484 33221 2.5 96.68
41233 41240 0.0 4.88
35221 35484 0.0 82.61
38294 38168 10.0 104.96
36295 36038 0.63 68.52
30440 30328 8.75 134.86
52316 52210 3.13 18.37
30156 30406 0.63 135.27
44858 44533 1.25 61.68
48490 48539 15.63 60.89
54117 54293 1.25 93.79
47884 47259 11.25 146.72
34077 33679 5.0 122.78
42849 43345 11.25 121.99
36539 37002 6.88 130.8
39359 38768 0.0 138.12
42403 42147 0.0 67.4
167532 40325 3.13 39.58
40758 167554 2.5 64.67
34739 166913 0.0 111.21
34960 35245 1.25 99.14
41495 41434 7.5 78.74
48537 48485 0.63 14.78
37461 37827 5.63 99.9
38784 38745 5.0 45.96
40205 40741 3.75 145.5
44393 44286 7.5 85.51
47510 47264 1.88 62.09
167389 167388 0.0 5.88
54246 169033 6.88 23.28
35908 35453 3.13 134.48
43146 43385 14.38 113.57
38132 38270 1.88 44.02
32609 33036 2.5 144.69
167394 167389 0.0 16.63
47224 47608 15.0 80.59
51745 51856 11.25 108.42
38550 38024 0.0 150.91
42702 43066 8.75 86.59
32258 32524 5.0 97.02
40249 40331 3.75 30.51
32953 33076 8.75 55.14
33140 33100 6.88 49.67
38155 37796 15.63 127.82
45928 46241 7.5 117.68
46241 45928 7.5 117.68
41958 167680 1.88 14.55
34701 166955 296.25 27.27
32582 32406 13.75 86.26
34733 34437 6.25 91.73
44901 45157 7.5 82.63
49676 49077 19.38 107.5
31869 31781 1.88 49.19
46774 46822 22.5 32.28
37875 38136 1.88 94.02
46307 45928 8.13 75.7
33123 33319 3.75 85.3
41512 41582 5.0 15.4
33609 33580 0.63 139.42
45561 45515 9.38 89.12
38153 38052 2.5 109.35
50312 49877 15.63 86.04
30247 29986 4.38 95.53
35220 167043 1.25 53.87
34831 34589 13.13 126.77
37547 37384 6.88 47.18
34972 34801 3.13 61.34
37881 37827 1.25 46.78
32916 33123 8.75 86.91
36071 35743 3.75 126.56
34651 166968 139.38 28.05
41228 41304 5.63 36.67
31197 31148 3.13 110.56
35812 35945 4.38 102.32
32293 32368 3.13 25.08
42371 42412 1.25 58.69
45836 46341 5.0 112.95
33637 33904 5.0 89.45
37909 38213 8.75 129.16
31111 31129 0.0 5.85
167578 40741 3.13 58.46
53541 53645 6.88 50.6
43375 43616 8.13 101.78
40531 40349 7.5 47.42
40349 40531 7.5 47.42
38602 38631 1.25 17.78
43153 43607 3.75 109.2
43543 43542 0.0 76.14
39289 39179 15.0 78.0
51389 51336 55.63 43.77
42537 42585 2.5 11.71
35774 35367 6.25 146.05
38271 38347 0.63 61.28
33610 33936 0.0 105.06
169080 55336 0.0 112.05
43633 43762 0.63 27.9
35708 35575 7.5 70.61
38914 38598 3.75 82.23
36553 36226 0.0 97.32
33129 33071 0.63 18.85
34267 34744 20.63 130.43
168678 50489 3.75 22.97
36798 36601 8.75 119.1
32194 32240 2.5 79.22
38583 38431 1.25 61.37
49763 50360 8.13 117.02
35036 34985 16.25 92.19
43134 43138 1.88 65.42
167905 44063 0.0 16.54
39218 39472 18.75 74.33
45673 45249 5.63 83.74
33495 33535 3.13 60.89
36982 36798 9.38 113.88
45215 45709 11.88 129.37
54230 169036 2.5 15.0
37500 37471 0.0 8.02
44583 44608 0.0 11.35
33006 32701 13.75 130.44
46361 46499 3.13 42.3
167881 43605 17.5 108.86
44375 44436 20.0 85.95
47363 47897 5.63 112.76
52316 52959 53.75 132.91
51122 50981 5.63 113.16
44209 167942 7.5 42.82
35245 34960 1.25 99.14
45503 45336 0.0 33.72
40765 40337 8.75 134.16
42814 42605 14.38 60.52
42314 42503 10.0 44.83
36749 36437 3.13 97.12
37819 37885 0.0 20.11
42303 42260 1.25 85.8
167950 167881 35.0 141.51
44063 44375 0.0 59.58
45242 45042 3.13 57.16
47161 47221 0.0 30.13
43345 42849 11.25 121.99
47510 47969 3.75 104.46
32847 32944 4.38 41.94
43364 43368 0.63 8.81
36949 37025 0.0 18.94
39218 38941 15.63 88.88
41038 41202 3.13 55.59
31930 31987 0.0 17.9
45440 45606 8.75 79.06
40641 40472 8.75 62.37
34570 34824 9.38 110.01
51326 51471 11.25 114.96
32023 31713 0.0 105.88
46777 46297 8.13 134.2
32021 31901 1.88 54.23
39633 39752 8.13 30.61
42273 41961 0.0 119.03
46275 45991 18.13 78.84
39187 39179 20.0 110.59
34484 34585 5.63 49.54
47429 47279 30.63 33.47
43789 44079 4.38 81.42
37002 36539 6.88 130.8
47271 47342 0.0 28.47
39992 40026 5.63 21.4
34284 166942 1.25 81.9
54315 54824 1.88 107.57
54227 54330 25.63 38.01
38734 38822 0.0 25.99
41252 41472 1.88 52.21
44436 43951 2.5 99.35
54922 55336 0.0 69.8
36211 36075 4.38 69.83
48324 49046 6.25 139.13
42874 42724 0.0 37.81
33356 33535 1.25 54.6
39355 39326 1.25 31.09
41441 41585 4.38 33.18
38328 38407 3.75 64.82
167574 40658 0.0 49.43
47986 47884 0.0 20.4
45709 45450 5.0 73.94
53310 53576 9.38 111.44
47218 46877 5.0 77.65
48595 48293 6.25 95.65
50489 50909 0.63 81.91
34165 34176 1.88 23.99
31750 31824 3.75 102.51
36071 36103 0.0 16.49
44608 44632 0.0 7.95
46489 47011 83.13 106.01
34907 34845 0.0 24.23
35800 35772 2.5 22.63
41051 40998 15.63 78.24
52755 52775 0.0 14.6
45477 45686 1.88 77.3
39033 39393 7.5 112.37
38332 38349 1.25 63.62
167388 38773 3.13 25.45
48078 48539 8.13 95.39
53645 53848 5.0 62.77
41227 41125 11.25 133.62
33576 33987 6.88 129.31
36306 36376 5.0 32.62
36490 36636 6.25 80.54
40026 39992 5.63 21.4
36063 35745 4.38 120.25
36275 36394 0.63 93.66
46218 46117 0.0 19.35
40911 40946 1.88 44.71
37191 37304 8.13 69.55
38632 38821 8.13 66.85
49046 49599 3.75 101.51
35367 35522 1.88 62.69
31986 31821 13.13 90.89
44942 45279 0.0 120.07
35447 35785 0.0 98.33
33923 33656 0.63 95.5
39928 39910 9.38 101.09
55234 54942 3.75 45.46
36376 36396 3.75 6.87
52189 52346 1.25 40.51
38881 38748 0.0 34.68
35981 35908 8.75 50.95
40008 39941 1.88 42.81
33006 33184 3.75 56.08
168441 168515 51.25 113.88
35976 35945 0.0 32.59
43088 43116 3.13 53.22
48271 48211 0.0 16.89
40361 40324 1.88 52.36
48677 48608 29.38 98.71
30219 30137 2.5 59.86
33246 33660 4.38 123.28
44911 45146 30.0 118.79
167663 41990 11.25 64.78
44071 44037 0.0 8.37
41125 41424 3.75 68.36
33538 33537 3.13 47.06
32825 32530 2.5 126.19
51147 51194 11.25 69.89
40447 40460 3.75 23.59
43178 43009 0.0 41.37
166475 30277 0.0 138.89
40200 40325 3.75 73.45
35136 35193 6.88 105.5
33734 33846 11.88 62.88
44517 43934 14.38 118.27
46116 45943 5.63 31.83
36806 37193 35.0 148.99
37628 37819 8.75 144.84
38912 38613 1.25 77.18
43675 43150 18.75 122.74
43125 43509 8.75 91.83
44918 44890 16.25 122.94
38843 38789 0.63 43.6
36275 36165 3.13 74.14
35604 35812 1.88 67.01
32998 33059 0.63 35.36
41695 167663 15.0 68.34
33646 33734 5.0 49.59
33158 33003 32.5 65.33
32529 32760 2.5 112.4
51354 168776 0.0 31.99
32466 32582 3.13 59.36
33434 33765 4.38 99.03
33765 33434 4.38 99.03
34807 35054 1.25 84.12
49354 49499 8.13 111.47
42439 42436 0.63 56.1
167673 42098 0.0 73.52
41533 41383 8.13 82.81
32641 32793 5.0 73.12
34305 34540 3.13 112.09
40522 40325 0.0 55.37
30440 30247 2.5 72.48
167189 167180 1.88 101.7
167930 44341 2.5 21.92
45052 45044 4.38 16.43
42082 41706 5.0 141.41
46851 46241 10.63 124.54
40088 39828 0.63 79.87
33356 33076 7.5 90.17
41574 41771 1.88 84.68
31793 31731 3.13 31.12
43934 44517 14.38 118.27
42814 42888 2.5 24.52
31129 31101 3.13 16.89
44383 43757 8.75 143.1
43385 43146 14.38 113.57
35180 34964 6.25 61.51
34813 35230 7.5 120.23
35960 36286 0.0 140.77
51745 52189 5.63 83.36
39800 39567 0.63 77.8
43357 43525 5.0 80.37
42403 42394 3.13 12.31
34972 35199 3.13 111.77
51716 51684 0.0 46.15
41525 41517 3.13 47.44
35384 35327 0.0 22.59
36839 37247 7.5 113.14
40085 40282 2.5 47.98
36063 36228 2.5 66.76
38243 38180 0.63 19.44
40887 41399 1.25 125.4
40796 40971 12.5 45.58
50661 51058 15.0 77.43
35101 35363 6.25 143.51
167042 35706 0.0 103.42
37142 37315 2.5 89.18
36573 36643 19.38 95.66
47131 46826 10.63 66.77
36668 36646 1.25 42.28
44166 44235 0.0 15.42
32558 32896 5.63 133.5
38860 38327 29.38 143.62
168055 44935 18.13 87.17
45076 45103 15.0 5.96
54001 54445 2.5 128.81
44601 44393 3.75 51.41
35136 35051 1.88 23.55
44037 43855 3.13 39.85
41304 41544 10.63 76.74
31245 31129 5.63 43.1
167245 37232 0.0 26.87
34663 34831 0.0 44.23
33957 33852 10.0 74.78
167389 167394 0.0 16.63
33934 34260 3.13 126.67
47244 46877 4.38 81.21
42414 42746 10.63 78.92
39910 39898 8.13 101.09
37457 37351 6.25 90.62
49397 49599 17.5 138.34
54113 53624 13.13 103.42
33572 33944 8.75 131.67
34394 34155 1.88 76.82
37963 37827 0.0 33.63
46877 47244 4.38 81.21
42213 42371 0.0 36.52
36676 36446 0.0 76.84
33765 34016 6.25 79.3
34088 33947 1.88 89.96
47412 47499 0.0 20.09
45941 46263 12.5 113.71
50759 50859 5.63 82.75
166886 34060 0.0 34.38
38489 38407 7.5 102.71
33987 33576 6.88 129.31
42199 41893 11.88 85.29
43951 44436 2.5 99.35
35522 167034 3.75 101.92
31589 31927 0.0 122.94
33852 33799 5.0 67.3
41499 41907 2.5 99.38
167690 42068 1.25 128.46
47502 47991 6.25 105.13
36075 36211 4.38 69.83
32793 33059 7.5 115.3
33424 33693 10.63 79.14
168457 49633 3.75 122.22
33679 33401 5.0 80.27
32788 33021 0.0 82.34
36346 35935 9.38 113.73
38686 38533 3.13 107.03
37191 36982 5.0 113.88
46774 46623 23.13 102.65
32558 32741 1.88 109.22
32808 32524 10.63 97.15
44138 44073 0.0 21.68
35736 35998 5.0 124.9
29936 30233 0.0 143.29
54921 55179 0.0 68.48
40941 167632 8.75 119.33
40842 40892 3.75 115.49
35382 35637 8.13 82.19
38966 39303 3.75 88.5
32736 32462 9.38 113.5
35728 35436 6.25 86.46
166923 34445 0.0 29.8
35453 35043 0.63 134.48
43872 43894 0.0 5.42
41479 41972 7.5 124.37
37724 37976 1.88 75.64
167171 167180 0.0 101.42
34599 34700 0.0 22.65
43509 44047 14.38 118.85
32030 32293 1.25 108.79
32081 32026 11.25 135.15
38533 38748 6.25 59.79
43703 44052 3.13 79.72
47608 48049 11.25 88.7
42249 42182 3.75 58.53
32150 32285 6.88 56.51
36839 36428 5.0 113.11
32701 33006 13.75 130.44
46241 46851 10.63 124.54
47011 46489 83.13 106.01
32970 33006 4.38 83.07
166733 32537 0.0 45.5
35613 35795 2.5 89.23
51552 168776 1.25 26.77
32076 166715 3.13 129.43
43455 43939 0.0 122.93
167556 40496 1.25 77.55
51684 51716 0.0 46.15
45125 45450 9.38 87.59
45055 45236 30.0 135.45
38756 38425 4.38 84.69
43394 43150 1.25 81.04
34175 34180 0.0 14.1
34679 34304 0.63 104.84
30863 30769 1.88 39.81
167894 43983 0.0 16.93
35772 167123 5.0 49.9
31101 31086 0.63 5.47
32285 32158 0.0 59.4
50671 50610 1.88 112.72
32752 32881 0.0 44.55
37413 37315 3.13 43.29
48868 48910 9.38 54.89
54293 54037 7.5 57.65
48679 49336 1.88 129.63
42879 42439 0.0 105.94
36096 36412 3.13 87.93
43708 43853 8.13 82.82
33246 33184 0.63 60.58
41908 41897 3.75 25.54
48211 48271 0.0 16.89
33966 34216 5.63 97.85
32277 32564 0.63 123.14
30895 30891 0.63 34.49
55508 55653 0.0 64.05
33284 33021 0.63 82.41
36849 36941 2.5 76.13
30468 30175 1.88 106.49
37918 38212 4.38 76.72
40361 40844 6.88 135.99
169036 54230 2.5 15.0
32545 32702 3.13 87.26
47274 47279 32.5 14.4
45733 46326 15.63 128.99
39931 40089 5.63 79.11
33987 34016 1.25 52.87
36499 36360 1.88 39.0
47939 47991 18.13 60.85
42875 42877 1.88 14.86
35680 35415 11.88 111.37
45042 44786 2.5 58.3
48197 47836 3.13 76.71
33800 33966 7.5 89.91
52136 52221 15.63 113.89
44415 44510 13.75 45.36
55179 55211 1.25 10.06
41257 41647 3.13 89.41
50619 50130 7.5 94.59
36878 36562 0.0 133.24
36165 36063 7.5 88.57
33320 33220 1.25 47.89
35180 35106 2.5 114.23
44494 44495 5.0 39.56
39133 39256 2.5 36.75
168827 51748 35.63 54.77
35745 35395 1.25 105.62
46467 46275 15.63 92.08
36898 167189 2.5 103.76
41879 41991 6.88 42.6
33184 33587 13.75 117.75
36360 36490 8.13 67.73
32862 33101 11.88 118.51
37025 36949 0.0 18.94
167350 38355 0.63 41.94
41998 42486 0.0 139.14
36560 36473 0.0 26.83
38613 38652 6.88 63.31
31148 166588 0.0 111.34
34364 34769 1.88 117.99
41125 41227 11.25 133.62
30895 30997 7.5 132.66
39925 39992 5.63 50.38
50489 168678 3.75 22.97
37666 37532 2.5 97.54
38212 37918 4.38 76.72
33778 33761 0.63 5.53
41424 41125 3.75 68.36
42182 42249 3.75 58.53
35230 35436 10.63 89.42
38971 38881 0.63 45.85
38565 38332 2.5 65.99
33580 33558 3.13 43.6
34097 166901 4.38 53.75
41992 41975 1.88 60.09
42303 42703 11.88 96.97
40978 41236 10.0 59.29
42046 41920 3.13 56.35
35592 35604 3.75 107.45
35073 35146 0.63 20.72
32992 33246 1.25 80.84
41722 41961 0.0 75.99
44737 44691 0.63 30.37
35324 34886 2.5 144.15
49046 48940 11.25 73.28
52887 52775 2.5 93.0
46865 46822 38.13 98.64
35515 35743 2.5 63.12
34363 34813 8.13 119.88
32292 32406 3.13 59.5
41383 41311 2.5 52.44
44530 44602 8.75 88.41
42334 42441 2.5 75.67
40911 40891 11.25 18.57
35360 35593 10.0 137.67
44583 167960 0.0 15.56
43406 42945 3.75 111.6
38419 38168 12.5 137.49
34311 34585 5.63 97.65
46117 45587 1.88 113.14
44058 44047 7.5 90.08
46307 46778 6.88 94.6
31343 31536 1.88 68.5
35938 35634 6.88 143.52
50610 50312 16.25 53.86
42814 42800 0.63 16.87
30611 30277 21.25 142.84
33328 33300 6.88 7.52
167737 42469 1.25 50.41
33455 33748 7.5 86.88
32915 32760 3.75 79.15
39226 39307 0.63 36.02
30124 29995 0.0 81.32
45146 168074 18.75 142.65
36026 35708 5.0 98.59
33646 33481 6.88 68.37
31283 31248 1.88 29.98
38543 38063 6.25 133.85
41343 41240 6.88 40.94
34641 34901 10.0 112.11
40200 40029 0.0 46.22
29986 30247 4.38 95.53
33928 34126 2.5 84.89
47583 47412 1.88 79.2
45225 45603 8.13 73.33
31957 31879 1.25 31.32
44213 44271 10.0 108.76
32070 32293 1.88 75.75
43597 43197 0.63 97.87
41978 42068 3.75 26.41
43024 167829 5.63 80.84
33537 33664 4.38 45.4
37532 37666 2.5 97.54
38768 38803 1.88 51.97
31821 31986 13.13 90.89
40658 40796 5.0 73.95
53344 53645 3.75 85.28
35771 36091 0.0 146.58
45943 46116 5.63 31.83
35075 34960 5.63 53.46
38349 38477 1.25 35.52
39174 39170 0.0 7.54
41800 41544 9.38 77.54
38616 38706 8.75 63.53
32992 33071 1.88 44.79
33535 33356 1.25 54.6
33246 32992 1.25 80.84
42928 43184 8.75 61.5
45744 46130 9.38 88.99
42699 43125 3.75 99.78
41517 42008 7.5 123.65
40324 40361 1.88 52.36
51924 51910 1.88 11.73
36865 36749 8.13 67.85
36943 37045 0.0 23.97
41373 41291 9.38 79.25
32564 32702 0.63 42.86
33966 33800 7.5 89.91
37255 37399 1.88 90.31
39303 39399 3.13 37.84
46839 46825 8.75 77.96
49877 49167 27.5 128.12
52633 52755 0.63 29.32
40325 40522 0.0 55.37
39473 38860 1.25 143.67
34319 34589 1.88 78.14
46373 46401 11.25 133.74
37874 37555 9.38 82.75
41085 41257 0.0 39.81
39283 39359 3.75 64.46
36321 36101 3.13 106.18
37788 38168 3.13 103.4
34783 34862 7.5 36.95
46811 46807 20.63 119.74
42230 42314 6.88 79.42
33797 33746 2.5 22.97
50981 51597 16.25 114.04
44304 43723 25.0 148.17
31865 32149 7.5 138.28
34776 34877 1.88 134.12
35033 35177 3.75 91.71
45562 45580 2.5 127.22
33101 32862 11.88 118.51
33518 33573 0.0 16.23
33129 33138 2.5 64.39
45809 46115 3.13 77.85
34200 34280 0.0 26.85
39256 38912 3.13 77.18
52387 53038 54.38 119.44
40447 40416 5.0 50.04
56839 56415 0.63 91.32
51765 51283 13.13 144.91
45131 45096 0.63 45.01
37256 37384 66.25 77.38
53009 52912 3.75 113.48
47135 47586 11.25 112.82
31769 31772 0.0 9.87
39470 39736 1.25 78.39
47270 47271 1.25 12.98
43755 43631 4.38 30.76
43789 44052 6.25 136.99
41242 41463 0.63 81.52
36772 36710 0.63 30.89
31797 31370 7.5 142.71
43368 167832 3.75 55.19
36321 36740 8.75 110.91
45357 45715 8.75 118.57
40394 40026 0.0 143.71
37232 37662 8.75 115.07
32685 32679 0.0 10.35
44495 44494 5.0 39.56
39074 38784 1.25 67.06
40758 41085 2.5 82.26
51058 51147 7.5 114.55
44686 44436 3.13 47.36
41051 41228 10.63 79.62
46822 46774 22.5 32.28
33659 33684 3.13 58.74
44005 44123 3.13 56.55
39472 39218 18.75 74.33
167829 43024 5.63 80.84
40472 40331 10.63 59.79
43082 43142 1.88 32.09
39861 39882 0.0 5.66
36825 36504 2.5 97.78
50309 50252 4.38 24.5
36825 37126 2.5 97.78
35735 35613 0.0 90.1
44671 44725 16.25 109.06
47608 47602 26.88 116.35
35036 34924 0.0 33.09
38269 38367 0.0 27.71
38052 38153 2.5 109.35
34950 35395 5.0 145.3
42414 42099 8.13 78.91
46807 46811 20.63 119.74
46522 46218 2.5 58.11
35932 35606 0.0 133.17
38213 37978 0.0 68.0
30137 29984 3.13 62.35
41893 41874 1.88 74.33
169130 169085 70.0 113.69
43150 43675 18.75 122.74
40442 40194 6.25 62.87
37294 37335 1.25 12.66
34437 34733 6.25 91.73
40932 41225 19.38 117.55
167584 40765 0.0 28.89
35061 34950 3.75 65.65
168955 53384 26.88 15.74
41544 41800 9.38 77.54
32685 32699 7.5 61.11
30797 30729 3.13 67.79
167714 42421 2.5 13.15
167607 41134 0.0 5.94
34484 34260 16.88 109.78
43983 44415 13.13 127.08
167971 44686 3.13 42.22
42019 42524 20.0 124.34
32036 31931 3.13 69.7
46326 47011 20.63 138.02
38241 38243 1.88 12.68
40337 40227 0.63 26.3
39256 39598 4.38 132.41
40361 39894 0.0 113.44
43782 43693 0.0 17.34
45946 45954 10.0 42.77
38716 38857 1.25 44.23
36807 167246 0.0 146.63
45673 45963 6.25 77.82
32150 32042 0.0 58.66
168457 48851 18.13 67.3
38870 38941 8.75 75.61
36643 36573 19.38 95.66
42703 43116 4.38 96.98
33776 33909 0.63 55.99
45941 46284 10.0 78.99
32916 32856 0.0 22.04
50473 50981 23.13 97.99
41921 41961 0.0 29.36
42800 42524 8.13 64.89
47995 47510 2.5 109.88
50360 50329 5.0 26.32
41884 41953 2.5 78.82
40595 40785 1.88 88.26
41585 42012 6.88 110.04
39415 39484 0.63 52.22
33846 34105 8.13 123.42
166901 34097 4.38 53.75
37326 37315 0.63 98.87
37959 38270 1.88 87.97
40460 40310 1.88 51.71
38355 38124 8.13 64.85
39388 39633 1.88 62.79
167545 40619 1.88 36.28
36948 37197 11.25 78.05
166752 32366 1.25 91.21
48156 48677 24.38 104.53
35752 35974 3.13 131.61
36710 36412 5.63 80.91
35079 34699 3.75 103.14
31781 31869 1.88 49.19
46488 46116 1.25 95.76
43379 43293 0.0 83.38
52621 51924 0.0 117.78
49594 50162 17.5 107.43
35908 35800 0.63 42.56
40700 40496 7.5 129.62
31283 31316 0.0 28.49
47995 47897 8.75 59.15
38613 38912 1.25 77.18
31487 31817 17.5 115.38
33100 33066 6.25 56.62
48271 48940 6.25 130.9
42316 42269 11.25 87.01
36814 37197 10.0 115.57
35417 167069 16.25 72.26
38270 38543 5.63 88.69
33570 33175 12.5 118.71
46057 46341 0.0 75.37
39359 39283 3.75 64.46
32292 32466 2.5 83.36
40139 40044 3.13 102.77
166788 33011 1.25 22.53
41983 41647 5.63 89.41
50207 49684 0.63 101.67
49077 49167 16.25 115.5
34339 34284 0.63 34.17
34595 34599 0.0 29.46
38455 38222 4.38 68.84
38686 38977 0.63 109.3
55211 55196 0.0 81.77
166588 31148 0.0 111.34
35213 35088 12.5 87.25
40310 40460 1.88 51.71
33172 33041 0.63 35.93
40750 40341 21.25 128.0
35395 35745 1.25 105.62
44047 44058 7.5 90.08
49283 49549 1.25 47.33
52959 168943 37.5 72.78
32944 32987 24.38 14.35
41009 40792 0.0 71.47
35363 35101 6.25 143.51
45042 45215 0.0 67.18
41507 41499 0.63 32.5
51194 51283 7.5 17.6
43703 43518 9.38 119.74
40544 40510 0.0 41.82
40205 40204 7.5 52.88
33613 33609 0.0 18.57
31193 30997 36.88 134.63
43764 43580 6.88 83.35
42514 42524 9.38 47.33
39133 38942 2.5 117.33
50919 168748 3.13 50.64
37335 37294 1.25 12.66
169038 53728 0.0 144.68
34886 34851 0.0 16.83
47502 47511 10.63 89.01
46832 46706 5.63 76.0
39752 39939 10.63 73.26
41907 41499 2.5 99.38
37906 37443 3.13 125.64
37929 37906 8.75 84.9
34155 34394 1.88 76.82
48248 48751 13.75 113.23
45840 45450 6.88 98.08
30328 30159 0.0 57.15
46590 46412 10.63 61.56
36654 36684 3.75 7.13
52005 51856 20.63 102.05
54779 54747 0.0 6.55
35728 35772 0.0 10.05
31879 31536 1.88 126.42
44632 44878 0.0 56.39
32892 32810 3.75 95.45
167164 36074 0.0 67.98
35522 35686 3.75 59.53
44623 44213 6.25 80.69
42637 167753 1.88 82.45
167936 43838 31.25 110.41
45932 46373 3.75 85.96
50845 50342 3.13 94.78
48211 47986 8.75 76.07
33587 33455 6.25 94.48
33165 32874 10.0 144.41
34388 34540 1.25 49.94
50312 50242 11.25 113.7
49198 48871 3.13 59.15
37827 37963 0.0 33.63
51641 168782 5.63 16.1
34364 34441 0.63 50.29
52771 53178 11.88 76.91
38168 38419 12.5 137.49
44704 45146 11.88 112.57
56839 56409 33.13 85.03
38249 38081 15.63 130.8
40684 40774 5.63 29.13
51274 51401 8.75 99.49
35245 35037 4.38 110.1
31364 31316 4.38 60.95
42760 42896 8.75 147.24
41953 41884 2.5 78.82
43855 44037 3.13 39.85
36323 36203 3.13 79.79
48594 48451 3.13 95.07
40975 41028 9.38 83.07
50309 50217 0.0 23.83
41257 41085 0.0 39.81
45818 46441 28.75 142.99
43088 43065 1.88 34.22
34540 34305 3.13 112.09
32240 32277 3.13 68.39
33076 32953 8.75 55.14
41373 41512 6.25 33.71
34682 34824 5.63 45.26
40184 39928 3.13 58.9
41134 167607 0.0 5.94
38847 38583 18.75 135.31
40227 40139 14.38 102.82
36543 36573 0.63 9.29
44436 44686 3.13 47.36
46116 46505 6.25 77.06
39012 39074 1.88 50.32
46277 46149 2.5 51.67
35106 35021 1.88 114.2
32217 32400 1.88 93.53
51765 51428 0.0 109.71
34570 34448 4.38 60.35
38225 38142 3.75 31.34
33535 33543 0.63 40.05
47003 46560 11.25 119.57
40083 40029 4.38 54.9
31343 31417 12.5 34.23
42034 41903 0.0 51.34
31884 31814 21.25 100.42
43477 43184 5.63 135.37
31920 32138 2.5 76.53
34209 33923 1.88 95.48
34541 34950 0.63 120.21
41779 41582 11.25 47.51
37126 36825 2.5 97.78
43387 43068 0.0 82.32
44433 43984 0.0 100.8
44979 45300 6.25 69.85
38328 38254 1.88 22.12
34150 33693 15.63 139.92
33693 33679 1.88 69.54
44361 44350 0.0 20.6
44350 44361 0.0 20.6
39359 39415 3.13 51.57
32191 32294 1.25 46.6
44950 44726 5.0 42.78
40536 40672 0.0 40.15
32044 32392 3.13 125.25
40932 41290 3.13 91.02
31659 31584 1.88 65.0
40734 40394 3.13 143.71
46326 45733 15.63 128.99
40758 167577 0.63 8.71
31936 31986 1.88 72.62
41554 41646 3.75 20.57
34466 34241 22.5 102.31
41585 41557 3.13 66.21
31914 31930 0.0 9.19
43785 43498 16.25 77.02
43066 42702 8.75 86.59
47998 47986 1.25 29.87
32699 32400 1.25 96.49
32462 32141 5.63 115.59
34105 33846 8.13 123.42
32653 32883 3.13 80.01
40774 40613 26.25 139.75
42877 42866 10.63 73.94
36878 36676 0.0 76.46
34926 34796 0.0 75.6
35728 35770 0.0 21.82
43984 43597 0.0 100.8
37435 37547 0.0 40.92
44350 43929 29.38 86.6
43929 44350 29.38 86.6
46851 47198 7.5 75.71
42887 42879 6.88 88.07
41383 40978 8.75 126.97
167950 44109 9.38 114.5
34877 34776 1.88 134.12
169036 53917 10.0 77.07
45339 45813 5.63 113.25
36849 36684 1.88 77.43
41273 167631 0.0 40.83
45686 45813 10.63 58.25
33212 33273 2.5 66.87
31793 31920 3.13 67.59
31565 31627 0.63 22.06
48677 48156 24.38 104.53
47198 47617 6.25 90.0
41574 167663 15.63 55.27
31364 31361 0.0 3.12
33576 33140 10.0 129.31
51704 51100 33.13 144.61
42353 42394 8.75 64.69
38977 38686 0.63 109.3
45556 45811 1.88 58.83
46560 47003 11.25 119.57
44079 43616 5.63 105.23
40937 40829 10.0 52.46
38803 39415 5.63 146.4
50162 50087 9.38 99.43
38489 38565 8.75 102.77
48233 48324 5.63 83.65
34176 34165 1.88 23.99
43650 43693 2.5 11.56
51101 51128 0.0 64.03
31365 31772 10.63 133.33
42605 42814 14.38 60.52
166913 34739 0.0 111.21
38010 38294 3.75 82.1
51100 51428 28.13 109.05
52316 52221 10.0 104.64
33610 33659 5.63 58.61
52698 168912 0.63 78.2
34284 34339 0.63 34.17
37664 37262 3.13 106.65
32452 32168 6.25 93.52
43468 167844 0.0 58.29
36553 36865 0.0 97.3
167502 40235 0.0 128.33
33684 33407 0.63 83.22
54417 54775 0.0 59.21
32641 32529 1.25 52.61
46977 47242 8.13 59.42
33407 33158 5.0 95.06
42314 42127 3.75 46.6
34088 34097 0.0 4.52
37247 37219 3.13 26.55
44517 44524 15.0 60.77
43598 43543 18.75 13.39
40844 40881 10.63 56.64
40971 40796 12.5 45.58
43293 43379 0.0 83.38
35762 35593 6.88 83.39
40522 40658 7.5 55.89
36035 167097 0.63 99.21
37874 37949 3.75 23.45
46149 46277 2.5 51.67
36195 36428 0.63 65.19
168859 51704 13.13 144.46
42955 42746 10.63 49.47
43468 43633 4.38 40.08
51283 51748 13.13 96.44
33361 33665 1.88 88.99
39613 39642 1.88 124.56
46706 46832 5.63 76.0
35136 35343 1.25 60.75
41227 40777 17.5 104.04
33817 33934 0.63 52.9
45420 45745 9.38 68.73
42412 42371 1.25 58.69
32158 32042 0.63 58.69
37788 37900 6.88 83.34
37520 37500 0.0 20.22
33036 33257 2.5 63.05
32023 32325 0.0 105.91
33904 33939 6.25 54.75
51058 50949 11.88 115.36
37197 37650 15.63 127.67
40442 40518 3.13 130.99
31901 32021 1.88 54.23
55355 169207 1.25 121.78
34744 34964 9.38 62.9
50859 50885 0.63 18.31
44005 44136 4.38 36.2
40182 40047 3.13 59.17
32937 32505 6.25 149.85
34077 34319 6.25 78.16
43247 43275 4.38 48.15
44071 44024 0.0 69.15
33300 33328 6.88 7.52
39925 39875 23.13 90.31
41852 41524 8.13 79.87
34806 34506 0.63 93.71
32366 166752 1.25 91.21
34150 34077 15.0 71.13
45715 45943 11.25 117.13
52393 52544 13.75 90.71
34699 35079 3.75 103.14
33472 33787 4.38 113.57
38237 167312 0.0 101.25
34176 34466 5.0 88.4
53663 169036 66.88 132.75
34178 34065 3.13 61.29
41961 41722 0.0 75.99
36075 35785 3.75 98.33
39495 39497 12.5 75.17
45103 45420 20.0 70.88
45180 45078 1.25 43.54
32042 32158 0.63 58.69
30443 30269 1.25 63.27
43782 43951 4.38 39.25
33465 33471 58.13 102.86
32332 32026 1.88 111.66
53645 53541 6.88 50.6
33724 33787 9.38 80.73
32149 31865 7.5 138.28
39352 39426 8.75 77.17
45617 45943 4.38 77.72
43755 44073 8.75 88.38
46441 46380 4.38 15.11
168809 51566 0.0 92.56
36643 36796 21.88 96.84
47662 47709 8.75 81.15
42373 42424 2.5 78.24
38109 37899 5.0 119.38
31399 31268 0.0 54.8
46218 46130 0.0 79.41
43150 42545 14.38 148.3
47907 47939 6.88 7.04
38966 38773 5.0 70.2
39616 39925 8.75 93.71
38346 38063 1.88 85.54
33212 33175 8.13 51.96
47617 48078 10.63 95.39
41512 41557 6.25 81.06
35945 35812 4.38 102.32
37899 38109 5.0 119.38
46043 45745 8.75 76.6
168619 50602 2.5 91.72
48703 48595 0.63 25.07
34280 34391 0.0 37.49
32150 32426 5.0 135.26
37025 36943 0.0 48.81
166523 30895 0.63 127.37
35945 35976 0.0 32.59
34924 35036 0.0 33.09
46325 46307 10.0 121.03
29834 29984 0.63 59.08
39376 39428 1.88 16.59
33406 33778 0.63 135.76
53310 53344 0.0 18.32
36817 36874 3.13 47.3
46729 46777 0.63 16.05
42806 43065 2.5 61.56
44712 44837 0.63 49.04
32950 33066 16.88 72.41
44279 44361 11.88 63.91
44361 44279 11.88 63.91
31129 31245 5.63 43.1
43064 42643 4.38 96.08
43114 43146 1.88 36.25
38256 38253 0.0 12.17
38132 38367 0.63 143.99
30277 30611 21.25 142.84
41557 41512 6.25 81.06
43184 43416 6.25 57.23
42827 42461 25.63 100.41
42363 42551 4.38 82.56
35593 35409 0.63 104.09
32293 32070 1.88 75.75
167811 43368 0.0 51.59
46346 46373 15.63 122.93
34801 35031 12.5 112.03
41574 41380 12.5 65.38
50103 49499 9.38 115.49
48751 49218 10.0 112.79
31773 31821 0.63 34.43
39898 39910 8.13 101.09
35774 35515 9.38 142.01
56581 56845 11.88 53.66
32044 31920 2.5 58.54
38733 38743 6.88 60.76
38052 38332 0.63 76.01
34331 34105 3.75 123.42
40402 40491 43.13 111.84
42883 42757 8.13 83.99
38631 38808 6.25 82.75
35199 35031 0.63 61.44
47011 46326 20.63 138.02
37639 37973 5.63 84.81
46333 46346 11.88 74.04
42585 42623 7.5 75.69
54458 54394 0.0 14.89
39174 38752 3.13 108.9
32669 32679 2.5 32.55
32524 32808 10.63 97.15
42147 42403 0.0 67.4
43597 43145 0.0 121.56
50918 51274 5.0 63.17
41649 42010 4.38 144.88
33934 33817 0.63 52.9
37437 37863 2.5 108.38
33361 33472 13.13 80.54
38300 38332 5.63 111.78
32828 32902 0.0 46.7
51985 168827 0.0 13.01
48217 47952 3.13 61.03
45328 45713 6.25 82.09
40809 40392 8.13 117.92
168538 49263 0.0 57.15
36428 36284 5.0 84.56
48590 48608 15.0 23.3
34585 34733 10.0 61.42
43197 42827 0.0 97.2
35743 36071 3.75 126.56
35588 35613 0.0 9.46
31927 32266 0.0 122.94
42008 41517 7.5 123.65
37113 37155 0.0 11.24
36865 36553 0.0 97.3
167495 40232 1.25 84.74
41304 41409 3.13 126.12
44361 167945 0.63 25.8
44712 44737 5.63 6.22
45201 168035 10.63 126.86
39592 39613 7.5 76.22
47986 48211 8.75 76.07
45078 45180 1.25 43.54
29844 166424 0.63 95.84
31734 32030 0.0 110.37
43064 42945 8.75 73.99
42019 42008 3.13 47.79
47502 47227 3.13 63.0
34906 34778 6.25 110.51
52860 52775 0.63 26.42
44858 44901 0.0 9.42
39602 39444 4.38 106.5
42439 42421 5.63 103.21
31820 32016 0.0 83.12
36560 36540 0.0 28.5
40039 40044 0.0 9.02
34383 34803 0.0 108.04
33928 34023 1.88 27.28
40978 41383 8.75 126.97
37714 38065 0.63 115.94
38124 38108 1.88 125.67
41975 42127 5.63 42.7
38095 37961 6.88 37.27
47445 46949 11.88 127.69
32564 32240 0.63 111.38
53178 52771 11.88 76.91
42757 42883 8.13 83.99
45963 45991 5.0 74.4
35752 35592 1.25 106.85
43415 43588 6.88 40.75
45991 45963 5.0 74.4
41225 41314 2.5 39.48
39074 39012 1.88 50.32
49987 168601 0.0 24.7
167862 43693 0.0 58.28
33688 33580 4.38 54.27
40116 40383 6.25 80.9
46361 168221 3.13 93.94
44037 44071 0.0 8.37
35795 35692 0.63 24.57
44613 43997 6.25 121.12
35073 34918 1.25 44.03
36103 36071 0.0 16.49
34807 34851 1.88 28.75
166591 31470 0.0 85.89
47135 47003 1.25 60.91
33014 32828 5.0 78.34
33748 33707 16.25 116.64
48233 48184 0.0 11.82
167748 42356 0.0 81.61
41893 42199 11.88 85.29
43191 42955 3.75 58.17
45712 45673 3.75 71.16
31986 32062 7.5 83.32
42806 42774 0.63 52.52
37444 37219 11.25 66.27
53178 53039 11.25 111.07
54319 53925 8.75 85.1
41240 41233 0.0 4.88
47196 47476 10.63 65.17
44686 45236 19.38 117.24
38843 39162 1.88 78.88
36243 36379 1.88 122.42
42186 42605 10.63 124.35
54942 55234 3.75 45.46
47836 47476 13.75 76.82
36942 36725 1.88 64.61
45552 45586 11.25 33.61
167360 38755 2.5 59.92
48539 48078 8.13 95.39
48590 49167 11.88 112.31
34383 34796 2.5 115.89
33610 33435 0.63 49.62
44838 44942 0.0 20.35
32793 32573 12.5 76.08
40158 40548 8.13 99.72
43406 43216 18.75 126.49
32614 32391 6.25 86.91
36542 36814 4.38 78.49
167475 39326 0.0 140.93
35343 35136 1.25 60.75
44539 44534 18.75 90.07
41483 41725 1.25 85.21
50859 50329 4.38 100.62
35981 35656 1.88 98.13
167608 41134 1.88 9.86
35245 35341 0.0 31.53
55093 169123 0.0 49.4
36668 36747 5.63 64.61
33572 33339 12.5 74.99
37588 37541 3.75 29.98
31627 31781 3.75 118.3
31824 32042 1.25 105.39
35728 35532 0.0 102.5
43838 167881 26.88 107.97
31884 31725 6.25 76.31
42269 42251 5.63 24.67
47952 47583 8.75 81.81
36103 36306 5.0 98.83
44278 44256 10.0 37.55
34541 34441 5.0 50.22
31659 31783 3.13 75.84
49241 49283 6.88 41.81
33909 34131 0.0 77.7
37440 37351 5.63 54.16
54117 53588 10.0 116.74
34016 34322 1.88 102.27
52594 52410 0.63 40.52
40089 39931 5.63 79.11
42010 42166 10.0 47.96
51597 51745 7.5 111.41
34448 34570 4.38 60.35
44901 44858 0.0 9.42
33311 33273 9.38 32.73
44560 44304 4.38 77.7
41304 41228 5.63 36.67
37479 37333 1.88 41.15
42011 42057 8.13 79.55
44008 43526 1.25 113.58
42230 42184 6.25 79.28
44123 44138 2.5 7.51
39679 39931 4.38 81.56
36817 36747 0.63 47.64
38733 39145 4.38 98.38
31773 32106 0.63 119.37
45947 46326 5.0 80.09
48156 47662 22.5 104.53
34964 34877 2.5 134.09
32076 32021 3.13 72.26
40517 40595 3.13 123.85
37978 38213 0.0 68.0
45818 45811 4.38 131.07
34506 34641 5.0 59.26
44728 44725 14.38 9.03
52831 168859 103.75 142.29
169103 54841 0.0 89.41
50087 49397 11.88 127.83
44800 44336 11.25 90.54
42373 42184 11.88 45.3
33684 33659 3.13 58.74
35276 35193 0.63 105.6
42373 42537 1.88 37.86
29826 29460 0.63 140.06
37533 37520 6.88 94.57
38784 39074 1.25 67.06
35192 35073 3.75 76.87
37009 36697 1.25 97.65
40510 40557 0.0 11.15
49633 49763 4.38 107.87
33707 33484 10.0 94.81
167770 42824 0.63 7.5
54779 54942 0.0 81.54
46263 46553 11.25 105.69
33011 33030 0.63 35.75
33580 33688 4.38 54.27
33415 33129 8.13 88.22
167881 167950 35.0 141.51
52210 51985 18.13 39.66
169092 54737 4.38 20.71
39472 39198 13.75 105.87
32874 33165 10.0 144.41
36796 36643 21.88 96.84
37304 37530 2.5 65.08
32981 33183 0.63 76.64
35349 35447 5.0 60.21
43153 42702 1.25 109.29
39091 39426 0.63 76.07
37255 37333 12.5 24.85
41814 42011 6.88 51.46
39426 39091 0.63 76.07
37978 37949 3.75 66.46
41519 41998 0.0 138.91
39792 39359 0.0 142.15
45044 44866 1.25 68.85
53588 53038 10.0 116.87
45066 44715 15.63 98.07
34267 33866 1.88 129.43
46325 46324 0.63 30.59
40998 41373 4.38 84.72
33904 33637 5.0 89.45
42620 42304 1.25 88.0
40008 167496 0.0 64.55
32092 32505 11.25 149.55
54394 53847 5.0 117.24
32026 32332 1.88 111.66
37949 37978 3.75 66.46
38324 38108 4.38 58.52
46988 46326 10.0 129.9
35637 35953 18.75 116.05
166783 32847 0.0 63.24
35054 34906 10.63 110.6
54293 54117 1.25 93.79
42098 167673 0.0 73.52
35916 36211 13.13 98.59
167055 35146 4.38 97.08
44654 44577 11.25 32.74
38192 38346 1.88 46.22
50759 50309 3.13 84.83
40557 40867 0.0 87.09
49830 49684 8.13 113.07
53848 54246 6.25 118.19
39012 38830 7.5 90.94
33936 34266 1.25 105.03
47617 47198 6.25 90.0
50918 50759 3.13 33.39
31969 31972 1.88 99.9
167473 40116 5.0 82.47
38524 167365 3.13 122.98
38243 38299 0.63 17.79
33030 32881 0.63 50.25
167851 43634 1.25 62.17
35974 35752 3.13 131.61
49058 48451 168.13 116.2
52775 52755 0.0 14.6
51641 51552 0.0 21.42
50981 50845 9.38 111.06
34077 34150 15.0 71.13
40705 40531 0.63 59.19
42202 42514 4.38 75.72
51597 51471 7.5 112.4
41533 41554 0.0 9.35
33149 166801 0.0 22.4
37650 37197 15.63 127.67
32748 32808 3.13 61.15
52387 51765 5.0 119.2
42139 42082 2.5 15.27
41007 40776 1.88 57.53
31769 31936 0.0 61.83
36035 167171 0.0 101.31
43182 42928 8.75 126.61
46336 46729 6.88 96.07
40447 40024 7.5 107.04
43693 43650 2.5 11.56
36379 36319 0.0 14.83
35708 35844 2.5 70.56
42854 42405 0.0 110.16
31050 31001 0.63 131.94
39598 39918 13.13 101.34
169123 169132 0.0 32.82
44495 44544 12.5 32.11
32862 32896 0.0 21.01
45872 46275 13.13 91.7
36684 36654 3.75 7.13
32760 32529 2.5 112.4
33928 33844 0.0 24.73
37045 36943 0.0 23.97
42020 42303 5.0 74.2
32070 31957 3.75 40.09
31972 31969 1.88 99.9
38212 38425 1.25 96.31
50329 50859 4.38 100.62
44367 44220 6.88 56.84
44616 44510 14.38 39.73
43116 43088 3.13 53.22
41771 41706 3.13 85.92
42928 42654 5.0 62.5
37009 36865 17.5 75.17
46043 45788 5.63 142.59
44605 44602 0.0 4.95
42896 43114 3.13 51.8
47662 47566 3.75 17.16
45552 45922 10.0 94.95
44235 44138 5.0 38.93
34363 34345 1.25 81.15
43184 43477 5.63 135.37
34180 34175 0.0 14.1
36782 36446 15.0 145.91
37399 37255 1.88 90.31
40518 40442 3.13 130.99
48211 48184 1.88 17.18
33014 33076 0.63 49.43
33656 33572 3.13 50.05
34625 34266 1.88 105.01
33909 33813 0.0 56.7
29986 166449 0.63 83.3
42133 41645 3.13 132.13
41646 41814 8.13 45.47
32191 32086 5.63 55.36
39939 39752 10.63 73.26
33481 33380 1.88 42.47
33679 33693 1.88 69.54
47836 48197 3.13 76.71
44918 44539 4.38 70.98
39307 39871 4.38 147.23
46275 45872 13.13 91.7
31987 32070 1.25 32.35
35360 35575 1.25 70.42
42503 42314 10.0 44.83
42252 41843 0.0 121.65
37126 37009 10.0 69.38
38254 38225 0.0 67.77
31769 31725 8.75 85.67
42421 42439 5.63 103.21
37444 37335 5.0 116.86
34845 34907 0.0 24.23
42873 43112 19.38 89.51
43134 43186 0.63 12.59
33184 33246 0.63 60.58
32301 32217 0.0 30.07
41343 41117 2.5 84.81
37479 37507 1.88 14.07
40322 39882 1.25 111.7
51326 50701 46.88 118.62
34260 34570 6.25 112.3
34366 34386 7.5 45.88
31193 31316 5.63 57.86
42068 42082 0.0 2.79
34339 34364 1.88 18.01
35812 36093 1.88 83.84
45233 45712 33.75 94.94
38821 38632 8.13 66.85
31563 31560 0.0 1.7
42623 42585 7.5 75.69
38631 38463 0.63 52.37
44890 167994 15.0 122.94
37219 37247 3.13 26.55
47445 47499 1.88 28.02
167068 35487 0.63 26.93
36747 167183 0.63 66.22
43182 43477 2.5 69.94
45357 44950 40.0 87.93
43700 43375 6.25 75.32
37315 37326 0.63 98.87
47740 47270 5.63 104.83
35048 34926 0.0 42.66
32558 32596 3.13 141.06
37604 37714 14.38 41.6
44052 44271 6.88 42.42
35975 36098 15.63 71.99
43588 43855 4.38 60.68
39154 39647 29.38 122.81
41050 41311 0.63 83.99
41703 41779 1.88 79.34
43518 43186 11.25 118.48
44691 44667 3.13 22.78
39998 39592 2.5 114.43
34776 34565 9.38 87.46
32392 32044 3.13 125.25
46115 46380 1.88 82.53
33407 33684 0.63 83.22
32217 32301 0.0 30.07
35745 36063 4.38 120.25
30175 30468 1.88 106.49
43749 43607 3.75 58.58
35923 35686 3.75 100.13
36228 36055 2.5 48.18
168074 45146 18.75 142.65
33844 33823 0.63 22.78
54666 169067 16.88 40.83
38426 167360 6.88 75.37
38167 38180 0.63 3.87
49992 49879 0.0 26.97
41472 41479 3.13 63.66
40741 40205 3.75 145.5
35592 35752 1.25 106.85
33339 33059 7.5 85.96
31050 30963 3.13 132.14
38476 38455 1.25 69.0
37961 38095 6.88 37.27
42413 41992 2.5 105.78
44662 44279 16.25 77.18
166922 34902 0.0 124.2
168775 51552 0.0 10.28
49004 49594 34.38 107.43
49633 49499 15.0 112.87
53588 54117 10.0 116.74
44393 44601 3.75 51.41
40337 40765 8.75 134.16
42486 43008 0.0 139.11
39800 40089 5.0 79.32
46613 46263 7.5 77.65
34796 34383 2.5 115.89
43275 43364 7.5 137.12
53848 54001 5.0 52.74
43125 43142 11.25 89.29
41009 41242 0.63 81.52
36292 36054 19.38 125.4
32191 32383 3.75 95.55
33844 33902 16.25 104.42
36091 36461 0.0 146.63
31814 31766 4.38 100.47
39784 40083 5.63 76.93
36817 167199 0.63 45.63
41725 167645 0.0 56.47
34589 34319 1.88 78.14
40892 41240 2.5 114.6
53038 53588 10.0 116.87
37863 37437 2.5 108.38
37443 37294 3.13 74.66
32744 32856 0.0 80.83
31627 31838 0.63 77.25
55580 169141 0.0 49.97
43607 43153 3.75 109.2
31793 32100 4.38 110.85
166979 34941 1.88 139.93
50959 50919 5.63 41.48
42568 42873 13.75 91.35
33664 33537 4.38 45.4
31821 31773 0.63 34.43
54781 54458 24.38 86.23
167069 35417 16.25 72.26
31773 31865 3.75 139.14
35101 35136 0.0 24.8
34776 34944 10.63 90.44
43416 43184 6.25 57.23
43650 43762 2.5 130.06
33073 33172 2.5 64.31
45502 45933 1.25 113.68
33415 33660 3.75 85.95
36941 37151 8.13 84.95
36720 36814 2.5 114.18
48608 48100 18.13 101.6
32744 32552 0.63 83.16
40829 40809 8.75 49.54
166801 33149 0.0 22.4
43675 44209 30.63 113.47
32573 32497 25.0 26.74
40881 40946 0.0 20.57
38495 38737 2.5 77.31
42314 42230 6.88 79.42
33979 33799 1.25 57.41
34964 35180 6.25 61.51
50342 50473 8.75 112.22
40677 40932 12.5 119.42
40026 40394 0.0 143.71
32573 32285 5.0 145.84
38240 38222 4.38 110.14
31875 31899 3.13 28.07
34180 34183 0.63 57.86
45236 45300 8.75 92.89
37569 37413 0.0 49.77
50919 50959 5.63 41.48
39005 38737 5.63 77.32
51924 52092 11.88 114.22
167463 40056 0.0 93.84
40361 40392 3.75 52.95
34506 34806 0.63 93.71
45052 45314 7.5 98.84
42421 167714 2.5 13.15
49669 168567 10.0 81.14
43525 43142 5.63 90.86
39948 40416 7.5 115.68
34345 34270 1.25 82.62
40324 39855 3.75 114.47
53861 168968 2.5 68.92
31566 31563 1.88 16.49
40602 40891 6.88 84.55
53541 53039 14.38 101.46
49633 50163 7.5 102.48
33175 33570 12.5 118.71
39355 39226 3.13 52.92
40083 167510 5.0 75.48
41197 41513 0.63 94.93
37530 37457 6.25 90.55
35708 36026 5.0 98.59
45100 45440 2.5 69.31
33380 33101 11.88 118.6
33991 34165 1.88 53.93
31875 32021 3.13 144.05
33483 33707 10.0 86.49
31376 31531 0.0 81.18
38108 38324 4.38 58.52
167960 44583 0.0 15.56
37738 37444 0.0 77.7
39225 38857 11.25 85.17
34126 33928 2.5 84.89
33011 166788 1.25 22.53
45055 44800 3.75 55.27
48078 47617 10.63 95.39
43749 44036 4.38 76.49
34445 166923 0.0 29.8
47624 47662 8.75 91.55
167632 41472 4.38 84.45
54319 169046 3.13 41.48
41517 41516 1.25 27.04
50130 50202 10.63 64.72
32892 32702 4.38 69.41
41874 41588 3.75 78.42
46807 46325 15.63 92.26
46018 45784 6.88 59.37
36796 37174 2.5 109.74
44534 44524 18.13 89.59
31622 31399 0.0 82.0
32828 33014 5.0 78.34
32892 32970 1.88 23.43
40085 40231 1.88 44.96
38381 38095 10.0 82.27
45759 46333 8.75 119.53
34927 34682 5.0 112.15
45928 45357 13.75 122.79
167980 44858 0.0 32.81
45606 45745 12.5 78.86
30443 30769 3.13 128.18
48265 48537 0.0 94.55
36867 36889 0.63 70.61
34016 33987 1.25 52.87
166990 34845 0.0 26.5
41907 41850 15.63 91.37
42654 42568 3.13 23.82
38201 38194 1.88 6.0
43375 43700 6.25 75.32
42184 42373 11.88 45.3
167545 40310 1.25 44.15
43142 43082 1.88 32.09
43509 43125 8.75 91.83
33957 34077 15.0 72.83
46920 47474 4.38 129.15
50885 50919 0.63 40.07
35447 35575 3.75 72.11
35327 35384 0.0 22.59
50103 49992 5.0 94.98
38524 38503 5.0 122.98
38503 38381 15.0 36.53
41373 40998 4.38 84.72
45213 44918 2.5 66.99
31987 32338 25.0 136.07
37049 37025 0.0 19.15
38914 38963 1.88 45.72
31316 31364 4.38 60.95
38533 38407 1.88 35.72
35181 35367 2.5 73.09
33902 33904 0.0 8.48
36943 37025 0.0 48.81
36038 36062 5.63 108.0
38451 38294 5.63 127.1
40083 39784 5.63 76.93
33160 33424 4.38 79.14
33212 33637 10.0 125.98
33660 33587 4.38 77.93
39332 39426 5.63 99.0
39179 39187 20.0 110.59
41273 41227 7.5 95.54
43184 42928 8.75 61.5
38476 38299 5.0 53.48
36635 36806 20.63 103.83
40946 40911 1.88 44.71
45715 45357 8.75 118.57
32675 32368 0.63 101.99
47897 47995 8.75 59.15
46488 46851 9.38 95.76
42436 42422 0.63 43.59
38652 38613 6.88 63.31
36946 36601 5.0 99.65
40466 40783 1.25 91.84
45733 45146 20.63 128.16
39145 38733 4.38 98.38
36473 36403 0.63 77.84
33567 33573 0.0 27.48
167671 41852 0.0 66.77
35458 35736 8.13 124.97
46067 45788 3.75 143.12
38240 38299 1.25 18.68
49336 168601 4.38 129.64
43468 43275 5.63 45.1
42160 42304 3.13 100.02
41582 41512 5.0 15.4
47445 47970 4.38 124.97
34807 34769 1.25 17.63
38495 38271 10.63 74.71
55221 55014 27.5 54.99
42269 42316 11.25 87.01
37158 36998 1.25 76.35
35327 35177 0.63 46.24
53344 53310 0.0 18.32
33966 34065 10.63 50.71
41975 41992 1.88 60.09
167961 44539 10.63 94.21
39613 39592 7.5 76.22
33660 33957 5.63 100.39
43741 44278 3.75 109.69
42057 42011 8.13 79.55
32266 32599 41.25 122.99
32166 32016 0.63 82.48
39376 39566 3.75 147.38
34699 34322 3.13 103.14
167631 41273 0.0 40.83
168306 47349 69.38 106.84
33558 33776 1.25 83.73
31838 31627 0.63 77.25
48451 48594 3.13 95.07
32874 32900 0.0 9.25
41978 167658 1.88 102.21
41524 41424 1.25 24.41
35021 34944 3.75 114.2
40783 40887 1.25 62.91
40152 40047 0.0 25.94
31817 32141 5.63 115.54
35864 35890 0.63 6.08
33240 33165 0.63 63.41
45020 45052 0.0 16.13
31766 31969 3.75 74.15
34304 34679 0.63 104.84
34107 33944 1.25 51.93
40946 40881 0.0 20.57
42060 42273 0.0 118.37
50202 50207 23.13 10.5
46373 46346 15.63 122.93
38022 38167 3.75 40.46
37885 37806 0.0 20.12
48271 48233 1.25 13.18
42998 167795 10.63 78.32
49198 49263 3.13 43.84
31781 31901 2.5 56.52
40325 167532 3.13 39.58
33273 33588 1.25 98.91
38194 37662 7.5 137.41
32637 32625 2.5 44.47
42620 42699 1.88 56.55
29995 30149 0.0 89.69
43601 43526 0.0 49.81
34061 34377 1.25 113.42
44968 45328 12.5 88.07
39647 39154 29.38 122.81
42599 42432 1.88 118.79
37384 37256 66.25 77.38
47196 46590 33.13 146.32
50961 50959 0.63 15.94
35144 35349 0.0 67.66
40235 40227 0.0 6.25
32240 32194 2.5 79.22
47970 48572 14.38 138.86
40085 39838 0.0 61.36
53435 53305 0.0 32.93
39647 39675 8.13 67.97
33036 32609 2.5 144.69
168769 51509 3.13 82.86
38652 38503 16.25 45.41
35324 35487 0.0 52.76
42353 42316 0.63 28.87
41435 40885 0.0 134.87
43134 42877 7.5 62.48
40235 40341 3.13 34.36
32923 32793 18.13 65.34
36332 36101 5.0 105.31
35575 35708 7.5 70.61
41291 41373 9.38 79.25
50242 50162 9.38 113.64
168567 49669 10.0 81.14
50360 50489 8.13 90.73
32062 32081 12.5 82.85
47586 47836 10.63 59.01
48868 48411 8.13 89.81
41463 41920 0.63 139.02
42545 42912 5.63 124.52
41424 167633 0.0 56.59
37174 36796 2.5 109.74
35844 35708 2.5 70.56
33041 32614 6.88 144.16
37698 37714 0.63 32.97
167542 40522 0.63 45.7
36488 36826 0.0 140.99
51629 52136 21.25 91.75
35953 35637 18.75 116.05
46956 47221 0.0 96.19
34702 34952 13.13 79.12
33284 33003 0.0 108.0
42260 42806 6.88 131.0
38381 38503 15.0 36.53
38109 37885 5.0 69.79
44383 44878 4.38 101.94
42945 43064 8.75 73.99
30443 30628 4.38 138.34
42046 41810 2.5 97.37
32016 32166 0.63 82.48
36874 36817 3.13 47.3
36062 35904 4.38 88.96
38958 39179 5.63 82.8
43066 167832 1.25 86.77
31899 31931 3.13 41.47
44109 43605 8.13 119.45
37471 37174 4.38 107.67
40171 40184 13.75 62.29
34901 35127 24.38 109.25
32081 32062 12.5 82.85
37624 37959 5.0 88.14
43191 43224 1.88 53.54
169080 54505 1.25 32.25
40578 40557 3.13 42.2
35953 36332 15.63 118.84
167829 43769 21.88 93.17
37218 37029 8.75 82.14
52698 52430 0.63 48.51
47991 47502 6.25 105.13
31766 31814 4.38 100.47
40792 40517 0.63 123.0
47998 48411 27.5 89.81
33076 33014 0.63 49.43
49728 49763 3.13 42.01
32932 32741 3.13 109.09
46678 168221 44.38 45.1
45213 45201 3.75 126.86
43406 43465 16.25 37.64
167537 40951 0.0 141.53
41958 41973 0.0 18.95
47259 47270 24.38 97.89
44635 44616 11.25 7.88
38843 38914 6.25 81.19
29550 29936 0.0 148.41
35180 35360 5.0 91.17
40139 40227 14.38 102.82
49354 49879 20.63 98.05
35706 36054 0.0 142.35
40734 40322 0.0 112.45
54737 169092 4.38 20.71
32646 32582 1.25 25.3
33570 33939 10.63 118.71
167794 43024 0.0 89.18
35079 35230 9.38 140.62
167545 40460 0.0 28.12
35855 35904 1.25 102.91
38192 38022 0.63 45.8
33138 33401 2.5 80.32
32042 31824 1.25 105.39
37151 37222 0.0 85.31
46130 46287 7.5 58.67
36540 36292 31.25 125.4
45507 45784 18.75 112.55
45157 45441 9.38 82.44
35324 35395 41.88 49.97
50629 51122 7.5 96.52
39393 39495 5.63 108.79
40383 40641 15.63 80.9
42654 42822 22.5 113.67
50038 49992 2.5 23.98
45580 45213 5.0 68.85
42353 42849 2.5 121.99
31869 32132 5.0 108.21
32142 32168 3.75 89.23
35061 35181 4.38 63.66
38349 38332 1.25 63.62
38731 38455 5.0 84.53
43693 167862 0.0 58.28
45640 45131 25.63 117.86
42469 41972 8.13 126.31
37567 37229 0.0 144.97
38745 38463 5.0 138.46
55211 55352 0.0 115.41
33688 33817 1.25 49.47
52860 52755 0.0 20.33
49969 49669 4.38 110.92
47068 47264 9.38 110.33
32950 32895 11.25 26.31
37796 37698 5.63 29.39
47198 46778 3.75 94.52
33746 33665 1.88 83.35
38706 38616 8.75 63.53
39823 40205 6.88 101.89
48538 49004 11.25 89.56
42356 42272 5.63 51.71
53116 53792 0.0 132.3
40447 40937 11.88 135.59
32030 31734 0.0 110.37
42371 42213 0.0 36.52
53757 53641 9.38 86.93
33435 33158 6.25 105.83
34150 34241 18.13 99.61
42806 42260 6.88 131.0
41953 41868 1.88 22.65
37664 167315 5.0 106.6
36394 36103 0.0 95.66
35037 34927 2.5 39.9
37900 38010 3.75 83.33
31565 31245 5.0 118.55
52912 53009 3.75 113.48
35036 35079 6.88 63.75
34778 34906 6.25 110.51
44661 167969 40.0 30.32
40480 167521 0.0 59.51
38367 167361 0.0 54.32
34709 34437 4.38 112.93
33465 33179 7.5 107.41
32366 32294 4.38 34.07
42139 41967 9.38 139.53
40641 40383 15.63 80.9
50875 51558 0.0 129.92
44249 44136 0.0 26.54
47003 47476 5.63 125.08
34016 33765 6.25 79.3
39033 38814 1.25 63.45
40975 41409 1.25 129.36
33076 33356 7.5 90.17
40194 40204 3.75 72.59
167754 42746 1.88 58.62
41645 41715 18.13 114.55
51985 51561 12.5 78.13
40777 40578 5.63 59.61
40472 40641 8.75 62.37
40324 40282 1.88 49.15
43112 43216 13.75 74.03
43894 44199 5.63 76.06
35061 167039 3.13 94.99
43146 43186 3.13 111.05
34682 34484 3.13 63.66
41380 41574 12.5 65.38
44052 43703 3.13 79.72
34445 34599 0.0 41.83
31731 31793 3.13 31.12
44530 44979 14.38 89.82
168441 48677 13.75 78.08
48590 48539 10.0 52.57
45813 45941 8.13 59.38
53576 53310 9.38 111.44
41961 41921 0.0 29.36
32701 32992 3.13 101.45
43663 43598 5.63 59.43
45441 45157 9.38 82.44
37530 37399 3.13 90.31
40231 40282 1.25 23.07
34907 34803 0.0 60.25
44279 44662 16.25 77.18
42166 42010 10.0 47.96
32810 32892 3.75 95.45
43465 43708 3.75 84.58
45941 45813 8.13 59.38
37963 38095 5.63 101.24
39173 39598 15.63 143.87
167233 37049 0.63 18.25
42546 42441 3.13 76.82
38347 38426 3.13 75.23
38332 38052 0.63 76.01
33734 34065 6.88 128.23
36998 37158 1.25 76.35
43191 167813 1.88 53.28
51128 51629 11.25 91.75
31197 31248 1.25 148.06
35436 35728 6.25 86.46
48751 48248 13.75 113.23
32685 166735 0.0 67.35
40885 40396 0.0 135.47
36284 36792 10.63 136.17
49499 48851 15.63 116.02
44030 43997 3.13 68.59
44286 44393 7.5 85.51
38565 38613 5.0 62.28
31772 31769 0.0 9.87
54505 54424 4.38 18.95
46752 47010 1.88 50.07
35637 35935 7.5 102.16
41995 42008 4.38 64.59
34769 34364 1.88 117.99
38733 38716 13.75 118.28
30997 31193 36.88 134.63
38194 38142 0.63 47.09
42568 42363 15.0 64.19
32564 32277 0.63 123.14
56845 169283 0.0 2.05
32132 31869 5.0 108.21
33221 33011 0.63 66.5
43580 43416 1.88 46.33
44616 44635 11.25 7.88
46640 46305 15.0 117.3
40905 40864 7.5 72.18
30406 30156 0.63 135.27
51558 51101 3.75 98.62
36654 36396 13.13 64.69
36874 167210 1.88 43.63
46324 46333 8.75 65.55
35908 35981 8.75 50.95
42182 41990 12.5 57.14
37425 37461 0.0 10.38
44712 44220 5.0 114.9
48049 47991 1.25 80.16
46825 46839 8.75 77.96
36198 35952 93.75 111.39
45477 45809 1.25 78.85
167388 167389 0.0 5.88
34698 34985 2.5 79.45
42146 42432 18.13 68.42
37326 37425 1.25 99.34
47602 47635 0.63 4.01
39875 39925 23.13 90.31
34065 34178 3.13 61.29
35033 34918 2.5 91.13
41472 167632 4.38 84.45
167663 41967 9.38 139.95
34241 34150 18.13 99.61
44510 44415 13.75 45.36
30729 30797 3.13 67.79
44220 44030 10.0 66.98
43929 43598 10.0 74.0
40194 39854 6.25 98.0
37174 37471 4.38 107.67
44058 44534 9.38 94.11
36074 36038 0.63 23.48
41715 41893 5.0 49.4
42008 42202 5.0 49.63
33293 33257 0.0 31.56
167980 45199 0.0 102.82
48733 48851 13.13 111.24
37507 37479 1.88 14.07
53314 168955 18.75 79.23
166548 30468 5.63 106.44
34845 166912 0.0 141.47
43946 43293 0.0 147.17
33257 33293 0.0 31.56
37152 37472 0.63 140.66
32100 31793 4.38 110.85
42822 42551 4.38 66.95
36646 36772 0.63 49.94
40510 40544 0.0 41.82
39497 39495 12.5 75.17
45477 45232 7.5 49.63
33947 34088 1.88 89.96
38124 38193 0.0 64.58
40544 40578 1.25 10.79
32529 32406 3.75 62.37
38213 38222 1.25 19.27
32285 32150 6.88 56.51
46077 45640 5.63 112.01
39354 39376 0.0 20.9
36098 36437 0.63 97.12
41409 41304 3.13 126.12
44336 44071 1.88 50.79
40998 40946 6.25 70.85
40536 40557 0.0 51.68
34926 35048 0.0 42.66
169067 169060 1.25 21.7
32368 32675 0.63 101.99
32968 32923 1.25 17.25
38958 38821 1.25 49.36
33021 33284 0.63 82.41
168782 50878 20.0 133.95
32081 32217 0.0 46.06
49877 50312 15.63 86.04
48384 48490 30.0 115.83
42866 42874 2.5 25.85
37158 37425 3.13 115.1
32426 32150 5.0 135.26
43542 43543 0.0 76.14
39326 167475 0.0 140.93
31899 31875 3.13 28.07
31821 31797 4.38 61.36
52210 52316 3.13 18.37
54747 54779 0.0 6.55
41990 167663 11.25 64.78
34593 34331 23.13 123.45
53861 53925 0.63 14.17
33613 33800 1.88 91.68
45991 45709 3.75 71.18
42316 42702 3.75 94.33
31734 31417 0.0 110.16
49198 49058 10.63 114.71
41516 41548 10.63 109.02
36026 36360 7.5 98.59
40039 39941 0.0 20.75
168827 52210 18.13 40.88
43580 43764 6.88 83.35
41646 41703 7.5 79.18
37924 37837 0.0 20.84
41582 41495 6.88 78.88
39399 39823 0.63 103.04
35844 35975 1.25 80.38
51128 50949 6.88 30.57
169191 55854 0.0 6.36
46275 46467 15.63 92.08
31361 31364 0.0 3.12
45712 46163 35.63 114.93
32158 32292 1.25 60.89
33059 32793 7.5 115.3
33693 34150 15.63 139.92
37763 37806 2.5 29.92
31001 31050 0.63 131.94
30611 30681 0.0 44.9
38241 38180 3.13 28.28
43065 42806 2.5 61.56
29844 30124 4.38 100.61
34599 34595 0.0 29.46
36098 36226 3.75 70.51
38822 38734 0.0 25.99
44278 44336 21.88 116.52
37222 167241 0.0 30.82
37435 37384 4.38 40.81
37541 37724 0.0 92.27
42461 42158 1.88 81.93
34950 35061 3.75 65.65
45713 46297 12.5 138.4
40998 41051 15.63 78.24
34386 34126 1.88 88.12
35106 35180 2.5 114.23
49218 48572 38.75 133.37
40587 40619 0.0 80.34
34200 34060 0.0 45.32
32625 32637 2.5 44.47
44133 44286 4.38 85.28
41585 41441 4.38 33.18
40844 40809 3.75 52.35
34304 33984 0.63 104.86
40392 40361 3.75 52.95
48485 48851 11.88 73.6
36646 36668 1.25 42.28
54737 54445 1.25 49.47
167312 37738 0.63 77.82
167994 44890 15.0 122.94
43116 42703 4.38 96.98
167210 36874 1.88 43.63
41649 41483 0.0 47.78
35384 35487 0.63 52.66
48384 48049 18.13 73.54
43146 42874 3.13 70.06
43543 42966 18.75 138.78
31566 31679 9.38 34.81
37002 167237 0.0 33.33
44063 167905 0.0 16.54
34803 34907 0.0 60.25
42272 42356 5.63 51.71
32589 32530 1.88 31.19
39884 39882 0.0 4.81
40864 40518 10.0 97.16
38225 38254 0.0 67.77
33588 33273 1.25 98.91
54686 169080 0.0 1.1
40249 40089 9.38 52.33
53310 53159 2.5 40.09
44415 44500 1.25 18.71
40392 40416 1.88 47.2
41975 41953 3.75 6.21
43525 43509 5.0 89.03
32383 32191 3.75 95.55
52569 53039 4.38 84.69
47227 47242 21.88 105.84
31920 31793 3.13 67.59
35580 35549 1.88 6.8
54458 54330 11.88 39.38
42249 42358 1.25 85.3
38327 37831 1.88 142.65
37520 37533 6.88 94.57
44533 44858 1.25 61.68
30233 30247 3.13 8.79
35593 35762 6.88 83.39
45300 45556 6.88 53.02
40235 167502 0.0 128.33
42912 43169 6.25 123.76
31487 31589 3.13 71.88
45991 46275 18.13 78.84
34155 33902 4.38 76.84
35854 35580 6.25 71.42
32168 32452 6.25 93.52
32596 32558 3.13 141.06
35892 35762 11.88 123.47
32699 32685 7.5 61.11
39225 39354 1.25 38.91
36889 167236 0.63 36.91
34156 34165 0.0 18.27
33093 32937 8.13 56.52
167181 36668 0.63 46.09
31349 31426 8.13 87.61
38180 38167 0.63 3.87
34926 34907 0.0 3.67
30769 30443 3.13 128.18
36226 36553 0.0 97.32
41605 41548 1.25 114.96
32552 32744 0.63 83.16
38108 37965 2.5 38.86
32502 32481 0.63 127.95
38294 38010 3.75 82.1
46263 46018 2.5 57.34
32923 32968 1.25 17.25
167832 43066 1.25 86.77
35855 36055 3.75 62.67
40941 40496 0.0 119.45
38358 38463 4.38 70.66
31821 31600 16.25 78.45
30963 30891 3.13 131.78
41544 41304 10.63 76.74
50845 50701 8.75 114.65
45096 45307 0.0 49.9
42599 42166 8.13 126.61
42637 42594 0.63 82.35
45709 45215 11.88 129.37
33003 32987 0.0 4.77
43178 43064 13.13 55.5
35706 35580 0.0 63.46
29936 29550 0.0 148.41
33319 33427 20.0 49.58
43142 43125 11.25 89.29
46333 46324 8.75 65.55
54775 54417 0.0 59.21
39918 39898 1.88 6.29
34960 35075 5.63 53.46
41616 41202 5.0 117.86
42251 167740 0.63 138.8
37471 37058 6.88 117.58
38201 38254 2.5 17.16
35409 35593 0.63 104.09
34744 34267 20.63 130.43
43416 43711 6.88 140.15
48100 48608 18.13 101.6
42888 42966 4.38 57.71
54227 54360 3.13 93.54
51471 51597 7.5 112.4
35417 35190 14.38 111.55
166753 32325 0.0 105.97
38602 38870 7.5 69.1
54227 54113 24.38 37.42
40029 39792 3.13 59.62
34104 33755 0.0 106.64
39495 39393 5.63 108.79
36913 36635 3.13 92.71
45125 44828 11.88 87.64
43182 42822 4.38 86.5
168776 51401 8.13 84.65
34952 35213 14.38 76.47
40392 39891 2.5 121.75
42824 42743 0.63 124.97
34924 34700 0.0 63.99
44519 44856 12.5 118.51
44856 44519 12.5 118.51
37351 37457 6.25 90.62
30769 30682 1.25 88.97
54424 54409 0.0 6.93
39684 39675 11.88 99.16
47291 47221 0.0 54.99
52537 53116 16.88 106.92
43479 43088 0.63 95.49
35795 35613 2.5 89.23
34585 34484 5.63 49.54
55580 55678 0.0 31.33
36306 36103 5.0 98.83
45686 45180 16.25 115.22
31283 166614 1.25 102.86
167361 38367 0.0 54.32
43169 42912 6.25 123.76
45713 45840 6.25 75.41
40658 40522 7.5 55.89
33014 32896 2.5 56.45
167183 36747 0.63 66.22
45339 45507 5.63 60.33
45954 45946 10.0 42.77
43247 167818 3.75 14.06
43275 43468 5.63 45.1
37763 37624 7.5 87.16
55234 169130 0.63 15.37
45784 45507 18.75 112.55
39415 39792 3.75 96.29
34441 34851 1.88 120.09
37113 37009 0.0 34.26
43675 43601 1.25 49.15
39415 39359 3.13 51.57
49263 49198 3.13 43.84
167930 167980 3.13 91.19
33240 33339 8.75 88.58
45096 167960 0.63 149.38
41516 41995 10.0 128.55
35051 35136 1.88 23.55
43498 43785 16.25 77.02
34540 34388 1.25 49.94
50402 50671 21.25 50.78
36998 36942 0.0 74.12
41527 41850 8.13 90.32
33339 33572 12.5 74.99
41548 41605 1.25 114.96
46877 46505 6.88 77.06
39005 39218 2.5 77.54
35892 35854 0.0 10.96
33746 33797 2.5 22.97
38912 39256 3.13 77.18
42733 43150 16.25 135.72
32062 31986 7.5 83.32
36332 36376 1.88 10.25
37667 37520 1.25 56.54
37827 37461 5.63 99.9
39633 39674 11.25 34.02
47662 48156 22.5 104.53
32532 32625 6.25 78.85
33175 33212 8.13 51.96
49763 49633 4.38 107.87
42824 167770 0.63 7.5
34241 34466 22.5 102.31
42020 42099 13.13 134.82
31365 31361 1.25 14.54
34377 34778 22.5 113.38
56438 55678 1.88 144.75
54319 54417 0.0 48.58
167633 41424 0.0 56.59
35593 35844 0.0 71.4
35549 35762 3.13 129.65
33435 33610 0.63 49.62
46425 46043 13.75 102.81
34173 34565 7.5 121.49
53917 54315 6.88 107.57
54117 54486 21.25 73.6
40194 40184 11.88 74.35
31361 31365 1.25 14.54
31622 31783 0.0 80.49
49763 49728 3.13 42.01
39941 39497 20.0 110.9
43555 43634 1.88 18.59
41138 41257 0.0 41.08
33944 33778 0.63 84.13
38756 38768 0.0 15.24
44143 44008 1.88 50.69
29986 29634 12.5 128.86
41616 41564 5.0 56.41
33076 33245 3.75 73.19
44856 45314 16.88 114.95
40557 40578 3.13 42.2
45044 45507 14.38 111.55
38010 38081 1.88 48.59
38870 38808 7.5 65.6
32036 32150 1.25 58.11
35938 36198 6.25 143.48
42699 42304 1.88 94.9
40796 40677 24.38 123.86
44008 43894 0.63 51.46
167817 43265 0.0 73.88
33319 33123 3.75 85.3
35785 36075 3.75 98.33
40911 40881 10.63 57.15
44399 44889 3.13 112.67
54650 54394 0.0 42.79
39566 39684 10.0 148.08
31750 31899 0.63 54.83
42849 42353 2.5 121.99
42272 42146 3.13 83.88
40204 40194 3.75 72.59
47566 47218 9.38 77.73
36573 36601 3.13 13.77
34985 34952 2.5 39.64
43894 43458 3.13 102.16
37425 37326 1.25 99.34
37294 37218 4.38 63.39
37461 37588 1.25 71.65
44166 43918 15.0 90.33
49004 48538 11.25 89.56
32158 32285 0.0 59.4
42824 42771 0.0 13.08
43525 44058 13.13 116.94
33030 33093 4.38 79.15
45580 45562 2.5 127.22
167920 44256 0.0 33.48
36946 36798 8.13 96.66
37443 37218 3.75 67.65
42866 42422 5.63 115.76
32086 32076 0.0 5.42
37158 37142 3.13 51.44
32530 32366 8.75 84.07
48490 49077 11.25 112.32
41564 41862 13.75 74.73
168943 53691 28.13 112.67
34183 34180 0.63 57.86
32653 32669 3.13 24.01
34803 34383 0.0 108.04
38748 38881 0.0 34.68
34316 34383 0.0 22.61
37662 37232 8.75 115.07
50163 50252 2.5 22.52
32646 32760 4.38 57.5
50961 51062 1.25 17.48
38451 38463 0.0 2.91
42260 41973 1.25 75.19
167846 43364 0.0 41.7
50909 50489 0.63 81.91
166940 34150 12.5 119.66
37262 37664 3.13 106.65
33543 33241 2.5 94.19
37142 37181 5.63 114.03
40402 40684 13.13 111.66
31248 31197 1.25 148.06
45131 45307 1.25 39.56
40497 40742 10.63 81.83
39684 39928 8.13 64.78
34165 33991 1.88 53.93
42644 42334 16.88 80.18
44943 45225 3.75 64.95
46587 46678 5.0 22.34
38237 38537 0.0 89.63
50242 49676 20.0 107.5
38857 39145 16.88 90.47
46888 47131 12.5 134.14
39352 39012 1.88 77.37
32825 32968 4.38 57.79
34305 34437 1.88 51.14
38706 38745 10.63 45.45
33939 33987 6.25 53.67
39792 39415 3.75 96.29
39170 39145 19.38 54.63
46811 47210 14.38 84.22
31936 31769 0.0 61.83
34065 33966 10.63 50.71
40777 40864 7.5 132.49
37461 37425 0.0 10.38
30369 30328 0.0 15.65
43929 43968 11.88 124.11
46018 46263 2.5 57.34
33006 32970 4.38 83.07
168680 50453 77.5 29.15
32150 32036 1.25 58.11
34886 34950 1.88 43.57
37261 37314 2.5 36.88
40171 40518 6.25 89.23
33070 32915 2.5 79.3
41525 42019 10.0 124.85
35935 35637 7.5 102.16
37909 37667 2.5 62.54
32736 32895 18.13 79.21
42439 42879 0.0 105.94
32883 32653 3.13 80.01
34200 166899 0.0 33.39
36725 36740 7.5 30.36
49877 168585 1.88 52.23
54001 53848 5.0 52.74
37533 37918 1.88 100.8
43633 43574 0.0 77.21
38706 38294 0.63 115.81
38455 38731 5.0 84.53
167753 42637 1.88 82.45
45943 45715 11.25 117.13
50252 50329 7.5 68.18
43703 43663 1.25 51.97
51062 51354 1.25 54.44
41800 41978 18.13 54.96
38942 39133 2.5 117.33
37151 36941 8.13 84.95
39823 39399 0.63 103.04
41463 41041 0.0 101.16
34126 34386 1.88 88.12
54001 54113 15.63 47.01
33175 33149 2.5 34.65
37190 37261 11.25 119.75
41938 42146 1.25 85.51
35349 35144 0.0 67.66
40619 167545 1.88 36.28
43526 43601 0.0 49.81
42877 42875 1.88 14.86
49167 49241 18.75 83.03
43607 43902 9.38 76.6
31584 31766 0.63 97.75
50629 50759 12.5 111.4
167765 42643 6.25 117.03
41527 41879 3.13 113.29
32760 32915 3.75 79.15
35656 35981 1.88 98.13
40171 40158 17.5 74.41
43607 167832 0.0 85.03
39179 38958 5.63 82.8
52569 52393 0.63 43.95
35515 35774 9.38 142.01
43721 167832 2.5 77.17
40905 40548 12.5 99.72
38616 38830 1.25 55.13
33656 33923 0.63 95.5
40619 40587 0.0 80.34
41850 41907 15.63 91.37
41041 41463 0.0 101.16
54246 54445 1.25 49.31
33221 33300 2.5 128.62
47242 47259 8.75 120.88
47271 47274 2.5 24.48
31725 31769 8.75 85.67
34778 34377 22.5 113.38
37229 36878 0.0 144.93
39736 39470 1.25 78.39
38004 38052 6.25 60.64
42643 42412 16.25 56.98
43387 42890 4.38 121.32
35193 35136 6.88 105.5
42644 42757 20.63 81.44
30891 166538 0.0 96.11
51336 51183 30.0 133.76
38971 39444 6.25 110.65
40310 167545 1.25 44.15
52296 52430 5.0 99.51
32669 32653 3.13 24.01
45441 45055 3.13 78.96
40231 40116 4.38 48.63
39359 39792 0.0 142.15
52544 52393 13.75 90.71
34441 34541 5.0 50.22
33787 33724 9.38 80.73
37918 37909 2.5 58.68
41081 40975 13.75 48.55
37235 37126 18.75 72.27
42912 42545 5.63 124.52
45745 46043 8.75 76.6
41022 40971 2.5 93.76
36195 36254 0.63 82.25
167374 38743 0.0 22.91
32760 32646 4.38 57.5
44133 44495 10.0 72.38
36165 36275 3.13 74.14
37662 37437 0.63 77.95
41558 41233 4.38 130.87
47010 47274 2.5 59.47
38065 38475 1.25 118.19
54319 54747 5.63 71.43
37863 37413 6.25 143.52
33172 33073 2.5 64.31
39393 39033 7.5 112.37
43345 43872 10.63 122.12
167969 44661 40.0 30.32
40416 40829 15.63 116.23
44350 167945 26.25 20.5
52393 52189 0.0 38.15
47709 168386 50.0 106.08
36254 36074 1.88 83.13
48851 49499 15.63 116.02
46807 47224 11.25 88.32
35588 35692 1.88 70.04
33567 33518 0.0 38.7
38814 39187 14.38 114.36
35031 35199 0.63 61.44
43265 167795 0.63 56.54
40472 40230 13.75 77.96
44662 45076 8.75 96.04
49676 50242 20.0 107.5
31931 32191 5.0 118.33
32883 33138 1.88 79.96
34599 34445 0.0 41.83
34570 166960 1.25 29.0
38463 38631 0.63 52.37
34941 35088 8.75 87.24
54652 169080 0.0 3.11
39941 40039 0.0 20.75
34585 34311 5.63 97.65
37604 37698 0.0 25.7
36806 36540 1.88 97.83
49728 49235 8.13 134.37
32675 32856 0.63 68.62
32194 32579 0.63 132.06
45450 45125 9.38 87.59
34831 34663 0.0 44.23
35854 35864 0.0 6.28
42441 42546 3.13 76.82
51704 168859 13.13 144.46
34918 35033 2.5 91.13
34178 34388 11.88 112.53
39858 167479 0.0 23.95
41548 41810 2.5 97.37
48233 48271 1.25 13.18
45924 45580 2.5 79.16
44623 44601 5.0 85.28
45946 45932 9.38 89.91
51401 168776 8.13 84.65
39792 40029 3.13 59.62
42272 41907 3.13 98.62
31713 31731 0.63 4.47
42363 42160 38.75 62.5
41991 42010 0.0 5.97
42537 42524 1.88 57.35
31750 31767 2.5 137.61
33240 32998 0.63 113.38
46777 46729 0.63 16.05
34061 33700 1.88 114.73
32614 32609 0.0 59.59
35699 35427 3.13 122.69
33609 33567 0.0 13.0
48871 48648 9.38 66.32
43530 43542 0.0 76.14
34383 34316 0.0 22.61
37961 37965 9.38 62.13
167832 43721 2.5 77.17
41779 41703 1.88 79.34
51566 51389 10.0 90.91
38857 39225 11.25 85.17
168107 46324 6.88 120.72
33815 33947 3.13 90.12
40116 167473 5.0 82.47
38716 38733 13.75 118.28
33495 33245 0.0 94.5
30328 30440 8.75 134.86
32937 33093 8.13 56.52
39497 39941 20.0 110.9
38822 38881 0.63 39.22
43116 43415 9.38 72.89
42099 42020 13.13 134.82
32644 32338 29.38 133.99
39388 39289 14.38 92.36
31767 31750 2.5 137.61
33101 33380 11.88 118.6
52895 52771 5.63 100.68
32579 166760 1.88 42.0
35436 167001 1.25 105.63
34331 34593 23.13 123.45
33944 34107 1.25 51.93
30149 30124 0.0 10.87
41273 41295 6.25 37.13
43782 167873 0.0 58.22
35230 35079 9.38 140.62
34131 33909 0.0 77.7
37837 37724 1.25 103.72
33538 33813 1.25 83.36
40282 40085 2.5 47.98
34845 166990 0.0 26.5
31349 31600 12.5 78.48
38914 38843 6.25 81.19
45103 45076 15.0 5.96
167171 36035 0.0 101.31
34216 34484 8.13 97.85
35812 35604 1.88 67.01
41800 41856 7.5 87.11
51147 50610 15.0 101.09
38537 38253 0.0 82.63
168832 51641 9.38 87.99
31914 31838 0.0 26.93
47365 168226 3.13 115.96
49830 49949 7.5 96.21
44935 168055 18.13 87.17
166960 34570 1.25 29.0
38963 38543 4.38 132.92
167554 40758 2.5 64.67
47349 47709 24.38 73.61
36403 36272 0.0 78.95
42733 42599 0.0 35.82
43224 43191 1.88 53.54
54651 54921 1.25 60.89
34484 34216 8.13 97.85
47897 48176 0.63 56.77
36874 36892 0.0 17.8
54942 54779 0.0 81.54
42585 42537 2.5 11.71
37142 37158 3.13 51.44
45963 45673 6.25 77.82
32599 32950 21.88 123.09
34178 33846 5.63 127.18
45146 45733 20.63 128.16
49930 168619 0.0 68.92
34950 34541 0.63 120.21
42133 42199 5.63 91.72
41771 41574 1.88 84.68
36055 35855 3.75 62.67
41041 40734 1.25 78.06
35752 35976 0.0 68.89
50902 50776 7.5 133.69
34540 34709 2.5 54.1
38167 38022 3.75 40.46
167520 40510 0.0 69.38
45199 45397 0.0 46.11
43555 43191 12.5 86.38
34702 34466 9.38 78.05
52771 52544 2.5 41.04
44814 44533 5.63 77.92
42503 42424 4.38 78.39
45872 46336 9.38 99.08
38063 37507 7.5 148.33
168955 52831 45.63 142.5
35575 35360 1.25 70.42
41921 41788 0.0 61.99
41482 41715 12.5 59.81
40844 40361 6.88 135.99
40548 40158 8.13 99.72
41588 41290 0.63 89.17
36756 36346 4.38 113.54
39187 38814 14.38 114.36
51274 50918 5.0 63.17
167453 39283 0.0 63.69
46324 168107 6.88 120.72
30124 29844 4.38 100.61
43588 43415 6.88 40.75
33471 33465 58.13 102.86
32609 32614 0.0 59.59
34641 34801 0.63 47.98
37440 37628 2.5 81.82
39484 39415 0.63 52.22
45603 45580 6.88 122.31
44662 44680 10.63 79.44
54315 53917 6.88 107.57
37900 37788 6.88 83.34
34260 34175 1.25 61.99
38537 167368 0.0 22.03
41868 41779 0.63 23.49
166526 30219 0.63 129.05
34906 35054 10.63 110.6
46826 46413 5.63 81.91
44073 44166 4.38 19.79
35530 35190 6.25 120.65
35743 35515 2.5 63.12
32426 32497 1.88 31.61
42011 41814 6.88 51.46
46263 46613 7.5 77.65
169081 54747 1.88 51.86
54781 54330 18.75 79.73
167192 36892 1.25 88.57
55929 169191 1.25 9.11
167048 35446 0.0 77.75
30628 30328 1.88 120.52
42199 42133 5.63 91.72
44213 43663 5.0 119.49
33481 33518 1.25 10.92
38475 38937 1.25 118.79
37976 37837 0.63 129.77
51042 50902 13.75 133.7
33957 34348 3.75 122.18
51183 51042 116.25 133.69
42186 41995 8.13 51.41
42689 42252 0.0 121.65
46832 47035 4.38 76.99
41138 167608 0.0 4.43
37247 36839 7.5 113.14
37027 37261 4.38 74.99
34448 34175 1.25 106.36
39633 39388 1.88 62.79
34105 34331 3.75 123.42
38256 167371 0.0 129.52
45055 45441 3.13 78.96
35190 35075 8.13 58.79
36275 36720 5.0 121.64
44671 44661 8.13 11.01
36601 36798 8.75 119.1
49949 49975 0.0 4.44
39871 40466 1.88 147.64
35415 35139 0.0 128.23
45933 45784 9.38 67.26
34437 34305 1.88 51.14
44788 45233 33.75 94.94
31936 31884 7.5 126.72
42680 167818 18.75 134.06
39428 39354 2.5 21.1
33380 33183 1.88 76.59
34565 34776 9.38 87.46
33707 33483 10.0 86.49
41907 42272 3.13 98.62
39388 39352 3.13 14.0
32406 32285 2.5 59.62
167818 43224 3.13 27.89
38419 38616 10.63 86.8
45420 45259 5.0 86.2
33755 34104 0.0 106.64
53263 52621 25.0 117.77
40039 39939 0.0 55.68
47835 47499 0.0 67.7
46778 46307 6.88 94.6
35088 35213 12.5 87.25
42405 42854 0.0 110.16
45840 45872 0.0 7.26
40029 40083 4.38 54.9
43588 167858 0.0 63.98
45100 45259 9.38 86.23
39033 39326 8.13 69.47
34796 34803 0.0 14.62
33902 34155 4.38 76.84
37333 37314 0.0 7.95
40341 40235 3.13 34.36
46346 45924 9.38 84.85
35037 34824 13.13 142.02
168055 168074 13.13 32.42
39891 40392 2.5 121.75
50776 50521 1.25 134.6
49218 48751 10.0 112.79
50329 50360 5.0 26.32
31584 31470 0.0 35.93
37669 37628 6.25 15.78
33796 34173 16.25 121.47
39497 39633 21.88 113.2
44800 45055 3.75 55.27
33866 34267 1.88 129.43
34266 34625 1.88 105.01
46729 46336 6.88 96.07
32090 32194 0.0 35.46
42011 42019 1.25 57.0
41483 41649 0.0 47.78
39354 39428 2.5 21.1
43934 43711 3.13 48.99
50859 50759 5.63 82.75
41903 41420 1.25 131.77
49077 49676 19.38 107.5
36286 36488 10.0 75.27
168938 52594 0.0 101.93
168782 52109 0.63 103.47
42551 42822 4.38 66.95
41081 41169 8.75 34.64
46920 47196 1.88 112.03
46373 45932 3.75 85.96
40765 167584 0.0 28.89
46729 46774 0.0 15.0
43216 43112 13.75 74.03
169132 55351 4.38 22.96
44436 44530 6.25 109.81
168827 51985 0.0 13.01
49975 50038 0.0 17.8
49499 49354 8.13 111.47
54445 54246 1.25 49.31
38241 38240 0.0 1.8
32217 32081 0.0 46.06
45259 45420 5.0 86.2
31678 31781 0.0 54.17
167034 35522 3.75 101.92
52221 51716 12.5 92.36
33748 33455 7.5 86.88
166764 32748 0.0 23.58
30894 30611 7.5 117.44
38808 38631 6.25 82.75
45556 45561 6.88 89.11
44235 44704 23.13 112.57
35540 35613 0.0 21.15
42146 41850 15.63 81.95
38347 38495 1.88 42.78
50845 50981 9.38 111.06
42873 42568 13.75 91.35
33129 33415 8.13 88.22
39872 39884 0.0 25.8
31532 31361 12.5 76.14
46977 46839 3.75 25.54
39198 39472 13.75 105.87
38583 38958 6.88 112.24
33761 34183 5.0 131.03
43693 43782 0.0 17.34
47969 47952 3.13 62.88
44979 45078 11.25 131.26
44058 43785 8.13 77.02
44286 44133 4.38 85.28
168775 168782 3.75 19.77
44256 167930 1.88 48.01
40227 40235 0.0 6.25
43150 43394 1.25 81.04
39684 39428 4.38 66.07
36749 36636 6.88 71.17
39928 39684 8.13 64.78
43458 43387 0.63 17.74
38830 39012 7.5 90.94
33939 33904 6.25 54.75
41022 41394 3.75 95.99
167577 167575 0.0 13.52
44667 44605 1.25 59.58
50918 50885 3.75 130.35
55678 55580 0.0 31.33
38358 38249 2.5 30.65
45736 45941 1.25 57.18
39939 40130 3.75 56.13
42273 42060 0.0 118.37
42260 42303 1.25 85.8
52092 51924 11.88 114.22
38963 38914 1.88 45.72
40934 40705 2.5 71.61
30940 166595 3.13 153.13
40700 41252 12.5 136.23
43968 44279 11.88 72.84
38367 38269 0.0 27.71
33149 33140 2.5 14.25
35177 35054 3.13 43.66
44138 44235 5.0 38.93
168221 168226 7.5 23.56
34902 166922 0.0 124.2
45924 46346 9.38 84.85
44336 44375 3.75 46.25
43762 43633 0.63 27.9
33356 33241 2.5 78.57
37315 37413 3.13 43.29
44399 44519 8.13 48.61
38773 167388 3.13 25.45
36165 35743 6.88 128.01
41169 41081 8.75 34.64
37440 37669 6.88 106.56
41361 41482 0.63 30.9
42703 42303 11.88 96.97
40544 40442 0.0 27.34
44052 43789 6.25 136.99
32900 32874 0.0 9.25
44890 44918 16.25 122.94
33172 33257 1.25 66.71
38349 38381 3.13 83.03
166760 32579 1.88 42.0
37624 37507 5.0 74.01
44123 44005 3.13 56.55
49263 168538 0.0 57.15
52272 53025 1.25 135.93
42469 167737 1.25 50.41
36437 36098 0.63 97.12
43605 43465 7.5 66.22
32332 32669 1.25 112.39
51283 51765 13.13 144.91
39426 39352 8.75 77.17
35487 35384 0.63 52.66
39675 39647 8.13 67.97
37973 37906 11.25 79.67
30895 166523 0.63 127.37
42724 42413 1.25 79.95
50103 50629 3.13 100.53
42514 42605 0.63 23.16
48677 168441 13.75 78.08
42249 167685 0.0 65.46
50885 50859 0.63 18.31
36646 167176 0.0 51.72
32301 32545 1.88 91.57
33904 33902 0.0 8.48
43293 43946 0.0 147.17
45507 45339 5.63 60.33
44937 45103 11.25 100.98
32856 32675 0.63 68.62
34682 34927 5.0 112.15
44602 44605 0.0 4.95
31245 31565 5.0 118.55
51041 168775 0.0 88.31
33483 33328 2.5 85.41
35575 35916 5.0 98.59
43769 167881 17.5 18.93
36782 36560 0.0 68.73
44942 45398 0.0 108.47
50959 51062 0.0 19.22
42966 42888 4.38 57.71
40672 40536 0.0 40.15
36292 36540 31.25 125.4
32953 33070 3.75 56.66
32142 32258 1.88 90.3
33660 33246 4.38 123.28
55140 169103 0.0 87.9
33022 32968 6.88 29.92
40615 40881 11.25 76.18
34733 34927 2.5 62.73
42896 42760 8.75 147.24
42757 42441 4.38 78.09
41007 40937 19.38 54.55
31532 31725 6.25 76.6
41991 41938 1.88 83.01
41424 41524 1.25 24.41
35580 35706 0.0 63.46
32106 31773 0.63 119.37
169141 55580 0.0 49.97
33844 33928 0.0 24.73
35634 35363 9.38 143.6
36207 35964 7.5 122.33
29460 29826 0.63 140.06
43465 43605 7.5 66.22
34952 34985 2.5 39.64
51910 52537 0.0 106.85
35975 35762 5.0 69.71
40480 40536 0.0 11.1
40595 40331 2.5 109.4
32881 32752 0.0 44.55
44918 45213 2.5 66.99
34388 34178 11.88 112.53
41156 40783 0.0 91.72
43477 43711 1.88 53.61
34173 33796 16.25 121.47
31589 31713 8.13 71.14
48851 168457 18.13 67.3
36054 35706 0.0 142.35
33664 33755 3.75 49.99
32132 32021 5.0 61.6
31417 31343 12.5 34.23
32637 32653 3.75 28.77
52755 52633 0.63 29.32
47907 47884 4.38 39.34
48572 49218 38.75 133.37
37009 37113 0.0 34.26
36941 36849 2.5 76.13
33852 33957 10.0 74.78
46380 45811 9.38 128.04
35735 36062 2.5 94.77
36540 36806 1.88 97.83
43757 44383 8.75 143.1
38737 39005 5.63 77.32
38745 38784 5.0 45.96
47068 46826 8.13 115.05
34960 34709 0.63 87.27
40083 40325 3.13 58.74
31875 32086 4.38 89.05
33070 32953 3.75 56.66
36074 36254 1.88 83.13
34824 34682 5.63 45.26
36360 36211 6.88 73.32
44524 44517 15.0 60.77
53757 53318 16.25 110.37
36396 36376 3.75 6.87
55508 54779 18.13 119.48
39472 39679 1.88 63.46
37222 37151 0.0 85.31
31766 31531 14.38 82.86
42927 43014 0.0 130.42
35588 35540 0.0 21.93
34391 34445 0.0 15.66
46587 46535 0.0 38.05
168943 53009 91.25 36.49
44726 44773 5.63 65.79
37191 37351 5.63 96.9
41138 41085 1.88 24.12
40396 39781 0.0 152.01
36710 36756 11.88 74.53
38271 38249 0.63 15.79
44544 44828 7.5 79.16
44271 44052 6.88 42.42
32502 32138 1.25 130.71
37724 37541 0.0 92.27
31364 166578 0.0 95.12
32391 32452 9.38 142.03
30729 30681 3.75 38.56
42966 42760 7.5 47.17
33165 33240 0.63 63.41
32582 32466 3.13 59.36
31584 31659 1.88 65.0
41856 41585 5.0 90.18
36573 36543 0.63 9.29
50919 50885 0.63 40.07
35686 35503 9.38 80.3
45279 44878 8.75 91.72
43700 43838 2.5 30.46
43477 43182 2.5 69.94
40510 167520 0.0 69.38
43530 43379 0.0 84.38
35427 35458 0.0 8.86
30682 30797 1.88 91.12
34437 34709 4.38 112.93
35916 35575 5.0 98.59
40615 40324 10.0 76.18
43769 167829 21.88 93.17
36229 35932 0.63 133.21
42334 42644 16.88 80.18
40840 40791 5.0 26.06
38632 38343 0.0 109.92
35613 35540 0.0 21.15
47499 47445 1.88 28.02
41647 41983 5.63 89.41
45811 45556 1.88 58.83
39091 39332 13.13 99.85
44889 45020 1.25 49.57
32406 32529 3.75 62.37
32937 32881 12.5 80.19
32026 31969 1.25 125.25
35772 35728 0.0 10.05
44123 44616 23.13 106.69
43855 43588 4.38 60.68
32570 32383 7.5 95.46
54246 53848 6.25 118.19
56581 56401 0.0 101.9
33587 33184 13.75 117.75
48648 48733 6.88 90.7
36360 36499 1.88 39.0
38022 38192 0.63 45.8
32530 32589 1.88 31.19
41236 40978 10.0 59.29
34565 34173 7.5 121.49
43997 43938 2.5 107.54
38731 38789 1.88 21.26
41007 41028 15.0 83.03
42822 43182 4.38 86.5
32916 32788 0.0 81.65
47939 47907 6.88 7.04
34862 35123 0.0 113.03
39133 38977 0.0 39.04
49969 50402 56.25 92.23
37049 167233 0.63 18.25
35515 35395 8.75 51.35
41850 42146 15.63 81.95
40750 40842 0.63 63.59
43082 43228 9.38 45.51
37881 37588 4.38 81.75
41041 40792 0.63 93.23
37181 37437 1.25 106.54
32900 32641 3.75 113.97
33846 34178 5.63 127.18
39998 40230 7.5 77.96
45784 46018 6.88 59.37
42620 43082 2.5 123.09
31600 31349 12.5 78.48
38136 37875 1.88 94.02
167061 35384 0.63 25.83
44500 44726 5.0 43.07
35192 35327 2.5 76.95
36697 37009 1.25 97.65
35762 35549 3.13 129.65
34466 34176 5.0 88.4
40227 40337 0.63 26.3
32828 32596 7.5 122.2
167925 44647 0.63 73.81
32968 33022 6.88 29.92
168137 168074 60.63 106.1
35945 36096 3.75 48.32
31659 31399 0.0 107.75
43709 43631 1.88 31.39
47884 47986 0.0 20.4
48048 47911 11.25 112.51
37819 37628 8.75 144.84
44837 44889 0.0 17.99
35604 35592 3.75 107.45
167608 41138 0.0 4.43
33573 33518 0.0 16.23
36319 36207 3.13 120.26
43191 43555 12.5 86.38
33543 33565 9.38 91.91
54330 54458 11.88 39.38
37708 37961 18.75 133.39
32701 32699 0.0 5.53
40891 40840 16.25 27.39
56845 56839 0.0 3.25
38155 38419 11.88 126.07
35890 35892 1.25 16.77
33778 33944 0.63 84.13
166449 29986 0.63 83.3
41995 42186 8.13 51.41
53039 53178 11.25 111.07
39162 39484 1.25 79.69
33984 34304 0.63 104.86
41564 41156 1.88 91.86
49599 50202 0.63 115.29
39289 39388 14.38 92.36
54423 54652 10.63 36.54
49004 49077 9.38 114.93
40249 40088 8.75 64.65
41314 41361 1.25 12.19
40684 40402 13.13 111.66
36941 36942 0.0 3.91
40881 40844 10.63 56.64
52232 52092 14.38 111.77
36481 36396 5.63 53.95
33011 33221 0.63 66.5
48049 48384 18.13 73.54
47349 168306 69.38 106.84
41085 41125 3.13 64.1
32529 32641 1.25 52.61
36376 36332 1.88 10.25
45811 45818 4.38 131.07
39289 38847 8.75 103.5
38425 38756 4.38 84.69
50610 50671 1.88 112.72
35146 167055 4.38 97.08
41564 41616 5.0 56.41
45279 45552 5.0 61.82
42760 42966 7.5 47.17
38565 38977 3.75 102.43
33165 33070 3.13 52.77
37863 38136 1.25 72.88
42883 167800 1.25 43.12
44950 45000 1.88 71.28
36982 37191 5.0 113.88
39162 38843 1.88 78.88
48485 48176 15.63 116.68
35904 36062 4.38 88.96
33300 33221 2.5 128.62
39861 39858 38.13 5.95
45213 45580 5.0 68.85
42199 42594 7.5 96.14
34023 33928 1.88 27.28
34625 34679 5.63 58.81
36195 36055 3.13 99.63
43789 43518 5.63 68.43
46675 46077 35.0 134.81
48184 48233 0.0 11.82
40517 40792 0.63 123.0
41582 41779 11.25 47.51
36772 36861 2.5 27.14
37878 37796 0.0 20.58
50473 50629 16.88 110.66
52430 52005 3.13 73.08
35503 35686 9.38 80.3
41134 167608 1.88 9.86
31797 31821 4.38 61.36
32741 32558 1.88 109.22
34803 34796 0.0 14.62
33401 33138 2.5 80.32
41995 41516 10.0 128.55
32579 32194 0.63 132.06
33059 33339 7.5 85.96
51122 51274 6.88 110.96
31487 31417 6.25 54.74
42184 42230 6.25 79.28
55336 55355 0.0 3.25
34944 35051 4.38 59.43
36142 36490 3.75 98.26
34260 34484 16.88 109.78
42514 42202 4.38 75.72
169155 56072 0.0 113.94
45225 44943 3.75 64.95
54424 54213 18.13 56.97
36376 36306 5.0 32.62
32881 32937 12.5 80.19
33588 33311 12.5 119.66
33059 32998 0.63 35.36
38294 38451 5.63 127.1
30963 31050 3.13 132.14
168567 168515 38.13 82.32
31536 31879 1.88 126.42
38343 38632 0.0 109.92
35904 35855 1.25 102.91
36668 167181 0.63 46.09
35692 35795 0.63 24.57
35177 35033 3.75 91.71
53318 52895 5.63 76.21
43721 44030 2.5 76.77
36892 37049 1.25 65.29
41516 41517 1.25 27.04
38881 38971 0.63 45.85
52410 51641 0.0 143.56
34445 34391 0.0 15.66
34178 34305 1.88 51.77
41507 41197 0.0 94.92
45562 168084 4.38 127.22
42146 42272 3.13 83.88
54486 54417 1.88 32.0
30369 30269 3.13 79.89
35770 35800 0.0 10.22
32312 32294 2.5 5.33
42099 42133 6.25 81.52
167795 43265 0.63 56.54
167645 41725 0.0 56.47
35427 35206 0.63 110.63
46811 46307 18.75 96.17
45561 45556 6.88 89.11
35976 35752 0.0 68.89
44677 44712 5.63 28.01
35367 35774 6.25 146.05
44632 44383 0.63 83.95
56072 56161 0.0 34.56
32530 32825 2.5 126.19
35487 167068 0.63 26.93
33812 33823 3.13 48.02
38773 38752 13.13 109.56
42702 43153 1.25 109.29
35384 167061 0.63 25.83
43082 42620 2.5 123.09
41311 167620 1.88 18.57
47221 47291 0.0 54.99
31349 31370 6.88 62.32
38367 38132 0.63 143.99
30611 30894 7.5 117.44
30681 30729 3.75 38.56
50629 50103 3.13 100.53
44800 167990 1.25 60.44
36062 36038 5.63 108.0
43769 43700 36.88 101.97
39174 39303 6.88 68.12
44220 44712 5.0 114.9
32644 32847 16.25 86.08
39332 39091 13.13 99.85
32573 32793 12.5 76.08
34593 34890 2.5 123.54
38451 38081 5.63 111.3
47998 47939 21.25 11.28
53576 52860 19.38 138.13
33979 34184 1.25 77.62
36636 36490 6.25 80.54
31857 31560 2.5 104.41
33580 33535 1.88 13.83
45236 45055 30.0 135.45
40491 40044 0.63 115.03
43379 43530 0.0 84.38
41399 41858 4.38 123.94
33140 33149 2.5 14.25
45314 45784 10.0 114.51
36889 36867 0.63 70.61
37219 37166 3.13 43.56
37304 37191 8.13 69.55
33646 33966 8.13 129.91
45397 46057 6.25 146.89
36792 36284 10.63 136.17
51471 50845 6.25 118.14
31468 31565 0.0 121.87
44047 44524 3.75 94.31
40518 40171 6.25 89.23
46623 46467 14.38 102.63
34952 34702 13.13 79.12
44530 43938 10.0 124.64
35123 35371 0.63 113.03
30891 30963 3.13 131.78
36756 36740 5.0 47.7
34901 35031 1.88 45.4
38299 38240 1.25 18.68
42334 42182 12.5 45.82
49949 49830 7.5 96.21
34386 34366 7.5 45.88
37472 37515 6.25 17.44
46505 46116 6.25 77.06
37906 37929 8.75 84.9
32987 33003 0.0 4.77
167950 44935 10.0 87.45
42068 41978 3.75 26.41
45398 45922 0.0 109.69
167628 41388 0.0 113.92
167405 167463 0.0 153.23
47635 47617 3.13 87.26
37232 167245 0.0 26.87
36038 36074 0.63 23.48
35220 35181 0.0 14.72
41920 41605 1.88 117.01
42757 43216 7.5 111.07
45673 45712 3.75 71.16
32641 32900 3.75 113.97
31566 31208 28.13 119.81
34088 166878 0.0 32.26
41843 41435 0.0 113.28
52544 52771 2.5 41.04
37002 37262 10.0 73.22
47342 47837 0.0 103.79
44079 43789 4.38 81.42
42422 42413 1.25 54.42
39598 39256 4.38 132.41
42358 42249 1.25 85.3
33991 33812 3.13 57.94
169060 169067 1.25 21.7
45078 44979 11.25 131.26
167765 42887 4.38 23.36
52887 53039 8.75 112.0
39484 39162 1.25 79.69
167316 37976 0.0 30.22
39928 40184 3.13 58.9
39898 39918 1.88 6.29
41197 41507 0.0 94.92
55653 55375 61.88 49.71
44510 44616 14.38 39.73
34006 34270 6.25 96.51
44533 44814 5.63 77.92
33311 33361 5.0 46.61
42269 167720 0.0 78.26
32191 31931 5.0 118.33
36504 36635 13.13 69.35
38477 38349 1.25 35.52
35484 35221 0.0 82.61
35494 35771 0.0 112.59
42945 42883 12.5 39.2
34918 34778 2.5 44.24
34284 34097 1.88 130.74
51716 51058 16.88 119.69
35146 35073 0.63 20.72
41725 41879 10.0 59.53
32646 32902 8.75 133.07
33160 32886 3.75 87.08
40158 40171 17.5 74.41
38731 38803 0.0 20.75
33688 33800 3.75 54.91
33991 34023 0.0 59.56
43461 43415 0.0 74.52
49669 49241 3.13 77.57
49235 49728 8.13 134.37
38941 38870 8.75 75.61
37796 38155 15.63 127.82
33637 33588 1.88 54.06
36635 36913 3.13 92.71
33535 33580 1.88 13.83
53318 53178 6.88 100.33
38971 39173 0.0 96.41
32856 32744 0.0 80.83
30149 30369 0.0 74.0
40864 41295 13.75 103.03
40044 40139 3.13 102.77
43574 43224 0.63 83.33
35213 34952 14.38 76.47
30156 29984 0.0 133.23
38937 39307 3.75 82.52
55310 55221 0.0 40.0
36074 167164 0.0 67.98
42461 42034 3.75 115.53
50217 50309 0.0 23.83
43631 43580 0.63 15.97
167371 38256 0.0 129.52
45686 46149 11.25 117.52
37029 36792 8.13 128.75
45450 45840 6.88 98.08
33300 33093 6.88 57.66
37181 37142 5.63 114.03
32532 32609 0.0 28.94
34131 34175 0.63 20.95
35446 167048 0.0 77.75
40742 40641 11.88 49.91
35054 35177 3.13 43.66
33041 33036 0.0 59.08
42139 167714 18.75 56.43
38161 37878 8.75 82.11
37667 37909 2.5 62.54
167057 35220 5.0 79.22
34322 34016 1.88 102.27
34941 34831 3.75 66.76
30328 30369 0.0 15.65
40578 40544 1.25 10.79
42896 42694 4.38 47.12
52887 53159 11.88 50.91
35522 35367 1.88 62.69
34319 34077 6.25 78.16
36892 36874 0.0 17.8
39170 39174 0.0 7.54
43009 43178 0.0 41.37
44608 44838 0.63 51.34
42568 42654 3.13 23.82
38225 38300 1.25 112.56
34270 34345 1.25 82.62
52895 52698 1.25 35.91
51856 52296 3.75 74.93
167628 41483 0.0 19.39
35643 35532 0.63 30.93
40088 40026 6.25 38.03
30406 30219 3.13 129.69
37874 37500 3.13 130.68
35302 35003 0.0 133.17
53925 53861 0.63 14.17
33796 33656 8.13 118.08
33656 33796 8.13 118.08
40658 167574 0.0 49.43
34890 34593 2.5 123.54
38349 38004 4.38 93.17
41394 41527 11.88 32.27
32466 32292 2.5 83.36
30681 30611 0.0 44.9
43014 42927 0.0 130.42
41125 41085 3.13 64.1
35199 35417 1.88 78.34
41893 41715 5.0 49.4
42202 42186 5.0 78.4
36793 36946 9.38 105.49
43894 43872 0.0 5.42
54686 55383 1.88 114.68
55349 55221 0.0 47.7
33823 33812 3.13 48.02
31001 31101 107.5 132.55
37129 37304 6.25 113.55
43543 43598 18.75 13.39
167832 43607 0.0 85.03
42008 41995 4.38 64.59
169033 54246 6.88 23.28
32896 32862 0.0 21.01
44462 44608 0.0 29.86
49077 48490 11.25 112.32
41983 41973 1.88 22.3
32998 33240 0.63 113.38
30940 30797 29.38 144.93
34700 34599 0.0 22.65
37650 37708 16.88 38.91
52895 53318 5.63 76.21
34209 34448 2.5 128.93
43146 43114 1.88 36.25
167844 43468 0.0 58.29
38808 38784 3.13 26.56
32699 32701 0.0 5.53
41862 41932 8.75 86.7
34107 34209 0.63 62.28
38495 38941 6.25 117.06
32021 32132 5.0 61.6
52430 52296 5.0 99.51
45314 45052 7.5 98.84
38180 38243 0.63 19.44
46305 46640 15.0 117.3
45165 44813 0.0 83.65
37547 38022 27.5 126.02
32570 32644 0.63 38.32
50402 50312 13.75 128.29
41524 41852 8.13 79.87
30269 30443 1.25 63.27
41991 41879 6.88 42.6
48451 47911 6.88 114.53
31245 31343 4.38 71.82
32400 32699 1.25 96.49
40864 40905 7.5 72.18
39283 38822 0.63 105.63
31560 31426 8.75 87.45
33241 33014 5.63 94.18
52544 52296 6.25 42.31
33637 33212 10.0 125.98
30269 30175 2.5 59.88
38821 38958 1.25 49.36
44220 44367 6.88 56.84
38503 38524 5.0 122.98
41715 41645 18.13 114.55
51924 51326 11.25 114.63
47476 47003 5.63 125.08
33339 33460 1.25 85.09
44911 44635 11.25 118.79
38355 38324 1.25 108.23
31399 31659 0.0 107.75
33693 33424 10.63 79.14
42654 42928 5.0 62.5
41907 41972 5.63 118.44
37197 36814 10.0 115.57
33472 33361 13.13 80.54
42068 167690 1.25 128.46
39472 39592 6.88 46.66
41588 41874 3.75 78.42
32166 32292 1.88 57.56
42874 43146 3.13 70.06
32895 32950 11.25 26.31
42133 42099 6.25 81.52
44047 43509 14.38 118.85
47412 47035 4.38 103.85
55221 55179 0.0 16.98
41884 41814 10.0 78.71
38821 38431 10.63 117.52
41722 41649 0.0 20.23
43757 43228 23.13 141.67
43228 43757 23.13 141.67
34386 34394 1.88 44.65
40785 40595 1.88 88.26
53009 168943 91.25 36.49
52221 52136 15.63 113.89
49397 48910 5.0 85.84
41557 41585 3.13 66.21
36055 36195 3.13 99.63
46425 46865 43.13 103.79
55273 54907 0.0 67.32
41868 41953 1.88 22.65
34796 34926 0.0 75.6
169207 56138 0.0 15.7
37530 37304 2.5 65.08
48184 48211 1.88 17.18
34601 166935 15.63 33.9
32168 32142 3.75 89.23
38543 38270 5.63 88.69
42694 42623 1.25 75.82
167960 45096 0.63 149.38
40613 40130 11.25 144.71
39426 39332 5.63 99.0
29634 29460 1.25 123.95
31343 31245 4.38 71.82
40282 40602 5.0 85.22
46163 46467 26.88 110.82
31986 31936 1.88 72.62
37335 37444 5.0 116.86
40184 40194 11.88 74.35
44680 44728 3.13 79.98
50217 50163 1.25 21.85
34348 33957 3.75 122.18
35540 35146 3.75 134.09
38598 38346 1.25 81.05
35343 35549 1.25 59.16
45872 45840 0.0 7.26
50217 50103 8.75 97.3
42875 42879 3.75 56.68
37261 37027 4.38 74.99
51428 51100 28.13 109.05
41616 41695 15.63 66.35
48248 48217 8.13 7.8
46305 46560 8.75 53.36
46994 46977 14.38 128.34
32579 32564 2.5 73.29
40394 40734 3.13 143.71
40829 40416 15.63 116.23
32669 32332 1.25 112.39
38194 38201 1.88 6.0
44856 45131 26.88 115.86
45131 44856 26.88 115.86
39918 40147 61.25 56.59
52232 52887 16.88 115.49
52887 52232 16.88 115.49
45300 45236 8.75 92.89
35935 36346 9.38 113.73
32748 32392 3.13 125.29
167712 42551 2.5 49.68
41290 41588 0.63 89.17
29826 30233 13.13 140.01
34322 34699 3.13 103.14
38455 38476 1.25 69.0
45586 45946 13.13 90.06
42436 42875 0.63 106.28
40232 167495 1.25 84.74
37435 37479 5.63 28.92
41227 41587 16.25 86.47
33059 33220 0.0 62.29
31536 31343 1.88 68.5
44500 44415 1.25 18.71
52221 52316 10.0 104.64
41202 41038 3.13 55.59
39674 39752 1.25 47.8
50252 50309 4.38 24.5
35206 167015 1.88 25.81
40044 40039 0.0 9.02
43762 43650 2.5 130.06
34985 34698 2.5 79.45
38743 167374 0.0 22.91
36601 36946 5.0 99.65
32100 32481 0.63 130.98
42890 42394 16.25 121.32
34065 33734 6.88 128.23
34960 34733 18.75 110.88
48384 48538 2.5 24.84
43518 43789 5.63 68.43
46018 45736 4.38 113.98
39226 39355 3.13 52.92
52296 51856 3.75 74.93
43025 43114 6.88 93.12
41879 41725 10.0 59.53
37669 37899 23.75 120.37
46988 47566 12.5 129.9
42537 42373 1.88 37.86
41202 41397 4.38 70.26
34388 34506 5.0 51.62
35190 35530 6.25 120.65
53925 54319 8.75 85.1
32653 32637 3.75 28.77
40641 40742 11.88 49.91
52775 52887 2.5 93.0
37662 38194 7.5 137.41
51745 51597 7.5 111.41
38419 38155 11.88 126.07
40147 40232 14.38 24.62
40324 40615 10.0 76.18
42356 167748 0.0 81.61
41715 41482 12.5 59.81
38063 38346 1.88 85.54
36946 37314 0.63 100.22
33573 33613 0.0 16.02
33041 33172 0.63 35.93
46263 45941 12.5 113.71
37314 37261 2.5 36.88
32599 32266 41.25 122.99
31969 32026 1.25 125.25
33800 166873 0.63 73.77
47602 47608 26.88 116.35
41645 41587 13.13 84.93
39784 39484 4.38 76.92
34104 34180 2.5 26.24
43939 44462 0.0 122.99
166873 33934 0.0 8.94
43853 43918 3.75 16.95
45840 45713 6.25 75.41
39005 38755 11.25 101.01
33073 32808 3.75 91.62
31365 31370 8.75 61.46
39012 39352 1.88 77.37
167496 40008 0.0 64.55
42412 42643 16.25 56.98
39417 39170 0.0 88.55
37256 37555 8.13 82.7
42890 43387 4.38 121.32
33245 33076 3.75 73.19
35136 35101 0.0 24.8
33823 33797 0.0 48.4
40442 40544 0.0 27.34
44256 44278 10.0 37.55
38814 39033 1.25 63.45
46675 46706 5.0 12.27
40349 40232 3.75 25.88
54445 54737 1.25 49.47
38743 38733 6.88 60.76
40232 40147 14.38 24.62
43068 42733 6.88 82.32
37218 37443 3.75 67.65
33220 33320 1.25 47.89
35327 35192 2.5 76.95
42394 42353 8.75 64.69
29460 29634 1.25 123.95
54360 54227 3.13 93.54
34131 34104 0.0 27.65
54921 169102 0.0 123.85
33401 33679 5.0 80.27
50329 50252 7.5 68.18
47685 47897 6.88 114.01
44278 43741 3.75 109.69
32366 32530 8.75 84.07
33761 33778 0.63 5.53
36203 36096 3.75 79.79
32915 33070 2.5 79.3
41646 41554 3.75 20.57
37351 37440 5.63 54.16
31865 31773 3.75 139.14
36412 36096 3.13 87.93
32810 32881 8.13 95.37
34927 35037 2.5 39.9
39399 38966 3.75 100.18
40951 41519 0.0 140.55
41420 40877 5.0 133.11
50489 50360 8.13 90.73
33902 33844 16.25 104.42
54486 54117 21.25 73.6
44632 44608 0.0 7.95
42594 42637 0.63 82.35
36254 36195 0.63 82.25
43902 44220 5.0 76.6
45131 44560 23.13 127.75
33587 33660 4.38 77.93
52771 52895 5.63 100.68
43607 43749 3.75 58.58
36747 36668 5.63 64.61
32312 32036 5.0 135.65
35415 35308 0.0 39.32
43764 43934 6.88 83.35
33903 33979 0.63 40.31
43853 43709 21.25 123.11
38476 38843 11.25 107.3
36867 36861 0.0 2.42
166968 34987 14.38 112.59
37909 37918 2.5 58.68
34709 34960 0.63 87.27
44560 167942 69.38 27.64
45784 45314 10.0 114.51
46467 46623 14.38 102.63
35341 35245 0.0 31.53
36861 36752 0.0 36.77
55140 55093 0.0 79.47
41513 41197 0.63 94.93
36054 36292 19.38 125.4
32932 166795 7.5 107.65
47291 47602 7.5 65.06
54824 54315 1.88 107.57
45813 45686 10.63 58.25
34466 34702 9.38 78.05
47264 47035 1.25 76.08
44602 44860 1.25 50.21
46560 46305 8.75 53.36
33183 33380 1.88 76.59
168221 168225 0.0 11.55
48910 49397 5.0 85.84
50981 51122 5.63 113.16
33022 33320 0.63 113.56
45586 45603 3.75 53.71
39198 38755 4.38 110.02
42854 43293 0.0 110.37
30159 30124 0.0 13.04
36062 35735 2.5 94.77
37335 37639 6.25 84.34
44037 44063 0.0 47.61
44209 44304 1.88 63.49
45587 45165 0.0 84.55
35343 35409 0.0 102.05
37667 37978 4.38 107.57
40774 40684 5.63 29.13
33257 33172 1.25 66.71
54779 55508 18.13 119.48
46325 46807 15.63 92.26
40792 41041 0.63 93.23
43216 43406 18.75 126.49
31783 31972 5.63 102.86
36826 37152 3.13 140.99
51058 51716 16.88 119.69
45617 45947 17.5 80.09
33613 33573 0.0 16.02
32679 32669 2.5 32.55
41967 167663 9.38 139.95
50234 168626 0.0 19.56
44671 43946 0.0 147.17
167813 43191 1.88 53.28
41706 42082 5.0 141.41
34305 34178 1.88 51.77
42441 42334 2.5 75.67
35770 35484 0.0 82.84
46405 46361 0.0 25.01
167663 41574 15.63 55.27
33093 33300 6.88 57.66
34216 33966 5.63 97.85
36725 36481 8.13 120.13
39992 39736 0.0 78.4
38431 38821 10.63 117.52
40116 40231 4.38 48.63
42099 42414 8.13 78.91
38324 38355 1.25 108.23
36284 36228 2.5 14.47
43416 43580 1.88 46.33
32481 32502 0.63 127.95
34987 167024 65.63 112.59
167685 42249 0.0 65.46
40796 40658 5.0 73.95
47911 47429 11.25 99.58
36055 36228 2.5 48.18
33071 33129 0.63 18.85
42422 42012 5.63 109.05
42057 42127 4.38 79.68
33427 33471 0.0 46.26
51558 51910 3.13 67.46
37029 37218 8.75 82.14
37639 37335 6.25 84.34
29460 29550 0.0 67.21
42643 167765 6.25 117.03
33220 33059 0.0 62.29
167881 43769 17.5 18.93
169225 56438 0.0 45.58
42394 42403 3.13 12.31
39428 39684 4.38 66.07
47242 47511 15.63 58.05
50701 50845 8.75 114.65
166899 34200 0.0 33.39
43265 167817 0.0 73.88
36054 35890 62.5 101.93
42436 42439 0.63 56.1
42010 41649 4.38 144.88
41868 41897 2.5 79.69
39781 39175 0.0 151.55
36710 36772 0.63 30.89
37262 37002 10.0 73.22
38752 39174 3.13 108.9
168226 46405 283.13 98.49
32874 32760 3.75 54.83
35349 35656 0.63 98.13
33684 33866 3.75 59.59
39675 39684 11.88 99.16
45146 44911 30.0 118.79
32895 32736 18.13 79.21
44415 44249 0.63 46.36
40751 40776 3.13 112.46
43169 42827 7.5 94.11
168997 53861 0.0 33.95
32881 33030 0.63 50.25
42699 42620 1.88 56.55
35549 35580 1.88 6.8
34851 34886 0.0 16.83
31931 31899 3.13 41.47
41311 41050 0.63 83.99
38201 38212 0.0 19.53
51471 51326 11.25 114.96
40881 40911 10.63 57.15
41973 41983 1.88 22.3
35762 35892 11.88 123.47
51274 51856 14.38 113.89
35613 35588 0.0 9.46
35221 35048 0.63 57.94
40497 40231 3.75 81.83
33679 34077 5.0 122.78
32760 32874 3.75 54.83
33435 33796 4.38 132.2
168441 168386 88.13 106.09
41647 41257 3.13 89.41
36942 36941 0.0 3.91
51629 51128 11.25 91.75
41242 41009 0.63 81.52
44878 44632 0.0 56.39
44725 44671 16.25 109.06
43364 43275 7.5 137.12
38192 38167 0.0 24.6
40331 40472 10.63 59.79
41852 167671 0.0 66.77
32294 32312 2.5 5.33
39300 38941 5.63 77.77
32524 32258 5.0 97.02
167658 41978 1.88 102.21
38081 38010 1.88 48.59
42424 42373 2.5 78.24
31376 31470 0.0 81.73
47412 47583 1.88 79.2
167237 167196 0.0 120.87
46380 46441 4.38 15.11
167795 42998 10.63 78.32
38789 38731 1.88 21.26
32902 32828 0.0 46.7
34060 166886 0.0 34.38
47131 47363 13.75 117.11
36684 36849 1.88 77.43
167680 41958 1.88 14.55
47510 47995 2.5 109.88
38977 39133 0.0 39.04
41973 42260 1.25 75.19
42733 42437 11.25 104.15
53318 53757 16.25 110.37
48411 47998 27.5 89.81
31370 31349 6.88 62.32
38222 38213 1.25 19.27
169128 55273 0.0 0.14
32406 32292 3.13 59.5
40231 40085 1.88 44.96
41290 40932 3.13 91.02
38346 38598 1.25 81.05
37384 37435 4.38 40.81
40204 39854 7.5 97.76
43145 42689 0.0 121.69
38857 38716 1.25 44.23
37500 37520 0.0 20.22
32392 32748 3.13 125.29
43555 167841 0.0 45.21
40594 40152 3.13 114.48
36772 36646 0.63 49.94
43983 167894 0.0 16.93
35371 35622 1.25 112.87
40341 40337 0.63 23.59
39145 39170 19.38 54.63
39566 39376 3.75 147.38
35395 35515 8.75 51.35
42202 42008 5.0 49.63
37949 37520 1.88 146.58
50619 51101 4.38 94.59
35904 36195 0.63 89.79
52959 52316 53.75 132.91
38598 38914 3.75 82.23
45336 45617 5.0 89.16
32545 32301 1.88 91.57
45157 44901 7.5 82.63
39173 39602 6.25 110.1
33984 33659 1.88 104.88
45932 45924 14.38 124.22
35446 35532 0.0 23.44
42743 42824 0.63 124.97
44943 44918 2.5 120.92
52189 51745 5.63 83.36
38941 38495 6.25 117.06
41978 41800 18.13 54.96
32895 33179 7.5 107.4
167632 40941 8.75 119.33
167189 36898 2.5 103.76
31957 31914 0.63 15.86
167503 167505 0.0 8.72
33936 33610 0.0 105.06
42437 42166 3.13 71.08
43634 43650 0.0 2.32
36211 36360 6.88 73.32
49930 49728 20.63 42.09
41380 41343 0.63 12.88
56438 56581 5.63 29.09
37837 37976 0.63 129.77
38716 38652 3.13 32.08
38822 39283 0.63 105.63
54841 54781 0.0 33.45
36543 36499 0.0 15.61
35604 35935 6.25 88.7
34890 34804 4.38 68.12
40946 40998 6.25 70.85
43601 43675 1.25 49.15
37806 37763 2.5 29.92
49594 49004 34.38 107.43
37437 37181 1.25 106.54
42760 42585 11.25 44.34
39882 39875 0.0 7.08
32970 32892 1.88 23.43
44635 45092 9.38 95.36
33852 34339 0.63 149.22
30233 29826 13.13 140.01
40130 40310 3.75 58.81
46949 46613 5.0 77.65
167942 44209 7.5 42.82
47429 47685 8.13 115.83
33149 33175 2.5 34.65
46489 168137 42.5 105.98
41953 41975 3.75 6.21
43008 43455 9.38 123.01
41992 42413 2.5 105.78
45397 45836 2.5 110.66
50402 49969 56.25 92.23
30219 166526 0.63 129.05
31589 31487 3.13 71.88
30797 30940 29.38 144.93
38004 37881 0.0 32.94
34950 34886 1.88 43.57
39283 167453 0.0 63.69
47952 47969 3.13 62.88
43598 43929 10.0 74.0
38752 38773 13.13 109.56
41472 42022 20.0 143.88
48539 48590 10.0 52.57
45811 46380 9.38 128.04
36147 35976 2.5 129.06
45300 44979 6.25 69.85
44375 44336 3.75 46.25
51128 51101 0.0 64.03
167199 36817 0.63 45.63
44166 44073 4.38 19.79
42441 42757 4.38 78.09
40809 40844 3.75 52.35
39175 38550 0.0 151.43
48572 48197 15.63 76.71
40774 41169 28.13 95.63
49167 49877 27.5 128.12
44715 44601 3.75 37.2
167234 36867 0.0 57.6
32625 32532 6.25 78.85
48048 47685 1.88 77.18
45321 45180 2.5 48.68
33665 33746 1.88 83.35
42251 42269 5.63 24.67
43116 167813 7.5 79.09
38328 38734 10.63 114.31
36562 36229 0.0 133.24
44136 44249 0.0 26.54
32452 32391 9.38 142.03
37650 37443 31.25 92.19
44788 44494 30.0 55.91
32168 32088 0.63 28.6
41558 41081 9.38 132.79
35436 35230 10.63 89.42
34175 34260 1.25 61.99
41932 41990 5.63 86.7
52136 52912 38.75 135.99
52912 52136 38.75 135.99
43025 42966 12.5 51.46
38463 38745 5.0 138.46
51561 51147 13.13 78.13
38004 38349 4.38 93.17
31361 31532 12.5 76.14
39256 39133 2.5 36.75
167196 167237 0.0 120.87
52221 53009 45.0 135.55
32481 32100 0.63 130.98
48176 48048 17.5 112.98
45055 44814 13.13 77.92
53691 54213 33.75 113.46
37413 37569 0.0 49.77
47210 47291 4.38 19.0
37515 37604 0.0 37.54
38768 38756 0.0 15.24
35220 167057 5.0 79.22
46560 46590 0.0 6.56
33427 33319 20.0 49.58
30440 30681 9.38 114.81
39647 39898 6.88 67.95
41228 41051 10.63 79.62
167714 42371 6.88 56.94
51147 51058 7.5 114.55
32625 32886 1.88 87.08
43064 43178 13.13 55.5
41085 41138 1.88 24.12
38358 38602 3.75 71.09
36499 36543 0.0 15.61
32896 32558 5.63 133.5
36198 35938 6.25 143.48
48940 48868 15.63 47.38
34599 166954 0.0 22.36
32266 31927 0.0 122.94
50202 50875 0.0 129.88
36740 36321 8.75 110.91
30137 30175 0.0 22.21
33472 33724 13.13 74.53
42702 42316 3.75 94.33
40536 40480 0.0 11.1
41169 40774 28.13 95.63
34104 34131 0.0 27.65
38616 38419 10.63 86.8
40325 40083 3.13 58.74
31560 31857 2.5 104.41
46077 45933 6.25 50.05
45259 45100 9.38 86.23
41169 41233 6.88 20.5
54409 54488 0.0 19.43
31972 31783 5.63 102.86
40029 40200 0.0 46.22
34065 34311 5.0 97.65
36203 36323 3.13 79.79
42888 42800 1.25 23.18
38602 38358 3.75 71.09
41920 41463 0.63 139.02
37294 37166 0.63 107.45
46839 46712 3.75 25.31
53038 53260 21.25 69.63
33320 33022 0.63 113.56
35634 35938 6.88 143.52
47835 48217 0.63 86.21
50360 49763 8.13 117.02
32637 32452 3.75 65.1
37333 37255 12.5 24.85
44071 44336 1.88 50.79
44517 44500 3.13 82.36
43762 43938 4.38 41.08
51765 52387 5.0 119.2
31781 31678 0.0 54.17
40147 40158 15.0 86.14
41524 167651 0.0 55.22
168859 168809 18.75 112.16
33537 33495 0.63 62.18
35382 35503 2.5 79.62
40322 40734 0.0 112.45
47608 47224 15.0 80.59
34851 34807 1.88 28.75
43711 43934 3.13 48.99
40130 39939 3.75 56.13
32036 32312 5.0 135.65
41706 41771 3.13 85.92
32609 32532 0.0 28.94
35048 35221 0.63 57.94
42086 41992 1.25 51.61
44073 44138 0.0 21.68
33424 33160 4.38 79.14
32596 32466 2.5 60.93
32886 33160 3.75 87.08
38843 38476 11.25 107.3
37973 37639 5.63 84.81
38407 38328 3.75 64.82
34679 34744 4.38 79.28
31316 31193 5.63 57.86
46324 46325 0.63 30.59
38425 38212 1.25 96.31
33123 32916 8.75 86.91
41554 41533 0.0 9.35
36892 167192 1.25 88.57
29550 29460 0.0 67.21
51552 52272 6.25 135.96
35692 35745 1.88 33.73
30247 30233 3.13 8.79
36071 35923 3.13 99.02
44828 44544 7.5 79.16
47969 47995 11.25 102.36
38063 38543 6.25 133.85
38237 38253 0.0 23.69
50575 50949 9.38 76.17
166878 34088 0.0 32.26
41517 41525 3.13 47.44
52698 52895 1.25 35.91
47476 47836 13.75 76.82
169060 54293 1.25 21.45
41897 41908 3.75 25.54
31417 31734 0.0 110.16
39894 40361 0.0 113.44
40480 40510 0.0 52.08
167990 44800 1.25 60.44
36093 35812 1.88 83.84
38136 38142 2.5 6.43
45580 45924 2.5 79.16
37963 38004 2.5 46.99
168567 49969 18.75 45.36
37155 37113 0.0 11.24
39326 39033 8.13 69.47
43065 167795 4.38 34.46
49354 49263 10.63 67.07
51101 51558 3.75 98.62
33471 33427 0.0 46.26
54360 54737 9.38 93.09
43275 43247 4.38 48.15
30175 30269 2.5 59.88
40864 40777 7.5 132.49
35146 35540 3.75 134.09
41932 41862 8.75 86.7
53917 169036 10.0 77.07
49235 48703 5.63 135.16
167890 43479 0.63 95.49
49684 49830 8.13 113.07
44539 167961 10.63 94.21
55383 169207 8.13 113.45
51101 50619 4.38 94.59
38966 39399 3.75 100.18
53917 53757 0.0 42.18
42182 42334 12.5 45.82
42524 42514 9.38 47.33
46287 46077 8.75 79.96
41525 41533 6.88 48.2
38212 38201 0.0 19.53
42405 42046 2.5 107.76
43024 167794 0.0 89.18
37885 38109 5.0 69.79
32292 32158 1.25 60.89
51716 52221 12.5 92.36
33241 33543 2.5 94.19
43938 43997 2.5 107.54
38941 39218 15.63 88.88
33765 34006 2.5 95.28
44860 44602 1.25 50.21
46949 47035 0.0 29.92
45713 45328 6.25 82.09
40791 41050 5.0 83.99
38768 39359 0.0 138.12
45441 45515 3.75 18.51
34311 34065 5.0 97.65
33778 33406 0.63 135.76
44495 44133 10.0 72.38
44828 45125 11.88 87.64
35981 36075 6.25 60.33
40776 41007 1.88 57.53
40205 39823 6.88 101.89
34570 34260 6.25 112.3
44336 44278 21.88 116.52
40088 40249 8.75 64.65
166595 30940 3.13 153.13
46865 46425 43.13 103.79
40531 40677 10.0 114.94
37831 37427 1.25 139.29
40742 40791 6.25 21.73
34506 34388 5.0 51.62
35800 35908 0.63 42.56
42927 43275 8.75 88.23
32301 32277 0.0 39.84
169085 54666 0.0 31.76
42251 42199 3.75 84.29
33707 33748 16.25 116.64
42432 42545 8.13 24.6
47242 46977 8.13 59.42
52092 52232 14.38 111.77
168585 49877 1.88 52.23
166614 31283 1.25 102.86
34698 34394 1.88 79.41
48490 48384 30.0 115.83
46623 46774 23.13 102.65
36296 35975 1.88 97.87
31248 31193 0.0 26.44
45201 45213 3.75 126.86
38180 38241 3.13 28.28
53159 53310 2.5 40.09
34985 35036 16.25 92.19
50949 50575 9.38 76.17
36332 35953 15.63 118.84
32679 32685 0.0 10.35
167315 37664 5.0 106.6
33776 33558 1.25 83.73
40809 40829 8.75 49.54
43415 43461 0.0 74.52
36437 36749 3.13 97.12
41973 41958 0.0 18.95
36740 36756 5.0 47.7
48217 48265 3.13 91.47
168225 46920 0.0 11.32
41240 41343 6.88 40.94
41397 41695 14.38 81.7
168968 53861 2.5 68.92
43887 44109 4.38 55.91
37929 37708 1.88 67.32
41441 41373 5.0 146.86
34366 34176 2.5 91.53
39218 39005 2.5 77.54
45924 45932 14.38 124.22
167813 43461 1.25 74.61
46149 46305 19.38 39.91
44602 44530 8.75 88.41
42019 41525 10.0 124.85
38755 167360 2.5 59.92
31600 31821 16.25 78.45
42746 167754 1.88 58.62
33966 33646 8.13 129.91
168226 46910 31.25 20.78
44336 44800 11.25 90.54
32338 32644 29.38 133.99
37166 37029 3.75 97.98
49241 49669 3.13 77.57
50312 50610 16.25 53.86
44726 44950 5.0 42.78
43224 43574 0.63 83.33
34484 34682 3.13 63.66
43186 43518 11.25 118.48
40341 40750 21.25 128.0
167236 36889 0.63 36.91
42020 41852 4.38 46.4
40734 41041 1.25 78.06
45947 45617 17.5 80.09
32825 32497 10.0 132.6
45450 45709 5.0 73.94
43186 43134 0.63 12.59
32426 32312 1.25 58.57
42680 42133 10.0 134.06
42020 41983 2.5 62.91
41228 41441 2.5 52.15
45788 46067 3.75 143.12
39154 38652 22.5 122.81
33813 33909 0.0 56.7
38431 38343 2.5 41.57
35101 35051 0.0 24.42
168074 168055 13.13 32.42
32149 32263 1.88 35.98
50602 50909 0.0 75.83
42879 42875 3.75 56.68
39300 39613 3.13 78.02
45146 44704 11.88 112.57
45307 45744 3.75 90.09
41085 40758 2.5 82.26
30137 30219 2.5 59.86
50038 50473 6.25 86.09
41361 41295 9.38 90.51
43224 167818 3.13 27.89
44136 44510 3.13 91.98
43498 43357 6.88 38.59
38168 38294 10.0 104.96
48490 48065 18.75 88.1
55179 55140 3.75 17.32
45020 45044 1.25 6.61
50949 51058 11.88 115.36
38249 38271 0.63 15.79
38408 38324 2.5 24.8
167829 43178 16.25 89.35
40184 40171 13.75 62.29
40557 40510 0.0 11.15
35021 35106 1.88 114.2
38789 38843 0.63 43.6
32100 32138 0.0 54.74
44686 167971 3.13 42.22
38425 38455 2.5 109.03
38652 39154 22.5 122.81
41554 41434 10.63 26.22
47583 47952 8.75 81.81
49830 49198 3.75 116.69
169102 54841 0.0 123.73
45321 44866 4.38 113.08
43918 44166 15.0 90.33
167024 35494 0.0 112.59
168137 46489 42.5 105.98
43293 42854 0.0 110.37
39444 38971 6.25 110.65
54652 54686 0.63 4.08
38537 38237 0.0 89.63
40934 40905 5.0 61.96
48733 48648 6.88 90.7
53624 53576 0.63 10.98
41557 41897 1.25 83.29
35692 35588 1.88 70.04
167237 37002 0.0 33.33
53435 53260 0.0 36.55
45556 45300 6.88 53.02
46401 46373 11.25 133.74
38407 38533 1.88 35.72
39225 39675 11.25 114.93
41388 41788 0.0 116.37
39495 40008 14.38 124.83
48467 48538 2.5 79.22
37444 37738 0.0 77.7
41463 41242 0.63 81.52
32970 33455 11.88 147.31
50759 50918 3.13 33.39
36319 36379 0.0 14.83
40392 40809 8.13 117.92
37472 37532 0.0 22.89
32263 32149 1.88 35.98
47291 47210 4.38 19.0
32944 169284 0.0 75.7
169284 32987 0.0 73.82
