3460 7923 5 13 5 2 6356.24 2341.77
68081   33
68993   33
68994   33
69001   33
69211   33
69356   33
69478   33
69480   33
69869   33
70177   92
70846   33
70929   92
71058   33
71883   92
72029   33
72278   33
72398   33
72429   92
72663   33
72763   33
72786   33
72839   33
72954   33
72956   92
73148   92
73184   33
73396   33
73500   33
73611   33
73774   33
73877   92
73987   92
74362   92
74504   92
74577   33
74722   33
74776   33
75040   33
75100   92
75153   33
75442   33
75526   84
75643   92
76182   33
76250   33
76417   33
76881   92
77120   84
77154   33
77178   92
77315   84
77381   33
77469   33
77669   92
77906   84
78029   92
78079   92
78302   92
78384   84
78562   84
78578   92
78634   92
78829   84
79140   92
79199   92
79231   92
79461   33
79506   84
79547   84
79578   92
79656   92
79720   33
80023   33
80474   92
80588   92
80670   92
80798   84
80872   33
80936   92
81035   84
81318   33
81417   33
81418   33
81472   33
81482   92
81555   33
81667   84
81731   84
81921   33
81959   92
82093   84
82143   33
82348   84
82372   84
82584   33
82636   84
82924   46
83374   84
83660   84
83938   92
84226   84
84587   46
84747   84
84804   84
84954   46
85589   84
85623   46
85758   84
85903   84
86474   84
86518   84
87160   46
87492   46
87610   84
87692   84
87798   84
87800   84
88004   46
88434   46
88472   46
88527   46
88574   46
88868   46
89015   46
89177   46
89193   46
89245   46
89352   84
89561   84
89900   46
90297   84
90341   46
90418   84
90592   46
90605   46
90835   84
90885   84
90940   46
91086   84
91195   84
91558   46
91596   46
93274   84
93591   84
93842   46
94058   84
94659   84
94821   86
94928   86
95218   46
95344   46
95652   86
96002   86
96585   86
97221   86
97462   86
97787   86
97905   46
98733   86
98932   86
101237  86
102663  86
102795  86
103214  86
67338   33
68059   33
68110   33
68217   33
68229   33
68232   33
68321   33
68341   33
68405   33
68494   33
68649   33
68659   33
68683   33
68700   33
68722   33
68728   33
68851   33
68967   33
68975   33
68988   33
69106   33
69118   33
69186   33
69205   33
69225   33
69231   33
69234   33
69243   33
69261   33
69308   33
69323   33
69374   33
69442   33
69446   33
69452   33
69470   33
69517   33
69544   33
69554   33
69603   33
69642   33
69657   33
69660   33
69662   33
69674   33
69676   33
69677   33
69690   33
69694   33
69765   33
69778   33
69803   33
69847   33
69857   33
69876   33
69884   33
69906   33
69961   33
69983   33
69986   33
70019   33
70028   33
70029   33
70032   33
70034   33
70039   33
70047   33
70050   33
70061   33
70091   33
70132   33
70167   33
70180   33
70204   33
70213   33
70216   33
70241   33
70245   33
70257   92
70262   92
70264   33
70273   33
70283   33
70294   33
70299   33
70309   33
70316   33
70319   33
70329   33
70332   33
70341   33
70368   33
70398   33
70404   33
70421   33
70426   33
70450   33
70468   33
70482   33
70503   33
70528   33
70551   33
70555   33
70565   33
70568   33
70584   33
70601   33
70608   33
70640   33
70667   92
70679   92
70702   33
70729   33
70739   33
70743   92
70772   33
70786   33
70796   92
70809   33
70813   33
70866   92
70869   33
70873   33
70898   33
70908   33
70913   33
70920   33
70927   33
70936   33
70938   92
70956   33
70980   33
70987   33
71023   33
71026   92
71033   33
71046   33
71078   33
71102   33
71113   33
71164   33
71168   33
71189   92
71195   33
71220   33
71228   33
71231   33
71244   33
71248   33
71294   33
71304   33
71307   92
71322   33
71375   33
71382   33
71394   33
71396   33
71410   33
71411   33
71425   92
71449   33
71461   33
71466   33
71488   33
71492   33
71493   33
71524   92
71554   92
71562   33
71589   33
71591   92
71615   33
71619   33
71633   33
71659   33
71667   33
71682   33
71717   92
71729   33
71738   33
71742   33
71764   33
71855   33
71864   33
71879   33
71885   33
71889   33
71892   33
71905   33
71919   33
71932   33
71947   33
71957   33
71971   33
71978   33
71991   33
71993   33
71998   33
72015   33
72050   33
72059   33
72084   33
72088   33
72095   92
72137   33
72170   33
72183   33
72201   33
72202   92
72224   33
72241   33
72272   33
72281   33
72289   33
72296   33
72309   33
72318   33
72356   33
72366   33
72374   33
72413   33
72458   33
72494   33
72524   33
72529   92
72544   33
72556   33
72568   33
72569   33
72574   33
72585   33
72604   92
72609   33
72610   33
72639   33
72641   33
72647   33
72656   33
72666   33
72668   33
72711   33
72740   33
72743   33
72773   33
72777   33
72778   33
72806   33
72828   33
72834   33
72837   33
72849   33
72866   33
72911   33
72938   33
72942   33
72969   92
72970   92
72990   33
72991   33
73011   33
73082   92
73086   92
73097   33
73129   33
73145   33
73158   33
73174   33
73181   92
73190   33
73191   33
73192   92
73194   33
73212   33
73219   33
73223   92
73231   92
73324   33
73347   92
73348   92
73360   33
73362   92
73372   33
73374   33
73407   92
73448   92
73455   33
73476   92
73486   33
73495   33
73497   92
73499   33
73533   92
73540   92
73545   33
73560   33
73562   33
73583   33
73616   33
73628   33
73658   33
73669   33
73693   33
73729   92
73730   33
73742   33
73750   33
73763   92
73766   33
73767   92
73772   33
73800   33
73810   92
73821   33
73832   33
73842   33
73867   33
73896   33
73903   33
73904   33
73921   92
73930   33
73936   92
73943   33
73956   33
73970   33
73974   33
73986   33
73996   33
74005   92
74017   33
74031   33
74042   33
74045   92
74051   92
74074   33
74100   33
74103   33
74109   92
74119   33
74123   33
74128   33
74152   33
74158   33
74181   33
74184   33
74194   33
74238   33
74243   92
74253   33
74263   33
74292   33
74317   92
74328   33
74341   33
74344   92
74356   33
74371   33
74378   92
74379   92
74382   33
74388   33
74407   33
74408   33
74411   33
74437   92
74458   33
74463   33
74466   33
74494   92
74496   92
74503   33
74509   33
74531   33
74542   92
74547   33
74555   33
74556   33
74570   33
74585   92
74588   33
74615   33
74622   33
74624   92
74636   33
74652   33
74657   33
74661   33
74674   92
74681   33
74688   33
74698   33
74705   33
74717   33
74718   92
74724   33
74725   92
74737   33
74743   33
74760   92
74781   33
74782   33
74783   33
74789   33
74806   33
74835   33
74840   33
74841   33
74845   33
74851   33
74856   33
74859   92
74863   33
74864   33
74874   33
74913   33
74923   33
74925   33
74927   92
74930   33
74933   33
74934   92
74950   33
74951   92
74977   33
74986   92
74992   33
74999   33
75018   92
75019   33
75027   33
75045   33
75052   33
75059   33
75078   33
75090   33
75092   33
75094   92
75097   33
75099   92
75107   33
75122   33
75138   33
75152   33
75172   33
75183   33
75203   33
75215   33
75218   92
75240   92
75244   33
75258   92
75263   92
75267   33
75296   33
75299   33
75316   33
75337   92
75350   33
75352   92
75357   92
75365   33
75368   33
75385   33
75398   92
75404   33
75445   33
75448   33
75464   92
75481   33
75485   33
75487   33
75491   33
75502   33
75506   92
75507   33
75521   92
75539   33
75543   84
75559   92
75561   92
75563   84
75570   92
75571   33
75573   92
75576   92
75580   33
75601   33
75604   33
75607   33
75627   92
75641   33
75647   33
75653   33
75687   33
75694   33
75696   33
75726   33
75728   92
75731   33
75734   33
75741   33
75745   92
75755   33
75756   33
75765   33
75769   33
75780   33
75805   33
75815   33
75822   33
75827   33
75828   92
75834   92
75839   33
75849   33
75851   33
75856   33
75869   33
75874   92
75877   92
75880   92
75885   33
75897   33
75903   33
75910   33
75911   33
75916   33
75923   33
75926   92
75932   33
75941   33
75956   33
75966   33
75968   92
75984   92
76022   33
76027   33
76028   92
76048   33
76073   33
76080   33
76085   92
76091   33
76095   92
76096   92
76106   33
76107   33
76144   92
76145   92
76155   84
76160   92
76161   33
76175   33
76177   92
76204   33
76207   33
76215   84
76221   33
76223   33
76229   33
76231   84
76232   92
76237   33
76242   33
76244   92
76247   84
76248   33
76271   92
76283   33
76291   84
76307   33
76309   33
76310   92
76316   33
76332   92
76335   33
76336   92
76344   33
76377   33
76381   92
76396   92
76398   92
76399   92
76405   33
76414   84
76415   33
76429   92
76434   33
76448   84
76463   33
76469   33
76471   33
76472   33
76484   33
76485   33
76487   33
76507   33
76509   33
76515   92
76516   33
76520   33
76523   92
76524   33
76526   33
76551   33
76552   92
76564   33
76583   33
76592   33
76595   33
76599   33
76601   33
76604   33
76608   92
76612   84
76615   33
76624   33
76637   33
76643   33
76651   33
76654   33
76656   33
76663   33
76677   84
76683   92
76692   33
76697   33
76707   92
76708   84
76709   33
76730   92
76736   33
76738   92
76741   33
76754   33
76763   84
76766   84
76781   84
76807   33
76811   33
76819   33
76827   33
76829   33
76838   92
76848   84
76850   92
76855   33
76864   92
76865   33
76872   92
76921   92
76931   92
76932   33
76972   33
76975   33
76979   33
76980   84
76990   33
76995   92
76996   33
76998   92
77003   92
77017   33
77018   33
77035   33
77051   84
77058   33
77061   92
77076   33
77111   33
77123   92
77128   33
77129   33
77143   84
77149   84
77161   33
77168   84
77170   33
77176   33
77186   33
77200   33
77224   84
77226   92
77232   33
77237   33
77243   33
77247   33
77250   92
77251   33
77271   92
77278   33
77284   33
77288   33
77291   33
77296   92
77298   33
77300   92
77314   33
77320   33
77324   33
77331   84
77350   33
77355   33
77370   84
77372   33
77376   84
77394   33
77400   33
77405   33
77414   92
77415   84
77421   92
77423   33
77435   92
77438   33
77452   33
77456   84
77457   92
77472   33
77481   92
77504   92
77507   33
77511   92
77521   33
77536   33
77538   92
77541   33
77547   92
77550   33
77575   33
77581   33
77585   33
77596   84
77599   33
77601   33
77607   84
77608   92
77618   84
77654   33
77661   33
77665   33
77671   33
77674   84
77681   84
77686   33
77690   33
77696   84
77710   33
77719   84
77723   92
77724   33
77731   33
77739   92
77747   33
77748   33
77757   84
77758   33
77761   84
77768   33
77774   33
77779   33
77780   84
77788   33
77791   33
77810   84
77833   92
77834   92
77848   92
77876   92
77890   92
77892   33
77895   84
77896   92
77898   33
77905   92
77909   92
77910   33
77913   33
77920   33
77924   33
77926   84
77947   33
77954   33
77961   84
77967   84
77976   33
77995   92
78001   33
78003   92
78014   84
78019   92
78024   84
78036   92
78038   92
78042   33
78043   33
78046   92
78049   33
78056   84
78057   92
78058   33
78063   33
78065   33
78070   84
78082   33
78093   33
78094   84
78096   33
78118   84
78127   92
78129   84
78132   33
78154   33
78159   92
78165   84
78169   84
78172   92
78176   92
78196   33
78200   92
78203   33
78210   33
78220   92
78225   84
78238   33
78244   33
78246   92
78248   92
78256   92
78259   33
78264   92
78272   33
78290   92
78298   33
78300   84
78303   33
78310   92
78319   84
78321   92
78328   92
78337   33
78354   33
78357   84
78371   33
78372   92
78387   33
78388   92
78394   92
78405   33
78411   84
78417   33
78418   84
78436   33
78448   92
78454   33
78455   92
78471   84
78479   84
78483   33
78487   84
78512   33
78514   84
78516   33
78524   33
78531   33
78532   33
78536   84
78545   92
78551   92
78555   33
78583   92
78598   33
78599   33
78614   92
78617   33
78631   84
78633   92
78638   33
78648   33
78653   33
78654   84
78664   33
78671   84
78675   33
78676   92
78698   33
78702   84
78703   33
78704   33
78706   33
78717   84
78718   92
78721   33
78726   92
78729   33
78739   84
78740   92
78756   84
78764   92
78798   33
78802   92
78805   92
78808   33
78812   33
78840   33
78842   84
78843   33
78851   92
78860   92
78862   84
78885   33
78893   33
78894   84
78920   84
78921   92
78943   92
78946   84
78947   33
78955   33
78956   84
78962   92
78966   92
78974   33
78975   33
78981   92
78985   33
78989   84
78990   92
78991   84
78992   84
78998   92
79003   33
79014   33
79015   33
79026   33
79042   92
79052   84
79092   33
79093   92
79094   33
79104   33
79108   92
79118   92
79121   92
79128   92
79138   92
79146   92
79150   84
79158   33
79169   84
79176   33
79183   92
79187   84
79215   33
79217   84
79220   84
79226   84
79237   33
79240   33
79243   84
79256   84
79260   33
79261   33
79272   33
79275   84
79276   92
79278   84
79280   92
79285   33
79288   92
79290   84
79302   92
79318   33
79320   92
79321   33
79324   92
79328   92
79330   33
79338   92
79350   33
79363   84
79367   92
79371   33
79376   92
79383   84
79393   84
79401   84
79403   33
79407   84
79411   33
79426   92
79429   33
79430   33
79433   33
79439   84
79440   92
79442   84
79464   33
79476   84
79482   33
79484   33
79496   84
79510   33
79520   92
79525   33
79529   92
79532   33
79540   84
79549   33
79550   84
79553   92
79554   33
79566   33
79567   84
79569   92
79590   84
79618   84
79627   33
79636   92
79653   33
79672   33
79680   92
79692   84
79703   33
79709   84
79710   92
79711   92
79721   33
79737   33
79741   92
79743   84
79744   84
79746   92
79751   84
79754   84
79760   92
79762   33
79764   33
79768   84
79775   92
79791   33
79796   92
79804   33
79816   84
79821   33
79828   33
79831   92
79837   84
79847   84
79855   84
79866   84
79880   92
79887   33
79889   84
79893   84
79896   92
79897   33
79904   84
79911   92
79912   92
79917   84
79921   84
79926   92
79929   84
79938   84
79941   84
79958   33
79964   92
79969   33
79970   33
79974   92
79977   84
79979   92
79989   33
79990   33
80004   92
80006   33
80011   84
80017   92
80018   92
80021   92
80024   84
80033   84
80059   84
80063   33
80078   84
80079   92
80081   84
80084   33
80092   84
80095   33
80098   92
80100   33
80103   84
80105   84
80107   33
80119   92
80120   33
80124   33
80129   33
80145   84
80146   33
80148   33
80150   84
80151   33
80157   33
80158   84
80160   33
80162   92
80165   92
80168   33
80173   84
80176   92
80178   84
80180   92
80184   33
80190   33
80191   92
80198   84
80213   33
80217   92
80223   33
80234   33
80237   84
80241   92
80245   33
80255   84
80273   84
80287   33
80291   33
80293   33
80297   92
80299   84
80301   33
80306   84
80312   33
80316   92
80317   84
80324   33
80327   33
80328   84
80344   33
80345   33
80352   84
80357   33
80358   92
80361   33
80363   84
80364   84
80370   33
80378   84
80379   33
80388   33
80399   92
80401   84
80405   84
80414   33
80426   84
80454   84
80460   33
80466   33
80468   84
80476   92
80496   84
80500   92
80504   84
80511   92
80512   33
80515   84
80517   92
80524   84
80531   84
80540   84
80541   33
80543   84
80563   84
80567   84
80578   84
80580   92
80591   33
80592   84
80608   33
80614   84
80621   33
80630   84
80635   33
80640   92
80650   84
80664   33
80668   92
80674   84
80675   33
80684   33
80688   84
80701   92
80702   84
80707   33
80709   33
80710   92
80727   84
80737   92
80744   84
80751   84
80752   33
80760   84
80768   84
80770   92
80777   84
80784   33
80789   84
80790   33
80792   46
80801   92
80803   33
80814   92
80822   92
80830   84
80832   84
80839   84
80840   92
80841   33
80843   92
80844   92
80845   33
80846   33
80849   33
80860   33
80868   84
80870   33
80875   33
80878   92
80895   33
80900   33
80908   84
80911   84
80915   92
80918   84
80924   84
80930   46
80943   33
80957   92
80974   92
80979   84
80992   84
80994   84
81010   84
81023   33
81024   92
81029   33
81033   33
81034   33
81040   33
81041   84
81042   84
81045   84
81048   33
81049   46
81053   84
81062   92
81065   84
81074   84
81078   92
81084   92
81087   33
81094   84
81100   84
81103   84
81108   33
81111   33
81123   84
81128   92
81132   84
81140   92
81153   33
81176   46
81180   84
81182   33
81192   33
81193   84
81197   84
81210   84
81214   84
81215   92
81226   33
81228   84
81240   84
81247   33
81253   33
81254   84
81276   33
81278   92
81279   84
81281   84
81297   92
81303   84
81310   84
81311   46
81313   92
81314   33
81315   92
81319   33
81333   84
81335   92
81343   92
81354   33
81355   33
81360   33
81361   33
81367   84
81370   84
81373   92
81374   84
81375   84
81384   33
81390   33
81394   84
81396   84
81397   46
81405   84
81408   92
81410   92
81425   84
81432   46
81435   84
81438   33
81439   84
81441   33
81444   33
81446   33
81452   92
81453   92
81460   84
81462   84
81478   84
81481   33
81493   84
81495   84
81498   84
81526   46
81527   92
81528   46
81531   84
81535   84
81540   92
81544   84
81550   84
81551   84
81556   84
81566   84
81574   84
81580   92
81581   92
81591   84
81599   33
81604   33
81605   46
81609   84
81620   84
81624   84
81630   84
81636   46
81638   33
81647   46
81648   84
81653   33
81654   46
81655   33
81662   84
81670   84
81671   84
81672   84
81674   92
81682   84
81697   84
81698   92
81715   84
81726   84
81728   92
81729   92
81734   92
81740   84
81754   84
81756   92
81767   92
81773   33
81781   84
81785   46
81789   33
81791   33
81792   84
81797   46
81806   84
81812   33
81821   33
81846   84
81848   84
81857   92
81913   33
81916   33
81918   33
81925   33
81926   46
81928   92
81976   84
81983   84
81995   92
82001   33
82002   92
82004   84
82014   84
82022   84
82024   84
82028   84
82030   46
82033   46
82066   84
82074   84
82087   33
82089   46
82090   92
82094   92
82101   92
82123   92
82127   84
82153   84
82166   33
82168   92
82176   46
82181   33
82197   84
82236   46
82240   84
82244   84
82245   33
82250   84
82270   84
82271   84
82277   84
82289   92
82293   84
82298   84
82306   46
82319   33
82323   33
82355   84
82359   46
82363   84
82369   46
82371   92
82387   46
82391   84
82400   84
82404   92
82413   46
82418   33
82422   84
82423   92
82427   92
82437   84
82440   92
82449   92
82458   33
82460   84
82467   46
82476   92
82485   46
82486   84
82494   84
82502   84
82503   46
82506   33
82531   92
82534   84
82538   33
82541   84
82542   92
82556   84
82558   92
82567   84
82569   84
82577   33
82581   46
82605   46
82609   46
82614   92
82620   92
82647   46
82670   92
82675   46
82685   84
82687   84
82705   84
82707   92
82708   46
82710   84
82746   84
82748   46
82773   84
82779   84
82781   84
82783   46
82791   46
82792   84
82799   84
82803   84
82805   84
82806   92
82817   33
82821   46
82829   84
82837   46
82841   33
82858   92
82860   92
82872   46
82875   46
82896   46
82898   84
82909   84
82912   92
82913   84
82919   46
82920   92
82921   46
82923   84
82927   46
82931   84
82933   84
82944   92
82946   46
82948   46
82988   84
82990   84
82994   84
82997   33
83000   92
83004   84
83006   84
83008   46
83010   46
83021   46
83022   84
83028   92
83029   84
83030   84
83031   46
83036   46
83046   46
83053   46
83061   46
83076   84
83095   46
83096   84
83109   84
83112   46
83119   92
83131   46
83132   92
83148   92
83150   84
83157   84
83159   84
83170   46
83175   84
83176   84
83190   92
83191   84
83198   84
83201   46
83203   92
83208   84
83213   33
83215   46
83216   84
83225   84
83239   84
83248   92
83262   84
83274   84
83275   92
83289   46
83294   92
83300   33
83310   84
83328   84
83329   84
83347   84
83349   46
83358   46
83359   46
83366   84
83376   46
83383   84
83387   46
83391   84
83392   46
83402   46
83414   84
83419   84
83431   92
83456   92
83466   84
83468   84
83470   46
83484   46
83487   84
83490   46
83494   84
83496   84
83501   46
83513   46
83522   46
83523   46
83524   46
83533   46
83539   84
83540   84
83542   46
83544   46
83545   84
83548   84
83552   84
83559   84
83571   84
83573   84
83589   46
83596   84
83602   92
83632   84
83649   46
83653   92
83658   84
83666   46
83667   46
83687   46
83691   46
83705   46
83711   92
83721   46
83725   84
83728   84
83731   92
83732   84
83734   92
83739   92
83755   84
83759   46
83766   84
83783   46
83789   46
83794   46
83797   84
83799   46
83805   84
83806   84
83809   46
83810   46
83812   46
83813   46
83814   84
83815   84
83836   84
83838   84
83852   46
83864   46
83869   46
83871   46
83910   84
83920   46
83926   92
83931   84
83940   92
83962   84
83963   84
83979   84
83993   46
83999   92
84003   46
84030   46
84041   46
84042   84
84052   46
84061   84
84063   46
84077   84
84079   46
84080   84
84082   84
84085   46
84098   84
84100   84
84106   84
84117   84
84120   46
84125   46
84127   84
84137   84
84138   84
84148   46
84151   84
84152   84
84169   46
84171   46
84172   84
84181   46
84182   92
84185   46
84190   84
84191   46
84194   84
84198   84
84199   84
84218   46
84221   46
84225   84
84227   46
84237   84
84243   84
84256   84
84266   46
84289   84
84291   46
84302   46
84307   46
84314   46
84318   84
84327   46
84330   92
84335   46
84336   84
84337   46
84353   84
84359   46
84360   46
84363   46
84365   92
84373   46
84374   84
84377   84
84400   84
84405   46
84407   84
84409   92
84410   46
84420   46
84427   84
84432   46
84448   92
84457   46
84458   46
84468   84
84482   84
84484   84
84485   46
84487   84
84490   46
84500   92
84504   46
84511   46
84516   46
84520   84
84526   84
84532   92
84534   46
84541   46
84543   84
84544   46
84546   46
84550   46
84551   84
84566   84
84573   84
84580   46
84585   46
84599   46
84602   84
84605   46
84606   84
84619   84
84625   84
84628   84
84629   84
84644   46
84649   46
84668   84
84675   46
84679   46
84680   46
84681   46
84685   84
84694   46
84697   84
84701   46
84705   84
84713   46
84714   46
84718   46
84720   84
84721   46
84723   84
84743   46
84745   84
84764   46
84766   46
84771   46
84779   46
84784   46
84799   46
84803   84
84805   46
84807   84
84818   84
84819   46
84836   46
84840   84
84841   46
84845   46
84850   84
84852   84
84856   46
84857   46
84861   84
84862   84
84869   46
84879   46
84882   84
84883   84
84890   84
84891   46
84902   46
84918   46
84928   84
84931   84
84944   84
84960   84
84966   84
84968   46
84969   46
84970   46
84971   84
84982   46
84991   46
85002   46
85006   46
85009   46
85021   84
85022   46
85029   84
85047   84
85067   84
85071   84
85090   46
85116   46
85129   84
85138   84
85148   84
85149   84
85155   46
85159   84
85163   84
85166   84
85171   46
85174   46
85183   46
85190   84
85206   46
85229   84
85232   46
85237   84
85248   46
85258   46
85259   46
85263   46
85267   46
85269   46
85270   46
85286   46
85295   46
85304   46
85313   92
85316   46
85320   84
85333   46
85335   46
85337   46
85340   46
85345   46
85347   46
85352   84
85355   46
85375   84
85384   46
85391   46
85392   84
85393   84
85400   46
85401   84
85414   46
85429   84
85431   46
85433   46
85440   84
85444   46
85457   46
85459   46
85462   46
85465   46
85469   84
85472   46
85473   46
85474   46
85477   84
85481   46
85483   84
85484   46
85489   46
85508   84
85513   46
85546   46
85547   46
85550   84
85553   46
85557   46
85559   46
85561   84
85566   46
85573   84
85577   84
85584   46
85592   84
85595   46
85596   46
85605   46
85618   46
85624   46
85629   46
85630   46
85648   84
85653   46
85668   46
85670   46
85672   46
85681   46
85682   46
85686   84
85687   84
85704   46
85705   46
85708   84
85713   84
85731   46
85735   46
85742   84
85751   84
85752   46
85764   46
85786   46
85788   84
85792   46
85796   46
85808   84
85812   46
85816   46
85822   84
85832   46
85833   84
85839   46
85841   46
85842   46
85845   46
85858   46
85865   84
85876   46
85882   46
85913   46
85916   84
85929   46
85936   84
85938   46
85950   84
85954   84
85956   84
85957   46
85959   84
85963   84
85974   84
85979   84
85980   84
86014   46
86015   46
86021   46
86029   46
86036   84
86040   46
86045   84
86049   84
86052   84
86054   84
86060   46
86062   46
86080   84
86084   46
86085   46
86086   46
86087   84
86094   46
86097   84
86120   46
86125   84
86137   46
86139   84
86143   46
86150   46
86155   46
86165   84
86171   84
86181   46
86190   46
86195   46
86197   46
86203   84
86212   46
86218   46
86222   46
86224   46
86239   46
86251   84
86256   46
86263   84
86264   84
86266   46
86267   84
86273   46
86275   46
86280   46
86299   46
86307   46
86308   84
86314   46
86316   46
86320   46
86321   46
86322   46
86324   46
86327   84
86329   46
86339   46
86342   46
86349   84
86353   84
86355   84
86361   84
86368   46
86371   84
86372   84
86377   46
86381   46
86386   46
86391   84
86393   46
86398   46
86402   46
86404   46
86407   46
86417   84
86418   84
86430   84
86431   46
86432   46
86446   84
86447   84
86451   84
86454   46
86455   84
86462   84
86471   46
86475   46
86480   46
86486   84
86488   46
86495   46
86501   84
86506   46
86514   46
86516   46
86517   84
86521   46
86523   84
86539   46
86549   46
86554   46
86555   46
86560   46
86561   46
86577   84
86578   84
86581   84
86588   84
86593   46
86600   46
86601   46
86606   46
86619   46
86621   46
86630   46
86640   46
86645   46
86646   46
86648   84
86673   84
86677   84
86681   84
86684   46
86685   46
86687   84
86689   46
86690   84
86691   84
86698   84
86701   84
86725   46
86726   84
86727   46
86730   46
86733   46
86737   84
86751   46
86753   84
86756   84
86762   84
86763   46
86768   46
86774   46
86777   84
86780   84
86799   84
86800   46
86819   84
86822   84
86824   84
86832   46
86835   46
86836   46
86849   84
86858   84
86859   84
86864   46
86868   84
86869   46
86871   46
86875   46
86876   84
86880   84
86887   46
86896   46
86897   84
86899   84
86912   46
86919   46
86930   84
86931   46
86934   84
86949   84
86953   84
86956   84
86979   46
86997   84
86998   84
87004   84
87005   46
87006   84
87010   46
87017   46
87021   46
87027   84
87029   84
87032   84
87038   84
87083   84
87092   46
87095   46
87097   84
87102   84
87103   84
87110   46
87113   46
87115   46
87119   46
87120   46
87122   84
87130   46
87136   84
87142   46
87146   46
87151   84
87157   84
87158   84
87167   46
87185   46
87188   46
87197   46
87199   46
87206   46
87214   46
87224   46
87244   46
87247   46
87250   46
87255   84
87263   46
87264   84
87266   84
87267   46
87284   84
87287   84
87293   46
87296   84
87297   46
87313   46
87317   46
87318   84
87320   84
87323   46
87326   84
87334   84
87342   84
87344   46
87352   46
87375   84
87381   46
87382   84
87384   84
87386   46
87390   46
87396   46
87401   84
87409   84
87415   84
87416   46
87429   84
87430   46
87435   46
87441   46
87445   84
87446   46
87447   46
87464   46
87465   46
87471   46
87476   84
87477   84
87486   46
87499   84
87500   46
87504   84
87507   84
87509   84
87510   84
87522   84
87532   46
87533   84
87540   46
87541   84
87542   46
87546   84
87548   46
87558   84
87563   84
87564   46
87575   46
87576   84
87581   46
87585   84
87587   46
87589   46
87599   46
87603   46
87606   84
87626   84
87631   84
87637   84
87638   46
87656   46
87666   84
87667   46
87668   46
87670   46
87675   84
87678   46
87680   46
87683   46
87690   46
87706   84
87713   46
87716   84
87737   46
87738   46
87739   84
87741   84
87742   46
87744   46
87745   46
87748   46
87760   84
87783   84
87786   46
87793   46
87805   46
87829   46
87830   46
87831   46
87832   84
87833   46
87835   46
87842   46
87849   84
87850   84
87857   46
87859   46
87860   84
87866   46
87871   46
87873   46
87874   46
87880   46
87881   84
87901   46
87902   84
87906   84
87909   84
87918   46
87926   84
87939   84
87940   84
87942   84
87949   46
87969   46
87988   84
87995   84
87996   84
88017   46
88021   84
88022   46
88026   84
88029   46
88030   84
88054   46
88056   46
88058   46
88060   84
88064   84
88065   46
88066   46
88068   46
88084   46
88087   46
88100   84
88107   46
88108   46
88110   46
88115   84
88121   84
88125   84
88132   84
88137   46
88145   46
88149   84
88159   46
88161   46
88162   84
88164   46
88165   46
88168   84
88177   84
88178   46
88187   46
88193   46
88200   46
88204   84
88207   46
88213   84
88221   84
88223   46
88224   46
88227   46
88230   84
88232   46
88236   84
88237   84
88240   84
88242   46
88252   46
88253   84
88263   84
88271   84
88272   46
88275   46
88276   46
88277   46
88278   84
88287   84
88296   46
88298   46
88306   84
88310   84
88311   84
88315   84
88316   84
88317   84
88318   84
88319   84
88324   46
88325   46
88327   46
88346   84
88350   84
88354   84
88360   46
88361   84
88362   84
88371   84
88372   46
88375   46
88381   84
88387   84
88398   46
88404   46
88407   46
88410   46
88414   46
88423   46
88426   46
88427   46
88429   46
88444   46
88448   46
88450   46
88456   84
88463   46
88465   46
88475   46
88477   84
88478   46
88486   46
88487   84
88490   84
88491   84
88492   46
88494   46
88501   46
88503   84
88505   46
88517   46
88530   46
88535   46
88536   46
88539   84
88546   46
88549   84
88550   84
88552   84
88560   84
88562   46
88566   84
88576   46
88577   46
88599   46
88605   46
88610   84
88620   46
88625   84
88628   84
88640   84
88644   84
88648   46
88650   84
88660   84
88665   46
88672   46
88673   84
88679   84
88697   46
88702   84
88703   46
88712   46
88718   46
88721   46
88728   46
88732   84
88734   46
88737   84
88745   46
88755   46
88756   84
88771   46
88773   84
88782   46
88786   84
88790   84
88791   84
88804   46
88807   46
88811   84
88812   46
88824   84
88831   46
88836   84
88839   46
88847   46
88855   46
88857   46
88859   46
88873   46
88876   46
88886   84
88890   46
88895   46
88896   84
88901   46
88902   46
88912   84
88915   46
88919   46
88922   46
88931   46
88933   84
88938   84
88947   46
88968   84
88975   46
88978   46
88980   46
88985   84
88993   84
89003   84
89005   84
89010   84
89016   46
89021   46
89024   46
89050   46
89054   84
89056   46
89058   84
89061   84
89062   46
89090   84
89094   84
89097   84
89103   84
89108   46
89136   84
89141   84
89158   84
89173   84
89181   84
89185   46
89194   46
89198   84
89202   46
89205   84
89216   46
89223   46
89240   84
89253   46
89259   46
89261   84
89262   84
89265   84
89273   46
89276   46
89297   84
89298   84
89300   84
89304   84
89312   84
89318   84
89324   46
89339   84
89341   84
89348   46
89351   84
89360   46
89365   46
89371   46
89372   46
89373   46
89376   84
89378   84
89379   84
89386   84
89391   46
89396   84
89406   84
89409   46
89412   46
89426   84
89427   84
89428   84
89432   84
89442   84
89445   84
89454   84
89459   84
89490   84
89492   46
89495   46
89501   46
89504   46
89519   46
89520   46
89533   84
89537   84
89540   84
89545   84
89559   84
89563   84
89579   46
89582   46
89585   46
89605   46
89630   84
89631   84
89632   84
89640   84
89649   46
89659   84
89663   46
89675   46
89676   46
89697   46
89703   84
89714   46
89740   84
89743   84
89750   46
89751   84
89763   46
89765   84
89794   46
89795   84
89803   84
89828   84
89840   46
89847   84
89848   84
89857   84
89870   84
89904   46
89910   46
89911   46
89928   84
89932   84
89933   46
89938   46
89945   46
89959   84
89960   46
89963   84
89964   46
89967   84
89972   46
89973   46
89982   46
89984   84
89986   84
89993   46
90002   84
90020   84
90040   84
90041   84
90044   84
90070   46
90073   84
90075   46
90081   46
90093   46
90128   84
90135   46
90146   84
90160   46
90163   46
90165   46
90175   46
90183   84
90194   46
90206   84
90208   84
90212   84
90228   84
90237   84
90247   46
90253   84
90255   84
90275   84
90292   46
90305   84
90321   46
90333   84
90345   46
90352   84
90379   46
90384   46
90402   46
90403   84
90413   84
90417   46
90423   46
90428   46
90447   84
90452   84
90457   46
90462   46
90467   84
90469   84
90482   46
90497   46
90512   46
90515   46
90516   84
90527   84
90546   46
90550   84
90562   84
90566   84
90568   46
90572   46
90584   84
90585   84
90607   46
90619   46
90631   84
90633   84
90656   46
90662   84
90668   84
90677   46
90683   46
90689   46
90692   46
90699   84
90709   46
90714   84
90723   46
90727   84
90729   46
90740   46
90742   46
90748   46
90750   46
90770   46
90772   46
90796   46
90806   46
90811   84
90822   46
90846   46
90851   84
90859   46
90860   46
90869   84
90882   46
90890   46
90926   46
90934   84
90938   46
90945   84
90958   46
90975   84
90977   84
90979   84
90994   46
91016   46
91026   84
91034   46
91045   84
91096   84
91110   46
91129   84
91133   84
91134   84
91145   46
91149   46
91152   84
91174   46
91193   46
91211   46
91221   46
91239   46
91263   46
91271   46
91275   84
91277   46
91280   84
91285   46
91299   46
91314   46
91318   46
91322   84
91328   84
91355   84
91360   84
91369   46
91372   46
91381   46
91390   46
91438   46
91447   46
91452   84
91467   84
91469   46
91471   84
91481   84
91486   46
91489   84
91503   46
91519   46
91554   84
91560   84
91566   84
91576   46
91580   46
91590   84
91610   84
91620   46
91633   84
91665   84
91681   84
91686   84
91694   46
91717   46
91749   84
91759   46
91783   84
91786   84
91802   46
91811   46
91814   46
91817   46
91840   84
91848   46
91861   46
91891   84
91894   84
91910   84
91920   84
91922   46
91962   46
91972   46
91973   84
91974   84
91976   84
92002   84
92003   84
92033   84
92034   46
92052   84
92055   84
92056   46
92067   46
92089   46
92091   46
92116   46
92125   84
92131   84
92132   46
92151   46
92170   46
92187   46
92201   84
92213   46
92219   84
92261   46
92263   46
92266   84
92281   84
92302   46
92326   84
92349   46
92367   84
92387   84
92390   46
92434   86
92437   84
92441   84
92459   84
92467   84
92517   84
92523   84
92528   46
92610   84
92626   46
92630   46
92648   84
92701   46
92704   46
92713   46
92726   84
92729   46
92738   84
92754   84
92812   86
92818   46
92835   84
92838   86
92861   86
92871   84
92874   46
92891   84
92892   46
92895   46
92926   84
92944   84
92991   84
92994   84
93007   46
93014   86
93024   84
93029   46
93040   46
93049   84
93064   86
93076   84
93079   46
93093   46
93096   86
93122   46
93134   46
93153   46
93176   86
93199   86
93207   84
93220   84
93243   46
93245   46
93249   46
93281   86
93288   46
93299   46
93302   84
93332   84
93358   86
93362   86
93386   46
93399   86
93419   86
93460   86
93484   46
93501   84
93524   84
93549   46
93550   84
93551   46
93570   86
93602   86
93647   86
93656   86
93695   86
93703   84
93708   46
93734   46
93736   46
93752   86
93774   86
93781   46
93796   84
93801   86
93805   86
93822   86
93837   86
93841   86
93846   46
93914   84
93944   46
93955   86
93978   86
93982   46
93985   84
93998   86
94037   86
94039   46
94050   84
94051   84
94064   86
94098   86
94146   86
94161   46
94202   46
94212   86
94217   46
94234   86
94267   86
94277   86
94283   46
94284   46
94298   84
94300   86
94331   46
94340   46
94424   46
94456   86
94466   86
94468   46
94530   86
94543   46
94560   86
94564   86
94567   86
94583   46
94593   86
94594   86
94601   46
94627   84
94675   86
94708   46
94716   86
94725   86
94728   86
94744   84
94771   84
94800   86
94846   46
94847   86
94877   86
94898   86
94901   86
94914   86
94965   86
95001   46
95007   86
95019   86
95027   86
95067   86
95135   46
95149   86
95153   86
95158   86
95187   86
95197   46
95213   86
95238   86
95241   84
95282   46
95289   86
95312   86
95323   86
95335   86
95362   86
95387   86
95399   86
95408   86
95409   86
95412   86
95415   46
95432   46
95443   86
95463   86
95493   86
95513   86
95530   86
95531   86
95552   86
95561   86
95594   86
95623   86
95649   46
95651   86
95658   86
95672   86
95685   86
95729   86
95784   86
95797   86
95800   86
95830   46
95872   86
95873   46
95875   86
95882   86
95906   86
95954   86
95963   86
95966   86
96004   86
96013   46
96031   86
96110   86
96126   86
96145   86
96153   86
96159   46
96215   86
96221   46
96240   86
96242   86
96270   86
96317   86
96333   86
96336   86
96339   86
96344   46
96351   86
96352   86
96363   86
96370   86
96386   86
96438   86
96451   86
96471   86
96488   86
96501   46
96510   86
96513   86
96522   86
96575   86
96636   86
96650   86
96659   86
96678   86
96723   86
96747   46
96768   86
96797   86
96814   86
96847   86
96850   86
96865   86
96909   46
96927   46
96930   86
96936   46
96949   86
96987   86
97017   46
97039   46
97042   86
97051   86
97105   86
97120   86
97132   86
97142   46
97166   86
97178   86
97218   86
97233   86
97248   86
97334   86
97347   86
97358   86
97384   86
97419   86
97436   86
97477   86
97478   86
97545   86
97566   86
97567   86
97591   86
97685   86
97730   86
97753   86
97769   86
97774   86
97783   86
97828   86
97841   86
97855   86
97884   86
97893   86
97937   86
97980   86
97987   86
98000   86
98021   86
98051   86
98080   86
98107   86
98147   86
98148   86
98180   86
98211   86
98219   86
98287   86
98288   86
98293   86
98315   86
98369   86
98377   46
98379   86
98462   86
98529   86
98532   86
98569   86
98639   86
98703   86
98714   86
98718   86
98801   86
98809   86
98824   86
98857   86
98859   86
98900   86
98924   86
98928   86
98948   86
98985   86
98986   86
99049   86
99064   86
99066   86
99092   86
99112   86
99157   86
99206   86
99227   86
99235   86
99258   86
99375   86
99377   86
99426   86
99472   86
99520   86
99558   86
99663   86
99667   86
99676   86
99710   86
99792   86
99822   86
99848   86
99867   86
99895   86
99975   86
99985   86
100020  86
100035  86
100112  86
100166  86
100170  86
100184  86
100270  86
100337  86
100339  86
100345  86
100412  86
100491  86
100506  86
100516  86
100542  86
100595  86
100633  86
100678  86
100680  86
100699  86
100723  86
100811  86
100884  86
100909  86
100980  86
100986  86
101046  86
101093  86
101158  86
101165  86
101246  86
101262  86
101339  86
101350  86
101362  86
101391  86
101445  86
101456  86
101484  86
101534  86
101544  86
101620  86
101644  86
101747  86
101778  86
101837  86
101900  86
101908  86
101984  86
102003  86
102076  86
102142  86
102162  86
102246  86
102303  86
102343  86
102359  86
102381  86
102455  86
102618  86
103312  86
68081   68700   7.15    89.02
68217   68321   10.00   56.92
68321   67338   9.00    146.75
68405   68321   0.00    11.71
68405   68659   3.00    61.22
68659   68059   8.93    92.15
68683   68700   6.40    33.07
68683   68217   9.00    72.00
68700   68722   9.00    64.42
68722   68110   6.40    87.61
68728   68851   3.71    54.41
68728   68659   3.00    8.63
68851   68988   5.33    49.92
68851   68229   12.50   96.62
68967   68649   5.20    53.96
68967   68232   4.50    128.49
68988   69118   9.90    50.63
68988   68341   8.35    96.20
68993   69106   7.19    18.28
68994   69442   5.83    79.76
68994   69517   3.00    81.86
69001   69690   9.63    109.54
69106   69231   1.00    23.05
69106   69261   0.00    22.59
69118   69234   9.00    53.74
69118   68494   9.00    90.08
69186   68722   8.45    95.75
69205   69857   10.24   108.58
69211   69876   13.00   110.44
69211   69517   9.00    63.95
69225   69186   9.11    90.88
69225   68967   3.00    43.96
69231   69803   2.33    107.16
69261   69603   7.67    54.11
69261   69231   8.67    18.45
69308   68649   9.43    105.23
69308   68975   4.85    55.83
69323   68728   6.56    87.27
69356   69884   8.67    85.99
69374   68405   8.13    144.20
69442   69857   9.20    80.06
69446   68851   9.20    86.10
69452   69847   8.67    82.53
69452   68967   8.57    75.56
69478   70029   2.50    89.99
69480   69677   10.00   29.55
69517   69676   2.75    33.60
69554   68988   8.60    85.78
69603   70034   8.92    82.65
69603   70019   6.39    73.25
69642   69205   7.53    76.62
69657   69308   5.13    63.85
69657   69452   10.00   34.04
69660   69677   9.80    85.40
69660   68683   4.75    144.34
69674   69118   3.00    85.46
69676   70341   8.63    128.78
69676   70309   11.00   111.40
69677   70039   7.25    59.65
69690   69544   7.75    32.18
69694   69225   6.88    84.06
69765   69690   0.00    19.25
69778   69234   8.09    85.75
69803   70050   0.00    48.95
69847   70241   8.67    82.40
69857   70216   9.00    61.77
69869   69323   8.17    87.64
69869   69906   3.00    15.40
69876   69765   2.33    26.44
69884   70421   10.60   85.99
69906   70264   11.00   58.16
69906   69961   11.20   24.36
69961   70061   6.50    49.93
69961   69446   9.14    86.10
69983   69657   7.40    65.43
69986   69470   8.29    86.92
70019   69642   7.73    76.53
70019   70503   8.50    77.88
70028   69660   0.00    60.02
70028   70039   9.00    84.13
70029   70167   11.50   63.36
70029   70729   6.47    103.47
70034   69803   13.75   66.25
70034   70332   20.00   54.35
70039   69694   6.40    87.36
70039   70482   5.14    65.21
70047   69243   10.82   135.19
70050   69983   3.00    20.99
70050   70091   0.00    5.93
70061   70180   5.00    51.03
70061   69554   7.45    85.78
70091   70332   10.64   67.84
70091   70273   0.00    37.11
70177   71026   8.50    133.53
70180   70283   8.60    52.72
70180   69674   11.00   85.47
70204   70032   3.00    30.12
70213   70028   5.80    29.11
70216   70341   11.50   20.41
70241   69694   10.00   88.21
70245   70034   10.45   59.52
70245   70019   3.80    41.20
70262   70866   13.33   106.53
70264   70368   10.00   16.89
70273   70813   12.71   84.94
70273   70565   0.00    56.91
70283   69778   7.83    85.75
70283   70421   3.83    58.47
70299   70213   12.60   59.09
70299   69374   10.50   145.37
70309   69876   7.40    97.54
70316   69544   6.60    132.07
70319   70204   15.00   18.43
70319   70132   8.13    75.67
70329   70869   7.00    108.84
70329   69765   11.50   95.37
70332   70568   8.78    60.64
70332   70813   3.00    81.76
70341   70555   6.73    31.18
70368   70739   11.20   55.12
70368   70299   0.00    41.40
70398   70264   8.50    60.85
70404   69662   9.62    124.90
70404   70204   3.00    75.44
70421   70987   10.82   86.27
70421   70551   10.00   57.20
70426   70869   2.50    88.10
70426   70309   20.00   21.84
70450   70679   9.43    79.01
70468   70482   8.13    79.76
70468   70213   4.67    35.98
70482   70772   0.00    41.94
70503   70216   8.13    137.53
70503   70601   7.25    13.76
70528   70398   7.25    60.78
70528   70180   3.71    54.21
70551   69986   0.00    86.87
70555   70898   8.50    53.40
70565   70809   9.10    54.32
70568   70245   7.96    53.51
70584   70568   0.00    2.81
70601   70920   6.00    51.20
70608   69983   6.69    124.75
70608   70241   1.00    51.09
70640   70450   7.80    77.11
70640   70319   7.25    48.98
70679   70913   9.00    93.43
70679   71307   10.61   91.59
70702   70426   7.93    57.97
70729   71394   5.36    87.30
70729   71023   11.00   71.22
70739   71078   6.50    49.00
70739   70468   8.28    98.32
70743   70667   10.00   29.48
70743   70257   0.00    85.86
70772   71046   6.50    38.27
70786   70601   9.86    80.28
70786   70584   15.00   32.59
70796   70743   0.00    17.74
70796   71425   10.00   97.75
70809   71411   8.70    113.31
70813   70956   13.20   25.17
70846   71466   3.69    87.29
70866   70796   9.00    22.35
70869   71033   14.60   32.19
70873   70283   8.44    86.45
70898   70702   5.00    38.48
70898   71396   10.46   89.08
70908   70047   10.55   135.19
70913   71102   1.00    103.47
70920   71304   10.80   53.02
70920   70555   7.20    130.74
70927   70551   12.50   57.46
70929   71524   7.57    89.49
70936   70167   8.63    111.67
70938   70866   5.75    28.00
70938   70262   9.05    104.04
70956   71168   7.67    35.73
70980   70329   8.58    100.85
70980   70316   4.75    129.28
70987   71615   5.86    86.27
71023   71885   10.00   118.63
71023   70927   10.00   54.65
71026   70938   10.00   28.44
71033   71164   3.00    24.30
71033   71410   15.00   95.33
71046   70608   5.39    93.07
71058   70772   12.13   63.42
71078   71742   9.75    99.34
71102   70640   6.95    100.38
71102   71248   10.00   65.29
71113   70786   8.13    49.80
71113   70920   7.50    79.09
71164   70702   0.00    89.46
71164   71396   6.43    40.75
71168   70565   7.20    93.12
71168   71492   8.67    55.93
71189   70294   3.00    134.63
71189   71026   4.25    50.36
71195   70404   8.50    112.64
71195   70908   7.25    39.80
71220   70898   15.50   60.38
71220   71667   7.80    89.68
71228   70398   6.50    119.37
71228   71078   9.20    61.57
71231   70584   4.16    112.74
71231   70956   7.25    53.46
71244   71231   0.00    2.12
71248   71195   0.00    7.38
71294   71228   0.00    9.32
71304   71619   13.33   48.45
71304   71449   13.33   51.61
71307   71189   8.69    37.84
71322   70908   7.80    81.37
71375   71228   12.29   59.76
71375   70528   10.86   120.02
71382   71905   4.67    76.17
71382   71244   9.00    28.61
71394   71998   7.75    86.97
71396   71461   7.75    14.37
71410   70980   8.67    75.87
71411   71659   6.67    55.32
71425   71717   3.00    54.71
71461   71667   0.00    43.65
71461   71764   3.00    95.44
71466   71046   9.51    81.38
71488   71102   9.00    54.29
71488   70913   13.29   134.86
71492   70809   10.00   99.98
71493   70873   4.17    86.45
71493   71375   7.25    58.41
71524   72095   6.04    89.90
71554   71189   10.00   52.65
71554   71425   6.50    47.53
71562   72224   10.00   104.25
71562   71244   5.36    55.33
71589   71682   12.06   141.74
71589   71248   6.20    49.49
71591   71307   9.32    98.39
71615   71493   0.00    56.90
71615   72413   5.80    112.98
71619   71633   7.80    3.24
71619   71220   9.86    78.70
71633   71971   5.22    48.97
71633   71957   9.93    91.01
71659   71919   1.00    49.29
71667   71957   0.00    53.65
71682   71322   12.67   81.37
71682   71892   10.75   39.17
71717   71554   8.33    29.60
71729   71615   11.83   57.59
71729   70927   8.13    115.38
71738   70936   5.86    111.37
71742   71919   8.67    23.00
71742   71466   12.00   60.79
71764   71410   0.00    75.84
71855   71113   11.90   108.07
71855   71633   8.07    80.51
71864   71488   8.80    57.05
71864   71591   7.64    98.39
71879   71562   10.30   50.19
71879   72806   9.52    132.54
71883   72529   7.40    94.57
71885   71729   4.75    63.89
71889   71382   9.20    132.28
71889   71855   1.00    11.36
71892   72524   9.00    91.25
71892   72366   11.29   93.78
71905   72556   6.50    88.95
71919   72458   13.41   104.98
71919   72544   7.14    93.28
71947   71864   7.40    25.77
71957   72183   10.33   65.93
71971   72309   8.67    49.53
71971   72170   20.00   69.04
71978   71411   13.70   88.24
71991   72015   0.00    6.76
71993   71492   5.38    77.56
71993   71879   8.60    16.68
71998   71991   0.00    2.26
72015   71885   4.40    53.73
72015   72084   0.00    11.53
72029   71294   10.50   106.26
72050   72366   8.56    91.24
72050   71764   14.60   54.02
72059   71589   10.64   70.62
72059   71947   14.35   40.73
72084   72088   3.00    9.15
72088   71998   11.50   15.95
72088   72568   5.50    68.03
72095   72970   6.52    123.96
72137   72272   5.33    57.47
72137   71375   3.00    112.31
72170   71889   7.25    57.34
72183   71932   0.00    51.39
72183   72281   10.00   28.26
72201   72170   10.00   11.96
72272   72413   15.00   57.50
72272   71493   10.78   112.85
72278   72318   0.00    8.70
72281   72050   12.86   45.56
72281   72641   10.25   90.65
72289   71742   8.32    103.43
72296   71659   10.00   93.93
72309   72494   10.00   24.81
72309   72201   5.20    73.25
72318   71905   15.00   95.78
72318   72556   0.00    56.66
72356   71947   8.21    61.09
72366   72641   16.67   47.88
72374   73486   12.00   147.06
72374   71993   7.78    65.05
72398   72137   3.00    34.89
72413   72609   7.40    23.86
72413   72569   0.00    58.20
72429   72969   8.60    79.96
72458   73011   12.18   104.74
72494   72911   2.33    58.16
72524   72059   6.65    147.27
72529   73540   11.92   139.92
72529   72095   8.46    115.00
72544   73190   6.14    93.28
72556   72806   4.25    78.26
72568   72639   0.00    11.74
72569   71729   7.25    111.88
72569   72668   5.50    56.07
72574   72356   11.11   61.99
72574   72991   10.00   58.54
72585   72568   6.50    12.44
72585   71738   8.67    111.06
72604   72202   0.00    103.70
72610   72374   7.29    54.24
72610   71978   7.06    88.30
72639   72656   0.00    2.88
72641   72849   10.00   54.71
72647   72777   7.25    27.89
72647   72585   0.00    9.29
72656   72647   0.00    20.22
72663   72837   11.50   33.48
72663   72778   0.00    15.87
72666   72828   7.67    97.29
72666   72241   7.14    52.41
72668   72656   9.80    129.18
72668   72084   7.83    118.99
72711   72743   1.00    141.89
72740   73191   6.68    60.30
72740   72524   4.85    66.32
72763   72569   3.00    25.98
72773   72494   9.50    87.13
72773   72201   0.00    86.47
72778   73219   10.75   59.45
72786   72309   7.67    140.37
72786   73097   9.86    94.20
72806   73560   7.00    102.23
72834   72289   11.88   103.01
72834   72272   5.89    73.33
72837   72778   4.75    22.55
72839   72773   3.00    26.04
72849   72740   7.58    36.79
72866   72574   8.90    95.94
72911   73097   0.00    23.69
72942   73832   8.25    110.80
72954   73842   9.25    108.46
72956   72529   9.00    114.24
72956   73407   3.00    60.61
72969   73533   5.80    79.80
72970   73082   0.00    13.43
72990   72610   6.54    63.17
72990   73930   9.19    128.93
72990   72296   6.54    93.97
72991   73562   10.75   71.70
72991   73212   13.33   64.10
73011   72834   7.25    22.71
73011   73455   10.04   99.24
73082   73223   4.67    23.68
73086   72970   8.14    16.75
73086   73082   2.33    13.65
73097   73495   8.33    50.45
73129   72777   0.00    94.49
73145   72942   10.20   109.85
73148   73729   10.57   80.43
73158   72911   13.29   72.87
73174   72849   9.30    102.67
73181   72604   0.00    104.52
73181   72356   8.29    110.16
73184   73194   0.00    42.00
73190   72990   3.25    29.43
73191   73616   20.00   56.46
73191   72866   12.88   95.90
73194   73766   7.38    74.86
73194   72777   9.65    143.34
73212   73628   0.00    55.42
73212   73616   8.73    127.85
73219   73974   6.40    106.11
73223   73348   8.25    20.60
73223   73347   0.00    14.90
73231   73181   0.00    4.64
73324   73219   0.00    24.95
73324   72938   0.00    47.02
73347   73448   10.00   44.82
73348   73347   2.00    20.73
73360   73145   12.50   109.86
73362   73086   1.00    39.28
73372   72834   7.19    119.76
73374   73190   11.67   26.55
73396   73158   9.20    30.51
73396   73742   10.00   47.54
73407   73936   2.33    77.50
73448   73497   3.00    22.93
73448   73362   3.00    15.03
73455   73800   9.17    98.58
73476   73348   7.38    40.20
73486   74509   10.14   147.06
73495   73956   8.67    63.68
73495   73174   5.37    102.57
73497   73763   4.73    41.02
73497   73362   7.60    21.91
73499   73129   13.20   53.58
73500   73821   6.50    47.14
73533   74344   8.87    130.94
73540   73476   5.83    20.01
73545   73360   9.50    109.86
73545   72666   5.55    109.00
73560   74253   9.64    102.23
73562   73628   3.00    21.67
73562   74317   7.67    102.15
73583   73191   9.00    122.03
73611   73324   10.00   41.63
73616   73996   8.50    122.06
73616   74017   13.20   56.77
73628   74017   12.20   128.78
73658   73499   5.33    40.22
73669   72610   8.65    142.45
73693   73545   8.36    84.79
73729   73540   5.72    48.47
73730   73374   10.60   60.43
73742   73495   9.44    74.25
73742   74158   13.25   60.76
73750   73545   5.50    25.84
73750   74407   13.33   93.49
73763   74109   8.00    60.42
73766   73372   10.83   118.72
73766   73903   7.40    21.72
73767   73192   9.57    86.96
73767   73231   9.43    72.56
73772   72711   0.00    145.75
73772   73730   9.20    10.22
73774   73842   8.91    89.25
73800   73903   20.00   38.19
73810   73231   10.56   87.27
73821   73742   1.00    27.05
73832   74547   10.08   98.76
73832   73658   13.67   49.83
73842   73693   10.50   84.81
73867   74371   10.00   76.53
73867   73772   4.88    48.05
73877   73407   8.57    120.18
73896   73766   8.81    47.91
73896   74042   1.00    22.03
73903   74737   7.96    126.07
73903   74042   11.00   49.37
73904   73832   10.00   44.65
73904   74622   3.00    98.81
73921   73763   10.18   37.34
73930   74783   7.64    129.36
73936   73729   7.26    59.95
73943   73821   0.00    39.38
73956   73583   10.19   122.03
73956   74341   20.00   59.06
73970   73904   3.00    35.02
73974   73943   0.00    9.82
73986   74705   11.20   107.71
73986   73867   5.03    46.76
73987   74045   6.40    51.78
73996   74341   13.71   122.08
74005   73936   10.00   18.87
74005   74496   8.80    78.69
74017   74119   8.67    35.12
74031   74743   6.75    98.49
74031   73970   3.00    41.59
74042   74123   0.00    25.47
74045   74005   6.88    34.18
74051   73476   11.50   77.45
74074   73986   6.67    38.41
74100   74074   10.75   8.85
74100   73011   7.50    145.13
74103   74031   10.00   47.33
74109   73533   5.33    77.67
74109   74379   5.75    46.40
74119   74408   11.00   103.95
74123   74388   12.33   94.35
74128   73974   7.73    54.54
74128   74845   10.35   111.56
74152   73750   8.10    101.70
74158   73956   11.15   73.97
74158   74681   7.43    76.86
74181   73374   9.33    115.95
74184   73896   8.64    98.59
74238   74100   6.75    46.32
74243   73921   6.50    76.79
74253   74128   10.00   44.41
74263   74103   11.00   99.47
74292   74253   8.26    15.93
74317   73810   9.39    87.09
74328   74913   8.14    87.97
74341   74466   3.00    17.00
74344   75099   8.70    130.90
74356   75052   3.00    109.13
74356   74238   2.00    44.65
74362   74045   0.00    77.03
74371   74863   0.00    76.53
74378   73767   8.52    103.87
74379   74437   6.73    9.72
74382   73499   11.20   122.66
74382   74184   4.00    98.07
74388   74615   8.14    110.42
74407   74263   6.88    99.47
74407   74782   0.00    53.33
74408   74724   10.29   104.00
74411   73730   7.00    103.37
74437   74859   5.21    82.09
74458   74382   22.50   39.80
74458   73658   7.40    111.25
74463   74292   7.53    56.90
74466   74724   3.00    40.25
74494   74379   10.00   17.83
74494   74585   0.00    16.71
74494   74437   5.00    19.04
74496   74674   4.25    74.80
74503   74119   7.00    55.94
74504   74328   11.00   84.53
74504   74986   4.17    79.29
74504   74317   11.00   33.83
74509   74463   0.00    10.24
74531   74152   4.43    101.29
74531   73842   9.44    94.22
74547   74698   8.27    22.94
74547   74458   8.84    47.73
74555   74407   11.00   81.01
74556   74356   4.83    56.98
74556   74194   7.29    50.98
74570   74556   0.00    7.37
74577   74657   7.26    142.22
74585   74437   8.86    20.40
74588   74789   12.60   77.77
74588   74123   10.90   67.86
74615   74698   6.83    58.11
74622   74547   2.00    50.23
74624   74051   7.67    77.48
74624   74243   0.00    92.83
74636   73669   11.00   142.45
74636   74509   5.62    51.98
74652   73800   16.67   126.65
74652   74570   8.19    31.26
74657   74531   5.71    40.24
74657   74661   9.25    39.27
74661   74531   0.00    20.09
74661   74555   8.25    81.01
74674   74624   10.00   6.96
74674   74718   4.90    113.31
74681   74466   20.00   75.69
74688   74622   0.00    39.42
74688   73970   3.00    98.84
74698   74851   3.31    119.52
74705   75385   10.50   107.68
74717   74503   0.00    33.82
74718   74494   8.42    113.50
74722   74874   5.67    124.66
74724   74841   1.00    19.66
74725   74542   10.25   108.06
74737   74652   7.00    36.38
74737   75445   8.14    110.07
74743   74688   14.33   46.28
74760   74542   11.50   50.15
74760   75357   8.43    124.77
74776   74503   6.63    95.14
74781   74074   9.29    108.74
74782   75059   0.00    43.64
74783   74636   11.50   53.87
74789   74388   8.17    81.06
74806   74743   14.75   47.99
74806   74103   3.00    99.11
74835   74783   8.57    17.18
74840   74681   7.67    67.18
74840   73943   2.33    135.43
74841   75448   7.59    92.46
74845   75571   12.00   111.56
74851   75019   6.25    119.49
74856   74737   10.00   49.41
74859   75094   6.54    79.75
74864   75404   7.07    77.65
74874   75097   9.00    124.94
74913   74717   10.29   32.81
74923   74588   10.82   56.37
74923   74856   6.00    26.03
74925   74835   9.86    36.28
74925   74181   6.50    115.95
74927   74585   9.11    64.61
74930   74806   8.67    90.25
74933   74238   9.00    108.76
74934   74760   7.00    68.19
74950   74864   2.75    63.57
74951   74378   6.24    103.57
74951   75559   6.50    122.02
74977   74292   9.93    109.09
74986   75521   6.80    79.33
74992   74913   0.00    13.72
74999   74925   7.11    27.50
74999   75641   15.00   97.37
75018   75352   0.00    54.83
75018   74674   3.00    63.76
75019   75092   9.00    45.14
75019   75849   8.44    119.12
75027   74923   7.10    48.78
75040   75122   0.00    34.64
75040   74841   14.60   76.36
75045   74950   5.50    59.10
75052   75756   3.00    109.07
75059   74930   15.25   90.25
75078   74411   9.00    103.37
75078   74999   3.00    26.92
75090   75059   0.00    16.41
75090   74782   3.00    44.81
75092   75172   18.50   53.20
75092   75885   10.25   114.58
75094   75561   7.56    80.53
75094   75099   0.00    5.16
75097   75203   9.56    124.49
75099   75398   3.00    52.14
75100   75576   2.00    83.83
75138   74463   7.00    106.48
75152   75045   0.00    13.51
75153   74717   11.00   102.31
75172   75911   6.60    109.25
75172   75365   10.92   143.00
75183   75027   5.30    75.11
75203   75090   6.00    124.51
75215   75805   10.00   93.94
75215   75078   5.58    45.52
75218   74725   1.00    109.91
75240   74951   4.92    43.68
75240   75099   5.82    50.89
75244   74570   9.09    108.81
75258   74927   10.00   78.01
75263   74927   6.79    55.55
75296   74636   9.23    104.23
75299   75045   9.79    143.18
75316   74992   11.20   47.11
75337   75240   6.14    23.46
75337   75464   3.60    31.39
75350   74615   6.08    114.76
75350   75183   4.79    83.67
75352   75218   0.00    52.62
75357   76085   5.50    126.78
75357   75218   0.00    70.07
75365   75299   5.40    142.79
75385   75215   9.33    59.33
75398   75464   3.00    15.42
75398   75240   7.25    27.34
75404   75539   6.76    20.77
75442   75502   10.00   18.40
75442   74840   10.38   89.92
75445   76107   9.72    110.07
75448   75368   5.33    108.26
75448   75780   10.00   55.07
75464   75728   3.00    48.97
75481   75152   7.33    84.94
75481   75607   10.00   68.23
75485   74835   8.79    100.00
75487   74781   9.60    108.74
75487   75731   10.00   41.98
75487   75385   9.86    34.52
75491   75350   6.56    73.06
75491   74698   10.00   118.96
75502   75571   11.00   36.00
75506   74934   5.50    98.25
75507   75368   14.60   22.54
75507   74992   11.00   110.09
75521   75316   0.00    32.93
75526   75404   5.78    61.36
75526   75539   9.76    53.17
75539   76155   10.00   94.29
75539   75647   4.04    62.47
75559   75521   0.00    6.46
75561   75258   8.29    77.99
75561   75874   8.73    56.11
75570   75263   7.20    77.98
75571   75604   10.00   15.40
75573   75263   5.62    55.76
75576   75834   9.25    82.66
75580   74856   6.75    110.17
75601   75491   6.17    64.71
75604   75696   7.33    43.74
75627   75559   11.00   9.22
75627   75745   5.40    22.09
75641   76204   10.00   97.37
75643   75018   7.33    104.48
75647   75687   6.85    28.31
75647   74950   9.11    99.12
75653   74933   11.00   108.83
75653   75487   9.50    59.73
75687   75726   5.69    31.45
75694   75601   3.75    50.39
75696   74977   10.13   109.23
75696   75769   6.50    36.39
75726   75152   7.95    86.37
75726   75856   5.38    71.58
75728   76271   6.96    111.20
75731   75741   6.50    39.13
75734   76221   0.00    82.53
75734   75694   3.33    28.36
75741   75385   6.00    58.54
75745   75337   5.28    99.81
75755   75027   6.50    112.63
75756   75653   7.69    41.38
75765   75316   10.75   109.68
75765   75507   9.80    42.76
75769   75815   10.00   21.98
75780   75869   0.00    12.23
75805   76344   0.00    93.94
75815   75138   9.67    106.48
75815   75932   10.43   61.21
75822   75734   4.00    80.38
75827   75822   3.00    4.25
75827   75267   3.00    91.24
75828   75573   3.13    46.39
75828   76144   5.33    81.85
75839   75756   5.50    29.14
75839   76307   12.11   84.32
75849   75827   6.00    26.34
75851   75780   3.00    32.82
75856   75897   7.07    30.19
75856   75481   7.00    56.12
75869   76463   9.07    103.74
75869   75765   14.33   107.60
75874   76160   6.50    56.19
75874   75570   0.00    77.98
75877   75573   6.50    78.02
75885   75849   10.27   55.31
75897   76022   7.42    81.96
75903   75839   8.30    29.37
75903   75244   8.29    108.81
75910   75885   5.33    48.01
75910   76242   0.00    73.56
75911   75910   0.00    2.98
75916   75183   9.11    117.47
75923   75107   10.33   127.58
75923   75851   0.00    49.58
75926   75352   7.80    126.50
75926   75828   5.43    19.09
75932   75296   4.25    104.23
75932   75966   0.00    18.15
75941   75911   7.08    30.81
75956   75903   3.00    21.08
75966   76237   0.00    46.75
75966   76080   15.00   53.58
75968   75834   7.56    31.97
75984   75398   6.77    104.23
76022   76027   6.83    129.02
76027   75941   8.40    116.60
76028   75968   4.75    60.69
76028   75506   8.25    98.38
76048   75765   5.00    47.59
76048   75627   5.50    108.78
76073   75502   6.00    97.70
76073   75923   6.80    81.92
76080   75485   16.42   100.04
76080   76161   5.50    38.03
76085   76028   11.00   90.47
76091   75769   5.33    54.44
76095   75352   2.60    120.17
76095   76085   2.60    16.98
76096   75926   5.33    31.93
76106   75350   8.36    123.63
76107   76509   3.00    68.85
76107   75956   11.20   55.23
76144   76429   3.00    81.66
76145   76095   4.67    97.25
76145   76096   3.00    8.56
76155   76215   10.54   90.45
76155   76677   10.25   81.42
76160   75877   0.00    78.02
76160   76310   4.17    30.62
76161   76204   11.00   26.88
76175   76048   1.67    22.62
76175   75745   7.54    108.76
76177   75968   6.50    57.41
76182   76091   7.25    60.43
76204   76344   10.80   74.41
76207   75731   8.67    78.91
76215   76231   8.25    21.90
76221   76663   10.00   81.77
76223   76175   1.00    13.47
76223   76399   0.00    45.23
76229   75580   5.94    110.17
76229   76107   5.13    50.61
76231   75543   7.00    106.97
76231   76247   0.00    21.59
76232   76838   10.25   110.17
76244   76177   0.00    19.97
76244   76398   0.00    30.58
76247   76291   12.17   66.42
76247   76766   20.00   78.02
76248   75491   5.79    128.96
76250   75956   20.00   72.82
76271   76608   0.00    86.68
76271   76864   4.43    102.27
76283   76091   12.20   36.38
76291   75563   5.07    117.40
76291   76414   10.30   42.72
76307   76829   9.55    84.32
76310   76429   11.50   18.59
76310   76552   10.00   63.61
76316   76229   5.50    41.81
76316   76754   10.50   69.32
76332   75834   7.22    121.30
76336   76145   20.00   42.03
76344   76471   12.17   57.81
76377   75601   6.25    133.82
76381   76515   3.00    31.07
76381   75728   9.06    116.59
76396   76096   0.00    81.44
76398   76523   0.00    43.11
76399   75880   0.00    127.01
76405   75687   9.63    114.13
76415   75755   7.17    112.63
76415   76316   3.00    33.45
76417   76469   0.00    24.13
76429   76738   7.14    52.32
76434   75604   10.80   149.79
76463   76526   3.00    10.12
76463   76048   9.56    107.87
76469   76520   3.00    48.62
76471   76615   9.83    63.77
76471   75741   6.50    124.23
76472   76283   5.33    77.31
76484   76415   0.00    26.23
76485   76022   9.06    74.52
76485   76592   0.00    62.01
76487   75694   6.00    137.64
76509   76754   8.67    91.11
76509   77058   9.14    90.68
76515   76232   8.67    53.52
76515   77123   8.69    107.90
76516   76161   3.00    61.74
76520   75822   9.67    112.66
76520   76595   7.40    90.19
76523   76244   7.71    71.42
76524   76283   10.00   38.18
76524   76637   2.00    63.35
76526   76601   8.44    11.27
76526   76583   8.77    33.10
76551   76073   9.80    75.54
76551   76434   0.00    29.12
76552   75984   10.90   104.28
76564   75897   8.36    106.09
76583   75851   20.00   124.85
76583   76651   0.00    46.37
76595   76656   5.75    90.17
76599   76507   0.00    56.38
76599   76551   0.00    8.33
76601   76223   3.69    96.13
76604   76027   9.14    91.45
76608   76399   0.00    31.55
76608   76850   6.50    61.28
76615   76207   8.67    77.28
76615   76709   7.00    40.37
76624   76484   10.00   48.78
76624   75916   9.33    117.47
76643   76309   0.00    52.53
76643   76472   4.60    77.01
76651   76741   3.00    49.26
76651   75923   14.33   124.08
76654   76516   6.67    69.75
76656   75941   9.48    112.60
76677   76763   8.75    91.38
76677   77051   10.00   58.93
76683   76336   0.00    81.55
76692   76524   0.00    25.98
76692   76434   9.44    91.54
76697   76335   6.50    54.44
76697   76643   0.00    21.55
76707   76177   5.11    118.17
76708   76231   3.00    72.81
76708   76766   5.50    21.21
76709   76811   3.00    50.68
76730   77003   3.00    104.03
76730   76523   10.00   43.31
76736   76516   3.00    33.42
76736   76697   0.00    16.84
76738   76396   7.67    81.44
76738   76995   7.00    51.10
76741   76819   12.60   60.81
76754   77247   9.20    85.69
76763   76781   6.50    22.33
76763   76215   10.00   83.23
76766   76848   12.67   36.29
76781   76708   0.00    11.54
76807   76654   9.33    75.22
76811   77237   0.00    72.14
76811   76829   3.00    10.98
76819   76979   7.83    100.34
76819   76599   0.00    36.50
76827   76624   5.13    78.98
76827   76106   11.00   123.40
76829   77058   8.47    104.93
76838   77457   8.60    110.31
76848   76980   20.00   49.67
76848   77376   6.33    83.74
76850   77320   10.00   95.10
76850   77018   6.43    85.39
76855   76601   8.06    53.87
76864   77435   9.00    102.16
76872   76730   0.00    37.43
76872   76336   4.25    97.36
76881   76332   3.83    121.14
76921   76398   2.50    113.05
76931   76872   3.17    11.34
76932   76855   7.40    13.66
76972   76807   7.56    75.21
76972   76615   13.29   59.13
76975   76484   7.25    78.31
76979   76990   0.00    9.61
76980   76414   7.20    88.43
76980   77224   9.00    101.33
76990   77200   5.33    139.17
76990   76692   9.00    49.49
76995   77250   5.50    49.96
76995   76683   0.00    81.47
76996   76469   4.75    88.54
77003   77481   9.33    105.41
77017   76248   11.16   128.96
77017   76827   6.76    71.45
77018   77076   0.00    41.33
77018   76855   0.00    30.44
77035   76741   1.00    49.06
77035   76932   5.33    73.23
77051   77596   7.83    85.60
77058   77247   12.17   87.18
77058   77355   11.00   49.29
77061   76931   6.50    35.72
77076   77585   8.08    112.65
77076   77232   9.10    99.89
77076   76932   0.00    29.46
77111   76656   9.38    70.19
77111   77186   11.09   115.82
77120   76448   10.60   112.71
77123   77547   8.33    74.27
77123   77538   10.06   72.79
77128   77017   5.30    42.07
77149   77251   9.89    132.95
77149   76405   8.71    114.13
77154   76975   0.00    32.79
77161   77035   5.55    77.01
77168   76781   11.13   60.13
77168   77051   7.75    113.11
77170   76520   5.71    101.90
77176   77128   6.50    18.93
77176   76377   5.80    133.81
77178   76381   9.43    138.71
77186   77288   8.78    128.60
77186   76604   7.14    91.45
77200   77541   10.00   55.09
77200   77291   10.75   55.87
77224   77456   10.64   96.41
77224   76612   9.42    104.10
77226   76707   8.57    118.17
77232   77405   7.21    99.89
77243   76709   14.33   87.86
77247   77472   11.78   85.80
77247   77690   0.00    78.13
77250   77511   6.57    49.51
77251   76564   9.52    106.09
77271   76515   5.38    130.53
77278   77176   9.00    34.67
77284   77161   7.33    77.02
77284   76979   11.50   52.45
77288   76485   6.83    122.39
77291   76736   9.22    94.37
77291   77394   7.00    68.69
77296   77061   3.43    60.01
77298   76827   10.45   80.19
77298   76975   7.40    124.09
77300   76552   14.83   132.91
77314   76487   5.90    137.66
77314   77278   7.14    15.70
77315   77780   16.67   81.24
77320   77774   9.11    95.12
77324   77170   9.88    110.38
77324   77788   10.00   74.34
77331   77376   0.00    49.72
77331   76980   0.00    58.69
77355   77575   11.50   40.25
77355   77400   0.00    33.93
77372   76865   1.00    78.50
77372   77324   7.67    30.56
77376   77415   10.50   45.90
77381   77251   10.00   19.26
77394   77452   0.00    38.40
77394   76654   7.47    123.65
77405   77536   15.73   77.43
77414   77481   5.00    128.08
77414   76931   5.40    103.62
77415   77168   6.50    37.99
77421   76921   6.40    113.09
77423   77314   16.67   38.57
77435   77995   8.22    102.16
77438   77372   10.60   53.85
77438   77111   17.88   50.20
77452   77507   10.00   41.95
77456   77618   8.77    63.51
77456   77757   9.88    50.20
77457   78057   9.00    110.31
77469   77575   20.00   63.11
77472   77581   11.20   48.97
77472   77898   11.00   76.07
77481   77833   10.60   82.53
77504   77250   10.00   73.37
77504   77300   8.93    36.92
77507   77601   6.50    74.35
77507   77129   0.00    59.00
77511   77296   10.00   54.24
77511   78038   6.80    90.61
77521   77170   2.50    55.29
77521   77654   13.67   52.27
77536   77661   8.36    77.43
77538   77909   8.25    70.89
77541   77284   7.64    149.67
77547   77271   8.50    91.90
77547   77905   4.00    64.36
77550   77423   8.10    53.10
77550   76996   8.33    89.57
77575   77910   0.00    58.20
77581   77350   1.00    41.73
77581   77724   12.50   53.58
77585   78001   11.18   101.52
77596   78165   9.09    91.68
77596   77719   9.40    113.53
77599   77128   8.60    80.20
77601   77671   8.86    46.29
77601   76972   9.00    108.78
77608   77271   3.00    62.01
77608   77300   12.33   106.56
77618   77780   3.00    57.06
77618   77143   3.13    80.63
77661   77779   4.25    81.46
77665   77541   6.44    82.62
77669   77848   0.00    35.06
77671   77710   11.50   21.96
77674   78014   3.60    52.46
77674   77596   7.00    85.37
77681   77674   0.00    6.38
77681   77149   8.82    83.89
77686   77186   6.50    77.05
77686   77758   11.75   128.54
77690   78132   8.67    78.37
77710   77910   10.73   139.23
77710   77243   9.00    86.94
77719   77810   12.05   76.11
77719   77415   9.96    49.96
77723   77414   3.00    102.29
77724   77298   11.50   74.47
77724   78065   8.29    117.10
77731   77550   9.08    69.59
77731   77521   14.33   35.84
77739   77226   10.67   118.18
77739   76998   6.50    121.03
77747   77278   10.00   83.32
77748   77681   7.63    100.98
77757   78056   4.40    44.53
77757   77696   1.00    49.12
77758   77288   9.83    77.32
77758   77748   8.53    100.95
77774   77585   8.17    82.69
77774   78096   2.50    62.92
77779   77920   5.86    81.46
77780   78094   9.00    53.95
77780   77967   11.50   48.82
77791   77665   8.44    82.65
77791   77452   9.20    57.30
77810   77331   9.80    80.76
77810   77895   8.25    72.51
77833   78448   4.17    138.89
77833   77723   0.00    100.76
77834   77608   10.00   40.59
77834   78455   14.60   117.80
77848   78372   0.00    126.27
77876   77061   10.00   135.86
77890   77739   3.00    38.13
77892   77423   5.86    83.19
77895   77926   0.00    20.31
77895   78169   9.00    59.49
77896   77833   22.80   99.87
77896   77421   12.60   113.01
77905   77608   10.60   92.57
77905   78328   9.57    78.41
77906   78842   0.00    147.17
77909   78310   3.60    76.26
77910   78298   10.75   71.17
77910   78132   10.00   84.28
77913   77731   11.00   71.03
77920   78049   4.50    76.81
77924   77791   6.57    80.40
77926   77224   6.73    119.98
77926   77961   11.50   24.66
77954   77661   8.60    50.86
77961   78056   7.73    119.01
77967   78129   11.00   44.48
77967   77370   8.00    121.08
77976   77438   6.38    85.29
77995   78036   10.00   19.89
77995   77774   14.33   93.27
77995   78172   9.83    35.55
78001   77405   6.56    100.21
78001   78063   15.00   27.50
78003   77848   0.00    107.92
78019   77296   4.75    121.39
78029   77890   0.00    58.09
78029   78321   11.50   60.62
78029   77896   3.00    27.27
78036   78046   0.00    6.94
78038   78802   7.80    134.07
78042   77686   7.43    55.30
78042   77976   10.00   115.79
78043   77550   3.00    83.04
78046   78127   1.00    27.54
78046   78057   0.00    30.72
78049   78154   5.21    76.81
78057   78127   0.00    15.75
78058   77924   4.50    80.40
78058   77671   12.00   63.43
78063   78244   8.89    126.13
78063   78703   4.88    102.77
78065   77599   9.00    80.20
78079   78200   9.00    64.90
78082   77954   0.00    81.59
78093   77768   0.00    50.81
78093   77913   5.64    84.55
78094   78471   9.00    63.12
78094   78024   12.50   43.84
78096   77947   0.00    41.91
78096   78303   1.00    40.60
78127   78220   0.00    24.12
78129   77607   10.60   123.33
78129   78418   11.50   67.76
78132   78203   6.50    29.18
78154   78272   6.73    75.64
78159   78038   7.67    68.66
78159   77504   8.06    123.58
78165   78225   0.00    9.72
78165   78319   8.74    134.47
78169   77961   8.25    68.65
78169   77926   10.00   43.55
78172   78740   7.80    101.39
78176   78003   20.00   106.98
78176   78545   6.50    81.92
78196   77976   5.42    37.79
78196   78093   6.50    55.23
78200   77890   5.13    63.40
78200   78321   18.14   60.48
78203   78436   8.23    81.87
78203   78516   2.50    49.41
78210   77920   20.00   51.45
78210   78082   5.00    81.59
78220   78310   0.00    26.61
78225   78300   5.33    115.87
78225   78992   9.89    139.51
78225   78862   8.38    96.38
78238   78065   6.75    54.78
78238   77747   12.29   83.32
78244   77954   7.80    50.06
78244   78483   8.45    110.00
78248   77538   3.75    130.07
78256   78172   0.00    24.62
78256   78036   3.00    41.99
78259   77731   9.55    91.56
78264   77834   0.00    115.44
78272   78405   5.71    75.64
78290   78220   7.67    13.49
78298   78058   6.88    148.43
78300   78070   6.50    39.17
78300   78357   15.00   87.55
78302   78372   0.00    33.71
78303   78555   8.75    45.58
78303   78740   8.25    100.25
78310   78388   20.00   12.14
78319   78479   8.43    130.14
78321   78394   6.50    31.53
78328   78805   4.67    78.45
78337   78354   2.33    83.53
78337   77758   9.43    91.16
78354   78955   3.00    89.78
78357   78417   10.75   87.55
78371   78238   4.75    53.86
78371   77892   9.00    83.19
78372   78551   5.50    78.40
78384   79187   10.00   123.68
78387   77724   9.44    113.99
78387   78598   7.67    76.25
78388   78290   11.50   26.45
78394   78448   11.00   23.51
78405   78531   10.71   42.61
78411   78056   10.00   61.19
78417   78337   0.00    10.87
78418   77761   7.56    143.26
78436   78638   0.00    81.87
78448   78545   3.00    45.91
78454   78298   5.44    79.20
78455   79128   6.67    118.63
78471   78411   9.00    55.66
78479   78536   8.86    39.98
78479   78169   9.00    48.91
78483   78664   7.63    52.86
78483   79026   7.25    105.75
78487   78118   4.00    78.69
78487   78946   8.50    97.91
78512   78065   4.67    75.69
78516   78454   10.50   43.94
78524   78371   5.80    53.35
78524   78043   10.29   83.04
78531   78704   8.10    56.48
78532   77913   10.00   96.96
78532   78259   21.29   94.34
78536   78654   6.50    52.08
78545   79320   0.00    134.61
78545   78583   0.00    19.73
78551   78676   0.00    66.48
78551   77876   7.40    132.97
78555   78703   8.20    72.06
78562   78300   3.00    38.22
78578   78718   0.00    91.06
78583   78176   18.00   76.06
78583   78764   6.88    86.98
78599   78808   3.00    30.64
78599   78532   7.67    36.04
78614   77909   7.00    124.74
78614   78726   3.00    31.25
78617   78454   1.00    30.83
78633   78290   8.33    61.31
78633   78981   19.20   97.31
78634   79338   7.67    111.48
78638   78975   9.20    117.37
78638   78387   11.50   42.66
78648   78516   2.56    81.53
78653   78196   8.84    70.42
78653   78599   6.43    105.60
78654   78702   7.80    125.45
78654   78671   3.00    17.79
78664   78210   6.50    74.89
78664   78675   0.00    3.18
78671   78702   4.75    22.57
78671   79401   8.90    121.30
78675   79240   9.00    143.13
78676   78802   33.67   48.44
78676   78019   5.50    120.35
78698   78524   6.75    69.69
78698   78259   6.47    73.44
78702   78717   14.33   7.31
78703   79285   5.45    92.72
78704   78798   0.00    23.39
78704   78617   2.00    23.49
78717   78739   6.50    29.93
78718   78246   4.54    138.33
78721   78154   3.00    92.76
78726   78388   8.91    95.16
78726   78981   6.00    65.03
78729   78653   13.29   113.51
78729   78042   13.33   108.47
78739   78411   8.67    49.79
78739   78991   7.80    73.99
78740   78990   8.50    43.78
78756   78471   4.75    54.58
78756   78129   10.33   130.77
78764   78943   6.50    86.93
78798   78885   10.00   27.16
78802   78921   7.25    60.59
78805   79042   9.33    82.31
78805   79302   3.75    90.59
78808   78840   0.00    74.77
78808   79433   4.33    100.16
78812   78648   11.50   81.53
78812   78638   1.00    25.18
78829   79169   9.91    116.57
78840   79321   0.00    78.96
78842   79407   0.00    91.17
78842   78946   1.00    34.79
78843   79549   8.75    133.16
78843   78675   0.00    26.95
78860   78394   4.00    82.66
78862   79496   7.33    103.41
78885   78617   12.23   49.10
78885   79318   5.88    136.49
78893   78729   11.50   25.27
78893   78955   10.00   53.84
78894   78487   5.33    84.90
78920   78862   10.90   143.54
78921   79118   10.00   91.74
78921   78159   7.18    135.46
78943   79121   8.67    90.11
78946   79220   9.83    92.89
78947   78703   10.78   112.20
78947   78244   5.86    113.19
78955   78985   10.00   78.26
78956   78418   6.63    110.84
78956   79278   6.50    69.08
78962   78264   3.50    117.38
78962   79128   9.00    58.09
78966   78583   0.00    59.90
78966   79108   10.00   74.93
78974   78405   7.20    90.82
78975   78512   13.25   75.69
78981   79324   10.00   67.20
78981   79138   6.50    76.95
78985   78920   7.33    143.55
78985   78417   8.36    86.28
78989   78319   5.75    99.64
78990   79440   7.31    84.16
78990   78555   9.67    104.05
78991   79363   11.20   73.43
78991   78756   11.00   53.27
78992   79439   7.14    79.75
78998   78718   3.00    43.04
78998   78851   3.00    90.62
79003   78975   0.00    5.07
79003   78812   8.81    118.83
79015   78947   0.00    38.51
79015   78706   0.00    49.23
79026   79092   0.00    12.48
79042   79183   10.00   64.25
79042   78248   5.50    131.04
79052   78514   8.00    83.20
79092   79015   5.33    34.79
79092   79215   0.00    25.00
79093   78990   0.00    25.46
79093   78256   16.67   147.52
79094   79003   11.54   54.90
79094   78238   8.80    141.34
79104   78531   8.00    92.88
79104   78974   13.71   42.12
79108   79328   10.00   75.66
79118   78962   2.00    30.31
79121   79288   11.00   90.11
79128   79146   20.00   6.40
79138   79276   1.00    76.93
79140   79280   8.67    89.44
79146   79746   3.00    114.05
79146   79302   2.50    57.11
79150   78536   9.38    103.91
79150   78989   9.00    120.70
79158   78698   8.00    76.36
79169   79393   0.00    44.03
79169   79052   0.00    25.11
79176   79094   0.00    55.12
79176   78371   9.20    132.73
79183   79324   9.40    71.24
79183   78614   9.86    92.41
79187   79917   3.00    123.47
79199   79042   1.00    23.24
79215   79532   6.63    106.59
79220   79476   18.43   92.89
79231   79796   10.86   105.30
79240   79272   14.33   12.76
79243   79383   11.00   83.95
79243   78717   3.00    87.35
79260   78653   7.45    92.47
79261   79176   11.50   54.48
79261   78524   8.13    124.25
79272   78721   6.50    92.74
79272   79350   10.33   35.63
79276   79093   12.60   51.74
79276   78633   6.44    117.44
79278   78894   6.50    84.90
79278   79476   0.00    41.14
79280   79376   9.80    57.66
79280   78998   10.00   47.07
79285   79828   5.33    92.68
79288   78921   10.40   68.97
79290   78631   10.00   103.29
79302   79426   8.63    86.69
79302   79553   11.20   47.70
79318   79403   4.43    40.60
79318   78812   7.89    88.36
79320   79338   2.50    28.64
79321   79158   5.50    102.15
79324   79520   10.50   106.60
79328   78943   3.00    74.23
79330   79104   12.00   74.56
79330   78798   6.00    91.35
79338   79376   7.44    33.87
79350   79411   20.00   56.29
79363   79743   6.13    79.96
79363   78956   7.83    88.28
79367   79320   3.00    45.56
79367   78966   10.00   66.79
79371   79261   8.42    69.26
79371   79158   11.50   37.18
79376   78860   0.00    83.96
79376   79760   2.00    70.38
79383   79855   6.43    85.31
79383   79754   0.00    68.43
79401   80081   2.60    121.30
79403   79014   1.67    67.74
79403   79627   5.09    112.31
79407   79941   0.00    90.79
79411   79464   5.33    63.82
79426   79529   3.00    86.64
79429   78843   1.00    106.76
79433   79321   13.33   74.06
79433   79653   0.00    37.90
79439   79847   6.22    79.64
79440   79912   8.17    85.27
79461   79525   0.00    12.20
79464   78974   7.36    85.82
79476   79837   4.25    73.12
79482   80006   5.80    88.13
79482   79430   0.00    25.85
79484   79464   0.00    4.28
79484   79737   11.17   44.79
79496   80059   9.94    91.66
79506   79743   3.00    55.61
79510   79371   10.00   93.37
79520   79710   7.63    106.60
79525   79482   5.63    13.83
79529   79741   8.27    118.29
79532   78947   13.33   101.73
79532   79828   6.50    125.53
79540   79496   9.86    83.45
79540   79217   0.00    53.80
79547   79751   9.00    82.50
79549   80063   13.83   131.39
79550   78992   9.67    92.08
79553   79896   9.00    63.93
79554   79330   9.36    81.06
79566   79026   10.75   91.15
79567   79256   0.00    51.00
79567   79540   7.43    60.36
79578   80162   8.33    106.27
79590   79275   0.00    50.99
79590   79567   5.33    59.27
79618   78985   8.00    103.94
79618   79590   10.00   83.51
79627   79791   4.42    84.40
79627   79237   5.00    72.87
79627   80160   7.00    94.79
79636   79328   6.50    58.35
79636   79367   7.92    141.66
79653   79510   10.00   93.37
79656   80358   2.20    126.14
79672   79215   0.00    77.66
79680   79569   0.00    50.84
79680   79288   8.20    74.35
79692   79243   7.20    81.29
79703   79525   5.80    75.27
79709   79226   6.61    135.73
79710   79276   14.45   77.18
79711   79553   8.50    90.28
79720   79958   3.00    125.29
79721   78893   6.14    136.15
79737   80344   7.43    104.84
79741   79979   4.75    118.29
79743   80105   8.43    70.31
79743   80273   4.88    112.65
79744   79150   8.65    103.84
79746   80399   9.14    114.05
79751   80092   14.33   83.94
79754   80273   6.75    88.89
79754   79363   5.33    90.64
79760   80017   8.03    71.56
79762   79330   6.63    80.80
79762   79897   0.00    47.38
79764   79318   5.13    83.46
79764   79554   9.65    80.84
79791   79969   5.59    84.32
79796   79636   10.60   70.26
79804   79653   3.00    102.75
79804   79260   4.67    92.47
79816   79709   11.17   23.47
79816   79866   9.71    42.33
79821   79350   9.22    81.79
79828   80098   6.38    43.29
79828   79912   20.00   32.19
79831   79974   0.00    77.39
79837   79442   6.40    144.72
79847   78989   7.18    141.46
79855   80363   5.50    85.31
79866   79889   3.00    22.45
79866   79052   3.00    136.48
79880   79529   10.00   61.12
79880   79711   6.50    90.25
79887   79703   4.67    75.28
79887   80345   10.00   73.49
79889   79904   0.00    7.52
79893   80011   9.30    128.33
79893   79768   0.00    20.18
79896   80217   4.43    60.54
79904   79290   20.00   103.05
79904   79917   0.00    13.44
79911   79710   15.00   31.92
79911   79979   9.50    59.67
79912   80079   10.25   27.20
79917   80540   0.00    99.11
79917   79938   3.00    13.26
79921   79721   8.00    134.51
79921   79618   11.00   49.74
79926   79775   8.60    88.25
79926   79760   0.00    35.16
79929   79837   0.00    31.75
79938   79941   0.00    0.95
79941   80178   6.25    81.78
79958   79804   20.00   23.00
79964   79926   5.33    7.05
79969   80006   2.33    23.77
79970   79764   10.00   75.90
79979   80119   6.73    136.09
79989   79721   3.00    42.89
79989   79804   15.00   110.82
79990   79411   10.00   99.28
80004   80701   10.86   109.40
80004   79911   5.62    70.68
80006   80120   4.29    51.15
80011   80059   1.00    81.41
80011   80306   0.00    45.64
80017   80165   9.93    40.22
80017   80668   10.00   113.19
80018   79796   8.70    111.75
80018   79680   3.00    62.93
80021   79880   8.86    76.81
80021   80180   8.67    148.62
80023   79887   8.55    53.19
80033   79929   3.00    55.79
80059   80454   7.80    59.45
80059   80103   10.38   73.85
80063   80095   0.00    35.63
80063   79429   9.20    108.09
80078   79816   8.22    54.40
80078   79866   0.00    34.13
80079   80004   6.83    46.46
80079   80241   10.50   27.87
80081   80024   3.00    21.87
80081   80531   1.00    76.09
80084   79240   8.25    141.96
80092   79709   4.57    93.39
80092   80702   5.80    124.95
80095   80107   7.20    14.44
80098   80079   0.00    12.39
80098   80176   0.00    13.54
80100   79484   7.25    111.01
80103   79550   8.53    92.08
80103   80145   10.00   27.43
80105   80033   3.00    14.10
80107   80124   10.00   22.65
80107   79566   6.38    91.15
80119   80021   11.00   39.33
80119   80297   0.00    31.65
80120   80345   5.57    111.60
80124   80129   2.00    17.16
80124   80190   0.00    18.37
80129   79672   10.00   77.31
80145   80237   9.08    62.46
80145   80614   9.30    73.17
80146   80151   1.00    34.34
80146   80063   0.00    18.39
80148   79958   3.00    30.51
80150   80237   10.00   31.94
80150   79847   10.50   47.33
80150   80426   8.22    40.74
80151   80157   3.00    12.96
80157   80095   10.00   9.73
80157   80190   5.50    52.42
80158   80081   0.00    29.02
80158   79692   8.25    81.29
80160   80621   8.19    77.96
80160   79970   9.89    75.87
80162   80018   8.15    59.54
80165   79831   0.00    81.19
80165   80511   8.78    103.10
80168   80176   8.67    38.19
80168   80293   0.00    24.60
80168   80098   9.59    36.96
80173   79893   0.00    45.01
80176   80241   0.00    11.19
80178   80567   10.00   83.64
80180   79896   8.20    147.84
80190   80245   0.00    77.39
80191   80710   4.40    109.58
80191   79964   8.67    51.50
80198   79989   8.50    135.38
80198   79921   9.20    45.53
80213   80084   0.00    23.88
80213   80146   10.75   76.47
80217   80580   7.00    61.92
80223   79762   8.24    82.09
80234   79532   10.00   118.43
80234   80168   0.00    66.46
80237   80401   0.00    24.95
80241   80792   4.61    85.09
80241   80293   3.00    34.83
80245   80234   0.00    77.34
80255   80515   7.43    73.63
80255   79977   2.33    61.06
80273   80543   10.00   75.85
80273   80592   10.80   72.02
80287   79737   10.75   98.18
80291   80301   3.00    55.76
80291   80151   0.00    22.78
80293   80361   0.00    49.49
80297   81024   6.36    111.91
80297   80500   8.73    127.42
80299   80078   2.33    46.33
80301   80379   20.00   55.33
80306   80173   1.00    126.57
80312   80084   0.00    47.05
80312   80213   4.43    39.46
80316   79964   11.50   82.83
80317   80150   0.00    33.79
80317   80364   2.33    33.00
80324   80312   0.00    3.69
80324   79821   7.67    81.79
80327   79764   8.43    97.11
80327   80184   15.00   51.71
80328   80173   1.00    23.48
80328   80198   8.06    72.70
80344   80223   10.00   19.04
80345   80460   6.37    48.28
80357   80291   7.50    89.29
80357   80512   0.00    113.19
80358   80162   10.93   48.46
80361   80414   20.00   71.92
80363   80158   3.00    81.37
80363   81074   4.75    116.12
80364   79744   8.88    103.52
80370   80148   4.67    124.70
80378   80299   3.00    15.01
80379   80875   8.00    126.41
80388   80160   7.91    83.82
80399   81062   7.22    114.05
80401   80426   0.00    12.52
80405   80255   0.00    75.87
80405   79977   13.25   73.62
80414   80357   0.00    77.29
80426   80317   9.88    25.68
80426   80924   9.22    77.16
80454   80674   11.50   35.80
80454   80306   0.00    83.54
80460   80635   5.33    90.61
80460   81226   8.38    126.03
80466   80223   11.00   80.52
80468   79904   20.00   88.71
80468   80378   0.00    17.72
80474   80191   8.00    54.38
80476   80217   9.50    116.47
80496   80524   0.00    28.36
80496   80299   20.00   35.44
80500   80701   8.33    127.42
80504   80328   11.50   105.22
80511   80840   8.36    102.73
80512   80414   0.00    17.13
80515   80992   7.43    101.15
80515   80092   10.75   96.54
80524   80563   0.00    7.82
80531   81010   8.82    76.09
80540   80650   0.00    17.17
80540   80468   0.00    17.77
80543   80363   4.67    74.37
80563   80468   3.00    16.94
80563   80650   0.00    17.82
80567   80727   0.00    30.75
80567   80839   6.50    53.26
80578   80370   9.64    124.70
80580   81140   5.85    93.39
80588   80974   1.00    57.88
80591   79969   5.88    108.45
80591   80388   9.41    83.74
80592   80105   8.78    101.45
80592   81094   8.10    98.77
80608   80324   10.15   64.20
80608   79990   11.50   99.25
80614   80454   8.60    104.00
80614   80830   10.00   31.15
80621   80784   0.00    26.76
80630   80540   1.00    17.86
80635   80707   4.63    30.38
80640   80580   4.25    23.49
80650   81435   10.00   124.66
80650   80760   0.00    20.55
80664   80466   10.75   80.45
80664   80327   11.50   57.05
80668   80801   0.00    29.79
80668   80737   0.00    25.36
80670   80878   1.00    43.04
80674   80504   10.93   105.18
80675   80379   11.00   47.38
80688   80578   10.00   59.02
80701   80792   8.00    58.42
80702   80744   0.00    19.56
80707   80841   4.03    59.61
80707   80148   5.18    86.66
80709   80291   10.60   65.96
80710   81297   10.00   110.20
80727   80839   5.50    57.66
80737   80316   11.78   83.79
80744   80496   3.00    56.62
80751   80033   10.25   148.18
80751   80592   4.67    54.56
80752   80100   5.33    111.22
80752   80608   0.00    30.31
80760   81042   0.00    44.66
80768   80405   0.00    64.27
80768   80352   6.50    140.10
80770   80814   3.00    79.75
80770   80476   10.00   117.15
80777   80688   7.38    53.26
80777   80911   1.00    23.95
80784   81048   10.00   86.10
80784   81087   11.67   48.10
80790   80120   8.85    114.32
80790   80591   8.62    74.19
80792   80930   7.41    83.91
80792   81528   2.96    113.28
80798   80777   8.50    39.31
80801   80843   0.00    14.51
80803   80301   5.50    78.00
80803   80709   0.00    54.60
80814   80640   0.00    80.05
80830   80674   8.14    103.85
80839   80751   10.00   57.84
80840   80915   7.89    40.09
80840   81084   12.60   52.11
80841   81355   5.50    81.16
80841   81041   4.56    91.34
80843   81315   11.60   136.02
80844   80737   3.00    18.86
80844   80801   10.00   34.96
80845   81040   11.50   48.52
80845   80344   9.00    95.04
80846   81354   3.00    143.50
80846   80344   6.88    125.46
80849   80803   10.50   27.58
80860   80664   31.18   68.56
80868   80702   0.00    28.24
80868   80744   0.00    18.43
80870   80287   6.50    98.13
80870   80752   1.00    23.70
80872   80621   0.00    87.74
80875   81192   7.25    67.76
80875   80675   20.00   114.52
80878   81410   13.71   86.74
80878   81408   13.25   99.98
80895   80849   2.00    25.97
80895   80675   0.00    32.81
80900   80860   0.00    13.64
80900   80541   0.00    57.84
80908   80630   4.88    53.90
80908   80727   9.00    70.83
80908   81042   20.00   29.86
80911   81498   7.35    90.55
80911   80832   8.25    25.10
80915   81078   7.21    57.21
80918   80832   10.20   52.91
80924   81053   6.75    18.51
80924   80830   12.35   87.25
80930   81049   4.71    69.19
80930   80361   3.00    89.28
80936   81453   15.00   79.56
80943   80895   0.00    33.93
80957   80358   8.72    102.87
80974   80770   7.25    132.88
80979   80924   4.43    44.22
80979   81053   8.52    46.04
80992   81374   4.67    99.77
80994   81074   7.60    79.03
81010   80979   6.05    32.71
81023   80790   8.95    86.55
81023   80684   11.00   56.57
81024   80974   10.00   28.67
81024   81728   9.44    113.41
81029   80591   10.33   71.03
81033   80845   8.25    57.52
81033   80870   6.00    34.16
81034   80846   13.20   42.21
81034   80664   9.41    58.81
81035   81254   0.00    36.36
81040   81247   11.50   65.57
81041   81123   5.78    37.72
81042   81439   7.67    73.55
81045   80158   6.58    144.37
81045   81010   5.50    30.12
81048   81319   20.00   85.42
81049   81176   9.57    79.99
81049   80512   10.86   82.18
81053   81132   1.00    14.88
81053   80924   6.75    18.51
81053   81281   5.56    51.61
81062   80957   9.77    52.23
81065   80918   8.48    82.11
81074   81100   5.40    34.28
81078   81215   6.37    31.59
81078   80517   7.25    87.17
81084   80915   10.00   24.63
81084   81729   10.65   114.53
81087   80900   14.33   69.43
81087   81111   8.25    3.95
81094   81375   8.00    89.03
81094   80994   7.32    79.15
81100   81045   7.05    51.89
81103   81197   11.50   103.38
81108   80943   11.50   92.62
81111   81253   10.00   47.01
81111   81446   9.00    55.67
81123   81240   5.00    51.64
81128   81024   11.50   60.81
81132   81103   5.88    41.25
81140   81581   12.20   76.69
81140   81062   6.50    58.53
81153   81033   2.00    25.25
81176   81311   10.00   79.98
81180   80868   20.00   49.04
81182   81638   6.50    148.27
81182   81034   0.00    31.47
81192   81276   0.00    14.72
81192   81108   9.00    46.92
81193   81132   5.50    22.39
81193   81279   1.00    55.08
81197   81303   0.00    103.38
81210   81065   10.00   82.12
81210   81396   0.00    31.30
81214   80789   11.78   138.77
81214   80768   0.00    73.88
81215   81373   11.00   31.53
81215   80822   0.00    63.61
81226   81023   6.61    77.18
81226   81384   7.86    23.81
81228   81100   6.75    135.76
81240   81740   9.33    87.73
81240   80578   8.00    99.61
81240   81370   3.91    57.87
81247   81153   0.00    17.76
81247   81361   0.00    22.76
81254   80768   9.50    139.60
81254   81620   0.00    65.68
81276   81153   0.00    26.24
81276   81361   0.00    18.54
81278   81315   0.00    148.02
81278   80843   0.00    64.05
81279   81103   0.00    28.03
81281   81193   3.75    31.57
81297   80844   1.00    66.98
81297   81452   0.00    49.45
81303   81394   3.00    103.38
81310   81281   0.00    19.76
81310   81210   12.69   60.28
81311   80709   8.82    90.32
81311   81397   9.83    51.72
81313   81140   8.38    81.96
81313   80640   9.43    99.84
81314   81029   3.00    109.52
81315   81729   11.14   82.35
81318   81604   6.50    106.93
81319   81029   3.00    47.04
81333   81279   0.00    45.54
81335   81128   10.75   126.44
81343   80957   9.92    59.84
81355   81812   6.50    81.16
81360   81247   3.00    24.19
81360   81438   10.50   27.61
81361   81481   0.00    20.47
81361   81438   10.00   20.93
81367   81310   5.57    36.69
81370   80688   10.00   103.09
81370   81425   7.00    32.86
81373   81343   15.00   18.10
81373   81540   5.92    38.56
81374   81180   0.00    41.04
81374   81493   3.25    25.21
81375   81228   3.00    135.78
81375   81495   7.20    35.45
81384   81791   6.89    71.73
81390   80860   11.00   85.68
81390   81182   11.50   41.02
81394   81495   11.50   100.32
81396   81367   4.93    32.65
81397   81432   11.50   29.48
81405   80563   11.50   131.57
81408   81674   10.75   97.38
81417   81481   0.00    50.80
81418   81441   0.00    41.33
81425   81498   3.42    35.22
81432   81526   10.40   59.80
81432   80849   0.00    90.31
81435   82028   10.00   121.03
81438   82030   4.40    125.85
81439   81754   26.14   68.38
81439   81478   10.00   136.35
81441   80635   5.92    129.74
81444   81390   0.00    14.64
81446   81789   10.20   59.67
81452   81674   20.00   41.44
81452   81278   0.00    29.39
81453   81313   11.75   91.50
81460   81333   10.00   95.48
81462   81396   4.83    58.58
81472   81314   10.75   64.54
81478   81375   4.00    133.14
81478   80908   7.45    113.84
81481   81785   1.00    50.10
81482   81128   0.00    55.35
81495   81566   9.33    90.77
81495   81672   2.00    38.32
81498   81544   3.00    21.14
81526   80943   6.50    90.13
81526   81647   4.43    86.03
81527   81756   10.50   90.10
81528   81654   5.92    89.87
81528   81335   8.86    126.44
81528   82236   4.50    112.82
81531   81254   8.50    81.15
81535   81462   5.06    58.35
81535   81556   6.33    60.53
81540   81343   9.39    34.11
81540   81581   7.56    82.76
81544   81630   4.00    36.69
81550   81041   9.57    84.48
81551   81180   3.00    60.55
81555   81791   10.00   92.39
81556   81544   7.69    48.00
81556   81624   10.00   15.71
81556   80918   11.44   99.31
81566   81478   11.50   19.19
81566   81648   7.71    106.97
81574   81462   7.40    77.55
81574   81367   3.00    37.19
81580   81453   8.87    82.93
81581   81857   6.03    100.98
81591   81460   8.00    95.48
81591   82153   7.00    86.56
81599   81441   8.20    26.28
81599   81384   11.63   91.39
81604   81319   5.33    49.15
81609   81535   4.90    33.83
81620   81781   0.00    28.48
81620   81214   10.60   139.08
81624   81609   5.29    17.19
81624   81682   10.00   14.72
81630   81624   4.00    25.38
81630   82197   8.50    92.52
81630   81682   7.40    35.90
81636   81397   11.50   103.57
81636   81311   10.00   53.68
81638   81354   0.00    63.55
81647   81785   16.67   82.96
81647   81108   10.00   90.49
81648   81754   13.20   80.74
81648   82271   12.50   105.49
81653   82181   3.38    121.94
81653   81444   3.00    48.53
81654   81797   4.25    89.86
81655   81446   0.00    82.51
81662   81781   3.00    148.13
81662   81214   10.00   79.82
81667   81662   10.22   116.81
81670   81624   0.00    19.98
81670   81609   3.00    11.98
81671   81566   8.00    25.45
81672   82022   10.33   53.52
81672   81671   1.40    61.36
81682   81715   0.00    16.64
81697   81574   10.92   91.21
81698   81527   0.00    92.74
81715   81792   3.71    32.69
81715   81670   1.00    10.30
81726   81394   7.14    61.49
81726   81591   8.83    112.94
81728   82423   7.58    111.26
81728   81580   9.25    106.12
81729   81756   0.00    4.19
81731   81806   0.00    38.99
81734   81410   4.75    123.41
81740   82277   8.76    87.69
81754   82028   6.40    83.49
81754   82460   1.67    111.26
81756   82090   10.60   54.91
81767   81995   5.40    105.39
81767   81540   12.71   68.47
81773   81925   0.00    53.54
81781   81846   0.00    54.08
81785   82030   9.00    127.13
81785   82485   7.56    112.81
81789   81653   11.00   27.66
81791   82323   8.00    88.91
81792   82293   10.50   84.54
81797   81926   9.00    70.87
81806   82004   3.00    103.63
81806   81531   0.00    81.14
81812   82298   10.00   80.53
81812   81599   9.00    89.97
81821   81444   7.88    127.06
81846   81620   0.00    54.73
81848   81333   10.00   83.32
81848   81697   7.14    91.21
81857   82168   4.63    101.12
81913   81604   6.50    50.58
81913   81655   1.00    82.51
81916   81638   0.00    53.31
81916   81821   11.50   24.04
81918   81789   11.50   24.31
81921   81773   0.00    22.60
81925   81314   10.00   101.11
81926   81605   5.50    49.25
81926   82033   3.00    62.37
81928   81728   10.56   104.59
81959   82123   11.00   59.47
81976   81405   10.67   127.09
81976   81551   20.00   88.42
81983   81425   6.41    91.14
81995   82289   6.17    106.17
82001   81916   0.00    23.92
82001   81360   20.00   139.46
82002   81580   6.50    76.06
82004   81846   5.18    32.32
82014   82437   6.27    72.72
82022   81671   4.06    57.29
82022   82502   4.75    91.06
82024   81848   7.14    96.78
82028   82556   6.40    135.70
82030   82413   6.75    93.08
82033   81636   8.25    58.63
82033   82176   9.83    95.10
82066   81812   11.00   89.94
82066   81550   7.27    84.49
82074   82486   5.50    73.78
82074   81792   9.86    103.10
82074   81574   6.40    80.91
82087   81599   10.50   80.49
82089   81928   4.25    104.53
82090   82404   4.75    59.12
82090   81698   7.25    123.57
82093   81848   10.00   36.43
82094   81698   0.00    61.87
82094   81734   4.75    114.81
82123   81734   11.50   62.17
82123   82371   7.00    94.75
82127   82014   11.50   115.70
82143   82323   7.25    76.82
82153   82024   9.56    96.72
82166   81918   10.83   53.16
82168   82427   5.00    101.12
82176   82306   9.67    95.12
82181   81821   6.71    73.76
82197   82710   9.65    92.65
82236   82089   9.07    104.50
82236   82921   4.03    111.15
82240   82127   3.00    115.70
82240   82391   0.00    97.06
82244   82240   0.00    2.96
82245   81925   11.20   54.95
82245   81913   6.00    115.64
82250   82153   8.50    86.73
82270   82244   2.33    4.87
82271   82460   7.83    99.70
82277   83029   9.35    127.51
82277   82066   7.90    90.32
82289   82476   7.33    104.80
82293   82792   10.00   84.55
82298   82773   11.50   80.53
82306   82485   7.73    119.77
82323   82538   7.80    91.36
82323   82841   8.67    87.20
82348   82437   5.60    100.97
82359   82236   9.63    79.66
82363   82250   9.53    86.73
82363   81726   5.67    106.22
82369   82181   10.00   44.68
82369   82001   3.00    89.39
82371   82614   8.00    94.70
82372   82153   0.00    38.95
82387   82181   11.50   49.80
82387   81918   8.29    121.19
82400   82781   8.53    60.68
82400   82074   5.94    131.98
82404   82094   11.09   116.18
82404   82614   10.90   74.84
82413   82837   12.57   93.07
82418   82166   8.83    62.10
82422   81976   11.50   114.09
82423   82670   10.00   40.50
82427   82558   5.25    44.57
82427   82002   6.22    77.07
82437   82541   7.28    109.56
82437   82931   9.85    76.80
82440   82101   10.00   62.35
82440   82912   13.33   104.31
82449   82123   3.00    61.99
82458   82319   3.00    58.32
82458   82245   10.00   39.30
82460   82569   5.33    75.12
82467   82647   0.00    43.75
82467   82387   0.00    19.12
82476   82620   3.00    38.32
82485   82675   7.82    132.66
82485   83170   8.26    113.25
82486   83006   8.43    87.58
82486   82355   0.00    50.51
82494   82277   9.30    90.20
82494   81983   6.32    91.14
82502   82363   10.74   119.91
82502   82687   5.09    32.75
82503   81797   11.25   114.17
82503   82359   11.60   99.05
82531   82476   1.00    38.34
82538   82087   10.75   80.49
82538   82773   3.20    89.90
82541   82988   8.69    112.96
82542   81767   7.55    141.28
82556   83310   20.00   139.53
82558   82531   10.00   144.22
82558   82670   5.11    41.48
82567   82400   8.44    119.91
82569   82803   6.50    76.47
82577   81913   7.00    117.02
82577   82418   5.33    37.63
82581   82423   9.43    104.22
82584   82841   3.00    89.52
82605   82166   9.00    121.20
82605   82467   10.00   34.18
82609   81926   0.00    118.33
82609   82503   8.20    76.42
82614   82860   9.50    77.14
82614   82858   10.86   80.17
82620   82531   0.00    17.74
82620   83000   12.67   133.41
82636   82363   15.00   46.46
82636   83274   11.50   134.52
82647   82369   0.00    65.03
82670   82875   8.31    78.30
82675   82896   4.86    132.64
82685   82567   3.68    83.07
82685   83328   5.50    106.53
82687   82898   7.80    30.88
82687   82534   0.00    72.67
82705   82486   9.20    100.86
82705   82994   8.86    44.83
82707   82542   3.73    36.74
82708   82609   9.20    57.76
82708   82033   9.67    114.82
82710   83022   10.46   50.92
82710   82494   9.06    90.71
82746   83329   1.00    96.38
82746   82829   8.11    67.97
82748   82581   9.00    104.22
82773   82990   8.60    90.15
82773   83366   4.25    105.94
82781   83109   7.13    54.00
82781   82705   8.22    41.74
82783   82605   11.50   34.03
82783   82919   11.50   37.01
82791   82418   7.40    90.28
82791   82783   6.67    49.78
82792   82923   0.00    24.25
82799   82066   9.83    127.13
82803   83159   9.56    61.73
82805   82779   13.33   54.24
82806   82440   11.50   86.30
82817   82506   0.00    91.84
82817   82458   11.50   58.39
82821   82837   0.00    29.20
82821   82647   0.00    34.96
82829   82685   6.33    83.43
82829   83466   8.75    107.45
82837   82896   0.00    28.15
82837   82946   0.00    26.21
82841   83300   7.80    84.81
82858   83028   9.54    66.80
82858   82449   5.33    139.17
82860   82707   7.57    33.06
82872   82708   10.43   95.11
82875   83053   2.00    78.30
82896   82946   3.00    46.13
82898   83076   7.80    135.68
82898   83347   6.50    76.13
82912   83456   12.67   106.47
82913   82494   8.60    69.04
82913   83004   10.00   39.54
82919   82927   0.00    6.08
82920   82542   11.63   125.85
82921   83402   7.00    81.42
82921   82748   9.00    104.22
82923   83191   10.75   55.25
82923   82710   7.91    80.99
82924   83061   5.50    97.23
82927   83008   3.00    21.40
82927   82821   0.00    25.30
82931   83176   10.75   43.71
82946   83008   0.00    14.67
82948   82919   0.00    5.12
82948   82927   0.00    4.74
82988   83096   0.00    32.03
82988   82931   0.00    54.88
82990   83198   0.00    90.49
82990   82799   10.00   33.56
82994   83225   9.20    43.77
82994   82909   0.00    49.33
82997   82577   11.63   119.78
82997   82817   3.00    31.59
83000   83484   7.18    136.09
83006   83545   7.14    95.23
83008   83021   2.00    3.12
83008   83036   0.00    5.83
83010   82872   4.67    95.11
83010   82306   4.71    113.77
83021   82948   6.14    22.89
83021   83112   3.00    23.81
83022   82933   0.00    39.21
83022   83797   8.67    140.91
83028   82944   11.20   42.97
83029   83198   0.00    33.11
83029   82799   1.67    90.30
83030   82422   8.67    116.15
83031   82948   0.00    20.65
83031   83112   0.00    30.62
83036   83131   6.00    34.10
83036   83021   0.00    6.66
83046   82359   3.00    109.97
83046   82921   6.36    81.76
83053   83869   6.58    149.36
83053   83215   5.77    81.51
83061   82708   10.75   56.56
83076   83175   7.83    135.48
83095   82791   11.20   108.52
83096   83176   0.00    22.63
83109   83632   6.91    84.35
83109   83216   0.00    46.19
83112   83513   3.00    131.86
83119   83148   0.00    6.86
83119   82806   8.60    85.70
83131   83289   6.45    91.19
83132   83148   0.00    5.94
83132   83119   0.00    7.72
83148   83734   3.00    131.97
83150   83159   3.75    12.35
83157   82803   9.33    88.36
83157   83150   10.75   70.13
83159   83383   10.00   36.59
83170   83010   9.14    119.25
83170   83470   8.26    49.94
83175   83383   0.00    51.61
83175   83159   0.00    28.08
83176   83573   1.75    62.96
83190   82860   4.47    122.04
83190   83028   8.27    99.86
83191   83552   4.25    78.95
83198   83419   10.00   90.00
83198   83658   8.60    81.39
83201   83046   8.20    116.88
83203   83739   14.50   134.75
83208   83328   9.36    85.12
83208   82567   4.86    106.00
83213   82538   11.20   117.55
83215   83402   6.79    81.51
83225   83494   10.00   44.55
83225   83006   8.13    109.43
83239   82792   5.02    79.67
83239   83191   0.00    18.06
83248   83653   0.00    66.03
83248   83132   7.20    135.93
83262   83496   6.33    38.73
83262   82746   0.00    117.22
83262   83540   11.50   47.19
83274   83262   11.50   102.14
83289   83501   0.00    32.80
83289   83358   5.50    23.86
83294   83248   3.00    81.95
83300   83691   9.00    67.03
83300   82997   8.60    129.94
83310   84194   0.00    142.17
83328   83979   9.64    107.97
83328   83466   8.90    92.58
83329   83766   10.86   93.85
83347   84199   6.93    136.28
83349   83392   9.53    110.62
83358   83523   0.00    34.03
83358   83349   7.00    35.13
83359   83031   10.00   116.79
83366   83962   5.33    105.94
83374   83494   0.00    51.03
83376   83201   7.00    116.88
83376   83061   5.00    53.46
83383   83150   10.80   54.34
83383   83548   0.00    24.73
83387   83095   6.00    108.52
83391   83030   15.00   67.79
83392   83470   11.13   66.23
83392   83533   6.50    26.49
83402   83542   5.75    35.56
83414   83030   7.15    65.45
83414   83391   0.00    17.94
83419   82913   5.67    91.88
83431   83190   5.06    81.53
83431   83275   7.56    88.37
83456   82920   8.13    128.66
83456   83203   10.22   131.41
83466   83963   4.71    81.82
83468   82779   20.00   116.00
83470   83524   0.00    6.50
83470   83544   14.33   11.90
83484   83522   7.13    108.96
83484   83667   9.00    100.19
83487   82805   6.25    114.22
83490   83131   7.90    87.10
83494   83910   12.67   77.27
83494   83596   3.00    62.39
83496   83725   8.32    50.57
83501   83721   12.56   62.52
83513   83852   12.13   131.55
83522   84063   8.31    127.11
83523   83501   0.00    48.12
83523   83349   1.00    28.29
83524   83533   0.00    61.43
83533   83789   4.40    57.53
83539   82990   4.67    95.67
83540   83496   0.00    29.54
83542   83649   2.90    21.29
83544   83524   10.33   8.37
83544   83759   8.27    66.38
83545   84082   8.75    95.23
83548   83559   0.00    31.35
83548   83755   8.25    35.77
83552   83797   7.50    77.70
83571   83347   6.91    147.50
83573   84353   4.18    127.46
83589   83376   9.33    131.28
83596   83632   11.50   27.50
83596   84061   10.77   83.91
83602   82707   12.55   147.17
83632   83814   8.74    57.44
83649   83783   6.72    22.72
83653   83731   0.00    33.72
83653   84169   0.00    83.91
83658   84127   9.00    81.40
83660   83573   0.00    73.61
83666   83542   8.08    35.21
83666   83649   14.00   20.41
83667   83294   7.25    85.24
83687   83359   11.50   116.51
83691   83387   7.60    108.52
83705   83490   10.18   92.09
83711   83456   7.36    84.30
83721   84079   0.00    58.20
83721   83799   3.00    50.23
83725   83836   5.50    38.58
83725   84237   3.00    83.66
83731   83132   10.90   141.65
83734   84544   3.00    136.48
83739   83999   0.00    51.00
83755   84619   10.56   140.18
83755   83571   9.42    147.50
83759   83589   5.67    131.23
83759   83809   7.75    58.95
83766   83540   10.00   43.96
83783   83993   7.75    39.01
83783   83666   0.00    31.21
83789   84003   6.50    35.69
83789   83920   3.00    32.43
83794   84227   10.00   77.34
83794   83705   4.88    42.66
83797   84098   8.35    125.49
83797   84629   9.60    146.00
83799   83490   10.50   72.14
83805   83157   5.33    106.89
83806   83274   8.38    86.95
83809   83810   5.83    110.53
83810   83813   11.67   111.25
83812   84335   3.00    83.77
83812   84181   4.25    147.95
83813   83376   6.42    74.03
83813   84125   7.59    72.56
83814   84289   8.74    81.90
83814   83838   1.67    32.08
83814   83208   7.93    114.34
83815   83239   8.81    102.10
83836   83806   1.00    22.83
83836   84042   0.00    36.60
83838   83979   9.58    85.56
83852   84337   6.25    132.71
83864   83812   3.00    52.61
83864   83522   3.00    60.11
83869   84030   5.33    38.51
83871   83213   8.25    117.55
83871   83691   1.50    92.27
83910   84377   9.00    77.27
83920   83523   5.50    97.88
83926   83940   15.00   86.52
83931   83732   0.00    36.92
83931   83815   0.00    46.56
83938   83431   6.00    140.43
83940   83739   8.17    59.30
83962   84718   11.29   132.01
83962   83871   7.60    91.80
83963   84138   6.80    25.90
83979   84138   11.29   102.52
83993   84191   11.00   30.81
83999   83940   12.60   29.05
83999   84330   7.54    65.22
84003   83920   6.67    21.05
84030   84052   10.00   38.16
84030   84085   7.13    41.35
84041   83687   13.67   116.89
84042   83806   7.20    36.87
84042   84628   3.75    98.51
84052   83869   3.00    28.40
84052   84063   3.00    6.11
84061   84526   11.10   83.79
84063   84291   3.00    65.96
84077   83962   7.00    93.78
84077   83539   10.00   95.67
84079   83799   10.00   61.39
84080   84077   0.00    2.42
84082   83931   8.33    53.10
84085   83993   10.00   36.41
84085   84191   0.00    32.82
84098   83419   8.54    117.63
84098   84127   8.41    101.82
84100   84080   8.50    28.22
84106   83963   9.67    88.17
84106   83766   3.60    56.24
84117   83391   8.36    119.77
84120   83666   9.68    142.02
84125   84120   7.86    80.93
84125   84644   7.00    87.28
84127   84374   0.00    41.64
84127   84100   9.11    62.95
84137   84117   0.00    3.73
84137   84152   11.92   62.61
84138   84318   4.25    29.59
84148   83705   9.11    122.69
84151   83487   4.67    113.78
84151   84172   10.00   6.50
84152   83468   15.00   115.51
84152   84151   6.50    54.26
84169   84599   0.00    82.60
84171   83809   4.00    58.97
84171   84410   10.00   38.61
84172   84353   7.67    68.67
84181   84599   1.00    83.53
84181   83667   7.62    101.82
84182   83711   4.89    87.61
84182   83926   10.00   88.23
84185   83794   7.89    120.67
84190   83414   15.00   126.51
84191   84359   8.00    29.07
84194   85021   0.00    141.62
84198   84080   20.00   36.62
84198   84100   20.00   17.22
84199   84243   10.67   81.95
84199   84697   6.90    81.76
84218   84148   0.00    15.61
84221   84891   6.65    144.45
84225   84082   10.29   55.16
84225   84852   7.30    110.30
84226   84484   5.33    58.11
84226   84668   8.67    114.67
84227   84504   10.00   64.27
84227   84185   7.43    95.82
84237   84723   13.33   83.69
84243   84484   13.33   83.73
84256   83728   6.50    83.49
84266   84218   3.00    10.48
84266   84314   0.00    24.93
84289   84745   1.00    82.02
84291   84879   10.00   113.97
84291   84485   3.00    94.82
84302   84218   5.33    22.26
84302   84148   10.00   25.39
84307   84580   15.00   65.44
84307   83871   10.00   72.71
84314   84327   0.00    7.00
84318   84427   8.50    86.53
84318   84882   9.43    94.44
84327   84546   2.00    66.66
84327   84302   0.00    6.56
84330   84409   10.00   18.50
84335   84680   0.00    99.27
84335   84420   0.00    16.26
84336   83836   20.00   77.76
84337   84918   13.67   134.70
84353   84256   11.86   78.78
84359   84694   0.00    56.74
84360   84266   10.00   22.87
84360   84314   10.00   41.65
84363   84373   0.00    55.43
84363   84003   5.00    124.11
84365   84330   10.00   25.43
84365   84409   13.25   14.72
84373   84410   3.00    40.72
84373   84171   2.50    49.55
84374   84198   7.67    51.91
84374   84966   8.71    106.44
84377   84225   10.43   52.89
84405   84363   3.00    26.78
84407   84377   10.00   12.74
84407   84566   0.00    31.01
84409   84532   9.50    25.32
84410   84458   2.60    10.92
84410   84541   10.00   46.52
84420   84649   0.00    84.61
84427   84106   8.29    54.57
84432   84405   0.00    27.12
84432   84373   0.00    11.53
84448   83602   0.00    147.05
84457   84079   0.00    113.41
84458   84432   2.00    39.73
84458   84585   3.00    22.27
84468   83805   8.86    107.00
84482   83838   15.00   109.10
84484   84850   10.75   75.68
84485   83864   4.40    130.81
84487   84400   0.00    42.83
84487   83815   7.52    117.32
84490   84836   8.67    65.93
84490   84457   0.00    11.81
84500   84365   11.29   40.31
84500   84681   10.00   84.35
84504   84546   10.00   37.27
84511   84359   1.97    29.41
84516   84544   20.00   13.52
84516   83731   11.00   131.01
84520   84606   0.00    41.77
84520   84098   14.00   76.38
84526   84407   10.00   48.32
84532   84500   20.00   31.33
84534   84432   0.00    17.39
84534   84405   0.00    37.61
84541   84458   10.50   45.88
84544   84902   0.00    64.09
84544   85009   10.00   86.38
84546   84679   13.58   34.28
84550   84307   20.00   44.68
84550   84041   4.67    119.15
84573   83931   1.00    112.39
84580   84718   0.00    30.40
84585   84605   11.50   21.80
84585   84771   0.00    29.97
84587   84857   8.63    41.77
84587   84649   0.00    15.66
84587   84485   2.33    18.55
84599   84819   0.00    39.12
84602   84077   13.25   95.32
84605   84534   0.00    14.91
84619   84668   0.00    8.68
84628   84840   3.00    34.08
84629   85483   10.54   143.37
84644   84120   9.93    111.29
84649   84713   3.00    11.85
84668   85166   6.80    102.41
84668   84705   0.00    9.91
84675   84694   1.00    28.28
84675   84511   5.50    29.57
84679   84841   13.25   137.47
84679   84504   12.50   29.64
84680   84743   0.00    15.44
84680   84869   0.00    95.04
84681   84182   10.60   87.99
84685   84172   13.33   84.75
84694   85400   1.96    113.44
84697   85190   4.38    77.01
84701   84541   8.33    48.89
84701   84221   6.73    140.94
84705   85138   12.50   104.32
84713   84857   3.00    31.40
84713   85258   6.60    142.60
84714   84764   6.50    42.50
84714   84003   10.38   128.12
84718   85174   1.00    99.66
84720   84152   15.00   97.42
84720   84685   0.00    51.19
84721   84511   8.93    131.57
84723   84807   0.00    51.02
84723   85320   8.27    96.77
84743   85258   4.38    139.33
84743   84420   9.57    96.49
84745   84526   10.64   81.33
84747   84720   0.00    50.35
84747   84137   0.00    110.52
84764   84805   0.00    32.75
84766   84714   10.00   8.23
84766   84490   0.00    139.81
84771   84605   0.00    29.16
84779   84185   5.92    145.20
84779   85155   0.00    59.15
84784   84766   0.00    3.19
84799   84360   11.00   128.39
84799   84457   8.00    63.81
84803   84374   6.40    98.11
84803   84520   10.75   49.74
84804   85148   10.67   80.58
84805   84784   0.00    3.20
84807   84861   0.00    48.60
84807   84336   0.00    77.82
84818   85469   8.50    110.33
84818   84745   8.25    24.55
84819   84516   11.00   58.03
84836   84799   0.00    9.91
84840   84551   3.00    55.01
84840   85375   10.25   86.12
84841   85431   7.67    99.61
84845   84580   10.00   45.28
84845   84550   1.00    65.46
84850   85163   2.00    64.41
84850   85067   11.67   47.42
84852   84573   7.00    103.95
84852   85508   8.67    110.63
84856   84546   10.25   65.51
84861   84628   15.00   38.53
84862   84629   9.38    90.17
84862   84487   8.38    63.95
84869   84819   0.00    8.99
84869   84902   0.00    19.75
84879   85465   5.35    113.70
84882   85440   10.21   93.66
84891   84721   5.33    131.20
84891   84644   9.00    49.40
84902   84970   0.00    11.48
84918   85546   8.62    134.71
84928   84543   0.00    67.77
84928   84852   0.00    29.63
84931   84960   7.00    110.95
84944   84117   9.58    141.17
84944   84190   7.64    126.13
84954   85206   7.25    60.85
84954   84856   0.00    19.77
84954   85022   0.00    26.30
84960   84625   7.38    112.81
84966   85596   5.43    106.35
84968   84836   3.00    29.14
84969   84779   10.33   38.87
84970   85605   0.00    99.91
84970   84982   6.75    23.24
84971   84890   0.00    30.92
84971   84526   10.60   80.19
84982   84869   0.00    21.10
84982   84743   5.33    103.31
84991   84771   3.78    36.32
84991   84764   3.00    118.83
85002   85116   14.33   23.44
85002   85090   0.00    12.83
85002   84532   12.26   85.03
85006   85263   0.00    52.39
85006   84991   20.00   2.81
85009   85183   7.67    81.88
85021   85577   0.00    84.10
85021   85808   0.00    137.92
85022   85295   7.00    131.65
85022   84856   10.00   31.78
85047   84427   9.14    105.84
85067   84697   7.83    92.13
85071   84862   9.20    37.78
85090   85232   20.00   39.61
85116   85584   4.33    98.40
85116   85090   0.00    21.94
85129   84482   10.23   109.00
85129   84818   9.09    109.72
85138   84468   6.00    106.70
85138   85401   4.71    61.27
85148   85550   3.90    81.70
85149   85071   3.00    25.91
85149   84883   0.00    44.25
85155   85704   9.78    90.98
85155   84969   10.00   32.55
85159   84971   10.00   30.56
85159   84928   9.00    80.28
85163   85067   0.00    20.60
85166   85229   9.20    12.02
85166   85392   7.33    120.00
85171   84805   15.00   81.12
85171   85269   8.64    23.80
85174   84602   10.00   95.31
85174   85596   7.57    94.22
85183   85002   8.38    48.30
85190   85686   6.28    77.01
85229   85561   9.50    69.00
85232   85474   10.00   75.15
85232   85183   0.00    8.13
85237   85149   0.00    35.43
85237   85029   10.75   31.68
85248   85347   1.00    52.22
85248   84701   2.38    114.65
85258   85337   6.88    142.33
85258   85845   7.86    105.75
85259   84701   7.00    87.72
85259   85384   0.00    21.09
85263   85267   12.50   60.73
85263   85345   4.75    29.18
85267   85333   0.00    32.88
85267   85006   0.00    43.57
85269   85913   11.00   110.85
85269   85345   13.22   114.19
85270   85206   10.00   43.19
85270   85355   0.00    43.16
85286   85566   5.00    48.27
85286   85270   0.00    19.06
85295   84841   7.67    92.18
85295   85816   6.50    87.09
85304   85286   3.00    29.42
85313   84448   0.00    146.50
85316   85259   8.67    24.34
85316   85340   0.00    7.92
85320   85936   4.17    96.80
85333   85316   0.00    19.87
85335   84675   1.27    138.81
85337   86275   6.31    152.47
85340   85384   0.00    10.38
85345   85913   0.00    114.04
85347   84891   10.57   89.86
85347   85391   2.83    10.97
85352   84807   3.00    88.09
85355   85206   20.00   23.04
85355   85484   3.00    26.83
85375   86251   9.00    143.63
85384   85473   3.00    15.78
85391   85489   0.00    14.52
85391   85481   0.00    22.52
85392   85163   10.75   54.59
85393   84944   15.00   80.00
85400   85553   4.75    54.36
85400   85672   2.00    42.96
85401   85974   10.38   114.70
85401   85577   10.00   33.67
85414   85333   0.00    14.13
85429   84803   9.00    105.72
85431   85704   13.83   95.07
85433   84845   3.00    127.61
85440   85129   6.36    110.27
85440   86097   6.25    111.15
85444   85414   0.00    9.48
85444   85340   0.00    20.59
85457   85459   3.38    31.62
85457   85335   1.50    22.62
85459   86021   5.70    86.58
85459   85462   3.43    21.47
85462   85472   2.41    20.57
85462   85335   2.08    49.42
85465   84857   6.07    110.67
85465   85845   5.00    108.19
85469   85159   7.86    108.94
85469   86125   3.00    110.87
85472   85513   1.53    70.00
85473   85557   0.00    17.07
85473   85444   0.00    11.96
85474   85731   3.00    75.29
85477   84861   6.86    103.09
85481   85513   1.00    34.42
85483   84803   2.30    118.76
85484   85735   3.00    70.83
85484   85938   0.00    80.08
85489   85481   1.50    15.49
85489   85559   0.00    12.04
85508   85237   7.80    94.84
85508   85980   10.00   78.85
85513   85559   1.20    52.79
85546   86150   6.50    134.53
85547   85842   20.00   103.97
85547   86224   3.00    112.62
85550   85573   7.00    112.79
85553   85457   1.96    90.09
85557   85414   0.00    23.56
85559   85618   5.00    27.19
85561   85392   4.67    40.10
85566   85304   3.00    42.00
85566   85841   10.00   44.24
85573   84931   10.86   117.44
85577   85742   10.00   29.18
85584   85547   0.00    33.59
85589   85963   6.50    80.66
85595   85489   2.00    47.38
85595   85248   0.00    57.75
85595   85347   2.86    51.14
85596   86054   11.50   99.65
85605   85731   0.00    18.26
85605   85183   13.33   140.92
85618   85839   1.67    52.00
85618   85595   0.00    16.45
85623   85584   0.00    21.75
85624   84969   8.48    138.21
85629   85630   10.00   8.26
85629   84968   7.14    115.38
85630   85171   12.50   81.71
85630   85668   3.00    8.69
85653   85629   0.00    6.33
85653   85304   9.50    110.44
85668   85796   3.00    22.48
85670   85786   0.00    29.83
85670   85929   7.93    110.14
85672   85705   0.00    10.91
85672   85764   10.00   13.55
85681   85605   0.00    23.23
85681   84982   6.27    112.34
85682   86307   5.13    106.39
85682   85557   3.00    22.47
85686   85687   0.00    35.16
85686   85954   3.62    39.85
85687   85592   0.00    13.86
85704   86040   9.27    122.48
85705   85553   1.00    50.98
85708   85229   9.20    113.15
85708   85138   8.44    116.35
85713   85071   7.00    105.61
85731   86062   0.00    53.61
85735   85792   9.00    28.70
85742   86052   6.89    61.01
85751   85047   10.23   106.46
85751   85440   11.09   105.53
85752   85681   4.75    10.01
85758   85687   0.00    9.63
85764   85705   2.57    14.10
85786   85812   7.80    15.73
85788   85469   8.25    110.13
85788   85129   7.00    110.83
85792   86015   6.50    60.89
85792   85876   3.00    31.88
85796   85653   0.00    45.37
85808   85916   0.00    19.43
85812   85670   3.00    24.97
85816   86094   0.00    44.09
85822   85159   5.33    111.35
85822   85508   13.00   109.79
85832   85752   5.50    29.85
85833   85393   11.20   79.87
85839   85595   3.20    44.45
85839   86407   2.22    114.11
85841   86060   8.67    47.01
85842   86488   8.25    109.87
85845   85786   10.00   26.60
85858   85465   8.33    73.05
85858   85764   3.60    24.72
85865   85375   10.00   82.92
85876   86432   7.83    139.52
85876   85735   0.00    22.80
85882   85752   11.50   21.55
85882   85832   0.00    24.64
85903   85352   10.50   88.06
85903   85477   5.50    101.61
85916   85833   20.00   20.01
85916   86372   0.00    87.76
85929   86593   10.00   113.77
85936   86517   7.25    107.91
85936   85751   10.60   67.72
85938   86432   15.00   81.58
85954   85956   0.00    0.07
85954   85950   10.00   62.63
85957   85682   12.17   93.85
85959   85648   20.00   51.69
85959   85822   10.00   44.54
85963   86824   10.24   143.45
85974   85708   10.00   62.54
85979   85483   5.78    77.61
85980   86165   11.00   31.98
86014   85433   3.00    127.44
86015   86239   10.00   37.43
86021   86539   6.33    86.36
86029   85472   9.92    98.96
86029   86084   0.00    10.71
86036   85708   7.50    67.98
86036   85561   8.17    113.14
86040   86094   10.00   45.85
86040   85816   0.00    51.18
86045   86673   3.00    109.87
86045   85713   6.50    116.78
86049   85561   8.25    100.53
86052   86501   5.50    88.63
86052   86451   10.50   85.29
86052   85916   20.00   27.72
86054   86361   2.88    76.26
86054   85429   0.00    105.72
86060   86314   9.33    82.79
86060   86155   0.00    33.95
86062   86212   1.00    31.32
86062   86181   2.50    18.52
86084   86725   10.00   118.59
86085   86339   3.00    43.73
86085   85913   0.00    27.41
86086   86256   8.67    84.38
86094   86137   6.00    28.07
86097   86726   12.43   109.58
86097   85788   8.75    109.92
86120   85313   0.00    144.97
86125   85959   4.67    64.17
86125   86753   7.20    109.71
86137   86015   3.00    38.97
86137   86239   6.17    40.77
86139   85550   11.89   101.57
86143   85882   9.45    41.16
86150   86578   0.00    132.25
86155   86329   0.00    33.57
86155   85841   20.00   48.44
86165   86045   10.00   39.30
86165   86777   3.00    108.70
86171   86080   0.00    31.29
86171   85788   9.22    64.69
86181   86218   7.00    8.36
86181   86143   11.50   13.45
86190   86280   9.86    122.84
86195   85624   6.64    137.12
86195   86280   0.00    19.02
86197   86181   1.00    12.93
86197   86218   0.00    13.77
86203   85742   8.25    99.52
86203   85974   15.00   58.57
86212   86555   9.00    73.77
86212   86197   0.00    9.79
86218   86763   4.67    86.77
86222   85796   0.00    103.93
86222   86085   0.00    27.54
86224   86869   9.20    112.05
86239   86324   0.00    22.08
86251   86455   5.50    33.86
86256   86871   7.09    109.90
86256   86322   0.00    12.98
86256   86120   20.00   30.12
86263   86251   0.00    27.94
86263   85956   6.56    52.33
86264   85822   10.60   77.04
86264   85980   0.00    109.70
86266   86120   20.00   26.17
86266   86322   0.00    25.51
86267   86391   0.00    21.09
86267   86263   0.00    0.82
86273   86222   0.00    13.76
86275   87120   7.33    151.29
86280   86404   0.00    26.92
86299   86222   0.00    20.45
86299   86273   0.00    27.23
86307   86386   10.00   13.85
86307   86398   6.50    14.94
86308   85833   12.64   90.53
86314   86273   4.67    81.59
86316   86195   0.00    45.37
86320   85704   10.00   111.08
86320   86471   8.67    26.23
86321   86875   10.00   114.89
86322   86480   50.00   29.90
86324   86514   10.00   47.25
86327   85865   6.50    82.83
86329   86516   10.00   44.71
86329   86621   5.33    52.53
86339   86299   0.00    8.51
86342   86029   8.40    98.36
86349   85713   9.67    111.71
86353   86036   10.60   79.46
86355   86036   10.70   70.34
86361   86087   0.00    52.24
86361   86677   9.71    107.52
86368   86321   8.89    11.81
86371   85751   11.50   110.32
86371   86097   9.25    110.02
86372   86868   0.00    88.19
86377   86040   10.60   78.25
86377   86094   0.00    48.63
86381   86402   5.00    84.81
86381   85812   7.61    116.68
86381   85858   5.75    121.32
86386   86521   7.80    105.05
86391   86251   0.00    25.18
86391   86455   0.00    11.61
86393   86266   0.00    22.24
86398   86386   3.00    12.82
86398   86407   8.53    32.50
86402   86321   8.42    85.34
86404   86316   7.40    32.08
86407   86506   3.53    19.78
86417   86171   11.18   45.37
86417   86125   7.67    110.42
86418   86014   0.00    125.32
86430   86391   0.00    7.53
86431   86320   2.00    23.05
86431   86471   0.00    23.54
86446   86165   3.00    109.85
86446   86264   0.00    32.30
86447   85979   8.69    77.80
86451   86756   6.50    62.09
86451   86203   0.00    60.64
86454   85832   7.92    110.52
86455   86690   0.00    38.03
86462   86447   10.00   18.45
86462   86349   0.00    19.53
86471   86561   0.00    13.57
86474   85963   10.60   125.00
86475   86190   7.33    123.99
86475   86431   0.00    9.40
86480   86495   8.00    24.88
86480   86393   0.00    25.64
86486   86858   0.00    64.92
86486   86417   3.00    26.61
86488   86555   0.00    27.40
86495   86393   8.67    18.76
86501   86930   6.71    74.26
86501   86949   11.50   88.68
86506   86606   7.20    20.25
86506   86689   10.00   36.37
86514   86684   0.00    28.40
86514   86864   11.83   80.55
86516   86730   3.00    42.55
86517   87004   8.82    104.33
86517   86371   8.80    55.52
86518   86327   1.00    64.52
86521   86630   8.93    34.40
86521   85957   6.25    98.93
86523   86049   3.00    100.53
86539   87017   7.50    87.82
86549   86339   7.25    38.69
86549   86630   0.00    33.26
86554   86432   3.00    20.83
86554   86516   0.00    40.26
86555   86727   10.00   27.79
86560   86475   0.00    13.31
86561   86601   8.17    95.89
86561   86646   0.00    16.33
86577   86267   3.50    48.88
86577   86430   0.00    23.08
86578   86956   9.80    131.84
86581   86447   0.00    19.69
86581   86588   20.00   7.96
86588   86462   0.00    21.14
86593   86912   5.83    54.10
86600   86342   8.23    97.04
86601   86751   0.00    35.23
86601   86619   13.25   34.40
86606   86800   3.76    37.98
86606   86398   5.26    34.63
86619   86377   3.00    38.12
86621   86896   6.00    66.05
86621   86516   0.00    62.35
86630   86768   10.00   41.97
86640   86685   9.69    99.15
86645   86316   10.89   106.14
86646   86560   0.00    23.72
86646   86685   0.00    34.50
86648   86819   0.00    33.84
86648   86517   6.40    45.57
86673   86349   11.20   116.19
86677   86588   0.00    15.88
86677   86581   4.67    16.12
86681   86577   6.50    16.94
86681   86523   6.47    32.87
86681   86690   0.00    1.65
86684   86324   10.00   63.72
86684   87197   8.67    93.95
86685   86560   0.00    23.77
86689   86800   6.50    60.29
86689   86600   7.75    44.49
86690   86876   9.89    42.54
86690   86701   0.00    2.07
86691   86353   9.67    79.38
86691   87006   10.38   80.08
86698   86355   0.00    82.85
86701   86934   7.86    55.39
86701   86681   0.00    2.99
86725   87185   9.44    116.17
86726   87320   7.14    110.18
86726   86486   0.00    83.20
86727   86488   0.00    39.62
86727   87188   4.29    99.18
86730   86554   11.00   29.58
86730   86774   0.00    43.22
86733   86593   10.00   55.21
86733   86381   5.80    79.33
86737   86139   9.27    102.38
86737   86822   0.00    31.12
86751   86619   20.00   22.52
86751   87244   7.25    94.52
86753   86446   11.50   109.71
86753   87027   11.20   51.37
86756   86691   7.67    24.48
86762   86446   26.67   53.48
86762   87027   10.00   110.12
86763   87250   11.20   86.35
86768   86896   8.26    141.31
86768   86549   0.00    35.91
86774   87113   10.00   61.37
86774   86554   4.25    45.71
86777   86673   0.00    39.06
86799   86956   15.00   28.01
86799   86418   11.50   124.90
86799   86677   8.67    20.35
86800   86835   10.00   8.77
86822   86868   0.00    17.92
86822   86308   3.00    91.20
86824   86737   4.67    111.42
86824   87429   9.20    114.24
86832   86600   7.91    39.36
86832   86689   10.00   43.72
86835   87010   1.75    40.50
86835   87142   6.50    54.57
86836   86086   6.00    128.22
86849   86451   11.78   74.68
86859   86327   10.13   102.83
86859   86648   8.44    83.82
86864   86774   0.00    40.89
86864   87113   7.00    49.03
86868   87382   1.00    93.21
86868   86930   11.50   27.17
86869   87435   4.00    111.17
86871   87430   3.00    109.31
86875   87447   10.00   147.77
86875   87005   8.33    127.52
86876   87029   1.00    35.90
86880   86355   10.93   110.89
86880   86687   0.00    49.69
86896   87416   7.03    134.32
86897   86777   13.25   47.96
86899   86880   3.00    3.56
86912   86733   6.00    65.82
86919   87683   8.13    145.13
86919   86368   4.75    113.01
86919   86875   0.00    11.95
86930   87499   10.50   101.87
86931   86143   8.17    130.80
86934   87151   8.19    56.56
86949   86930   0.00    13.62
86953   86859   10.60   29.39
86953   87445   3.00    111.73
86956   87157   0.00    35.99
86956   87103   8.00    60.29
86979   87267   8.25    51.49
86979   86640   8.00    101.85
86997   86371   12.60   110.97
86997   86726   20.00   109.37
86998   86799   0.00    68.12
87004   87102   9.50    23.18
87005   87120   6.50    128.03
87006   86698   11.30   82.85
87006   87122   12.29   32.88
87010   87167   4.38    46.50
87010   87142   4.33    40.55
87017   87446   9.38    87.03
87021   86979   0.00    39.99
87021   86404   8.28    103.88
87027   87318   11.50   52.66
87029   87255   10.00   53.56
87032   86417   5.95    110.47
87032   86753   10.43   110.45
87038   86762   1.00    53.79
87038   86897   8.00    62.39
87038   87415   11.00   68.53
87083   86780   0.00    60.72
87083   87606   3.00    114.93
87083   86953   7.64    36.44
87092   86645   9.86    108.20
87095   86730   4.67    75.15
87097   87083   0.00    3.88
87097   87296   0.00    42.14
87102   87264   20.00   41.45
87103   87476   7.53    131.88
87103   86998   0.00    17.75
87110   86832   9.45    58.86
87110   86887   5.67    54.69
87113   87381   14.33   46.43
87115   86454   7.57    111.70
87119   87146   8.71    110.33
87120   86912   7.25    51.66
87122   86756   0.00    96.02
87130   86368   6.11    127.97
87130   87263   0.00    23.58
87136   87122   12.50   53.65
87136   87504   7.58    112.88
87142   87313   3.00    37.82
87146   87021   10.00   32.79
87151   87287   7.63    34.23
87151   86899   8.95    56.51
87157   87284   6.25    24.07
87157   87326   6.50    31.73
87158   86899   14.13   66.86
87158   87136   11.20   123.19
87160   86495   8.78    125.74
87167   87297   4.40    47.17
87185   87110   7.00    40.45
87188   87435   10.15   95.42
87197   87542   10.25   90.45
87199   86539   7.20    128.42
87199   87224   0.00    20.37
87206   87880   0.00    136.04
87214   87263   0.00    20.12
87214   87130   0.00    18.00
87224   87214   0.00    4.71
87244   87465   7.25    89.90
87247   87297   10.50   52.77
87247   87167   0.00    18.79
87250   87587   7.00    59.80
87250   87464   11.50   53.84
87255   87097   8.00    42.75
87255   87296   0.00    10.62
87263   87293   0.00    5.14
87264   87533   13.90   66.91
87264   86997   7.40    47.73
87266   86849   11.57   75.58
87266   86949   3.00    85.17
87267   87146   7.67    50.88
87267   87021   3.00    45.83
87284   87326   5.50    23.66
87284   87092   5.00    104.60
87287   87626   8.34    86.85
87293   87386   0.00    22.46
87293   87352   0.00    10.24
87296   87850   0.00    131.06
87296   87384   0.00    24.30
87297   87416   3.31    91.56
87313   87441   4.63    39.14
87313   87247   0.00    87.94
87317   87199   0.00    22.45
87317   87224   10.00   19.04
87318   87038   7.75    111.12
87320   87032   8.69    109.73
87320   87741   6.00    77.53
87323   86919   7.40    104.53
87326   87706   8.37    98.13
87326   87103   10.00   47.31
87334   87029   9.35    75.16
87342   87255   10.80   22.59
87342   87384   0.00    10.22
87344   87317   0.00    4.98
87352   87390   0.00    10.27
87375   86897   9.87    89.07
87375   86998   7.86    132.51
87381   87829   5.43    78.16
87382   88030   0.00    113.81
87382   87940   0.00    100.57
87384   87783   14.33   89.64
87386   87390   0.00    24.20
87390   87396   0.00    1.89
87396   87344   0.00    22.83
87401   87004   9.80    135.54
87401   87522   0.00    28.40
87409   87741   7.53    109.86
87409   87032   3.00    68.90
87415   87558   8.25    59.29
87415   87541   0.00    24.45
87416   87486   5.86    55.53
87416   88107   9.73    128.47
87429   87563   10.50   109.53
87435   87603   4.43    31.56
87441   87532   8.80    24.00
87445   87401   2.33    15.35
87446   88159   4.77    126.81
87447   87742   10.75   72.32
87447   87581   0.00    70.60
87464   87587   0.00    35.15
87465   87206   7.67    130.83
87465   87599   10.00   30.62
87471   87344   0.00    22.00
87471   87396   0.00    19.92
87476   87631   8.71    51.03
87477   86737   5.56    140.53
87486   87548   0.00    13.51
87486   87500   11.50   11.15
87492   86836   11.00   126.65
87499   88030   11.00   101.25
87500   87548   0.00    8.08
87500   87095   7.32    149.72
87500   87873   4.95    143.34
87504   87509   0.00    1.71
87507   87287   6.00    50.44
87509   87266   10.62   101.85
87510   88021   9.00    119.84
87510   87342   5.25    43.20
87522   87102   0.00    135.27
87532   87575   5.50    21.81
87532   87638   1.00    28.23
87533   87942   10.86   83.85
87533   87320   10.25   82.82
87540   87441   7.67    18.68
87541   87375   8.31    58.45
87541   87631   10.00   15.15
87542   87589   3.00    19.96
87542   87656   0.00    19.39
87546   88064   6.50    93.43
87546   87158   3.00    114.96
87548   87874   3.97    85.51
87564   87471   10.00   17.09
87564   87668   0.00    27.13
87575   87540   0.00    6.51
87575   88058   10.88   91.19
87576   87409   5.00    32.25
87576   87318   8.60    103.37
87581   87738   6.75    88.27
87581   87742   0.00    29.84
87585   86822   12.91   135.99
87587   88017   0.00    78.68
87589   87680   9.00    58.36
87599   87680   11.50   42.56
87606   87445   0.00    39.16
87610   87522   0.00    23.01
87610   88230   8.63    143.43
87626   87939   5.93    86.88
87631   88362   10.24   135.81
87631   87881   9.28    96.30
87637   87334   8.63    75.16
87637   87507   9.00    26.23
87638   87667   9.13    73.84
87638   87859   6.56    80.44
87656   87678   0.00    7.86
87666   87576   10.00   17.37
87667   87446   3.38    84.75
87667   87185   8.00    80.60
87670   86931   8.00    130.32
87675   87786   9.89    143.33
87678   87589   10.00   24.08
87680   87745   9.00    34.78
87683   87386   3.43    118.09
87683   87871   5.31    84.59
87690   87793   9.33    75.53
87692   87606   0.00    19.19
87706   88149   10.13   98.25
87706   87996   9.15    53.75
87713   88232   3.00    112.33
87713   87564   6.50    82.58
87716   87546   10.75   97.31
87716   87504   11.50   43.82
87737   87323   10.00   104.53
87738   87744   13.25   88.53
87739   87509   0.00    38.56
87739   87716   3.00    22.25
87741   87942   8.57    74.61
87742   88066   2.00    95.95
87744   87120   6.50    144.82
87744   87115   3.00    111.01
87745   87866   11.83   58.63
87745   87599   0.00    24.73
87748   87381   7.50    89.85
87760   87510   7.20    61.89
87760   88026   0.00    66.35
87783   88162   11.20   89.64
87786   87918   0.00    50.84
87793   87119   10.53   116.03
87793   87918   10.00   35.61
87798   88177   12.17   101.42
87800   88319   5.33    120.25
87805   87540   3.00    93.12
87805   87830   10.67   92.45
87829   88296   7.82    78.27
87830   88087   11.00   93.87
87831   87901   0.00    31.36
87831   87267   7.17    104.11
87832   87541   8.75    104.37
87833   87464   9.00    94.78
87833   88084   11.50   44.68
87835   87713   5.13    76.18
87842   87873   0.00    14.78
87842   87095   5.61    129.23
87849   87637   10.00   50.70
87849   87760   10.00   27.56
87857   87678   10.00   37.23
87857   88029   5.40    52.68
87859   88159   5.23    81.18
87860   87675   0.00    37.94
87866   88056   0.00    34.10
87871   88065   3.00    84.08
87873   87969   3.00    22.12
87874   87969   12.67   82.81
87880   88022   10.00   37.50
87880   87831   0.00    32.05
87881   88213   8.15    112.68
87881   88310   8.50    77.33
87901   87690   10.00   76.72
87902   87906   20.00   76.94
87902   87507   10.00   122.58
87906   87637   0.00    76.70
87909   88361   8.17    125.24
87909   87666   6.50    51.84
87918   88054   6.80    22.93
87926   87995   8.50    80.84
87939   88100   5.33    41.06
87939   87902   2.00    88.06
87940   88552   0.00    100.63
87942   88125   10.75   58.93
87949   87866   9.50    26.33
87969   88296   6.56    73.86
87969   87842   9.63    22.59
87988   87666   7.33    113.80
87995   87739   3.00    67.88
87995   88317   13.83   77.11
87996   88132   11.60   23.85
87996   88060   7.67    16.12
88004   87833   5.33    44.00
88017   88505   10.33   78.93
88021   88346   3.00    69.54
88021   88628   7.43    145.33
88022   87831   10.00   33.99
88022   87901   0.00    38.79
88029   87748   9.33    89.05
88030   88550   7.83    83.55
88054   88178   11.50   25.78
88056   88068   2.57    29.37
88058   87805   5.40    79.13
88060   87476   10.25   115.88
88064   88100   6.80    15.76
88064   88115   14.38   17.88
88065   88137   0.00    13.26
88066   88450   8.13    99.41
88066   88110   0.00    15.46
88068   88145   5.50    35.30
88068   87949   3.00    22.95
88087   88200   0.00    16.86
88087   88187   2.00    30.06
88100   88168   5.80    16.17
88107   88187   20.00   23.01
88108   87744   3.00    78.88
88110   87737   9.00    104.30
88115   87716   6.50    94.91
88121   87909   8.29    40.02
88121   87832   9.50    104.38
88125   88221   0.00    15.28
88132   88491   15.75   67.75
88137   88223   0.00    14.02
88145   88404   7.70    61.92
88145   87949   5.45    48.75
88149   88665   9.83    98.25
88159   88325   10.33   35.65
88161   87786   8.60    69.25
88161   87860   4.00    141.77
88162   88456   6.50    58.61
88164   88275   0.00    17.88
88164   88110   0.00    15.46
88165   88223   0.00    15.33
88165   88065   2.00    27.10
88168   88315   2.14    34.20
88177   87477   8.00    139.78
88178   88161   3.00    46.91
88187   88277   0.00    27.69
88193   88058   8.20    46.07
88200   88187   20.00   29.07
88204   88060   11.29   24.19
88204   88132   0.00    17.31
88207   88242   3.00    114.75
88213   88121   8.16    15.39
88213   88271   10.00   17.61
88221   88253   0.00    9.34
88223   88207   11.00   115.68
88223   88407   0.00    26.33
88224   88275   10.25   35.58
88224   88110   0.00    30.61
88227   87857   9.93    60.70
88230   88236   10.00   15.75
88232   88165   3.00    17.24
88236   88319   1.00    38.59
88237   87849   10.00   98.70
88240   88221   10.75   9.99
88240   88125   6.50    23.06
88242   88164   0.00    126.43
88252   88054   8.22    86.94
88253   88311   20.00   19.20
88253   88318   10.00   9.34
88263   88230   6.00    45.66
88271   88539   6.80    86.16
88272   88029   8.67    38.07
88272   88227   10.27   54.42
88275   88324   8.25    123.82
88276   88407   6.40    115.07
88277   88107   5.83    26.83
88277   88360   10.00   23.07
88278   87926   3.00    84.78
88278   88640   9.60    56.30
88287   88240   10.75   8.57
88287   88263   10.00   49.00
88296   88697   2.10    89.68
88298   88448   0.00    27.75
88298   88193   5.50    44.51
88306   88287   0.00    2.64
88310   88673   7.43    63.00
88310   88625   8.95    110.29
88311   88318   0.00    17.69
88315   88679   7.43    86.64
88315   88316   7.27    87.98
88316   88317   9.67    87.98
88317   88487   11.86   39.91
88318   88350   2.00    11.87
88319   88456   15.00   52.59
88324   88276   5.50    114.76
88324   88242   5.33    12.80
88325   88327   1.00    4.86
88327   87835   3.00    80.97
88327   88375   0.00    10.79
88346   88162   3.00    42.49
88350   88306   9.11    10.62
88350   89003   8.10    138.14
88360   88423   8.50    18.29
88360   88486   0.00    19.49
88361   88371   5.44    122.89
88362   88204   9.50    43.46
88371   88311   5.50    19.97
88371   87988   13.25   113.88
88372   88232   0.00    22.02
88375   88463   4.67    15.12
88375   88530   3.75    29.43
88381   87585   20.00   136.46
88387   88271   0.00    32.62
88387   88213   7.33    28.33
88398   88159   15.00   38.19
88398   88325   0.00    15.50
88404   88648   6.56    62.73
88404   89050   4.67    117.10
88407   88372   0.00    18.55
88407   88492   0.00    15.29
88410   88200   1.00    141.25
88410   88577   3.00    89.86
88414   88193   4.60    31.80
88414   88755   8.33    84.83
88423   88444   1.00    7.31
88426   88444   5.33    36.00
88426   88296   7.30    135.14
88427   88398   3.92    4.24
88429   88410   0.00    14.93
88434   87670   6.09    130.42
88444   88536   1.00    33.65
88448   88414   0.00    23.67
88450   88605   0.00    98.38
88456   88644   20.00   50.57
88456   88791   0.00    81.67
88463   88475   7.00    2.72
88465   88298   0.00    60.28
88465   88517   3.00    33.17
88472   88227   3.00    68.54
88475   88745   0.00    46.73
88475   88478   3.75    10.53
88478   88546   0.00    25.65
88478   88427   3.00    10.92
88486   89016   6.56    101.29
88486   88423   0.00    19.54
88487   88640   6.50    38.71
88487   88610   0.00    44.35
88490   88168   9.09    63.60
88491   88560   9.45    14.51
88491   88549   7.50    9.99
88492   88372   7.40    23.51
88492   88812   9.25    84.85
88494   88427   0.00    19.73
88501   88056   3.17    124.82
88503   88121   3.20    119.15
88517   88494   1.00    24.05
88517   88576   0.00    15.13
88527   88272   8.73    39.88
88530   88463   11.50   21.14
88535   88599   10.00   36.96
88535   88022   7.69    81.40
88536   88857   7.92    89.29
88536   88426   0.00    20.55
88539   88790   9.32    86.16
88546   88576   0.00    13.65
88549   88702   6.50    32.10
88549   88560   0.00    10.27
88550   89010   12.67   83.85
88552   89094   0.00    100.64
88560   88665   6.95    76.90
88560   88703   3.46    34.27
88562   88224   10.00   94.12
88566   88362   8.52    52.04
88566   88549   3.04    131.00
88574   88108   1.00    79.66
88576   88494   7.40    18.58
88576   88672   0.00    22.22
88577   88429   0.00    46.17
88599   88895   10.75   54.50
88599   88252   10.50   88.44
88599   88807   6.55    45.55
88620   88465   3.00    35.77
88620   88517   1.00    18.99
88625   88387   10.00   44.10
88628   89061   8.63    119.25
88628   88477   0.00    34.07
88640   89097   7.44    85.17
88644   88236   10.25   78.20
88644   88811   0.00    48.73
88648   88535   7.67    35.08
88648   88782   5.71    38.48
88650   88237   9.79    98.70
88650   88354   0.00    62.01
88665   88712   2.00    36.36
88672   89360   8.38    129.79
88672   88620   6.50    8.63
88673   88566   7.67    43.58
88679   88938   10.38   63.57
88679   89103   6.43    119.54
88697   88859   4.41    87.01
88702   88737   1.00    91.90
88703   88702   10.00   51.57
88703   88831   0.00    32.16
88712   88718   0.00    19.41
88718   88703   6.69    67.13
88718   88831   0.00    52.70
88721   88922   7.67    87.20
88721   88429   0.00    50.21
88728   88890   6.50    120.90
88732   88177   11.33   103.93
88734   88501   10.00   136.47
88737   88786   2.23    23.46
88745   88478   4.00    49.19
88755   88577   0.00    46.29
88755   89372   7.50    120.29
88756   88673   3.00    37.50
88756   88737   0.00    111.23
88771   88901   4.67    50.40
88773   88650   9.11    33.97
88773   88490   10.75   62.87
88782   88807   0.00    9.77
88782   88535   13.25   41.22
88786   88896   0.00    74.70
88786   88886   2.10    45.61
88790   89054   7.08    103.43
88790   89261   10.76   96.04
88791   89090   8.60    81.67
88804   88922   1.00    34.44
88807   88980   4.68    116.19
88811   89003   0.00    59.34
88811   88263   8.50    112.87
88812   89062   11.20   49.83
88812   88728   10.50   119.22
88824   88346   6.50    121.02
88824   89090   6.40    67.72
88831   89391   10.50   105.14
88836   88503   9.46    119.04
88836   88790   0.00    51.95
88839   88501   3.56    84.73
88839   88902   11.50   25.42
88847   88712   3.05    97.83
88847   88178   8.12    116.73
88855   88857   6.50    46.75
88855   88876   7.46    104.18
88857   88978   10.00   30.86
88857   89056   0.00    42.30
88859   88839   5.40    62.02
88868   88562   9.57    94.24
88873   88530   4.50    79.44
88876   88859   7.43    63.86
88886   89058   0.00    77.59
88890   88771   10.00   84.86
88890   88324   10.00   97.07
88896   88933   0.00    75.44
88902   89216   10.00   64.11
88902   89371   1.60    130.54
88912   89158   10.00   62.83
88912   88490   11.00   110.75
88915   88771   0.00    26.19
88915   88901   0.00    38.83
88919   88448   11.00   81.88
88922   88975   0.00    27.32
88931   88804   8.25    80.78
88933   88625   7.31    62.07
88933   88756   4.77    69.25
88938   88912   10.00   6.98
88947   88847   4.27    67.56
88968   88938   0.00    9.69
88975   88804   0.00    32.27
88975   89750   0.00    144.44
88978   88855   4.00    33.49
88978   89373   6.43    96.89
88980   88947   8.56    26.11
88985   88732   7.75    58.68
88985   88660   11.17   78.04
88993   89173   0.00    37.64
88993   88278   11.29   144.96
89003   89563   9.92    135.43
89010   88993   11.00   24.10
89010   89173   13.25   27.14
89015   89021   0.00    32.37
89016   89108   11.50   15.44
89021   89024   0.00    37.13
89021   88876   0.00    29.38
89050   89649   7.20    116.39
89054   89445   15.00   105.30
89056   88978   7.67    43.00
89056   89501   7.57    94.71
89058   89262   1.00    77.55
89061   89300   15.00   56.84
89061   89376   7.80    70.40
89062   89253   7.67    32.71
89090   89631   5.86    102.92
89090   89304   5.33    59.29
89094   89181   0.00    14.56
89097   89559   9.29    85.12
89103   89406   9.26    81.37
89108   88931   10.00   79.94
89108   89185   0.00    12.41
89136   88732   8.50    98.44
89136   88381   1.00    136.45
89141   88773   11.61   89.95
89141   89005   0.00    35.11
89158   88773   10.22   107.17
89173   89312   11.50   25.40
89177   88873   3.00    79.15
89177   89062   5.33    31.36
89177   89253   6.50    37.61
89181   89136   5.06    19.50
89181   89640   0.00    87.45
89185   89016   0.00    44.92
89185   89324   10.00   32.92
89193   89504   1.00    58.02
89194   88947   0.00    46.15
89194   89495   0.00    113.82
89198   89379   8.25    56.27
89198   88644   13.25   133.95
89202   89223   6.63    100.27
89205   89490   7.00    73.00
89205   89158   8.82    9.99
89216   89519   2.50    81.88
89216   89371   7.56    69.78
89223   88915   9.20    102.68
89240   88968   8.73    62.81
89240   89205   6.50    8.48
89245   88745   3.13    90.83
89253   89273   5.18    29.03
89259   88980   9.73    128.07
89261   89339   8.83    33.76
89261   89386   0.00    26.98
89262   89351   5.00    51.06
89262   89426   0.00    54.29
89265   89341   0.00    72.77
89265   89141   13.25   26.88
89273   89202   7.75    100.31
89276   88702   10.00   146.86
89297   89351   0.00    37.99
89297   88933   7.29    140.74
89298   88836   6.86    137.14
89300   89265   20.00   4.56
89304   89198   8.67    24.98
89312   89181   0.00    39.30
89312   89795   10.60   93.03
89318   89297   0.00    13.09
89324   89504   4.67    48.45
89339   89318   20.33   18.65
89348   88721   10.00   121.63
89351   89426   0.00    15.13
89351   89396   7.90    45.60
89352   89659   16.62   111.17
89352   88985   10.15   92.06
89360   89365   10.57   89.18
89360   89697   3.60    61.39
89365   88919   6.25    81.88
89365   89372   15.00   98.77
89371   88734   6.08    141.55
89371   89938   5.14    103.59
89372   89585   0.00    40.04
89373   89904   8.00    135.75
89373   89794   11.44   109.09
89376   88824   11.20   148.32
89376   89432   10.00   17.32
89378   89103   10.88   63.33
89378   88968   9.48    111.64
89379   89563   4.75    52.96
89379   88811   11.50   130.90
89386   89339   8.93    20.24
89386   89428   0.00    8.30
89391   89960   10.00   104.85
89396   89318   0.00    19.11
89396   89427   5.67    31.14
89406   89740   0.00    80.23
89406   89559   5.80    43.52
89409   89579   0.00    37.34
89409   89373   10.75   140.51
89412   89194   9.42    144.49
89426   89533   6.40    28.02
89427   89428   0.00    0.58
89428   89459   0.00    21.02
89432   89631   13.38   115.12
89442   89386   0.00    24.07
89445   90002   5.00    108.75
89454   89396   0.00    12.74
89454   89427   10.75   38.96
89459   89537   2.33    41.07
89490   89540   10.00   12.26
89490   89803   0.00    134.80
89492   90135   9.20    117.71
89495   89492   10.33   110.25
89501   89324   10.00   63.77
89501   89910   7.00    91.24
89504   89714   13.33   40.93
89519   89409   9.00    49.43
89520   89273   3.63    50.41
89533   89967   7.36    118.88
89537   89765   2.41    88.44
89537   89442   0.00    38.28
89540   89751   10.00   49.14
89545   89454   7.00    48.29
89559   89632   9.23    18.78
89561   89300   7.88    74.01
89563   89857   11.11   97.30
89579   89904   1.00    89.72
89579   89663   1.00    23.36
89582   89372   4.67    45.51
89582   89585   0.00    18.49
89585   89675   0.00    17.97
89605   90163   1.00    99.06
89605   89501   5.50    32.34
89630   89378   9.56    62.54
89630   89240   7.73    112.06
89631   89857   8.95    111.61
89631   90237   10.40   112.14
89632   89703   11.50   18.59
89632   89743   0.00    54.93
89640   90333   0.00    125.91
89640   90255   7.56    109.57
89649   90093   3.60    93.70
89649   89259   8.70    129.96
89659   88985   8.33    127.10
89663   89763   10.00   34.33
89675   90075   11.50   91.42
89676   89675   9.33    102.57
89676   89365   5.50    58.40
89697   89972   8.25    139.26
89697   89676   7.70    90.34
89697   89964   7.00    47.27
89703   89828   0.00    61.28
89703   90305   9.51    136.81
89714   89973   3.00    47.30
89714   89750   0.00    31.43
89750   89973   10.00   45.75
89751   89803   1.00    21.32
89763   89519   9.63    48.12
89765   89986   7.45    88.49
89794   90247   10.00   84.50
89794   89605   3.00    66.01
89795   90255   7.83    92.09
89803   89847   8.80    17.10
89840   89960   6.50    62.67
89840   89412   7.75    146.14
89847   90044   7.14    111.41
89847   90041   10.00   82.00
89848   89659   10.00   32.06
89848   89963   11.50   26.31
89857   90040   6.91    76.72
89857   90467   9.93    118.21
89900   89520   7.38    116.98
89904   90081   10.00   40.33
89910   90462   8.63    93.53
89928   89298   0.00    141.40
89932   89136   8.00    148.47
89933   89763   20.00   34.43
89938   90546   5.57    103.60
89945   89348   3.00    120.74
89959   89545   9.36    120.17
89960   90428   10.00   84.03
89963   89932   0.00    23.07
89964   90165   0.00    34.50
89967   90585   8.96    122.11
89972   90194   6.00    111.25
89973   90462   14.33   95.27
89982   89794   10.00   60.24
89984   89540   9.89    119.64
89984   89630   9.08    84.88
89986   90146   9.80    62.25
89993   89582   15.75   81.64
90002   90146   0.00    23.28
90002   89986   3.00    50.45
90020   89848   9.92    51.00
90020   89870   10.00   32.29
90040   90237   8.67    76.72
90041   90228   10.50   60.20
90044   90253   9.80    114.52
90044   89432   8.50    116.43
90070   89276   8.00    151.22
90073   89630   6.45    118.55
90073   90447   8.80    83.48
90075   89964   6.71    141.83
90081   89663   3.00    92.25
90081   90175   10.00   18.95
90093   90546   3.58    93.63
90128   89932   3.33    33.97
90128   89963   0.00    30.84
90135   89840   8.80    56.30
90146   90403   7.31    84.29
90146   90183   0.00    7.17
90160   89972   10.00   33.00
90160   89911   0.00    118.77
90163   90709   9.43    99.08
90165   90345   2.00    35.62
90165   90321   0.00    86.71
90175   90292   0.00    31.22
90183   90527   9.20    61.23
90183   90566   10.35   100.75
90194   89520   6.76    123.84
90206   89751   9.89    122.91
90206   89984   8.27    50.04
90228   90206   0.00    2.63
90237   90253   10.00   8.23
90247   90729   7.64    84.73
90253   90469   18.00   76.29
90255   90727   10.68   84.00
90275   89928   3.75    70.41
90275   90002   7.56    82.08
90292   89933   9.83    92.14
90292   90677   5.75    93.24
90297   90020   11.06   91.39
90305   90727   9.27    91.96
90305   90699   9.55    99.76
90321   90515   0.00    86.71
90333   90975   1.80    124.75
90341   90160   0.00    99.38
90345   90402   0.00    8.18
90345   90512   6.00    85.46
90352   90073   4.59    75.94
90379   89993   3.25    103.97
90384   90175   15.00   55.37
90402   90572   0.00    86.87
90402   90619   7.57    42.71
90403   90452   0.00    30.16
90403   90275   2.67    24.88
90417   90075   9.00    70.07
90418   90562   10.00   33.65
90423   89933   0.00    113.41
90428   90859   0.00    84.06
90447   90869   9.55    89.81
90447   90208   0.00    59.34
90452   90275   5.39    52.08
90457   90379   0.00    50.80
90457   90417   0.00    13.87
90462   90689   4.67    43.37
90467   90452   7.25    5.96
90469   90212   0.00    45.48
90469   90668   3.00    86.51
90482   89982   9.73    102.58
90497   90457   0.00    14.33
90497   90417   0.00    13.51
90512   90568   15.00   40.03
90512   90497   0.00    1.91
90516   90041   5.50    97.71
90527   90413   0.00    24.31
90527   90851   9.27    61.91
90546   90656   0.00    27.33
90546   90423   0.00    30.23
90546   91271   4.14    128.33
90550   90403   1.00    31.05
90562   90352   9.94    52.80
90566   91133   7.00    125.61
90568   90607   3.00    30.01
90568   90958   0.00    73.86
90584   89959   7.30    123.75
90585   91145   7.47    121.59
90592   90384   0.00    48.54
90605   90846   9.00    53.49
90605   90384   9.83    56.26
90605   90482   5.50    28.08
90607   90379   0.00    41.73
90607   90742   13.29   90.28
90619   90770   8.00    27.44
90619   90796   0.00    86.22
90631   90662   8.67    98.83
90633   90228   10.00   78.04
90656   91211   9.56    114.81
90656   90423   0.00    45.40
90662   90467   2.65    89.88
90668   90044   9.73    116.20
90668   91045   10.32   144.07
90668   90516   8.54    93.55
90677   91211   9.83    96.16
90683   89945   3.00    147.66
90683   90689   12.00   43.01
90689   90709   10.00   62.37
90692   90683   10.86   60.00
90692   89945   6.50    138.18
90699   90562   12.00   40.70
90699   91026   9.08    63.46
90709   90729   10.10   57.57
90709   91390   10.50   113.12
90714   90527   14.60   90.32
90723   89993   11.50   136.03
90723   90692   5.75    48.03
90723   90822   0.00    24.60
90727   91566   8.14    148.78
90729   90740   6.50    30.24
90740   90748   10.00   28.33
90740   91174   10.00   81.26
90742   90723   0.00    22.91
90748   90750   0.00    21.23
90748   89982   5.13    136.69
90750   90482   10.82   81.91
90770   90860   0.00    16.96
90770   90890   7.75    76.68
90772   90135   10.80   120.24
90811   90128   7.65    129.77
90822   90742   0.00    43.76
90822   91263   8.00    100.86
90835   91026   10.00   53.18
90846   91299   2.00    87.73
90846   91277   7.00    89.12
90851   90979   10.50   64.44
90851   91134   9.33    51.22
90859   90926   0.00    11.70
90860   91016   4.45    28.25
90860   91034   0.00    86.17
90869   91360   7.79    90.37
90882   90859   10.00   9.79
90882   90070   9.04    150.77
90885   90811   0.00    39.06
90890   90958   0.00    44.14
90890   90512   3.00    72.94
90926   91438   11.50   88.78
90926   90938   0.00    10.46
90934   90662   4.78    108.80
90938   90882   10.27   11.41
90940   90546   1.00    101.76
90945   90352   9.92    120.44
90958   91314   10.43   77.15
90975   91749   0.00    125.90
90977   90934   0.00    17.42
90977   90631   5.50    99.24
90979   91280   0.00    61.09
90994   91503   1.00    85.33
90994   90750   3.00    46.02
91026   91467   9.53    77.29
91045   90633   10.67   78.04
91045   91360   9.87    114.01
91086   90811   11.50   52.33
91096   90550   8.00    121.00
91110   90683   0.00    83.56
91129   90699   9.02    118.36
91133   91560   8.77    122.02
91134   91328   9.33    55.75
91134   91610   0.00    73.51
91145   91149   0.00    2.63
91149   91285   0.00    28.33
91152   90714   11.20   94.00
91174   91390   8.70    76.92
91193   91145   0.00    20.81
91193   90584   7.70    124.16
91195   91322   0.00    39.68
91211   91802   10.20   90.89
91211   91759   11.00   101.49
91221   90806   0.00    75.54
91221   90994   10.00   39.62
91239   90692   7.25    110.69
91263   91814   10.00   101.77
91271   91519   10.00   35.24
91275   90977   3.00    111.31
91275   90668   6.00    114.98
91277   91759   3.00    89.12
91280   91152   3.00    61.15
91280   92052   11.00   123.45
91285   91372   0.00    15.86
91285   91576   8.00    53.81
91299   91717   8.67    80.88
91299   91620   9.50    52.94
91314   91447   0.00    18.40
91318   91972   3.60    149.72
91318   91193   3.75    20.16
91322   91045   11.67   53.07
91328   91452   9.63    38.76
91355   91275   1.00    26.03
91355   91840   0.00    83.02
91360   91633   9.33    96.44
91360   92003   7.41    113.61
91369   91318   0.00    9.76
91372   91369   0.00    12.36
91381   90882   7.00    97.73
91390   91110   15.00   80.58
91438   90772   12.00   119.82
91452   91681   13.33   91.86
91452   91920   9.20    75.32
91467   91894   11.10   77.29
91469   91314   7.86    23.84
91469   91447   0.00    12.67
91471   91096   4.50    117.31
91471   90934   1.00    86.97
91481   91355   5.83    39.78
91481   91783   0.00    54.56
91486   91438   3.00    9.23
91486   90938   10.05   92.50
91489   90979   14.33   80.88
91503   91848   0.00    61.30
91503   91694   15.00   53.60
91519   92056   2.20    88.78
91554   91129   9.41    70.48
91554   91786   0.00    73.59
91558   91469   10.00   14.38
91560   91590   10.00   14.41
91560   91471   10.00   16.26
91576   91817   6.00    52.63
91580   91372   10.44   46.59
91590   92002   6.00    86.83
91590   91891   4.25    117.44
91596   91469   0.00    28.52
91610   91328   11.50   60.19
91620   92213   9.67    107.32
91620   91221   10.33   63.90
91633   90945   7.57    121.16
91633   91894   9.08    96.83
91665   91152   3.00    79.04
91681   91560   9.79    52.60
91686   91481   5.44    78.10
91686   91322   9.46    61.42
91694   91811   10.00   117.99
91717   92089   9.20    80.88
91759   92089   7.60    68.17
91759   92349   8.82    122.13
91786   91973   0.00    65.47
91786   92033   0.00    45.88
91802   92349   8.31    90.91
91811   91239   3.00    109.80
91814   92034   11.00   37.57
91814   92067   0.00    71.57
91817   92091   0.00    65.64
91817   91381   5.50    96.00
91840   91471   14.60   137.64
91848   91694   0.00    32.16
91848   92390   3.00    103.21
91861   92187   6.40    81.79
91861   91580   0.00    62.52
91891   92201   0.00    117.54
91894   92055   12.23   58.51
91910   91681   10.11   39.82
91920   92367   11.50   75.32
91922   91580   11.50   81.20
91962   92132   6.50    39.18
91962   91486   8.64    114.20
91972   92434   8.71    115.65
91974   92052   8.83    57.35
91974   91489   13.20   80.88
91976   91974   11.50   41.82
91976   91610   13.00   60.19
92002   92437   8.50    87.56
92003   91686   5.55    115.82
92003   92441   5.81    82.59
92034   92630   0.00    115.39
92052   92125   11.50   60.64
92052   92738   9.67    107.77
92055   92726   7.58    114.30
92055   92219   10.89   58.41
92056   92263   3.20    36.84
92067   92034   0.00    49.20
92089   92626   6.50    108.96
92089   92729   8.25    117.60
92091   92132   13.33   8.46
92091   91962   7.42    38.95
92116   92091   0.00    7.73
92116   91861   0.00    60.90
92125   91665   10.00   78.86
92131   91840   8.38    115.02
92132   92170   0.00    8.04
92151   91620   10.82   91.72
92170   92302   4.67    39.23
92170   92116   3.75    9.39
92187   92528   15.00   81.79
92201   92517   3.60    117.62
92213   92713   3.00    79.31
92213   92701   20.00   80.37
92219   92523   10.79   115.06
92219   91554   6.83    121.61
92261   91972   11.00   64.93
92261   91922   9.00    81.20
92263   93007   6.62    132.36
92266   92003   7.14    96.28
92266   91633   8.89    114.49
92281   91910   8.60    60.83
92302   92116   0.00    39.05
92326   91976   7.69    59.35
92349   92818   11.69   85.05
92367   92326   3.00    65.40
92367   93076   3.00    95.26
92387   93049   10.00   102.70
92390   91811   8.38    133.06
92434   92861   3.75    112.28
92434   92812   11.20   65.14
92437   92387   9.06    97.06
92441   92517   0.00    14.72
92441   92131   7.86    115.06
92459   92125   7.40    56.05
92459   92754   0.00    44.04
92467   92266   5.95    76.98
92517   92991   5.20    74.02
92517   92926   8.67    123.81
92528   92261   0.00    61.72
92528   93176   7.58    127.68
92610   92459   11.50   23.42
92610   92754   3.00    30.32
92626   92895   11.50   90.64
92626   93134   8.50    84.48
92648   92437   8.43    71.47
92648   93332   15.25   100.25
92701   93288   10.00   81.49
92713   93249   7.50    79.32
92726   92467   4.60    76.98
92729   92151   12.86   91.72
92729   93249   10.85   90.11
92738   93399   6.71    105.94
92754   93014   12.60   52.73
92812   92261   9.88    121.48
92818   92874   3.00    7.27
92835   92441   9.39    127.60
92838   92812   0.00    4.91
92838   93176   11.50   65.17
92861   93281   0.00    65.14
92861   93064   10.00   66.87
92871   92648   11.56   72.61
92874   93093   10.00   28.89
92874   93299   11.00   80.86
92891   92326   10.10   79.98
92891   93752   9.37    129.59
92892   92302   4.11    124.08
92892   92528   7.39    65.63
92926   93302   7.78    123.82
92944   92281   12.00   98.29
92991   93914   5.85    131.76
92991   92871   12.17   47.02
92994   92437   7.83    76.18
93007   93549   7.41    76.23
93007   93040   4.30    21.88
93014   93096   8.50    58.57
93014   93199   0.00    42.43
93024   92726   8.55    87.16
93029   92818   5.43    35.27
93029   93093   0.00    29.25
93040   92704   1.00    59.18
93040   93079   2.00    25.50
93049   93774   9.56    104.14
93064   93096   11.50   11.64
93064   93570   6.50    72.95
93076   93752   13.25   95.26
93079   93122   3.86    38.06
93093   93708   13.33   87.76
93096   93199   8.80    56.77
93122   93153   9.20    38.15
93134   93029   10.00   23.64
93153   93243   3.00    64.65
93153   93734   13.25   80.75
93176   93602   6.75    83.34
93199   93419   11.00   81.73
93207   94051   10.27   121.26
93207   92991   4.40    81.31
93220   92835   6.66    127.60
93220   92726   9.27    75.83
93243   93551   5.46    149.49
93245   92729   3.63    92.88
93274   93024   4.54    87.16
93281   92838   11.20   123.65
93281   93955   0.00    97.96
93299   93549   8.48    78.90
93302   93703   12.00   123.82
93332   94050   11.29   100.42
93332   93524   10.00   70.26
93358   92610   10.00   106.95
93362   93805   3.00    81.31
93362   92892   5.35    94.42
93386   92892   3.74    93.80
93399   92891   7.80    69.83
93419   93841   0.00    64.15
93419   93460   20.00   10.92
93460   93695   0.00    51.20
93460   93358   0.00    32.48
93484   93245   9.89    89.26
93484   93134   9.22    70.92
93501   93207   9.11    102.01
93524   92994   6.80    76.11
93549   94543   7.00    141.43
93550   92871   11.00   99.55
93551   93846   5.13    149.47
93570   93281   8.57    107.99
93570   94064   11.00   71.73
93591   93220   9.57    118.42
93602   93998   8.50    83.38
93647   93695   0.00    8.66
93647   93358   9.79    48.54
93656   92944   6.38    98.42
93656   93774   8.43    57.89
93695   94037   3.00    65.56
93708   93484   0.00    84.29
93708   94039   10.00   55.10
93734   94283   11.50   80.75
93736   93122   9.57    88.15
93752   93656   9.57    74.50
93774   94567   10.21   118.79
93781   93079   8.25    99.20
93796   93501   11.40   102.01
93801   93837   11.50   27.90
93801   93399   8.50    54.13
93805   94212   15.00   81.41
93822   94560   6.63    146.32
93822   93362   6.75    91.27
93837   93647   12.20   34.43
93841   93570   10.25   105.72
93842   93484   9.17    70.87
93846   93944   7.25    42.44
93914   94593   11.38   128.15
93944   93982   2.82    19.43
93944   93386   2.71    95.12
93955   93998   11.50   23.80
93978   93837   12.67   28.33
93978   93801   11.00   30.26
93978   94037   11.50   7.90
93982   94212   2.64    64.88
93985   94627   10.75   129.13
93985   94051   10.22   68.90
93998   94466   17.50   95.82
93998   94277   9.00    68.03
94037   94267   11.00   63.98
94037   94098   8.91    10.72
94039   94331   6.50    46.20
94050   93550   10.00   97.63
94051   94877   10.65   146.59
94058   93796   8.50    102.02
94064   93955   5.86    121.67
94098   93978   10.55   14.96
94146   93524   11.06   90.26
94161   93708   10.17   108.41
94202   94283   9.25    57.43
94202   93243   6.50    135.29
94212   94456   5.20    62.86
94234   94064   10.33   79.14
94267   94234   9.00    78.58
94267   93841   8.00    91.54
94277   93822   8.05    95.30
94283   94284   0.00    2.14
94284   94583   0.00    52.19
94284   94340   10.00   33.08
94298   93985   8.33    136.18
94300   94098   3.00    32.29
94331   94217   13.25   146.63
94331   95001   10.00   125.64
94340   94468   11.00   85.01
94340   93736   9.30    88.15
94424   93846   5.00    83.69
94456   94560   2.83    30.31
94466   94064   12.71   95.86
94468   94543   9.86    55.03
94468   93781   0.00    99.14
94530   94300   11.78   128.33
94543   94708   10.25   27.40
94560   95019   3.46    111.91
94564   94050   13.67   89.50
94567   94530   4.67    21.86
94593   95187   9.36    126.69
94594   93982   6.25    87.28
94601   94039   9.43    103.30
94627   94744   8.75    123.03
94627   94771   9.14    32.15
94659   94298   6.58    136.55
94675   94567   9.73    77.32
94675   95027   10.50   48.98
94708   94846   8.71    87.07
94708   95649   9.15    122.57
94716   94800   11.00   115.42
94725   94277   5.38    99.42
94728   94146   9.00    90.26
94728   94675   8.79    37.73
94744   94877   10.79   123.00
94771   95399   11.92   108.48
94771   95241   10.52   95.50
94800   94901   10.79   115.42
94821   94212   3.50    97.31
94846   94161   9.50    112.33
94847   94530   6.50    48.92
94877   94898   0.00    3.65
94898   95362   11.25   134.30
94898   95531   9.53    141.59
94901   94300   6.75    94.85
94914   94728   7.14    24.62
94914   95027   6.19    36.16
94928   94456   5.50    72.15
94965   94424   8.40    83.67
94965   94594   3.00    84.35
95007   94847   0.00    25.22
95019   95149   3.75    91.96
95019   95158   4.78    35.61
95027   95153   6.00    48.97
95067   94564   9.00    89.38
95067   94914   6.73    33.54
95135   94202   9.36    141.22
95135   95197   8.00    35.68
95149   95289   10.00   91.95
95153   95493   2.29    102.41
95153   95800   0.00    83.87
95158   94277   6.59    138.95
95158   95238   3.71    65.20
95187   95067   0.00    37.02
95187   95409   6.25    29.53
95197   95873   10.00   83.35
95197   95282   12.73   56.84
95213   94725   5.24    99.50
95213   94716   7.60    119.27
95218   94601   0.00    104.11
95238   96363   10.20   143.75
95238   95312   7.31    73.01
95282   94340   10.50   140.78
95282   95432   10.75   84.86
95312   95335   2.89    31.16
95323   95213   20.00   17.78
95323   95335   9.86    38.34
95335   95387   0.00    41.04
95344   94846   7.55    81.69
95362   95187   1.67    48.50
95387   95408   4.10    74.97
95387   95323   10.00   8.42
95399   95531   11.77   90.29
95408   95323   7.93    77.96
95409   95623   5.50    30.82
95412   96004   4.00    74.08
95412   95408   1.40    4.66
95415   95282   12.67   16.24
95432   94468   10.50   140.31
95443   95158   7.25    36.01
95443   95561   9.20    63.90
95463   95412   2.18    44.89
95493   95530   6.29    10.82
95493   95007   10.50   65.46
95513   95463   6.29    45.90
95530   94901   7.27    90.27
95531   95966   20.00   58.28
95552   95513   2.16    44.75
95561   95685   12.60   66.46
95561   96145   12.00   77.01
95594   95552   4.17    46.50
95623   95658   10.00   26.19
95623   95875   0.00    39.82
95649   95830   8.20    105.32
95649   96344   7.64    93.12
95651   95594   2.15    45.00
95652   95409   0.00    67.03
95658   95729   7.33    78.02
95658   95362   0.00    32.68
95672   95530   11.86   17.77
95672   95651   4.36    44.83
95685   95784   10.00   65.82
95685   96242   10.00   77.36
95729   96153   11.50   81.79
95784   95882   7.50    63.17
95784   96352   12.44   76.68
95872   95399   11.50   54.96
95872   95797   7.81    114.42
95873   96501   0.00    83.37
95882   94965   9.65    118.83
95906   95872   3.58    44.41
95954   95963   10.63   148.79
95963   95672   4.72    41.54
95966   95906   5.20    38.79
96002   96215   0.00    29.18
96004   96513   7.38    65.07
96004   96126   12.67   70.47
96013   95135   9.11    112.79
96031   96145   9.60    65.62
96031   95443   4.07    76.04
96126   96240   9.32    67.05
96126   95387   7.08    94.08
96145   96242   10.00   65.95
96153   96336   9.35    22.13
96153   95966   9.53    115.69
96159   95432   10.00   93.78
96159   95415   10.11   119.30
96215   96636   12.00   56.55
96215   96270   10.00   30.66
96221   95415   9.47    103.48
96240   95312   10.00   119.69
96240   96363   9.00    68.03
96242   96352   9.92    65.95
96270   95954   1.00    41.71
96317   95906   4.82    53.92
96333   95651   7.67    90.74
96336   96575   1.00    31.52
96339   95594   0.00    98.59
96344   96747   6.00    60.97
96344   96159   9.80    92.92
96351   95552   1.00    105.99
96352   96471   9.00    65.43
96363   96488   9.24    64.05
96370   95513   4.14    112.82
96386   95463   6.75    120.48
96438   96336   8.77    58.00
96438   97178   8.20    115.77
96451   96317   13.29   78.10
96471   96650   10.46   133.33
96471   95882   11.22   77.03
96488   96031   9.26    57.79
96510   95963   1.00    70.23
96510   96270   15.00   141.79
96513   96768   6.33    42.33
96522   96110   0.00    52.22
96522   96438   6.85    51.79
96575   96847   7.00    45.53
96575   96451   6.71    78.10
96585   96317   4.64    36.75
96636   96522   10.84   96.65
96650   96814   10.52   133.31
96659   96636   20.00   15.81
96678   96513   10.68   134.40
96723   96659   7.86    54.34
96747   96909   9.33    112.44
96747   97142   7.75    62.65
96768   97233   5.00    73.09
96797   96723   11.33   52.09
96814   96927   5.43    93.26
96814   96013   9.79    112.79
96847   97347   5.67    77.47
96850   96678   8.26    134.39
96850   96488   4.25    59.66
96865   96797   8.50    49.35
96865   96510   6.33    58.64
96927   96221   9.00    103.49
96927   96936   0.00    6.43
96930   96865   6.55    48.40
96930   96333   0.00    90.74
96936   97685   9.33    117.29
96936   97017   4.33    54.94
96949   96768   9.23    133.80
96987   96930   4.67    42.47
96987   96339   15.75   98.59
97017   97039   10.33   22.03
97039   96159   9.94    128.53
97042   96850   11.00   132.36
97051   96987   4.67    41.76
97051   96351   11.00   105.99
97105   97051   12.00   45.47
97105   96370   8.67    112.78
97120   96850   7.30    42.46
97120   96949   9.44    133.80
97132   96847   10.00   96.65
97142   97039   8.63    88.69
97166   96386   10.17   120.48
97166   97105   0.00    41.89
97178   97937   13.00   115.77
97218   97042   11.44   132.31
97218   96471   7.38    118.67
97221   96659   0.00    89.48
97221   97358   9.00    61.61
97233   97166   5.63    46.71
97233   97730   6.92    76.61
97248   96522   8.44    116.14
97334   97233   8.79    79.60
97347   97855   4.60    77.47
97358   96723   10.50   98.81
97358   97419   12.67   51.41
97384   97218   8.56    133.30
97419   96797   0.00    98.69
97419   97477   6.71    49.55
97436   97334   10.88   79.61
97436   97828   11.00   58.19
97462   97753   0.00    40.23
97477   96865   1.00    97.86
97478   97567   15.00   77.23
97478   97218   6.67    43.45
97545   97384   7.60    133.33
97545   96814   9.91    116.66
97566   97436   6.67    107.24
97566   97120   6.50    73.19
97591   97477   6.33    18.65
97685   97545   10.13   99.72
97730   98000   1.67    39.19
97730   97841   7.00    82.28
97753   97591   8.68    92.52
97769   97685   9.25    55.51
97769   97017   9.14    116.80
97774   97478   3.00    41.65
97774   97884   0.00    77.33
97783   97566   10.95   132.99
97787   97132   10.50   100.13
97828   98219   11.50   58.85
97828   97987   10.75   105.49
97841   98180   10.86   85.18
97855   97937   3.82    53.19
97893   97753   8.31    104.89
97905   97769   7.71    107.86
97937   98021   4.65    52.17
97980   97783   14.33   132.98
97980   97774   7.00    30.03
97987   97566   7.00    57.83
98000   97893   5.50    69.48
98000   98718   5.64    116.46
98021   98147   4.63    98.61
98021   97248   9.28    116.14
98051   97545   9.93    72.41
98051   98211   10.49   130.68
98080   98801   10.91   116.53
98080   98000   8.25    57.69
98107   97980   11.08   21.07
98147   98288   3.69    98.59
98148   98080   7.40    51.28
98180   98148   8.80    19.51
98211   98377   10.00   130.67
98219   98924   12.60   115.54
98219   98180   8.13    33.12
98287   98107   11.27   120.81
98287   98714   8.92    72.28
98288   98315   8.50    23.57
98288   98986   6.76    116.33
98293   98219   12.20   48.09
98315   98379   2.00    48.10
98315   97419   9.17    134.09
98369   97987   1.00    60.33
98369   98293   2.88    56.96
98379   97591   10.50   116.34
98379   98529   3.58    115.47
98462   98287   5.66    145.37
98462   98051   9.46    65.62
98529   98809   0.00    46.29
98529   98639   5.43    80.53
98532   98369   10.00   133.34
98569   98107   12.11   73.13
98569   98714   10.29   118.71
98639   97893   9.15    116.81
98639   98718   3.62    70.10
98703   98569   26.29   22.60
98703   98532   9.14    133.35
98714   98900   9.11    146.18
98718   98801   5.52    58.24
98718   99472   6.77    117.20
98733   98021   9.54    115.84
98733   98857   7.49    98.76
98801   98859   3.56    50.71
98809   98948   1.00    24.13
98824   98369   5.29    75.60
98857   98986   6.58    98.76
98859   98924   5.89    50.17
98859   98148   11.50   115.86
98900   98462   6.42    73.15
98924   98985   7.21    50.18
98932   98824   5.86    84.86
98948   99258   10.00   46.59
98985   98293   9.73    115.18
98985   99066   5.11    57.44
98986   99092   2.81    70.05
99049   99227   9.83    129.65
99049   98900   10.61   23.28
99064   98703   0.00    58.29
99064   98928   1.00    97.13
99066   99157   6.62    58.01
99066   98824   6.33    38.88
99092   98379   1.40    116.18
99092   99258   8.21    115.79
99112   99206   0.00    76.54
99157   99235   6.19    54.98
99157   99895   11.78   115.47
99235   99375   4.05    96.32
99258   99377   9.86    75.46
99375   99426   15.57   56.92
99377   99472   6.38    75.46
99426   99558   8.63    86.70
99426   99064   2.00    56.85
99472   99867   4.32    61.86
99472   99520   7.75    34.37
99520   99667   7.56    115.96
99520   99112   10.00   61.48
99558   99676   6.29    88.88
99558   99710   0.00    127.43
99667   99822   7.93    115.97
99676   99792   3.25    88.87
99710   99426   9.00    41.58
99792   99985   3.87    137.07
99792   99049   9.93    114.88
99822   99066   5.39    116.25
99822   99895   8.25    58.50
99848   99092   4.53    116.67
99848   99663   9.09    133.73
99867   100184  2.30    53.94
99895   99975   9.29    55.21
99975   99235   11.86   114.74
99975   100112  6.33    96.96
100020  99867   10.50   113.13
100035  99848   7.91    133.13
100112  100166  10.00   55.74
100112  99375   10.09   116.48
100166  100339  11.00   132.39
100166  99710   8.25    75.25
100170  99822   4.59    58.02
100184  100035  8.50    133.09
100184  100909  3.06    116.44
100270  100184  12.36   60.63
100270  100980  11.92   115.66
100337  100270  11.50   54.71
100339  100491  10.62   132.37
100345  100170  6.17    133.39
100412  100020  10.00   117.01
100412  100337  9.00    62.56
100491  99792   9.09    118.06
100491  100678  7.50    126.39
100506  100345  10.00   133.40
100506  100166  9.86    58.60
100516  100412  7.37    88.55
100516  100170  5.40    58.96
100542  99848   6.80    116.13
100595  100680  11.50   65.33
100595  100506  9.00    13.07
100633  100542  8.07    69.88
100633  101362  9.40    116.34
100699  100516  9.83    133.44
100723  100633  9.24    62.64
100723  101445  8.67    116.41
100811  100723  10.15   63.31
100884  100595  0.00    44.74
100884  100699  8.60    133.45
100909  100811  6.79    70.69
100909  101644  2.72    116.30
100980  100909  8.09    60.33
100986  100884  9.35    81.40
101046  100980  9.96    55.11
101046  100337  10.43   116.81
101093  101456  10.00   58.19
101093  100986  6.88    81.40
101158  101046  8.79    75.47
101165  101908  3.41    115.05
101165  101093  3.58    49.27
101237  101165  10.00   51.40
101237  100491  9.64    116.56
101246  100884  6.40    58.31
101246  101350  10.75   81.15
101262  100516  6.90    117.18
101262  101158  6.80    75.47
101339  102076  4.67    116.26
101339  101262  10.56   58.90
101350  101456  11.38   81.15
101362  101445  8.60    62.57
101391  101339  8.50    49.45
101445  101534  6.18    63.76
101456  101837  7.86    57.78
101484  102246  12.67   116.76
101484  101391  8.29    70.69
101534  100811  10.37   116.47
101534  101644  4.89    69.55
101544  102303  11.50   116.44
101544  101484  0.00    39.94
101620  101246  8.57    59.13
101620  101544  7.00    48.15
101644  102381  8.15    115.19
101644  101778  5.45    92.45
101747  101620  3.91    80.23
101778  101900  5.58    92.46
101837  101747  5.17    80.21
101900  102003  4.55    81.76
101908  101837  1.78    52.10
101984  101620  6.50    57.02
101984  102162  12.17   131.51
102003  101262  7.93    115.96
102003  102076  3.10    57.29
102076  102142  5.14    51.67
102142  101391  10.17   115.89
102142  102246  7.73    70.25
102162  102343  3.59    131.47
102246  102303  4.33    40.39
102303  102359  2.00    47.11
102359  102455  4.18    67.40
102359  101984  6.75    58.21
102455  103312  14.33   117.35
102455  102618  5.31    110.08
102663  101900  6.83    114.45
102795  102003  6.04    115.79
103214  102359  7.90    118.04
67338   68321   9.00    146.75
68110   68722   6.40    87.61
68217   68683   9.00    72.00
68229   68851   12.50   96.62
68232   68967   4.50    128.49
68321   68405   0.00    11.71
68341   68988   8.35    96.20
68405   69374   8.13    144.20
68494   69118   9.00    90.08
68649   69308   9.43    105.23
68649   68967   5.20    53.96
68683   69660   4.75    144.34
68700   68081   7.15    89.02
68700   68683   6.40    33.07
68722   69186   8.45    95.75
68722   68700   9.00    64.42
68851   69446   9.20    86.10
68851   68728   3.71    54.41
68967   69452   8.57    75.56
68967   69225   3.00    43.96
68988   68851   5.33    49.92
68988   69554   8.60    85.78
69118   69674   3.00    85.46
69118   68988   9.90    50.63
69186   69225   9.11    90.88
69205   69642   7.53    76.62
69225   69694   6.88    84.06
69234   69118   9.00    53.74
69243   70047   10.82   135.19
69374   70299   10.50   145.37
69442   68994   5.83    79.76
69446   69961   9.14    86.10
69452   69657   10.00   34.04
69470   69986   8.29    86.92
69517   68994   3.00    81.86
69517   69211   9.00    63.95
69544   70316   6.60    132.07
69544   69690   7.75    32.18
69554   70061   7.45    85.78
69603   69261   7.67    54.11
69642   70019   7.73    76.53
69660   70028   0.00    60.02
69662   70404   9.62    124.90
69674   70180   11.00   85.47
69676   69517   2.75    33.60
69677   69480   10.00   29.55
69677   69660   9.80    85.40
69690   69765   0.00    19.25
69690   69001   9.63    109.54
69694   70039   6.40    87.36
69694   70241   10.00   88.21
69765   70329   11.50   95.37
69765   69876   2.33    26.44
69847   69452   8.67    82.53
69857   69442   9.20    80.06
69857   69205   10.24   108.58
69876   70309   7.40    97.54
69876   69211   13.00   110.44
69884   69356   8.67    85.99
69906   69869   3.00    15.40
69961   69906   11.20   24.36
69983   70050   3.00    20.99
69986   70551   0.00    86.87
70019   69603   6.39    73.25
70019   70245   3.80    41.20
70028   70213   5.80    29.11
70029   69478   2.50    89.99
70032   70204   3.00    30.12
70039   69677   7.25    59.65
70039   70028   9.00    84.13
70047   70908   10.55   135.19
70061   69961   6.50    49.93
70132   70319   8.13    75.67
70167   70936   8.63    111.67
70167   70029   11.50   63.36
70180   70528   3.71    54.21
70180   70061   5.00    51.03
70204   70404   3.00    75.44
70204   70319   15.00   18.43
70213   70299   12.60   59.09
70213   70468   4.67    35.98
70216   70503   8.13    137.53
70216   69857   9.00    61.77
70241   70608   1.00    51.09
70241   69847   8.67    82.40
70245   70568   7.96    53.51
70257   70743   0.00    85.86
70262   70938   9.05    104.04
70264   70398   8.50    60.85
70283   70180   8.60    52.72
70294   71189   3.00    134.63
70299   70368   0.00    41.40
70309   69676   11.00   111.40
70309   70426   20.00   21.84
70316   70980   4.75    129.28
70319   70640   7.25    48.98
70329   70980   8.58    100.85
70341   69676   8.63    128.78
70341   70216   11.50   20.41
70398   70528   7.25    60.78
70398   71228   6.50    119.37
70404   71195   8.50    112.64
70421   70283   3.83    58.47
70421   69884   10.60   85.99
70426   70702   7.93    57.97
70450   70640   7.80    77.11
70468   70739   8.28    98.32
70482   70468   8.13    79.76
70482   70039   5.14    65.21
70503   70019   8.50    77.88
70528   71375   10.86   120.02
70551   70927   12.50   57.46
70551   70421   10.00   57.20
70555   70341   6.73    31.18
70555   70920   7.20    130.74
70565   71168   7.20    93.12
70568   70584   0.00    2.81
70584   70786   15.00   32.59
70584   71231   4.16    112.74
70601   70503   7.25    13.76
70601   70786   9.86    80.28
70640   71102   6.95    100.38
70667   70743   10.00   29.48
70679   70450   9.43    79.01
70702   71164   0.00    89.46
70702   70898   5.00    38.48
70729   70029   6.47    103.47
70743   70796   0.00    17.74
70772   70482   0.00    41.94
70772   71058   12.13   63.42
70786   71113   8.13    49.80
70796   70866   9.00    22.35
70813   70273   12.71   84.94
70866   70262   13.33   106.53
70866   70938   5.75    28.00
70869   70329   7.00    108.84
70869   70426   2.50    88.10
70898   71220   15.50   60.38
70898   70555   8.50    53.40
70908   71195   7.25    39.80
70908   71322   7.80    81.37
70913   71488   13.29   134.86
70913   70679   9.00    93.43
70920   71113   7.50    79.09
70920   70601   6.00    51.20
70927   71023   10.00   54.65
70927   71729   8.13    115.38
70936   71738   5.86    111.37
70938   71026   10.00   28.44
70956   71231   7.25    53.46
70980   71410   8.67    75.87
70987   70421   10.82   86.27
71023   70729   11.00   71.22
71026   70177   8.50    133.53
71026   71189   4.25    50.36
71033   70869   14.60   32.19
71046   70772   6.50    38.27
71078   71228   9.20    61.57
71102   70913   1.00    103.47
71102   71488   9.00    54.29
71113   71855   11.90   108.07
71164   71033   3.00    24.30
71189   71554   10.00   52.65
71189   71307   8.69    37.84
71195   71248   0.00    7.38
71220   71619   9.86    78.70
71228   71294   0.00    9.32
71228   71375   12.29   59.76
71231   71244   0.00    2.12
71244   71382   9.00    28.61
71244   71562   5.36    55.33
71248   71102   10.00   65.29
71248   71589   6.20    49.49
71294   72029   10.50   106.26
71304   70920   10.80   53.02
71307   71591   9.32    98.39
71307   70679   10.61   91.59
71322   71682   12.67   81.37
71375   72137   3.00    112.31
71375   71493   7.25    58.41
71382   71889   9.20    132.28
71394   70729   5.36    87.30
71396   71164   6.43    40.75
71396   70898   10.46   89.08
71410   71764   0.00    75.84
71410   71033   15.00   95.33
71411   71978   13.70   88.24
71425   71554   6.50    47.53
71425   70796   10.00   97.75
71449   71304   13.33   51.61
71461   71396   7.75    14.37
71466   70846   3.69    87.29
71488   71864   8.80    57.05
71493   71615   0.00    56.90
71524   70929   7.57    89.49
71554   71717   8.33    29.60
71562   71879   10.30   50.19
71589   72059   10.64   70.62
71591   71864   7.64    98.39
71615   70987   5.86    86.27
71615   71729   11.83   57.59
71619   71304   13.33   48.45
71633   71619   7.80    3.24
71633   71855   8.07    80.51
71667   71220   7.80    89.68
71667   71461   0.00    43.65
71682   71589   12.06   141.74
71717   71425   3.00    54.71
71729   72569   7.25    111.88
71729   71885   4.75    63.89
71738   72585   8.67    111.06
71764   71461   3.00    95.44
71764   72050   14.60   54.02
71855   71889   1.00    11.36
71864   71947   7.40    25.77
71879   71993   8.60    16.68
71885   71023   10.00   118.63
71885   72015   4.40    53.73
71889   72170   7.25    57.34
71892   71682   10.75   39.17
71905   72318   15.00   95.78
71905   71382   4.67    76.17
71932   72183   0.00    51.39
71947   72356   8.21    61.09
71947   72059   14.35   40.73
71957   71633   9.93    91.01
71957   71667   0.00    53.65
71971   71633   5.22    48.97
71978   72610   7.06    88.30
71993   72374   7.78    65.05
71998   71394   7.75    86.97
72050   72281   12.86   45.56
72059   72524   6.65    147.27
72084   72668   7.83    118.99
72095   72529   8.46    115.00
72095   71524   6.04    89.90
72137   72398   3.00    34.89
72170   72201   10.00   11.96
72170   71971   20.00   69.04
72183   71957   10.33   65.93
72201   72309   5.20    73.25
72201   72773   0.00    86.47
72202   72604   0.00    103.70
72224   71562   10.00   104.25
72241   72666   7.14    52.41
72272   72137   5.33    57.47
72281   72183   10.00   28.26
72309   71971   8.67    49.53
72309   72786   7.67    140.37
72318   72278   0.00    8.70
72356   73181   8.29    110.16
72356   72574   11.11   61.99
72366   71892   11.29   93.78
72366   72050   8.56    91.24
72374   72610   7.29    54.24
72413   72272   15.00   57.50
72413   71615   5.80    112.98
72494   72773   9.50    87.13
72494   72309   10.00   24.81
72524   72740   4.85    66.32
72524   71892   9.00    91.25
72529   71883   7.40    94.57
72529   72956   9.00    114.24
72556   71905   6.50    88.95
72556   72318   0.00    56.66
72568   72585   6.50    12.44
72568   72088   5.50    68.03
72569   72413   0.00    58.20
72569   72763   3.00    25.98
72574   72866   8.90    95.94
72585   72647   0.00    9.29
72604   73181   0.00    104.52
72609   72413   7.40    23.86
72610   73669   8.65    142.45
72610   72990   6.54    63.17
72639   72568   0.00    11.74
72641   72366   16.67   47.88
72641   72281   10.25   90.65
72647   72656   0.00    20.22
72656   72668   9.80    129.18
72656   72639   0.00    2.88
72666   73545   5.55    109.00
72668   72569   5.50    56.07
72711   73772   0.00    145.75
72740   72849   7.58    36.79
72743   72711   1.00    141.89
72773   72839   3.00    26.04
72777   72647   7.25    27.89
72777   73194   9.65    143.34
72777   73129   0.00    94.49
72778   72663   0.00    15.87
72778   72837   4.75    22.55
72806   71879   9.52    132.54
72806   72556   4.25    78.26
72828   72666   7.67    97.29
72837   72663   11.50   33.48
72849   73174   9.30    102.67
72849   72641   10.00   54.71
72866   73191   12.88   95.90
72911   72494   2.33    58.16
72911   73158   13.29   72.87
72938   73324   0.00    47.02
72942   73145   10.20   109.85
72969   72429   8.60    79.96
72970   72095   6.52    123.96
72990   73190   3.25    29.43
72991   72574   10.00   58.54
73097   72911   0.00    23.69
73097   72786   9.86    94.20
73129   73499   13.20   53.58
73145   73360   12.50   109.86
73158   73396   9.20    30.51
73174   73495   5.37    102.57
73181   73231   0.00    4.64
73190   73374   11.67   26.55
73191   72740   6.68    60.30
73191   73583   9.00    122.03
73192   73767   9.57    86.96
73194   73184   0.00    42.00
73212   72991   13.33   64.10
73219   73324   0.00    24.95
73219   72778   10.75   59.45
73231   73810   10.56   87.27
73231   73767   9.43    72.56
73324   73611   10.00   41.63
73348   73476   7.38    40.20
73360   73545   9.50    109.86
73374   73730   10.60   60.43
73407   72956   3.00    60.61
73407   73877   8.57    120.18
73476   73540   5.83    20.01
73476   74051   11.50   77.45
73495   73097   8.33    50.45
73495   73742   9.44    74.25
73499   74382   11.20   122.66
73499   73658   5.33    40.22
73533   74109   5.33    77.67
73533   72969   5.80    79.80
73540   72529   11.92   139.92
73540   73729   5.72    48.47
73545   73693   8.36    84.79
73545   73750   5.50    25.84
73560   72806   7.00    102.23
73562   72991   10.75   71.70
73583   73956   10.19   122.03
73616   73191   20.00   56.46
73616   73212   8.73    127.85
73628   73212   0.00    55.42
73628   73562   3.00    21.67
73658   74458   7.40    111.25
73658   73832   13.67   49.83
73669   74636   11.00   142.45
73693   73842   10.50   84.81
73729   73148   10.57   80.43
73729   73936   7.26    59.95
73730   73772   9.20    10.22
73742   73821   1.00    27.05
73742   73396   10.00   47.54
73750   74152   8.10    101.70
73763   73497   4.73    41.02
73763   73921   10.18   37.34
73767   74378   8.52    103.87
73772   73867   4.88    48.05
73810   74317   9.39    87.09
73821   73500   6.50    47.14
73821   73943   0.00    39.38
73832   72942   8.25    110.80
73832   73904   10.00   44.65
73842   73774   8.91    89.25
73842   72954   9.25    108.46
73867   73986   5.03    46.76
73904   73970   3.00    35.02
73921   74243   6.50    76.79
73936   73407   2.33    77.50
73936   74005   10.00   18.87
73943   73974   0.00    9.82
73943   74840   2.33    135.43
73956   74158   11.15   73.97
73970   74031   3.00    41.59
73974   73219   6.40    106.11
73974   74128   7.73    54.54
73986   74074   6.67    38.41
73996   73616   8.50    122.06
74005   74045   6.88    34.18
74017   73616   13.20   56.77
74017   73628   12.20   128.78
74031   74103   10.00   47.33
74045   73987   6.40    51.78
74045   74362   0.00    77.03
74051   74624   7.67    77.48
74074   74100   10.75   8.85
74100   74238   6.75    46.32
74103   74263   11.00   99.47
74109   73763   8.00    60.42
74119   74503   7.00    55.94
74119   74017   8.67    35.12
74123   74588   10.90   67.86
74128   74253   10.00   44.41
74152   74531   4.43    101.29
74158   73742   13.25   60.76
74194   74556   7.29    50.98
74238   74356   2.00    44.65
74243   74624   0.00    92.83
74253   73560   9.64    102.23
74253   74292   8.26    15.93
74263   74407   6.88    99.47
74292   74977   9.93    109.09
74292   74463   7.53    56.90
74317   73562   7.67    102.15
74317   74504   11.00   33.83
74328   74504   11.00   84.53
74341   73996   13.71   122.08
74356   74556   4.83    56.98
74371   73867   10.00   76.53
74378   74951   6.24    103.57
74379   74109   5.75    46.40
74388   74789   8.17    81.06
74407   74555   11.00   81.01
74408   74119   11.00   103.95
74437   74379   6.73    9.72
74463   75138   7.00    106.48
74463   74509   0.00    10.24
74466   74681   20.00   75.69
74503   74717   0.00    33.82
74503   74776   6.63    95.14
74509   74636   5.62    51.98
74531   74661   0.00    20.09
74531   74657   5.71    40.24
74555   74661   8.25    81.01
74556   74570   0.00    7.37
74570   74652   8.19    31.26
74585   74927   9.11    64.61
74588   74923   10.82   56.37
74624   74674   10.00   6.96
74636   74783   11.50   53.87
74636   75296   9.23    104.23
74652   74737   7.00    36.38
74657   74577   7.26    142.22
74661   74657   9.25    39.27
74674   75018   3.00    63.76
74681   74840   7.67    67.18
74681   74158   7.43    76.86
74698   75491   10.00   118.96
74717   74913   10.29   32.81
74717   75153   11.00   102.31
74724   74408   10.29   104.00
74737   74856   10.00   49.41
74760   74934   7.00    68.19
74782   74407   0.00    53.33
74783   74835   8.57    17.18
74789   74588   12.60   77.77
74835   74925   9.86    36.28
74840   75442   10.38   89.92
74841   75040   14.60   76.36
74845   74128   10.35   111.56
74856   74923   6.00    26.03
74856   75580   6.75    110.17
74859   74437   5.21    82.09
74863   74371   0.00    76.53
74913   74328   8.14    87.97
74913   74992   0.00    13.72
74923   75027   7.10    48.78
74925   74999   7.11    27.50
74927   75258   10.00   78.01
74927   75263   6.79    55.55
74934   75506   5.50    98.25
74977   75696   10.13   109.23
74986   74504   4.17    79.29
74992   75316   11.20   47.11
74992   75507   11.00   110.09
74999   75078   3.00    26.92
75018   75643   7.33    104.48
75027   75183   5.30    75.11
75027   75755   6.50    112.63
75045   75152   0.00    13.51
75078   75215   5.58    45.52
75094   74859   6.54    79.75
75099   75094   0.00    5.16
75107   75923   10.33   127.58
75122   75040   0.00    34.64
75138   75815   9.67    106.48
75152   75726   7.95    86.37
75183   75350   4.79    83.67
75183   75916   9.11    117.47
75215   75385   9.33    59.33
75218   75357   0.00    70.07
75258   75561   8.29    77.99
75263   75570   7.20    77.98
75263   75573   5.62    55.76
75267   75827   3.00    91.24
75296   75932   4.25    104.23
75316   75765   10.75   109.68
75316   75521   0.00    32.93
75350   75491   6.56    73.06
75352   76095   2.60    120.17
75352   75018   0.00    54.83
75368   75448   5.33    108.26
75368   75507   14.60   22.54
75385   75487   9.86    34.52
75385   75741   6.00    58.54
75404   75526   5.78    61.36
75481   75856   7.00    56.12
75487   75653   9.50    59.73
75491   75601   6.17    64.71
75491   76248   5.79    128.96
75502   75442   10.00   18.40
75502   76073   6.00    97.70
75506   76028   8.25    98.38
75507   75765   9.80    42.76
75521   74986   6.80    79.33
75521   75559   0.00    6.46
75539   75526   9.76    53.17
75543   76231   7.00    106.97
75559   75627   11.00   9.22
75563   76291   5.07    117.40
75570   75874   0.00    77.98
75571   75502   11.00   36.00
75571   74845   12.00   111.56
75573   75828   3.13    46.39
75573   75877   6.50    78.02
75576   75100   2.00    83.83
75580   76229   5.94    110.17
75601   76377   6.25    133.82
75601   75694   3.75    50.39
75604   75571   10.00   15.40
75604   76434   10.80   149.79
75607   75481   10.00   68.23
75627   76048   5.50    108.78
75647   75539   4.04    62.47
75653   75756   7.69    41.38
75687   75647   6.85    28.31
75694   75734   3.33    28.36
75694   76487   6.00    137.64
75696   75604   7.33    43.74
75726   75687   5.69    31.45
75728   76381   9.06    116.59
75731   75487   10.00   41.98
75731   76207   8.67    78.91
75734   75822   4.00    80.38
75741   75731   6.50    39.13
75741   76471   6.50    124.23
75755   76415   7.17    112.63
75756   75839   5.50    29.14
75765   75869   14.33   107.60
75765   76048   5.00    47.59
75769   75696   6.50    36.39
75769   76091   5.33    54.44
75780   75851   3.00    32.82
75805   75215   10.00   93.94
75815   75769   10.00   21.98
75822   76520   9.67    112.66
75822   75827   3.00    4.25
75827   75849   6.00    26.34
75828   75926   5.43    19.09
75834   76332   7.22    121.30
75834   75968   7.56    31.97
75834   75576   9.25    82.66
75839   75903   8.30    29.37
75849   75019   8.44    119.12
75849   75885   10.27   55.31
75851   76583   20.00   124.85
75851   75923   0.00    49.58
75856   75726   5.38    71.58
75877   76160   0.00    78.02
75880   76399   0.00    127.01
75885   75092   10.25   114.58
75885   75910   5.33    48.01
75897   75856   7.07    30.19
75897   76564   8.36    106.09
75903   75956   3.00    21.08
75910   75911   0.00    2.98
75911   75941   7.08    30.81
75911   75172   6.60    109.25
75916   76624   9.33    117.47
75923   76073   6.80    81.92
75923   76651   14.33   124.08
75926   76096   5.33    31.93
75932   75815   10.43   61.21
75941   76027   8.40    116.60
75956   76250   20.00   72.82
75956   76107   11.20   55.23
75966   75932   0.00    18.15
75968   76177   6.50    57.41
75968   76028   4.75    60.69
76022   75897   7.42    81.96
76022   76485   9.06    74.52
76027   76604   9.14    91.45
76027   76022   6.83    129.02
76028   76085   11.00   90.47
76048   76463   9.56    107.87
76048   76175   1.67    22.62
76073   76551   9.80    75.54
76080   75966   15.00   53.58
76085   76095   2.60    16.98
76091   76283   12.20   36.38
76091   76182   7.25    60.43
76095   76145   4.67    97.25
76096   76145   3.00    8.56
76096   76396   0.00    81.44
76107   76229   5.13    50.61
76145   76336   20.00   42.03
76161   76080   5.50    38.03
76161   76516   3.00    61.74
76177   76707   5.11    118.17
76177   76244   0.00    19.97
76204   76161   11.00   26.88
76207   76615   8.67    77.28
76215   76763   10.00   83.23
76215   76155   10.54   90.45
76221   75734   0.00    82.53
76229   76316   5.50    41.81
76231   76215   8.25    21.90
76231   76708   3.00    72.81
76232   76515   8.67    53.52
76237   75966   0.00    46.75
76242   75910   0.00    73.56
76247   76231   0.00    21.59
76248   77017   11.16   128.96
76283   76524   10.00   38.18
76283   76472   5.33    77.31
76291   76247   12.17   66.42
76307   75839   12.11   84.32
76309   76643   0.00    52.53
76316   76415   3.00    33.45
76332   76881   3.83    121.14
76335   76697   6.50    54.44
76336   76872   4.25    97.36
76336   76683   0.00    81.55
76344   76204   10.80   74.41
76344   75805   0.00    93.94
76377   77176   5.80    133.81
76381   77178   9.43    138.71
76396   76738   7.67    81.44
76398   76921   2.50    113.05
76399   76223   0.00    45.23
76399   76608   0.00    31.55
76414   76291   10.30   42.72
76414   76980   7.20    88.43
76415   76484   0.00    26.23
76434   76692   9.44    91.54
76434   76551   0.00    29.12
76448   77120   10.60   112.71
76469   76996   4.75    88.54
76469   76417   0.00    24.13
76471   76344   12.17   57.81
76472   76643   4.60    77.01
76484   76624   10.00   48.78
76484   76975   7.25    78.31
76485   77288   6.83    122.39
76487   77314   5.90    137.66
76507   76599   0.00    56.38
76515   76381   3.00    31.07
76515   77271   5.38    130.53
76516   76736   3.00    33.42
76516   76654   6.67    69.75
76520   77170   5.71    101.90
76520   76469   3.00    48.62
76523   76730   10.00   43.31
76524   76692   0.00    25.98
76551   76599   0.00    8.33
76552   76310   10.00   63.61
76564   77251   9.52    106.09
76583   76526   8.77    33.10
76592   76485   0.00    62.01
76595   76520   7.40    90.19
76599   76819   0.00    36.50
76604   77186   7.14    91.45
76612   77224   9.42    104.10
76615   76471   9.83    63.77
76615   76972   13.29   59.13
76624   76827   5.13    78.98
76637   76524   2.00    63.35
76643   76697   0.00    21.55
76651   76583   0.00    46.37
76654   77394   7.47    123.65
76654   76807   9.33    75.22
76656   76595   5.75    90.17
76663   76221   10.00   81.77
76683   76995   0.00    81.47
76692   76990   9.00    49.49
76697   76736   0.00    16.84
76707   77226   8.57    118.17
76708   76781   0.00    11.54
76709   76615   7.00    40.37
76709   77243   14.33   87.86
76730   76872   0.00    37.43
76736   77291   9.22    94.37
76741   76651   3.00    49.26
76741   77035   1.00    49.06
76754   76316   10.50   69.32
76754   76509   8.67    91.11
76763   76677   8.75    91.38
76766   76247   20.00   78.02
76766   76708   5.50    21.21
76781   77168   11.13   60.13
76781   76763   6.50    22.33
76807   76972   7.56    75.21
76811   76709   3.00    50.68
76819   76741   12.60   60.81
76827   77017   6.76    71.45
76827   77298   10.45   80.19
76829   76307   9.55    84.32
76829   76811   3.00    10.98
76838   76232   10.25   110.17
76848   76766   12.67   36.29
76865   77372   1.00    78.50
76872   76931   3.17    11.34
76921   77421   6.40    113.09
76931   77414   5.40    103.62
76931   77061   6.50    35.72
76975   77154   0.00    32.79
76975   77298   7.40    124.09
76979   77284   11.50   52.45
76979   76819   7.83    100.34
76980   76848   20.00   49.67
76980   77331   0.00    58.69
76990   76979   0.00    9.61
76996   77550   8.33    89.57
76998   77739   6.50    121.03
77003   76730   3.00    104.03
77017   77128   5.30    42.07
77051   77168   7.75    113.11
77058   76829   8.47    104.93
77061   77296   3.43    60.01
77123   76515   8.69    107.90
77128   77176   6.50    18.93
77128   77599   8.60    80.20
77129   77507   0.00    59.00
77143   77618   3.13    80.63
77168   77415   6.50    37.99
77170   77324   9.88    110.38
77170   77521   2.50    55.29
77176   77278   9.00    34.67
77186   77111   11.09   115.82
77186   77686   6.50    77.05
77200   76990   5.33    139.17
77224   76980   9.00    101.33
77224   77926   6.73    119.98
77226   77739   10.67   118.18
77237   76811   0.00    72.14
77243   77710   9.00    86.94
77247   76754   9.20    85.69
77247   77058   12.17   87.18
77250   77504   10.00   73.37
77251   77149   9.89    132.95
77251   77381   10.00   19.26
77271   77547   8.50    91.90
77271   77608   3.00    62.01
77278   77747   10.00   83.32
77278   77314   7.14    15.70
77288   77186   8.78    128.60
77288   77758   9.83    77.32
77291   77200   10.75   55.87
77296   77511   10.00   54.24
77298   77724   11.50   74.47
77300   77608   12.33   106.56
77314   77423   16.67   38.57
77320   76850   10.00   95.10
77324   77372   7.67    30.56
77331   77810   9.80    80.76
77350   77581   1.00    41.73
77370   77967   8.00    121.08
77372   77438   10.60   53.85
77376   76848   6.33    83.74
77376   77331   0.00    49.72
77394   77291   7.00    68.69
77400   77355   0.00    33.93
77405   78001   6.56    100.21
77414   77723   3.00    102.29
77415   77719   9.96    49.96
77415   77376   10.50   45.90
77421   77896   12.60   113.01
77423   77550   8.10    53.10
77423   77892   5.86    83.19
77452   77791   9.20    57.30
77452   77394   0.00    38.40
77456   77224   10.64   96.41
77457   76838   8.60    110.31
77472   77247   11.78   85.80
77481   77003   9.33    105.41
77481   77414   5.00    128.08
77507   77452   10.00   41.95
77521   77731   14.33   35.84
77538   77123   10.06   72.79
77538   78248   3.75    130.07
77541   77200   10.00   55.09
77547   77123   8.33    74.27
77550   78043   3.00    83.04
77550   77731   9.08    69.59
77575   77469   20.00   63.11
77581   77472   11.20   48.97
77585   77076   8.08    112.65
77596   77674   7.00    85.37
77599   78065   9.00    80.20
77601   77507   6.50    74.35
77607   78129   10.60   123.33
77608   77834   10.00   40.59
77608   77905   10.60   92.57
77618   77456   8.77    63.51
77654   77521   13.67   52.27
77661   77954   8.60    50.86
77671   77601   8.86    46.29
77674   77681   0.00    6.38
77681   77748   7.63    100.98
77686   78042   7.43    55.30
77690   77247   0.00    78.13
77696   77757   1.00    49.12
77710   77671   11.50   21.96
77719   77596   9.40    113.53
77723   77833   0.00    100.76
77724   78387   9.44    113.99
77724   77581   12.50   53.58
77731   78259   9.55    91.56
77731   77913   11.00   71.03
77739   77890   3.00    38.13
77747   78238   12.29   83.32
77748   77758   8.53    100.95
77757   77456   9.88    50.20
77758   77686   11.75   128.54
77758   78337   9.43    91.16
77761   78418   7.56    143.26
77768   78093   0.00    50.81
77774   77320   9.11    95.12
77774   77995   14.33   93.27
77780   77618   3.00    57.06
77780   77315   16.67   81.24
77788   77324   10.00   74.34
77810   77719   12.05   76.11
77833   77481   10.60   82.53
77833   77896   22.80   99.87
77848   78003   0.00    107.92
77848   77669   0.00    35.06
77890   78200   5.13    63.40
77890   78029   0.00    58.09
77892   78371   9.00    83.19
77895   77810   8.25    72.51
77896   78029   3.00    27.27
77898   77472   11.00   76.07
77905   77547   4.00    64.36
77909   77538   8.25    70.89
77909   78614   7.00    124.74
77913   78532   10.00   96.96
77913   78093   5.64    84.55
77920   78210   20.00   51.45
77926   77895   0.00    20.31
77926   78169   10.00   43.55
77947   78096   0.00    41.91
77954   78082   0.00    81.59
77954   78244   7.80    50.06
77961   78169   8.25    68.65
77961   77926   11.50   24.66
77967   77780   11.50   48.82
77976   78042   10.00   115.79
78001   77585   11.18   101.52
78003   78176   20.00   106.98
78014   77674   3.60    52.46
78024   78094   12.50   43.84
78036   78256   3.00    41.99
78036   77995   10.00   19.89
78038   78159   7.67    68.66
78042   78729   13.33   108.47
78043   78524   10.29   83.04
78046   78036   0.00    6.94
78056   77961   7.73    119.01
78056   77757   4.40    44.53
78056   78411   10.00   61.19
78057   77457   9.00    110.31
78057   78046   0.00    30.72
78063   78001   15.00   27.50
78065   78238   6.75    54.78
78065   77724   8.29    117.10
78065   78512   4.67    75.69
78070   78300   6.50    39.17
78082   78210   5.00    81.59
78093   78196   6.50    55.23
78094   77780   9.00    53.95
78096   77774   2.50    62.92
78118   78487   4.00    78.69
78127   78046   1.00    27.54
78127   78057   0.00    15.75
78129   77967   11.00   44.48
78129   78756   10.33   130.77
78132   77690   8.67    78.37
78132   77910   10.00   84.28
78154   78721   3.00    92.76
78165   77596   9.09    91.68
78169   78479   9.00    48.91
78169   77895   9.00    59.49
78172   78256   0.00    24.62
78200   78079   9.00    64.90
78203   78132   6.50    29.18
78210   78664   6.50    74.89
78220   78127   0.00    24.12
78225   78165   0.00    9.72
78238   79094   8.80    141.34
78238   78371   4.75    53.86
78244   78063   8.89    126.13
78244   78947   5.86    113.19
78246   78718   4.54    138.33
78248   79042   5.50    131.04
78256   79093   16.67   147.52
78259   78532   21.29   94.34
78259   78698   6.47    73.44
78300   78562   3.00    38.22
78300   78225   5.33    115.87
78303   78096   1.00    40.60
78310   77909   3.60    76.26
78319   78165   8.74    134.47
78321   78200   18.14   60.48
78321   78029   11.50   60.62
78328   77905   9.57    78.41
78337   78417   0.00    10.87
78354   78337   2.33    83.53
78357   78300   15.00   87.55
78371   79176   9.20    132.73
78371   78524   5.80    53.35
78372   78302   0.00    33.71
78372   77848   0.00    126.27
78387   78638   11.50   42.66
78388   78310   20.00   12.14
78388   78726   8.91    95.16
78394   78321   6.50    31.53
78405   78974   7.20    90.82
78411   78739   8.67    49.79
78411   78471   9.00    55.66
78417   78985   8.36    86.28
78417   78357   10.75   87.55
78418   78956   6.63    110.84
78418   78129   11.50   67.76
78436   78203   8.23    81.87
78448   78394   11.00   23.51
78448   77833   4.17    138.89
78471   78094   9.00    63.12
78471   78756   4.75    54.58
78479   78319   8.43    130.14
78483   78244   8.45    110.00
78487   78894   5.33    84.90
78512   78975   13.25   75.69
78516   78203   2.50    49.41
78524   79261   8.13    124.25
78524   78698   6.75    69.69
78531   79104   8.00    92.88
78532   78599   7.67    36.04
78536   79150   9.38    103.91
78536   78479   8.86    39.98
78545   78448   3.00    45.91
78551   78372   5.50    78.40
78555   78303   8.75    45.58
78555   78990   9.67    104.05
78583   78966   0.00    59.90
78583   78545   0.00    19.73
78598   78387   7.67    76.25
78599   78653   6.43    105.60
78614   79183   9.86    92.41
78638   78812   1.00    25.18
78638   78436   0.00    81.87
78653   78729   13.29   113.51
78654   78536   6.50    52.08
78664   78483   7.63    52.86
78671   78654   3.00    17.79
78675   78843   0.00    26.95
78675   78664   0.00    3.18
78676   78551   0.00    66.48
78698   79158   8.00    76.36
78702   78671   4.75    22.57
78702   78654   7.80    125.45
78703   78063   4.88    102.77
78703   78947   10.78   112.20
78706   79015   0.00    49.23
78717   79243   3.00    87.35
78717   78702   14.33   7.31
78718   78998   3.00    43.04
78718   78578   0.00    91.06
78721   79272   6.50    92.74
78726   78614   3.00    31.25
78729   78893   11.50   25.27
78739   78717   6.50    29.93
78740   78303   8.25    100.25
78756   78991   11.00   53.27
78764   78583   6.88    86.98
78802   78676   33.67   48.44
78805   78328   4.67    78.45
78808   78599   3.00    30.64
78812   79318   7.89    88.36
78840   78808   0.00    74.77
78843   79429   1.00    106.76
78851   78998   3.00    90.62
78862   78920   10.90   143.54
78862   78225   8.38    96.38
78893   79721   6.14    136.15
78894   79278   6.50    84.90
78920   78985   7.33    143.55
78921   79288   10.40   68.97
78921   78802   7.25    60.59
78943   78764   6.50    86.93
78943   79328   3.00    74.23
78946   78842   1.00    34.79
78946   78487   8.50    97.91
78947   79015   0.00    38.51
78947   79532   13.33   101.73
78955   78354   3.00    89.78
78955   78893   10.00   53.84
78956   79363   7.83    88.28
78962   79118   2.00    30.31
78966   79367   10.00   66.79
78974   79104   13.71   42.12
78974   79464   7.36    85.82
78975   79003   0.00    5.07
78975   78638   9.20    117.37
78981   78633   19.20   97.31
78981   78726   6.00    65.03
78985   78955   10.00   78.26
78985   79618   8.00    103.94
78989   79150   9.00    120.70
78990   79093   0.00    25.46
78991   78739   7.80    73.99
78992   79550   9.67    92.08
78992   78225   9.89    139.51
78998   79280   10.00   47.07
79014   79403   1.67    67.74
79015   79092   5.33    34.79
79026   79566   10.75   91.15
79026   78483   7.25    105.75
79042   79199   1.00    23.24
79042   78805   9.33    82.31
79092   79026   0.00    12.48
79093   79276   12.60   51.74
79104   79330   12.00   74.56
79108   78966   10.00   74.93
79118   78921   10.00   91.74
79121   78943   8.67    90.11
79128   78962   9.00    58.09
79138   78981   6.50    76.95
79146   79128   20.00   6.40
79150   79744   8.65    103.84
79158   79321   5.50    102.15
79158   79371   11.50   37.18
79183   79042   10.00   64.25
79215   79092   0.00    25.00
79215   79672   0.00    77.66
79217   79540   0.00    53.80
79220   78946   9.83    92.89
79226   79709   6.61    135.73
79237   79627   5.00    72.87
79240   80084   8.25    141.96
79240   78675   9.00    143.13
79243   79692   7.20    81.29
79256   79567   0.00    51.00
79272   79240   14.33   12.76
79275   79590   0.00    50.99
79276   79138   1.00    76.93
79278   78956   6.50    69.08
79280   79140   8.67    89.44
79285   78703   5.45    92.72
79288   79680   8.20    74.35
79288   79121   11.00   90.11
79302   79146   2.50    57.11
79302   78805   3.75    90.59
79318   78885   5.88    136.49
79318   79764   5.13    83.46
79320   78545   0.00    134.61
79321   78840   0.00    78.96
79321   79433   13.33   74.06
79324   78981   10.00   67.20
79324   79183   9.40    71.24
79328   79108   10.00   75.66
79328   79636   6.50    58.35
79330   79762   6.63    80.80
79330   79554   9.36    81.06
79338   78634   7.67    111.48
79350   79272   10.33   35.63
79350   79821   9.22    81.79
79363   79754   5.33    90.64
79363   78991   11.20   73.43
79376   79280   9.80    57.66
79383   79243   11.00   83.95
79393   79169   0.00    44.03
79401   78671   8.90    121.30
79403   79318   4.43    40.60
79411   79350   20.00   56.29
79411   79990   10.00   99.28
79426   79302   8.63    86.69
79429   80063   9.20    108.09
79430   79482   0.00    25.85
79433   78808   4.33    100.16
79439   78992   7.14    79.75
79442   79837   6.40    144.72
79464   79484   0.00    4.28
79464   79411   5.33    63.82
79476   79220   18.43   92.89
79476   79278   0.00    41.14
79482   79525   5.63    13.83
79484   80100   7.25    111.01
79496   79540   9.86    83.45
79496   78862   7.33    103.41
79520   79324   10.50   106.60
79525   79461   0.00    12.20
79525   79703   5.80    75.27
79529   79880   10.00   61.12
79529   79426   3.00    86.64
79532   79215   6.63    106.59
79532   80234   10.00   118.43
79540   79567   7.43    60.36
79549   78843   8.75    133.16
79550   80103   8.53    92.08
79553   79711   8.50    90.28
79553   79302   11.20   47.70
79554   79764   9.65    80.84
79566   80107   6.38    91.15
79567   79590   5.33    59.27
79569   79680   0.00    50.84
79590   79618   10.00   83.51
79618   79921   11.00   49.74
79627   79403   5.09    112.31
79653   79433   0.00    37.90
79672   80129   10.00   77.31
79680   80018   3.00    62.93
79692   80158   8.25    81.29
79703   79887   4.67    75.28
79709   79816   11.17   23.47
79709   80092   4.57    93.39
79710   79520   7.63    106.60
79711   79880   6.50    90.25
79721   79989   3.00    42.89
79721   79921   8.00    134.51
79737   79484   11.17   44.79
79737   80287   10.75   98.18
79741   79529   8.27    118.29
79743   79363   6.13    79.96
79743   79506   3.00    55.61
79744   80364   8.88    103.52
79746   79146   3.00    114.05
79751   79547   9.00    82.50
79754   79383   0.00    68.43
79760   79926   0.00    35.16
79760   79376   2.00    70.38
79762   80223   8.24    82.09
79764   80327   8.43    97.11
79764   79970   10.00   75.90
79768   79893   0.00    20.18
79775   79926   8.60    88.25
79791   79627   4.42    84.40
79796   79231   10.86   105.30
79804   79958   20.00   23.00
79821   80324   7.67    81.79
79828   79285   5.33    92.68
79828   79532   6.50    125.53
79831   80165   0.00    81.19
79837   79476   4.25    73.12
79837   79929   0.00    31.75
79847   79439   6.22    79.64
79847   80150   10.50   47.33
79855   79383   6.43    85.31
79880   80021   8.86    76.81
79887   80023   8.55    53.19
79893   80173   0.00    45.01
79896   79553   9.00    63.93
79896   80180   8.20    147.84
79897   79762   0.00    47.38
79912   79828   20.00   32.19
79921   80198   9.20    45.53
79926   79964   5.33    7.05
79929   80033   3.00    55.79
79958   80148   3.00    30.51
79958   79720   3.00    125.29
79964   80316   11.50   82.83
79969   79791   5.59    84.32
79969   80591   5.88    108.45
79970   80160   9.89    75.87
79974   79831   0.00    77.39
79977   80255   2.33    61.06
79977   80405   13.25   73.62
79979   79911   9.50    59.67
79979   79741   4.75    118.29
79990   80608   11.50   99.25
80006   79969   2.33    23.77
80006   79482   5.80    88.13
80011   79893   9.30    128.33
80017   79760   8.03    71.56
80021   80119   11.00   39.33
80024   80081   3.00    21.87
80033   80105   3.00    14.10
80033   80751   10.25   148.18
80059   80011   1.00    81.41
80059   79496   9.94    91.66
80063   79549   13.83   131.39
80081   79401   2.60    121.30
80081   80158   0.00    29.02
80084   80213   0.00    23.88
80084   80312   0.00    47.05
80092   80515   10.75   96.54
80092   79751   14.33   83.94
80095   80157   10.00   9.73
80095   80063   0.00    35.63
80098   79828   6.38    43.29
80100   80752   5.33    111.22
80103   80059   10.38   73.85
80105   79743   8.43    70.31
80105   80592   8.78    101.45
80107   80095   7.20    14.44
80119   79979   6.73    136.09
80120   80006   4.29    51.15
80120   80790   8.85    114.32
80124   80107   10.00   22.65
80129   80124   2.00    17.16
80145   80103   10.00   27.43
80148   80707   5.18    86.66
80148   80370   4.67    124.70
80151   80291   0.00    22.78
80158   81045   6.58    144.37
80158   80363   3.00    81.37
80160   80388   7.91    83.82
80160   79627   7.00    94.79
80162   79578   8.33    106.27
80165   80017   9.93    40.22
80173   80306   1.00    126.57
80173   80328   1.00    23.48
80176   80098   0.00    13.54
80180   80021   8.67    148.62
80184   80327   15.00   51.71
80217   79896   4.43    60.54
80217   80476   9.50    116.47
80223   80344   10.00   19.04
80223   80466   11.00   80.52
80237   80145   9.08    62.46
80241   80176   0.00    11.19
80255   80405   0.00    75.87
80273   79754   6.75    88.89
80273   79743   4.88    112.65
80287   80870   6.50    98.13
80291   80709   10.60   65.96
80297   80119   0.00    31.65
80301   80803   5.50    78.00
80306   80011   0.00    45.64
80306   80454   0.00    83.54
80316   80737   11.78   83.79
80327   80664   11.50   57.05
80344   79737   7.43    104.84
80344   80846   6.88    125.46
80344   80845   9.00    95.04
80345   79887   10.00   73.49
80345   80120   5.57    111.60
80352   80768   6.50    140.10
80358   79656   2.20    126.14
80361   80930   3.00    89.28
80363   79855   5.50    85.31
80363   80543   4.67    74.37
80364   80317   2.33    33.00
80370   80578   9.64    124.70
80379   80675   11.00   47.38
80388   80591   9.41    83.74
80399   79746   9.14    114.05
80405   80768   0.00    64.27
80414   80512   0.00    17.13
80426   80150   8.22    40.74
80454   80614   8.60    104.00
80460   80345   6.37    48.28
80466   80664   10.75   80.45
80476   80770   10.00   117.15
80500   80297   8.73    127.42
80511   80165   8.78    103.10
80512   80357   0.00    113.19
80512   81049   10.86   82.18
80515   80255   7.43    73.63
80517   81078   7.25    87.17
80531   80081   1.00    76.09
80541   80900   0.00    57.84
80543   80273   10.00   75.85
80578   81240   8.00    99.61
80578   80688   10.00   59.02
80580   80217   7.00    61.92
80580   80640   4.25    23.49
80591   80790   8.62    74.19
80591   81029   10.33   71.03
80592   80273   10.80   72.02
80614   80145   9.30    73.17
80621   80872   0.00    87.74
80621   80160   8.19    77.96
80635   80460   5.33    90.61
80640   81313   9.43    99.84
80640   80814   0.00    80.05
80664   81034   9.41    58.81
80664   80860   31.18   68.56
80668   80017   10.00   113.19
80675   80875   20.00   114.52
80675   80895   0.00    32.81
80684   81023   11.00   56.57
80688   80777   7.38    53.26
80688   81370   10.00   103.09
80701   80004   10.86   109.40
80701   80500   8.33    127.42
80702   80092   5.80    124.95
80707   80635   4.63    30.38
80709   80803   0.00    54.60
80709   81311   8.82    90.32
80710   80191   4.40    109.58
80727   80567   0.00    30.75
80727   80908   9.00    70.83
80737   80844   3.00    18.86
80768   81214   0.00    73.88
80768   81254   9.50    139.60
80770   80974   7.25    132.88
80777   80798   8.50    39.31
80784   80621   0.00    26.76
80789   81214   11.78   138.77
80790   81023   8.95    86.55
80792   80701   8.00    58.42
80792   80241   4.61    85.09
80801   80668   0.00    29.79
80803   80849   10.50   27.58
80814   80770   3.00    79.75
80822   81215   0.00    63.61
80830   80614   10.00   31.15
80832   80911   8.25    25.10
80839   80727   5.50    57.66
80840   80511   8.36    102.73
80841   80707   4.03    59.61
80843   81278   0.00    64.05
80843   80801   0.00    14.51
80844   81297   1.00    66.98
80845   81033   8.25    57.52
80846   81034   13.20   42.21
80849   80895   2.00    25.97
80849   81432   0.00    90.31
80860   81390   11.00   85.68
80860   80900   0.00    13.64
80878   80670   1.00    43.04
80895   80943   0.00    33.93
80900   81087   14.33   69.43
80911   80777   1.00    23.95
80915   80840   7.89    40.09
80918   81556   11.44   99.31
80924   80426   9.22    77.16
80930   80792   7.41    83.91
80943   81526   6.50    90.13
80943   81108   11.50   92.62
80957   81062   9.77    52.23
80974   81024   10.00   28.67
80974   80588   1.00    57.88
80992   80515   7.43    101.15
81010   80531   8.82    76.09
81023   81226   6.61    77.18
81024   80297   6.36    111.91
81024   81128   11.50   60.81
81029   81314   3.00    109.52
81029   81319   3.00    47.04
81034   81182   0.00    31.47
81040   80845   11.50   48.52
81041   80841   4.56    91.34
81048   80784   10.00   86.10
81049   80930   4.71    69.19
81062   80399   7.22    114.05
81062   81140   6.50    58.53
81074   80363   4.75    116.12
81087   80784   11.67   48.10
81108   81647   10.00   90.49
81108   81192   9.00    46.92
81111   81087   8.25    3.95
81123   81041   5.78    37.72
81128   81482   0.00    55.35
81128   81335   10.75   126.44
81132   81053   1.00    14.88
81140   81313   8.38    81.96
81140   80580   5.85    93.39
81176   81049   9.57    79.99
81180   81374   0.00    41.04
81182   81390   11.50   41.02
81214   81620   10.60   139.08
81214   81662   10.00   79.82
81240   81123   5.00    51.64
81247   81040   11.50   65.57
81253   81111   10.00   47.01
81254   81531   8.50    81.15
81254   81035   0.00    36.36
81278   81452   0.00    29.39
81279   81333   0.00    45.54
81281   81310   0.00    19.76
81297   80710   10.00   110.20
81310   81367   5.57    36.69
81311   81636   10.00   53.68
81311   81176   10.00   79.98
81313   81453   11.75   91.50
81314   81472   10.75   64.54
81314   81925   10.00   101.11
81315   80843   11.60   136.02
81315   81278   0.00    148.02
81319   81604   5.33    49.15
81319   81048   20.00   85.42
81333   81848   10.00   83.32
81335   81528   8.86    126.44
81354   81638   0.00    63.55
81354   80846   3.00    143.50
81361   81247   0.00    22.76
81367   81396   4.93    32.65
81370   81240   3.91    57.87
81374   80992   4.67    99.77
81384   81599   11.63   91.39
81390   81444   0.00    14.64
81394   81726   7.14    61.49
81396   81462   4.83    58.58
81408   80878   13.25   99.98
81410   80878   13.71   86.74
81410   81734   4.75    123.41
81425   81370   7.00    32.86
81441   81418   0.00    41.33
81444   81653   3.00    48.53
81444   81821   7.88    127.06
81446   81111   9.00    55.67
81446   81655   0.00    82.51
81452   81297   0.00    49.45
81453   81580   8.87    82.93
81453   80936   15.00   79.56
81462   81574   7.40    77.55
81462   81535   5.06    58.35
81481   81417   0.00    50.80
81481   81361   0.00    20.47
81493   81374   3.25    25.21
81498   81425   3.42    35.22
81527   81698   0.00    92.74
81528   80792   2.96    113.28
81531   81806   0.00    81.14
81540   81767   12.71   68.47
81544   81498   3.00    21.14
81574   81697   10.92   91.21
81580   81728   9.25    106.12
81580   82002   6.50    76.06
81581   81140   12.20   76.69
81581   81540   7.56    82.76
81599   81812   9.00    89.97
81604   81913   6.50    50.58
81604   81318   6.50    106.93
81605   81926   5.50    49.25
81620   81254   0.00    65.68
81620   81846   0.00    54.73
81624   81556   10.00   15.71
81636   82033   8.25    58.63
81638   81182   6.50    148.27
81638   81916   0.00    53.31
81653   81789   11.00   27.66
81654   81528   5.92    89.87
81655   81913   1.00    82.51
81662   81667   10.22   116.81
81674   81452   20.00   41.44
81674   81408   10.75   97.38
81697   81848   7.14    91.21
81698   82094   0.00    61.87
81698   82090   7.25    123.57
81726   82363   5.67    106.22
81728   81928   10.56   104.59
81728   81024   9.44    113.41
81729   81084   10.65   114.53
81729   81315   11.14   82.35
81734   82094   4.75    114.81
81734   82123   11.50   62.17
81756   81527   10.50   90.10
81756   81729   0.00    4.19
81767   82542   7.55    141.28
81773   81921   0.00    22.60
81781   81662   3.00    148.13
81781   81620   0.00    28.48
81785   81481   1.00    50.10
81789   81918   11.50   24.31
81789   81446   10.20   59.67
81791   81555   10.00   92.39
81792   82074   9.86    103.10
81792   81715   3.71    32.69
81797   82503   11.25   114.17
81797   81654   4.25    89.86
81806   81731   0.00    38.99
81812   82066   11.00   89.94
81821   81916   11.50   24.04
81821   82181   6.71    73.76
81846   81781   0.00    54.08
81846   82004   5.18    32.32
81848   82024   7.14    96.78
81848   82093   10.00   36.43
81857   81581   6.03    100.98
81913   82577   7.00    117.02
81913   82245   6.00    115.64
81916   82001   0.00    23.92
81918   82387   8.29    121.19
81918   82166   10.83   53.16
81925   82245   11.20   54.95
81925   81773   0.00    53.54
81926   82609   0.00    118.33
81926   81797   9.00    70.87
81928   82089   4.25    104.53
81995   81767   5.40    105.39
82002   82427   6.22    77.07
82004   81806   3.00    103.63
82014   82127   11.50   115.70
82024   82153   9.56    96.72
82033   82708   9.67    114.82
82033   81926   3.00    62.37
82066   82277   7.90    90.32
82074   82400   5.94    131.98
82089   82236   9.07    104.50
82090   81756   10.60   54.91
82094   82404   11.09   116.18
82101   82440   10.00   62.35
82123   82449   3.00    61.99
82123   81959   11.00   59.47
82127   82240   3.00    115.70
82153   82250   8.50    86.73
82153   82372   0.00    38.95
82153   81591   7.00    86.56
82166   82418   8.83    62.10
82166   82605   9.00    121.20
82168   81857   4.63    101.12
82176   82033   9.83    95.10
82181   82387   11.50   49.80
82181   81653   3.38    121.94
82181   82369   10.00   44.68
82236   82359   9.63    79.66
82236   81528   4.50    112.82
82240   82244   0.00    2.96
82244   82270   2.33    4.87
82245   82458   10.00   39.30
82250   82363   9.53    86.73
82271   81648   12.50   105.49
82277   82494   9.30    90.20
82289   81995   6.17    106.17
82293   81792   10.50   84.54
82306   83010   4.71    113.77
82306   82176   9.67    95.12
82319   82458   3.00    58.32
82323   82143   7.25    76.82
82355   82486   0.00    50.51
82359   82503   11.60   99.05
82359   83046   3.00    109.97
82363   82636   15.00   46.46
82363   82502   10.74   119.91
82371   82123   7.00    94.75
82387   82467   0.00    19.12
82391   82240   0.00    97.06
82400   82567   8.44    119.91
82404   82090   4.75    59.12
82418   82577   5.33    37.63
82418   82791   7.40    90.28
82423   81728   7.58    111.26
82427   82168   5.00    101.12
82437   82014   6.27    72.72
82437   82348   5.60    100.97
82440   82806   11.50   86.30
82449   82858   5.33    139.17
82458   82817   11.50   58.39
82460   82271   7.83    99.70
82467   82605   10.00   34.18
82476   82289   7.33    104.80
82485   81785   7.56    112.81
82485   82306   7.73    119.77
82486   82705   9.20    100.86
82494   82710   9.06    90.71
82502   82022   4.75    91.06
82503   82609   8.20    76.42
82506   82817   0.00    91.84
82531   82558   10.00   144.22
82534   82687   0.00    72.67
82538   82323   7.80    91.36
82541   82437   7.28    109.56
82542   82707   3.73    36.74
82542   82920   11.63   125.85
82558   82427   5.25    44.57
82567   82685   3.68    83.07
82569   82460   5.33    75.12
82577   82997   11.63   119.78
82605   82783   11.50   34.03
82609   82708   9.20    57.76
82614   82404   10.90   74.84
82614   82371   8.00    94.70
82620   82476   3.00    38.32
82670   82558   5.11    41.48
82670   82423   10.00   40.50
82675   82485   7.82    132.66
82685   82829   6.33    83.43
82687   82502   5.09    32.75
82705   82781   8.22    41.74
82707   83602   12.55   147.17
82707   82860   7.57    33.06
82708   83061   10.75   56.56
82708   82872   10.43   95.11
82710   82923   7.91    80.99
82773   82538   3.20    89.90
82779   83468   20.00   116.00
82779   82805   13.33   54.24
82783   82791   6.67    49.78
82791   83095   11.20   108.52
82792   82293   10.00   84.55
82799   83029   1.67    90.30
82803   82569   6.50    76.47
82805   83487   6.25    114.22
82806   83119   8.60    85.70
82817   82997   3.00    31.59
82841   82584   3.00    89.52
82858   82614   10.86   80.17
82860   83190   4.47    122.04
82860   82614   9.50    77.14
82872   83010   4.67    95.11
82875   82670   8.31    78.30
82896   82675   4.86    132.64
82898   82687   7.80    30.88
82909   82994   0.00    49.33
82912   82440   13.33   104.31
82919   82783   11.50   37.01
82920   83456   8.13    128.66
82921   82236   4.03    111.15
82923   82792   0.00    24.25
82931   82988   0.00    54.88
82931   82437   9.85    76.80
82933   83022   0.00    39.21
82944   83028   11.20   42.97
82988   82541   8.69    112.96
82990   82773   8.60    90.15
82994   82705   8.86    44.83
82997   83300   8.60    129.94
83000   82620   12.67   133.41
83004   82913   10.00   39.54
83006   83225   8.13    109.43
83010   83170   9.14    119.25
83028   83190   8.27    99.86
83028   82858   9.54    66.80
83053   82875   2.00    78.30
83061   82924   5.50    97.23
83061   83376   5.00    53.46
83095   83387   6.00    108.52
83096   82988   0.00    32.03
83131   83490   7.90    87.10
83131   83036   6.00    34.10
83132   83248   7.20    135.93
83148   83132   0.00    5.94
83150   83157   10.75   70.13
83150   83383   10.80   54.34
83159   82803   9.56    61.73
83159   83150   3.75    12.35
83170   82485   8.26    113.25
83176   82931   10.75   43.71
83176   83096   0.00    22.63
83190   83431   5.06    81.53
83191   82923   10.75   55.25
83191   83239   0.00    18.06
83198   82990   0.00    90.49
83203   83456   10.22   131.41
83215   83053   5.77    81.51
83216   83109   0.00    46.19
83225   82994   9.20    43.77
83248   83294   3.00    81.95
83274   82636   11.50   134.52
83275   83431   7.56    88.37
83294   83667   7.25    85.24
83328   82685   5.50    106.53
83328   83208   9.36    85.12
83329   82746   1.00    96.38
83347   82898   6.50    76.13
83347   83571   6.91    147.50
83376   83813   6.42    74.03
83383   83175   0.00    51.61
83387   83691   7.60    108.52
83391   84117   8.36    119.77
83402   82921   7.00    81.42
83402   83215   6.79    81.51
83419   83198   10.00   90.00
83431   83938   6.00    140.43
83456   83711   7.36    84.30
83456   82912   12.67   106.47
83466   83328   8.90    92.58
83466   82829   8.75    107.45
83468   84152   15.00   115.51
83470   83170   8.26    49.94
83484   83000   7.18    136.09
83487   84151   4.67    113.78
83490   83705   10.18   92.09
83490   83799   10.50   72.14
83494   83225   10.00   44.55
83494   83374   0.00    51.03
83522   83484   7.13    108.96
83522   83864   3.00    60.11
83523   83920   5.50    97.88
83524   83470   0.00    6.50
83540   83766   10.00   43.96
83542   83402   5.75    35.56
83552   83191   4.25    78.95
83559   83548   0.00    31.35
83571   83755   9.42    147.50
83573   83176   1.75    62.96
83573   83660   0.00    73.61
83596   83494   3.00    62.39
83602   84448   0.00    147.05
83632   83596   11.50   27.50
83649   83542   2.90    21.29
83653   83248   0.00    66.03
83667   84181   7.62    101.82
83667   83484   9.00    100.19
83691   83871   1.50    92.27
83705   83794   4.88    42.66
83705   84148   9.11    122.69
83711   84182   4.89    87.61
83728   84256   6.50    83.49
83731   83653   0.00    33.72
83732   83931   0.00    36.92
83739   83203   14.50   134.75
83759   83544   8.27    66.38
83766   83329   10.86   93.85
83766   84106   3.60    56.24
83783   83649   6.72    22.72
83794   84185   7.89    120.67
83797   83552   7.50    77.70
83799   84079   10.00   61.39
83809   84171   4.00    58.97
83809   83759   7.75    58.95
83810   83809   5.83    110.53
83812   83864   3.00    52.61
83813   83810   11.67   111.25
83815   83931   0.00    46.56
83836   84336   20.00   77.76
83838   83814   1.67    32.08
83864   84485   4.40    130.81
83869   84052   3.00    28.40
83871   84307   10.00   72.71
83871   83962   7.60    91.80
83910   83494   12.67   77.27
83920   84003   6.67    21.05
83926   84182   10.00   88.23
83931   84573   1.00    112.39
83931   84082   8.33    53.10
83940   83926   15.00   86.52
83962   84077   7.00    93.78
83963   83466   4.71    81.82
83979   83328   9.64    107.97
83979   83838   9.58    85.56
83993   83783   7.75    39.01
83999   83739   0.00    51.00
84003   84363   5.00    124.11
84003   84714   10.38   128.12
84052   84030   10.00   38.16
84061   83596   10.77   83.91
84063   83522   8.31    127.11
84063   84052   3.00    6.11
84077   84080   0.00    2.42
84079   84457   0.00    113.41
84080   84100   8.50    28.22
84080   84198   20.00   36.62
84082   84225   10.29   55.16
84098   83797   8.35    125.49
84100   84198   20.00   17.22
84100   84127   9.11    62.95
84117   84137   0.00    3.73
84120   84125   7.86    80.93
84125   83813   7.59    72.56
84127   84098   8.41    101.82
84137   84747   0.00    110.52
84138   83979   11.29   102.52
84138   83963   6.80    25.90
84148   84218   0.00    15.61
84151   84152   6.50    54.26
84152   84720   15.00   97.42
84152   84137   11.92   62.61
84169   83653   0.00    83.91
84172   84685   13.33   84.75
84172   84151   10.00   6.50
84181   83812   4.25    147.95
84182   84681   10.60   87.99
84185   84779   5.92    145.20
84191   83993   11.00   30.81
84198   84374   7.67    51.91
84199   83347   6.93    136.28
84218   84266   3.00    10.48
84225   84377   10.43   52.89
84237   83725   3.00    83.66
84256   84353   11.86   78.78
84266   84360   10.00   22.87
84289   83814   8.74    81.90
84291   84063   3.00    65.96
84307   84550   20.00   44.68
84330   83999   7.54    65.22
84335   83812   3.00    83.77
84336   84807   0.00    77.82
84353   83573   4.18    127.46
84353   84172   7.67    68.67
84359   84191   8.00    29.07
84360   84799   11.00   128.39
84374   84803   6.40    98.11
84377   83910   9.00    77.27
84377   84407   10.00   12.74
84400   84487   0.00    42.83
84407   84526   10.00   48.32
84409   84330   10.00   18.50
84420   84335   0.00    16.26
84427   85047   9.14    105.84
84448   85313   0.00    146.50
84457   84490   0.00    11.81
84484   84226   5.33    58.11
84485   84587   2.33    18.55
84485   84291   3.00    94.82
84490   84766   0.00    139.81
84504   84227   10.00   64.27
84511   84721   8.93    131.57
84526   84061   11.10   83.79
84526   84971   10.60   80.19
84526   84745   10.64   81.33
84532   84409   9.50    25.32
84532   85002   12.26   85.03
84541   84701   8.33    48.89
84543   84928   0.00    67.77
84546   84327   2.00    66.66
84546   84856   10.25   65.51
84551   84840   3.00    55.01
84566   84407   0.00    31.01
84573   84852   7.00    103.95
84580   84307   15.00   65.44
84580   84845   10.00   45.28
84599   84181   1.00    83.53
84599   84169   0.00    82.60
84606   84520   0.00    41.77
84625   84960   7.38    112.81
84628   84861   15.00   38.53
84628   84042   3.75    98.51
84629   84862   9.38    90.17
84644   84125   7.00    87.28
84649   84420   0.00    84.61
84668   84226   8.67    114.67
84679   84546   13.58   34.28
84681   84500   10.00   84.35
84685   84720   0.00    51.19
84697   84199   6.90    81.76
84697   85067   7.83    92.13
84701   85248   2.38    114.65
84701   85259   7.00    87.72
84705   84668   0.00    9.91
84718   84580   0.00    30.40
84720   84747   0.00    50.35
84721   84891   5.33    131.20
84723   84237   13.33   83.69
84743   84680   0.00    15.44
84745   84289   1.00    82.02
84745   84818   8.25    24.55
84764   84991   3.00    118.83
84771   84991   3.78    36.32
84779   84969   10.33   38.87
84799   84836   0.00    9.91
84803   85483   2.30    118.76
84805   85171   15.00   81.12
84807   84723   0.00    51.02
84807   85352   3.00    88.09
84818   85129   9.09    109.72
84819   84599   0.00    39.12
84836   84968   3.00    29.14
84840   84628   3.00    34.08
84841   85295   7.67    92.18
84841   84679   13.25   137.47
84850   84484   10.75   75.68
84852   84225   7.30    110.30
84852   84928   0.00    29.63
84856   85022   10.00   31.78
84856   84954   0.00    19.77
84861   84807   0.00    48.60
84861   85477   6.86    103.09
84879   84291   10.00   113.97
84883   85149   0.00    44.25
84890   84971   0.00    30.92
84928   85159   9.00    80.28
84931   85573   10.86   117.44
84960   84931   7.00    110.95
84968   85629   7.14    115.38
84969   85624   8.48    138.21
84971   85159   10.00   30.56
84991   85006   20.00   2.81
85006   85267   0.00    43.57
85009   84544   10.00   86.38
85022   84954   0.00    26.30
85029   85237   10.75   31.68
85047   85751   10.23   106.46
85067   84850   11.67   47.42
85067   85163   0.00    20.60
85071   85149   3.00    25.91
85116   85002   14.33   23.44
85129   85440   6.36    110.27
85138   85708   8.44    116.35
85138   84705   12.50   104.32
85148   84804   10.67   80.58
85149   85237   0.00    35.43
85159   85469   7.86    108.94
85159   85822   5.33    111.35
85163   84850   2.00    64.41
85163   85392   10.75   54.59
85166   84668   6.80    102.41
85171   85630   12.50   81.71
85174   84718   1.00    99.66
85183   85232   0.00    8.13
85183   85009   7.67    81.88
85190   84697   4.38    77.01
85206   85270   10.00   43.19
85206   85355   20.00   23.04
85229   85708   9.20    113.15
85229   85166   9.20    12.02
85237   85508   7.80    94.84
85258   84743   4.38    139.33
85258   84713   6.60    142.60
85263   85006   0.00    52.39
85267   85263   12.50   60.73
85269   85171   8.64    23.80
85270   85286   0.00    19.06
85286   85304   3.00    29.42
85295   85022   7.00    131.65
85304   85653   9.50    110.44
85304   85566   3.00    42.00
85313   86120   0.00    144.97
85320   84723   8.27    96.77
85333   85267   0.00    32.88
85337   85258   6.88    142.33
85345   85263   4.75    29.18
85345   85269   13.22   114.19
85352   85903   10.50   88.06
85355   85270   0.00    43.16
85375   84840   10.25   86.12
85375   85865   10.00   82.92
85392   85166   7.33    120.00
85392   85561   4.67    40.10
85431   84841   7.67    99.61
85440   85751   11.09   105.53
85465   84879   5.35    113.70
85469   84818   8.50    110.33
85469   85788   8.25    110.13
85472   86029   9.92    98.96
85472   85462   2.41    20.57
85477   85903   5.50    101.61
85483   85979   5.78    77.61
85484   85355   3.00    26.83
85508   84852   8.67    110.63
85508   85822   13.00   109.79
85513   85472   1.53    70.00
85547   85584   0.00    33.59
85550   86139   11.89   101.57
85550   85148   3.90    81.70
85557   85682   3.00    22.47
85561   86036   8.17    113.14
85561   85229   9.50    69.00
85566   85286   5.00    48.27
85573   85550   7.00    112.79
85584   85623   0.00    21.75
85584   85116   4.33    98.40
85592   85687   0.00    13.86
85596   85174   7.57    94.22
85624   86195   6.64    137.12
85629   85653   0.00    6.33
85630   85629   10.00   8.26
85648   85959   20.00   51.69
85653   85796   0.00    45.37
85668   85630   3.00    8.69
85670   85812   3.00    24.97
85686   85190   6.28    77.01
85687   85758   0.00    9.63
85687   85686   0.00    35.16
85704   86320   10.00   111.08
85704   85431   13.83   95.07
85704   85155   9.78    90.98
85708   85974   10.00   62.54
85708   86036   7.50    67.98
85713   86045   6.50    116.78
85735   85876   0.00    22.80
85735   85484   3.00    70.83
85751   86371   11.50   110.32
85751   85936   10.60   67.72
85764   85858   3.60    24.72
85786   85670   0.00    29.83
85786   85845   10.00   26.60
85788   86097   8.75    109.92
85792   85735   9.00    28.70
85796   85668   3.00    22.48
85812   86381   7.61    116.68
85812   85786   7.80    15.73
85816   85295   6.50    87.09
85822   85959   10.00   44.54
85822   86264   10.60   77.04
85832   86454   7.92    110.52
85841   85566   10.00   44.24
85842   85547   20.00   103.97
85845   85258   7.86    105.75
85845   85465   5.00    108.19
85858   86381   5.75    121.32
85865   86327   6.50    82.83
85876   85792   3.00    31.88
85913   85269   11.00   110.85
85913   85345   0.00    114.04
85913   86085   0.00    27.41
85929   85670   7.93    110.14
85936   85320   4.17    96.80
85938   85484   0.00    80.08
85950   85954   10.00   62.63
85954   85686   3.62    39.85
85956   86263   6.56    52.33
85956   85954   0.00    0.07
85959   86125   4.67    64.17
85963   85589   6.50    80.66
85963   86474   10.60   125.00
85974   85401   10.38   114.70
85974   86203   15.00   58.57
85979   86447   8.69    77.80
85980   86264   0.00    109.70
85980   85508   10.00   78.85
86015   85792   6.50    60.89
86036   86355   10.70   70.34
86036   86353   10.60   79.46
86040   85704   9.27    122.48
86045   86165   10.00   39.30
86054   85596   11.50   99.65
86080   86171   0.00    31.29
86085   86222   0.00    27.54
86086   86836   6.00    128.22
86087   86361   0.00    52.24
86094   86377   0.00    48.63
86094   86040   10.00   45.85
86097   86371   9.25    110.02
86097   85440   6.25    111.15
86120   86256   20.00   30.12
86120   86266   20.00   26.17
86125   85469   3.00    110.87
86125   86417   7.67    110.42
86137   86094   6.00    28.07
86139   86737   9.27    102.38
86165   86446   3.00    109.85
86165   85980   11.00   31.98
86190   86475   7.33    123.99
86195   86316   0.00    45.37
86203   86451   0.00    60.64
86222   86273   0.00    13.76
86224   85547   3.00    112.62
86239   86137   6.17    40.77
86251   85375   9.00    143.63
86256   86086   8.67    84.38
86263   86267   0.00    0.82
86264   86446   0.00    32.30
86266   86393   0.00    22.24
86273   86314   4.67    81.59
86275   85337   6.31    152.47
86280   86195   0.00    19.02
86280   86190   9.86    122.84
86314   86060   9.33    82.79
86316   86645   10.89   106.14
86316   86404   7.40    32.08
86321   86368   8.89    11.81
86322   86266   0.00    25.51
86322   86256   0.00    12.98
86324   86239   0.00    22.08
86327   86518   1.00    64.52
86327   86859   10.13   102.83
86329   86155   0.00    33.57
86339   86549   7.25    38.69
86349   86462   0.00    19.53
86353   86691   9.67    79.38
86355   86698   0.00    82.85
86355   86880   10.93   110.89
86361   86054   2.88    76.26
86368   87130   6.11    127.97
86371   86997   12.60   110.97
86371   86517   8.80    55.52
86377   86619   3.00    38.12
86381   86733   5.80    79.33
86393   86495   8.67    18.76
86393   86480   0.00    25.64
86404   87021   8.28    103.88
86404   86280   0.00    26.92
86407   85839   2.22    114.11
86417   86486   3.00    26.61
86432   85876   7.83    139.52
86432   85938   15.00   81.58
86432   86554   3.00    20.83
86446   86753   11.50   109.71
86446   86762   26.67   53.48
86447   86581   0.00    19.69
86451   86849   11.78   74.68
86451   86052   10.50   85.29
86454   87115   7.57    111.70
86480   86322   50.00   29.90
86486   86726   0.00    83.20
86488   86727   0.00    39.62
86488   85842   8.25    109.87
86495   86480   8.00    24.88
86495   87160   8.78    125.74
86506   86407   3.53    19.78
86514   86324   10.00   47.25
86516   86329   10.00   44.71
86517   85936   7.25    107.91
86517   86648   6.40    45.57
86539   87199   7.20    128.42
86554   86730   11.00   29.58
86555   86212   9.00    73.77
86555   86488   0.00    27.40
86581   86677   4.67    16.12
86593   85929   10.00   113.77
86601   86561   8.17    95.89
86606   86506   7.20    20.25
86619   86601   13.25   34.40
86619   86751   20.00   22.52
86621   86329   5.33    52.53
86630   86521   8.93    34.40
86640   86979   8.00    101.85
86645   87092   9.86    108.20
86648   86859   8.44    83.82
86673   86045   3.00    109.87
86677   86361   9.71    107.52
86677   86799   8.67    20.35
86685   86640   9.69    99.15
86687   86880   0.00    49.69
86690   86681   0.00    1.65
86691   86756   7.67    24.48
86698   87006   11.30   82.85
86726   86097   12.43   109.58
86726   86997   20.00   109.37
86727   86555   10.00   27.79
86730   87095   4.67    75.15
86733   86912   6.00    65.82
86737   87477   5.56    140.53
86737   86824   4.67    111.42
86751   86601   0.00    35.23
86753   87032   10.43   110.45
86753   86125   7.20    109.71
86756   87122   0.00    96.02
86756   86451   6.50    62.09
86762   87038   1.00    53.79
86768   86630   10.00   41.97
86777   86165   3.00    108.70
86780   87083   0.00    60.72
86800   86606   3.76    37.98
86819   86648   0.00    33.84
86824   85963   10.24   143.45
86835   86800   10.00   8.77
86836   87492   11.00   126.65
86849   87266   11.57   75.58
86858   86486   0.00    64.92
86859   86953   10.60   29.39
86864   86514   11.83   80.55
86869   86224   9.20    112.05
86871   86256   7.09    109.90
86875   86919   0.00    11.95
86880   86899   3.00    3.56
86887   87110   5.67    54.69
86896   86768   8.26    141.31
86896   86621   6.00    66.05
86897   87375   9.87    89.07
86899   87158   14.13   66.86
86899   87151   8.95    56.51
86912   87120   7.25    51.66
86930   86949   0.00    13.62
86934   86701   7.86    55.39
86949   87266   3.00    85.17
86949   86501   11.50   88.68
86953   87083   7.64    36.44
86997   87264   7.40    47.73
87004   86517   8.82    104.33
87004   87401   9.80    135.54
87005   86875   8.33    127.52
87006   86691   10.38   80.08
87010   86835   1.75    40.50
87021   87267   3.00    45.83
87027   86753   11.20   51.37
87027   86762   10.00   110.12
87029   87334   9.35    75.16
87032   87320   8.69    109.73
87083   87097   0.00    3.88
87092   87284   5.00    104.60
87095   87842   5.61    129.23
87095   87500   7.32    149.72
87097   87255   8.00    42.75
87102   87522   0.00    135.27
87102   87004   9.50    23.18
87113   86864   7.00    49.03
87115   87744   3.00    111.01
87119   87793   10.53   116.03
87120   87744   6.50    144.82
87120   87005   6.50    128.03
87120   86275   7.33    151.29
87122   87136   12.50   53.65
87122   87006   12.29   32.88
87136   87158   11.20   123.19
87146   87119   8.71    110.33
87151   86934   8.19    56.56
87158   87546   3.00    114.96
87167   87010   4.38    46.50
87188   86727   4.29    99.18
87197   86684   8.67    93.95
87206   87465   7.67    130.83
87255   87342   10.80   22.59
87264   87102   20.00   41.45
87266   87509   10.62   101.85
87267   87831   7.17    104.11
87287   87151   7.63    34.23
87287   87507   6.00    50.44
87296   87255   0.00    10.62
87296   87097   0.00    42.14
87297   87167   4.40    47.17
87318   87027   11.50   52.66
87320   87533   10.25   82.82
87320   86726   7.14    110.18
87334   87637   8.63    75.16
87342   87510   5.25    43.20
87381   87748   7.50    89.85
87381   87113   14.33   46.43
87384   87342   0.00    10.22
87384   87296   0.00    24.30
87386   87683   3.43    118.09
87401   87445   2.33    15.35
87416   86896   7.03    134.32
87416   87297   3.31    91.56
87429   86824   9.20    114.24
87430   86871   3.00    109.31
87435   87188   10.15   95.42
87435   86869   4.00    111.17
87441   87313   4.63    39.14
87445   87606   0.00    39.16
87445   86953   3.00    111.73
87464   87833   9.00    94.78
87477   88177   8.00    139.78
87486   87416   5.86    55.53
87500   87486   11.50   11.15
87504   87136   7.58    112.88
87504   87716   11.50   43.82
87507   87637   9.00    26.23
87507   87902   10.00   122.58
87509   87504   0.00    1.71
87509   87739   0.00    38.56
87510   87760   7.20    61.89
87522   87610   0.00    23.01
87522   87401   0.00    28.40
87532   87441   8.80    24.00
87533   87264   13.90   66.91
87542   87197   10.25   90.45
87546   87716   10.75   97.31
87558   87415   8.25    59.29
87563   87429   10.50   109.53
87589   87542   3.00    19.96
87599   87465   10.00   30.62
87603   87435   4.43    31.56
87606   87692   0.00    19.19
87606   87083   3.00    114.93
87626   87287   8.34    86.85
87637   87906   0.00    76.70
87637   87849   10.00   50.70
87638   87532   1.00    28.23
87668   87564   0.00    27.13
87675   87860   0.00    37.94
87678   87857   10.00   37.23
87680   87599   11.50   42.56
87680   87589   9.00    58.36
87683   86919   8.13    145.13
87690   87901   10.00   76.72
87716   87739   3.00    22.25
87738   87581   6.75    88.27
87739   87995   3.00    67.88
87741   87320   6.00    77.53
87741   87409   7.53    109.86
87744   87738   13.25   88.53
87745   87680   9.00    34.78
87748   88029   9.33    89.05
87760   87849   10.00   27.56
87783   87384   14.33   89.64
87786   88161   8.60    69.25
87786   87675   9.89    143.33
87793   87690   9.33    75.53
87805   88058   5.40    79.13
87829   87381   5.43    78.16
87830   87805   10.67   92.45
87831   88022   10.00   33.99
87831   87880   0.00    32.05
87833   88004   5.33    44.00
87842   87969   9.63    22.59
87849   88237   10.00   98.70
87850   87296   0.00    131.06
87859   87638   6.56    80.44
87860   88161   4.00    141.77
87866   87745   11.83   58.63
87871   87683   5.31    84.59
87873   87500   4.95    143.34
87880   87206   0.00    136.04
87901   88022   0.00    38.79
87901   87831   0.00    31.36
87902   87939   2.00    88.06
87906   87902   20.00   76.94
87918   87793   10.00   35.61
87918   87786   0.00    50.84
87939   87626   5.93    86.88
87942   87741   8.57    74.61
87969   87873   3.00    22.12
88021   87510   9.00    119.84
88022   88535   7.69    81.40
88022   87880   10.00   37.50
88026   87760   0.00    66.35
88029   88272   8.67    38.07
88054   87918   6.80    22.93
88054   88252   8.22    86.94
88056   88501   3.17    124.82
88058   88193   8.20    46.07
88065   87871   3.00    84.08
88068   88056   2.57    29.37
88084   87833   11.50   44.68
88087   87830   11.00   93.87
88100   87939   5.33    41.06
88107   87416   9.73    128.47
88110   88066   0.00    15.46
88121   88213   8.16    15.39
88125   87942   10.75   58.93
88145   88068   5.50    35.30
88149   87706   10.13   98.25
88159   87859   5.23    81.18
88161   88178   3.00    46.91
88162   87783   11.20   89.64
88162   88346   3.00    42.49
88168   88100   5.80    16.17
88168   88490   9.09    63.60
88177   87798   12.17   101.42
88177   88732   11.33   103.93
88178   88054   11.50   25.78
88178   88847   8.12    116.73
88187   88087   2.00    30.06
88193   88298   5.50    44.51
88200   88410   1.00    141.25
88221   88240   10.75   9.99
88227   88472   3.00    68.54
88230   87610   8.63    143.43
88232   87713   3.00    112.33
88236   88644   10.25   78.20
88237   88650   9.79    98.70
88240   88287   10.75   8.57
88242   88324   5.33    12.80
88252   88599   10.50   88.44
88253   88221   0.00    9.34
88263   88811   8.50    112.87
88272   88527   8.73    39.88
88277   88187   0.00    27.69
88278   88993   11.29   144.96
88287   88306   0.00    2.64
88296   87969   6.56    73.86
88296   87829   7.82    78.27
88298   88465   0.00    60.28
88306   88350   9.11    10.62
88310   87881   8.50    77.33
88311   88371   5.50    19.97
88315   88168   2.14    34.20
88318   88253   10.00   9.34
88319   87800   5.33    120.25
88324   88890   10.00   97.07
88325   88398   0.00    15.50
88327   88325   1.00    4.86
88346   88824   6.50    121.02
88346   88021   3.00    69.54
88350   88318   2.00    11.87
88354   88650   0.00    62.01
88360   88277   10.00   23.07
88375   88327   0.00    10.79
88398   88427   3.92    4.24
88404   88145   7.70    61.92
88410   88429   0.00    14.93
88423   88360   8.50    18.29
88427   88478   3.00    10.92
88429   88577   0.00    46.17
88429   88721   0.00    50.21
88444   88423   1.00    7.31
88448   88919   11.00   81.88
88456   88162   6.50    58.61
88463   88375   4.67    15.12
88475   88463   7.00    2.72
88477   88628   0.00    34.07
88478   88475   3.75    10.53
88490   88773   10.75   62.87
88490   88912   11.00   110.75
88501   88839   3.56    84.73
88530   88873   4.50    79.44
88535   88648   7.67    35.08
88535   88782   13.25   41.22
88536   88444   1.00    33.65
88577   88755   0.00    46.29
88599   88535   10.00   36.96
88610   88487   0.00    44.35
88625   88310   8.95    110.29
88628   88021   7.43    145.33
88640   88278   9.60    56.30
88644   88456   20.00   50.57
88644   89198   13.25   133.95
88648   88404   6.56    62.73
88650   88773   9.11    33.97
88660   88985   11.17   78.04
88665   88149   9.83    98.25
88672   88576   0.00    22.22
88673   88310   7.43    63.00
88679   88315   7.43    86.64
88697   88296   2.10    89.68
88712   88847   3.05    97.83
88721   89348   10.00   121.63
88728   88812   10.50   119.22
88732   88985   7.75    58.68
88745   89245   3.13    90.83
88755   88414   8.33    84.83
88771   88890   10.00   84.86
88773   89141   11.61   89.95
88773   89158   10.22   107.17
88782   88648   5.71    38.48
88791   88456   0.00    81.67
88804   88931   8.25    80.78
88807   88782   0.00    9.77
88807   88599   6.55    45.55
88811   88644   0.00    48.73
88811   89379   11.50   130.90
88812   88492   9.25    84.85
88824   89376   11.20   148.32
88839   88859   5.40    62.02
88847   88947   4.27    67.56
88857   88536   7.92    89.29
88859   88876   7.43    63.86
88859   88697   4.41    87.01
88873   89177   3.00    79.15
88876   88855   7.46    104.18
88876   89021   0.00    29.38
88890   88728   6.50    120.90
88895   88599   10.75   54.50
88901   88771   4.67    50.40
88902   88839   11.50   25.42
88912   88938   10.00   6.98
88919   89365   6.25    81.88
88922   88721   7.67    87.20
88931   89108   10.00   79.94
88938   88968   0.00    9.69
88938   88679   10.38   63.57
88947   88980   8.56    26.11
88947   89194   0.00    46.15
88968   89378   9.48    111.64
88975   88922   0.00    27.32
88978   88857   10.00   30.86
88980   88807   4.68    116.19
88985   89659   8.33    127.10
88985   89352   10.15   92.06
89003   88350   8.10    138.14
89003   88811   0.00    59.34
89005   89141   0.00    35.11
89016   88486   6.56    101.29
89016   89185   0.00    44.92
89021   89015   0.00    32.37
89024   89021   0.00    37.13
89050   88404   4.67    117.10
89061   88628   8.63    119.25
89062   88812   11.20   49.83
89090   88791   8.60    81.67
89090   88824   6.40    67.72
89097   88640   7.44    85.17
89103   88679   6.43    119.54
89103   89378   10.88   63.33
89108   89016   11.50   15.44
89141   89265   13.25   26.88
89158   89205   8.82    9.99
89185   89108   0.00    12.41
89198   89304   8.67    24.98
89205   89240   6.50    8.48
89240   89630   7.73    112.06
89253   89177   6.50    37.61
89265   89300   20.00   4.56
89273   89520   3.63    50.41
89273   89253   5.18    29.03
89300   89061   15.00   56.84
89300   89561   7.88    74.01
89304   89090   5.33    59.29
89324   89501   10.00   63.77
89324   89185   10.00   32.92
89341   89265   0.00    72.77
89348   89945   3.00    120.74
89360   88672   8.38    129.79
89365   89360   10.57   89.18
89365   89676   5.50    58.40
89371   88902   1.60    130.54
89372   88755   7.50    120.29
89372   89582   4.67    45.51
89372   89365   15.00   98.77
89373   88978   6.43    96.89
89376   89061   7.80    70.40
89378   89630   9.56    62.54
89379   89198   8.25    56.27
89406   89103   9.26    81.37
89432   89376   10.00   17.32
89432   90044   8.50    116.43
89490   89205   7.00    73.00
89501   89056   7.57    94.71
89504   89193   1.00    58.02
89504   89324   4.67    48.45
89519   89216   2.50    81.88
89520   90194   6.76    123.84
89540   89984   9.89    119.64
89540   89490   10.00   12.26
89559   89097   9.29    85.12
89559   89406   5.80    43.52
89563   89003   9.92    135.43
89563   89379   4.75    52.96
89582   89993   15.75   81.64
89585   89582   0.00    18.49
89585   89372   0.00    40.04
89630   89984   9.08    84.88
89630   90073   6.45    118.55
89631   89432   13.38   115.12
89631   89090   5.86    102.92
89632   89559   9.23    18.78
89649   89050   7.20    116.39
89659   89848   10.00   32.06
89659   89352   16.62   111.17
89675   89585   0.00    17.97
89675   89676   9.33    102.57
89676   89697   7.70    90.34
89697   89360   3.60    61.39
89703   89632   11.50   18.59
89714   89504   13.33   40.93
89740   89406   0.00    80.23
89743   89632   0.00    54.93
89750   89714   0.00    31.43
89750   88975   0.00    144.44
89751   89540   10.00   49.14
89765   89537   2.41    88.44
89794   89373   11.44   109.09
89803   89751   1.00    21.32
89803   89490   0.00    134.80
89828   89703   0.00    61.28
89847   89803   8.80    17.10
89848   90020   9.92    51.00
89857   89631   8.95    111.61
89857   89563   11.11   97.30
89870   90020   10.00   32.29
89904   89373   8.00    135.75
89910   89501   7.00    91.24
89911   90160   0.00    118.77
89933   90292   9.83    92.14
89938   89371   5.14    103.59
89945   90683   3.00    147.66
89960   89840   6.50    62.67
89963   89848   11.50   26.31
89964   89697   7.00    47.27
89964   90075   6.71    141.83
89972   90160   10.00   33.00
89973   89750   10.00   45.75
89973   89714   3.00    47.30
89982   90748   5.13    136.69
89984   90206   8.27    50.04
89986   89765   7.45    88.49
89993   90379   3.25    103.97
89993   90723   11.50   136.03
90020   90297   11.06   91.39
90040   89857   6.91    76.72
90041   90516   5.50    97.71
90044   90668   9.73    116.20
90044   89847   7.14    111.41
90073   90352   4.59    75.94
90075   90417   9.00    70.07
90075   89675   11.50   91.42
90081   89904   10.00   40.33
90093   89649   3.60    93.70
90135   90772   10.80   120.24
90160   90341   0.00    99.38
90163   89605   1.00    99.06
90165   89964   0.00    34.50
90175   90081   10.00   18.95
90175   90384   15.00   55.37
90206   90228   0.00    2.63
90208   90447   0.00    59.34
90212   90469   0.00    45.48
90228   90633   10.00   78.04
90237   90040   8.67    76.72
90237   89631   10.40   112.14
90247   89794   10.00   84.50
90253   90237   10.00   8.23
90253   90044   9.80    114.52
90292   90175   0.00    31.22
90305   89703   9.51    136.81
90321   90165   0.00    86.71
90345   90165   2.00    35.62
90352   90945   9.92    120.44
90352   90562   9.94    52.80
90379   90607   0.00    41.73
90379   90457   0.00    50.80
90384   90592   0.00    48.54
90384   90605   9.83    56.26
90402   90345   0.00    8.18
90413   90527   0.00    24.31
90417   90497   0.00    13.51
90417   90457   0.00    13.87
90447   90073   8.80    83.48
90452   90467   7.25    5.96
90457   90497   0.00    14.33
90462   89910   8.63    93.53
90462   89973   14.33   95.27
90467   89857   9.93    118.21
90467   90662   2.65    89.88
90469   90253   18.00   76.29
90482   90750   10.82   81.91
90497   90512   0.00    1.91
90512   90345   6.00    85.46
90512   90890   3.00    72.94
90515   90321   0.00    86.71
90516   90668   8.54    93.55
90527   90714   14.60   90.32
90546   90093   3.58    93.63
90546   90940   1.00    101.76
90546   89938   5.57    103.60
90562   90699   12.00   40.70
90562   90418   10.00   33.65
90568   90512   15.00   40.03
90572   90402   0.00    86.87
90607   90568   3.00    30.01
90619   90402   7.57    42.71
90631   90977   5.50    99.24
90633   91045   10.67   78.04
90656   90546   0.00    27.33
90662   90934   4.78    108.80
90662   90631   8.67    98.83
90668   91275   6.00    114.98
90668   90469   3.00    86.51
90677   90292   5.75    93.24
90683   90692   10.86   60.00
90683   91110   0.00    83.56
90689   90683   12.00   43.01
90689   90462   4.67    43.37
90692   90723   5.75    48.03
90692   91239   7.25    110.69
90699   91129   9.02    118.36
90699   90305   9.55    99.76
90709   90689   10.00   62.37
90709   90163   9.43    99.08
90714   91152   11.20   94.00
90723   90742   0.00    22.91
90727   90305   9.27    91.96
90729   90247   7.64    84.73
90729   90709   10.10   57.57
90740   90729   6.50    30.24
90742   90607   13.29   90.28
90742   90822   0.00    43.76
90748   90740   10.00   28.33
90750   90748   0.00    21.23
90750   90994   3.00    46.02
90770   90619   8.00    27.44
90772   91438   12.00   119.82
90796   90619   0.00    86.22
90806   91221   0.00    75.54
90822   90723   0.00    24.60
90846   90605   9.00    53.49
90860   90770   0.00    16.96
90869   90447   9.55    89.81
90882   91381   7.00    97.73
90890   90770   7.75    76.68
90934   90977   0.00    17.42
90945   91633   7.57    121.16
90958   90568   0.00    73.86
90958   90890   0.00    44.14
90977   91275   3.00    111.31
90979   90851   10.50   64.44
90979   91489   14.33   80.88
90994   91221   10.00   39.62
91016   90860   4.45    28.25
91026   90699   9.08    63.46
91026   90835   10.00   53.18
91034   90860   0.00    86.17
91045   90668   10.32   144.07
91045   91322   11.67   53.07
91110   91390   15.00   80.58
91129   91554   9.41    70.48
91145   91193   0.00    20.81
91149   91145   0.00    2.63
91152   91665   3.00    79.04
91152   91280   3.00    61.15
91174   90740   10.00   81.26
91193   91318   3.75    20.16
91211   90677   9.83    96.16
91211   90656   9.56    114.81
91221   91620   10.33   63.90
91239   91811   3.00    109.80
91263   90822   8.00    100.86
91271   90546   4.14    128.33
91275   91355   1.00    26.03
91277   90846   7.00    89.12
91280   90979   0.00    61.09
91285   91149   0.00    28.33
91299   90846   2.00    87.73
91314   90958   10.43   77.15
91318   91369   0.00    9.76
91322   91686   9.46    61.42
91322   91195   0.00    39.68
91355   91481   5.83    39.78
91360   90869   7.79    90.37
91360   91045   9.87    114.01
91369   91372   0.00    12.36
91372   91285   0.00    15.86
91381   91817   5.50    96.00
91390   91174   8.70    76.92
91390   90709   10.50   113.12
91438   91486   3.00    9.23
91467   91026   9.53    77.29
91471   91560   10.00   16.26
91481   91686   5.44    78.10
91486   91962   8.64    114.20
91489   91974   13.20   80.88
91503   90994   1.00    85.33
91519   91271   10.00   35.24
91554   92219   6.83    121.61
91560   91681   9.79    52.60
91566   90727   8.14    148.78
91580   91922   11.50   81.20
91610   91976   13.00   60.19
91620   91299   9.50    52.94
91620   92151   10.82   91.72
91633   91360   9.33    96.44
91633   92266   8.89    114.49
91665   92125   10.00   78.86
91681   91910   10.11   39.82
91686   92003   5.55    115.82
91694   91848   0.00    32.16
91694   91503   15.00   53.60
91717   91299   8.67    80.88
91759   91211   11.00   101.49
91759   91277   3.00    89.12
91783   91481   0.00    54.56
91786   91554   0.00    73.59
91802   91211   10.20   90.89
91811   92390   8.38    133.06
91811   91694   10.00   117.99
91814   91263   10.00   101.77
91840   91355   0.00    83.02
91848   91503   0.00    61.30
91894   91467   11.10   77.29
91894   91633   9.08    96.83
91910   92281   8.60    60.83
91920   91452   9.20    75.32
91922   92261   9.00    81.20
91972   92261   11.00   64.93
91972   91318   3.60    149.72
91973   91786   0.00    65.47
91974   91976   11.50   41.82
91976   92326   7.69    59.35
92002   91590   6.00    86.83
92003   91360   7.41    113.61
92003   92266   7.14    96.28
92033   91786   0.00    45.88
92034   91814   11.00   37.57
92052   91974   8.83    57.35
92052   91280   11.00   123.45
92055   91894   12.23   58.51
92056   91519   2.20    88.78
92089   91759   7.60    68.17
92089   91717   9.20    80.88
92125   92459   7.40    56.05
92125   92052   11.50   60.64
92151   92729   12.86   91.72
92187   91861   6.40    81.79
92213   91620   9.67    107.32
92219   92055   10.89   58.41
92261   92528   0.00    61.72
92261   92812   9.88    121.48
92263   92056   3.20    36.84
92266   92467   5.95    76.98
92281   92944   12.00   98.29
92302   92892   4.11    124.08
92326   92367   3.00    65.40
92326   92891   10.10   79.98
92349   91802   8.31    90.91
92349   91759   8.82    122.13
92367   91920   11.50   75.32
92387   92437   9.06    97.06
92390   91848   3.00    103.21
92434   91972   8.71    115.65
92437   92648   8.43    71.47
92437   92994   7.83    76.18
92437   92002   8.50    87.56
92441   92003   5.81    82.59
92467   92726   4.60    76.98
92517   92441   0.00    14.72
92523   92219   10.79   115.06
92528   92892   7.39    65.63
92528   92187   15.00   81.79
92626   92089   6.50    108.96
92630   92034   0.00    115.39
92648   92871   11.56   72.61
92701   92213   20.00   80.37
92704   93040   1.00    59.18
92713   92213   3.00    79.31
92726   93024   8.55    87.16
92729   93245   3.63    92.88
92729   92089   8.25    117.60
92812   92838   0.00    4.91
92812   92434   11.20   65.14
92818   92349   11.69   85.05
92838   93281   11.20   123.65
92861   92434   3.75    112.28
92871   92991   12.17   47.02
92871   93550   11.00   99.55
92874   92818   3.00    7.27
92891   93399   7.80    69.83
92892   93362   5.35    94.42
92895   92626   11.50   90.64
92944   93656   6.38    98.42
92991   92517   5.20    74.02
92991   93207   4.40    81.31
92994   93524   6.80    76.11
93007   92263   6.62    132.36
93024   93274   4.54    87.16
93040   93007   4.30    21.88
93049   92387   10.00   102.70
93064   92861   10.00   66.87
93076   92367   3.00    95.26
93079   93040   2.00    25.50
93096   93064   11.50   11.64
93122   93736   9.57    88.15
93122   93079   3.86    38.06
93134   92626   8.50    84.48
93153   93122   9.20    38.15
93176   92838   11.50   65.17
93176   92528   7.58    127.68
93207   93501   9.11    102.01
93243   93153   3.00    64.65
93243   94202   6.50    135.29
93245   93484   9.89    89.26
93249   92713   7.50    79.32
93249   92729   10.85   90.11
93281   93570   8.57    107.99
93281   92861   0.00    65.14
93288   92701   10.00   81.49
93299   92874   11.00   80.86
93332   92648   15.25   100.25
93362   93822   6.75    91.27
93399   93801   8.50    54.13
93484   93842   9.17    70.87
93484   93708   0.00    84.29
93501   93796   11.40   102.01
93524   93332   10.00   70.26
93524   94146   11.06   90.26
93549   93007   7.41    76.23
93549   93299   8.48    78.90
93550   94050   10.00   97.63
93551   93243   5.46    149.49
93570   93064   6.50    72.95
93570   93841   10.25   105.72
93602   93176   6.75    83.34
93656   93752   9.57    74.50
93695   93647   0.00    8.66
93708   94161   10.17   108.41
93734   93153   13.25   80.75
93736   94340   9.30    88.15
93752   93076   13.25   95.26
93752   92891   9.37    129.59
93774   93049   9.56    104.14
93774   93656   8.43    57.89
93796   94058   8.50    102.02
93801   93978   11.00   30.26
93822   94277   8.05    95.30
93841   93419   0.00    64.15
93841   94267   8.00    91.54
93846   94424   5.00    83.69
93846   93551   5.13    149.47
93914   92991   5.85    131.76
93944   93846   7.25    42.44
93955   93281   0.00    97.96
93955   94064   5.86    121.67
93982   94594   6.25    87.28
93982   93944   2.82    19.43
93985   94298   8.33    136.18
93998   93602   8.50    83.38
93998   93955   11.50   23.80
94037   93978   11.50   7.90
94039   93708   10.00   55.10
94039   94601   9.43    103.30
94050   94564   13.67   89.50
94050   93332   11.29   100.42
94051   93207   10.27   121.26
94051   93985   10.22   68.90
94064   94466   12.71   95.86
94064   94234   10.33   79.14
94064   93570   11.00   71.73
94098   94300   3.00    32.29
94146   94728   9.00    90.26
94161   94846   9.50    112.33
94202   95135   9.36    141.22
94212   94821   3.50    97.31
94212   93982   2.64    64.88
94217   94331   13.25   146.63
94234   94267   9.00    78.58
94267   94037   11.00   63.98
94277   93998   9.00    68.03
94277   94725   5.38    99.42
94283   93734   11.50   80.75
94283   94202   9.25    57.43
94284   94283   0.00    2.14
94298   94659   6.58    136.55
94300   94530   11.78   128.33
94300   94901   6.75    94.85
94331   94039   6.50    46.20
94340   94284   10.00   33.08
94340   95282   10.50   140.78
94424   94965   8.40    83.67
94456   94212   5.20    62.86
94456   94928   5.50    72.15
94466   93998   17.50   95.82
94468   94340   11.00   85.01
94530   94847   6.50    48.92
94530   94567   4.67    21.86
94543   94468   9.86    55.03
94543   93549   7.00    141.43
94560   94456   2.83    30.31
94564   95067   9.00    89.38
94567   93774   10.21   118.79
94567   94675   9.73    77.32
94583   94284   0.00    52.19
94593   93914   11.38   128.15
94594   94965   3.00    84.35
94601   95218   0.00    104.11
94627   93985   10.75   129.13
94708   94543   10.25   27.40
94725   95213   5.24    99.50
94728   94914   7.14    24.62
94744   94627   8.75    123.03
94771   94627   9.14    32.15
94846   95344   7.55    81.69
94847   95007   0.00    25.22
94877   94051   10.65   146.59
94877   94744   10.79   123.00
94898   94877   0.00    3.65
94901   95530   7.27    90.27
94914   95067   6.73    33.54
94965   95882   9.65    118.83
95001   94331   10.00   125.64
95007   95493   10.50   65.46
95019   94560   3.46    111.91
95027   94914   6.19    36.16
95067   95187   0.00    37.02
95135   96013   9.11    112.79
95149   95019   3.75    91.96
95153   95027   6.00    48.97
95158   95019   4.78    35.61
95187   95362   1.67    48.50
95187   94593   9.36    126.69
95197   95135   8.00    35.68
95213   95323   20.00   17.78
95238   95158   3.71    65.20
95241   94771   10.52   95.50
95282   95415   12.67   16.24
95282   95197   12.73   56.84
95289   95149   10.00   91.95
95312   95238   7.31    73.01
95323   95387   10.00   8.42
95335   95312   2.89    31.16
95362   94898   11.25   134.30
95399   94771   11.92   108.48
95399   95872   11.50   54.96
95408   95412   1.40    4.66
95409   95652   0.00    67.03
95412   95463   2.18    44.89
95415   96221   9.47    103.48
95432   95282   10.75   84.86
95463   95513   6.29    45.90
95493   95153   2.29    102.41
95513   95552   2.16    44.75
95530   95493   6.29    10.82
95530   95672   11.86   17.77
95531   95399   11.77   90.29
95531   94898   9.53    141.59
95552   95594   4.17    46.50
95561   95443   9.20    63.90
95594   95651   2.15    45.00
95649   94708   9.15    122.57
95651   95672   4.36    44.83
95685   95561   12.60   66.46
95729   95658   7.33    78.02
95784   95685   10.00   65.82
95797   95872   7.81    114.42
95800   95153   0.00    83.87
95830   95649   8.20    105.32
95872   95906   3.58    44.41
95873   95197   10.00   83.35
95875   95623   0.00    39.82
95882   96471   11.22   77.03
95882   95784   7.50    63.17
95906   95966   5.20    38.79
95954   96270   1.00    41.71
95963   95954   10.63   148.79
95966   95531   20.00   58.28
95966   96153   9.53    115.69
96013   96814   9.79    112.79
96110   96522   0.00    52.22
96126   96004   12.67   70.47
96145   96031   9.60    65.62
96145   95561   12.00   77.01
96153   95729   11.50   81.79
96159   96344   9.80    92.92
96215   96002   0.00    29.18
96221   96927   9.00    103.49
96240   96126   9.32    67.05
96242   95685   10.00   77.36
96242   96145   10.00   65.95
96270   96215   10.00   30.66
96270   96510   15.00   141.79
96336   96438   8.77    58.00
96336   96153   9.35    22.13
96344   95649   7.64    93.12
96352   96242   9.92    65.95
96352   95784   12.44   76.68
96363   96240   9.00    68.03
96438   96522   6.85    51.79
96471   97218   7.38    118.67
96471   96352   9.00    65.43
96488   96363   9.24    64.05
96501   95873   0.00    83.37
96513   96678   10.68   134.40
96522   96636   10.84   96.65
96522   97248   8.44    116.14
96636   96659   20.00   15.81
96636   96215   12.00   56.55
96650   96471   10.46   133.33
96659   97221   0.00    89.48
96659   96723   7.86    54.34
96678   96850   8.26    134.39
96723   96797   11.33   52.09
96723   97358   10.50   98.81
96747   96344   6.00    60.97
96768   96949   9.23    133.80
96797   96865   8.50    49.35
96797   97419   0.00    98.69
96814   97545   9.91    116.66
96814   96650   10.52   133.31
96847   97132   10.00   96.65
96850   97042   11.00   132.36
96865   96930   6.55    48.40
96909   96747   9.33    112.44
96927   96814   5.43    93.26
96930   96987   4.67    42.47
96936   96927   0.00    6.43
96949   97120   9.44    133.80
96987   97051   4.67    41.76
97017   96936   4.33    54.94
97039   97017   10.33   22.03
97042   97218   11.44   132.31
97051   97105   12.00   45.47
97105   97166   0.00    41.89
97132   97787   10.50   100.13
97142   96747   7.75    62.65
97166   97233   5.63    46.71
97178   96438   8.20    115.77
97218   97478   6.67    43.45
97233   97334   8.79    79.60
97248   98021   9.28    116.14
97334   97436   10.88   79.61
97358   97221   9.00    61.61
97419   98315   9.17    134.09
97419   97358   12.67   51.41
97436   97566   6.67    107.24
97477   97419   6.71    49.55
97478   97774   3.00    41.65
97545   97685   10.13   99.72
97545   98051   9.93    72.41
97566   97783   10.95   132.99
97567   97478   15.00   77.23
97591   97753   8.68    92.52
97685   97769   9.25    55.51
97753   97462   0.00    40.23
97753   97893   8.31    104.89
97769   97905   7.71    107.86
97774   97980   7.00    30.03
97783   97980   14.33   132.98
97828   97436   11.00   58.19
97841   97730   7.00    82.28
97884   97774   0.00    77.33
97893   98639   9.15    116.81
97893   98000   5.50    69.48
97937   97855   3.82    53.19
97937   97178   13.00   115.77
97980   98107   11.08   21.07
97987   97828   10.75   105.49
98000   98080   8.25    57.69
98021   98733   9.54    115.84
98021   97937   4.65    52.17
98051   98462   9.46    65.62
98080   98148   7.40    51.28
98107   98569   12.11   73.13
98147   98021   4.63    98.61
98148   98180   8.80    19.51
98148   98859   11.50   115.86
98180   97841   10.86   85.18
98180   98219   8.13    33.12
98211   98051   10.49   130.68
98219   97828   11.50   58.85
98219   98293   12.20   48.09
98288   98147   3.69    98.59
98293   98985   9.73    115.18
98293   98369   2.88    56.96
98315   98288   8.50    23.57
98369   98532   10.00   133.34
98377   98211   10.00   130.67
98379   98315   2.00    48.10
98462   98900   6.42    73.15
98529   98379   3.58    115.47
98532   98703   9.14    133.35
98569   98703   26.29   22.60
98639   98529   5.43    80.53
98703   99064   0.00    58.29
98718   98639   3.62    70.10
98801   98718   5.52    58.24
98801   98080   10.91   116.53
98809   98529   0.00    46.29
98824   98932   5.86    84.86
98857   98733   7.49    98.76
98859   98801   3.56    50.71
98900   99049   10.61   23.28
98924   98219   12.60   115.54
98924   98859   5.89    50.17
98928   99064   1.00    97.13
98948   98809   1.00    24.13
98985   98924   7.21    50.18
98986   98857   6.58    98.76
98986   98288   6.76    116.33
99049   99792   9.93    114.88
99064   99426   2.00    56.85
99066   98985   5.11    57.44
99092   98986   2.81    70.05
99112   99520   10.00   61.48
99157   99066   6.62    58.01
99206   99112   0.00    76.54
99235   99975   11.86   114.74
99235   99157   6.19    54.98
99258   98948   10.00   46.59
99258   99092   8.21    115.79
99375   100112  10.09   116.48
99375   99235   4.05    96.32
99377   99258   9.86    75.46
99426   99375   15.57   56.92
99426   99710   9.00    41.58
99472   99377   6.38    75.46
99520   99472   7.75    34.37
99558   99426   8.63    86.70
99663   99848   9.09    133.73
99667   99520   7.56    115.96
99676   99558   6.29    88.88
99710   100166  8.25    75.25
99710   99558   0.00    127.43
99792   100491  9.09    118.06
99792   99676   3.25    88.87
99822   99667   7.93    115.97
99848   100035  7.91    133.13
99895   99822   8.25    58.50
99975   99895   9.29    55.21
99985   99792   3.87    137.07
100035  100184  8.50    133.09
100112  99975   6.33    96.96
100166  100112  10.00   55.74
100166  100506  9.86    58.60
100184  100270  12.36   60.63
100270  100337  11.50   54.71
100337  100412  9.00    62.56
100339  100166  11.00   132.39
100412  100516  7.37    88.55
100491  100339  10.62   132.37
100491  101237  9.64    116.56
100506  100595  9.00    13.07
100516  100699  9.83    133.44
100542  100633  8.07    69.88
100595  100884  0.00    44.74
100633  100723  9.24    62.64
100678  100491  7.50    126.39
100680  100595  11.50   65.33
100699  100884  8.60    133.45
100723  100811  10.15   63.31
100811  100909  6.79    70.69
100884  101246  6.40    58.31
100884  100986  9.35    81.40
100909  100980  8.09    60.33
100980  101046  9.96    55.11
100980  100270  11.92   115.66
100986  101093  6.88    81.40
101046  101158  8.79    75.47
101093  101165  3.58    49.27
101158  101262  6.80    75.47
101165  101237  10.00   51.40
101246  101620  8.57    59.13
101262  101339  10.56   58.90
101339  101391  8.50    49.45
101350  101246  10.75   81.15
101391  101484  8.29    70.69
101456  101350  11.38   81.15
101456  101093  10.00   58.19
101484  101544  0.00    39.94
101544  101620  7.00    48.15
101620  101984  6.50    57.02
101620  101747  3.91    80.23
101747  101837  5.17    80.21
101837  101908  1.78    52.10
101837  101456  7.86    57.78
101900  102663  6.83    114.45
101984  102359  6.75    58.21
102246  101484  12.67   116.76
102359  103214  7.90    118.04
1 3 88296 88697 85653 85304 87859 88159
2 1 99822 99895
3 3 90044 89432 86701 86934 88811 89003
4 2 79183 79324 77035 76932
5 4 84745 84526 87576 87409 83658 84127 84318 84427
