2485 5970 2 12 4 4 4460.77 1643.44
8207 48
7576 48
10554 40
8687 48
8373 48
8955 48
9093 48
7519 48
10455 40
8210 48
10363 40
8718 48
9029 48
11008 40
8546 40
8412 48
9750 40
8124 40
7471 40
7842 48
9858 48
6788 48
9673 40
7215 48
8594 40
10032 40
6997 48
7468 40
7404 48
8709 40
7794 40
9420 48
10825 40
9653 48
9889 40
7118 48
11130 40
11107 40
7504 48
9445 48
8498 40
10264 48
6829 48
9432 40
8596 48
9995 40
9644 40
7960 40
9255 48
9719 40
7835 48
8682 40
8023 40
8747 40
7433 40
8187 48
8906 40
8254 48
7157 40
6898 48
8917 48
8348 48
8659 48
11330 40
8413 48
10956 40
9710 48
8172 48
7992 40
7889 40
8903 48
7577 40
6995 48
7106 48
8055 48
9081 48
9702 48
7180 48
7245 48
9451 40
10957 40
8299 40
7408 48
8349 48
8497 40
7009 40
8321 48
7476 40
7531 40
9871 48
11032 40
7214 48
8876 48
9083 40
9669 40
8053 48
9234 40
7113 40
9256 40
10464 40
10468 40
10086 48
10100 40
7324 48
9326 40
7609 48
11162 40
10013 40
11473 40
7562 48
7402 40
9418 48
9663 40
8476 40
9088 48
7586 40
9109 40
8277 48
9138 40
10035 48
7203 48
8628 48
9617 40
9286 48
8512 40
9084 40
9394 40
8589 48
9926 40
7312 48
9417 48
10120 40
7287 40
6759 48
8380 40
9839 40
8697 40
6825 48
8142 48
9967 40
9143 40
9208 48
9008 48
9125 48
7759 40
10188 40
6672 48
7588 48
9729 48
9616 48
10339 40
8615 40
8768 40
8586 40
7553 48
11452 40
8031 48
10552 40
8342 48
8883 48
6804 48
10027 40
8570 40
8915 48
9267 40
10345 40
6813 48
9577 40
7358 48
8146 48
7882 40
9201 48
10524 40
10511 40
8948 40
8395 48
7744 40
8063 40
9944 40
9774 40
9649 48
8162 40
7249 48
9514 40
8465 48
10233 40
8786 48
8190 40
9181 40
9137 40
10146 40
10678 40
8856 48
8931 48
7558 48
8298 48
9642 48
10171 48
7239 40
8616 48
7526 40
8110 48
6785 48
7677 48
8361 48
9503 40
8618 48
10125 48
8834 48
9681 48
9376 48
8236 48
8646 40
9586 48
10009 40
7628 48
8145 48
9452 40
9638 48
8534 48
10213 40
6762 48
8297 48
9553 48
7663 40
9550 48
9868 40
8715 48
10375 40
7579 40
9030 48
9409 48
9798 40
9433 48
8521 48
9082 48
8961 40
7429 48
9441 40
10434 40
9150 40
8176 48
9748 48
8590 48
7823 48
8318 40
10746 40
9959 48
9091 40
7615 40
9862 40
9180 40
7521 48
6948 48
8435 40
9438 48
7277 48
10459 40
7258 40
8699 40
7726 48
11180 40
9859 40
7021 48
9466 40
8636 48
9904 40
10805 40
7901 48
9105 48
9389 40
9002 48
7934 40
7874 40
8239 48
7496 48
8800 40
10473 40
8399 48
9777 48
6757 48
8467 48
8782 48
7573 48
8999 40
9065 48
9280 48
7816 40
10238 40
8370 40
9906 40
9145 48
9645 48
10666 40
10104 48
7856 48
7906 48
9590 48
9489 40
8771 40
9245 40
8791 40
7369 48
8531 48
8758 48
8473 48
9728 48
10493 40
8882 40
8149 40
8684 48
8563 48
8265 40
8060 40
8503 40
9218 40
8445 48
8753 48
8848 40
11120 40
7824 48
9592 48
9486 48
9740 48
10847 40
8018 40
8486 40
9024 48
9315 40
8353 48
8873 40
9435 48
8731 40
10992 40
9582 48
7031 48
8765 40
8801 40
8448 48
7123 48
7276 48
7172 48
8655 48
7708 48
8426 40
9078 48
11214 40
7860 48
8090 40
6961 40
9299 40
7770 48
10424 40
8308 48
9756 40
9547 48
9531 48
9285 48
9536 48
9914 48
8240 48
8927 48
11432 40
7078 48
8733 40
10449 40
9026 40
10023 40
8192 48
7752 48
7748 40
8825 48
9636 40
7211 48
7149 40
7056 40
9793 40
8194 48
8776 40
8878 40
7932 40
10683 40
7140 48
10008 40
8751 40
8997 40
8944 48
7927 40
9805 40
9401 40
8796 40
7231 48
8681 40
10656 40
8668 48
9295 40
10161 40
9551 48
8936 40
9849 40
8484 48
7162 40
9788 40
7721 48
8907 48
9575 40
7840 40
9664 40
9492 48
8439 48
7692 40
8702 40
11280 40
9157 48
7766 48
9185 40
7262 48
8974 48
6921 48
8070 48
6957 48
9824 40
9597 40
9235 40
7989 40
9631 40
7455 48
9319 48
8868 48
8171 48
8553 48
8631 48
10221 40
9311 40
9566 40
8134 48
7922 40
10437 40
9672 40
10315 40
10513 40
9204 48
7263 48
9511 40
7863 48
8378 40
8414 48
8928 48
9913 48
7175 40
9390 40
7763 48
8739 48
7069 48
8443 48
9149 48
10583 40
8749 48
8488 48
10396 40
8649 48
9461 40
7436 48
9346 40
8311 48
8675 40
10136 40
11019 40
9742 40
11065 40
7543 40
7344 48
9907 40
10153 40
8595 40
9471 40
8302 48
8661 40
10784 40
6806 48
9246 40
10699 40
8792 40
7049 48
8428 40
9122 40
8199 48
10212 40
8673 40
8507 48
8118 40
8442 48
7506 40
8491 48
8727 40
8714 48
10477 40
7982 48
8956 48
8632 40
7392 48
8847 48
8548 48
10110 40
10563 40
10311 40
9473 48
8788 48
9317 40
8813 48
9543 40
10256 40
6937 48
9807 40
8046 48
7289 48
9184 40
9692 40
8601 48
8887 48
9554 40
7424 48
9174 40
7291 48
7971 48
10097 40
8416 48
9275 48
8369 48
7676 48
8415 48
8126 48
9707 40
7460 48
9700 40
7138 48
7116 48
10695 40
8116 48
8674 48
7382 48
7278 48
8940 40
9132 48
8309 40
8177 48
9829 48
9344 48
9115 48
7830 40
8892 40
7782 48
8779 40
8757 48
10486 40
7217 48
9247 48
7399 48
9656 48
8842 40
9047 40
9090 40
10503 40
6844 48
10481 40
7806 40
8639 40
7107 48
7271 48
9488 40
10425 40
7583 48
8864 48
10051 40
10958 40
8721 40
9059 40
6933 48
8485 48
8972 48
8136 48
9197 40
7540 40
10335 40
9178 48
7803 40
9845 40
9512 40
9960 48
7241 40
8524 48
9048 48
8850 48
9189 48
6837 48
8310 48
9584 40
9153 40
7524 48
7059 48
8066 40
8313 40
9800 40
9186 40
9164 40
7286 40
8291 48
9891 48
8115 40
8775 40
8213 48
7466 40
7224 48
9767 40
7502 48
9271 48
10605 40
8621 48
9484 40
7725 40
10197 40
6862 48
7398 40
9350 40
7407 40
8356 48
9104 48
6864 48
8267 48
9883 40
11005 40
7942 48
9985 40
10948 40
9252 40
8249 40
8729 40
10353 40
9216 40
8355 48
9602 40
6817 48
11039 40
8029 48
8241 40
8111 48
9308 40
8660 40
7260 48
8204 40
8696 48
8900 40
9619 48
10658 40
7458 48
8947 48
9019 48
9605 40
8539 48
8327 48
7005 40
9500 40
7165 48
7100 48
8785 40
10792 40
7534 48
8468 40
8027 48
8198 48
8410 40
8191 48
8808 48
9272 48
7156 48
7517 48
10045 48
8202 40
8437 48
8200 40
8462 48
8152 40
7897 48
9474 40
8062 40
9327 48
7522 48
9526 48
7811 48
9884 40
9879 40
9080 40
10596 40
8872 40
9684 40
8021 40
8360 48
8131 48
7357 40
7612 40
8345 40
11586 40
10298 40
7001 48
8405 48
8946 48
8270 48
9534 40
10478 40
8568 40
9980 48
8924 48
8897 40
9533 48
8839 48
9335 40
10352 40
7451 48
9779 40
7890 48
8351 48
7872 48
8861 48
9287 40
9977 48
10173 40
8902 48
7958 48
6842 48
9567 48
8658 48
10500 40
8381 40
9092 48
9103 40
10014 48
10461 40
9277 48
8620 48
9654 40
7820 48
8429 48
7602 40
10889 40
8388 40
8598 40
8161 40
9014 40
7849 40
10073 40
8432 48
9831 40
8209 40
9852 40
7470 40
8870 40
10158 48
7293 40
7948 40
9144 40
7913 48
8201 40
9188 40
10940 40
7686 48
7173 48
7705 40
8065 48
8591 40
10368 40
7353 40
7679 40
7115 48
9799 40
7648 40
7204 40
8767 40
8992 48
7012 48
10689 40
8981 40
7561 48
10408 40
9736 40
8762 40
8670 48
9658 40
10048 48
8450 48
10597 40
9717 48
7567 40
7796 48
7771 48
8560 48
8141 48
9099 40
9864 40
7354 40
8074 48
8387 40
8223 48
7091 48
10933 40
7150 48
7959 48
8226 48
9324 40
9102 40
8080 40
9067 40
8763 48
8706 48
9366 40
7976 48
11014 40
9755 40
10304 40
9169 48
7375 48
8295 48
9237 40
8243 48
8821 48
9360 40
8806 40
10015 48
6880 48
9583 40
9764 40
7544 48
7242 40
6849 48
8719 40
6967 48
8206 48
8959 48
9213 40
9535 48
9465 48
9600 48
8505 40
9555 40
8677 48
7379 48
6911 48
9007 48
8831 40
8916 40
9096 48
10756 40
8368 40
9141 48
9071 48
6947 48
8941 48
7903 40
8392 48
8305 40
9005 40
7058 48
10134 40
9666 40
7025 48
8256 48
8893 48
7669 48
7494 48
10186 40
9470 48
9339 40
9269 40
7013 48
8680 40
9198 48
9496 40
8958 40
10337 40
7493 48
8186 48
9951 40
7368 48
8338 48
9260 40
9307 48
8390 48
8050 40
7129 48
8363 48
9468 40
10024 48
9969 48
8107 48
10078 48
8689 40
10698 40
8963 48
10267 40
8790 48
9599 40
9676 40
8653 48
9097 48
9961 48
9973 48
7477 48
7074 48
8430 48
9220 40
9387 40
8016 40
9042 40
6988 48
9428 48
9015 40
9495 48
10347 40
8157 48
10124 40
9023 40
8583 48
9293 48
9570 40
7900 48
7546 40
7664 48
9297 40
10905 40
8828 48
8478 48
10278 40
11346 40
9253 48
10283 40
8175 48
7728 48
8937 40
8925 40
9358 40
6802 48
8888 48
9207 40
9124 40
8935 40
9814 48
7269 48
8980 48
8989 40
8685 40
10487 40
9838 40
10541 40
7000 48
7008 48
7275 48
6633 48
8329 40
8411 40
9737 40
10547 40
8354 48
9639 48
9347 40
9537 40
9039 48
9840 48
7957 48
8253 48
7482 48
9659 40
9140 40
10518 40
9875 48
8455 48
9066 40
8312 40
9548 48
10096 48
8860 40
9966 40
9073 40
8712 48
7737 48
9242 48
7641 48
9183 40
9414 48
8235 48
8094 48
8391 48
9282 40
8257 48
8150 48
8881 48
9257 40
7077 40
9984 40
8607 48
9381 48
9341 48
9413 40
8495 40
7952 40
7870 48
8011 40
8750 48
7225 48
9300 48
10295 40
10797 40
9464 40
7268 40
9786 40
8986 48
6975 48
8280 40
10386 40
8722 48
10331 40
7792 40
10067 40
7154 48
9456 40
9924 40
8231 48
9291 48
9368 40
9971 48
11426 40
10934 40
8939 48
10106 48
7636 40
9068 40
10232 40
6660 48
8737 40
10156 40
8057 40
7195 40
8826 40
7649 48
9128 48
8967 40
7029 48
8499 40
7720 48
7655 40
11284 40
7625 40
9734 48
8918 40
11187 40
10277 40
7917 40
8904 48
9762 40
10226 40
9167 48
10854 40
9646 48
9206 40
8969 40
8100 40
9506 48
7701 48
10209 40
9087 40
9057 40
6903 48
11377 40
9386 40
6989 48
7321 48
8043 48
8805 48
10160 40
6996 48
10479 40
7606 48
9532 48
7200 48
7846 48
10043 40
9758 40
8276 40
8587 48
8708 40
7593 48
9460 48
8296 40
10673 40
7941 48
8746 40
9196 40
8120 48
8147 48
7080 48
9050 40
8044 40
8508 48
10686 40
7575 40
7391 40
7923 48
8657 48
7152 48
9089 48
8383 48
7529 48
10053 40
8420 48
7659 40
7730 48
8513 48
9426 40
8288 48
8427 48
7435 48
10159 48
9323 48
7838 48
8304 40
9950 40
8464 48
8844 48
6916 48
7651 40
9685 40
9156 40
7753 40
8566 48
8092 40
8417 40
9782 48
7500 48
7821 48
11229 40
8867 48
7884 48
6724 48
9355 48
8230 40
9043 48
7696 48
8602 48
9513 40
8359 40
7600 40
9259 40
8622 48
8606 48
6991 48
7212 48
8247 48
9832 40
7370 48
9850 40
10641 40
9273 48
6968 48
6894 48
9332 40
9481 40
8991 48
9866 48
8728 40
10694 40
9303 40
9630 48
8921 40
10252 40
9716 48
8106 48
8705 40
7791 48
7750 48
10141 40
10210 40
9302 48
8778 48
9499 40
9278 48
7378 48
9199 48
8894 48
9179 48
9745 48
9217 48
8406 48
9429 40
10446 40
9493 40
9633 40
9572 48
7232 48
8629 48
7624 48
8567 48
9221 40
7220 48
8301 40
8581 48
8756 40
10175 40
9316 40
10020 40
6790 48
10985 40
8890 48
9258 48
10977 40
8572 48
9214 40
7949 48
9976 40
9370 40
9938 48
9682 48
8084 48
8815 48
9412 48
8466 40
8049 48
8438 48
7377 48
9765 40
7146 48
8793 40
9733 48
9876 40
9416 48
8975 48
8943 40
11305 40
9017 48
8911 40
7057 48
7319 48
8667 48
8393 48
9283 48
9817 48
10635 40
7371 48
7018 40
7904 48
10879 40
8703 40
8401 40
9190 48
6858 48
9827 40
8083 40
8483 48
10346 40
7125 40
8155 40
8518 48
8077 40
9903 40
11344 40
7061 40
7028 48
9784 48
8075 48
8754 48
8102 48
7438 48
9975 40
8500 48
10413 40
11369 40
9632 48
8693 48
8576 40
8224 48
7273 48
7485 40
7484 48
7197 48
8769 48
9353 40
7266 48
7654 40
9194 48
8203 40
9054 40
7267 48
8950 48
9127 48
6884 48
7065 48
9794 40
10061 48
7580 40
10482 40
6661 48
10174 40
9825 48
9911 48
8866 40
9248 40
10869 40
8325 48
7804 48
9187 40
10542 40
6710 48
7307 48
6807 48
7876 40
8334 48
9652 40
10495 40
9826 40
10246 40
9579 48
7658 40
8648 48
9469 40
7318 48
8919 48
8042 40
8724 48
9161 40
7809 48
8502 40
10176 40
10465 40
8374 48
8798 48
10601 40
8968 48
9806 40
7365 48
8593 48
7410 48
9135 40
9055 40
9171 48
8752 40
8641 48
10496 40
9348 40
8582 40
7864 40
8573 48
9759 40
9209 40
9276 40
9718 40
9166 48
8214 48
7817 40
9942 40
9011 48
6939 48
8246 48
7719 48
8874 48
7339 40
7644 48
9968 40
8352 48
7732 40
7861 40
9338 48
8195 48
7347 40
7442 48
8912 40
9954 40
10195 40
7868 48
8285 48
8637 48
9601 48
8933 40
7632 48
9763 40
8777 48
10058 40
8803 40
7142 48
9520 48
9306 40
8755 48
7135 48
9476 40
7975 48
10090 40
7993 40
8759 48
10773 40
7112 48
8797 40
9365 40
10143 48
10581 40
9679 40
9789 40
11086 40
7437 48
7599 48
8840 48
8725 40
9890 48
9661 40
7814 40
8376 48
8096 48
10460 40
9612 48
9908 40
9372 48
9056 40
7417 48
7869 40
8953 40
7787 40
7738 40
7303 48
9064 40
8431 48
9343 40
9802 40
8592 48
7638 48
10260 40
8835 40
8010 48
9909 40
8168 40
7109 48
10443 40
7498 48
9540 48
8071 40
10151 40
9163 40
8811 48
7839 48
10253 40
9182 48
7643 48
8446 48
6917 48
8651 40
7469 40
8996 48
8735 48
10340 40
7027 48
9593 48
9369 48
7637 48
7986 48
7508 40
7236 40
7943 48
8423 40
8020 40
9037 40
9403 40
6877 40
9270 40
8908 40
9411 40
9117 48
8664 48
8284 40
8686 40
10349 40
7774 40
9175 48
7530 48
8098 40
8129 40
8139 48
8865 48
8879 48
9946 40
8748 40
9072 48
7237 48
7190 40
10317 40
8076 48
7921 40
8838 40
7672 40
9393 48
8977 40
9604 48
9266 40
6930 48
7349 48
8306 48
9752 40
7351 40
7261 48
7626 48
8537 48
8006 40
7381 40
7198 48
8761 48
8611 48
7512 48
9069 40
7698 48
8510 40
7899 48
8889 40
10485 40
9823 40
10684 40
8088 40
9392 40
9289 40
8323 48
9274 40
9049 48
10000 40
9613 40
7443 48
9674 40
8554 40
8787 48
8854 40
7295 40
9035 40
9032 40
8407 40
8652 40
7141 48
7984 40
7314 48
8781 48
10965 40
6800 48
7188 48
9792 48
7994 40
8623 48
9454 48
7414 40
9834 40
7961 40
8178 48
7810 48
7320 48
6850 48
8849 48
6695 48
6887 48
8976 40
10309 40
8626 48
7724 40
7264 40
8056 40
9478 40
9949 40
9406 40
7970 48
8278 48
11307 40
7235 48
8605 40
7042 48
7930 40
7367 48
8103 48
10011 48
7555 48
8222 48
9170 40
8522 40
9648 48
8015 48
10242 40
8886 40
7294 48
8559 40
9212 40
10360 40
9542 40
9251 40
8612 48
10356 40
11480 40
6847 48
7972 48
8022 48
7742 40
9620 40
8326 40
9927 40
7051 48
10703 40
8809 48
9111 40
8949 40
8934 48
8732 48
9449 40
10105 40
9935 40
8846 48
7453 48
8153 40
10526 40
7187 48
7182 48
8033 48
8471 48
9885 48
9001 40
9106 40
9458 48
11137 40
7209 40
7743 48
10755 40
9502 48
8528 48
9230 40
8211 48
8984 48
7210 40
10474 40
10532 40
7656 40
7334 40
9594 40
10837 40
9560 40
7916 48
7660 48
9921 40
10196 40
9683 40
9328 40
8007 40
10187 40
8452 40
7084 48
8760 40
8730 40
7858 40
7592 48
8509 48
8692 40
7747 40
8154 40
8812 40
9397 48
9578 40
9738 40
8804 40
7910 40
7622 48
8219 48
8529 40
8125 48
10494 40
8858 48
9846 48
7516 48
10148 40
7196 40
8449 40
9123 48
9118 40
10708 40
7161 40
9945 40
6684 48
7383 48
11496 40
9423 48
10610 40
9264 40
7280 48
8574 48
8379 48
7919 48
9003 48
7473 48
8816 48
8971 40
8575 48
9459 48
7183 48
8822 40
11118 40
7337 48
7520 48
7937 48
7409 48
8453 48
6883 48
7098 40
10064 48
8279 40
11596 40
9380 40
9475 48
8543 48
7892 48
9151 40
8738 40
9160 40
10079 40
7374 48
8158 40
8613 40
9079 48
9494 48
9279 40
8740 48
9964 40
11133 40
6860 48
8538 48
8964 40
10269 40
7827 40
10507 40
10205 40
8536 40
10072 40
6736 48
6976 48
8609 40
9510 40
6895 48
8952 40
8770 40
7905 40
8220 48
7181 48
8942 40
9313 48
9040 40
9928 40
8829 40
8836 40
6852 48
8167 40
10546 40
6856 48
8701 48
9902 40
7222 48
9895 40
8079 48
8319 48
8418 40
7974 48
9606 40
10208 48
7711 40
7853 40
10322 40
7603 40
9172 48
9146 40
7168 48
6942 48
10117 40
7751 48
6781 48
8034 40
9955 48
10251 40
10165 40
7907 48
10144 40
7920 48
9268 48
9243 40
9395 40
10040 40
8324 48
8269 48
8802 48
7836 48
7361 40
7518 40
7926 48
11056 40
8398 40
9378 40
8263 40
7762 40
8166 40
9463 48
7999 40
8377 48
7265 48
7865 40
7819 40
8362 48
9497 40
10202 48
7102 48
10937 40
10102 40
7647 40
9787 40
8910 40
8987 48
7305 48
8447 40
7160 48
8726 40
6943 48
7978 48
9447 48
9240 40
7257 48
8985 40
9070 48
8643 48
8600 48
9310 48
9025 40
7841 48
9963 40
7710 40
7896 40
9388 48
9791 48
8346 40
8117 40
9249 40
9680 48
8035 48
9741 40
8037 40
10525 40
9521 40
7578 48
7253 48
8565 40
8710 48
9342 40
7036 48
7505 40
7302 48
7346 40
8704 48
8863 40
9772 40
7111 40
8300 48
10556 40
8970 40
7570 48
7467 48
9970 48
10438 40
8898 40
7363 48
9422 48
8694 48
8540 48
10091 40
8365 40
11129 40
9211 48
9022 40
9130 40
9292 40
10405 40
9108 40
9034 40
7616 48
7925 48
8875 48
7270 48
9505 40
8290 48
8880 40
10030 40
8314 48
8350 40
8558 40
7621 48
10004 40
8901 40
8144 48
8630 48
10395 40
8965 48
8979 48
7315 48
10359 40
8097 48
8394 40
8041 48
7170 40
7631 48
8625 40
10536 40
7848 40
8492 48
10327 40
8286 48
10418 40
10558 40
8773 40
8679 40
8347 48
7950 40
7879 48
7151 40
8899 48
10255 40
7779 40
9018 40
7403 48
7828 48
6881 48
7545 48
9020 40
7032 48
9743 40
8122 48
7887 48
8156 40
8817 40
10904 40
10133 40
9766 48
7918 40
8520 40
8281 40
8676 48
7372 48
10402 40
7456 48
8783 48
9351 40
10830 40
9483 48
9298 48
8028 48
7685 48
9033 40
9176 40
10154 40
9897 40
9107 40
9430 40
8457 48
7507 48
8091 48
9407 40
8218 40
9415 40
7769 48
7133 48
7911 40
7902 40
10400 40
9396 40
8250 40
10057 40
9485 40
8929 40
8745 40
9200 40
10012 40
9173 40
7717 48
7122 48
9013 40
9006 40
7176 40
9508 40
9501 40
9210 40
7938 40
6987 48
8504 48
9957 40
9177 48
10736 40
7727 48
9241 48
9352 40
9694 48
7412 40
10540 40
8579 48
7416 48
10578 40
8960 40
8799 40
9325 40
9205 40
9147 40
9712 48
8845 40
9110 48
8884 40
9629 40
8571 48
9894 48
8642 48
9296 48
7623 48
8159 40
7650 48
9804 40
8577 48
10440 40
10022 40
7164 48
8855 40
7552 48
8541 48
7995 40
7105 40
8174 48
8163 40
7713 48
6843 48
6845 48
8962 40
9192 40
9877 40
7246 40
7066 48
8951 48
9063 48
10365 40
7421 48
7642 48
8896 48
9585 40
6841 48
9148 40
10419 40
6934 48
8973 40
8307 40
8695 48
9697 40
8561 40
9665 48
7789 40
10629 40
10454 40
9549 48
8633 40
7662 48
10036 40
9359 40
8859 40
9075 40
8666 48
10433 40
7826 40
8343 48
8205 48
9374 40
9696 48
10126 40
10071 40
8736 40
10279 40
11043 40
9336 40
8132 40
7933 48
7325 48
8184 40
8994 40
7850 40
7610 48
8819 40
8966 48
11231 40
8040 48
8173 48
8143 48
8832 48
9009 48
10894 40
8119 40
9349 40
9168 48
10060 40
8871 48
8990 40
9544 40
8251 48
9362 40
7704 40
8619 40
7193 48
9121 40
9744 40
9399 40
9747 48
8482 48
9402 48
10760 40
7893 48
8082 48
10132 40
8506 48
9523 48
10077 48
10781 40
9519 40
9191 40
7428 48
8386 40
10116 40
10777 40
7418 48
9778 48
7233 48
7527 40
8519 40
7557 40
7234 48
7178 48
10041 48
8549 48
9165 40
9918 40
10608 40
8433 48
7281 40
8264 48
8734 40
9377 48
9574 48
8138 48
7299 40
9687 48
11455 40
7627 40
9507 40
7722 48
9477 40
8292 40
9808 40
10033 40
7463 40
7389 48
7985 40
7822 40
9051 48
9318 48
8101 48
9094 48
6875 48
7955 48
7454 48
8978 40
9203 48
10488 40
8794 40
7581 40
6994 40
7017 48
9239 40
7352 48
10343 40
8454 48
9410 48
7568 40
8851 48
9427 48
7419 48
7778 40
8877 48
8532 48
8698 48
9112 48
8487 40
9021 48
10075 40
9480 48
8064 40
8408 48
9076 40
7279 48
9038 40
7684 40
7585 48
8451 48
9647 40
7963 48
9113 48
9074 40
7878 40
10193 40
9713 40
9408 48
7688 40
8514 40
9364 40
7936 40
7465 48
8624 48
9398 40
9058 40
10876 40
7736 40
6712 48
8891 40
10348 40
10185 40
10019 40
6960 48
7983 48
7715 40
7716 48
8105 48
7569 48
8461 48
8885 40
10010 40
10039 48
7228 40
8717 40
8988 40
8004 40
7085 48
9016 48
11595 40
8807 48
7563 48
8340 40
8287 40
9159 40
8823 40
6973 48
10223 40
9615 48
9932 48
8711 40
8481 40
7449 40
8982 40
9281 40
9678 48
10612 40
8853 40
8627 40
8827 40
10351 40
6859 48
9524 48
8421 40
10220 40
10084 48
9155 40
8663 48
9996 40
9979 48
10609 40
8557 48
8456 48
10519 40
10127 40
7240 48
8133 48
7054 48
7023 48
8852 40
7607 48
7802 48
8215 40
8108 48
9195 48
10321 40
8610 40
11203 40
8238 48
10066 40
9790 40
9571 40
7998 40
9337 40
9923 48
8869 48
9455 40
8578 48
7094 48
7227 48
7523 48
9142 40
7618 48
10313 40
9333 40
7448 40
9367 40
6834 48
8820 48
9490 40
8569 40
9345 48
10211 40
8331 40
8542 40
9331 48
9004 48
11211 40
7226 48
8930 40
9580 40
9588 40
8036 48
7712 40
8640 40
10624 40
9479 40
10450 40
10231 40
10230 40
6867 48
8216 48
9596 40
8123 48
9668 48
9223 40
7832 40
7542 48
10095 40
7216 48
7981 40
8690 40
8164 40
8303 40
10726 40
9232 48
7767 48
9997 40
9193 48
8713 40
7680 48
8234 48
8160 40
9322 48
10505 40
7252 48
7300 48
8320 48
7288 48
8743 48
11359 40
9312 40
8833 40
8024 48
6756 48
7772 40
8242 40
7088 48
10248 40
9721 48
7205 48
10451 40
8516 48
7980 40
8654 48
7097 48
7415 48
8180 40
11168 40
10268 40
8385 48
7536 48
8293 40
7935 48
8556 40
8932 48
8081 40
9637 48
10063 40
7987 40
9085 48
7988 40
8772 48
8764 40
9061 40
7191 48
9988 40
8104 48
7951 48
9771 48
9987 48
9611 48
8404 48
8810 48
9482 48
9689 40
8580 48
8183 48
9965 40
8617 48
9028 48
7590 40
7977 40
8045 48
9101 40
7251 40
9356 48
7405 48
9010 48
7285 48
7944 40
8527 40
8784 40
9953 40
11278 40
9991 40
7645 40
8328 48
9371 48
9442 40
10427 40
8716 48
10107 40
8634 40
9284 40
9899 40
8766 40
9698 48
10480 40
7090 40
7282 40
7745 48
7171 48
10139 40
9795 48
9263 40
10421 40
9565 48
8841 48
6990 48
7801 40
8271 48
7298 48
10398 40
9262 48
9714 40
8905 40
8588 48
10572 40
9062 40
7114 48
10636 40
8402 48
9529 48
7092 48
8357 48
7795 48
8068 40
9576 40
10085 48
8913 48
8336 48
7499 48
7845 40
7939 40
7359 48
10201 40
10504 40
9803 40
7015 48
7206 48
8316 40
10594 40
9568 40
7614 40
10526 10511 0.00 19.30
10934 10797 0.00 84.99
8811 8808 11.50 78.78
9599 9578 0.00 20.00
6837 6806 0.00 58.11
9020 9064 3.71 60.54
9914 9961 3.00 49.28
9500 9367 0.00 101.02
9148 9252 0.00 136.73
8174 8216 2.33 68.13
8872 8773 7.25 119.34
8832 8924 5.14 90.48
8990 8978 4.67 125.44
9648 9710 2.33 60.54
7710 7738 0.00 54.76
7361 7414 0.00 97.96
8055 8105 0.00 89.19
7586 7612 0.00 46.55
7950 7889 0.00 72.59
7443 7467 3.00 35.95
9128 9178 0.00 50.03
8681 8598 0.00 144.74
9740 9747 3.00 10.92
6856 6887 11.50 68.92
8263 8303 6.50 74.98
9800 9663 8.57 136.57
7275 7371 0.00 118.45
9612 9717 4.67 89.82
7971 7976 3.00 98.77
7191 7188 0.00 11.32
7269 7214 6.75 107.00
7324 7319 3.14 92.64
7156 7078 7.50 119.55
9084 9170 5.75 85.38
9834 9802 0.00 64.04
9028 8972 0.00 74.10
7442 7389 0.00 93.92
9700 9737 3.72 32.57
8404 8355 7.86 61.63
8204 8281 3.00 76.44
9490 9394 5.33 70.67
8955 8928 3.00 27.09
8076 8195 1.00 113.81
7744 7627 3.00 135.18
11039 11130 0.00 51.36
7303 7265 5.18 96.04
8798 8815 0.00 20.70
7715 7648 0.00 82.88
8702 8569 4.75 123.98
7823 7745 0.00 79.30
7142 7152 0.00 31.49
8674 8782 4.25 105.71
6834 6802 3.00 126.97
8902 8881 7.25 65.57
8507 8601 8.13 88.60
8629 8607 8.67 39.55
7736 7688 0.00 49.35
8292 8276 0.00 16.73
7794 7840 0.00 56.80
9113 8996 8.92 108.94
9050 9073 0.00 77.76
11280 11377 0.00 83.29
11162 10904 0.00 140.57
7496 7442 0.00 93.92
9148 9200 0.00 59.19
8082 8120 0.00 41.61
7593 7727 0.00 146.20
9965 10117 3.33 139.85
7647 7732 0.00 89.08
10175 10211 3.00 53.58
7054 7049 0.00 139.44
9207 9142 8.65 62.04
9774 9765 3.00 37.82
10933 10934 0.00 83.26
9748 9866 2.00 103.18
9583 9658 11.31 77.19
6837 6884 0.00 97.12
7738 7614 0.00 134.24
7978 8024 0.00 82.92
9738 9700 3.73 85.60
8682 8726 0.00 79.02
8557 8593 0.00 62.55
8251 8194 0.00 75.99
7028 7115 0.00 108.23
7188 7191 0.00 11.32
9826 9762 0.00 53.95
8120 8091 3.00 90.81
9430 9575 3.14 123.95
9013 8960 10.00 60.41
8641 8637 0.00 85.68
7460 7512 3.00 63.28
10205 10340 8.67 135.40
7567 7506 0.00 61.90
7536 7403 3.00 133.36
8235 8213 0.00 35.51
7982 7941 0.00 135.13
7021 6937 0.00 110.70
7861 7744 20.00 135.18
7438 7498 0.00 104.86
11344 11307 0.00 45.13
7180 7215 15.14 79.12
9497 9461 0.00 37.74
10455 10425 6.56 53.19
10256 10343 3.00 82.41
9777 9611 8.67 147.57
7359 7383 1.00 71.23
8401 8497 5.17 117.66
9774 9647 3.00 116.85
8251 8186 0.00 98.66
8753 8808 1.67 58.66
7142 7100 0.00 77.15
7778 7787 0.00 24.94
9268 9271 0.00 43.29
9218 9187 20.00 142.28
7232 7220 10.50 22.23
9021 9070 0.00 62.03
9817 9656 6.00 135.71
9176 9183 0.00 33.17
10211 10311 0.00 107.59
7280 7324 0.00 61.16
8180 8044 6.09 124.37
8706 8715 20.00 100.32
8869 8871 0.00 10.09
9068 9061 11.00 19.35
7471 7476 3.00 135.15
8498 8605 2.50 104.86
9852 9719 3.00 118.03
10353 10195 2.00 145.12
8340 8279 0.00 99.62
7737 7664 23.25 144.23
7273 7197 0.00 106.64
9752 9902 11.00 116.28
8989 9099 5.50 104.19
8940 8803 34.33 130.76
8934 8903 20.00 59.41
7123 7165 0.00 139.88
8049 8102 0.00 65.26
10360 10396 1.00 94.19
9452 9325 3.00 115.33
6633 6661 0.00 71.14
9429 9415 3.00 71.85
7074 7015 0.00 79.54
9687 9601 3.00 84.83
9376 9341 0.00 75.99
9417 9473 4.17 37.97
9171 9093 3.00 103.36
9184 9108 0.00 101.02
9064 9020 3.71 60.54
9868 9904 8.50 22.80
8559 8481 0.00 92.81
8949 8969 10.00 17.60
7198 7216 8.00 28.88
8144 8214 0.00 127.55
10940 10876 0.00 118.01
8731 8775 0.00 52.27
7577 7612 0.00 30.83
8594 8598 0.00 140.26
9492 9550 0.00 49.78
7161 7264 5.50 146.06
7264 7353 2.00 99.95
7251 7258 7.25 135.75
9782 9795 0.00 16.05
7266 7200 3.00 83.62
10440 10451 0.00 7.65
8875 8984 8.33 123.94
9945 10012 8.00 101.96
7660 7638 0.00 38.91
9144 9192 0.00 51.93
9908 9906 0.00 4.63
10736 10792 0.00 113.59
8765 8770 0.00 100.54
7231 7211 3.00 26.95
9673 9793 10.00 121.18
9969 9791 9.23 131.93
10605 10540 0.00 55.42
8139 8033 6.40 99.33
6968 6987 0.00 29.66
10437 10405 4.40 23.55
9161 9153 0.00 8.56
9397 9310 14.75 76.38
7590 7579 0.00 94.52
8838 8949 6.67 104.26
10876 10830 0.00 110.97
7499 7437 9.00 78.49
8369 8430 0.00 121.80
8840 8710 8.50 139.37
9537 9519 0.00 44.30
7300 7277 3.00 66.84
7485 7414 0.00 116.47
7471 7402 3.00 63.69
7235 7205 0.00 78.36
9903 9951 0.00 123.40
7042 7013 0.00 70.34
8964 9001 0.00 115.24
11346 11455 0.00 110.62
9921 9928 0.00 19.08
9073 9103 0.00 95.05
9832 9774 14.33 47.40
8625 8745 5.00 111.00
9322 9408 5.92 96.29
7374 7399 2.50 90.20
7980 7960 1.00 23.86
9157 9112 0.00 50.60
10396 10434 3.00 94.26
8740 8698 6.75 91.37
7972 7970 0.00 138.24
8703 8734 0.00 55.05
9817 9804 5.08 65.17
10869 10777 0.00 97.99
8624 8567 2.00 60.67
9489 9399 8.67 69.46
8084 8106 10.00 119.90
7106 7065 3.64 43.52
8402 8349 14.33 97.38
9798 9779 5.33 23.33
6804 6864 0.00 82.50
7853 7832 0.00 68.95
8627 8679 5.13 59.14
7782 7804 3.00 46.23
9099 8989 5.50 104.19
8737 8731 9.80 95.49
8574 8589 3.00 102.05
8347 8416 5.43 107.31
10449 10465 3.00 20.57
7583 7637 0.00 70.66
7759 7736 0.00 66.82
8910 8859 0.00 60.53
10965 11180 0.00 120.04
10487 10454 5.90 34.87
8198 8213 0.00 36.82
7288 7312 0.00 77.10
8677 8684 0.00 23.94
6845 6790 13.67 89.67
10014 10045 0.00 33.94
10536 10507 0.00 29.95
7878 7848 0.00 27.22
8119 8037 6.50 144.85
8239 8157 0.00 80.40
7402 7471 3.00 63.69
10343 10256 3.00 82.41
10513 10594 9.40 78.24
8783 8805 3.00 50.32
8044 7903 3.00 124.76
9512 9508 0.00 13.90
8091 8120 3.00 90.81
7767 7763 0.00 11.81
8636 8626 3.00 101.50
8842 8916 15.00 83.51
9336 9239 2.00 93.30
9921 9975 0.00 37.92
8607 8657 0.00 54.62
10090 10032 0.00 47.97
9257 9207 3.00 55.78
9645 9551 3.00 109.27
9656 9639 10.00 61.08
6806 6850 5.50 95.79
10825 10658 4.25 132.06
9512 9560 1.00 52.38
7615 7546 0.00 114.65
10252 10400 6.64 135.39
8786 8813 11.78 107.51
8446 8377 1.00 128.99
6660 6661 0.00 77.39
9592 9668 7.57 100.64
10386 10424 0.00 58.53
10948 10876 0.00 37.72
10019 10097 11.50 59.98
7523 7516 0.00 23.76
10213 10197 3.00 100.49
8355 8431 4.70 120.06
7027 7059 0.00 114.12
7636 7648 0.00 77.81
8215 8299 11.50 92.87
9482 9420 0.00 42.44
9201 9125 7.86 78.00
9534 9544 2.00 8.39
9484 9577 8.00 116.47
9689 9679 1.67 12.37
9146 9164 0.00 98.32
8694 8750 0.00 87.70
8177 8157 0.00 33.43
9653 9694 0.00 42.05
8542 8556 0.00 19.29
7129 7191 0.00 126.87
9343 9316 0.00 25.83
7772 7725 0.00 57.89
9976 9862 4.68 91.28
10186 10268 3.00 80.64
9403 9352 0.00 47.86
8184 8080 3.00 91.75
8986 9030 20.00 61.42
7753 7704 0.00 49.74
9093 8974 0.00 106.13
9274 9312 14.33 55.88
10485 10493 0.00 7.42
9961 9969 9.13 43.96
7860 7920 11.50 61.33
8097 8010 3.00 97.70
9166 9273 0.00 109.76
9832 9883 20.00 124.84
8027 8116 0.00 111.12
10876 10940 0.00 118.01
8643 8655 7.00 101.49
8809 8781 3.33 58.51
10151 10246 0.00 116.52
7437 7499 9.00 78.49
8325 8270 3.00 59.89
11008 11032 0.00 44.11
7887 7766 8.67 121.89
8257 8298 0.00 60.06
10346 10327 0.00 99.59
9961 10078 0.00 103.37
9932 9858 11.50 92.68
7260 7240 3.00 24.91
9264 9260 0.00 35.91
8784 8746 0.00 29.63
8428 8476 0.00 82.76
7029 6943 8.67 95.88
9049 9071 0.00 57.46
9013 9040 5.50 38.18
8251 8319 0.00 76.18
8194 8251 0.00 75.99
8879 8883 6.39 15.89
10985 11180 0.00 116.70
9551 9495 0.00 107.80
9718 9762 0.00 41.80
7061 7056 0.00 115.16
9170 9295 3.50 123.12
9849 9839 3.00 27.93
8035 8046 0.00 17.58
7149 7170 3.00 33.57
8567 8624 2.00 60.67
8951 8894 0.00 111.43
7368 7375 9.00 131.73
8912 8860 8.95 63.25
7742 7817 0.00 80.13
7276 7298 0.00 36.96
9350 9352 0.00 2.26
9308 9191 1.00 115.77
6849 6844 3.00 13.06
9277 9331 6.00 53.20
8412 8361 6.50 88.89
6850 6903 3.00 95.90
8492 8504 14.33 100.41
8277 8320 0.00 61.74
8447 8520 4.75 61.91
8637 8628 0.00 115.31
8750 8778 3.00 98.10
8338 8374 3.00 60.81
8060 8042 0.00 62.39
7846 7907 4.67 58.54
8267 8324 0.00 62.96
8080 8202 20.85 102.56
8846 8757 3.00 112.92
6852 6864 8.67 36.93
9359 9292 20.00 90.06
6661 6660 0.00 77.39
8522 8520 20.00 86.28
9201 9241 8.79 51.51
7183 7198 0.00 26.99
9170 9084 5.75 85.38
7367 7363 0.00 42.86
8033 8139 6.40 99.33
7370 7315 3.00 79.16
10188 10212 4.78 149.78
9663 9800 8.57 136.57
7375 7368 9.00 131.73
8941 8907 0.00 101.29
8318 8292 0.00 23.87
7418 7410 0.00 46.43
9463 9483 0.00 14.76
8882 8823 3.00 59.83
9969 9970 3.00 16.85
9782 9829 20.00 60.08
7267 7318 0.00 88.94
9823 9918 7.40 76.72
10091 10097 0.00 33.22
8849 8809 10.11 58.69
7856 7802 3.00 85.12
10226 10136 0.00 89.13
10459 10563 11.50 90.67
8969 8949 10.00 17.60
10493 10505 3.00 7.30
9505 9512 0.00 7.37
10583 10578 2.33 80.24
7241 7242 0.00 46.87
9639 9656 10.00 61.08
9719 9596 7.29 131.64
11280 11346 0.00 63.25
8607 8534 3.00 90.86
10474 10511 0.00 27.73
7085 7107 0.00 74.09
6880 6990 5.77 125.63
8327 8264 8.67 60.68
10256 10298 0.00 74.66
10188 10126 0.00 57.78
9174 9230 0.00 65.10
8254 8290 10.00 66.32
7107 7078 3.10 59.80
10477 10363 3.00 95.24
10073 10090 0.00 32.24
10363 10468 11.00 92.68
7856 7890 4.00 102.49
8286 8220 0.00 68.29
7561 7517 0.00 44.85
6948 6895 8.67 88.34
10238 10174 4.40 73.43
7878 7858 0.00 46.01
8461 8543 0.00 111.47
11214 11180 0.00 22.19
9973 9979 6.56 17.19
9429 9441 0.00 9.63
8982 9033 0.00 62.49
8591 8682 0.00 92.51
7129 7171 0.00 85.65
10176 10186 0.00 57.42
8510 8410 7.08 118.47
9568 9510 0.00 60.60
10876 10854 0.00 16.05
8900 8964 0.00 116.98
9257 9218 9.63 64.13
9008 9019 0.00 34.15
8046 7983 0.00 63.85
8629 8687 5.76 111.19
7084 7069 4.67 36.20
9282 9351 8.67 72.94
9051 9110 0.00 83.57
8899 8847 0.00 52.48
9502 9486 0.00 10.76
8173 8231 0.00 77.09
8807 8902 11.50 87.91
8602 8601 10.10 85.44
10304 10398 6.50 107.15
7977 7961 3.00 35.78
10033 9968 6.50 63.66
9456 9543 5.33 72.24
7938 7934 0.00 41.77
8865 8879 3.70 125.49
9652 9744 2.25 116.38
8586 8486 8.75 121.21
8708 8711 0.00 13.55
9023 9018 0.00 22.64
10340 10205 8.67 135.40
7281 7295 2.33 20.59
9944 9945 0.00 5.34
7889 7840 0.00 54.56
9112 9092 0.00 56.37
9097 8965 6.06 126.95
8685 8639 3.00 138.66
8884 8937 8.25 61.82
9500 9543 6.00 105.12
7719 7631 0.00 87.53
8056 8081 9.50 61.19
7069 7023 2.60 76.54
10057 10004 20.00 55.70
10095 10153 3.00 60.02
9859 9895 3.00 45.46
7463 7353 6.00 120.95
7622 7607 0.00 40.15
9957 9877 8.45 103.07
7836 7698 5.43 140.59
7339 7351 11.50 87.08
9456 9513 20.00 116.34
9038 9080 0.00 46.74
9187 9176 1.00 42.19
8586 8646 6.95 56.89
7266 7363 11.50 115.62
8854 8822 2.00 45.59
9474 9584 0.00 95.41
8988 9015 0.00 87.67
8387 8449 10.03 118.36
8411 8394 9.80 84.75
9293 9310 9.60 57.56
8821 8917 10.75 117.81
8709 8702 3.00 4.45
7534 7558 0.00 27.49
8062 8166 0.00 97.96
9748 9766 0.00 29.20
11214 11203 0.00 46.90
10507 10525 0.00 28.64
9258 9286 6.33 85.06
8418 8378 0.00 50.54
8712 8724 3.00 51.81
8916 8997 5.76 83.34
7140 7102 8.11 101.96
8220 8286 0.00 68.29
7827 7778 0.00 48.25
8928 8902 3.00 45.55
7526 7506 0.00 137.68
8804 8870 1.67 95.34
10051 10058 11.50 49.96
7225 7187 10.00 107.10
10957 10781 6.00 111.11
9182 9051 4.00 121.88
9698 9649 4.67 62.03
8872 8906 2.00 38.50
11480 11496 0.00 104.20
7544 7536 8.67 70.20
8011 8006 20.00 58.75
9601 9418 3.00 143.37
7107 7085 0.00 74.09
7347 7339 0.00 99.21
7476 7471 3.00 135.15
10311 10427 0.00 109.06
7302 7383 13.67 95.61
7816 7732 0.00 90.79
6942 6948 5.33 31.98
7923 7920 0.00 8.68
7415 7403 3.00 90.77
7365 7352 0.00 21.75
8838 8836 1.00 16.52
8925 9006 10.00 100.76
7339 7347 0.00 99.21
8570 8615 1.00 85.52
7277 7240 9.80 105.52
11473 11596 0.00 107.11
8690 8708 0.00 13.85
7036 7032 0.00 96.90
8708 8746 0.00 38.13
7049 7118 3.00 109.04
8735 8841 20.00 100.41
7257 7275 50.00 65.16
9710 9648 2.33 60.54
8157 8239 0.00 80.40
8792 8756 5.92 62.02
9286 9258 6.33 85.06
7220 7197 1.00 61.08
7853 7911 0.00 64.32
9097 9145 3.00 50.63
8850 8883 6.03 97.72
8468 8565 5.14 109.08
10269 10134 8.85 119.12
8020 8080 20.00 66.06
7176 7162 3.14 23.35
9160 9209 3.00 115.23
8548 8611 7.67 59.37
9946 9957 3.00 93.11
7971 7923 0.00 36.57
6880 6864 4.83 87.79
11369 11480 0.00 142.12
10337 10496 11.79 142.07
8867 8896 2.50 28.13
7282 7354 0.00 124.31
9762 9826 0.00 53.95
10086 9970 0.00 104.58
8380 8447 10.20 72.22
8987 8996 6.00 107.23
8110 8028 0.00 74.89
7644 7645 1.00 37.13
9076 9109 0.00 88.09
8740 8839 2.33 98.43
9326 9348 7.43 60.98
7679 7712 0.00 29.16
7112 7051 0.00 104.44
10540 10605 0.00 55.42
10030 10040 6.47 99.11
9091 9142 6.15 46.64
9297 9413 3.00 104.16
10400 10283 5.82 108.06
8955 9097 11.00 136.41
8825 8894 0.00 112.49
9758 9664 6.38 86.08
8037 8119 6.50 144.85
9123 9262 0.00 128.88
9101 8976 3.00 146.54
10097 10161 1.00 59.70
8118 8042 0.00 105.54
7264 7161 5.50 146.06
9845 9849 20.00 12.96
8437 8433 0.00 24.82
8351 8471 0.00 135.77
9280 9410 0.00 148.32
8931 8904 0.00 31.60
8792 8823 3.00 58.05
8639 8686 3.00 37.86
9050 9118 0.00 62.55
8901 8921 2.00 63.92
9875 9911 0.00 32.72
8605 8703 8.42 104.86
7455 7418 0.00 38.74
6894 6875 0.00 29.58
7183 7211 5.50 91.68
11203 11005 0.00 117.41
9977 9923 0.00 54.14
9968 9908 3.00 43.88
11229 11344 0.00 78.58
7351 7357 3.00 87.08
8855 8961 3.83 98.76
10011 9923 0.00 84.41
8373 8405 0.00 29.38
10071 9988 0.00 77.10
7939 7989 0.00 39.06
10635 10558 6.50 90.05
9782 9721 10.50 77.74
8884 8817 7.50 95.99
9026 9102 0.00 74.98
7293 7295 8.50 131.42
9106 9188 9.71 99.45
9825 9911 0.00 84.57
8749 8740 6.40 69.09
10096 10104 0.00 11.17
7985 7989 0.00 60.86
10058 10133 0.00 60.39
9011 9051 7.80 37.99
6684 6757 0.00 121.25
9319 9273 3.00 52.81
9001 8973 3.00 26.96
9282 9263 7.25 77.79
9276 9234 0.00 35.94
8295 8349 3.00 97.34
8746 8708 0.00 38.13
7610 7662 0.00 63.23
8159 8006 20.00 143.61
9414 9416 7.97 61.38
7540 7600 0.00 90.98
7319 7324 3.14 92.64
7172 7224 3.71 100.23
9394 9378 3.00 22.93
9420 9470 0.00 116.73
10020 9984 0.00 121.34
8454 8534 6.00 92.34
8996 8987 6.00 107.23
8528 8521 6.00 129.24
9984 9926 7.70 144.14
7848 7865 0.00 50.33
8956 9072 6.55 112.52
7337 7344 0.00 10.92
10948 11056 0.00 62.72
9960 9840 0.00 113.30
9707 9599 1.00 105.46
8961 8855 3.83 98.76
10196 10124 0.00 66.70
8157 8134 0.00 20.12
9365 9364 0.00 11.48
8298 8363 0.00 92.60
7907 7846 4.67 58.54
8915 8944 0.00 69.46
9171 9097 5.93 102.44
9274 9245 0.00 28.93
8292 8293 0.00 11.37
10013 10127 7.11 143.60
8167 8050 13.00 104.95
7264 7268 0.00 29.59
8293 8292 0.00 11.37
8321 8376 7.00 123.76
8659 8649 2.50 75.14
10532 10608 0.00 145.05
11129 10904 0.00 120.94
10188 10186 5.50 45.21
7849 7827 0.00 26.95
9175 9199 3.00 59.25
7726 7643 0.00 99.62
7523 7507 0.00 21.06
7508 7568 0.00 123.83
7215 7278 6.59 82.12
7654 7663 0.00 8.32
8889 8918 0.00 32.94
7726 7771 0.00 96.05
8783 8757 0.00 62.17
7245 7291 0.00 98.33
9420 9402 10.00 97.83
7641 7585 11.17 59.58
8913 8820 2.71 100.42
7239 7196 0.00 63.28
8158 8156 0.00 59.92
9011 9010 3.00 27.40
9717 9747 0.00 32.03
7994 7911 0.00 68.93
8637 8641 0.00 85.68
8175 8110 13.13 65.24
8787 8868 5.72 118.47
8015 8082 3.00 135.91
11473 11330 0.00 111.55
8482 8587 3.00 104.61
7698 7660 12.59 60.67
10139 10124 0.00 49.96
7705 7655 0.00 49.66
7794 7779 0.00 44.50
8392 8357 0.00 63.38
8775 8812 0.00 51.01
9803 9790 3.00 72.42
8540 8457 5.33 86.25
8416 8453 3.00 47.16
9121 9140 3.00 111.59
6960 7023 3.00 77.78
7351 7339 11.50 87.08
7162 7125 4.40 57.84
8801 8747 10.00 76.86
9195 9085 0.00 111.18
9656 9532 20.00 121.21
8319 8243 2.50 86.85
7529 7555 2.00 25.60
9168 9167 0.00 10.21
8960 8897 3.00 87.80
9977 9911 0.00 55.00
8201 8200 5.50 7.05
8254 8210 11.50 93.77
7658 7603 0.00 103.70
9864 9899 8.67 61.90
8771 8784 0.00 16.63
8885 8936 0.00 63.15
9392 9455 26.50 107.35
7232 7337 6.83 138.74
9839 9849 3.00 27.93
9585 9578 11.00 107.41
7353 7347 3.00 73.08
9118 9102 0.00 48.73
9235 9251 8.67 19.42
9422 9372 0.00 48.44
7650 7628 0.00 17.06
8981 9005 11.50 26.90
8611 8593 3.00 96.46
8668 8718 3.00 125.94
9523 9495 0.00 32.02
7724 7819 0.00 99.91
9997 9965 3.00 56.44
9959 9938 5.60 59.15
9995 9852 7.38 118.62
9242 9323 50.00 77.58
9647 9774 3.00 116.85
10012 10141 6.31 106.18
7246 7334 0.00 128.18
7175 7241 0.00 84.62
7614 7738 0.00 134.24
10434 10500 2.60 75.39
8557 8473 3.00 123.57
9230 9223 8.25 10.06
7606 7517 0.00 106.05
10124 10139 0.00 49.96
8791 8833 50.00 110.13
7952 7950 0.00 62.79
7774 7882 0.00 117.92
9130 9192 0.00 79.48
9368 9267 3.00 88.81
7901 7842 1.00 62.79
9787 9788 0.00 8.40
8655 8579 7.25 75.97
8726 8682 0.00 79.02
11278 11452 0.00 125.40
9669 9684 5.50 122.56
9806 9774 5.43 113.07
10105 10030 7.83 58.89
6757 6684 0.00 121.25
10421 10408 0.00 95.09
7267 7252 3.00 32.92
10465 10449 3.00 20.57
8437 8443 0.00 7.93
8519 8651 8.94 112.59
8930 8859 7.25 98.19
7961 8037 3.00 145.19
9169 9247 2.71 92.59
7736 7778 0.00 58.93
10317 10223 0.00 131.87
9698 9728 0.00 45.82
9351 9390 2.00 49.27
7796 7846 6.70 99.84
8663 8622 3.00 59.74
10171 10264 0.00 118.32
7092 7122 0.00 107.52
9054 8977 0.00 84.31
10060 9944 5.69 108.04
9111 8999 8.67 133.82
8839 8856 9.22 125.46
9175 9168 0.00 30.56
8243 8146 7.92 132.15
8948 8997 10.42 74.12
10071 10141 0.00 74.97
8866 8981 5.95 139.36
8088 8200 3.00 85.62
9568 9620 0.00 58.74
9332 9324 0.00 6.14
10464 10352 6.40 117.24
8363 8324 0.00 62.13
9007 9003 4.67 85.90
9079 9072 37.67 51.63
8870 8937 3.00 95.34
8024 8040 0.00 18.52
9303 9274 8.67 76.86
8164 8160 0.00 59.31
9455 9392 26.50 107.35
8056 8018 7.78 92.79
8421 8365 6.40 82.21
9752 9824 9.81 112.41
10015 9987 11.50 85.20
9372 9422 0.00 48.44
10043 10139 6.00 94.84
7976 7971 3.00 98.77
8952 8898 0.00 67.74
6660 6710 0.00 78.40
9637 9678 3.00 70.61
8898 8952 0.00 67.74
6844 6847 0.00 85.33
8407 8359 0.00 84.33
9700 9738 3.73 85.60
7577 7579 3.00 94.49
8561 8466 4.71 81.17
10518 10421 0.00 84.44
6825 6807 5.33 145.44
10624 10482 0.00 110.66
9107 9196 0.00 83.26
8167 8115 0.00 144.07
7939 7902 0.00 36.84
8664 8580 0.00 86.07
8852 8709 5.33 135.05
10610 10481 7.22 99.39
8772 8763 3.00 101.59
9029 9049 0.00 56.02
9683 9767 5.50 102.92
7211 7183 5.50 91.68
7049 7054 0.00 139.44
8812 8729 0.00 135.25
10536 10629 0.00 93.31
9112 9157 0.00 50.60
8103 8144 0.00 68.28
8370 8301 0.00 90.53
8150 8055 0.00 107.63
8574 8581 5.45 102.01
6991 6943 0.00 92.96
9697 9798 6.43 134.85
8600 8450 4.75 123.04
11187 11231 0.00 63.16
7944 7952 0.00 48.32
7659 7586 3.00 102.33
8685 8697 3.00 103.53
8800 8680 4.33 101.94
9894 9778 0.00 102.33
6864 6960 2.00 114.91
9849 9927 5.43 59.93
8826 8884 3.00 79.91
10348 10313 8.50 99.19
9161 9183 0.00 48.95
8281 8388 7.25 117.84
9489 9578 0.00 80.41
8043 8126 0.00 99.11
8192 8253 0.00 120.72
8412 8456 0.00 47.83
11032 11231 0.00 122.26
7517 7606 0.00 106.05
7222 7277 0.00 78.67
9056 9101 0.00 58.68
7433 7505 0.00 124.42
6800 6756 3.00 108.19
8861 8887 0.00 25.41
7939 7918 0.00 85.31
8693 8704 0.00 23.67
9347 9342 0.00 4.87
8692 8627 1.00 83.80
10252 10211 6.73 82.56
10022 10019 0.00 25.11
7240 7217 0.00 31.25
10024 10143 0.00 104.28
9645 9766 4.16 109.65
9103 9073 0.00 95.05
9396 9466 4.40 49.61
9422 9393 0.00 23.89
9684 9736 11.50 46.90
8136 8172 0.00 96.40
7150 7214 0.00 90.37
7814 7927 4.75 104.95
9889 9765 5.33 97.12
11032 11008 0.00 44.11
8184 8202 13.33 45.80
10004 9918 3.00 77.31
9465 9454 0.00 25.77
8031 8074 0.00 145.67
9743 9827 2.33 79.22
9765 9889 5.33 97.12
7214 7227 0.00 80.58
8354 8431 6.40 89.02
9519 9537 0.00 44.30
7258 7281 16.00 29.05
7865 7944 0.00 74.56
7994 7999 0.00 33.40
8081 8021 3.00 100.94
9497 9507 3.00 21.35
7842 7770 0.00 134.78
11008 10992 0.00 75.13
8701 8810 4.63 104.87
9155 9099 5.50 59.19
8110 8175 13.13 65.24
8246 8231 0.00 74.15
8773 8697 0.00 64.77
7281 7258 16.00 29.05
7172 7114 1.00 102.02
7795 7809 1.00 14.82
10386 10554 7.83 149.40
10777 10755 0.00 93.72
8761 8658 0.00 83.44
8145 8084 0.00 87.24
9549 9616 0.00 93.93
10010 9949 3.00 62.76
8323 8210 0.00 112.71
10327 10346 0.00 99.59
7642 7643 3.00 9.15
10755 10699 0.00 31.01
9054 9066 0.00 65.14
7632 7728 0.00 91.85
9291 9208 4.67 74.28
7724 7732 0.00 35.53
11014 10825 9.79 132.22
8856 8865 5.50 125.46
8970 9099 7.33 129.69
7051 7112 0.00 104.44
7585 7522 0.00 67.59
8817 8766 8.44 82.08
8250 8276 0.00 21.38
8978 8990 4.67 125.44
9072 9079 37.67 51.63
7321 7302 0.00 50.89
8304 8281 0.00 84.74
9832 9903 3.41 47.61
7466 7581 0.00 130.11
7839 7901 0.00 104.08
9380 9339 0.00 30.40
9510 9568 0.00 60.60
8898 8929 9.53 103.39
7305 7252 3.00 104.01
10053 9991 11.50 59.36
8886 8901 3.00 64.12
6757 6825 10.75 121.53
10413 10375 8.67 65.47
7021 7031 0.00 24.53
8641 8649 4.67 75.12
7899 7941 0.00 105.33
8851 8778 7.97 136.77
9325 9299 6.25 111.04
8731 8737 9.80 95.49
7240 7260 3.00 24.91
10004 10132 7.43 115.10
9535 9592 11.00 69.09
9489 9490 2.00 20.65
7680 7795 0.00 121.32
9312 9281 10.29 59.16
7369 7325 0.00 80.28
9206 9163 10.00 93.74
8131 8123 0.00 13.78
7460 7429 0.00 38.19
8864 8876 15.88 96.61
7869 7902 0.00 84.24
9062 9075 7.29 83.70
6884 6837 0.00 97.12
7279 7298 6.14 90.94
8771 8801 5.33 56.93
10594 10546 7.05 108.86
7951 8028 0.00 70.62
8338 8390 3.00 106.22
7577 7575 0.00 49.58
10197 10213 3.00 100.49
9454 9526 0.00 51.97
8817 8765 3.00 71.86
10251 10176 3.00 71.09
10146 10209 0.00 69.18
8566 8553 9.83 124.22
9615 9630 1.00 83.70
8354 8308 10.75 84.51
7884 7782 3.00 103.55
8572 8483 6.00 132.60
7383 7421 3.00 52.12
9057 9062 11.50 26.28
7936 7993 0.00 50.13
9252 9352 0.00 136.86
9212 9270 0.00 53.19
7638 7677 13.25 46.51
8801 8878 16.50 133.50
8134 8126 7.67 30.59
10519 10400 1.00 94.97
9613 9554 3.00 62.35
6957 6948 0.00 31.57
9964 9957 4.57 10.11
8120 8082 0.00 41.61
8368 8346 6.00 32.93
8690 8673 0.00 13.30
10136 10248 4.00 111.31
9410 9280 0.00 148.32
9658 9644 1.00 74.41
10067 10053 4.86 83.74
7456 7520 0.00 74.64
8640 8576 4.38 115.76
11455 11586 0.00 112.94
9138 9135 6.50 7.51
7685 7701 1.00 27.25
10226 10349 0.00 135.88
7518 7575 0.00 107.94
9565 9592 0.00 48.39
7187 7193 0.00 56.11
8298 8257 0.00 60.06
7347 7287 6.50 73.46
7567 7625 0.00 57.88
8622 8538 3.00 81.29
7806 7759 0.00 46.89
7477 7522 8.67 67.26
9108 9214 0.00 127.24
8454 8482 0.00 51.10
8269 8175 1.00 147.66
7863 7824 0.00 84.76
7647 7645 20.00 38.54
7720 7696 0.00 60.71
7372 7320 0.00 138.74
9447 9302 0.00 102.72
9212 9243 4.67 137.46
7610 7583 0.00 42.23
9006 8925 10.00 100.76
8610 8625 10.00 11.82
9378 9394 3.00 22.93
8903 8934 20.00 59.41
9155 9147 5.60 72.17
7817 7742 0.00 80.13
7036 7021 0.00 34.19
8624 8580 3.00 50.96
9174 9118 0.00 58.26
9991 9927 5.83 55.96
9117 9127 6.73 68.26
8810 8701 4.63 104.87
7363 7266 11.50 115.62
8430 8500 11.50 121.80
8793 8806 0.00 63.52
9093 9171 3.00 103.36
8481 8559 0.00 92.81
9629 9590 6.22 40.97
7275 7266 0.00 15.60
8323 8392 6.40 83.73
9784 9973 6.67 140.96
7938 7944 0.00 53.02
6967 6942 9.07 66.66
10847 10869 0.00 97.92
10601 10694 0.00 81.04
6948 6942 5.33 31.98
7018 6961 0.00 76.05
9223 9216 3.00 19.74
7988 7936 0.00 40.42
8655 8643 7.00 101.49
9736 9684 11.50 46.90
8503 8568 20.00 69.65
8097 8028 0.00 110.85
7603 7651 0.00 59.26
10478 10343 5.20 128.24
8758 8743 2.75 109.40
7443 7493 0.00 83.96
10107 10090 0.00 45.78
8300 8234 7.67 101.60
10211 10175 3.00 53.58
7522 7467 7.57 92.96
7467 7522 7.57 92.96
9241 9179 11.50 64.59
9255 9190 5.26 60.83
11346 11305 0.00 100.97
9188 9248 11.50 97.29
7642 7717 0.00 124.02
10337 10315 4.86 22.94
8450 8600 4.75 123.04
7899 7872 0.00 69.60
8543 8456 0.00 109.48
8467 8415 0.00 65.75
7840 7889 0.00 54.56
10708 10572 0.00 102.34
8152 8154 0.00 47.32
9544 9605 0.00 58.72
7567 7580 0.00 105.98
8910 8960 0.00 59.88
7078 7057 4.67 47.24
9649 9771 2.00 134.89
10066 10058 3.00 34.90
7712 7688 0.00 67.57
9964 10008 2.33 58.17
6858 6834 20.00 34.61
11203 11187 0.00 62.61
7421 7321 0.00 107.48
7405 7410 3.00 51.37
8204 8115 0.00 76.44
8075 8091 4.11 91.02
7164 7097 11.00 128.72
7116 7123 0.00 8.66
8374 8338 3.00 60.81
8596 8531 11.50 88.05
8934 9009 5.69 75.80
8836 8801 5.33 66.06
7140 7142 3.00 144.96
9398 9415 3.00 89.20
7466 7346 0.00 130.11
9218 9282 0.00 61.24
9644 9669 1.00 25.23
9840 9960 0.00 113.30
10495 10493 0.00 2.06
7987 7992 50.00 12.29
8757 8657 8.33 142.68
6864 6880 4.83 87.79
8141 8117 0.00 47.53
8074 8024 0.00 67.74
8836 8891 3.00 48.78
7858 7845 0.00 13.23
9503 9585 0.00 72.48
7747 7853 0.00 105.61
7216 7249 0.00 83.02
8509 8405 0.00 97.42
10792 10746 0.00 31.51
7745 7769 4.75 64.56
9973 9970 5.50 41.40
7468 7471 10.00 97.53
9205 9196 0.00 32.18
9075 9091 1.00 83.70
9868 9884 0.00 20.61
7585 7588 8.67 102.01
8853 8803 11.50 84.74
9631 9741 5.92 142.19
7845 7779 0.00 69.06
8521 8528 6.00 129.24
11330 11130 0.00 111.57
9065 9092 0.00 57.76
8270 8214 0.00 102.89
7312 7379 11.42 120.45
8984 8934 0.00 57.62
6997 7000 0.00 9.58
10434 10396 3.00 94.26
8921 8901 2.00 63.92
7193 7164 10.50 50.04
9260 9362 0.00 88.24
9449 9387 10.00 57.71
9069 9067 0.00 50.64
8406 8457 3.00 61.94
8310 8240 0.00 100.65
8202 8080 20.85 102.56
8296 8386 8.23 98.08
7371 7377 20.00 69.04
7607 7570 3.00 32.46
6867 6817 7.80 94.00
10107 10124 0.00 46.53
10461 10536 0.00 145.72
10096 10035 0.00 55.71
8956 8839 1.93 107.92
9652 9577 11.86 116.29
8286 8285 0.00 39.45
8211 8267 20.00 68.52
8679 8747 0.00 76.58
8406 8541 10.00 130.87
9278 9293 11.89 49.81
7860 7846 20.00 70.20
9078 9063 8.67 23.98
9468 9387 5.33 82.54
9248 9188 11.50 97.29
7901 7839 0.00 104.08
8325 8385 2.00 138.31
8053 7976 0.00 82.34
11129 10977 0.00 123.02
9682 9729 0.00 44.32
9696 9653 0.00 31.62
9772 9663 18.14 144.44
9378 9306 0.00 66.08
8531 8508 10.00 91.07
8253 8192 0.00 120.72
8502 8522 3.00 87.35
8155 8242 3.43 110.34
9372 9480 0.00 112.29
7354 7282 0.00 124.31
8579 8566 9.13 124.20
8935 8800 6.57 135.29
9019 9008 0.00 34.15
7980 8021 0.00 57.75
9159 9040 0.00 142.41
7615 7684 0.00 114.65
7241 7175 0.00 84.62
7902 7869 0.00 84.24
7959 7955 3.00 6.96
7659 7704 0.00 98.98
7080 7094 0.00 11.26
10605 10666 0.00 49.14
7716 7662 3.00 53.71
9206 9164 0.00 36.02
7001 7029 8.67 76.30
10043 10027 0.00 24.08
10027 10043 0.00 24.08
10205 10072 0.00 111.36
8342 8316 0.00 58.98
9258 9232 2.71 49.83
7935 7922 10.50 39.08
7307 7257 0.00 76.76
7570 7519 0.00 49.48
8721 8836 10.00 137.04
10195 10139 0.00 49.47
9018 9107 0.00 83.14
7821 7835 4.25 36.84
8240 8310 0.00 100.65
9850 9779 7.57 130.43
8888 8893 11.50 67.91
7027 7017 0.00 25.07
9490 9576 8.00 82.48
8999 8943 0.00 65.66
8240 8183 3.00 100.41
9955 9871 0.00 85.90
8098 7960 0.00 134.28
8304 8180 8.19 124.39
9488 9386 7.20 73.38
9572 9615 0.00 103.05
10601 10556 10.00 38.54
8782 8881 4.38 108.38
8674 8714 8.00 64.54
7848 7878 0.00 27.22
9756 9786 0.00 26.62
6710 6660 0.00 78.40
7622 7660 8.67 44.31
9805 9823 0.00 48.84
10678 10673 0.00 4.67
7801 7936 0.00 128.65
7778 7736 0.00 58.93
7370 7409 0.00 79.71
8393 8343 5.86 106.26
9081 9016 3.00 92.40
8226 8172 6.40 57.44
9057 9121 20.00 60.70
8117 8092 3.00 15.75
8685 8686 0.00 118.48
6661 6724 0.00 110.19
7358 7416 3.00 89.47
8570 8565 3.00 4.91
7505 7540 0.00 55.57
8698 8654 0.00 90.27
8168 8016 8.67 141.26
8848 8768 9.73 98.16
8654 8787 5.00 119.88
9387 9468 5.33 82.54
7882 7774 0.00 117.92
10756 10698 11.50 56.83
8218 8230 0.00 118.64
8808 8753 1.67 58.66
10421 10446 0.00 133.00
6759 6695 0.00 121.62
7448 7508 0.00 123.78
8369 8362 0.00 9.39
7561 7520 2.00 66.00
8360 8362 0.00 87.84
8404 8448 21.80 62.14
8483 8572 6.00 132.60
8908 8819 3.00 85.15
10698 10894 14.75 149.97
9364 9365 0.00 11.48
10425 10413 4.00 10.86
7792 7814 0.00 91.58
10525 10507 0.00 28.64
8162 8132 8.14 63.54
8593 8611 3.00 96.46
7077 7018 0.00 76.46
9902 9953 27.90 40.06
8617 8653 0.00 86.12
8718 8790 7.25 57.36
6843 6834 3.00 22.54
7389 7379 0.00 30.65
6883 6813 0.00 115.12
9071 8991 0.00 83.29
9795 9932 0.00 108.52
9234 9249 2.33 80.61
9970 9969 3.00 16.85
7742 7748 0.00 42.70
11455 11346 0.00 110.62
9066 9054 0.00 65.14
8894 8825 0.00 112.49
9756 9763 10.00 24.41
7398 7414 0.00 88.47
7377 7382 9.00 79.77
8754 8701 2.20 102.23
9377 9344 0.00 94.71
7315 7370 3.00 79.16
7742 7732 0.00 36.50
8473 8557 3.00 123.57
7727 7872 0.00 147.37
8512 8576 7.00 115.76
7228 7268 0.00 85.00
6894 6976 0.00 107.14
8849 8755 3.58 119.01
10077 10084 0.00 59.73
8377 8327 0.00 128.79
8438 8573 0.00 111.91
9786 9789 8.91 2.78
8631 8658 0.00 80.52
8520 8447 4.75 61.91
6867 6860 0.00 16.23
8543 8461 0.00 111.47
10656 10609 0.00 52.24
8877 8868 0.00 9.65
8292 8318 0.00 23.87
9253 9322 8.45 97.34
9413 9297 3.00 104.16
8023 7918 0.00 90.85
8936 8911 18.67 73.01
9497 9484 0.00 78.98
10449 10345 11.00 89.76
9137 9173 22.57 57.52
9461 9442 0.00 21.67
9789 9802 0.00 36.58
10160 10033 10.29 109.14
8435 8386 11.62 139.08
6781 6788 0.00 121.92
8697 8773 0.00 64.77
6762 6712 0.00 148.09
9298 9247 0.00 54.09
9407 9464 8.00 105.28
10419 10451 3.00 24.35
8105 8104 0.00 2.87
8199 8147 0.00 55.50
8750 8694 0.00 87.70
10268 10186 3.00 80.64
7111 7113 1.67 101.83
8174 8110 3.00 85.55
10004 10057 20.00 55.70
8697 8685 3.00 103.53
9827 9954 10.78 104.20
6724 6710 0.00 58.78
10030 10022 3.00 34.28
9388 9356 0.00 70.71
7258 7209 6.50 54.80
10937 11107 0.00 100.34
9895 9859 3.00 45.46
10176 10251 3.00 71.09
9010 9002 3.00 82.74
6911 6939 0.00 48.62
7357 7351 3.00 87.08
10141 10211 6.20 63.21
7794 7848 0.00 55.02
9535 9502 0.00 52.77
9427 9611 12.22 147.76
9493 9485 8.00 17.95
7357 7412 0.00 68.73
8499 8554 0.00 84.97
8349 8295 3.00 97.34
7621 7523 0.00 138.08
7766 7717 28.60 122.95
9312 9274 14.33 55.88
8320 8285 0.00 77.31
8386 8380 10.39 110.26
9418 9285 3.00 104.66
8718 8631 0.00 74.38
8398 8519 10.00 112.57
7051 7012 1.00 78.43
11005 10956 0.00 45.44
7632 7609 0.00 87.95
7198 7154 10.00 65.41
9087 9056 3.00 34.42
9668 9680 3.00 31.90
7712 7679 0.00 29.16
9895 9906 0.00 19.54
9023 9025 0.00 11.71
9543 9500 6.00 105.12
7669 7642 0.00 104.86
9101 9056 0.00 58.68
9957 9964 4.57 10.11
8548 8518 0.00 49.34
9369 9327 0.00 97.02
8607 8629 8.67 39.55
8106 8084 10.00 119.90
7521 7552 3.00 29.52
8361 8506 3.83 148.58
7295 7281 2.33 20.59
8661 8766 14.83 114.50
8899 8919 0.00 24.07
8115 7948 11.50 148.02
9955 10014 0.00 85.90
7017 7000 0.00 32.95
9579 9567 0.00 58.99
8144 8103 0.00 68.28
9396 9328 14.60 131.30
6845 6800 4.86 107.71
9240 9338 2.00 102.14
7642 7669 0.00 104.86
7115 7028 0.00 108.23
7816 7910 2.00 91.56
7676 7680 0.00 30.12
7080 6967 0.00 141.86
8777 8769 11.00 93.84
8646 8586 6.95 56.89
9876 9802 2.00 54.41
9687 9791 4.25 84.82
6996 6937 0.00 74.82
7242 7281 0.00 75.18
7217 7240 0.00 31.25
9799 9950 3.00 113.22
7252 7224 5.50 48.43
9128 9071 0.00 59.26
10365 10255 3.83 92.31
11008 11005 0.00 78.63
9318 9345 0.00 19.08
8016 8011 3.00 61.86
8534 8607 3.00 90.86
8004 7989 0.00 65.34
8473 8414 0.00 123.57
10479 10438 0.00 40.21
9115 9030 3.54 79.34
8565 8512 3.00 78.28
8804 8766 10.00 58.08
8940 8971 0.00 26.39
7656 7663 0.00 12.45
8778 8851 7.97 136.77
9531 9506 0.00 23.30
10478 10395 3.00 79.60
9151 8994 6.60 148.24
10694 10601 0.00 81.04
7672 7688 0.00 12.92
8211 8207 0.00 13.50
7122 7109 0.00 82.97
7294 7271 3.00 85.56
7910 7903 0.00 35.97
10526 10418 8.46 82.63
8187 8219 0.00 75.91
7745 7823 0.00 79.30
8024 8074 0.00 67.74
7795 7680 0.00 121.32
8539 8532 0.00 7.43
8675 8660 8.21 14.02
9745 9771 3.00 80.94
8346 8305 0.00 79.59
8860 8912 8.95 63.25
11231 11032 0.00 122.26
9257 9386 5.43 120.27
8277 8223 0.00 60.90
10013 9899 10.82 102.53
7677 7618 3.00 65.55
7442 7496 0.00 93.92
7787 7778 0.00 24.94
9246 9156 0.00 78.25
6884 6939 3.00 97.12
7318 7267 0.00 88.94
9302 9296 0.00 13.74
7920 7923 0.00 8.68
8560 8456 6.75 91.79
7149 7151 3.00 106.09
10777 10869 0.00 97.99
9273 9319 3.00 52.81
10339 10242 2.00 93.30
7581 7466 0.00 130.11
9676 9580 6.17 93.94
8577 8589 3.00 85.99
9178 9128 0.00 50.03
9185 9122 0.00 74.35
7288 7325 3.00 81.79
8853 8942 0.00 95.92
10340 10482 0.00 134.90
7484 7405 3.00 76.26
9416 9427 8.10 9.17
8018 8056 7.78 92.79
9144 9020 3.00 148.00
10421 10518 0.00 84.44
8210 8254 11.50 93.77
10792 10854 0.00 43.41
6987 6976 0.00 78.07
10511 10487 3.00 18.51
8716 8642 3.00 95.10
7122 7092 0.00 107.52
8696 8710 6.00 39.91
8888 9010 0.00 108.70
10072 10205 0.00 111.36
9435 9323 0.00 77.58
7220 7182 5.05 59.47
7569 7507 0.00 82.38
6903 6850 3.00 95.90
10781 10957 6.00 111.11
9461 9497 0.00 37.74
9091 9075 1.00 83.70
8277 8373 0.00 110.16
9089 9002 6.78 80.51
10153 10095 3.00 60.02
10126 10188 0.00 57.78
8973 8953 8.33 51.69
11596 11473 0.00 107.11
8815 8798 0.00 20.70
10127 9997 7.25 112.31
7436 7428 0.00 47.78
8190 8163 0.00 64.84
10847 10755 0.00 66.08
8616 8531 0.00 65.95
9971 9875 0.00 84.22
10424 10386 0.00 58.53
6997 6988 0.00 11.56
9698 9792 3.00 112.44
10231 10154 0.00 92.10
10451 10454 0.00 3.58
7545 7544 6.50 17.29
8390 8442 7.56 106.29
9684 9669 5.50 122.56
8973 8961 3.00 18.64
7647 7654 0.00 34.81
8200 8307 6.97 147.20
10455 10524 8.00 65.87
8905 8962 3.00 62.04
10095 10023 6.40 130.56
9192 9130 0.00 79.48
9387 9289 8.67 119.51
8163 8241 0.00 81.86
9599 9683 2.00 104.48
8651 8619 6.00 98.64
8230 8152 0.00 122.66
9508 9534 3.20 119.66
7375 7363 3.00 21.55
8370 8449 0.00 90.63
8034 7988 0.00 64.87
7013 7042 0.00 70.34
8900 8880 0.00 15.83
8320 8405 0.00 100.69
8066 8154 3.00 77.89
9578 9489 0.00 80.41
9927 9946 3.00 93.14
7543 7602 0.00 110.27
8437 8383 0.00 123.09
9428 9435 7.83 76.89
9862 9831 6.27 57.48
8836 8721 10.00 137.04
6849 6859 0.00 89.94
7280 7233 3.00 55.78
8726 8776 13.67 79.02
8520 8522 20.00 86.28
9435 9433 2.71 142.07
8257 8211 11.50 60.28
9282 9218 0.00 61.24
9199 9175 3.00 59.25
8698 8740 6.75 91.37
9733 9891 7.43 121.83
7742 7663 0.00 81.93
7216 7198 8.00 28.88
8161 8218 0.00 120.62
9533 9502 0.00 30.72
8781 8715 6.00 101.95
8452 8502 13.20 99.21
7692 7656 0.00 76.56
9258 9412 0.00 121.28
9738 9750 10.50 29.23
8368 8378 5.22 14.09
7181 7211 3.00 48.29
10127 10013 7.11 143.60
9617 9672 0.00 53.99
9040 9087 11.11 59.67
7789 7762 0.00 95.44
8856 8839 9.22 125.46
8680 8800 4.33 101.94
7261 7291 1.00 58.46
9969 9961 9.13 43.96
9313 9410 0.00 79.36
7021 7036 0.00 34.19
9303 9351 7.80 76.86
9180 9213 6.32 24.69
8673 8711 0.00 29.50
7352 7321 0.00 37.20
8950 8841 11.00 100.41
9602 9497 20.00 135.09
11596 11595 0.00 64.76
7662 7716 3.00 53.71
9068 8990 6.00 144.49
6887 6943 1.00 68.20
8803 8853 11.50 84.74
7154 7178 0.00 40.40
9351 9282 8.67 72.94
8042 8118 0.00 105.54
8834 8970 4.25 146.37
10090 10073 0.00 32.24
9143 9047 3.00 119.10
7748 7762 3.00 94.99
9451 9380 0.00 63.72
7383 7359 1.00 71.23
9909 9817 3.00 94.45
10418 10331 6.69 83.12
9172 9167 3.00 50.54
9211 9127 3.00 79.47
10854 10876 0.00 16.05
9957 9946 3.00 93.11
6903 6867 3.00 62.44
7013 7017 0.00 25.40
8357 8392 0.00 63.38
7850 7902 0.00 47.12
7383 7302 13.67 95.61
8928 8874 0.00 50.31
7404 7454 1.00 80.77
8986 8974 20.00 72.50
9292 9251 0.00 57.06
9109 9076 0.00 88.09
7981 7861 5.67 134.21
8777 8893 8.14 134.36
8850 8932 11.50 76.81
7090 7175 0.00 127.44
7688 7672 0.00 12.92
7656 7625 0.00 30.57
11305 11346 0.00 100.97
8401 8410 0.00 10.22
8161 8011 4.40 140.87
7209 7258 6.50 54.80
8858 8974 3.00 110.37
8450 8443 0.00 18.05
8679 8627 5.13 59.14
7686 7650 0.00 73.73
8041 7958 0.00 115.50
8125 8138 0.00 91.75
8046 8094 1.00 96.10
10051 9954 11.50 104.29
8198 8222 0.00 37.71
9107 9018 0.00 83.14
8990 9068 6.00 144.49
11043 11229 0.00 112.15
8725 8738 12.00 38.68
8908 8812 6.50 123.57
8431 8354 6.40 89.02
6994 6877 0.00 127.48
9488 9500 0.00 9.58
8187 8101 0.00 78.57
8303 8190 3.00 116.84
8080 8184 3.00 91.75
10699 10678 0.00 13.05
9913 9987 6.50 87.06
7934 7921 0.00 9.83
7830 7845 0.00 50.12
7570 7607 3.00 32.46
9654 9570 17.50 108.95
10493 10495 0.00 2.06
8209 8083 3.00 126.83
9182 9169 4.71 110.51
8102 8049 0.00 65.26
9105 9179 2.75 94.49
7664 7737 23.25 144.23
7226 7285 20.00 101.40
10107 10187 0.00 76.14
8933 9076 0.00 140.59
7660 7698 12.59 60.67
10500 10581 19.00 75.64
8786 8798 0.00 19.11
9506 9494 3.00 100.51
9963 9895 8.11 120.32
9903 9832 3.41 47.61
8919 8899 0.00 24.07
8464 8581 5.43 104.73
9223 9230 8.25 10.06
8621 8471 0.00 134.23
7772 7711 0.00 97.33
9263 9282 7.25 77.79
11168 11369 0.00 145.44
7465 7372 0.00 142.02
10322 10321 0.00 18.79
8505 8421 0.00 84.87
8937 9006 20.00 65.50
7518 7527 8.67 103.46
9111 9159 6.11 61.79
8141 8122 0.00 31.54
8851 8927 4.57 73.08
9006 9055 1.00 74.16
7363 7303 3.00 87.94
8937 8884 8.25 61.82
9786 9756 0.00 26.62
8554 8499 0.00 84.97
7874 7911 0.00 105.47
8269 8316 0.00 68.16
9840 9740 0.00 111.72
9245 9274 0.00 28.93
9079 9203 12.50 110.29
8800 8935 6.57 135.29
9356 9369 3.00 5.07
8563 8443 0.00 100.21
8745 8831 3.00 92.37
8256 8357 10.25 108.94
10075 10210 2.00 113.65
7842 7949 15.80 112.83
8010 7925 0.00 76.63
9061 9068 11.00 19.35
9454 9445 0.00 17.35
9241 9201 8.79 51.51
8729 8731 2.33 103.02
9774 9832 14.33 47.40
8799 8873 11.50 90.49
7980 7864 0.00 101.14
8805 8788 10.00 33.76
10161 10173 9.20 60.21
6880 6881 11.17 34.34
8618 8583 0.00 84.66
9406 9317 0.00 58.86
9779 9744 5.50 36.07
8724 8712 3.00 51.81
8238 8195 6.00 59.27
9278 9241 6.54 75.32
7989 7939 0.00 39.06
10315 10337 4.86 22.94
7925 7870 3.00 62.06
7519 7424 0.00 103.39
9478 9479 3.00 18.02
8442 8390 7.56 106.29
7359 7298 0.00 61.35
8829 8912 5.60 99.17
7869 7918 0.00 47.82
7097 7164 11.00 128.72
9494 9506 3.00 100.51
8939 8986 0.00 62.98
7963 7941 0.00 53.05
10956 11005 0.00 45.44
7410 7418 0.00 46.43
6990 7084 11.86 125.88
6864 6852 8.67 36.93
7927 7814 4.75 104.95
7371 7275 0.00 118.45
7508 7448 0.00 123.78
8960 9013 10.00 60.41
9827 9862 3.00 58.20
6843 6829 1.80 125.53
9449 9477 3.00 26.02
9302 9377 0.00 58.19
7920 7907 0.00 72.74
7295 7293 8.50 131.42
7942 7868 0.00 76.07
7280 7269 7.83 103.15
9902 9907 0.00 26.86
8715 8781 6.00 101.95
10156 10154 0.00 90.88
7879 7937 0.00 116.29
9064 9106 8.50 56.02
7470 7540 0.00 121.13
9050 9026 3.00 94.28
7651 7603 0.00 59.26
9348 9429 4.25 54.39
9241 9278 6.54 75.32
8981 8908 7.83 70.09
9913 9814 16.67 102.97
9975 9921 0.00 37.92
10278 10413 6.63 132.35
8684 8834 11.50 146.45
8230 8218 0.00 118.64
9267 9270 0.00 47.81
8630 8524 0.00 82.45
7998 8156 4.25 147.70
9270 9212 0.00 53.19
9034 8958 0.00 81.54
7353 7463 6.00 120.95
8144 8224 0.00 87.35
8734 8721 4.75 15.68
8007 8158 6.67 143.39
8116 8027 0.00 111.12
8915 8890 7.57 30.48
9788 9759 3.00 21.71
6988 6987 0.00 2.52
8561 8610 7.86 52.41
8123 8120 0.00 9.92
9789 9786 8.91 2.78
8947 8877 0.00 115.23
7976 8053 0.00 82.34
10000 9991 7.25 90.21
9668 9646 3.00 81.73
10413 10278 6.63 132.35
6807 6842 20.00 144.76
7334 7391 0.00 60.70
9064 9130 0.00 80.58
6930 6825 0.00 134.61
8797 8933 8.67 140.94
6788 6781 0.00 121.92
8582 8503 0.00 82.59
9401 9399 4.67 81.35
8302 8355 5.33 102.13
9717 9612 4.67 89.82
10154 10231 0.00 92.10
8835 8842 0.00 9.02
7901 7919 1.00 37.82
8328 8395 0.00 84.18
9283 9331 11.50 54.36
7399 7456 0.00 57.90
7265 7203 20.00 77.78
7806 7830 0.00 24.13
7059 7027 0.00 114.12
9476 9478 0.00 19.66
7721 7730 0.00 33.30
7065 7029 0.00 71.93
10427 10311 0.00 109.06
8467 8488 0.00 31.51
8967 8989 0.00 32.01
6841 6858 0.00 110.09
9647 9542 0.00 116.24
7688 7712 0.00 67.57
9846 9891 5.13 60.44
8593 8548 5.14 76.06
9394 9490 5.33 70.67
8686 8765 7.33 61.10
9935 9850 3.00 61.47
6867 6903 3.00 62.44
10134 9995 26.50 119.03
7648 7636 0.00 77.81
8265 8331 6.92 134.46
7321 7352 0.00 37.20
8062 8034 3.00 33.58
8066 7992 10.00 77.82
9540 9536 0.00 45.87
7884 7823 11.50 62.32
8906 8872 2.00 38.50
10558 10494 7.33 87.38
8855 8751 15.63 100.97
8626 8620 10.00 48.96
10013 10019 11.50 32.68
8018 8077 8.67 78.31
8380 8386 10.39 110.26
9418 9414 3.00 65.25
8911 8936 18.67 73.01
7663 7654 0.00 8.32
9209 9234 3.00 26.19
8897 8845 24.33 59.89
8398 8293 0.00 112.60
8730 8591 0.00 144.94
10474 10450 5.33 36.30
7698 7599 3.00 120.97
8828 8832 0.00 14.29
9741 9859 2.50 142.20
9315 9312 0.00 5.16
9611 9777 8.67 147.57
7506 7526 0.00 137.68
9296 9272 0.00 127.44
9808 9899 5.83 64.47
8559 8639 9.80 76.80
8175 8133 11.00 51.94
7719 7721 0.00 37.98
8952 9026 0.00 65.43
6937 6996 0.00 74.82
7001 6968 20.00 37.54
8540 8504 3.00 32.13
9284 9181 6.85 87.58
9091 8935 14.70 135.29
8845 8806 7.80 44.00
7260 7235 0.00 92.82
8687 8753 6.79 139.18
9245 9187 1.00 66.73
9926 9984 7.70 144.14
8421 8505 0.00 84.87
7151 7149 3.00 106.09
8965 9097 6.06 126.95
7051 7091 0.00 63.84
9088 8984 7.00 120.48
6976 6987 0.00 78.07
9949 9897 7.86 92.07
10066 10067 8.67 83.86
8414 8454 2.50 52.78
9024 8917 0.00 117.81
7196 7204 3.00 145.34
8852 8885 11.50 82.30
7092 7106 0.00 42.02
9593 9601 0.00 64.59
6813 6883 0.00 115.12
8553 8566 9.83 124.22
7925 7951 0.00 38.21
9307 9318 0.00 51.18
10658 10601 3.00 56.45
7504 7553 0.00 78.33
7018 7077 0.00 76.46
8324 8363 0.00 62.13
9207 9257 3.00 55.78
7752 7838 3.00 111.25
8811 8879 11.50 83.29
9310 9397 14.75 76.38
9845 9807 0.00 30.07
8794 8717 0.00 81.72
9056 9087 3.00 34.42
9493 9583 5.71 77.13
6968 6933 2.00 27.57
8492 8484 3.00 100.47
9909 9755 5.00 122.71
9967 9864 0.00 72.93
8761 8786 10.00 60.82
8581 8592 7.36 43.70
7195 7190 0.00 83.75
8471 8351 0.00 135.77
7809 7795 1.00 14.82
6883 6973 3.00 115.12
9862 9827 3.00 58.20
9790 9803 3.00 72.42
9423 9428 12.80 42.18
7600 7540 0.00 90.98
7732 7647 0.00 89.08
8835 8728 20.25 101.19
8828 8904 3.00 75.23
7902 7850 0.00 47.12
8138 8186 0.00 92.81
10578 10504 4.57 79.77
8973 9001 3.00 26.96
8195 8238 6.00 59.27
8569 8610 10.00 62.02
8623 8537 0.00 135.27
7482 7544 3.00 69.98
7994 7977 0.00 37.76
7779 7794 0.00 44.50
8122 8097 3.00 25.51
8600 8704 2.33 91.34
9108 9087 8.08 26.49
8763 8739 3.00 111.17
7580 7567 0.00 105.98
8978 9032 5.14 124.14
8892 8880 0.00 24.30
10063 10151 11.00 109.46
10464 10443 2.33 17.60
7456 7429 0.00 90.15
10345 10322 11.50 26.89
8563 8693 0.00 110.15
9252 9148 0.00 136.73
10327 10317 0.00 99.41
7942 7955 0.00 32.43
8934 8846 3.81 112.92
8219 8187 0.00 75.91
11211 11014 8.29 132.46
8405 8373 0.00 29.38
8976 9020 3.00 56.63
9343 9292 5.50 58.05
9412 9427 6.52 97.55
10165 10110 3.00 50.11
8724 8655 0.00 56.54
8859 8806 11.50 99.02
6921 6937 0.00 28.63
8308 8354 10.75 84.51
8639 8685 3.00 138.66
10977 11129 0.00 123.02
9777 9979 6.37 149.95
9032 9062 3.00 37.36
7644 7643 50.00 43.06
8356 8348 0.00 103.74
9035 9038 8.75 40.47
8290 8321 3.00 67.81
7602 7543 0.00 110.27
7224 7172 3.71 100.23
9302 9447 0.00 102.72
9560 9594 4.67 109.36
8586 8487 7.56 76.91
10132 9985 11.29 134.65
9237 9161 9.83 90.83
9976 10040 4.08 77.40
7612 7655 20.00 121.03
7049 6930 0.00 134.09
7405 7484 3.00 76.26
9216 9223 3.00 19.74
8160 8071 3.00 79.28
8531 8596 11.50 88.05
9418 9601 3.00 143.37
7627 7568 0.00 123.76
9600 9702 0.00 113.20
7919 7949 6.75 47.10
7540 7505 0.00 55.57
8438 8348 0.00 110.83
9666 9839 0.00 144.80
10260 10232 20.00 100.79
9455 9510 3.00 36.91
9791 9687 4.25 84.82
6881 6880 11.17 34.34
7059 7017 0.00 83.32
7463 7468 7.25 97.57
9689 9763 19.20 77.10
7197 7193 0.00 6.45
8712 8578 0.00 109.64
8589 8574 3.00 102.05
7116 7168 0.00 72.43
9582 9549 0.00 38.68
8211 8257 11.50 60.28
9203 9190 35.00 87.75
9214 9108 0.00 127.24
10854 10792 0.00 43.41
9296 9275 0.00 87.95
7982 8070 0.00 125.65
7882 8020 10.00 119.48
8223 8277 0.00 60.90
10023 10095 6.40 130.56
8736 8725 0.00 15.79
9151 9074 6.67 74.42
9433 9460 23.25 36.84
9007 9021 0.00 50.02
6807 6825 5.33 145.44
8504 8492 14.33 100.41
8378 8417 3.00 133.12
8235 8297 6.75 98.23
9160 9076 0.00 118.90
9555 9468 6.08 101.36
7182 7220 5.05 59.47
7129 7122 0.00 23.97
9817 9778 2.00 73.77
8802 8732 6.09 69.18
7260 7276 0.00 25.15
9966 9976 1.00 61.17
7389 7408 0.00 44.61
9322 9253 8.45 97.34
9544 9534 2.00 8.39
7586 7557 11.60 79.33
9059 9147 20.00 78.42
9021 9007 0.00 50.02
10144 10133 7.80 103.75
9620 9568 0.00 58.74
8467 8461 0.00 14.77
7952 7944 0.00 48.32
9987 9913 6.50 87.06
9629 9639 10.00 65.92
9664 9636 8.67 82.71
8199 8234 3.00 63.45
9208 9203 20.00 54.86
8573 8438 0.00 111.91
7986 7972 0.00 138.53
9312 9392 20.00 108.08
7023 6960 3.00 77.78
7828 7809 3.00 33.91
8596 8616 5.44 64.49
9328 9269 3.00 62.02
7981 8018 7.95 128.47
9347 9349 0.00 7.38
10524 10554 0.00 64.12
7949 7842 15.80 112.83
9200 9251 0.00 58.27
10368 10455 11.50 78.28
10554 10524 0.00 64.12
9009 9070 2.88 75.80
7458 7408 3.00 77.79
7823 7884 11.50 62.32
9164 9135 2.50 90.35
7626 7680 0.00 85.21
10468 10477 3.00 53.27
8391 8450 4.00 69.04
10090 10107 0.00 45.78
8632 8690 3.00 77.26
8778 8750 3.00 98.10
10556 10480 6.50 59.61
7152 7142 0.00 31.49
8146 8065 11.50 93.74
9039 8979 0.00 58.59
8684 8677 0.00 23.94
7505 7433 0.00 124.42
7123 7141 0.00 32.33
8831 8745 3.00 92.37
9285 9291 2.50 50.73
8960 9033 0.00 97.84
7828 7751 50.00 90.29
7738 7801 0.00 66.91
7157 7151 3.00 106.09
9281 9183 8.67 107.63
7521 7428 20.00 98.50
8033 7916 7.38 99.42
9565 9483 0.00 88.48
7114 7133 2.00 60.25
7036 6996 0.00 75.59
9062 9032 3.00 37.36
7057 7015 0.00 59.59
8314 8351 5.33 76.55
7162 7157 20.00 106.09
9432 9287 9.00 133.61
8285 8236 0.00 80.76
9795 9782 0.00 16.05
9051 9182 4.00 121.88
8306 8379 3.00 101.25
7279 7235 0.00 58.05
7276 7260 0.00 25.15
7234 7261 0.00 32.79
7919 7901 1.00 37.82
8714 8807 0.00 87.91
8667 8677 0.00 38.27
9656 9817 6.00 135.71
7926 7863 0.00 56.85
9156 9246 0.00 78.25
9713 9759 0.00 41.46
10547 10425 3.80 108.19
8007 7998 0.00 58.65
8796 8709 7.30 92.47
8381 8495 3.50 109.09
11369 11168 0.00 145.44
10481 10375 7.00 99.34
9331 9417 6.90 61.77
7428 7521 20.00 98.50
9807 9736 2.33 59.33
8528 8478 0.00 40.66
9271 9182 0.00 73.88
7627 7744 3.00 135.18
7114 7057 0.00 76.01
9177 9149 19.00 27.45
11280 11107 0.00 101.06
10496 10479 8.67 135.97
8979 9017 0.00 91.76
7868 7942 0.00 76.07
8202 8184 13.33 45.80
8904 8931 0.00 31.60
9907 9902 0.00 26.86
8451 8431 4.00 97.09
7721 7719 0.00 37.98
9592 9565 0.00 48.39
8977 9054 0.00 84.31
9716 9712 3.00 9.04
8620 8616 11.29 45.50
8518 8548 0.00 49.34
10295 10459 4.35 145.75
7927 8050 3.00 104.95
8578 8457 18.67 109.58
9829 9710 8.67 139.37
8152 8230 0.00 122.66
9210 9306 13.20 138.58
8512 8449 11.56 81.59
8281 8304 0.00 84.74
10205 10233 4.75 78.11
8997 8948 10.42 74.12
9296 9302 0.00 13.74
10450 10437 7.25 7.03
7521 7436 9.00 143.41
7467 7443 3.00 35.95
10015 9959 6.50 79.04
7907 7920 0.00 72.74
8500 8446 0.00 50.47
10022 9942 7.40 75.72
10480 10556 6.50 59.61
8944 8915 0.00 69.46
8718 8668 3.00 125.94
8773 8770 6.47 100.54
9576 9578 0.00 15.50
10348 10434 10.00 102.82
8968 8956 6.78 107.23
7612 7577 0.00 30.83
10726 10905 0.00 147.26
8877 8907 0.00 101.21
8351 8253 0.00 124.83
10201 10153 8.67 37.53
10195 10353 2.00 145.12
9619 9653 0.00 38.21
6710 6724 0.00 58.78
8316 8342 0.00 58.98
10455 10368 11.50 78.28
7000 6997 0.00 9.58
9485 9493 8.00 17.95
10703 10746 0.00 40.25
8936 8953 11.00 40.81
7529 7516 0.00 8.77
9080 9124 9.04 68.27
7135 7182 5.06 82.87
9653 9696 0.00 31.62
10904 10781 5.30 86.55
9486 9502 0.00 10.76
9742 9676 10.92 61.14
8171 8173 0.00 3.05
8412 8455 6.50 84.55
8804 8785 0.00 46.83
9278 9341 1.00 59.73
8391 8356 0.00 87.62
10656 10695 0.00 32.58
7789 7715 0.00 83.18
7094 7088 0.00 114.90
7100 7102 5.50 99.25
7424 7519 0.00 103.39
7227 7233 20.00 80.58
8183 8240 3.00 100.41
10136 10127 11.50 10.40
8917 8821 10.75 117.81
9661 9585 3.00 81.84
9620 9674 11.50 118.02
8338 8288 5.50 63.92
7418 7424 3.00 30.33
7625 7567 0.00 57.88
8572 8516 4.67 56.02
9331 9277 6.00 53.20
8210 8139 8.67 60.52
9459 9393 0.00 86.68
7743 7676 0.00 68.99
9187 9218 20.00 142.28
8828 8820 3.00 55.43
7279 7314 0.00 59.08
7770 7751 3.00 70.44
8680 8561 2.92 101.65
9193 9232 2.33 55.44
10504 10578 4.57 79.77
9352 9403 0.00 47.86
9678 9778 2.82 125.13
10313 10277 7.33 99.08
10048 9971 0.00 85.53
9306 9378 0.00 66.08
10133 10126 2.33 81.36
7850 7827 0.00 82.49
10230 10295 8.93 59.95
10051 10040 14.25 72.02
9965 9997 3.00 56.44
10321 10269 3.00 45.31
8430 8369 0.00 121.80
7563 7570 0.00 32.79
8981 8866 5.95 139.36
7999 7993 0.00 23.71
8949 8838 6.67 104.26
8885 8855 0.00 64.74
7993 7936 0.00 50.13
7392 7435 2.00 42.24
8541 8406 10.00 130.87
7892 7872 0.00 145.05
8569 8468 5.80 83.53
8423 8554 10.22 117.19
7918 8023 0.00 90.85
7098 7176 8.00 123.41
10251 10278 7.25 42.12
8097 8122 3.00 25.51
9408 9524 8.67 80.51
7820 7698 9.30 139.05
7830 7806 0.00 24.13
9935 9965 2.33 91.73
7235 7260 0.00 92.82
8031 8055 0.00 36.74
10596 10581 1.00 21.39
9243 9259 3.00 15.56
7000 7017 0.00 32.95
9899 9864 8.67 61.90
10221 10193 0.00 39.67
7958 8029 6.11 62.23
7943 7933 6.78 64.51
7391 7334 0.00 60.70
8154 8152 0.00 47.32
8663 8667 14.57 10.90
8760 8822 8.67 97.41
7890 7856 4.00 102.49
8107 8133 0.00 37.84
9805 9985 6.00 134.99
8639 8559 9.80 76.80
9795 9745 0.00 40.94
8738 8762 0.00 32.52
8456 8412 0.00 47.83
8186 8251 0.00 98.66
8848 8886 3.00 87.76
8063 7985 0.00 78.53
8290 8254 10.00 66.32
7750 7696 0.00 53.80
9588 9679 0.00 136.40
8455 8412 6.50 84.55
7728 7766 0.00 54.98
8808 8850 3.00 40.73
8553 8484 10.00 58.23
8004 8164 0.00 148.38
8657 8757 8.33 142.68
10233 10174 3.00 117.84
9507 9461 0.00 28.15
8860 8802 18.00 64.39
8727 8689 0.00 47.79
10331 10335 0.00 21.74
11432 11344 0.00 128.38
8758 8769 10.00 93.84
9864 9967 0.00 72.93
10760 10904 2.67 134.53
9194 9189 3.00 40.18
8476 8481 0.00 89.16
8413 8374 50.00 62.40
10174 10238 4.40 73.43
9070 9179 4.00 122.34
9755 9804 7.87 57.21
7404 7369 0.00 80.77
7576 7621 0.00 78.22
7636 7625 0.00 77.86
8065 7970 3.00 96.43
7000 6989 0.00 75.11
9112 9128 0.00 59.52
8660 8527 8.67 137.10
9192 9144 0.00 51.93
9968 10023 11.00 130.56
10542 10402 0.00 115.79
10079 9984 10.19 143.28
8420 8433 0.00 49.48
7438 7379 2.00 104.41
7704 7705 0.00 32.70
7236 7175 0.00 84.17
8345 8365 9.33 62.29
9565 9553 0.00 24.60
11496 11426 0.00 106.36
9005 9080 3.73 99.96
7791 7802 3.00 121.05
9286 9291 4.80 87.13
9186 9220 0.00 78.40
8301 8370 0.00 90.53
7190 7196 0.00 7.90
9368 9370 0.00 9.66
6762 6804 0.00 82.67
7612 7586 0.00 46.55
7502 7484 11.50 79.78
10695 10703 0.00 3.72
9759 9713 0.00 41.46
9291 9285 2.50 50.73
7500 7524 0.00 31.68
7519 7570 0.00 49.48
9744 9652 2.25 116.38
10847 10965 0.00 63.15
9492 9460 0.00 29.32
10004 9924 0.00 75.25
8448 8404 21.80 62.14
7346 7466 0.00 130.11
8018 7981 7.95 128.47
9458 9438 0.00 47.24
7943 8111 3.36 145.75
8636 8643 1.00 101.49
7315 7369 0.00 60.70
7669 7592 0.00 81.25
8834 8684 11.50 146.45
9182 9189 7.80 31.77
8213 8235 0.00 35.51
8592 8581 7.36 43.70
8704 8753 2.20 38.39
7872 7892 0.00 145.05
8327 8362 0.00 48.26
9580 9464 3.54 93.93
7249 7216 0.00 83.02
9714 9674 8.67 116.10
7173 7115 14.54 105.67
8429 8464 3.00 55.92
9582 9619 0.00 39.04
9745 9680 0.00 54.14
10454 10487 5.90 34.87
7289 7271 0.00 32.87
9637 9778 3.23 125.70
9365 9264 0.00 87.55
8091 8075 4.11 91.02
9747 9846 5.29 105.73
8888 8876 3.00 96.61
8734 8703 0.00 55.05
7767 7720 0.00 82.17
10837 10847 0.00 60.83
8708 8690 0.00 13.85
8133 8107 0.00 37.84
8622 8663 3.00 59.74
8958 9034 0.00 81.54
10141 10071 0.00 74.97
10402 10542 0.00 115.79
10124 10196 0.00 66.70
9009 8934 5.69 75.80
7763 7686 1.00 76.77
9432 9590 6.45 135.18
9959 10015 6.50 79.04
10400 10252 6.64 135.39
8891 8836 3.00 48.78
8781 8851 3.00 99.76
9163 9206 10.00 93.74
6988 6997 0.00 11.56
9839 9806 14.33 113.04
10139 10043 6.00 94.84
10524 10398 4.62 108.37
9130 9064 0.00 80.58
8238 8199 7.25 83.24
10572 10708 0.00 102.34
10546 10468 3.50 83.08
10635 10597 3.00 122.21
9767 9683 5.50 102.92
6817 6785 6.00 94.00
9859 9741 2.50 142.20
9212 9174 8.67 100.56
7802 7750 3.00 56.31
7205 7235 0.00 78.36
9928 9975 9.00 33.53
9631 9507 3.00 145.51
10934 10933 0.00 83.26
10331 10269 7.00 53.68
10511 10526 0.00 19.30
7553 7504 0.00 78.33
8802 8860 18.00 64.39
7520 7561 2.00 66.00
8941 8991 0.00 42.88
7458 7500 6.43 77.47
8291 8239 0.00 107.61
10488 10482 0.00 34.75
10211 10252 6.73 82.56
9092 9141 0.00 50.18
10143 10264 0.00 104.30
9883 9832 20.00 124.84
10045 10014 0.00 33.94
9161 9237 9.83 90.83
8606 8676 0.00 73.07
7922 7819 7.80 101.07
8206 8145 20.00 87.16
9263 9245 20.00 77.79
8524 8433 0.00 82.40
8711 8673 0.00 29.50
8762 8727 0.00 29.21
8779 8886 6.92 146.34
9155 9287 4.25 133.55
9189 9096 0.00 86.81
8199 8238 7.25 83.24
8753 8687 6.79 139.18
6762 6724 0.00 63.23
10461 10532 0.00 145.51
8904 9003 8.00 91.58
8629 8509 0.00 97.19
9514 9507 2.00 23.27
8049 8096 0.00 47.31
9445 9377 0.00 50.38
6712 6672 0.00 66.25
9891 9914 3.00 22.09
7628 7650 0.00 17.06
7725 7772 0.00 57.89
8693 8653 0.00 85.52
7730 7721 0.00 33.30
7408 7458 3.00 77.79
8915 8979 17.67 64.04
9048 9204 6.65 140.16
8481 8476 0.00 89.16
8508 8620 6.40 94.95
7998 8007 0.00 58.65
8905 8863 0.00 74.40
8363 8416 3.00 69.74
10124 10107 0.00 46.53
9042 8962 3.00 86.59
8880 8892 0.00 24.30
8129 8149 0.00 109.34
9248 9192 5.50 53.09
8654 8698 0.00 90.27
7656 7692 0.00 76.56
7892 7916 6.29 73.06
8581 8464 5.43 104.73
8028 8110 0.00 74.89
7923 7933 11.50 49.98
7262 7257 0.00 64.61
6862 6916 11.50 93.17
7531 7590 3.00 63.58
7823 7769 0.00 55.39
7368 7319 0.00 39.72
9220 9214 20.00 5.91
9390 9455 3.00 51.87
8498 8418 5.82 104.52
9875 9971 0.00 84.22
10060 10193 6.53 108.04
7372 7465 0.00 142.02
9194 9277 3.00 74.52
7084 7135 5.63 83.90
7286 7268 0.00 137.96
8743 8758 2.75 109.40
9824 9707 3.00 105.25
9081 8959 3.00 111.74
10033 10100 3.75 120.73
7249 7278 0.00 83.02
8652 8615 4.36 85.52
8577 8637 3.00 48.12
8655 8724 0.00 56.54
9184 9192 0.00 86.55
7540 7470 0.00 121.13
7937 7926 0.00 9.68
6898 6921 0.00 28.07
9719 9597 7.89 113.87
11130 11278 0.00 120.81
10268 10278 3.00 20.75
7477 7610 0.00 149.37
7278 7249 0.00 83.02
8820 8913 2.71 100.42
8581 8574 5.45 102.01
7557 7627 1.00 80.11
9721 9782 10.50 77.74
8310 8353 0.00 63.21
7832 7853 0.00 68.95
9190 9255 5.26 60.83
8658 8761 0.00 83.44
9242 9199 14.33 132.35
8892 8796 6.09 94.65
7106 7100 0.00 47.99
7237 7245 0.00 22.15
7359 7399 3.00 60.05
9194 9117 5.14 71.64
8997 8916 5.76 83.34
7719 7751 0.00 27.58
7215 7180 15.14 79.12
9932 9795 0.00 108.52
8928 8955 3.00 27.09
8969 9035 10.60 89.59
7105 7111 0.00 101.85
8976 8930 10.80 63.32
9279 9220 0.00 54.71
8029 7958 6.11 62.23
7654 7647 0.00 34.81
8256 8139 5.56 109.61
8904 8828 3.00 75.23
7269 7280 7.83 103.15
8932 9028 6.93 104.07
10699 10755 0.00 31.01
7763 7824 5.50 60.70
8254 8323 7.25 125.92
9772 9906 9.83 145.49
9710 9814 11.50 104.55
7165 7123 0.00 139.88
9008 9065 0.00 60.22
9740 9840 0.00 111.72
8263 8216 0.00 72.68
7860 7856 0.00 7.85
7173 7133 3.00 131.52
7412 7407 11.00 76.89
7917 7905 0.00 83.15
8666 8648 0.00 55.07
8418 8498 5.82 104.52
8900 8962 0.00 135.43
8451 8404 0.00 95.73
9802 9876 2.00 54.41
9210 9317 10.00 110.89
10304 10368 5.40 77.34
9779 9798 5.33 23.33
7970 7972 0.00 138.24
8927 8963 7.86 37.88
9568 9613 27.67 107.54
8784 8771 0.00 16.63
6858 6976 0.00 142.24
8448 8516 4.88 61.98
10558 10554 11.00 17.52
10053 10067 4.86 83.74
10985 10965 0.00 70.27
7792 7803 0.00 91.50
8264 8327 8.67 60.68
8313 8250 3.75 103.49
9466 9493 2.50 18.45
8081 8056 9.50 61.19
7988 7993 0.00 19.89
7232 7226 8.67 95.84
8453 8379 5.33 99.50
8839 8740 2.33 98.43
11359 11305 0.00 101.18
9189 9194 3.00 40.18
9495 9551 0.00 107.80
7334 7361 0.00 95.04
7713 7810 0.00 103.41
10408 10421 0.00 95.09
8863 8791 0.00 84.57
9593 9414 0.00 138.84
9087 9040 11.11 59.67
6967 7080 0.00 141.86
7568 7627 0.00 123.76
9895 9963 8.11 120.32
7913 7893 3.00 127.35
9685 9700 10.00 23.05
8775 8731 0.00 52.27
8447 8380 10.20 72.22
8543 8622 0.00 69.93
7200 7257 3.00 108.63
10894 10698 14.75 149.97
7293 7287 1.00 131.45
7437 7477 3.00 57.70
9343 9484 0.00 141.41
8386 8435 11.62 139.08
8549 8583 0.00 84.52
8347 8319 2.50 38.96
7412 7357 0.00 68.73
9570 9654 17.50 108.95
7271 7294 3.00 85.56
10755 10777 0.00 93.72
7246 7282 0.00 125.16
10956 10985 0.00 26.14
8939 8864 8.67 70.49
9074 9037 14.33 62.02
6995 7032 0.00 76.81
7367 7403 3.00 48.96
6943 6887 1.00 68.20
7138 7183 6.40 78.81
6817 6867 7.80 94.00
8897 8960 3.00 87.80
9127 9147 3.00 63.49
9108 9184 0.00 101.02
8556 8558 6.22 44.96
8756 8705 5.86 114.91
9362 9358 3.00 33.58
8808 8811 11.50 78.78
8516 8448 4.88 61.98
7769 7745 4.75 64.56
8353 8310 0.00 63.21
8195 8076 1.00 113.81
9037 8969 4.75 66.37
10629 10686 0.00 41.76
7950 7952 0.00 62.79
8619 8651 6.00 98.64
7960 8098 0.00 134.28
9718 9669 10.50 33.78
8183 8131 6.50 68.92
10160 10283 12.44 108.89
9218 9257 9.63 64.13
8445 8413 3.00 133.23
9449 9359 20.00 90.06
7890 7943 3.00 53.81
8394 8378 1.00 84.75
6756 6800 3.00 108.19
7467 7504 0.00 80.01
8979 9039 0.00 58.59
8010 7975 10.00 48.00
9081 9117 1.67 33.54
9520 9532 3.00 48.22
8869 8868 0.00 8.28
9963 10010 4.00 120.32
8658 8631 0.00 80.52
8050 7927 3.00 104.95
7575 7518 0.00 107.94
9817 9909 3.00 94.45
8166 8062 0.00 97.96
8082 8015 3.00 135.91
9065 9008 0.00 60.22
7534 7493 0.00 83.29
9143 9068 10.00 83.09
9914 9891 3.00 22.09
8751 8855 15.63 100.97
9390 9386 3.00 12.30
7555 7529 2.00 25.60
8482 8454 0.00 51.10
7648 7715 0.00 82.88
7856 7860 0.00 7.85
7536 7519 3.00 48.82
8288 8243 0.00 69.78
8916 8842 15.00 83.51
8806 8859 11.50 99.02
10124 10009 0.00 97.64
7245 7237 0.00 22.15
8216 8174 2.33 68.13
10173 10105 6.50 59.83
8990 9042 11.50 108.23
9991 10053 11.50 59.36
6788 6844 3.00 96.73
8717 8794 0.00 81.72
10242 10233 6.50 12.44
9455 9488 2.33 59.35
9220 9279 0.00 54.71
7975 8010 10.00 48.00
7318 7392 0.00 89.66
7190 7195 0.00 83.75
8800 8797 13.44 42.79
8844 8965 7.86 110.30
8557 8500 0.00 50.54
8362 8327 0.00 48.26
8615 8570 1.00 85.52
7171 7129 0.00 85.65
7391 7449 0.00 58.82
6847 6844 0.00 85.33
9204 9193 3.00 88.69
7989 7985 0.00 60.86
9416 9414 7.97 61.38
9269 9328 3.00 62.02
7374 7314 0.00 58.85
8847 8798 0.00 114.30
7696 7750 0.00 53.80
9118 9174 0.00 58.26
7392 7318 0.00 89.66
8746 8764 0.00 18.34
9209 9160 3.00 115.23
7142 7140 3.00 144.96
7377 7371 20.00 69.04
7804 7821 3.00 38.62
8711 8737 0.00 28.79
10022 10030 3.00 34.28
9328 9396 14.60 131.30
9355 9423 3.00 42.12
7919 7983 0.00 59.74
9200 9148 0.00 59.19
7552 7562 14.33 92.67
8865 8856 5.50 125.46
9586 9495 0.00 85.58
9712 9716 3.00 9.04
9063 9078 8.67 23.98
8270 8325 3.00 59.89
9281 9237 14.33 48.25
9814 9913 16.67 102.97
7789 7814 0.00 24.55
7531 7476 8.67 60.04
8975 8840 1.80 139.41
11284 11043 0.00 142.35
7424 7375 0.00 48.42
9211 9283 6.75 79.24
8074 8031 0.00 145.67
8119 8100 8.67 41.14
8902 8928 3.00 45.55
10460 10465 8.67 112.74
7711 7651 0.00 97.40
8863 8880 11.50 44.75
8714 8674 8.00 64.54
9285 9255 4.63 111.78
7170 7190 0.00 32.68
8892 8911 6.40 49.42
6947 6973 3.00 139.17
9381 9460 0.00 87.10
10958 10992 0.00 75.89
9019 9029 0.00 33.29
7645 7647 20.00 38.54
8094 8046 1.00 96.10
8175 8269 1.00 147.66
8859 8930 7.25 98.19
8426 8415 2.67 24.08
7414 7361 0.00 97.96
8534 8454 6.00 92.34
8615 8652 4.36 85.52
7324 7280 0.00 61.16
9142 9140 10.33 111.44
7715 7789 0.00 83.18
7449 7506 0.00 60.40
9110 9051 0.00 83.57
10486 10513 8.75 23.25
8743 8858 0.00 110.39
6989 7000 0.00 75.11
7178 7154 0.00 40.40
8107 8029 5.30 72.13
7858 7878 0.00 46.01
9928 9904 10.55 21.72
9441 9471 0.00 28.55
7624 7721 11.50 107.84
8637 8577 3.00 48.12
10024 9914 0.00 102.86
8186 8138 0.00 92.81
9167 9172 3.00 50.54
8610 8569 10.00 62.02
8820 8816 8.00 12.68
8649 8641 4.67 75.12
8522 8502 3.00 87.35
8173 8171 0.00 3.05
8336 8290 3.00 88.38
10375 10481 7.00 99.34
9043 8950 0.00 82.32
7983 7919 0.00 59.74
7738 7710 0.00 54.76
7197 7273 0.00 106.64
6881 6934 0.00 70.26
8747 8801 10.00 76.86
8731 8729 2.33 103.02
10253 10405 9.86 133.07
6759 6790 0.00 86.54
9547 9422 2.33 129.86
6736 6759 5.33 66.91
8537 8462 0.00 136.08
7900 7907 0.00 17.36
8343 8393 5.86 106.26
9203 9208 20.00 54.86
7210 7242 0.00 36.09
7631 7719 0.00 87.53
7429 7456 0.00 90.15
8442 8516 7.00 106.23
10246 10151 0.00 116.52
8616 8596 5.44 64.49
9020 8976 3.00 56.63
10482 10340 0.00 134.90
7065 7080 0.00 57.36
8243 8319 2.50 86.85
8841 8735 20.00 100.41
8154 8066 3.00 77.89
8594 8520 8.67 61.70
9056 9033 1.00 25.48
9899 10013 10.82 102.53
9829 9858 0.00 25.26
9271 9318 0.00 51.84
9971 10048 0.00 85.53
7057 7078 4.67 47.24
9214 9159 0.00 58.44
10058 10051 11.50 49.96
8285 8286 0.00 39.45
10339 10438 11.50 93.39
8727 8634 2.27 98.41
10232 10213 10.80 100.68
7091 7112 5.83 101.27
9466 9396 4.40 49.61
9197 9311 0.00 110.09
8724 8777 1.00 39.69
9352 9252 0.00 136.86
9196 9107 0.00 83.26
9117 9194 5.14 71.64
8561 8680 2.92 101.65
7091 7051 0.00 63.84
7507 7523 0.00 21.06
10086 10208 0.00 104.62
8532 8539 0.00 7.43
9204 9048 6.65 140.16
10220 10195 0.00 69.92
8673 8582 18.86 83.58
9445 9454 0.00 17.35
8308 8355 3.00 61.95
7887 7906 0.00 19.01
9426 9479 0.00 40.61
7835 7821 4.25 36.84
7770 7842 0.00 134.78
8793 8901 8.47 135.37
7196 7239 0.00 63.28
8943 9066 6.50 132.88
9944 9908 4.63 68.35
9065 9175 0.00 111.57
8146 8199 3.00 68.15
7686 7763 1.00 76.77
9066 9111 0.00 52.11
9975 9928 9.00 33.53
6852 6860 0.00 49.25
7804 7868 0.00 75.59
9639 9804 8.30 141.56
6825 6930 0.00 134.61
9985 9805 6.00 134.99
7934 7939 0.00 61.80
8448 8393 4.50 106.24
8588 8606 7.25 103.37
9808 9831 5.37 63.00
9604 9428 2.67 137.39
8429 8427 5.43 111.47
9950 10075 3.00 113.53
8410 8401 0.00 10.22
7995 7984 11.50 127.59
9395 9407 9.86 35.26
9511 9534 0.00 21.83
8117 8141 0.00 47.53
8749 8637 3.00 85.15
8023 8034 0.00 27.10
7614 7590 2.00 30.29
7258 7251 7.25 135.75
8751 8625 7.00 100.71
9503 9489 4.63 137.77
10635 10641 0.00 84.08
10104 10096 0.00 11.17
10143 10024 0.00 104.28
7960 7980 1.00 23.86
9390 9351 2.00 49.27
9968 10033 6.50 63.66
8648 8666 0.00 55.07
7878 7938 0.00 56.30
8381 8284 3.00 108.94
8139 8256 5.56 109.61
9584 9672 0.00 95.34
8686 8685 0.00 118.48
7655 7705 0.00 49.66
7791 7811 2.00 89.01
9279 9256 8.00 110.50
8506 8361 3.83 148.58
8378 8418 0.00 50.54
9938 9959 5.60 59.15
9911 9977 0.00 55.00
9592 9535 11.00 69.09
7187 7225 10.00 107.10
6877 6961 0.00 129.60
7403 7367 3.00 48.96
8641 8589 0.00 49.03
8696 8541 1.67 130.89
7943 7890 3.00 53.81
8415 8353 6.40 118.14
10889 10854 0.00 77.64
8184 8168 3.00 58.76
8975 9127 2.33 141.88
8716 8657 0.00 46.44
8016 8168 8.67 141.26
9601 9687 3.00 84.83
7562 7552 14.33 92.67
9163 9138 0.00 31.16
9293 9195 0.00 89.21
9550 9492 0.00 49.78
8894 8951 0.00 111.43
9230 9270 11.83 135.20
8214 8206 4.25 17.82
7118 7180 2.00 113.56
8950 8951 8.67 109.36
9049 9029 0.00 56.02
9078 9125 8.00 82.77
7516 7435 0.00 119.20
8242 8155 3.43 110.34
9403 9496 10.00 94.71
7382 7436 10.83 49.68
8324 8257 0.00 80.62
8783 8875 3.00 123.91
10008 10066 4.33 50.83
9179 9105 2.75 94.49
7074 7133 10.00 79.52
10208 10086 0.00 104.62
8156 7998 4.25 147.70
8964 8900 0.00 116.98
10156 10231 3.00 84.50
7917 7896 0.00 23.05
8701 8754 2.20 102.23
7766 7728 0.00 54.98
9124 9137 7.00 8.84
9613 9568 27.67 107.54
10102 10110 0.00 5.75
9689 9744 0.00 58.34
10612 10556 20.00 63.84
7282 7246 0.00 125.16
8907 8941 0.00 101.29
9362 9364 0.00 30.48
8413 8483 30.00 132.83
8253 8351 0.00 124.83
8108 8125 0.00 20.45
8376 8321 7.00 123.76
7374 7349 3.00 61.19
8878 8784 5.33 102.45
8326 8345 3.63 61.91
9755 9737 7.67 18.35
7337 7417 3.00 98.35
8576 8512 7.00 115.76
8178 8219 0.00 46.28
8906 8985 2.33 82.78
9071 9128 0.00 59.26
10209 10260 3.00 73.06
7810 7713 0.00 103.41
7876 7896 0.00 84.77
8632 8568 0.00 77.25
7224 7252 5.50 48.43
7436 7521 9.00 143.41
8311 8360 0.00 89.77
9145 9097 3.00 50.63
9406 9401 8.00 81.34
8293 8398 0.00 112.60
9398 9394 7.25 89.01
8153 8063 0.00 78.53
7408 7443 7.56 61.89
10368 10304 5.40 77.34
7494 7517 0.00 29.25
7721 7624 11.50 107.84
8236 8285 0.00 80.76
8804 8854 20.00 61.56
7951 7906 0.00 49.06
7298 7279 6.14 90.94
10673 10678 0.00 4.67
9554 9606 0.00 101.28
8471 8621 0.00 134.23
6785 6806 0.00 62.83
8763 8759 0.00 26.79
7113 7111 1.67 101.83
9673 9617 3.00 78.03
6975 7008 3.00 141.49
6957 6939 3.00 37.77
9765 9774 3.00 37.82
9193 9204 3.00 88.69
8625 8610 10.00 11.82
7787 7806 0.00 59.54
8518 8482 1.00 51.33
9182 9271 0.00 73.88
7276 7302 0.00 71.43
9143 9185 10.00 58.89
9729 9682 0.00 44.32
7921 7858 0.00 62.20
8415 8310 0.00 130.30
10427 10572 0.00 109.12
8739 8763 3.00 111.17
10061 9979 7.27 82.07
8351 8314 5.33 76.55
9317 9306 7.20 120.25
8106 8192 4.83 121.69
7804 7782 3.00 46.23
8710 8712 26.50 9.75
8297 8235 6.75 98.23
9924 10004 0.00 75.25
9183 9281 8.67 107.63
8278 8298 0.00 27.92
10594 10609 10.00 19.73
9946 9927 3.00 93.14
9784 9777 0.00 49.63
8157 8177 0.00 33.43
9991 10000 7.25 90.21
7473 7507 3.00 48.00
9620 9555 9.80 101.36
8423 8318 3.00 117.17
7864 7980 0.00 101.14
7265 7266 0.00 47.60
9464 9485 5.86 43.11
8764 8692 3.00 83.73
10481 10610 7.22 99.39
8771 8764 10.50 9.02
7621 7649 0.00 49.81
9484 9477 0.00 86.81
9532 9520 3.00 48.22
7216 7234 0.00 24.62
7961 7977 3.00 35.78
8738 8767 0.00 24.54
9571 9543 7.07 70.27
10488 10479 0.00 68.95
7802 7791 3.00 121.05
9338 9240 2.00 102.14
11307 11284 0.00 16.86
7933 8049 5.14 99.32
8249 8276 0.00 118.29
8514 8558 6.28 136.49
8849 8903 3.00 63.65
8202 8296 15.20 98.09
6724 6661 0.00 110.19
9678 9638 3.00 40.10
10213 10232 10.80 100.68
9345 9318 0.00 19.08
9032 8978 5.14 124.14
7268 7228 0.00 85.00
9362 9260 0.00 88.24
8790 8825 0.00 38.94
9378 9399 0.00 11.64
9489 9503 4.63 137.77
7614 7655 30.00 84.48
10252 10193 10.16 59.77
7299 7381 0.00 89.99
7151 7157 3.00 106.09
11168 11118 0.00 138.03
9099 8970 7.33 129.69
9205 9216 0.00 50.50
9996 9909 0.00 79.69
9551 9645 3.00 109.27
8566 8579 9.13 124.20
8303 8345 2.71 48.95
8990 9061 1.00 94.43
8996 8883 7.77 128.92
6887 6856 11.50 68.92
8503 8582 0.00 82.59
7923 7971 0.00 36.57
10494 10583 5.40 61.47
8571 8567 3.00 87.20
8036 8022 0.00 117.06
7984 8064 0.00 80.41
7399 7359 3.00 60.05
9728 9698 0.00 45.82
8806 8845 7.80 44.00
10536 10461 0.00 145.72
7299 7236 0.00 84.92
9771 9938 11.50 126.90
7903 8044 3.00 124.76
9068 9143 10.00 83.09
7277 7300 3.00 66.84
9636 9664 8.67 82.71
8126 8043 0.00 99.11
7180 7118 2.00 113.56
8786 8761 10.00 60.82
7287 7293 1.00 131.45
8827 8889 0.00 66.64
7005 7009 0.00 115.46
8454 8414 2.50 52.78
8141 8263 3.00 124.42
8415 8467 0.00 65.75
9577 9652 11.86 116.29
9418 9423 3.00 45.52
10084 10077 0.00 59.73
7975 7835 0.00 147.22
9594 9713 10.75 115.51
8142 8172 0.00 54.16
8464 8399 2.00 67.33
9016 9081 3.00 92.40
8875 8783 3.00 123.91
7266 7275 0.00 15.60
9318 9307 0.00 51.18
8199 8146 3.00 68.15
7529 7583 0.00 100.87
11432 11480 0.00 128.85
11307 11344 0.00 45.13
9458 9532 3.00 56.24
9393 9422 0.00 23.89
9580 9676 6.17 93.94
8070 8171 0.00 126.26
7903 7910 0.00 35.97
7314 7279 0.00 59.08
8851 8781 3.00 99.76
8486 8586 8.75 121.21
9310 9262 0.00 49.93
7814 7792 0.00 91.58
7417 7337 3.00 98.35
7257 7262 0.00 64.61
7412 7476 3.00 66.11
7870 7835 7.40 47.05
7295 7357 5.50 64.37
8752 8829 0.00 99.15
7727 7593 0.00 146.20
8163 8190 0.00 64.84
7433 7354 0.00 124.97
8123 8131 0.00 13.78
8222 8207 0.00 67.48
10110 10165 3.00 50.11
6849 6898 0.00 144.32
8903 9021 6.91 135.14
7314 7374 0.00 58.85
8035 7957 3.00 119.98
9192 9248 5.50 53.09
9113 9104 6.50 100.16
8628 8637 0.00 115.31
10014 9980 0.00 56.67
8878 8801 16.50 133.50
8385 8325 2.00 138.31
9638 9547 6.67 130.22
8191 8226 3.00 80.49
10072 9953 7.00 111.17
8516 8572 4.67 56.02
9524 9408 8.67 80.51
9949 9935 3.00 10.61
9149 9172 20.00 33.63
8936 8885 0.00 63.15
8829 8752 0.00 99.15
7088 7094 0.00 114.90
10446 10421 0.00 133.00
9318 9271 0.00 51.84
7215 7181 0.00 62.97
7066 6942 11.50 142.92
7524 7500 0.00 31.68
8103 8084 0.00 39.58
7896 7917 0.00 23.05
7752 7791 3.00 113.24
9834 9965 3.00 95.66
8861 8899 0.00 111.50
10097 10019 11.50 59.98
8879 8811 11.50 83.29
7976 7900 3.00 65.35
7245 7263 0.00 35.98
9087 9108 8.08 26.49
8989 8967 0.00 32.01
7627 7557 1.00 80.11
7897 7983 10.50 140.01
10879 10948 0.00 117.99
8359 8407 0.00 84.33
7677 7638 13.25 46.51
8845 8897 24.33 59.89
9944 10060 5.69 108.04
8377 8446 1.00 128.99
10279 10256 15.62 119.82
8433 8524 0.00 82.40
7936 7801 0.00 128.65
9323 9242 50.00 77.58
7803 7748 0.00 53.54
7819 7922 7.80 101.07
8874 8928 0.00 50.31
8171 8070 0.00 126.26
9681 9593 3.00 85.11
10581 10500 19.00 75.64
8156 8158 0.00 59.92
7493 7534 0.00 83.29
9018 8997 2.00 62.46
7842 7828 0.00 16.21
8657 8716 0.00 46.44
8207 8186 0.00 69.82
7960 7984 7.80 129.46
7417 7349 0.00 84.71
9831 9808 5.37 63.00
8373 8395 0.00 65.82
7106 7116 0.00 16.68
9230 9174 0.00 65.10
10231 10322 6.50 115.86
8210 8323 0.00 112.71
7032 7036 0.00 96.90
9430 9295 13.00 122.56
9590 9432 6.45 135.18
7118 7049 3.00 109.04
9975 10116 11.50 124.95
8216 8269 0.00 63.67
8081 8083 1.00 14.89
7054 7008 20.00 141.90
9339 9284 0.00 50.02
9792 9771 0.00 60.45
9121 9057 20.00 60.70
8572 8575 0.00 17.07
7569 7623 0.00 81.60
7918 7939 0.00 85.31
8974 9093 0.00 106.13
8610 8561 7.86 52.41
8320 8277 0.00 61.74
7716 7685 0.00 41.76
9794 9803 0.00 13.46
9788 9787 0.00 8.40
8953 8973 8.33 51.69
8785 8804 0.00 46.83
8264 8214 3.00 58.17
8972 8896 0.00 93.46
10033 10160 10.29 109.14
9155 9170 3.14 64.79
9092 9065 0.00 57.76
10965 10847 0.00 63.15
8815 8861 0.00 46.71
8886 8779 6.92 146.34
10596 10605 0.00 20.09
7603 7658 0.00 103.70
7887 7870 11.50 20.66
8288 8338 5.50 63.92
9063 9024 4.55 60.60
8962 9047 6.50 133.96
8520 8594 8.67 61.70
6903 6911 3.00 10.89
10105 10126 0.00 135.47
9924 9824 50.00 75.20
9923 9977 0.00 54.14
9798 9838 3.00 36.98
7154 7107 6.50 78.21
8587 8657 0.00 103.12
10053 10020 4.75 121.10
6895 6837 3.00 90.77
9038 9005 7.92 92.04
9612 9604 7.57 108.30
8588 8631 4.93 105.94
7242 7210 0.00 36.09
8568 8632 0.00 77.25
8290 8336 3.00 88.38
8362 8360 0.00 87.84
9011 9016 4.17 36.58
7779 7759 0.00 51.12
9097 8955 11.00 136.41
7025 6911 14.33 127.26
8270 8314 0.00 76.53
8565 8570 3.00 4.91
10905 11133 2.33 147.58
7651 7774 0.00 119.94
7227 7214 0.00 80.58
9568 9496 0.00 94.69
7289 7358 0.00 90.05
10343 10478 5.20 128.24
11452 11595 0.00 124.56
10212 10230 12.44 149.74
10283 10400 5.82 108.06
7195 7170 0.00 48.91
9415 9398 3.00 89.20
9105 9024 3.00 94.49
8606 8588 7.25 103.37
9713 9594 10.75 115.51
7848 7794 0.00 55.02
8682 8591 0.00 92.51
6802 6834 3.00 126.97
9953 9902 27.90 40.06
10084 10106 0.00 101.62
8302 8238 16.00 102.16
9560 9512 1.00 52.38
10352 10226 6.50 119.43
9669 9644 1.00 25.23
8207 8222 0.00 67.48
6860 6867 0.00 16.23
10090 10185 0.00 87.60
9827 9794 0.00 58.44
8345 8303 2.71 48.95
9300 9201 0.00 102.44
8560 8663 20.00 91.80
10233 10242 6.50 12.44
7704 7753 0.00 49.74
7289 7315 0.00 79.13
8348 8356 0.00 103.74
9468 9555 6.08 101.36
9428 9604 2.67 137.39
10066 10008 4.33 50.83
9427 9412 6.52 97.55
8959 9081 3.00 111.74
10048 10041 0.00 45.04
7165 7191 0.00 138.11
8660 8675 8.21 14.02
9479 9478 3.00 18.02
9792 9698 3.00 112.44
7984 7960 7.80 129.46
7910 7816 2.00 91.56
9521 9666 0.00 144.81
9659 9743 1.00 79.00
7585 7641 11.17 59.58
10248 10136 4.00 111.31
9106 9055 2.50 63.15
7865 7840 0.00 26.89
9371 9393 3.00 17.88
8146 8243 7.92 132.15
8213 8198 0.00 36.82
8092 8117 3.00 15.75
8861 8825 0.00 119.01
9346 9342 0.00 8.03
7403 7536 3.00 133.36
7937 7974 0.00 28.65
10009 10124 0.00 97.64
8565 8468 5.14 109.08
8728 8609 6.17 101.08
8529 8505 7.86 28.77
7651 7711 0.00 97.40
9575 9430 3.14 123.95
8028 8097 0.00 110.85
9025 9026 0.00 18.79
8962 8900 0.00 135.43
8153 8160 0.00 61.14
8602 8575 19.20 44.93
7955 7942 0.00 32.43
9484 9343 0.00 141.41
9276 9269 8.67 18.80
7972 7986 0.00 138.53
7181 7215 0.00 62.97
7017 7027 0.00 25.07
9532 9458 3.00 56.24
10309 10408 0.00 102.96
7759 7779 0.00 51.12
7578 7618 0.00 46.10
7252 7267 3.00 32.92
8353 8415 6.40 118.14
9578 9576 0.00 15.50
8357 8391 8.19 44.40
8943 8999 0.00 65.66
11203 11214 0.00 46.90
8765 8817 3.00 71.86
11019 10948 0.00 118.53
8618 8735 0.00 99.66
8223 8271 0.00 58.73
10546 10636 12.73 97.51
9200 9150 3.00 65.21
8028 7951 0.00 70.62
9798 9697 6.43 134.85
8439 8427 2.33 115.64
9803 9794 0.00 13.46
10477 10486 4.83 44.29
8589 8577 3.00 85.99
6939 6957 3.00 37.77
9632 9734 0.00 103.80
9389 9347 5.59 25.17
9185 9143 10.00 58.89
8984 9024 3.00 58.84
7312 7278 0.00 65.10
8172 8205 3.00 56.90
8825 8790 0.00 38.94
8937 8870 3.00 95.34
9030 8992 20.00 62.68
7983 8029 3.00 80.21
8104 8105 0.00 2.87
8667 8732 4.93 57.31
8029 7983 3.00 80.21
9566 9364 8.43 146.61
8657 8607 0.00 54.62
7211 7231 3.00 26.95
9927 9991 5.83 55.96
8606 8694 8.67 90.45
7291 7261 1.00 58.46
8111 7943 3.36 145.75
8365 8316 0.00 90.86
9310 9293 9.60 57.56
8465 8602 10.17 131.93
8046 8035 0.00 17.58
7463 7557 1.00 98.04
10132 10174 3.00 34.80
8399 8336 8.67 128.06
9617 9544 3.00 75.03
7631 7562 0.00 85.92
7354 7433 0.00 124.97
8866 8812 0.00 64.14
7211 7181 3.00 48.29
8942 8971 0.00 30.49
10202 10078 0.00 103.34
8288 8234 0.00 65.92
8631 8718 0.00 74.38
9532 9656 20.00 121.21
9014 8882 19.00 136.60
8854 8804 20.00 61.56
7285 7226 20.00 101.40
8355 8302 5.33 102.13
9409 9492 0.00 85.44
7840 7865 0.00 26.89
8406 8361 10.50 59.02
10347 10246 3.00 116.53
8809 8927 2.75 143.30
7993 7999 0.00 23.71
8247 8195 7.57 101.38
9903 9889 0.00 37.26
7625 7636 0.00 77.86
9678 9637 3.00 70.61
10195 10220 0.00 69.92
8224 8311 0.00 88.33
7745 7644 0.00 104.16
10629 10605 0.00 54.15
7017 7013 0.00 25.40
9324 9360 13.67 26.21
6957 7058 1.00 126.25
10486 10485 3.00 19.13
8748 8734 0.00 8.76
9697 9602 11.36 134.91
9262 9123 0.00 128.88
9907 9953 20.00 41.45
7078 7107 3.10 59.80
9759 9787 0.00 21.43
8011 8161 4.40 140.87
8167 8284 6.75 109.22
8077 8132 11.50 77.99
8956 8968 6.78 107.23
9455 9390 3.00 51.87
8531 8616 0.00 65.95
10349 10356 3.00 10.14
8980 9029 0.00 48.04
11284 11307 0.00 16.86
11496 11480 0.00 104.20
7065 7106 3.64 43.52
7992 7998 0.00 60.15
9200 9289 12.80 119.51
9954 10051 11.50 104.29
8788 8805 10.00 33.76
8443 8450 0.00 18.05
8567 8432 11.50 146.32
9365 9368 3.00 39.24
7893 7841 3.00 129.32
8303 8263 6.50 74.98
10505 10513 3.00 10.11
10443 10365 4.25 63.81
9070 9009 2.88 75.80
8968 8987 2.33 107.25
8918 9074 3.18 145.57
7100 7106 0.00 47.99
9482 9506 0.00 13.34
9700 9575 5.98 124.76
6976 6894 0.00 107.14
8488 8467 0.00 31.51
9115 9198 4.94 78.56
7984 7995 11.50 127.59
10011 10041 0.00 24.80
10678 10699 0.00 13.05
8147 8199 0.00 55.50
9208 9291 4.67 74.28
8703 8605 8.42 104.86
7476 7531 8.67 60.04
8433 8437 0.00 24.82
7023 7069 2.60 76.54
8709 8852 5.33 135.05
9319 9280 0.00 86.13
9076 9160 0.00 118.90
9127 8975 2.33 141.88
9536 9540 0.00 45.87
9415 9429 3.00 71.85
7242 7241 0.00 46.87
9232 9193 2.33 55.44
7641 7610 0.00 93.55
10278 10251 7.25 42.12
9601 9593 0.00 64.59
7684 7615 0.00 114.65
8239 8219 0.00 59.18
9104 9094 12.50 100.16
9875 9846 0.00 28.31
11187 11203 0.00 62.61
9001 9032 0.00 47.52
9028 9078 6.72 113.78
8411 8313 0.00 108.28
10315 10238 6.50 111.35
9692 9576 8.67 114.88
10473 10507 0.00 58.30
9648 9646 3.00 21.10
8705 8640 6.81 115.10
9547 9638 6.67 130.22
9159 9111 6.11 61.79
8508 8531 10.00 91.07
8453 8416 3.00 47.16
7268 7264 0.00 29.59
9287 9155 4.25 133.55
9537 9370 0.00 119.16
8976 9101 3.00 146.54
7416 7437 0.00 22.56
10322 10231 6.50 115.86
8832 8778 0.00 60.55
10480 10581 20.00 122.64
9033 8982 0.00 62.49
8218 8161 0.00 120.62
9666 9521 0.00 144.81
9951 9903 0.00 123.40
7191 7165 0.00 138.11
6800 6845 4.86 107.71
10078 10202 0.00 103.34
8416 8347 5.43 107.31
10519 10636 14.64 94.97
9594 9560 4.67 109.36
8036 8043 0.00 94.84
7235 7279 0.00 58.05
10139 10195 0.00 49.47
8715 8706 20.00 100.32
7935 7884 5.50 51.20
9615 9612 3.00 44.27
9148 9083 0.00 94.88
7102 7100 5.50 99.25
8234 8300 7.67 101.60
9179 9241 11.50 64.59
7955 7959 3.00 6.96
8376 8336 0.00 61.45
7180 7233 7.10 89.78
8813 8786 11.78 107.51
7116 7106 0.00 16.68
9042 9061 0.00 35.47
9015 8988 0.00 87.67
9275 9296 0.00 87.95
9466 9485 0.00 20.07
9289 9387 8.67 119.51
7502 7599 1.00 111.48
7849 7869 0.00 19.74
9316 9343 0.00 25.83
7239 7251 3.00 135.78
9191 9308 1.00 115.77
9408 9412 7.35 9.79
7900 7863 0.00 66.18
10937 10965 0.00 83.89
9277 9283 0.00 22.43
9891 9846 5.13 60.44
9702 9600 0.00 113.20
9262 9310 0.00 49.93
8598 8594 0.00 140.26
8276 8249 0.00 118.29
8737 8819 5.50 78.04
9864 9834 14.33 63.63
7371 7367 9.00 71.83
10957 10784 0.00 111.25
8864 8939 8.67 70.49
9500 9488 0.00 9.58
8819 8775 5.33 76.94
7811 7791 2.00 89.01
9097 9171 5.93 102.44
10173 10161 9.20 60.21
8539 8580 0.00 42.71
10232 10260 20.00 100.79
10041 10048 0.00 45.04
9495 9586 0.00 85.58
9387 9449 10.00 57.71
7206 7212 0.00 22.81
8119 8265 14.73 141.82
9364 9362 0.00 30.48
9513 9633 11.67 124.22
9121 9176 0.00 62.48
6856 6843 0.00 28.74
8882 9014 19.00 136.60
8971 9014 0.00 57.83
7196 7190 0.00 7.90
9193 9113 2.20 71.28
8411 8487 0.00 76.93
7708 7716 4.75 87.08
8528 8589 3.00 43.24
9803 9964 3.06 135.10
8356 8286 0.00 113.14
8461 8402 6.40 103.84
7552 7521 3.00 29.52
7363 7375 3.00 21.55
9679 9689 1.67 12.37
9827 9743 2.33 79.22
8125 8194 0.00 75.77
8050 8167 13.00 104.95
7375 7424 0.00 48.42
7944 7938 0.00 53.02
9663 9772 18.14 144.44
10255 10363 2.00 96.77
7827 7849 0.00 26.95
7938 7987 0.00 38.10
9094 9104 12.50 100.16
9377 9445 0.00 50.38
8293 8276 0.00 17.23
8679 8721 4.75 44.28
9122 9185 0.00 74.35
9970 9973 5.50 41.40
8991 8947 0.00 112.33
9273 9166 0.00 109.76
8820 8828 3.00 55.43
7471 7468 10.00 97.53
9103 9135 3.00 95.24
10605 10596 0.00 20.09
8595 8633 0.00 130.24
8164 8004 0.00 148.38
9461 9507 0.00 28.15
10161 10097 1.00 59.70
8575 8602 19.20 44.93
9099 9155 5.50 59.19
6898 6989 0.00 123.05
7214 7269 6.75 107.00
10264 10143 0.00 104.30
7175 7236 0.00 84.17
10151 10209 10.00 62.51
7191 7129 0.00 126.87
10209 10146 0.00 69.18
7896 7876 0.00 84.77
9507 9631 3.00 145.51
8881 8782 4.38 108.38
8172 8136 0.00 96.40
9807 9845 0.00 30.07
9179 9070 4.00 122.34
8345 8326 3.63 61.91
8766 8804 10.00 58.08
8163 8068 5.83 87.09
8132 8162 8.14 63.54
9007 8924 2.88 88.66
8696 8684 0.00 25.88
8461 8467 0.00 14.77
9534 9511 0.00 21.83
7913 7899 0.00 77.76
7302 7321 0.00 50.89
7663 7742 0.00 81.93
7477 7437 3.00 57.70
9784 9791 0.00 58.18
7872 7727 0.00 147.37
7568 7508 0.00 123.83
8903 8849 3.00 63.65
7278 7312 0.00 65.10
8536 8529 0.00 5.98
7802 7856 3.00 85.12
7449 7391 0.00 58.82
7824 7863 0.00 84.76
8612 8513 0.00 83.25
7379 7438 2.00 104.41
8353 8297 0.00 98.23
8687 8629 5.76 111.19
7557 7463 1.00 98.04
10597 10773 2.33 125.82
8877 8947 0.00 115.23
7157 7162 20.00 106.09
7405 7368 10.00 47.83
8817 8884 7.50 95.99
9190 9072 5.18 115.70
10792 10736 0.00 113.59
7392 7416 0.00 30.75
7710 7581 0.00 130.14
7952 7889 0.00 63.10
11307 11359 0.00 35.42
8083 8081 1.00 14.89
9280 9198 0.00 89.57
10400 10572 0.00 138.97
9173 9213 3.92 40.06
8094 8123 1.67 91.89
8958 8886 4.75 81.31
8006 8011 20.00 58.75
9477 9484 0.00 86.81
8427 8439 2.33 115.64
9047 9143 3.00 119.10
7298 7359 0.00 61.35
10482 10624 0.00 110.66
9460 9548 0.00 70.03
9015 9073 0.00 58.50
7610 7641 0.00 93.55
7904 7957 3.00 132.79
7830 7850 0.00 23.13
8462 8334 0.00 139.49
9127 9211 3.00 79.47
11346 11280 0.00 63.25
8961 8973 3.00 18.64
6960 6864 2.00 114.91
7220 7232 10.50 22.23
10193 10252 10.16 59.77
8732 8670 10.00 59.97
7337 7232 6.83 138.74
10173 10176 5.83 17.11
10572 10427 0.00 109.12
9638 9678 3.00 40.10
7791 7752 3.00 113.24
8410 8340 0.00 100.39
8554 8423 10.22 117.19
8839 8956 1.93 107.92
10854 10805 0.00 112.20
9668 9592 7.57 100.64
7154 7198 10.00 65.41
9674 9714 8.67 116.10
8020 7882 10.00 119.48
7660 7622 8.67 44.31
11480 11432 0.00 128.85
8694 8606 8.67 90.45
10686 10629 0.00 41.76
8435 8495 6.33 138.86
8143 8191 10.29 80.51
8999 9013 11.50 20.25
8071 8160 3.00 79.28
9399 9378 0.00 11.64
8123 8094 1.67 91.89
9416 9286 6.39 101.71
8402 8353 0.00 66.10
9005 8981 11.50 26.90
8194 8125 0.00 75.77
6968 7001 20.00 37.54
7616 7713 0.00 103.60
8777 8724 1.00 39.69
7599 7502 1.00 111.48
9979 9777 6.37 149.95
9954 9827 10.78 104.20
10784 10624 0.00 111.13
6806 6837 0.00 58.11
7906 7951 0.00 49.06
10242 10315 20.00 77.73
8996 9113 8.92 108.94
7853 7747 0.00 105.61
9082 9039 0.00 95.37
11284 11231 0.00 56.35
10524 10455 8.00 65.87
8982 8910 4.40 96.96
7198 7183 0.00 26.99
8133 8183 10.00 93.01
8010 8097 3.00 97.70
7840 7794 0.00 56.80
10102 10053 3.00 35.83
8890 8871 5.06 76.26
9140 9121 3.00 111.59
8045 8053 2.00 77.26
10193 10221 0.00 39.67
9186 9184 1.67 77.56
8873 8799 11.50 90.49
7959 7975 0.00 28.26
9585 9503 0.00 72.48
7536 7544 8.67 70.20
8276 8292 0.00 16.73
7416 7358 3.00 89.47
7252 7305 3.00 104.01
9028 8932 6.93 104.07
8536 8542 0.00 11.08
8126 8101 3.00 85.14
6930 7049 0.00 134.09
6937 6921 0.00 28.63
8387 8380 5.98 62.95
8139 8210 8.67 60.52
8962 8905 3.00 62.04
8576 8640 4.38 115.76
6790 6759 0.00 86.54
8887 8861 0.00 25.41
9979 9973 6.56 17.19
9513 9456 20.00 116.34
10343 10375 3.00 60.83
9399 9394 0.00 20.32
8732 8667 4.93 57.31
10482 10488 0.00 34.75
8408 8485 0.00 80.80
9619 9582 0.00 39.04
8826 8872 0.00 77.88
9792 9959 3.00 130.13
10126 10105 0.00 135.47
7542 7622 0.00 94.82
7500 7534 0.00 53.31
9549 9523 0.00 30.00
6916 6887 0.00 63.42
10023 9968 11.00 130.56
7944 7865 0.00 74.56
9767 9661 0.00 81.71
9267 9368 3.00 88.81
7803 7792 0.00 91.50
7416 7392 0.00 30.75
9755 9909 5.00 122.71
7287 7347 6.50 73.46
9016 9011 4.17 36.58
8168 8184 3.00 58.76
9034 9054 20.00 61.37
11330 11473 0.00 111.55
9251 9200 0.00 58.27
8487 8586 7.56 76.91
9477 9588 0.00 136.48
8447 8452 0.00 97.20
9619 9665 0.00 64.70
7993 7988 0.00 19.89
7377 7307 3.00 76.76
9048 8932 8.50 135.75
9297 9196 0.00 104.93
9604 9612 7.57 108.30
7236 7299 0.00 84.92
10255 10117 5.13 139.46
10624 10784 0.00 111.13
9543 9456 5.33 72.24
9973 9784 6.67 140.96
9018 9023 0.00 22.64
9013 8999 11.50 20.25
8207 8211 0.00 13.50
9352 9350 0.00 2.26
10541 10726 5.00 148.13
9251 9292 0.00 57.06
8896 8972 0.00 93.46
9713 9560 4.86 146.26
7922 7910 0.00 36.09
9369 9356 3.00 5.07
10894 11120 7.83 148.85
9407 9328 2.67 61.24
9283 9277 0.00 22.43
7261 7234 0.00 32.79
8478 8528 0.00 40.66
7519 7484 0.00 111.41
7138 7118 5.13 94.31
9838 9897 3.00 92.07
9163 9209 0.00 36.69
7032 6995 0.00 76.81
9176 9187 1.00 42.19
10781 10636 2.33 105.24
6788 6802 8.50 125.49
8346 8368 6.00 32.93
8798 8786 0.00 19.11
9823 9805 0.00 48.84
9846 9747 5.29 105.73
9368 9365 3.00 39.24
9791 9969 9.23 131.93
10433 10440 0.00 4.68
7212 7234 0.00 81.45
9935 9949 3.00 10.61
8921 8897 4.40 33.46
10212 10188 4.78 149.78
10532 10461 0.00 145.51
9438 9458 0.00 47.24
9879 9889 0.00 18.41
11229 11043 0.00 112.15
9042 8990 11.50 108.23
7820 7904 20.83 135.09
8773 8872 7.25 119.34
9127 9117 6.73 68.26
7977 7994 0.00 37.76
8580 8664 0.00 86.07
7065 6991 0.00 97.90
9061 8990 1.00 94.43
9022 8961 7.57 54.18
8286 8356 0.00 113.14
6989 7031 0.00 64.36
7303 7319 4.00 64.13
9786 9763 0.00 21.25
6825 6757 10.75 121.53
9153 9161 0.00 8.56
7170 7149 3.00 33.57
7369 7315 0.00 60.70
10405 10433 0.00 22.24
10223 10309 0.00 79.52
8872 8826 0.00 77.88
8822 8760 8.67 97.41
7720 7650 2.83 71.43
8924 8832 5.14 90.48
8502 8452 13.20 99.21
8541 8696 1.67 130.89
7839 7897 0.00 58.65
10666 10605 0.00 49.14
8942 8940 3.00 17.38
9247 9298 0.00 54.09
6933 6968 2.00 27.57
8514 8388 6.31 117.84
9164 9146 0.00 98.32
8722 8743 3.00 107.06
8203 8201 10.29 119.27
8805 8821 3.00 12.88
9015 8929 2.53 107.58
9010 9011 3.00 27.40
8464 8429 3.00 55.92
9204 9253 5.40 43.26
6916 6967 7.45 80.48
7607 7638 10.75 44.65
9356 9199 2.60 142.21
9203 9079 12.50 110.29
7298 7276 0.00 36.96
8379 8306 3.00 101.25
6843 6856 0.00 28.74
9386 9257 5.43 120.27
11452 11278 0.00 125.40
8709 8796 7.30 92.47
8577 8491 3.00 69.78
8876 8864 15.88 96.61
7801 7738 0.00 66.91
8600 8592 4.05 38.11
8784 8878 5.33 102.45
7379 7389 0.00 30.65
7751 7719 0.00 27.58
9808 9764 7.84 103.38
7836 7970 8.00 137.58
9392 9312 20.00 108.08
10359 10460 2.00 114.42
10231 10156 3.00 84.50
7237 7253 0.00 52.15
7257 7307 0.00 76.76
8034 8023 0.00 27.10
8495 8514 5.83 40.74
8133 8175 11.00 51.94
8554 8619 5.50 54.09
7958 7949 10.00 6.61
8779 8793 0.00 55.14
9208 9217 4.00 102.51
6834 6843 3.00 22.54
9338 9473 4.57 103.05
9317 9406 0.00 58.86
7531 7527 9.80 103.46
8220 8173 0.00 56.70
8016 8020 0.00 23.43
10869 10847 0.00 97.92
8355 8308 3.00 61.95
6856 6933 6.00 100.19
9371 9319 0.00 34.32
8997 9084 4.52 84.96
7415 7428 0.00 90.77
7234 7216 0.00 24.62
8710 8840 8.50 139.37
11344 11432 0.00 128.38
7826 7896 0.00 66.03
8970 8834 4.25 146.37
10597 10635 3.00 122.21
7029 7001 8.67 76.30
8947 8991 0.00 112.33
8701 8666 3.00 26.79
8884 8826 3.00 79.91
10187 10107 0.00 76.14
8663 8560 20.00 91.80
9002 8992 8.12 70.93
7975 7959 0.00 28.26
8224 8144 0.00 87.35
10346 10446 0.00 139.18
9644 9566 4.67 82.20
8952 8988 0.00 87.60
7942 7935 3.00 22.01
9164 9206 0.00 36.02
9908 9944 4.63 68.35
7181 7138 3.00 74.74
9858 9829 0.00 25.26
7602 7580 0.00 105.98
9433 9369 21.33 45.02
7429 7374 3.00 61.60
9180 9181 0.00 18.45
9583 9493 5.71 77.13
9923 10011 0.00 84.41
8247 8308 3.00 101.54
8239 8291 0.00 107.61
9970 10086 0.00 104.58
10036 10107 11.50 56.99
9189 9182 7.80 31.77
9838 9859 1.67 23.06
9415 9499 7.67 71.83
8943 8921 10.50 25.74
9868 9793 7.80 58.94
10478 10610 6.70 94.03
10185 10090 0.00 87.60
7170 7195 0.00 48.91
7469 7449 0.00 131.08
9410 9313 0.00 79.36
9079 9094 2.33 100.17
8299 8309 0.00 9.74
9433 9435 2.71 142.07
11595 11596 0.00 64.76
10100 10153 3.00 120.60
7745 7724 0.00 51.14
8801 8771 5.33 56.93
7407 7402 10.00 76.89
10985 10956 0.00 26.14
10386 10356 0.00 41.79
10400 10519 1.00 94.97
7517 7561 0.00 44.85
8759 8763 0.00 26.79
7767 7796 0.00 64.62
9094 9079 2.33 100.17
7204 7209 4.83 145.33
7769 7782 0.00 36.70
7203 7265 20.00 77.78
7080 7065 0.00 57.36
9142 9091 6.15 46.64
7225 7279 3.00 107.75
9604 9733 6.00 121.82
7658 7725 0.00 103.75
8948 8989 0.00 31.78
8413 8445 3.00 133.23
7644 7745 0.00 104.16
9778 9894 0.00 102.33
9747 9740 3.00 10.92
8749 8759 3.00 85.60
9717 9728 3.00 22.14
8376 8429 4.17 97.24
8896 8821 4.67 73.34
10572 10400 0.00 138.97
9198 9247 3.42 117.86
6877 6994 0.00 127.48
7751 7828 50.00 90.29
8504 8540 3.00 32.13
8935 9091 14.70 135.29
10351 10346 0.00 14.00
10100 10033 3.75 120.73
8323 8254 7.25 125.92
8901 8886 3.00 64.12
8710 8696 6.00 39.91
8443 8437 0.00 7.93
7933 7923 11.50 49.98
9025 9023 0.00 11.71
10948 10879 0.00 117.99
7762 7789 0.00 95.44
9199 9242 14.33 132.35
11426 11359 0.00 104.80
7904 7820 20.83 135.09
10039 10035 0.00 7.37
8791 8682 11.50 91.20
7241 7346 0.00 130.11
7408 7389 0.00 44.61
9903 9984 3.00 66.73
6837 6895 3.00 90.77
9793 9654 3.00 112.36
10408 10309 0.00 102.96
7484 7502 11.50 79.78
11359 11307 0.00 35.42
8858 8743 0.00 110.39
8334 8462 0.00 139.49
8416 8363 3.00 69.74
9904 9868 8.50 22.80
7125 7162 4.40 57.84
7391 7398 0.00 88.45
8722 8844 3.00 110.18
10494 10558 7.33 87.38
10352 10464 6.40 117.24
8201 8090 13.42 84.32
7451 7410 0.00 39.59
9805 9787 3.00 18.33
9145 9039 4.89 106.48
9590 9473 5.82 100.26
9299 9325 6.25 111.04
9980 9885 0.00 98.52
6844 6788 3.00 96.73
8336 8376 0.00 61.45
8592 8666 12.60 69.27
7534 7500 0.00 53.31
7688 7736 0.00 49.35
9866 9748 2.00 103.18
9102 9118 0.00 48.73
6858 6841 0.00 110.09
8890 8881 0.00 9.45
7507 7473 3.00 48.00
8045 7971 18.00 65.19
10040 10051 14.25 72.02
9253 9204 5.40 43.26
9845 9877 11.00 100.14
8770 8765 0.00 100.54
8876 8888 3.00 96.61
9576 9490 8.00 82.48
9341 9376 0.00 75.99
7485 7543 0.00 64.40
6942 6967 9.07 66.66
7193 7187 0.00 56.11
7900 7976 3.00 65.35
9147 9240 3.00 102.50
8271 8223 0.00 58.73
9002 9010 3.00 82.74
9328 9407 2.67 61.24
9831 9862 6.27 57.48
9249 9234 2.33 80.61
7115 7173 14.54 105.67
10246 10347 3.00 116.53
7291 7245 0.00 98.33
8427 8429 5.43 111.47
11596 11586 0.00 63.98
7383 7494 7.00 126.49
6933 6856 6.00 100.19
8129 8215 3.00 92.87
9414 9418 3.00 65.25
10869 10956 0.00 47.06
7182 7135 5.06 82.87
8798 8847 0.00 114.30
10309 10223 0.00 79.52
11180 11214 0.00 22.19
9267 9264 0.00 46.61
8728 8835 20.25 101.19
8946 9008 0.00 50.58
8190 8117 8.67 68.31
8236 8150 0.00 85.08
9315 9350 0.00 29.72
9636 9613 1.00 82.28
8220 8116 0.00 112.58
9787 9759 0.00 21.43
8763 8772 3.00 101.59
9456 9336 3.00 92.90
8420 8513 0.00 83.26
8901 8793 8.47 135.37
8161 8168 0.00 55.70
8156 8154 0.00 62.44
8850 8808 3.00 40.73
8583 8618 0.00 84.66
8186 8207 0.00 69.82
8042 7977 0.00 57.17
9877 9845 11.00 100.14
8769 8758 10.00 93.84
8040 8024 0.00 18.52
9169 9182 4.71 110.51
10012 9945 8.00 101.96
8417 8527 2.50 136.90
10641 10583 11.00 85.55
9085 9195 0.00 111.18
9468 9403 0.00 58.16
6847 6894 0.00 88.41
9243 9212 4.67 137.46
9637 9574 7.40 63.56
6860 6852 0.00 49.25
7983 8046 0.00 63.85
9964 9803 3.06 135.10
8172 8142 0.00 54.16
8279 8201 16.91 101.26
9401 9406 8.00 81.34
9694 9653 0.00 42.05
8883 8996 7.77 128.92
7779 7845 0.00 69.06
8281 8204 3.00 76.44
8101 8076 3.00 61.42
6973 6947 3.00 139.17
9170 9155 3.14 64.79
8974 8858 3.00 110.37
8677 8506 10.22 148.61
7889 7952 0.00 63.10
9606 9664 0.00 102.96
9904 9884 1.00 23.08
10375 10298 7.25 77.10
9633 9513 11.67 124.22
10612 10698 4.25 74.85
10830 10876 0.00 110.97
9118 9050 0.00 62.55
9927 9849 5.43 59.93
10349 10226 0.00 135.88
7872 7899 0.00 69.60
7625 7656 0.00 30.57
8092 7959 26.50 133.44
6712 6762 0.00 148.09
9945 9944 0.00 5.34
8053 8045 2.00 77.26
9507 9514 2.00 23.27
7287 7239 4.67 57.99
9984 10079 10.19 143.28
8653 8617 0.00 86.12
9980 10014 0.00 56.67
8987 8968 2.33 107.25
9611 9427 12.22 147.76
7728 7669 0.00 90.62
11056 10948 0.00 62.72
8417 8378 3.00 133.12
8298 8278 0.00 27.92
7948 8115 11.50 148.02
9367 9266 0.00 101.09
8853 8882 11.50 51.94
6829 6843 1.80 125.53
9505 9490 4.25 143.88
8910 8845 11.00 88.80
7056 7061 0.00 115.16
9862 9758 2.94 92.78
8011 8016 3.00 61.86
10488 10438 0.00 124.73
7302 7276 0.00 71.43
8021 7980 0.00 57.75
10161 10148 9.45 77.02
9977 10011 0.00 57.89
10238 10315 6.50 111.35
9906 9908 0.00 4.63
7545 7552 2.50 108.34
8871 8869 0.00 10.09
7516 7523 0.00 23.76
8750 8695 0.00 42.84
10459 10295 4.35 145.75
6710 6672 0.00 85.07
8637 8749 3.00 85.15
9417 9331 6.90 61.77
8513 8612 0.00 83.25
8374 8413 50.00 62.40
9460 9381 0.00 87.10
10495 10504 0.00 7.58
9293 9278 11.89 49.81
9255 9242 9.56 74.81
9549 9582 0.00 38.68
9590 9629 6.22 40.97
7267 7271 0.00 5.45
7902 7939 0.00 36.84
7987 7985 0.00 50.67
9904 9928 10.55 21.72
8361 8412 6.50 88.89
8198 8131 0.00 70.03
7133 7114 2.00 60.25
7599 7698 3.00 120.97
9909 9996 0.00 79.69
8753 8704 2.20 38.39
9774 9806 5.43 113.07
9484 9497 0.00 78.98
7314 7359 0.00 89.43
9585 9661 3.00 81.84
8161 8159 0.00 62.96
9206 9243 0.00 34.93
7621 7576 0.00 78.22
8681 8733 6.40 128.82
8609 8556 5.50 54.19
10760 10609 6.89 134.74
8558 8546 1.00 45.19
10797 10934 0.00 84.99
7324 7419 8.67 92.03
7922 7935 10.50 39.08
9649 9630 7.43 36.14
10116 10253 11.36 124.99
9478 9476 0.00 19.66
8883 8879 6.39 15.89
8392 8399 0.00 9.46
10581 10596 1.00 21.39
8306 8213 0.00 100.88
6842 6881 0.00 145.29
10609 10594 10.00 19.73
9824 9752 9.81 112.41
8219 8178 0.00 46.28
9201 9300 0.00 102.44
7204 7196 3.00 145.34
9251 9235 8.67 19.42
7827 7850 0.00 82.49
9918 9823 7.40 76.72
9135 9138 6.50 7.51
7950 8006 0.00 50.08
8790 8718 7.25 57.36
6990 6880 5.77 125.63
9483 9463 0.00 14.76
7575 7577 0.00 49.58
7029 7065 0.00 71.93
6875 6894 0.00 29.58
7279 7225 3.00 107.75
8453 8504 2.00 51.32
8319 8347 2.50 38.96
8880 8863 11.50 44.75
9553 9565 0.00 24.60
8428 8410 0.00 81.06
8668 8623 3.00 125.97
6845 6852 3.00 14.06
8191 8143 10.29 80.51
8276 8293 0.00 17.23
10363 10477 3.00 95.24
10096 10158 0.00 76.69
9150 9200 3.00 65.21
10957 11137 20.00 98.67
10238 10253 0.00 17.01
7861 7981 5.67 134.21
7414 7485 0.00 116.47
9255 9285 4.63 111.78
7623 7569 0.00 81.60
9237 9281 14.33 48.25
7069 7097 0.00 46.10
9520 9438 0.00 56.07
8601 8602 10.10 85.44
7100 7142 0.00 77.15
9566 9537 8.00 65.23
10032 10090 0.00 47.97
8070 7982 0.00 125.65
8235 8183 8.00 66.07
8083 8209 3.00 126.83
6921 6898 0.00 28.07
6987 6968 0.00 29.66
7476 7412 3.00 66.11
9942 9831 2.00 75.72
9502 9533 0.00 30.72
8711 8708 0.00 13.55
9692 9823 13.33 115.04
8734 8748 0.00 8.76
8579 8540 11.00 34.17
7677 7722 6.00 48.78
8104 8103 0.00 28.91
7344 7285 1.00 101.30
8206 8214 4.25 17.82
9511 9471 0.00 38.48
9771 9745 3.00 80.94
8491 8577 3.00 69.78
9274 9303 8.67 76.86
8714 8722 3.00 112.87
9560 9713 4.86 146.26
10095 10010 0.00 63.08
9386 9488 7.20 73.38
8908 8981 7.83 70.09
10454 10450 0.00 5.65
9849 9845 20.00 12.96
7570 7563 0.00 32.79
9871 9955 0.00 85.90
9506 9531 0.00 23.30
9141 9092 0.00 50.18
8781 8809 3.33 58.51
7057 7114 0.00 76.01
10610 10478 6.70 94.03
9210 9058 0.00 137.19
10440 10419 10.00 18.30
9196 9297 0.00 104.93
9829 9782 20.00 60.08
8103 8104 0.00 28.91
9073 9015 0.00 58.50
11305 11359 0.00 101.18
9358 9276 3.00 122.32
7811 7838 3.00 89.51
8622 8543 0.00 69.93
7934 7938 0.00 41.77
9417 9438 6.50 62.49
8548 8593 5.14 76.06
9295 9430 13.00 122.56
9423 9355 3.00 42.12
7921 7934 0.00 9.83
7889 7950 0.00 72.59
8689 8738 10.22 47.53
9175 9065 0.00 111.57
9804 9817 5.08 65.17
9234 9209 3.00 26.19
6790 6845 13.67 89.67
8866 8823 5.88 76.81
7212 7206 0.00 22.81
8021 8124 0.00 108.05
7460 7417 4.60 63.43
9411 9474 0.00 42.58
7092 7027 8.67 132.67
9523 9549 0.00 30.00
9002 9089 6.78 80.51
9234 9276 0.00 35.94
9247 9169 2.71 92.59
7294 7291 4.25 85.08
9187 9245 1.00 66.73
7349 7273 0.00 105.25
9984 10020 0.00 121.34
10064 10048 0.00 55.68
7897 7957 6.50 63.84
8977 8901 10.00 84.22
6947 6975 3.00 139.67
9779 9850 7.57 130.43
8927 8851 4.57 73.08
8173 8220 0.00 56.70
8505 8542 3.00 31.35
9750 9738 10.50 29.23
9067 9069 0.00 50.64
8582 8673 18.86 83.58
8076 8036 0.00 42.02
8764 8771 10.50 9.02
8881 8902 7.25 65.57
8577 8571 0.00 87.24
7319 7368 0.00 39.72
9264 9267 0.00 46.61
8819 8908 3.00 85.15
7378 7435 0.00 74.39
7494 7383 7.00 126.49
11180 10985 0.00 116.70
7505 7546 0.00 59.67
8790 8815 0.00 129.48
7363 7367 0.00 42.86
10141 10012 6.31 106.18
8847 8899 0.00 52.48
8519 8398 10.00 112.57
7948 7917 0.00 27.11
9885 9980 0.00 98.52
8792 8729 9.00 63.28
9658 9583 11.31 77.19
7669 7728 0.00 90.62
11130 11039 0.00 51.36
7959 8092 26.50 133.44
8346 8331 0.00 19.16
9407 9395 9.86 35.26
9306 9317 7.20 120.25
10494 10424 3.00 64.25
8882 8853 11.50 51.94
7271 7289 0.00 32.87
10242 10339 2.00 93.30
9520 9639 4.00 119.90
9259 9243 3.00 15.56
7796 7767 0.00 64.62
10186 10176 0.00 57.42
9021 8903 6.91 135.14
8476 8428 0.00 82.76
7183 7138 6.40 78.81
10260 10209 3.00 73.06
8241 8163 0.00 81.86
9481 9451 0.00 18.70
8852 8911 0.00 58.51
8660 8703 10.50 55.96
10904 10760 2.67 134.53
9945 9800 5.40 135.50
8880 8900 0.00 15.83
8690 8632 3.00 77.26
9125 9078 8.00 82.77
7449 7469 0.00 131.08
9612 9615 3.00 44.27
7367 7371 9.00 71.83
9196 9170 3.00 64.32
9765 9750 0.00 28.11
10746 10792 0.00 31.51
9578 9599 0.00 20.00
7846 7796 6.70 99.84
8321 8226 3.00 115.74
7226 7224 3.00 89.73
6852 6845 3.00 14.06
6844 6849 3.00 13.06
7273 7349 0.00 105.25
8512 8565 3.00 78.28
8755 8849 3.58 119.01
9367 9500 0.00 101.02
7012 7051 1.00 78.43
9838 9798 3.00 36.98
7970 8065 3.00 96.43
9055 9006 1.00 74.16
8393 8448 4.50 106.24
9138 9109 11.50 87.95
10084 10041 0.00 30.68
9806 9839 14.33 113.04
9327 9369 0.00 97.02
9823 9692 13.33 115.04
9259 9260 0.00 12.58
7113 7125 3.00 102.28
10629 10536 0.00 93.31
9159 9214 0.00 58.44
9037 9035 0.00 41.17
9913 9858 3.00 59.25
9839 9666 0.00 144.80
8231 8246 0.00 74.15
10904 11162 0.00 140.57
7713 7616 0.00 103.60
8885 8852 11.50 82.30
8841 8950 11.00 100.41
11187 11086 0.00 59.95
9620 9679 2.00 63.32
7349 7417 0.00 84.71
9039 9082 0.00 95.37
9605 9673 0.00 90.70
9030 9115 3.54 79.34
8347 8374 0.00 72.90
10267 10251 15.75 13.76
6939 6884 3.00 97.12
8445 8374 3.42 105.57
9862 9976 4.68 91.28
8743 8722 3.00 107.06
9264 9365 0.00 87.55
8154 8156 0.00 62.44
8756 8792 5.92 62.02
8948 8912 5.20 57.51
7662 7685 0.00 39.68
8965 8844 7.86 110.30
8631 8588 4.93 105.94
9665 9619 0.00 64.70
8997 9018 2.00 62.46
8838 8748 9.50 128.94
9342 9337 0.00 8.56
7637 7583 0.00 70.66
7977 8042 0.00 57.17
7428 7415 0.00 90.77
8267 8211 20.00 68.52
8963 8927 7.86 37.88
7015 6934 0.00 91.22
7369 7408 4.75 60.49
7226 7232 8.67 95.84
7618 7578 0.00 46.10
7868 7804 0.00 75.59
9639 9520 4.00 119.90
6948 6957 0.00 31.57
8305 8346 0.00 79.59
7239 7287 4.67 57.99
9062 9057 11.50 26.28
8420 8408 0.00 49.54
9256 9279 8.00 110.50
8307 8401 8.14 146.57
9745 9795 0.00 40.94
8092 8068 0.00 63.56
10609 10760 6.89 134.74
9602 9697 11.36 134.91
8129 8083 11.50 38.23
7869 7849 0.00 19.74
7717 7766 28.60 122.95
10298 10256 0.00 74.66
9644 9658 1.00 74.41
7971 8045 18.00 65.19
7949 7958 10.00 6.61
8082 8035 0.00 61.13
10465 10460 8.67 112.74
8999 9111 8.67 133.82
10965 10937 0.00 83.89
7932 7948 0.00 81.14
8369 8414 2.90 50.06
8885 8953 0.00 66.96
6881 6842 0.00 145.29
8927 8809 2.75 143.30
6850 6806 5.50 95.79
7378 7473 5.33 137.84
7417 7460 4.60 63.43
8785 8822 0.00 59.42
8466 8387 3.89 81.13
8071 7989 0.00 79.39
8414 8369 2.90 50.06
8757 8846 3.00 112.92
7989 8004 0.00 65.34
8295 8235 3.00 65.29
8845 8910 11.00 88.80
9490 9505 4.25 143.88
8020 8016 0.00 23.43
9473 9338 4.57 103.05
9471 9474 0.00 12.29
9712 9638 4.36 139.07
8168 8161 0.00 55.70
8953 8885 0.00 66.96
9248 9256 11.50 110.31
6894 6847 0.00 88.41
8037 7961 3.00 145.19
8486 8418 20.00 120.14
9474 9469 0.00 22.53
9438 9417 6.50 62.49
8301 8312 0.00 107.21
7408 7369 4.75 60.49
8801 8836 5.33 66.06
7084 6990 11.86 125.88
7941 7899 0.00 105.33
7346 7241 0.00 130.11
9492 9409 0.00 85.44
8399 8464 2.00 67.33
9188 9106 9.71 99.45
9787 9805 3.00 18.33
7031 6989 0.00 64.36
9906 9772 9.83 145.49
7985 7987 0.00 50.67
7281 7242 0.00 75.18
8705 8756 5.86 114.91
9988 10071 0.00 77.10
8379 8453 5.33 99.50
8215 8129 3.00 92.87
9681 9784 3.00 85.10
10322 10345 11.50 26.89
8989 8948 0.00 31.78
9503 9406 0.00 62.29
8699 8802 4.67 113.00
10096 10014 0.00 86.14
8348 8438 0.00 110.83
7552 7545 2.50 108.34
9243 9249 0.00 22.98
9921 9788 0.00 105.51
9744 9779 5.50 36.07
9908 9968 3.00 43.88
9096 9189 0.00 86.81
10061 10159 20.00 82.09
10110 10102 0.00 5.75
10011 9977 0.00 57.89
7321 7421 0.00 107.48
8796 8892 6.09 94.65
9506 9482 0.00 13.34
8633 8595 0.00 130.24
10010 10095 0.00 63.08
7610 7477 0.00 149.37
7378 7344 0.00 58.84
7580 7602 0.00 105.98
8267 8222 3.00 52.74
8825 8861 0.00 119.01
10485 10464 9.40 20.48
8620 8626 10.00 48.96
8677 8667 0.00 38.27
10127 10136 11.50 10.40
7200 7160 0.00 50.56
8457 8406 3.00 61.94
8036 8076 0.00 42.02
7008 6975 3.00 141.49
8115 8167 0.00 144.07
9393 9371 3.00 17.88
7949 7919 6.75 47.10
8166 8164 0.00 46.51
9680 9630 6.00 148.27
7722 7677 6.00 48.78
9125 9201 7.86 78.00
8568 8503 20.00 69.65
8495 8435 6.33 138.86
10500 10434 2.60 75.39
9510 9455 3.00 36.91
7320 7372 0.00 138.74
8605 8498 2.50 104.86
9239 9207 7.87 103.39
7410 7405 3.00 51.37
7622 7542 0.00 94.82
8625 8751 7.00 100.71
8374 8347 0.00 72.90
7938 7878 0.00 56.30
7806 7787 0.00 59.54
9084 8997 4.52 84.96
8365 8345 9.33 62.29
10019 10022 0.00 25.11
8965 8955 6.50 61.29
8570 8591 3.00 17.57
8301 8287 0.00 139.16
9902 9752 11.00 116.28
7583 7529 0.00 100.87
9534 9508 3.20 119.66
8284 8381 3.00 108.94
7061 7098 5.17 116.49
7716 7708 4.75 87.08
8063 8153 0.00 78.53
6916 6862 11.50 93.17
10126 10133 2.33 81.36
8083 8129 11.50 38.23
8449 8370 0.00 90.63
10359 10260 0.00 114.46
7507 7569 0.00 82.38
8667 8663 14.57 10.90
8893 8959 0.00 67.49
9600 9475 0.00 114.01
8537 8623 0.00 135.27
8721 8679 4.75 44.28
6961 7018 0.00 76.05
9653 9619 0.00 38.21
7352 7453 0.00 131.48
8363 8298 0.00 92.60
7436 7382 10.83 49.68
9526 9454 0.00 51.97
9168 9175 0.00 30.56
8553 8626 6.40 62.04
9913 9980 0.00 68.00
7845 7830 0.00 50.12
8822 8854 2.00 45.59
8079 8171 0.00 79.20
8634 8613 0.00 21.13
9508 9501 3.00 4.17
7017 7059 0.00 83.32
7814 7789 0.00 24.55
8971 8940 0.00 26.39
9003 9007 4.67 85.90
10641 10635 0.00 84.08
8405 8320 0.00 100.69
9039 9145 4.89 106.48
7112 7091 5.83 101.27
7382 7377 9.00 79.77
9312 9315 0.00 5.16
9897 9838 3.00 92.07
8429 8376 4.17 97.24
8770 8773 6.47 100.54
7766 7887 8.67 121.89
7826 7803 20.00 20.30
7469 7485 0.00 131.07
8985 8906 2.33 82.78
7935 8068 8.00 127.59
7863 7900 0.00 66.18
6859 6849 0.00 89.94
10035 10039 0.00 7.37
9479 9426 0.00 40.61
7140 7164 2.33 43.74
8775 8819 5.33 76.94
7821 7955 2.50 149.37
6834 6858 20.00 34.61
9024 9105 3.00 94.49
11086 11187 0.00 59.95
8747 8679 0.00 76.58
10468 10363 11.00 92.68
7069 7084 4.67 36.20
8886 8958 4.75 81.31
8649 8659 2.50 75.14
7257 7200 3.00 108.63
8250 8313 3.75 103.49
10558 10635 6.50 90.05
7937 7879 0.00 116.29
8457 8540 5.33 86.25
8360 8311 0.00 89.77
8961 9022 7.57 54.18
10283 10160 12.44 108.89
10363 10255 2.00 96.77
7998 7992 0.00 60.15
11120 10894 7.83 148.85
10346 10351 0.00 14.00
7817 7903 8.67 80.82
7522 7585 0.00 67.59
8319 8251 0.00 76.18
11043 11284 0.00 142.35
8390 8338 3.00 106.22
9019 8966 0.00 50.94
10424 10494 3.00 64.25
8589 8528 3.00 43.24
8757 8783 0.00 62.17
7519 7536 3.00 48.82
10460 10359 2.00 114.42
10479 10488 0.00 68.95
7835 7975 0.00 147.22
10097 10091 0.00 33.22
9483 9535 1.00 50.77
9217 9232 4.31 102.53
8213 8306 0.00 100.88
8591 8570 3.00 17.57
7911 7994 0.00 68.93
9333 9165 0.00 145.41
8068 7935 8.00 127.59
8449 8387 10.03 118.36
7704 7659 0.00 98.98
8782 8674 4.25 105.71
8527 8417 2.50 136.90
8094 8107 20.20 11.65
8569 8702 4.75 123.98
10035 9980 0.00 81.23
8035 8082 0.00 61.13
10578 10583 2.33 80.24
9567 9579 0.00 58.99
10313 10348 8.50 99.19
8149 8129 0.00 109.34
7771 7726 0.00 96.05
8443 8563 0.00 100.21
7696 7641 0.00 48.95
10398 10524 4.62 108.37
8917 9024 0.00 117.81
7845 7858 0.00 13.23
9756 9764 3.47 102.65
9716 9648 10.00 124.61
9630 9615 1.00 83.70
8643 8636 1.00 101.49
8722 8714 3.00 112.87
6898 6849 0.00 144.32
9311 9197 0.00 110.09
7897 7839 0.00 58.65
8626 8553 6.40 62.04
9718 9742 7.25 118.06
8242 8331 14.33 110.63
8450 8391 4.00 69.04
7957 7904 3.00 132.79
7133 7074 10.00 79.52
10315 10242 20.00 77.73
9010 8888 0.00 108.70
8064 7984 0.00 80.41
7676 7743 0.00 68.99
8846 8934 3.81 112.92
9270 9230 11.83 135.20
10503 10408 0.00 72.80
7027 7092 8.67 132.67
9249 9243 0.00 22.98
10992 11008 0.00 75.13
6895 6948 8.67 88.34
7325 7288 3.00 81.79
7200 7266 3.00 83.62
7983 7897 10.50 140.01
7645 7724 0.00 81.04
8725 8736 0.00 15.79
8881 8890 0.00 9.45
8870 8804 1.67 95.34
9140 9142 10.33 111.44
7118 7138 5.13 94.31
7936 7988 0.00 40.42
9216 9205 0.00 50.50
9213 9221 1.00 7.94
10419 10337 5.42 92.08
7763 7767 0.00 11.81
8145 8206 20.00 87.16
9145 9149 0.00 7.81
9170 9196 3.00 64.32
8971 8942 0.00 30.49
8623 8668 3.00 125.97
9685 9629 4.97 53.44
8264 8325 0.00 103.72
7233 7227 20.00 80.58
9089 9169 3.00 80.51
9543 9571 7.07 70.27
9260 9264 0.00 35.91
8879 8865 3.70 125.49
9680 9668 3.00 31.90
9323 9435 0.00 77.58
9889 9903 0.00 37.26
7957 8035 3.00 119.98
7312 7288 0.00 77.10
9762 9736 2.50 114.98
8745 8702 9.11 59.44
7732 7724 0.00 35.53
9502 9535 0.00 52.77
9555 9620 9.80 101.36
10375 10413 8.67 65.47
10035 10096 0.00 55.71
8687 8757 0.00 63.53
9850 9789 0.00 47.61
9273 9177 2.33 139.03
7015 7057 0.00 59.59
7884 7935 5.50 51.20
7720 7767 0.00 82.17
8116 8220 0.00 112.58
8873 8948 7.20 90.34
7214 7150 0.00 90.37
9174 9212 8.67 100.56
7111 7105 0.00 101.85
7435 7392 2.00 42.24
11032 11043 0.00 57.15
7903 7817 8.67 80.82
8619 8554 5.50 54.09
7456 7399 0.00 57.90
7460 7520 6.00 96.92
9341 9278 1.00 59.73
7607 7622 0.00 40.15
9249 9259 6.75 27.22
8401 8309 9.11 122.07
8077 8018 8.67 78.31
7122 7129 0.00 23.97
9185 9237 0.00 60.13
8068 8163 5.83 87.09
10365 10443 4.25 63.81
9807 9826 5.33 124.75
6933 6943 3.00 63.81
9714 9758 7.29 116.47
6911 6903 3.00 10.89
10554 10386 7.83 149.40
7603 7546 0.00 58.53
7100 7094 0.00 10.34
7418 7455 0.00 38.74
8702 8745 9.11 59.44
9217 9208 4.00 102.51
8540 8579 11.00 34.17
10689 10683 0.00 3.73
9438 9520 0.00 56.07
8821 8805 3.00 12.88
9074 9180 0.00 102.58
7732 7816 0.00 90.79
8823 8882 3.00 59.83
10085 10039 0.00 101.96
8483 8413 30.00 132.83
6987 6988 0.00 2.52
8524 8630 0.00 82.45
6996 7036 0.00 75.59
9597 9469 11.00 114.00
9422 9547 2.33 129.86
8609 8728 6.17 101.08
8942 8853 0.00 95.92
9061 9042 0.00 35.47
8769 8777 11.00 93.84
7435 7378 0.00 74.39
7465 7593 0.00 146.05
9109 9138 11.50 87.95
8591 8730 0.00 144.94
8006 7950 0.00 50.08
9460 9492 0.00 29.32
8616 8620 11.29 45.50
8287 8301 0.00 139.16
9480 9372 0.00 112.29
9207 9239 7.87 103.39
8623 8618 11.50 14.75
8432 8567 11.50 146.32
9349 9353 0.00 8.50
7098 7061 5.17 116.49
8712 8710 26.50 9.75
7374 7429 3.00 61.60
8386 8296 8.23 98.08
9951 9991 3.00 123.43
10048 10064 0.00 55.68
9850 9935 3.00 61.47
9763 9689 19.20 77.10
10673 10612 1.67 93.10
9488 9455 2.33 59.35
9092 9112 0.00 56.37
8815 8790 0.00 129.48
6672 6712 0.00 66.25
10443 10464 2.33 17.60
8331 8346 0.00 19.16
9063 8972 4.25 102.12
8654 8624 3.00 35.91
8350 8287 0.00 66.40
9359 9449 20.00 90.06
7618 7677 3.00 65.55
10636 10781 2.33 105.24
9758 9714 7.29 116.47
9728 9717 3.00 22.14
9380 9346 0.00 27.96
7593 7465 0.00 146.05
10347 10449 11.17 116.50
6695 6759 0.00 121.62
9360 9366 0.00 2.49
9350 9315 0.00 29.72
9393 9459 0.00 86.68
7339 7402 3.00 69.60
8542 8609 4.83 57.77
9736 9807 2.33 59.33
11595 11452 0.00 124.56
8868 8877 0.00 9.65
8907 8877 0.00 101.21
9897 9949 7.86 92.07
8590 8485 0.00 81.31
8100 8119 8.67 41.14
8043 8036 0.00 94.84
9260 9259 0.00 12.58
9247 9198 3.42 117.86
11231 11187 0.00 63.16
7042 7031 0.00 15.20
10438 10488 0.00 124.73
8880 8730 0.00 148.40
9483 9565 0.00 88.48
8311 8224 0.00 88.33
7638 7607 10.75 44.65
9337 9332 0.00 7.48
7562 7631 0.00 85.92
8859 8910 0.00 60.53
8497 8613 16.67 117.22
10008 9964 2.33 58.17
8349 8402 14.33 97.38
7349 7374 3.00 61.19
7974 7937 0.00 28.65
6943 6991 0.00 92.96
8984 8875 8.33 123.94
6994 7090 0.00 127.43
10511 10541 0.00 29.97
10020 10053 4.75 121.10
9358 9396 3.00 20.39
7712 7759 0.00 50.84
8509 8629 0.00 97.19
9106 9064 8.50 56.02
8295 8361 7.25 81.61
9286 9416 6.39 101.71
9804 9639 8.30 141.56
8446 8500 0.00 50.47
9399 9401 4.67 81.35
7870 7887 11.50 20.66
8084 8145 0.00 87.24
9026 9025 0.00 18.79
7988 8034 0.00 64.87
8309 8401 9.11 122.07
7810 7737 0.00 144.20
10117 9965 3.33 139.85
8132 8077 11.50 77.99
8297 8353 0.00 98.23
7711 7772 0.00 97.33
9055 9106 2.50 63.15
8150 8236 0.00 85.08
8195 8247 7.57 101.38
9859 9838 1.67 23.06
7732 7742 0.00 36.50
9497 9602 20.00 135.09
9646 9721 20.00 77.96
7916 7892 6.29 73.06
7517 7494 0.00 29.25
8391 8357 8.19 44.40
8373 8277 0.00 110.16
10317 10421 0.00 95.82
7173 7182 11.50 97.85
7527 7531 9.80 103.46
10408 10503 0.00 72.80
7725 7658 0.00 103.75
9648 9716 10.00 124.61
10041 10011 0.00 24.80
8890 8915 7.57 30.48
8300 8352 11.50 101.36
6973 6883 3.00 115.12
10609 10656 0.00 52.24
9683 9599 2.00 104.48
9196 9205 0.00 32.18
7941 7982 0.00 135.13
9464 9580 3.54 93.93
10421 10317 0.00 95.82
8955 8965 6.50 61.29
7769 7823 0.00 55.39
9090 9205 0.00 108.23
7494 7530 0.00 67.87
8321 8290 3.00 67.81
10773 10597 2.33 125.82
8556 8546 11.50 10.19
9737 9700 3.72 32.57
9356 9388 0.00 70.71
9914 10024 0.00 102.86
7838 7752 3.00 111.25
9420 9482 0.00 42.44
9460 9433 23.25 36.84
7910 7922 0.00 36.09
9496 9403 10.00 94.71
7353 7264 2.00 99.95
8646 8651 6.40 56.21
8029 8107 5.30 72.13
7930 7961 0.00 72.74
7240 7277 9.80 105.52
9269 9239 3.00 60.02
8736 8748 0.00 17.29
9004 9049 0.00 48.76
7091 7097 0.00 11.13
8587 8482 3.00 104.61
8516 8442 7.00 106.23
9529 9482 0.00 120.52
9435 9428 7.83 76.89
9959 9792 3.00 130.13
10039 10125 0.00 88.71
9537 9566 8.00 65.23
7500 7458 6.43 77.47
10337 10419 5.42 92.08
7957 7897 6.50 63.84
7379 7312 11.42 120.45
7109 7122 0.00 82.97
7135 7084 5.63 83.90
9369 9433 21.33 45.02
10165 10230 3.00 57.38
8768 8762 0.00 6.44
8626 8636 3.00 101.50
7850 7830 0.00 23.13
10698 10612 4.25 74.85
8514 8495 5.83 40.74
8365 8421 6.40 82.21
7203 7146 0.00 77.61
6934 7015 0.00 91.22
7484 7519 0.00 111.41
9646 9648 3.00 21.10
7583 7610 0.00 42.23
8132 8100 0.00 110.08
8974 8986 20.00 72.50
8164 8166 0.00 46.51
9736 9762 2.50 114.98
7315 7289 0.00 79.13
9831 9942 2.00 75.72
9884 9950 0.00 59.38
8110 8174 3.00 85.55
7361 7334 0.00 95.04
8896 8867 2.50 28.13
8575 8572 0.00 17.07
7409 7370 0.00 79.71
9111 9066 0.00 52.11
8713 8785 0.00 82.84
8331 8265 6.92 134.46
8821 8896 4.67 73.34
11586 11455 0.00 112.94
9232 9258 2.71 49.83
9777 9784 0.00 49.63
6864 6804 0.00 82.50
10335 10474 6.50 124.88
10438 10479 0.00 40.21
9220 9186 0.00 78.40
9493 9466 2.50 18.45
8965 8974 24.33 108.08
10395 10478 3.00 79.60
9890 9923 0.00 40.90
9473 9590 5.82 100.26
7586 7659 3.00 102.33
9464 9407 8.00 105.28
6934 7028 10.50 108.23
9501 9499 0.00 0.94
7530 7494 0.00 67.87
8929 8898 9.53 103.39
9412 9408 7.35 9.79
8756 8619 6.77 121.95
8580 8624 3.00 50.96
7307 7377 3.00 76.76
8624 8654 3.00 35.91
8641 8759 5.33 85.71
9287 9432 9.00 133.61
9132 9262 0.00 131.49
10683 10656 0.00 21.31
9283 9211 6.75 79.24
7762 7748 3.00 94.99
9737 9755 7.67 18.35
8934 8984 0.00 57.62
7822 7826 0.00 91.19
7334 7246 0.00 128.18
9198 9280 0.00 89.57
7527 7518 8.67 103.46
10504 10495 0.00 7.58
6942 7066 11.50 142.92
8842 8835 0.00 9.02
7705 7704 0.00 32.70
7663 7656 0.00 12.45
8174 8122 3.00 58.92
7421 7383 3.00 52.12
10398 10304 6.50 107.15
7429 7460 0.00 38.19
8571 8577 0.00 87.24
9577 9484 8.00 116.47
9485 9466 0.00 20.07
8484 8553 10.00 58.23
8761 8718 0.00 88.15
7916 7890 5.43 61.34
8023 8004 0.00 38.22
8748 8736 0.00 17.29
8823 8792 3.00 58.05
9596 9481 2.50 130.22
7992 8066 10.00 77.82
10612 10673 1.67 93.10
7263 7245 0.00 35.98
8138 8125 0.00 91.75
7752 7708 3.00 88.06
9766 9645 4.16 109.65
8205 8172 3.00 56.90
7645 7644 1.00 37.13
7224 7226 3.00 89.73
9953 10072 7.00 111.17
10365 10248 4.40 110.65
7138 7181 3.00 74.74
8651 8646 6.40 56.21
8276 8250 0.00 21.38
9991 9951 3.00 123.43
10039 10085 0.00 101.96
8568 8627 9.83 59.12
7107 7154 6.50 78.21
9128 9112 0.00 59.52
7696 7720 0.00 60.71
7778 7827 0.00 48.25
8359 8318 0.00 84.66
7907 7900 0.00 17.36
8602 8465 10.17 131.93
8620 8508 6.40 94.95
7419 7324 8.67 92.03
9510 9554 0.00 94.10
8243 8288 0.00 69.78
8758 8864 0.00 107.47
9173 9180 0.00 29.14
7443 7408 7.56 61.89
8844 8722 3.00 110.18
6804 6762 0.00 82.67
9351 9303 7.80 76.86
9911 9825 0.00 84.57
8007 8006 0.00 63.27
8729 8812 0.00 135.25
9834 9864 14.33 63.63
7097 7069 0.00 46.10
10934 10937 0.00 22.63
8759 8749 3.00 85.60
10153 10100 3.00 120.60
10965 10985 0.00 70.27
7187 7270 0.00 113.58
10449 10347 11.17 116.50
9883 9927 5.83 124.78
10345 10321 0.00 20.86
8387 8466 3.89 81.13
8287 8350 0.00 66.40
7319 7303 4.00 64.13
7359 7314 0.00 89.43
9169 9089 3.00 80.51
8120 8123 0.00 9.92
8910 8982 4.40 96.96
7958 8041 0.00 115.50
8666 8701 3.00 26.79
7268 7286 0.00 137.96
9482 9529 0.00 120.52
7031 7021 0.00 24.53
8394 8411 9.80 84.75
7407 7412 11.00 76.89
8418 8486 20.00 120.14
7824 7763 5.50 60.70
8924 9007 2.88 88.66
10480 10465 30.00 20.37
8084 8103 0.00 39.58
9014 8971 0.00 57.83
10078 9961 0.00 103.37
11473 11377 0.00 85.31
8288 8343 10.50 106.26
8670 8732 10.00 59.97
7926 7937 0.00 9.68
7468 7463 7.25 97.57
8226 8191 3.00 80.49
9331 9283 11.50 54.36
9135 9103 3.00 95.24
9138 9163 0.00 31.16
8627 8568 9.83 59.12
10174 10233 3.00 117.84
9176 9121 0.00 62.48
9891 9733 7.43 121.83
9734 9632 0.00 103.80
8355 8404 7.86 61.63
8125 8108 0.00 20.45
7999 7994 0.00 33.40
8235 8295 3.00 65.29
8449 8512 11.56 81.59
9342 9284 5.06 54.61
8575 8674 10.50 81.91
8105 8055 0.00 89.19
9846 9875 0.00 28.31
9198 9115 4.94 78.56
9980 10035 0.00 81.23
7939 7934 0.00 61.80
7557 7586 11.60 79.33
8735 8618 0.00 99.66
9423 9418 3.00 45.52
7544 7545 6.50 17.29
10425 10547 3.80 108.19
9680 9745 0.00 54.14
9793 9868 7.80 58.94
8304 8326 9.11 56.92
9778 9817 2.00 73.77
9291 9286 4.80 87.13
10153 10201 8.67 37.53
8657 8587 0.00 103.12
8287 8280 0.00 67.00
8787 8654 5.00 119.88
8619 8756 6.77 121.95
10309 10317 0.00 66.46
8748 8838 9.50 128.94
9778 9637 3.23 125.70
10295 10279 5.65 119.76
8222 8198 0.00 37.71
9118 9146 0.00 98.42
8074 8104 0.00 32.94
7933 7943 6.78 64.51
9029 8980 0.00 48.04
8172 8226 6.40 57.44
8171 8079 0.00 79.20
8767 8889 0.00 136.23
9961 9914 3.00 49.28
8336 8399 8.67 128.06
7504 7467 0.00 80.01
8766 8817 8.44 82.08
7123 7116 0.00 8.66
9040 9013 5.50 38.18
8414 8473 0.00 123.57
9033 8960 0.00 97.84
7516 7529 0.00 8.77
9054 9034 20.00 61.37
8959 8893 0.00 67.49
8618 8623 11.50 14.75
7094 7080 0.00 11.26
8362 8369 0.00 9.39
10446 10346 0.00 139.18
9758 9862 2.94 92.78
7314 7270 0.00 109.31
7544 7482 3.00 69.98
8948 8873 7.20 90.34
8216 8263 0.00 72.68
7251 7239 3.00 135.78
8027 8031 0.00 6.42
11278 11130 0.00 120.81
7948 7932 0.00 81.14
7935 7942 3.00 22.01
7031 7042 0.00 15.20
8068 8092 0.00 63.56
7522 7477 8.67 67.26
8805 8783 3.00 50.32
6860 6917 3.00 81.46
9932 9938 0.00 5.28
10636 10519 14.64 94.97
6975 6947 3.00 139.67
6785 6817 6.00 94.00
8832 8828 0.00 14.29
9195 9293 0.00 89.21
8105 8223 0.00 119.81
11377 11473 0.00 85.31
8049 7933 5.14 99.32
9072 8956 6.55 112.52
9070 9021 0.00 62.03
10937 10934 0.00 22.63
9253 9275 0.00 87.86
9554 9510 0.00 94.10
10854 10889 0.00 77.64
9073 9050 0.00 77.76
6661 6633 0.00 71.14
8452 8447 0.00 97.20
8056 8155 11.00 120.80
8361 8295 7.25 81.61
10684 10547 5.82 108.58
8962 9042 3.00 86.59
7546 7505 0.00 59.67
7751 7770 3.00 70.44
9814 9710 11.50 104.55
10158 10096 0.00 76.69
10260 10359 0.00 114.46
7701 7685 1.00 27.25
8897 8921 4.40 33.46
10079 10102 5.50 139.37
7419 7502 11.50 91.34
7197 7220 1.00 61.08
9306 9210 13.20 138.58
8791 8863 0.00 84.57
7094 7100 0.00 10.34
8527 8660 8.67 137.10
8395 8373 0.00 65.82
8126 8134 7.67 30.59
10106 10084 0.00 101.62
9026 8952 0.00 65.43
10317 10309 0.00 66.46
8031 8027 0.00 6.42
9763 9756 10.00 24.41
7842 7901 1.00 62.79
9066 8943 6.50 132.88
10008 10000 4.67 90.12
10992 10958 0.00 75.89
8380 8387 5.98 62.95
9032 9001 0.00 47.52
9469 9389 13.00 56.03
7838 7811 3.00 89.51
7266 7265 0.00 47.60
8883 8850 6.03 97.72
11005 11203 0.00 117.41
7913 8027 0.00 111.84
9051 9011 7.80 37.99
7618 7544 3.00 82.88
9146 9118 0.00 98.42
9452 9451 0.00 17.97
8226 8321 3.00 115.74
10019 10013 11.50 32.68
8284 8167 6.75 109.22
10277 10313 7.33 99.08
8506 8677 10.22 148.61
7782 7884 3.00 103.55
9277 9194 3.00 74.52
7369 7404 0.00 80.77
8462 8537 0.00 136.08
8871 8890 5.06 76.26
8466 8561 4.71 81.17
9364 9566 8.43 146.61
8124 8021 0.00 108.05
9654 9793 3.00 112.36
7841 7893 3.00 129.32
8158 8159 0.00 64.80
9006 8937 20.00 65.50
8269 8216 0.00 63.67
9033 9056 1.00 25.48
9183 9176 0.00 33.17
9246 9335 3.00 78.21
11377 11280 0.00 83.29
9029 9019 0.00 33.29
8408 8420 0.00 49.54
7403 7415 3.00 90.77
8504 8453 2.00 51.32
9402 9420 10.00 97.83
9214 9220 20.00 5.91
10581 10480 20.00 122.64
10053 10102 3.00 35.83
7546 7603 0.00 58.53
8219 8239 0.00 59.18
8353 8402 0.00 66.10
8640 8705 6.81 115.10
8080 8020 20.00 66.06
10279 10295 5.65 119.76
8653 8693 0.00 85.52
9613 9636 1.00 82.28
9183 9161 0.00 48.95
8684 8696 0.00 25.88
9181 9151 4.76 30.37
7344 7337 0.00 10.92
8932 8850 11.50 76.81
9788 9921 0.00 105.51
9771 9792 0.00 60.45
9979 10061 7.27 82.07
9366 9411 0.00 30.28
8331 8242 14.33 110.63
9396 9358 3.00 20.39
8558 8514 6.28 136.49
9778 9678 2.82 125.13
9593 9681 3.00 85.11
10496 10337 11.79 142.07
11107 11280 0.00 101.06
9906 9895 0.00 19.54
6943 7029 8.67 95.88
9272 9125 0.00 135.65
9047 8962 6.50 133.96
9295 9170 3.50 123.12
9477 9449 3.00 26.02
8296 8202 15.20 98.09
9270 9267 0.00 47.81
7428 7436 0.00 47.78
8231 8173 0.00 77.09
11118 11168 0.00 138.03
7168 7116 0.00 72.43
8823 8866 5.88 76.81
7759 7712 0.00 50.84
8034 8062 3.00 33.58
9017 8979 0.00 91.76
8794 8860 5.14 81.75
9676 9742 10.92 61.14
8601 8507 8.13 88.60
7270 7314 0.00 109.31
8312 8301 0.00 107.21
8979 8915 17.67 64.04
7925 8010 0.00 76.63
9664 9606 0.00 102.96
8096 8049 0.00 47.31
7352 7365 0.00 21.75
8076 8101 3.00 61.42
8388 8281 7.25 117.84
7961 7930 0.00 72.74
8309 8299 0.00 9.74
11480 11369 0.00 142.12
10375 10343 3.00 60.83
7828 7842 0.00 16.21
9535 9483 1.00 50.77
9408 9322 5.92 96.29
9763 9786 0.00 21.25
8651 8519 8.94 112.59
9764 9808 7.84 103.38
10159 10061 20.00 82.09
7106 7092 0.00 42.02
9605 9617 0.00 16.04
6991 7065 0.00 97.90
7042 7059 0.00 25.28
10255 10365 3.83 92.31
10556 10612 20.00 63.84
9499 9505 20.00 13.70
9399 9489 8.67 69.46
7399 7374 2.50 90.20
9172 9177 3.00 19.73
8433 8420 0.00 49.48
9911 9875 0.00 32.72
8729 8792 9.00 63.28
8101 8126 3.00 85.14
8703 8660 10.50 55.96
10434 10348 10.00 102.82
11130 11330 0.00 111.57
8970 9059 9.00 78.38
8115 8204 0.00 76.44
9984 9903 3.00 66.73
9578 9585 11.00 107.41
9742 9794 11.50 46.75
7493 7443 0.00 83.96
7182 7173 11.50 97.85
7146 7203 0.00 77.61
9987 10015 11.50 85.20
9271 9268 0.00 43.29
10233 10205 4.75 78.11
7015 7074 0.00 79.54
10144 10165 3.00 103.75
7410 7451 0.00 39.59
8757 8687 0.00 63.53
10636 10546 12.73 97.51
9707 9824 3.00 105.25
8559 8595 9.80 130.20
9980 9913 0.00 68.00
7125 7113 3.00 102.28
9733 9604 6.00 121.82
9335 9246 3.00 78.21
7558 7534 0.00 27.49
8308 8247 3.00 101.54
8006 8007 0.00 63.27
8984 9088 7.00 120.48
8737 8711 0.00 28.79
9997 10127 7.25 112.31
7325 7369 0.00 80.28
7911 7874 0.00 105.47
8361 8406 10.50 59.02
9078 9028 6.72 113.78
7028 6934 10.50 108.23
9049 9004 0.00 48.76
7233 7280 3.00 55.78
7291 7294 4.25 85.08
8840 8975 1.80 139.41
10041 10084 0.00 30.68
8745 8625 5.00 111.00
8642 8716 3.00 95.10
8265 8119 14.73 141.82
8589 8641 0.00 49.03
9412 9258 0.00 121.28
7750 7796 0.00 92.75
9149 9145 0.00 7.81
8812 8866 0.00 64.14
10459 10552 6.88 84.19
8802 8699 4.67 113.00
10253 10238 0.00 17.01
8021 8081 3.00 100.94
6960 7012 20.00 78.43
8388 8514 6.31 117.84
8702 8709 3.00 4.45
9442 9461 0.00 21.67
8812 8775 0.00 51.01
9346 9347 0.00 7.33
7835 7870 7.40 47.05
7846 7860 20.00 70.20
9481 9452 3.00 23.98
7685 7662 0.00 39.68
9938 9932 0.00 5.28
9113 9193 2.20 71.28
10345 10331 0.00 19.18
10805 10854 0.00 112.20
7717 7642 0.00 124.02
8513 8420 0.00 83.26
9923 9890 0.00 40.90
7437 7416 0.00 22.56
7650 7686 0.00 73.73
9554 9613 3.00 62.35
7899 7913 0.00 77.76
7579 7577 3.00 94.49
8104 8074 0.00 32.94
10295 10230 8.93 59.95
9927 9883 5.83 124.78
11039 11065 0.00 96.70
8992 8939 11.50 63.16
9649 9698 4.67 62.03
9877 9957 8.45 103.07
9928 9921 0.00 19.08
8580 8539 0.00 42.71
10154 10156 0.00 90.88
9630 9649 7.43 36.14
7176 7098 8.00 123.41
11231 11284 0.00 56.35
7941 7963 0.00 53.05
9239 9269 3.00 60.02
7485 7469 0.00 131.07
8378 8394 1.00 84.75
9353 9360 0.00 8.03
8183 8235 8.00 66.07
8864 8758 0.00 107.47
10014 10096 0.00 86.14
7826 7822 0.00 91.19
8044 8180 6.09 124.37
8405 8509 0.00 97.42
8822 8785 0.00 59.42
9289 9200 12.80 119.51
8740 8749 6.40 69.09
7782 7769 0.00 36.70
11180 10965 0.00 120.04
9747 9717 0.00 32.03
8241 8326 14.33 81.63
8057 8100 0.00 47.19
8988 8952 0.00 87.60
8855 8885 0.00 64.74
8718 8761 0.00 88.15
8611 8642 3.00 114.99
8860 8794 5.14 81.75
8239 8308 3.00 64.86
6989 6898 0.00 123.05
8042 8060 0.00 62.39
9272 9296 0.00 127.44
6842 6807 20.00 144.76
8933 8797 8.67 140.94
7821 7804 3.00 38.62
8950 9043 0.00 82.32
7498 7438 0.00 104.86
8280 8287 0.00 67.00
10278 10268 3.00 20.75
7698 7836 5.43 140.59
8100 8132 0.00 110.08
9802 9789 0.00 36.58
10148 10161 9.45 77.02
11359 11426 0.00 104.80
9403 9468 0.00 58.16
9237 9185 0.00 60.13
8004 8023 0.00 38.22
8065 8146 11.50 93.74
9750 9765 0.00 28.11
8214 8270 0.00 102.89
10133 10058 0.00 60.39
8951 8950 8.67 109.36
11065 11039 0.00 96.70
7506 7449 0.00 60.40
8719 8594 3.56 105.53
8101 8187 0.00 78.57
9985 10132 11.29 134.65
7389 7442 0.00 93.92
8627 8692 1.00 83.80
9740 9728 3.00 13.75
8579 8655 7.25 75.97
6724 6762 0.00 63.23
7698 7820 9.30 139.05
7357 7295 5.50 64.37
7270 7187 0.00 113.58
10000 10008 4.67 90.12
7546 7615 0.00 114.65
7985 8063 0.00 78.53
7520 7456 0.00 74.64
9319 9371 0.00 34.32
9938 9771 11.50 126.90
7863 7926 0.00 56.85
9262 9132 0.00 131.49
8310 8415 0.00 130.30
7819 7724 0.00 99.91
6937 7021 0.00 110.70
7917 7948 0.00 27.11
10554 10558 11.00 17.52
8861 8815 0.00 46.71
9008 8946 0.00 50.58
8634 8510 7.68 119.10
7543 7485 0.00 64.40
7643 7644 50.00 43.06
8485 8408 0.00 80.80
9240 9147 3.00 102.50
8695 8750 0.00 42.84
7278 7215 6.59 82.12
9616 9549 0.00 93.93
8159 8158 0.00 64.80
8316 8269 0.00 68.16
7708 7752 3.00 88.06
9239 9336 2.00 93.30
8518 8642 10.00 138.50
9256 9248 11.50 110.31
8598 8681 0.00 144.74
10755 10847 0.00 66.08
8959 9016 0.00 70.57
7523 7621 0.00 138.08
9507 9497 3.00 21.35
9242 9255 9.56 74.81
8431 8451 4.00 97.09
10583 10641 11.00 85.55
9199 9356 2.60 142.21
7955 7821 2.50 149.37
9104 9113 6.50 100.16
8567 8571 3.00 87.20
7058 6957 1.00 126.25
9794 9742 11.50 46.75
7381 7299 0.00 89.99
9942 10022 7.40 75.72
7190 7170 0.00 32.68
6961 6877 0.00 129.60
8776 8726 13.67 79.02
10230 10212 12.44 149.74
11005 11008 0.00 78.63
8940 8942 3.00 17.38
11137 10957 20.00 98.67
9299 9279 26.50 110.72
8131 8198 0.00 70.03
10311 10211 0.00 107.59
8153 8152 7.25 16.07
9317 9210 10.00 110.89
8313 8411 0.00 108.28
7685 7716 0.00 41.76
8024 7978 0.00 82.92
9672 9799 1.00 112.73
9147 9059 20.00 78.42
10186 10188 5.50 45.21
9221 9324 0.00 97.77
10487 10541 5.33 39.97
7920 7860 11.50 61.33
7233 7180 7.10 89.78
8912 8829 5.60 99.17
7750 7802 3.00 56.31
10210 10335 3.75 113.55
9165 9333 0.00 145.41
9762 9718 0.00 41.80
7748 7803 0.00 53.54
8899 8861 0.00 111.50
8402 8461 6.40 103.84
9276 9358 3.00 122.32
8721 8734 4.75 15.68
10479 10496 8.67 135.97
10107 10036 11.50 56.99
7133 7173 3.00 131.52
8415 8426 2.67 24.08
8055 8031 0.00 36.74
7001 6987 0.00 19.35
10102 10079 5.50 139.37
7512 7573 0.00 101.85
8327 8377 0.00 128.79
9428 9423 12.80 42.18
9965 9935 2.33 91.73
7261 7288 0.00 73.65
11426 11496 0.00 106.36
7892 7838 2.33 52.74
8992 9002 8.12 70.93
8383 8437 0.00 123.09
8766 8661 14.83 114.50
8326 8304 9.11 56.92
9638 9712 4.36 139.07
8022 8036 0.00 117.06
7592 7669 0.00 81.25
8985 9055 3.00 82.76
7164 7193 10.50 50.04
9370 9368 0.00 9.66
8765 8686 7.33 61.10
7344 7378 0.00 58.84
9370 9374 4.67 47.25
9523 9524 0.00 19.82
8902 8807 11.50 87.91
9804 9755 7.87 57.21
9101 9144 20.00 60.47
9728 9740 3.00 13.75
7176 7209 3.00 44.61
10226 10352 6.50 119.43
9858 9932 11.50 92.68
10345 10449 11.00 89.76
8778 8832 0.00 60.55
8495 8381 3.50 109.09
8929 9015 2.53 107.58
8785 8713 0.00 82.84
8932 9048 8.50 135.75
6917 6860 3.00 81.46
9574 9637 7.40 63.56
8234 8288 0.00 65.92
9976 9966 1.00 61.17
9406 9503 0.00 62.29
9341 9420 3.00 55.17
8994 8848 8.87 146.47
9784 9681 3.00 85.10
8911 8892 6.40 49.42
8953 8936 11.00 40.81
7114 7172 1.00 102.02
8594 8719 3.56 105.53
10176 10173 5.83 17.11
10356 10349 3.00 10.14
10040 10030 6.47 99.11
8457 8578 18.67 109.58
7951 7925 0.00 38.21
8642 8611 3.00 114.99
9771 9649 2.00 134.89
8500 8557 0.00 50.54
7655 7612 20.00 121.03
9674 9620 11.50 118.02
8746 8784 0.00 29.63
10396 10360 1.00 94.19
10356 10386 0.00 41.79
9259 9249 6.75 27.22
7680 7626 0.00 85.21
7506 7567 0.00 61.90
8911 8852 0.00 58.51
10298 10375 7.25 77.10
11043 11032 0.00 57.15
7265 7303 5.18 96.04
9377 9302 0.00 58.19
8183 8133 10.00 93.01
8431 8355 4.70 120.06
8972 9028 0.00 74.10
9072 9190 5.18 115.70
9245 9263 20.00 77.79
8395 8328 0.00 84.18
9394 9398 7.25 89.01
9679 9620 2.00 63.32
10165 10144 3.00 103.75
7162 7176 3.14 23.35
9766 9748 0.00 29.20
7586 7575 0.00 8.91
8482 8518 1.00 51.33
7809 7828 3.00 33.91
8759 8641 5.33 85.71
8027 7913 0.00 111.84
6672 6710 0.00 85.07
8578 8712 0.00 109.64
7544 7618 3.00 82.88
9664 9758 6.38 86.08
8190 8303 3.00 116.84
9599 9707 1.00 105.46
8122 8174 3.00 58.92
9147 9127 3.00 63.49
10413 10425 4.00 10.86
10437 10433 0.00 6.67
10209 10151 10.00 62.51
7008 7054 20.00 141.90
8487 8411 0.00 76.93
8404 8451 0.00 95.73
9024 8984 3.00 58.84
8797 8800 13.44 42.79
8868 8869 0.00 8.28
8187 8176 10.00 24.49
9485 9464 5.86 43.11
9003 8904 8.00 91.58
7368 7405 10.00 47.83
10698 10756 11.50 56.83
9125 9272 0.00 135.65
8863 8905 0.00 74.40
9953 9907 20.00 41.45
7090 6994 0.00 127.43
9669 9718 10.50 33.78
8960 8910 0.00 59.88
8613 8675 5.57 73.81
9582 9642 0.00 87.63
7102 7140 8.11 101.96
9285 9418 3.00 104.66
8326 8241 14.33 81.63
10120 10223 0.00 116.96
10493 10485 0.00 7.42
8107 8094 20.20 11.65
7424 7418 3.00 30.33
7896 7826 0.00 66.03
8214 8144 0.00 127.55
9566 9644 4.67 82.20
8456 8560 6.75 91.79
8324 8267 0.00 62.96
9075 9062 7.29 83.70
8806 8793 0.00 63.52
10317 10327 0.00 99.41
8889 8827 0.00 66.64
9710 9829 8.67 139.37
9059 8970 9.00 78.38
8159 8161 0.00 62.96
9490 9489 2.00 20.65
9279 9299 26.50 110.72
7911 7853 0.00 64.32
7893 7913 3.00 127.35
9721 9646 20.00 77.96
8155 8056 11.00 120.80
7288 7261 0.00 73.65
9167 9168 0.00 10.21
9427 9416 8.10 9.17
10223 10317 0.00 131.87
8318 8423 3.00 117.17
7305 7378 0.00 103.82
7378 7305 0.00 103.82
8611 8548 7.67 59.37
9441 9511 10.00 43.68
11344 11229 0.00 78.58
7358 7289 0.00 90.05
9269 9276 8.67 18.80
10876 10948 0.00 37.72
7097 7091 0.00 11.13
10248 10365 4.40 110.65
10132 10004 7.43 115.10
10193 10060 6.53 108.04
9742 9718 7.25 118.06
8807 8714 0.00 87.91
8214 8264 3.00 58.17
9001 8964 0.00 115.24
9918 10004 3.00 77.31
8055 8150 0.00 107.63
10058 10066 3.00 34.90
7858 7921 0.00 62.20
9496 9568 0.00 94.69
8816 8820 8.00 12.68
7402 7407 10.00 76.89
8500 8430 11.50 121.80
8854 8925 10.00 100.73
8299 8215 11.50 92.87
8930 8982 3.00 58.72
7865 7848 0.00 50.33
9192 9184 0.00 86.55
10040 9976 4.08 77.40
9794 9827 0.00 58.44
7724 7645 0.00 81.04
8263 8141 3.00 124.42
7271 7267 0.00 5.45
9374 9370 4.67 47.25
8160 8164 0.00 59.31
9445 9475 0.00 19.81
8893 8888 11.50 67.91
9575 9700 5.98 124.76
9386 9390 3.00 12.30
6967 6916 7.45 80.48
9102 9026 0.00 74.98
9026 9050 3.00 94.28
8155 8209 11.50 82.51
7664 7599 0.00 144.21
8368 8329 0.00 119.38
8200 8201 5.50 7.05
9661 9767 0.00 81.71
8131 8183 6.50 68.92
9281 9312 10.29 59.16
10256 10279 15.62 119.82
9420 9341 3.00 55.17
9576 9692 8.67 114.88
9266 9367 0.00 101.09
8538 8622 3.00 81.29
9949 10010 3.00 62.76
9083 9148 0.00 94.88
7209 7204 4.83 145.33
10583 10494 5.40 61.47
10608 10532 0.00 145.05
10507 10536 0.00 29.95
7906 7887 0.00 19.01
10563 10459 11.50 90.67
6976 6858 0.00 142.24
9473 9417 4.17 37.97
7803 7826 20.00 20.30
9190 9203 35.00 87.75
7609 7632 0.00 87.95
8642 8518 10.00 138.50
8222 8267 3.00 52.74
8352 8300 11.50 101.36
8456 8543 0.00 109.48
7234 7212 0.00 81.45
9058 9210 0.00 137.19
8595 8559 9.80 130.20
7473 7378 5.33 137.84
10507 10473 0.00 58.30
8812 8908 6.50 123.57
7059 7042 0.00 25.28
7870 7925 3.00 62.06
9055 8985 3.00 82.76
8803 8940 34.33 130.76
9700 9685 10.00 23.05
8410 8428 0.00 81.06
10105 10173 6.50 59.83
9205 9090 0.00 108.23
8793 8779 0.00 55.14
9793 9673 10.00 121.18
7275 7257 50.00 65.16
8117 8190 8.67 68.31
8930 8976 10.80 63.32
9414 9593 0.00 138.84
9965 9834 3.00 95.66
10133 10144 7.80 103.75
7575 7586 0.00 8.91
7599 7664 0.00 144.21
8201 8203 10.29 119.27
6943 6933 3.00 63.81
8192 8106 4.83 121.69
7905 7917 0.00 83.15
8134 8157 0.00 20.12
9744 9689 0.00 58.34
8593 8557 0.00 62.55
7141 7123 0.00 32.33
9524 9523 0.00 19.82
9177 9273 2.33 139.03
8378 8368 5.22 14.09
9184 9186 1.67 77.56
10117 10255 5.13 139.46
6806 6785 0.00 62.83
8666 8592 12.60 69.27
8223 8105 0.00 119.81
9743 9659 1.00 79.00
9548 9460 0.00 70.03
7435 7516 0.00 119.20
10174 10132 3.00 34.80
6887 6916 0.00 63.42
7676 7609 0.00 74.07
8991 8941 0.00 42.88
9324 9326 0.00 5.94
8921 8943 10.50 25.74
10223 10120 0.00 116.96
8374 8445 3.42 105.57
9040 9159 0.00 142.41
9344 9377 0.00 94.71
7520 7460 6.00 96.92
8158 8007 6.67 143.39
8485 8590 0.00 81.31
7512 7460 3.00 63.28
10784 10957 0.00 111.25
7160 7200 0.00 50.56
8343 8288 10.50 106.26
9642 9582 0.00 87.63
7989 8071 0.00 79.39
8833 8791 50.00 110.13
7609 7676 0.00 74.07
9358 9362 3.00 33.58
9292 9359 20.00 90.06
9676 9658 5.56 60.34
7796 7750 0.00 92.75
9791 9784 0.00 58.18
7728 7632 0.00 91.85
10251 10267 15.75 13.76
8886 8848 3.00 87.76
8404 8352 10.50 101.37
8868 8787 5.72 118.47
9789 9850 0.00 47.61
7643 7642 3.00 9.15
9639 9629 10.00 65.92
7838 7892 2.33 52.74
7759 7806 0.00 46.89
10425 10455 6.56 53.19
9826 9807 5.33 124.75
8682 8791 11.50 91.20
8730 8880 0.00 148.40
8352 8404 10.50 101.37
8329 8368 0.00 119.38
10658 10526 10.14 113.59
10552 10459 6.88 84.19
7402 7339 3.00 69.60
8592 8600 4.05 38.11
9020 9144 3.00 148.00
8675 8689 0.00 13.50
9685 9737 6.69 44.42
8674 8575 10.50 81.91
8693 8563 0.00 110.15
8912 8948 5.20 57.51
9470 9420 0.00 116.73
7736 7759 0.00 66.82
10014 9955 0.00 85.90
8392 8323 6.40 83.73
9606 9554 0.00 101.28
8318 8359 0.00 84.66
8399 8392 0.00 9.46
7164 7140 2.33 43.74
7579 7590 0.00 94.52
9475 9600 0.00 114.01
10211 10141 6.20 63.21
8982 8930 3.00 58.72
7502 7419 11.50 91.34
7175 7090 0.00 127.44
8676 8606 0.00 73.07
9243 9206 0.00 34.93
8180 8304 8.19 124.39
11586 11596 0.00 63.98
8583 8549 0.00 84.52
9741 9631 5.92 142.19
10438 10339 11.50 93.39
8809 8849 10.11 58.69
8314 8270 0.00 76.53
8819 8737 5.50 78.04
7987 7938 0.00 38.10
9764 9756 3.47 102.65
8736 8767 10.00 49.66
8925 8854 10.00 100.73
7774 7651 0.00 119.94
9824 9924 50.00 75.20
8285 8320 0.00 77.31
7590 7531 3.00 63.58
8836 8838 1.00 16.52
7012 6960 20.00 78.43
7649 7621 0.00 49.81
10465 10480 30.00 20.37
8733 8681 6.40 128.82
9232 9217 4.31 102.53
8673 8690 0.00 13.30
9802 9834 0.00 64.04
7588 7585 8.67 102.01
9630 9680 6.00 148.27
8901 8977 10.00 84.22
9024 9063 4.55 60.60
7748 7742 0.00 42.70
7078 7156 7.50 119.55
8764 8746 0.00 18.34
10151 10063 11.00 109.46
9394 9399 0.00 20.32
10067 10066 8.67 83.86
8689 8725 0.00 70.20
9658 9676 5.56 60.34
7573 7512 0.00 101.85
7454 7404 1.00 80.77
9142 9207 8.65 62.04
6759 6736 5.33 66.91
8308 8239 3.00 64.86
7643 7726 0.00 99.62
9177 9172 3.00 19.73
6939 6911 0.00 48.62
9889 9879 0.00 18.41
6911 7025 14.33 127.26
9907 9767 6.40 117.21
8316 8365 0.00 90.86
11107 10937 0.00 100.34
9280 9319 0.00 86.13
8972 9063 4.25 102.12
7253 7237 0.00 52.15
7918 7869 0.00 47.82
8100 8057 0.00 47.19
8209 8155 11.50 82.51
8257 8324 0.00 80.62
10125 10039 0.00 88.71
9629 9685 4.97 53.44
7543 7526 0.00 137.72
6987 7001 0.00 19.35
8704 8600 2.33 91.34
9076 8933 0.00 140.59
9499 9415 7.67 71.83
9495 9523 0.00 32.02
10136 10226 0.00 89.13
7581 7710 0.00 130.14
7209 7176 3.00 44.61
10547 10684 5.82 108.58
7590 7614 2.00 30.29
10010 9963 4.00 120.32
7650 7720 2.83 71.43
9800 9945 5.40 135.50
8966 9019 0.00 50.94
7737 7810 0.00 144.20
7347 7353 3.00 73.08
7680 7676 0.00 30.12
9475 9445 0.00 19.81
8704 8693 0.00 23.67
9679 9588 0.00 136.40
7398 7391 0.00 88.45
8160 8153 0.00 61.14
8356 8391 0.00 87.62
9292 9343 5.50 58.05
6802 6788 8.50 125.49
9858 9913 3.00 59.25
9759 9788 3.00 21.71
9588 9477 0.00 136.48
8357 8256 10.25 108.94
7641 7696 0.00 48.95
8484 8492 3.00 100.47
8238 8302 16.00 102.16
7285 7344 1.00 101.30
8325 8264 0.00 103.72
9646 9668 3.00 81.73
10504 10505 0.00 9.85
7970 7836 8.00 137.58
8732 8802 6.09 69.18
7916 8033 7.38 99.42
9615 9572 0.00 103.05
10948 11019 0.00 118.53
10605 10629 0.00 54.15
9454 9465 0.00 25.77
8152 8153 7.25 16.07
9117 9081 1.67 33.54
10030 10105 7.83 58.89
9275 9253 0.00 87.86
9899 9808 5.83 64.47
9071 9049 0.00 57.46
8176 8187 10.00 24.49
8991 9071 0.00 83.29
8546 8536 0.00 7.14
8686 8639 3.00 37.86
7277 7222 0.00 78.67
8234 8199 3.00 63.45
7662 7610 0.00 63.23
7724 7745 0.00 51.14
9135 9164 2.50 90.35
10230 10165 3.00 57.38
8893 8777 8.14 134.36
7414 7398 0.00 88.47
8006 8159 20.00 143.61
8468 8569 5.80 83.53
9209 9163 0.00 36.69
7992 7987 50.00 12.29
9147 9155 5.60 72.17
7744 7861 20.00 135.18
8122 8141 0.00 31.54
10464 10485 9.40 20.48
9325 9452 3.00 115.33
9144 9101 20.00 60.47
8974 8965 24.33 108.08
10847 10837 0.00 60.83
6934 6881 0.00 70.26
7655 7614 30.00 84.48
7193 7197 0.00 6.45
9016 8959 0.00 70.57
7009 7005 0.00 115.46
10746 10689 0.00 39.40
7453 7352 0.00 131.48
9767 9907 6.40 117.21
9542 9647 0.00 116.24
8692 8764 3.00 83.73
10264 10171 0.00 118.32
9370 9537 0.00 119.16
7890 7916 5.43 61.34
7526 7543 0.00 137.72
10956 10869 0.00 47.06
7638 7660 0.00 38.91
7303 7363 3.00 87.94
9336 9456 3.00 92.90
1 5 9276 9358 9568 9620 9566 9644 10030 10040 9897 9949
2 4 8413 8483 8579 8655 8902 8807 9002 9010
3 3 7197 7220 7522 7467 7399 7374
4 2 9230 9270 9806 9839
