2223 5201 2 15 4 3 3817.14 1406.31
155558  38
155617  38
155638  38
155645  38
155672  38
155701  38
155719  38
155810  38
155824  38
155858  38
155868  38
155895  38
155901  38
155946  38
155984  38
155993  38
156003  38
156030  38
156089  38
156097  38
156181  38
156398  38
156610  38
157114  38
157187  38
157280  38
157293  38
157304  38
157373  38
157381  38
157442  38
157652  38
157681  38
157799  38
157854  38
157880  38
157999  38
158077  38
158084  38
158242  38
158259  38
158491  38
158542  38
158660  38
158669  38
158770  38
158841  38
158850  38
158864  38
158997  38
159520  38
159721  38
160001  38
160031  38
160081  38
160120  38
160126  38
160258  38
160264  38
160265  38
160511  38
160522  38
160571  38
160586  38
160601  38
160643  38
160682  38
160888  38
160974  38
160977  38
161020  38
161092  38
161110  38
161144  38
161218  38
161362  38
161628  38
161952  38
161977  38
162064  38
162084  38
162166  38
162185  51
162255  38
162349  38
162416  38
162454  51
162493  51
162508  51
162520  51
162550  38
162556  38
162599  51
162755  51
162757  38
162764  51
162814  51
162933  51
162952  51
163061  51
163069  51
163160  51
163234  51
163314  51
163598  51
163624  51
163626  51
163709  51
163744  51
163899  51
164026  51
164122  51
164127  51
164130  51
164226  51
164294  51
164328  51
164501  51
164559  51
164589  51
164590  51
164665  51
164785  51
164787  51
164792  51
164838  51
164867  51
164959  51
164995  51
165182  51
165304  51
165323  51
165329  51
165385  51
165437  51
165452  51
165496  51
165620  51
165671  51
165697  51
165737  51
165776  51
165781  51
165790  51
165804  51
165847  51
165876  51
165906  51
166046  51
166127  51
166136  51
166170  51
166198  51
166220  51
166228  51
166400  51
166430  51
166433  51
166437  51
166495  51
166514  51
166518  51
166585  51
166607  51
166621  51
166724  51
166803  51
155389  38
155570  38
155599  38
155600  38
155670  38
155687  38
155753  38
155776  38
155802  38
155803  38
155804  38
155821  38
155844  38
155846  38
155847  38
155850  38
155864  38
155867  38
155882  38
155886  38
155891  38
155892  38
155904  38
155906  38
155912  38
155922  38
155929  38
155934  38
155950  38
155956  38
155959  38
155960  38
155968  38
155972  38
156005  38
156015  38
156022  38
156029  38
156032  38
156034  38
156072  38
156078  38
156083  38
156085  38
156086  38
156087  38
156091  38
156105  38
156113  38
156120  38
156131  38
156132  38
156134  38
156138  38
156143  38
156156  38
156159  38
156163  38
156166  38
156172  38
156179  38
156185  38
156186  38
156189  38
156194  38
156199  38
156203  38
156208  38
156210  38
156214  38
156231  38
156233  38
156234  38
156235  38
156241  38
156252  38
156255  38
156256  38
156269  38
156271  38
156275  38
156276  38
156283  38
156291  38
156297  38
156304  38
156305  38
156306  38
156307  38
156313  38
156318  38
156321  38
156329  38
156333  38
156334  38
156340  38
156356  38
156361  38
156368  38
156373  38
156378  38
156383  38
156390  38
156393  38
156395  38
156407  38
156415  38
156419  38
156424  38
156426  38
156433  38
156441  38
156443  38
156445  38
156446  38
156449  38
156455  38
156460  38
156466  38
156477  38
156486  38
156488  38
156503  38
156504  38
156508  38
156514  38
156516  38
156522  38
156532  38
156536  38
156537  38
156547  38
156552  38
156554  38
156556  38
156565  38
156568  38
156573  38
156576  38
156586  38
156597  38
156599  38
156601  38
156603  38
156634  38
156645  38
156646  38
156647  38
156648  38
156665  38
156673  38
156677  38
156679  38
156682  38
156689  38
156690  38
156691  38
156695  38
156696  38
156702  38
156703  38
156705  38
156706  38
156713  38
156718  38
156721  38
156722  38
156725  38
156726  38
156728  38
156732  38
156733  38
156742  38
156746  38
156748  38
156754  38
156755  38
156756  38
156762  38
156765  38
156770  38
156773  38
156775  38
156782  38
156795  38
156799  38
156801  38
156802  38
156804  38
156806  38
156811  38
156815  38
156820  38
156821  38
156822  38
156828  38
156832  38
156834  38
156837  38
156851  38
156853  38
156859  38
156864  38
156869  38
156872  38
156875  38
156879  38
156880  38
156895  38
156901  38
156907  38
156919  38
156924  38
156926  38
156936  38
156944  38
156946  38
156949  38
156964  38
156966  38
156968  38
156970  38
156976  38
156984  38
156996  38
156997  38
156998  38
157002  38
157008  38
157013  38
157014  38
157016  38
157027  38
157032  38
157041  38
157045  38
157048  38
157049  38
157050  38
157057  38
157061  38
157065  38
157066  38
157071  38
157072  38
157074  38
157080  38
157085  38
157092  38
157093  38
157097  38
157100  38
157101  38
157102  38
157109  38
157111  38
157112  38
157118  38
157120  38
157123  38
157124  38
157135  38
157138  38
157140  38
157141  38
157143  38
157144  38
157148  38
157150  38
157154  38
157156  38
157157  38
157159  38
157164  38
157168  38
157170  38
157172  38
157173  38
157176  38
157182  38
157185  38
157197  38
157200  38
157202  38
157209  38
157210  38
157211  38
157212  38
157219  38
157223  38
157227  38
157233  38
157243  38
157245  38
157249  38
157257  38
157270  38
157275  38
157279  38
157287  38
157290  38
157298  38
157299  38
157306  38
157309  38
157316  38
157324  38
157325  38
157334  38
157338  38
157339  38
157343  38
157358  38
157364  38
157368  38
157372  38
157374  38
157385  38
157391  38
157392  38
157393  38
157395  38
157397  38
157398  38
157402  38
157409  38
157411  38
157412  38
157418  38
157419  38
157421  38
157423  38
157424  38
157427  38
157430  38
157440  38
157444  38
157446  38
157452  38
157455  38
157457  38
157459  38
157463  38
157464  38
157465  38
157466  38
157469  38
157471  38
157474  38
157477  38
157482  38
157484  38
157488  38
157496  38
157505  38
157514  38
157517  38
157522  38
157524  38
157527  38
157528  38
157530  38
157549  38
157551  38
157555  38
157563  38
157567  38
157568  38
157571  38
157575  38
157588  38
157609  38
157610  38
157611  38
157613  38
157621  38
157626  38
157628  38
157632  38
157633  38
157634  38
157641  38
157650  38
157654  38
157659  38
157661  38
157669  38
157673  38
157674  38
157676  38
157684  38
157685  38
157691  38
157699  38
157716  38
157725  38
157727  38
157729  38
157738  38
157743  38
157746  38
157747  38
157749  38
157751  38
157758  38
157759  38
157768  38
157782  38
157785  38
157787  38
157788  38
157790  38
157794  38
157800  38
157801  38
157807  38
157808  38
157810  38
157817  38
157819  38
157828  38
157833  38
157835  38
157839  38
157846  38
157847  38
157850  38
157855  38
157856  38
157859  38
157866  38
157870  38
157872  38
157878  38
157884  38
157888  38
157895  38
157902  38
157908  38
157923  38
157938  38
157948  38
157949  38
157952  38
157958  38
157962  38
157963  38
157964  38
157967  38
157970  38
157974  38
157982  38
157984  38
157993  38
157994  38
158009  38
158011  38
158017  38
158018  38
158030  38
158047  38
158052  38
158053  38
158075  38
158080  38
158093  38
158106  38
158115  38
158117  38
158120  38
158126  38
158134  38
158148  38
158150  38
158156  38
158172  38
158174  38
158175  38
158177  38
158183  38
158196  38
158200  38
158203  38
158205  38
158210  38
158215  38
158222  38
158223  38
158226  38
158236  38
158237  38
158238  38
158243  38
158248  38
158260  38
158288  38
158302  38
158310  38
158313  38
158316  38
158323  38
158351  38
158359  38
158385  38
158392  38
158404  38
158437  38
158442  38
158447  38
158449  38
158453  38
158458  38
158464  38
158474  38
158475  38
158477  38
158481  38
158487  38
158488  38
158489  38
158493  38
158505  38
158507  38
158512  38
158532  38
158547  38
158551  38
158564  38
158565  38
158580  38
158592  38
158593  38
158594  38
158596  38
158615  38
158616  38
158619  38
158620  38
158622  38
158630  38
158631  38
158639  38
158644  38
158655  38
158662  38
158664  38
158681  38
158683  38
158689  38
158709  38
158722  38
158728  38
158736  38
158744  38
158748  38
158752  38
158757  38
158759  38
158764  38
158777  38
158783  38
158784  38
158794  38
158798  38
158800  38
158808  38
158812  38
158823  38
158834  38
158842  38
158854  38
158878  38
158884  38
158912  38
158921  38
158935  38
158946  38
158950  38
158959  38
158965  38
158975  38
158977  38
158982  38
158994  38
159018  38
159020  38
159022  38
159028  38
159049  38
159068  38
159094  38
159100  38
159102  38
159103  38
159106  38
159110  38
159111  38
159113  38
159114  38
159116  38
159120  38
159129  38
159141  38
159148  38
159162  38
159165  38
159169  38
159170  38
159175  38
159178  38
159187  38
159188  38
159192  38
159194  38
159213  38
159222  38
159223  38
159224  38
159229  38
159230  38
159259  38
159264  38
159265  38
159270  38
159271  38
159272  38
159276  38
159284  38
159285  38
159292  38
159305  38
159308  38
159309  38
159320  38
159325  38
159330  38
159337  38
159340  38
159342  38
159343  38
159345  38
159357  38
159367  38
159368  38
159386  38
159400  38
159403  38
159406  38
159414  38
159425  38
159430  38
159451  38
159452  38
159455  38
159476  38
159481  38
159487  38
159509  38
159514  38
159522  38
159524  38
159534  38
159541  38
159543  38
159553  38
159556  38
159557  38
159579  38
159583  38
159584  38
159596  38
159600  38
159604  38
159608  38
159610  38
159613  38
159618  38
159622  38
159629  38
159635  38
159642  38
159643  38
159646  38
159647  38
159648  38
159657  38
159660  38
159661  38
159662  38
159664  38
159666  38
159667  38
159681  38
159693  38
159704  38
159715  38
159717  38
159718  38
159728  38
159729  38
159738  38
159759  38
159768  38
159799  38
159810  38
159812  38
159818  38
159820  38
159825  38
159827  38
159828  38
159857  38
159858  38
159866  38
159868  38
159873  38
159884  38
159890  38
159897  38
159903  38
159905  38
159917  38
159924  38
159925  38
159926  38
159928  38
159932  38
159934  38
159942  38
159954  38
159962  38
159963  38
159968  38
159983  38
159984  38
160010  38
160014  38
160026  38
160030  38
160038  38
160042  38
160055  38
160066  38
160075  38
160082  38
160091  38
160092  38
160099  38
160106  38
160111  38
160113  38
160119  38
160128  38
160143  38
160153  38
160161  38
160175  38
160180  38
160182  38
160185  38
160186  38
160189  38
160199  38
160203  38
160205  38
160211  38
160218  38
160219  38
160222  38
160237  38
160242  38
160252  38
160253  38
160266  38
160268  38
160271  38
160273  38
160280  38
160282  38
160286  38
160290  38
160305  38
160310  38
160320  38
160323  38
160328  38
160338  38
160356  38
160366  38
160367  38
160373  38
160379  38
160381  38
160384  38
160393  38
160450  38
160451  38
160454  38
160464  38
160468  38
160470  38
160473  38
160475  38
160477  38
160481  38
160485  38
160486  38
160490  38
160506  38
160521  38
160530  38
160533  38
160547  38
160566  38
160574  38
160577  38
160593  38
160597  38
160602  38
160604  38
160619  38
160626  38
160633  38
160638  38
160644  38
160654  38
160664  38
160667  38
160671  38
160673  38
160674  38
160685  38
160688  38
160690  38
160698  38
160705  38
160706  38
160712  38
160737  38
160739  38
160744  38
160746  38
160765  38
160769  38
160770  38
160774  38
160775  38
160776  38
160778  38
160782  38
160783  38
160784  38
160790  38
160799  38
160800  38
160803  38
160805  38
160807  38
160819  38
160828  38
160831  38
160834  38
160842  38
160858  38
160862  38
160868  38
160870  38
160875  38
160895  38
160903  38
160910  38
160911  38
160914  38
160916  38
160917  38
160922  38
160923  38
160933  38
160935  38
160936  38
160955  38
160956  38
160958  38
160960  38
160965  38
160967  38
160971  38
160973  38
160975  38
160979  38
160990  38
160994  38
160996  38
161004  38
161009  38
161017  38
161018  38
161024  38
161032  38
161045  38
161050  38
161061  38
161072  38
161077  38
161080  38
161091  38
161095  38
161096  38
161097  38
161100  38
161101  38
161102  38
161104  38
161117  38
161128  38
161148  38
161159  38
161165  38
161175  38
161181  38
161183  38
161184  38
161191  38
161213  38
161237  38
161249  38
161253  38
161256  38
161262  38
161265  38
161276  38
161283  38
161290  38
161293  38
161296  38
161304  38
161309  38
161313  38
161322  38
161323  38
161332  38
161341  38
161344  38
161345  38
161351  38
161366  38
161369  38
161372  38
161377  38
161388  38
161390  38
161396  38
161398  38
161400  38
161406  38
161432  38
161437  38
161438  38
161447  38
161449  38
161455  38
161456  38
161459  38
161483  38
161484  38
161488  38
161493  38
161498  38
161506  38
161519  38
161522  38
161529  38
161544  38
161552  38
161563  38
161567  38
161574  38
161576  38
161577  38
161589  38
161590  38
161591  38
161593  38
161603  38
161611  38
161620  38
161633  38
161637  38
161642  38
161643  38
161651  38
161664  38
161665  38
161671  38
161673  38
161676  38
161679  38
161688  38
161692  38
161711  38
161718  38
161728  38
161738  38
161759  38
161766  38
161767  38
161769  38
161773  38
161775  38
161786  38
161787  38
161793  38
161794  38
161798  38
161799  38
161801  38
161804  38
161805  38
161808  38
161812  38
161819  38
161824  38
161831  38
161834  38
161846  38
161860  38
161861  38
161864  38
161865  38
161867  38
161875  38
161883  38
161885  38
161886  38
161889  38
161891  38
161900  38
161901  38
161906  38
161920  38
161935  38
161944  38
161947  38
161951  38
161953  38
161959  38
161963  38
161964  38
161968  38
161974  38
161980  38
161982  38
161991  38
161999  38
162007  38
162010  38
162012  38
162015  38
162018  38
162019  38
162024  38
162028  38
162032  51
162033  38
162040  38
162057  38
162060  38
162068  38
162080  38
162082  38
162088  38
162097  38
162099  38
162102  38
162103  38
162104  38
162112  38
162114  38
162123  38
162126  38
162129  38
162130  38
162132  38
162150  38
162151  38
162159  38
162162  38
162169  38
162171  38
162172  51
162176  51
162177  38
162192  38
162194  38
162198  51
162203  38
162229  51
162233  51
162237  38
162238  38
162243  38
162256  38
162257  38
162264  38
162267  38
162281  38
162283  51
162285  38
162286  38
162292  38
162300  51
162305  51
162318  38
162320  38
162322  38
162339  51
162345  38
162352  38
162353  38
162358  38
162363  38
162374  51
162376  51
162377  38
162379  38
162382  51
162383  51
162385  51
162387  38
162389  38
162395  51
162399  38
162401  51
162402  38
162406  38
162409  51
162412  51
162413  38
162415  38
162417  38
162420  38
162425  51
162446  51
162450  51
162457  51
162460  38
162461  51
162462  38
162464  51
162468  38
162483  51
162484  38
162486  51
162494  38
162525  51
162534  38
162546  38
162552  51
162554  38
162555  38
162561  51
162568  51
162571  51
162572  51
162574  38
162575  51
162576  51
162579  51
162588  38
162589  51
162591  51
162595  51
162596  51
162600  38
162606  51
162619  51
162637  38
162638  51
162641  51
162645  38
162653  51
162654  51
162657  51
162665  51
162670  51
162674  51
162675  38
162686  38
162688  38
162689  38
162690  51
162692  51
162703  51
162711  38
162715  51
162740  51
162741  51
162749  38
162756  51
162759  51
162761  51
162773  51
162778  51
162787  51
162792  38
162793  51
162815  51
162818  51
162822  51
162826  51
162832  51
162840  51
162843  51
162847  51
162852  51
162860  51
162863  51
162865  51
162868  38
162872  51
162881  51
162883  51
162890  38
162892  51
162895  51
162900  38
162901  51
162905  51
162908  51
162928  51
162938  51
162939  51
162943  51
162944  51
162948  51
162951  51
162955  51
162959  51
162960  38
162971  51
162978  51
162984  51
162998  51
163025  51
163033  51
163043  51
163054  51
163063  51
163064  51
163065  51
163066  51
163070  51
163071  51
163073  51
163077  51
163078  51
163097  51
163108  51
163112  51
163122  51
163127  51
163134  51
163136  51
163138  51
163144  51
163145  51
163148  51
163150  51
163151  51
163152  51
163157  51
163161  51
163171  51
163178  51
163190  51
163204  51
163207  51
163225  51
163227  51
163228  51
163231  51
163232  51
163235  51
163237  51
163239  51
163240  51
163245  51
163252  51
163254  51
163261  51
163268  51
163269  51
163270  51
163272  51
163285  51
163287  51
163290  51
163293  51
163299  51
163301  51
163302  51
163305  51
163306  51
163307  51
163311  51
163326  51
163328  51
163330  51
163348  51
163351  51
163353  51
163357  51
163362  51
163364  51
163371  51
163377  51
163384  51
163386  51
163392  51
163397  51
163399  51
163400  51
163404  51
163406  51
163408  51
163413  51
163415  51
163416  51
163420  51
163423  51
163426  51
163429  51
163437  51
163438  51
163449  51
163464  51
163471  51
163485  51
163490  51
163495  51
163496  51
163500  51
163505  51
163509  51
163511  51
163518  51
163519  51
163520  51
163527  51
163536  51
163538  51
163540  51
163545  51
163553  51
163554  51
163557  51
163560  51
163561  51
163562  51
163563  51
163566  51
163587  51
163595  51
163597  51
163599  51
163601  51
163602  51
163606  51
163609  51
163610  51
163615  51
163619  51
163620  51
163621  51
163627  51
163632  51
163638  51
163648  51
163654  51
163657  51
163660  51
163661  51
163674  51
163689  51
163690  51
163693  51
163698  51
163703  51
163712  51
163722  51
163724  51
163725  51
163733  51
163738  51
163748  51
163756  51
163759  51
163761  51
163767  51
163771  51
163774  51
163784  51
163785  51
163786  51
163789  51
163791  51
163794  51
163799  51
163807  51
163810  51
163815  51
163822  51
163826  51
163830  51
163838  51
163844  51
163848  51
163859  51
163862  51
163866  51
163870  51
163873  51
163879  51
163886  51
163891  51
163896  51
163910  51
163915  51
163919  51
163927  51
163941  51
163946  51
163950  51
163956  51
163963  51
163968  51
163974  51
163980  51
163991  51
163995  51
163997  51
164005  51
164012  51
164014  51
164015  51
164021  51
164023  51
164032  51
164040  51
164045  51
164048  51
164065  51
164066  51
164067  51
164078  51
164079  51
164085  51
164086  51
164090  51
164096  51
164100  51
164105  51
164114  51
164125  51
164133  51
164135  51
164141  51
164146  51
164152  51
164159  51
164164  51
164179  51
164183  51
164189  51
164190  51
164192  51
164193  51
164195  51
164200  51
164201  51
164206  51
164208  51
164211  51
164214  51
164217  51
164221  51
164223  51
164231  51
164237  51
164243  51
164245  51
164246  51
164252  51
164253  51
164254  51
164257  51
164263  51
164264  51
164267  51
164269  51
164282  51
164290  51
164304  51
164310  51
164313  51
164314  51
164320  51
164324  51
164333  51
164335  51
164344  51
164350  51
164352  51
164355  51
164361  51
164363  51
164372  51
164373  51
164375  51
164377  51
164380  51
164381  51
164382  51
164385  51
164386  51
164388  51
164390  51
164395  51
164398  51
164407  51
164411  51
164423  51
164425  51
164428  51
164432  51
164436  51
164446  51
164447  51
164448  51
164449  51
164450  51
164455  51
164456  51
164469  51
164474  51
164475  51
164477  51
164478  51
164481  51
164483  51
164484  51
164486  51
164489  51
164492  51
164497  51
164500  51
164504  51
164507  51
164509  51
164511  51
164515  51
164517  51
164518  51
164523  51
164525  51
164532  51
164537  51
164539  51
164540  51
164541  51
164545  51
164550  51
164553  51
164556  51
164557  51
164561  51
164568  51
164571  51
164572  51
164576  51
164579  51
164582  51
164593  51
164595  51
164597  51
164601  51
164602  51
164606  51
164611  51
164614  51
164621  51
164624  51
164627  51
164640  51
164644  51
164646  51
164647  51
164648  51
164651  51
164652  51
164655  51
164658  51
164661  51
164666  51
164668  51
164669  51
164671  51
164672  51
164677  51
164678  51
164682  51
164683  51
164684  51
164685  51
164689  51
164690  51
164692  51
164698  51
164705  51
164712  51
164719  51
164721  51
164722  51
164725  51
164726  51
164731  51
164741  51
164754  51
164759  51
164760  51
164763  51
164764  51
164771  51
164778  51
164779  51
164780  51
164783  51
164794  51
164795  51
164812  51
164814  51
164815  51
164819  51
164825  51
164827  51
164832  51
164839  51
164840  51
164842  51
164851  51
164866  51
164868  51
164870  51
164874  51
164876  51
164882  51
164883  51
164885  51
164886  51
164894  51
164895  51
164897  51
164899  51
164901  51
164904  51
164908  51
164910  51
164913  51
164915  51
164916  51
164918  51
164920  51
164925  51
164926  51
164930  51
164935  51
164936  51
164938  51
164945  51
164946  51
164948  51
164958  51
164960  51
164962  51
164965  51
164966  51
164973  51
164974  51
164978  51
164987  51
164988  51
164993  51
165001  51
165004  51
165006  51
165009  51
165012  51
165018  51
165019  51
165028  51
165031  51
165037  51
165038  51
165046  51
165053  51
165055  51
165060  51
165062  51
165068  51
165072  51
165077  51
165081  51
165084  51
165085  51
165088  51
165095  51
165099  51
165104  51
165105  51
165107  51
165108  51
165109  51
165110  51
165114  51
165115  51
165125  51
165131  51
165134  51
165146  51
165152  51
165153  51
165159  51
165163  51
165165  51
165167  51
165175  51
165177  51
165179  51
165185  51
165186  51
165189  51
165193  51
165200  51
165206  51
165211  51
165213  51
165215  51
165220  51
165226  51
165229  51
165231  51
165235  51
165237  51
165238  51
165245  51
165250  51
165253  51
165258  51
165263  51
165270  51
165272  51
165273  51
165280  51
165282  51
165286  51
165288  51
165291  51
165292  51
165293  51
165294  51
165297  51
165305  51
165309  51
165316  51
165327  51
165328  51
165335  51
165342  51
165343  51
165350  51
165351  51
165354  51
165358  51
165364  51
165370  51
165372  51
165374  51
165379  51
165389  51
165394  51
165395  51
165397  51
165398  51
165407  51
165411  51
165414  51
165417  51
165421  51
165422  51
165425  51
165430  51
165431  51
165432  51
165433  51
165443  51
165444  51
165446  51
165447  51
165451  51
165462  51
165466  51
165467  51
165473  51
165476  51
165479  51
165482  51
165484  51
165487  51
165510  51
165511  51
165516  51
165517  51
165518  51
165520  51
165529  51
165530  51
165536  51
165537  51
165540  51
165552  51
165556  51
165557  51
165558  51
165559  51
165563  51
165570  51
165571  51
165586  51
165587  51
165594  51
165595  51
165597  51
165598  51
165600  51
165607  51
165608  51
165609  51
165612  51
165614  51
165618  51
165621  51
165625  51
165626  51
165633  51
165634  51
165635  51
165644  51
165647  51
165656  51
165672  51
165674  51
165675  51
165676  51
165683  51
165688  51
165699  51
165701  51
165703  51
165705  51
165708  51
165715  51
165718  51
165723  51
165725  51
165730  51
165731  51
165741  51
165745  51
165750  51
165752  51
165762  51
165764  51
165773  51
165783  51
165785  51
165792  51
165795  51
165800  51
165802  51
165810  51
165813  51
165824  51
165831  51
165832  51
165833  51
165843  51
165845  51
165848  51
165849  51
165850  51
165856  51
165859  51
165864  51
165865  51
165866  51
165868  51
165870  51
165871  51
165872  51
165875  51
165879  51
165881  51
165887  51
165888  51
165891  51
165893  51
165896  51
165900  51
165911  51
165920  51
165928  51
165933  51
165935  51
165942  51
165944  51
165949  51
165954  51
165959  51
165964  51
165965  51
165978  51
165980  51
165982  51
165984  51
165987  51
165993  51
165994  51
166001  51
166002  51
166006  51
166008  51
166020  51
166022  51
166023  51
166024  51
166027  51
166028  51
166030  51
166033  51
166034  51
166040  51
166050  51
166054  51
166055  51
166066  51
166070  51
166081  51
166082  51
166084  51
166085  51
166088  51
166094  51
166098  51
166100  51
166101  51
166111  51
166115  51
166128  51
166129  51
166146  51
166148  51
166150  51
166155  51
166158  51
166162  51
166168  51
166171  51
166172  51
166174  51
166176  51
166177  51
166179  51
166182  51
166183  51
166184  51
166186  51
166191  51
166194  51
166206  51
166207  51
166209  51
166219  51
166232  51
166234  51
166240  51
166246  51
166251  51
166259  51
166260  51
166272  51
166273  51
166278  51
166281  51
166283  51
166301  51
166302  51
166305  51
166308  51
166311  51
166315  51
166318  51
166326  51
166327  51
166328  51
166329  51
166337  51
166342  51
166345  51
166352  51
166361  51
166371  51
166378  51
166388  51
166389  51
166392  51
166397  51
166410  51
166414  51
166421  51
166427  51
166432  51
166434  51
166443  51
166449  51
166455  51
166460  51
166461  51
166467  51
166470  51
166478  51
166488  51
166491  51
166553  51
166560  51
166578  51
166579  51
166584  51
166586  51
166587  51
166591  51
166617  51
166618  51
166726  51
166732  51
166764  51
166835  51
155558  155891  8.20    112.34
155617  155934  10.00   128.59
155638  155864  3.00    76.53
155645  155906  8.67    86.48
155672  155922  10.00   119.92
155701  155891  5.94    137.30
155719  156034  6.00    100.12
155753  155847  4.67    68.22
155776  155753  10.00   95.77
155776  155847  10.00   39.78
155803  155776  0.00    22.25
155803  155389  3.00    132.23
155810  156078  3.00    90.92
155824  156087  10.38   89.07
155847  155886  7.63    28.92
155858  156189  11.01   127.55
155864  155803  15.67   46.75
155868  156179  0.00    124.88
155886  155803  0.00    39.23
155886  156005  7.73    75.10
155886  156086  6.32    93.81
155891  156210  6.53    112.87
155891  155929  4.17    122.47
155892  155934  1.89    42.99
155892  155670  8.85    77.86
155895  156134  8.67    92.78
155901  155906  5.33    30.97
155904  155821  4.47    140.41
155904  155570  8.56    111.46
155906  155864  0.00    55.98
155922  155804  10.00   41.02
155929  155892  4.72    120.82
155929  155599  10.50   108.29
155934  156022  5.37    54.77
155946  155846  0.00    33.05
155950  155600  8.55    112.46
155950  155904  4.50    74.10
155959  156134  4.67    76.58
155968  156235  1.67    87.97
155972  155850  10.53   38.26
155984  155867  0.00    37.21
155993  155922  10.00   21.37
156003  155882  1.00    40.27
156005  156120  7.84    57.43
156015  155950  3.87    103.88
156015  155687  2.53    105.11
156015  156072  4.19    90.02
156022  156163  1.80    96.30
156022  156269  8.00    92.23
156029  155972  10.57   85.03
156030  156138  0.00    38.33
156032  156159  20.00   89.35
156034  156334  7.80    100.12
156072  156087  6.78    14.68
156072  156460  8.47    138.58
156078  156029  7.50    85.03
156078  156356  1.00    93.65
156083  156032  15.17   86.90
156083  155972  5.50    37.59
156085  155802  0.00    113.85
156086  156194  7.25    53.09
156086  156271  10.00   73.33
156087  156132  4.76    17.14
156089  156373  7.67    97.22
156091  155960  0.00    46.74
156097  156231  2.40    64.88
156097  155959  10.00   56.26
156105  155956  7.60    97.31
156120  156091  4.00    41.55
156120  156255  1.00    66.28
156131  156441  9.00    114.28
156131  156210  5.05    68.97
156132  156361  7.43    75.03
156132  156321  5.14    70.00
156134  156306  3.00    76.27
156134  156424  0.00    118.25
156138  156078  10.33   93.36
156143  156433  0.00    101.35
156143  156105  10.75   44.80
156156  156307  10.00   71.51
156156  156005  9.75    72.19
156159  156143  10.00   25.50
156163  156321  6.20    96.60
156166  156085  3.00    31.17
156172  155844  0.00    129.42
156179  156305  0.00    44.16
156181  156091  0.00    32.48
156185  156159  0.00    39.50
156185  156333  20.00   49.51
156186  155912  6.22    92.44
156186  156138  10.00   73.63
156189  156256  0.00    21.90
156194  156131  5.02    135.11
156194  156234  7.41    16.97
156199  156105  14.69   47.14
156199  156166  8.67    46.68
156203  156185  9.83    26.62
156210  156275  6.05    112.77
156210  156586  6.00    145.31
156214  156166  0.00    16.67
156231  156368  0.00    62.13
156231  156378  3.00    94.72
156233  156203  15.00   44.94
156234  156297  10.00   34.58
156234  156466  11.00   104.63
156235  156446  6.50    86.60
156241  156172  0.00    22.38
156252  156083  8.17    56.32
156252  156233  4.83    27.48
156256  156646  3.00    141.20
156269  156419  7.67    60.48
156269  156208  0.00    46.24
156271  156156  10.60   54.75
156271  156445  5.33    76.84
156275  156318  5.44    76.58
156275  156477  5.33    78.84
156276  156634  8.75    130.78
156276  156252  0.00    45.53
156283  156199  1.50    36.77
156283  156214  0.00    26.20
156291  156015  3.32    95.13
156297  156516  3.00    84.20
156297  156441  11.00   62.81
156304  156333  0.00    37.42
156305  156407  8.00    44.39
156305  156455  11.50   55.94
156306  156446  28.00   65.52
156306  155968  1.00    135.10
156307  156445  11.00   69.41
156307  156390  10.00   36.13
156313  156673  12.17   129.64
156313  156276  3.86    65.30
156318  156504  0.00    70.84
156318  156329  5.33    11.10
156321  156415  6.63    46.71
156321  156361  5.50    31.05
156329  156373  3.10    50.20
156329  156113  10.00   71.92
156333  156393  0.00    21.10
156334  156601  5.22    100.05
156340  156179  6.05    149.91
156356  156313  8.00    59.42
156356  156695  10.89   128.40
156361  156449  0.00    49.35
156368  156424  1.00    32.52
156373  156383  3.00    13.02
156378  156340  9.38    18.62
156383  156419  5.94    48.69
156393  156426  0.00    15.61
156393  156203  0.00    92.15
156395  156356  8.80    67.26
156398  156233  0.00    59.11
156407  156455  11.50   43.95
156415  156705  7.77    123.33
156415  156645  5.31    107.76
156419  156508  7.91    107.65
156424  156573  10.00   75.04
156426  156304  0.00    72.19
156441  156536  10.00   36.91
156443  156395  6.67    99.45
156443  156186  4.22    92.85
156445  156486  20.00   17.08
156446  156691  8.00    108.06
156449  156460  10.00   19.42
156449  156568  5.50    128.00
156455  156713  0.00    95.22
156460  156547  3.13    98.83
156477  156682  4.40    78.84
156486  156725  3.83    146.79
156486  156532  1.00    19.02
156488  156283  9.38    74.43
156488  156522  2.00    78.88
156503  156407  5.22    71.95
156503  156340  7.00    93.20
156508  156804  9.13    118.01
156508  156576  2.40    67.06
156514  156443  8.00    132.84
156516  156725  10.00   84.20
156522  156554  10.00   59.92
156536  156869  4.67    127.41
156537  156378  13.50   79.68
156537  156368  0.00    97.91
156547  156291  3.88    95.14
156554  156603  11.29   95.24
156556  156718  9.86    88.16
156556  156503  8.11    26.79
156568  156547  0.00    6.25
156573  156306  1.00    113.15
156573  156691  8.00    58.52
156576  156728  6.91    115.81
156576  156321  6.58    114.55
156586  156536  6.43    55.38
156597  156514  8.25    132.84
156599  156586  8.67    14.21
156601  156597  0.00    5.60
156601  156754  5.67    64.12
156603  156634  0.00    45.30
156603  156252  6.29    130.80
156610  156677  3.00    95.73
156634  156673  10.75   67.94
156645  156853  5.07    107.92
156646  157002  0.00    141.36
156647  156690  3.00    98.06
156647  156383  6.23    98.79
156648  156241  0.00    146.24
156665  156821  10.33   121.05
156665  156603  5.33    20.37
156673  156773  11.00   49.63
156673  156695  0.00    61.10
156679  156689  5.65    101.43
156679  156568  2.32    39.82
156682  156599  15.00   100.28
156689  156696  6.14    97.72
156690  156565  3.00    47.75
156691  156770  3.00    58.00
156695  156946  8.67    99.53
156695  156721  19.33   63.89
156696  156702  5.57    97.72
156702  156733  3.00    39.00
156703  156875  3.00    69.25
156703  156682  2.00    29.83
156705  156728  10.11   64.48
156713  157072  0.00    133.95
156713  156732  0.00    9.18
156718  156997  9.83    136.17
156721  156395  25.33   129.96
156722  156665  1.00    29.42
156725  156869  7.67    81.67
156726  156488  0.00    91.62
156728  156864  8.69    54.38
156732  157085  0.00    131.67
156732  157074  0.00    127.93
156733  156754  0.00    18.39
156746  156907  11.00   108.52
156746  156537  7.14    106.72
156748  156703  1.00    77.89
156748  156944  0.00    71.23
156754  156822  7.88    54.97
156754  156834  3.00    28.18
156756  156597  11.09   121.55
156762  156443  7.75    126.11
156765  156742  10.00   31.52
156765  156599  0.00    70.07
156770  156552  0.00    117.48
156770  156859  11.50   48.77
156773  156919  0.00    49.48
156773  156722  0.00    111.01
156775  156755  7.25    47.20
156775  156522  5.50    100.46
156782  156705  2.00    36.91
156795  156647  10.75   68.12
156795  156748  0.00    69.58
156801  156556  10.42   117.80
156801  156706  0.00    65.10
156802  156806  10.50   47.13
156802  156689  6.69    49.80
156804  157112  11.50   118.01
156806  156815  3.00    45.81
156806  157045  0.00    87.78
156811  156775  0.00    60.20
156811  156554  6.50    102.09
156815  156820  0.00    48.92
156815  157111  5.33    111.62
156820  156828  7.80    47.75
156821  156811  1.00    8.56
156822  156901  4.89    53.55
156828  156702  6.67    50.49
156834  156733  7.25    38.94
156834  157066  11.13   87.25
156837  156782  5.00    62.99
156837  156728  9.36    41.74
156851  156722  7.00    47.94
156851  156919  10.00   110.78
156853  156949  2.89    53.27
156859  156746  50.00   50.62
156859  156872  20.00   9.05
156864  157154  6.00    120.32
156864  156968  4.00    66.13
156869  156998  4.00    54.91
156872  157080  0.00    133.62
156872  157032  7.40    107.03
156875  156765  2.00    122.25
156879  156799  0.00    40.44
156879  156832  3.00    26.17
156880  156875  0.00    3.64
156895  156690  3.00    77.71
156895  156795  0.00    97.00
156901  156964  7.00    52.62
156907  156997  9.00    72.83
156907  156801  8.67    37.88
156919  156946  6.50    63.43
156926  156576  9.00    135.58
156936  156756  7.88    121.49
156944  157050  0.00    38.96
156944  156880  2.00    92.06
156946  156976  9.22    61.56
156949  157013  4.33    34.93
156949  156679  3.42    110.33
156964  157140  2.60    126.48
156966  156782  7.07    75.36
156968  156837  9.43    54.77
156970  156726  0.00    91.62
156976  156721  3.00    97.82
156984  156822  0.00    68.54
156984  156834  9.80    62.31
156996  157202  4.67    91.89
156997  157008  0.00    7.74
157002  157374  14.33   141.36
157008  157071  6.50    41.15
157008  157185  11.50   77.87
157013  157048  1.00    16.24
157016  156648  0.00    146.48
157027  156949  4.59    31.13
157027  156853  7.00    81.19
157032  156907  8.45    59.82
157041  157050  0.00    54.96
157041  156795  3.00    89.68
157045  156802  5.33    102.39
157048  157109  5.40    28.02
157048  157135  11.20   36.26
157049  157101  3.00    101.26
157049  156851  11.29   75.73
157050  157093  1.67    68.64
157057  156880  10.00   70.27
157057  157014  11.50   45.80
157061  157013  7.00    23.61
157061  157027  7.25    11.68
157065  156996  7.00    75.77
157066  157287  0.00    87.25
157072  157430  0.00    133.95
157074  157412  0.00    128.23
157080  157032  1.00    20.18
157085  157440  0.00    131.71
157092  156895  10.00   79.49
157092  157041  0.00    94.92
157093  157057  0.00    43.37
157093  157212  11.50   133.28
157097  156828  9.63    101.29
157100  156762  6.33    126.14
157100  156936  13.25   121.43
157101  157143  6.75    101.26
157102  157061  0.00    16.59
157109  157219  4.67    80.07
157109  157245  2.50    75.22
157111  157045  8.50    52.16
157112  157424  10.00   118.01
157114  157041  1.00    29.00
157118  156964  3.00    66.91
157118  157209  0.00    55.86
157120  157102  10.00   8.68
157123  157065  8.67    75.77
157123  156879  5.33    116.54
157124  156901  5.33    107.27
157124  156984  3.00    55.60
157135  157102  0.00    21.58
157135  157148  0.00    9.85
157135  157150  0.00    6.14
157138  157120  7.63    55.53
157138  156966  6.50    75.20
157140  157316  7.33    126.40
157141  157138  0.00    7.30
157141  157170  1.00    9.89
157143  157164  3.00    31.96
157143  157334  5.33    71.61
157144  157120  4.31    11.67
157144  157170  0.00    58.50
157148  157144  0.00    10.83
157150  157148  0.00    7.93
157150  157452  8.27    109.85
157154  157474  7.00    120.35
157156  157150  1.00    9.79
157156  157135  0.00    12.05
157157  157111  10.00   48.37
157157  156820  8.13    128.02
157159  157156  0.00    2.64
157164  157200  3.00    54.25
157164  156976  0.00    72.84
157168  156924  2.00    129.47
157168  157123  20.00   22.03
157170  157197  3.00    47.41
157172  157141  5.33    77.10
157172  156968  5.70    87.45
157176  157209  0.00    14.33
157182  157080  0.00    45.76
157187  157227  0.00    92.76
157197  157211  3.00    25.36
157197  157527  10.00   115.49
157200  157100  2.00    69.08
157202  157391  6.50    91.36
157209  157275  20.00   31.21
157210  157324  9.40    141.72
157211  157172  0.00    15.62
157211  157223  0.00    20.55
157219  157298  0.00    79.29
157223  157172  7.40    23.54
157227  157049  7.00    71.78
157227  157279  13.25   100.39
157233  157549  7.00    110.52
157233  157223  3.00    3.84
157243  156970  0.00    103.93
157245  157398  4.00    144.81
157245  157159  1.67    67.66
157249  156970  0.00    106.82
157257  156926  7.36    135.58
157270  157176  0.00    76.11
157275  157364  4.67    83.26
157275  157444  5.33    68.49
157279  157334  20.00   100.39
157280  157611  2.00    129.52
157287  157464  7.70    61.04
157287  157343  8.17    54.76
157290  157446  10.44   53.55
157290  157159  0.00    91.68
157293  157092  0.00    82.82
157298  157157  11.50   55.19
157298  157358  2.00    50.43
157299  157118  0.00    82.58
157299  157124  0.00    73.32
157304  157306  0.00    6.32
157306  157368  0.00    22.93
157309  157182  6.75    59.36
157316  157555  8.86    127.27
157324  157392  0.00    103.13
157324  157488  7.40    101.61
157325  157306  0.00    31.40
157334  157397  0.00    23.17
157338  157173  0.00    87.20
157339  157325  0.00    36.14
157339  157182  0.00    82.04
157343  157418  6.63    59.94
157343  157124  3.00    86.41
157358  157097  8.80    101.25
157358  157398  1.00    14.38
157364  157270  10.00   35.55
157372  157338  0.00    50.24
157372  157641  5.60    101.04
157373  157309  0.00    28.79
157374  157788  0.00    141.36
157381  157325  0.00    22.85
157385  157459  0.00    116.43
157391  157613  9.00    88.21
157392  157588  1.00    113.14
157392  157575  0.00    67.52
157393  157290  9.63    92.56
157397  157200  2.00    127.09
157398  157464  9.01    57.98
157402  157339  0.00    25.95
157411  157016  0.00    146.49
157412  157633  0.00    69.02
157412  157477  0.00    89.38
157418  157299  10.00   41.80
157418  157444  0.00    21.39
157419  157372  0.00    68.25
157419  157227  6.38    68.67
157427  157402  0.00    5.61
157430  157817  0.00    133.95
157440  157819  0.00    131.70
157442  157402  0.00    13.64
157444  157567  8.29    98.37
157446  157621  13.33   56.68
157452  157654  7.10    63.78
157452  157465  0.00    16.87
157455  157427  0.00    11.44
157457  157270  6.75    121.16
157457  157691  10.00   82.92
157459  157613  0.00    83.39
157459  157168  6.43    127.68
157463  157455  0.00    3.24
157464  157568  6.38    75.62
157465  157496  0.00    46.54
157465  157144  4.05    115.59
157466  157626  15.75   59.52
157466  157397  11.00   36.81
157469  157463  0.00    1.22
157469  157684  0.00    89.32
157471  157419  9.80    78.75
157474  157794  8.00    120.56
157477  157409  0.00    20.69
157477  157484  0.00    30.18
157482  157423  0.00    18.84
157482  157469  0.00    16.14
157484  157421  0.00    19.86
157484  157482  0.00    29.07
157496  157505  0.00    8.23
157505  157522  20.00   36.73
157505  157170  9.00    116.90
157514  157699  10.00   70.10
157514  157446  10.00   53.12
157517  157393  3.00    92.57
157517  157464  10.45   12.82
157522  157833  2.00    113.00
157522  157527  0.00    9.81
157524  157210  3.75    144.28
157527  157549  6.50    46.99
157528  157471  0.00    78.75
157528  157466  10.60   28.15
157530  157233  5.26    116.09
157549  157866  6.14    113.45
157551  157243  3.00    103.96
157555  157626  3.00    35.54
157563  157457  11.50   55.25
157567  157691  8.74    116.23
157567  157364  10.00   67.87
157568  157659  12.42   75.55
157571  157249  0.00    106.84
157575  157674  0.00    61.28
157575  157759  0.00    80.40
157588  157632  3.00    111.00
157609  157419  9.75    75.44
157610  157385  2.20    116.88
157610  157459  8.50    56.99
157611  157391  0.00    69.23
157611  157669  0.00    22.99
157613  157751  8.67    61.21
157621  157725  10.00   40.59
157626  157746  8.67    80.16
157626  157884  13.25   99.42
157628  157609  20.00   12.65
157632  157828  0.00    115.81
157633  157819  0.00    72.49
157634  157633  0.00    6.57
157634  157859  0.00    122.11
157641  157872  3.00    101.28
157650  157727  6.40    35.57
157650  157609  10.00   17.73
157652  157257  4.00    135.58
157654  157621  10.00   50.08
157654  157895  9.24    91.27
157659  157738  9.77    89.10
157659  157418  8.00    81.49
157661  157465  7.20    62.18
157661  157654  0.00    16.31
157673  157517  6.00    52.33
157674  157790  0.00    129.77
157676  157634  0.00    49.41
157681  157628  9.00    113.18
157681  157808  7.67    82.74
157681  157528  9.60    93.67
157684  157716  0.00    20.18
157685  157514  3.00    94.56
157691  157850  0.00    62.08
157691  157743  1.00    55.75
157699  157685  0.00    37.22
157716  157676  0.00    49.36
157725  157856  0.00    46.38
157725  157699  10.00   46.47
157727  157628  0.00    38.85
157729  157785  0.00    61.06
157729  157530  7.29    87.01
157738  157850  10.40   89.10
157743  157563  10.00   71.90
157743  157807  8.67    54.56
157746  157846  3.00    53.11
157747  157395  0.00    128.55
157749  157673  9.40    91.96
157751  157610  8.00    91.00
157758  157674  10.00   42.04
157759  157993  0.00    81.39
157768  157828  5.75    81.46
157782  157801  1.00    47.41
157782  157661  5.33    49.85
157785  157794  11.50   25.02
157787  157855  9.43    105.00
157788  158210  0.00    141.35
157790  157835  0.00    128.57
157794  157800  0.00    6.44
157799  157751  0.00    41.02
157801  157833  6.33    46.35
157801  157496  7.57    111.90
157807  157884  11.50   61.56
157807  157555  11.20   108.64
157808  157727  6.00    84.60
157810  157685  10.00   47.58
157817  158210  0.00    133.82
157819  158175  20.00   116.23
157828  157835  0.00    4.95
157828  158196  3.00    137.58
157833  157866  1.67    51.18
157835  157970  0.00    74.48
157839  157749  6.88    91.63
157839  157659  9.00    71.59
157846  158030  6.86    112.08
157847  157551  0.00    103.86
157847  157411  0.00    146.49
157850  157902  2.00    52.16
157854  157949  10.00   100.51
157855  158134  10.75   107.53
157856  157810  7.00    70.85
157856  157994  8.60    45.93
157859  157684  0.00    119.58
157866  157870  0.00    5.59
157870  157908  11.00   76.88
157872  157571  0.00    106.84
157878  157524  0.00    146.11
157880  157952  20.00   45.84
157884  158047  7.57    61.48
157884  157962  5.50    60.83
157888  157650  7.57    104.58
157895  158018  10.50   39.95
157895  158080  7.00    63.97
157902  157743  3.00    62.05
157902  157982  8.00    55.09
157908  157958  5.75    69.06
157908  157530  10.00   137.24
157923  157673  6.78    93.07
157923  158052  4.40    106.33
157938  157839  9.00    81.11
157949  157768  5.20    61.19
157952  157888  0.00    28.38
157958  157729  3.50    73.49
157962  158017  14.33   53.54
157962  157746  1.00    77.79
157963  157782  0.00    57.68
157964  157810  3.00    48.10
157964  157994  10.00   57.87
157967  157758  0.00    115.12
157970  157967  1.50    112.07
157970  158172  0.00    123.41
157974  157963  0.00    3.32
157982  158047  5.18    60.09
157982  157807  11.50   61.11
157984  157963  0.00    52.60
157993  157878  10.00   78.92
157993  158205  0.00    101.02
157994  158011  10.00   8.12
157999  157785  0.00    73.30
158009  157758  3.00    93.22
158009  157993  0.00    67.12
158011  158120  10.00   40.87
158017  157846  11.50   66.68
158017  158148  7.29    111.34
158018  157974  0.00    21.65
158018  158243  0.00    82.89
158030  158148  0.00    44.63
158047  158117  2.50    60.49
158052  158177  5.80    106.33
158053  158288  6.86    88.34
158053  157938  6.67    81.42
158075  158238  10.00   139.01
158077  157870  0.00    72.53
158080  158156  8.00    27.39
158080  158011  0.00    50.36
158084  158437  0.00    122.50
158093  157964  10.00   45.22
158106  158009  0.00    76.91
158115  157787  7.39    124.89
158117  158183  11.08   54.29
158117  157962  11.50   61.75
158120  158093  10.00   31.41
158120  158226  10.00   46.04
158126  157747  0.00    128.97
158148  158174  3.00    18.19
158150  158053  7.25    84.82
158156  158243  10.00   81.64
158156  158018  8.48    58.99
158172  158106  0.00    76.43
158174  157948  11.50   86.77
158174  158222  8.00    47.62
158175  158512  15.46   115.42
158175  158313  16.78   133.74
158177  158288  2.60    106.33
158183  158017  1.00    61.62
158183  158260  13.33   70.19
158196  158532  10.00   136.09
158200  158359  11.50   145.19
158200  157923  1.50    93.77
158203  157888  9.45    128.90
158203  157872  0.00    114.20
158205  158464  0.00    102.31
158210  158237  0.00    7.19
158215  157958  5.74    90.83
158222  157952  10.00   113.20
158222  158310  10.33   75.54
158223  157878  1.00    136.47
158226  158093  10.00   45.72
158236  157847  0.00    132.79
158237  158593  10.50   122.24
158238  157949  7.78    107.67
158242  158505  1.00    89.53
158243  158323  0.00    43.11
158248  158150  8.67    84.80
158259  158477  1.86    75.75
158260  158316  8.42    46.65
158288  158547  6.00    90.23
158288  158392  11.00   85.78
158302  158203  2.00    33.54
158310  158404  8.50    75.54
158316  158442  9.79    112.82
158323  157984  4.25    126.28
158323  158447  10.00   46.79
158323  157974  3.00    134.36
158351  158248  4.63    96.66
158359  158547  3.50    145.19
158385  158226  7.00    64.14
158385  158156  8.19    99.29
158392  158507  7.67    85.78
158404  158302  6.40    37.49
158437  158477  4.40    74.58
158442  158580  7.31    113.01
158447  158437  0.00    17.31
158447  158664  10.00   86.48
158449  158075  8.17    143.98
158453  158126  0.00    127.32
158458  158238  8.73    89.05
158464  158808  1.83    136.48
158474  158316  21.00   57.53
158474  158351  5.36    96.70
158475  158115  11.71   126.67
158477  158493  2.25    24.07
158481  158200  11.00   94.55
158487  158215  3.59    90.85
158488  158487  0.00    0.12
158491  158475  8.67    49.15
158493  158505  3.00    17.43
158505  158487  2.00    73.19
158507  158248  3.75    91.42
158507  158620  7.40    101.08
158512  158593  0.00    43.20
158512  158689  10.08   60.89
158532  158172  0.00    135.09
158542  158385  8.09    71.72
158547  158798  11.50   89.92
158551  158488  1.00    19.68
158564  158302  14.57   85.25
158565  158223  11.50   136.19
158565  158551  3.00    6.72
158580  158622  13.20   37.00
158580  158404  12.33   60.37
158580  158748  14.33   59.57
158592  158236  3.00    122.14
158592  158564  0.00    19.94
158593  158592  0.00    18.44
158593  158655  0.00    20.61
158594  158489  7.43    38.15
158596  158474  8.00    116.89
158615  158812  8.67    101.31
158615  158474  5.80    58.36
158616  158594  7.25    54.08
158616  158878  7.14    84.44
158619  158532  0.00    34.40
158619  158662  0.00    14.97
158620  158615  8.67    102.17
158622  158564  3.00    20.57
158622  158639  8.67    16.15
158630  158616  6.75    56.26
158630  158475  2.43    52.94
158631  158481  7.00    130.74
158639  158592  0.00    13.85
158639  158655  3.00    19.53
158644  158662  0.00    12.40
158644  158619  0.00    16.33
158655  158752  0.00    32.06
158655  158689  4.87    31.12
158660  158630  6.50    108.66
158662  158683  0.00    7.98
158664  158912  0.00    86.48
158669  158493  0.00    63.05
158681  158458  7.67    89.05
158681  158644  0.00    20.85
158683  158722  0.00    15.98
158689  158736  5.43    60.30
158709  158683  0.00    18.04
158709  158722  10.00   20.39
158722  158744  11.20   15.62
158728  158959  12.58   109.84
158736  158759  7.55    22.66
158744  158681  4.50    25.60
158748  158596  4.00    117.34
158752  158757  14.33   18.39
158752  159111  0.00    115.15
158757  158639  0.00    41.30
158757  158764  0.00    7.87
158764  158622  0.00    50.99
158764  158784  3.00    15.51
158770  158453  0.00    126.43
158777  158630  8.00    47.83
158777  158794  3.00    33.66
158783  158728  3.00    105.95
158784  158748  35.00   46.75
158798  158631  4.22    130.73
158800  158449  9.50    142.22
158808  158565  11.30   79.66
158823  158752  11.80   82.04
158834  158464  0.00    122.60
158841  158884  0.00    77.05
158842  158800  3.00    132.90
158842  158594  2.50    76.22
158850  158823  0.00    23.85
158854  158783  0.00    106.00
158864  158784  1.00    48.89
158878  159129  3.00    84.44
158884  158854  0.00    78.05
158912  159022  0.00    45.56
158921  158854  10.00   141.51
158946  158748  11.50   62.96
158950  158921  20.00   112.39
158950  159343  12.67   137.06
158959  159094  1.00    49.75
158965  158709  1.00    129.31
158975  158965  3.00    125.59
158977  158777  2.33    65.02
158982  158946  0.00    13.94
158994  158982  0.00    6.04
158994  158950  6.50    54.83
158997  158977  9.11    108.19
159018  158975  4.89    128.05
159020  158935  4.67    53.64
159020  159068  0.00    75.03
159022  159106  0.00    25.37
159028  158800  3.00    92.73
159049  158744  3.00    118.19
159068  159165  3.00    75.67
159100  159020  2.00    30.69
159100  159162  3.00    61.80
159102  159169  11.20   65.86
159102  158808  3.44    104.02
159103  159113  20.00   104.41
159106  159187  0.00    32.74
159110  159330  7.40    78.23
159111  159557  0.00    142.38
159113  159129  5.40    54.46
159113  158842  7.20    92.73
159114  158757  15.00   114.13
159116  159102  7.67    4.74
159116  159175  6.50    31.13
159120  158921  0.00    80.10
159129  159141  7.20    55.89
159141  158977  11.30   56.53
159141  159170  7.22    107.18
159148  159187  0.00    18.43
159148  159106  0.00    25.91
159162  159178  0.00    25.12
159165  159192  10.00   34.42
159169  159284  11.50   104.35
159169  158834  0.00    121.79
159175  159148  0.00    38.35
159178  159213  10.00   31.73
159187  159194  0.00    3.35
159188  159049  6.50    114.16
159192  159305  3.00    85.92
159194  159223  0.00    28.07
159194  159259  0.00    18.87
159213  159272  0.00    42.11
159213  159367  0.00    50.80
159222  159100  10.00   49.70
159222  159265  0.00    65.96
159223  159259  0.00    35.78
159223  159285  10.00   135.99
159224  158959  6.25    107.62
159229  159018  10.00   128.61
159229  159188  0.00    92.82
159230  159175  0.00    18.32
159230  159116  8.46    42.67
159259  159270  0.00    13.01
159264  159230  0.00    9.89
159265  159162  3.00    33.78
159270  159271  0.00    3.90
159270  159452  6.90    58.11
159271  159264  8.50    28.34
159271  159308  4.48    36.83
159272  159165  1.00    35.32
159284  159229  5.50    104.06
159285  159276  0.00    35.44
159292  159345  8.67    88.14
159292  159028  20.00   93.45
159305  159579  10.22   89.61
159308  159264  3.90    17.87
159308  159425  2.50    113.34
159309  159481  0.00    100.96
159309  159222  0.00    26.63
159320  159325  10.00   39.43
159320  159141  5.00    57.44
159330  159579  14.60   78.95
159340  159292  0.00    20.35
159342  159224  0.00    41.81
159343  159357  11.50   50.28
159345  159188  3.00    90.07
159357  159120  4.25    81.40
159357  159110  11.50   134.56
159367  159414  0.00    44.43
159368  159178  0.00    63.57
159368  159367  0.00    10.09
159386  159113  11.00   89.64
159403  159103  10.38   102.40
159403  159340  10.00   100.04
159406  158994  14.33   140.09
159414  159272  0.00    48.78
159425  159522  5.53    112.88
159430  159265  0.00    57.25
159430  159368  0.00    40.30
159451  159406  25.73   12.57
159451  159343  10.50   56.89
159452  159584  3.00    45.63
159455  159114  0.00    109.42
159476  159543  5.70    90.03
159481  159224  0.00    103.35
159487  159476  3.00    90.00
159509  159704  1.67    132.63
159514  159414  3.00    72.97
159514  159192  3.00    97.68
159520  159662  11.50   48.98
159522  159646  40.60   106.20
159522  159487  7.62    83.83
159524  159309  14.83   74.81
159524  159430  15.00   44.50
159541  159320  5.80    69.62
159541  159534  11.50   47.68
159543  159340  5.50    68.31
159543  159610  6.24    47.92
159553  159452  10.80   103.24
159556  159337  0.00    68.11
159557  160026  0.00    142.20
159579  159643  10.00   40.78
159583  159342  0.00    94.27
159584  159613  0.00    15.47
159596  159890  0.00    116.12
159600  159928  15.00   131.31
159608  159728  16.80   105.44
159608  159414  4.63    63.90
159610  159661  6.21    85.08
159610  159693  4.43    26.89
159613  159622  0.00    3.34
159618  159487  0.00    89.88
159622  159657  8.01    15.54
159629  159604  5.49    109.62
159629  159541  0.00    31.22
159635  159509  8.00    131.93
159635  159400  0.00    134.03
159642  159629  2.33    39.70
159643  159596  5.50    113.73
159646  159553  10.00   103.27
159647  159618  3.00    87.19
159648  159647  0.00    11.35
159657  160091  7.25    129.41
159657  159738  7.31    37.24
159660  160042  10.00   120.73
159660  159524  3.00    84.05
159661  159662  5.81    64.54
159661  159403  13.29   82.94
159662  159666  7.31    45.32
159662  159917  5.62    74.89
159664  159642  4.50    56.44
159666  159386  6.75    89.66
159666  159664  6.00    13.34
159667  159622  5.16    130.29
159681  159556  0.00    80.31
159693  159648  11.50   48.79
159693  159868  6.91    53.98
159704  159667  3.00    130.80
159715  159963  1.00    86.46
159717  159608  0.00    33.60
159717  159660  10.50   30.98
159717  159810  0.00    26.35
159718  159451  11.57   102.89
159721  159825  7.64    26.38
159728  159828  3.00    82.52
159728  159514  0.00    70.58
159729  159643  3.00    23.06
159729  159715  20.00   81.95
159738  159827  9.91    132.47
159759  159768  0.00    15.73
159759  159556  0.00    64.55
159768  160055  5.11    140.17
159768  159635  20.00   46.54
159799  159583  0.00    92.85
159810  159866  0.00    19.60
159812  159455  0.00    109.35
159820  159717  7.40    72.51
159825  159818  0.00    2.50
159827  159825  1.67    110.45
159828  159729  3.00    26.44
159828  159963  7.67    122.43
159857  159884  5.75    51.00
159858  159926  0.00    33.00
159858  159799  0.00    28.79
159866  160143  0.00    88.76
159868  160273  4.62    130.20
159868  159925  0.00    43.78
159873  159600  0.00    112.01
159884  159928  3.50    66.92
159890  160186  3.00    116.96
159897  159858  0.00    15.45
159897  159681  0.00    82.11
159903  159647  16.67   106.92
159905  159738  8.92    50.42
159905  159954  1.00    64.90
159917  160113  6.88    55.61
159917  159924  5.33    128.15
159924  159925  0.00    12.59
159925  160066  2.00    39.48
159928  160038  3.00    51.60
159932  159718  14.91   100.59
159932  159812  0.00    57.48
159934  160175  10.50   138.48
159942  159820  9.83    75.43
159954  159984  1.00    27.07
159963  160186  8.43    140.36
159968  159897  0.00    29.87
159968  159759  0.00    139.90
159984  160010  3.00    31.32
160001  160106  0.00    80.51
160010  159827  0.00    59.48
160010  159983  11.00   68.59
160014  159828  8.57    58.38
160026  160490  11.00   141.04
160030  159932  0.00    43.69
160030  159812  0.00    65.92
160031  159664  8.00    105.37
160038  160338  10.50   97.38
160038  159873  0.00    73.63
160055  160310  20.00   140.42
160081  159884  3.00    58.75
160091  160182  7.17    121.18
160092  160014  13.20   81.53
160106  159642  7.33    133.09
160111  159648  33.67   147.76
160111  159903  20.00   63.55
160113  160366  7.69    142.08
160120  160286  8.67    92.26
160126  160106  0.00    7.10
160128  159968  0.00    145.01
160153  160113  0.00    111.40
160175  160222  10.00   50.15
160180  159905  12.33   91.12
160182  159857  6.57    127.17
160185  160014  6.40    53.58
160186  160486  6.50    126.31
160199  160189  0.00    11.38
160203  160185  11.17   83.40
160205  160242  20.00   61.39
160205  159942  4.25    79.31
160211  160199  0.00    8.70
160211  159810  0.00    130.22
160218  160153  0.00    38.25
160219  160185  11.50   10.04
160222  159934  0.00    90.07
160222  160253  11.00   44.53
160237  159857  11.15   136.53
160242  160219  0.00    5.74
160252  160211  8.67    23.78
160252  160566  0.00    112.22
160253  159934  10.00   125.56
160258  160199  0.00    19.41
160264  160218  10.00   48.59
160265  160674  5.00    126.53
160265  160113  6.05    123.36
160266  159962  3.00    88.82
160266  160593  6.50    115.24
160268  160092  14.33   83.34
160271  160266  0.00    31.33
160271  160082  0.00    74.43
160273  160290  1.00    4.23
160273  160111  0.00    61.81
160280  160030  0.00    75.73
160290  160379  2.57    26.50
160305  159820  0.00    148.38
160305  160252  3.00    27.78
160310  160175  7.00    57.24
160310  160473  2.80    119.60
160320  159984  10.00   109.12
160323  160268  5.33    89.03
160328  160099  50.00   99.31
160338  160481  3.00    92.62
160366  160834  6.07    149.23
160367  160075  1.00    111.30
160373  160698  5.17    100.23
160379  160712  6.29    105.39
160381  160219  3.70    74.81
160384  159954  8.16    139.41
160393  160203  10.44   82.76
160393  160633  8.82    145.23
160450  160305  3.00    74.94
160450  160205  5.33    70.03
160451  160119  0.00    114.35
160454  160384  0.00    88.09
160454  160180  4.10    90.53
160464  160373  10.00   97.36
160468  160778  3.00    93.06
160468  160473  0.00    18.82
160473  160799  9.00    149.47
160475  160626  2.00    55.61
160477  160468  0.00    48.76
160481  160477  3.00    50.55
160485  160705  15.00   90.13
160486  160521  20.00   61.79
160486  160323  10.00   89.26
160490  160922  0.00    140.92
160506  160286  9.80    81.48
160511  160475  0.00    66.84
160521  160268  5.83    115.30
160522  160638  0.00    37.63
160530  160280  8.00    75.64
160533  160237  2.50    133.42
160533  160282  3.00    74.47
160547  160393  11.00   77.87
160566  160128  0.00    151.84
160571  160667  0.00    28.57
160574  160305  0.00    91.27
160574  160775  0.00    76.12
160574  160566  6.50    43.67
160577  160161  0.00    143.98
160586  160783  0.00    60.36
160593  160533  34.33   50.48
160597  160328  3.00    100.83
160601  160862  0.00    88.06
160602  160574  6.57    89.03
160604  160602  5.62    13.42
160604  160450  1.00    48.83
160619  160242  7.40    112.89
160619  160604  10.67   57.79
160626  160638  0.00    11.46
160626  160783  0.00    46.55
160633  160619  4.11    66.86
160633  160381  6.00    78.85
160638  160654  0.00    20.80
160643  160320  0.00    109.05
160644  160384  2.33    86.77
160654  160667  0.00    11.04
160664  160593  3.00    52.67
160664  160271  2.00    116.70
160667  160688  2.33    17.77
160671  160521  3.00    85.11
160674  160506  9.13    112.35
160682  160477  0.00    59.39
160685  160367  0.00    111.85
160685  160739  0.00    32.15
160688  160706  0.00    29.49
160688  160936  0.00    87.93
160690  160485  8.86    88.68
160690  160674  0.00    5.77
160698  160994  0.00    99.96
160705  160923  0.00    78.44
160706  160971  0.00    88.19
160706  160737  0.00    28.99
160712  161009  5.27    104.32
160737  160765  0.00    29.13
160737  160996  0.00    87.98
160739  160451  0.00    112.38
160744  160739  0.00    1.41
160746  160782  0.00    53.22
160746  160481  10.00   79.14
160765  160790  0.00    28.45
160765  161017  0.00    87.96
160769  160356  11.50   124.06
160769  160664  0.00    57.37
160770  160602  3.00    72.08
160774  160454  7.50    127.44
160775  160935  9.20    75.53
160776  160803  11.50   28.44
160776  160547  50.00   80.58
160782  160769  1.00    48.72
160782  160470  0.00    92.65
160783  160911  0.00    49.32
160783  160807  0.00    29.23
160784  160739  0.00    23.14
160790  160784  0.00    11.77
160790  160956  0.00    59.49
160799  160967  0.00    67.60
160799  160464  0.00    100.83
160800  160690  10.00   34.43
160800  160910  3.00    45.01
160803  160870  4.40    100.28
160803  161128  20.00   113.06
160805  161100  0.00    140.68
160807  160654  0.00    48.93
160819  160828  9.27    42.94
160819  160770  2.20    43.29
160828  160831  7.45    98.96
160828  160633  2.20    60.43
160831  160776  17.50   63.76
160834  160705  15.00   127.40
160834  160842  3.00    4.35
160842  161061  3.17    84.95
160858  160746  0.00    109.92
160862  160917  11.50   22.48
160868  160644  7.57    86.00
160868  160597  1.00    101.18
160870  160671  10.00   87.30
160870  160895  6.55    41.82
160888  160842  0.00    42.95
160895  160903  0.00    12.93
160903  160530  21.00   124.48
160903  160922  0.00    18.20
160910  160875  9.43    84.00
160914  161341  1.00    147.77
160914  160868  16.67   27.42
160916  160744  0.00    75.80
160917  160990  11.83   23.03
160922  161181  0.00    90.76
160922  160933  3.00    13.73
160923  160800  8.00    82.35
160923  160975  0.00    21.13
160933  160990  4.17    65.28
160955  160958  0.00    8.54
160955  160673  10.00   92.59
160956  160979  0.00    7.08
160958  161296  10.80   120.61
160960  161253  0.00    101.57
160960  160955  20.00   19.74
160965  160577  10.00   143.77
160965  160914  0.00    21.56
160967  160973  3.00    50.87
160967  160994  0.00    9.16
160973  160960  6.50    48.68
160973  161184  1.00    75.69
160974  160831  0.00    47.33
160975  160910  4.25    69.70
160977  160807  0.00    58.49
160990  161117  8.55    47.56
160994  161262  1.00    94.79
161004  160819  0.00    100.59
161009  161050  7.67    82.66
161009  161148  9.05    50.87
161018  161159  0.00    80.65
161018  160774  10.50   125.75
161020  160784  0.00    102.33
161032  160965  3.00    36.53
161032  160685  3.60    143.80
161045  160858  1.00    111.57
161050  161432  11.11   146.72
161061  161290  7.31    97.01
161061  160975  1.67    119.94
161072  161283  15.00   73.62
161072  161024  11.50   34.27
161077  160916  10.00   75.07
161080  161077  0.00    3.51
161080  161032  4.67    18.17
161091  161004  0.00    98.52
161091  161265  50.00   78.19
161092  161072  3.00    17.72
161095  161102  0.00    16.29
161095  160805  1.00    99.76
161097  161095  1.00    31.73
161097  161351  0.00    83.91
161100  161097  0.00    16.29
161101  161100  1.00    26.41
161102  161390  0.00    113.38
161102  161351  3.00    133.31
161104  160770  11.36   119.05
161104  161004  10.00   94.34
161110  161237  30.75   46.07
161117  161175  3.00    23.39
161128  161091  8.11    61.83
161144  161304  10.00   67.26
161144  161050  24.33   106.50
161148  161388  4.04    81.43
161148  161249  3.00    85.05
161159  161323  11.50   81.00
161175  161590  10.35   140.83
161181  161449  0.00    90.76
161183  161128  0.00    90.14
161183  160870  6.50    111.03
161191  161447  2.00    124.76
161191  161018  10.00   64.75
161213  161165  24.33   19.78
161218  161183  13.75   48.44
161237  161345  3.00    33.05
161256  161455  10.00   93.37
161262  161377  2.33    88.98
161265  161493  0.00    80.35
161276  161591  0.00    130.32
161276  161213  10.00   26.10
161290  161309  5.50    91.72
161293  161104  7.25    63.97
161293  161400  3.75    113.29
161304  161398  4.67    45.81
161304  161256  2.33    89.33
161309  161366  3.00    23.38
161309  161283  8.67    137.73
161313  161045  3.00    113.68
161313  161096  0.00    68.55
161322  161117  10.22   99.76
161322  161276  10.25   15.84
161323  161447  0.00    64.99
161323  161589  3.00    133.70
161332  160903  0.00    143.31
161341  161767  4.22    148.37
161344  161369  0.00    116.77
161344  161262  3.00    38.51
161345  161483  0.00    48.41
161345  161388  10.33   104.53
161351  161101  0.00    130.45
161362  161664  14.33   142.43
161362  161506  0.00    52.07
161362  161191  20.00   64.38
161366  161484  11.50   52.05
161369  161313  11.00   115.16
161372  161080  4.67    102.87
161377  161406  1.00    18.21
161388  161432  3.00    13.17
161390  161377  8.67    108.82
161398  161437  0.00    18.69
161400  161519  3.75    113.49
161406  161498  20.00   56.72
161432  161459  2.64    14.15
161437  161077  0.00    140.76
161437  161488  0.00    23.53
161438  161637  2.33    114.07
161447  161577  3.00    87.45
161449  161711  0.00    87.54
161455  161438  3.00    109.93
161455  161633  11.50   67.80
161456  161366  8.25    74.19
161459  161671  11.54   74.30
161459  161529  20.00   25.25
161483  161529  5.33    105.71
161483  161651  5.50    55.61
161484  161786  7.33    111.69
161484  161676  10.75   135.30
161493  161183  6.14    130.03
161493  161679  11.00   78.46
161498  161563  10.00   53.21
161506  161574  0.00    116.42
161519  161493  6.50    13.42
161522  161293  6.00    83.24
161522  161773  8.25    112.57
161529  161692  5.50    57.38
161544  161611  0.00    52.30
161544  161885  0.00    118.46
161563  161567  0.00    17.79
161567  161834  0.00    88.70
161567  161544  3.00    56.09
161574  161767  5.50    118.33
161576  161344  1.67    90.96
161576  161812  0.00    134.22
161577  161766  12.67   89.10
161589  161906  8.67    134.90
161590  161322  7.88    110.98
161590  161801  7.80    72.58
161593  161372  3.00    78.81
161603  161552  1.50    40.10
161611  161891  0.00    112.43
161620  161637  10.75   77.77
161628  161860  10.00   82.58
161628  161456  11.60   112.45
161633  161620  8.00    77.75
161637  161808  7.25    106.38
161642  161396  3.00    83.69
161642  161643  1.00    49.14
161643  161262  2.00    126.85
161643  161576  0.00    57.70
161651  161794  0.00    51.16
161651  161692  10.00   82.81
161664  161861  0.00    91.05
161664  161673  0.00    4.05
161665  161944  11.00   145.39
161671  161819  4.58    57.46
161671  161633  13.33   75.59
161673  161759  11.50   149.10
161673  161506  3.00    98.46
161679  161920  0.00    92.84
161679  161665  3.00    144.45
161688  161406  6.50    93.84
161688  161642  0.00    49.45
161692  161824  10.00   53.74
161711  162032  12.15   106.56
161711  161801  0.00    47.68
161718  161603  2.00    53.10
161728  161864  6.17    88.20
161738  161332  9.35    143.41
161759  161728  4.75    87.19
161767  161787  8.67    18.18
161769  161688  5.83    57.36
161769  161498  4.67    92.49
161773  162080  11.50   114.03
161775  161519  11.20   98.51
161775  161679  7.55    112.69
161786  161552  4.25    99.85
161786  161886  3.00    32.28
161787  161593  1.00    77.22
161794  161805  6.50    21.87
161798  161794  11.00   4.63
161798  161974  3.00    79.32
161799  161603  6.50    77.29
161801  161865  0.00    21.29
161804  161812  4.83    7.75
161804  162024  3.75    71.20
161808  161991  3.08    73.22
161812  162060  6.50    101.84
161819  161875  5.92    22.55
161824  161798  7.89    58.65
161831  161563  0.00    90.03
161831  161769  10.00   54.62
161834  161831  0.00    19.97
161846  161805  15.00   24.75
161860  161846  0.00    7.39
161861  162097  3.00    91.52
161864  161787  16.50   32.85
161865  161793  0.00    101.41
161865  162176  10.00   101.82
161867  161718  7.00    63.40
161875  161963  3.89    28.36
161875  161824  12.86   50.07
161883  162068  0.00    56.97
161883  161819  6.00    43.03
161885  161834  0.00    46.59
161886  162010  11.00   36.98
161886  161935  0.00    37.10
161889  161883  3.53    83.11
161891  162233  20.00   114.66
161900  161889  5.43    83.11
161900  162194  12.60   100.88
161901  161964  0.00    22.35
161901  161775  4.75    46.30
161906  162007  11.50   45.37
161906  162040  5.40    52.62
161920  162198  0.00    94.08
161947  161522  5.33    141.76
161951  161900  10.25   112.77
161952  162088  7.20    85.69
161959  161999  8.00    50.70
161959  161864  8.00    31.21
161963  162102  5.94    46.48
161963  162068  5.50    80.61
161964  161968  0.00    11.22
161968  161901  3.00    36.18
161974  162102  2.00    78.38
161977  161804  4.13    120.82
161980  162018  0.00    84.02
161980  162103  0.00    38.07
161982  161611  1.00    122.36
161991  161951  4.11    62.40
161999  161991  0.00    2.13
162007  162114  0.00    54.20
162010  161799  6.67    77.28
162012  162382  10.60   141.34
162015  161718  14.33   111.76
162015  162057  0.00    24.10
162018  162192  0.00    86.74
162019  161794  8.00    68.42
162028  161982  0.00    28.21
162028  161885  8.00    51.15
162032  162339  0.00    106.56
162033  161980  1.00    83.38
162057  161860  10.00   65.15
162064  162229  8.67    76.57
162068  162132  1.00    94.28
162080  161968  11.00   37.90
162080  162012  10.86   134.02
162084  162099  20.00   22.78
162088  162104  10.50   14.14
162097  162112  0.00    5.38
162097  162192  0.00    45.30
162099  162151  3.75    76.86
162099  161951  0.00    50.63
162102  162267  4.83    89.97
162103  162322  0.00    78.92
162103  162033  0.00    67.78
162104  162010  3.00    34.34
162104  162177  9.00    51.33
162112  162150  0.00    28.90
162112  162082  0.00    19.09
162114  162238  0.00    47.39
162114  162162  0.00    77.40
162123  161999  5.55    85.93
162126  162057  2.67    33.06
162126  162015  24.33   37.00
162129  161867  9.00    89.63
162132  162194  4.25    94.13
162150  162237  2.50    34.34
162150  162264  7.25    92.85
162151  162320  20.00   80.31
162159  162103  0.00    79.56
162162  162171  0.00    77.22
162166  162243  5.50    30.40
162166  162033  3.00    66.48
162166  161959  5.72    139.49
162169  162546  8.00    134.72
162169  162019  9.00    79.60
162171  162283  5.50    95.24
162171  162130  6.50    113.09
162172  161738  1.00    143.38
162176  162461  0.00    101.79
162177  162352  7.38    67.19
162177  161867  4.67    117.80
162185  161982  0.00    66.80
162192  162345  2.33    55.87
162194  162257  10.00   91.97
162203  162007  20.00   86.89
162203  162238  0.00    83.92
162229  162374  8.24    74.91
162233  162525  5.50    113.62
162237  162387  3.00    85.01
162238  162318  0.00    25.90
162238  162256  20.00   130.46
162243  162322  8.14    80.43
162255  162088  3.00    67.76
162257  162320  12.14   91.91
162264  162203  0.00    19.25
162267  162281  2.33    84.15
162267  162285  8.00    7.22
162281  162353  26.50   84.36
162283  162409  0.00    95.16
162285  162415  1.80    42.44
162285  162399  3.00    72.19
162292  162126  3.00    66.82
162292  162574  11.00   100.85
162300  161947  7.75    139.55
162300  162305  10.36   83.68
162305  162383  10.25   84.04
162318  162363  0.00    13.53
162318  162286  0.00    57.54
162320  162468  0.00    53.38
162322  162589  8.00    140.64
162339  162703  11.50   143.50
162345  162420  0.00    30.11
162345  162159  0.00    82.98
162349  162389  0.00    13.53
162349  162123  7.06    90.14
162349  162572  3.00    124.55
162352  162129  10.00   88.30
162352  162460  4.00    42.20
162358  162546  7.86    105.22
162358  162169  6.50    93.12
162363  162446  0.00    36.14
162374  162425  9.00    110.09
162379  162019  12.18   121.11
162382  162383  3.00    22.10
162383  162457  3.00    77.52
162385  162028  0.00    144.89
162385  161953  11.50   142.08
162387  162264  0.00    45.00
162389  162406  0.00    9.49
162395  162401  11.50   82.41
162401  162171  3.00    101.19
162409  162374  4.42    33.80
162409  162641  6.15    110.19
162412  162363  0.00    76.04
162412  162401  0.00    44.01
162413  162353  6.20    99.76
162415  162462  0.00    23.03
162416  162534  7.67    48.94
162416  162177  3.00    97.39
162417  162057  1.00    128.65
162420  162589  0.00    85.87
162425  162525  16.50   105.60
162425  162385  0.00    24.10
162446  162402  0.00    55.30
162446  162450  0.00    1.98
162450  162576  0.00    53.72
162450  162591  3.00    79.30
162454  162576  0.00    60.54
162457  162571  0.00    78.47
162460  162292  10.00   99.10
162460  162675  9.36    85.08
162461  162715  11.50   101.81
162462  162686  4.87    124.32
162462  162358  6.33    61.27
162464  162412  0.00    26.78
162468  162600  6.44    50.69
162468  162413  5.50    93.41
162483  162464  0.00    88.37
162484  162243  9.94    107.63
162486  162377  3.00    84.04
162486  162387  0.00    45.73
162493  162395  0.00    83.54
162494  162353  0.00    70.24
162508  162420  0.00    42.01
162520  162483  0.00    88.63
162534  162460  20.00   79.02
162534  162711  8.00    77.14
162546  162689  20.00   90.34
162550  162555  7.33    96.59
162552  162486  0.00    30.84
162554  162415  6.27    124.99
162554  162494  3.00    28.24
162555  162638  2.00    95.57
162556  162534  12.50   31.01
162561  162172  0.00    143.38
162568  162464  0.00    41.99
162568  162596  20.00   75.11
162571  162525  20.00   56.31
162571  162300  20.00   101.70
162572  162793  3.00    124.13
162574  162749  0.00    97.45
162575  162674  10.25   43.41
162575  162374  6.89    81.48
162576  162579  0.00    1.13
162579  162595  3.82    42.08
162588  162787  4.89    113.90
162588  162554  3.00    30.87
162591  162568  0.00    9.07
162595  162552  0.00    62.62
162596  162619  0.00    53.94
162599  162654  10.41   126.00
162600  162413  4.86    122.62
162600  162638  3.00    14.67
162606  162579  3.00    11.66
162619  162840  25.50   84.90
162619  162641  10.87   98.30
162638  162653  0.00    17.96
162641  162852  3.64    99.29
162653  162818  8.67    110.69
162654  162670  0.00    78.41
162654  162815  3.00    59.92
162657  162376  0.00    114.53
162665  162484  13.25   106.28
162674  162883  10.00   99.13
162674  162641  3.00    64.08
162675  162890  10.00   85.06
162686  162792  4.56    57.96
162688  162686  2.00    115.09
162688  162645  2.00    21.87
162689  162379  4.75    121.10
162690  162826  0.00    79.97
162690  162606  0.00    35.14
162692  162406  8.67    139.82
162703  162895  10.00   73.79
162703  162715  0.00    27.80
162711  162900  9.20    76.96
162715  162759  0.00    15.54
162740  162588  3.00    64.25
162740  162645  1.67    147.37
162749  162417  2.20    129.14
162755  162690  0.00    28.22
162756  162595  2.33    71.88
162757  162960  6.40    82.78
162759  162895  0.00    53.89
162759  162901  0.00    72.51
162761  162756  0.00    1.76
162761  162881  0.00    57.72
162764  162552  14.33   88.61
162778  162575  2.00    78.97
162787  162637  6.25    116.45
162792  162860  10.00   101.85
162792  162951  4.83    72.69
162793  162939  0.00    77.60
162814  162740  0.00    23.69
162814  163054  6.00    93.79
162815  162901  20.00   36.24
162815  162773  0.00    97.81
162818  162938  0.00    109.84
162822  162606  14.71   126.35
162822  162591  10.50   110.36
162832  162589  0.00    93.13
162840  163063  11.86   84.94
162843  162959  9.00    47.14
162843  162741  7.67    72.57
162847  162865  3.00    77.07
162852  163063  0.00    99.29
162860  162688  0.00    104.21
162863  162756  6.85    78.49
162865  163078  26.50   80.57
162868  162749  5.50    43.79
162872  162596  6.25    105.49
162883  163097  0.00    98.74
162890  162868  8.67    84.17
162890  163228  0.00    138.82
162892  162959  10.00   57.74
162895  163145  0.00    90.60
162900  162890  8.67    50.30
162901  163178  0.00    103.69
162905  162778  0.00    51.74
162905  163136  0.00    90.17
162908  162822  3.00    50.16
162908  162872  1.90    99.14
162928  162561  0.00    143.32
162933  162761  11.50   67.17
162938  162692  25.50   138.18
162939  162665  3.00    110.21
162944  162657  0.00    114.52
162948  162863  0.00    77.94
162948  162908  10.00   15.36
162951  162943  0.00    144.91
162951  162978  0.00    10.23
162952  163070  0.00    63.52
162952  162689  4.00    105.66
162952  162978  6.50    15.65
162959  163108  6.50    54.35
162971  162778  13.20   88.94
162978  163112  3.60    46.33
162984  162843  23.86   96.63
162998  162955  0.00    47.50
163025  162847  5.50    81.34
163033  162832  8.50    92.28
163033  163371  6.43    126.81
163043  163025  0.00    88.47
163054  163066  3.00    48.12
163054  163207  3.00    88.89
163061  163148  0.00    149.70
163063  163073  0.00    4.32
163064  163237  3.00    64.53
163064  162998  0.00    44.13
163065  163025  3.00    10.28
163066  163108  9.00    114.63
163066  162892  3.00    103.40
163069  163148  3.00    26.97
163069  162948  0.00    109.90
163069  163063  2.33    30.79
163071  163328  5.46    139.91
163073  163227  0.00    56.40
163077  162847  0.00    89.56
163078  163054  0.00    48.79
163078  163299  0.00    107.39
163097  163073  3.00    62.12
163108  163127  0.00    7.84
163112  163043  5.33    88.37
163112  163144  7.80    64.37
163112  163204  2.50    35.74
163122  163097  11.50   132.95
163122  162971  0.00    87.25
163127  163235  11.50   44.34
163127  163301  3.00    148.56
163134  163064  1.00    49.42
163134  163225  0.00    36.23
163136  163122  7.00    10.08
163136  163270  7.50    57.74
163138  163033  2.00    72.28
163138  163311  3.00    74.14
163145  163362  0.00    90.60
163148  163305  2.00    65.47
163150  163157  3.00    80.08
163150  163065  0.00    30.19
163152  162905  0.00    88.35
163157  163204  10.00   79.99
163160  162939  2.00    83.59
163161  163065  3.00    34.44
163161  163150  0.00    24.12
163171  162938  6.75    106.12
163178  163134  11.50   36.11
163178  163509  0.00    139.88
163190  163272  0.00    52.03
163190  162984  10.00   98.03
163204  163285  2.33    38.17
163207  163235  2.00    85.96
163227  163416  3.83    82.49
163228  163511  5.50    138.69
163232  163190  0.00    22.02
163234  163204  4.63    67.17
163235  163351  3.00    50.04
163239  162944  0.00    114.25
163239  163306  0.00    76.94
163245  163227  10.00   61.78
163252  163138  11.00   140.63
163252  163307  1.00    24.36
163261  163245  21.00   85.29
163269  163231  8.67    18.76
163270  163399  0.00    53.96
163270  163261  20.00   85.26
163285  163386  4.67    40.35
163285  163240  3.00    102.58
163287  163293  0.00    53.31
163287  163161  20.00   58.10
163290  163449  11.50   79.60
163290  163252  12.80   106.93
163293  163077  3.00    89.15
163293  163299  10.00   83.16
163299  163330  0.00    70.02
163302  162928  0.00    143.31
163305  163606  3.00    132.38
163305  163290  10.50   43.35
163306  163151  0.00    81.11
163307  163415  0.00    56.03
163307  163353  0.00    70.35
163311  163371  1.00    74.88
163314  163285  1.00    52.43
163330  163348  0.00    7.37
163330  163351  6.78    56.41
163348  163423  4.00    100.74
163351  163595  0.00    107.91
163353  163311  3.00    67.54
163353  163404  3.00    64.10
163357  163399  7.09    58.09
163357  163152  11.50   88.03
163362  163464  0.00    44.54
163364  163328  3.00    21.88
163371  163397  5.18    49.81
163377  163301  0.00    40.12
163377  163351  3.00    110.54
163384  163426  1.00    61.46
163384  163287  2.60    40.53
163386  163326  0.00    126.30
163386  163471  1.67    45.42
163392  163269  1.00    70.87
163392  163496  4.17    85.70
163397  163171  11.00   107.42
163397  163408  3.00    75.00
163399  163437  9.20    118.52
163400  163254  0.00    72.62
163400  163406  0.00    34.23
163406  163495  0.00    83.65
163406  163490  0.00    39.23
163406  163232  10.00   87.13
163408  163400  0.00    21.60
163408  163268  0.00    67.38
163415  163527  0.00    69.51
163415  163520  0.00    135.19
163416  163606  8.67    82.67
163420  163245  22.67   78.54
163423  163384  5.50    126.45
163423  163519  0.00    45.34
163426  163150  10.80   118.25
163426  163518  4.80    42.85
163429  163364  6.50    56.11
163429  163392  0.00    26.32
163437  163620  10.31   124.06
163438  163232  7.00    112.21
163464  163638  0.00    83.58
163471  163413  10.00   142.04
163471  163601  2.77    54.94
163485  163471  0.00    12.89
163490  163562  0.00    42.11
163490  163536  0.00    26.73
163495  163560  0.00    83.39
163496  163563  9.57    39.40
163496  163269  11.00   107.05
163500  163485  0.00    12.54
163509  163784  10.50   139.61
163511  163500  3.00    7.70
163518  163733  9.00    108.31
163519  163538  0.00    12.84
163519  163545  3.00    14.48
163520  163404  0.00    67.35
163527  163587  0.00    77.57
163527  163674  0.00    77.57
163536  163599  0.00    32.21
163536  163602  50.00   57.82
163540  163239  0.00    137.77
163554  163518  1.00    80.61
163557  163348  5.83    105.88
163560  163438  0.00    61.89
163560  163561  7.33    88.42
163561  163377  3.00    117.93
163561  163595  4.80    54.86
163563  163511  4.86    53.70
163566  163490  3.00    131.04
163566  163597  0.00    74.08
163587  163615  0.00    77.26
163595  163748  7.14    116.42
163597  163657  0.00    30.86
163597  163725  0.00    140.14
163598  163420  6.50    79.18
163601  163554  3.00    80.74
163601  163791  6.00    106.55
163606  163703  50.00   51.51
163609  163357  7.84    115.15
163610  163553  6.50    29.49
163610  163661  0.00    48.29
163615  163520  0.00    51.30
163619  163660  0.00    122.08
163619  163693  3.00    59.94
163621  163302  0.00    143.30
163624  163759  0.00    81.58
163626  163601  4.25    44.59
163632  163429  11.29   106.11
163632  163505  2.50    71.37
163638  163789  10.26   83.58
163648  163722  20.00   117.70
163648  163627  8.11    136.04
163654  163648  6.40    2.66
163654  163810  1.00    109.50
163657  163886  50.00   148.03
163661  163563  18.86   50.73
163674  163703  2.33    32.05
163674  163759  0.00    58.72
163689  163657  0.00    66.31
163689  163566  24.33   58.50
163703  163915  10.00   106.82
163703  163826  4.75    106.26
163709  163786  0.00    54.48
163712  163557  2.50    104.08
163722  163974  0.00    121.30
163725  163690  0.00    60.16
163733  163791  5.33    139.90
163738  163698  0.00    40.59
163738  163733  0.00    7.23
163744  163632  10.17   82.69
163748  163891  8.67    115.60
163756  163610  8.00    99.85
163759  163941  3.00    95.96
163759  163786  0.00    42.79
163771  163689  11.50   48.15
163774  163661  3.00    78.79
163784  163789  0.00    28.31
163784  163997  10.00   105.01
163785  163771  0.00    31.39
163785  163619  0.00    106.69
163786  163799  0.00    26.02
163789  163963  0.00    76.84
163791  163980  2.60    85.82
163794  163540  0.00    137.85
163799  163830  0.00    58.81
163799  164021  11.50   145.23
163807  163609  5.89    115.21
163810  164045  3.00    111.81
163815  163654  10.75   92.51
163822  163725  0.00    79.76
163826  163862  2.20    17.99
163830  163848  0.00    20.34
163830  164023  0.00    128.80
163838  163724  0.00    114.40
163838  163927  0.00    79.80
163844  163873  3.00    28.79
163844  163767  11.50   47.44
163848  163910  0.00    51.30
163848  163822  0.00    18.97
163859  163866  10.00   33.38
163859  163774  14.33   77.76
163862  163919  11.00   24.81
163866  164078  6.26    105.55
163866  163968  8.73    59.49
163870  163910  0.00    54.09
163870  163822  0.00    93.93
163873  163879  11.00   7.45
163879  163826  11.50   77.54
163879  163919  3.00    22.99
163886  163785  0.00    56.61
163886  163995  0.00    66.28
163891  163956  10.25   112.76
163891  163712  4.40    106.28
163896  163621  0.00    143.37
163899  163756  3.00    99.19
163899  163859  8.20    63.06
163910  163991  0.00    50.60
163915  164096  3.00    105.17
163919  164012  0.00    50.89
163927  163738  0.00    108.34
163941  164085  0.00    95.18
163950  163870  0.00    44.44
163956  163838  0.00    53.96
163956  164105  11.50   83.56
163963  164246  0.00    143.64
163968  163761  6.75    133.04
163968  164014  11.50   41.12
163974  164200  2.33    126.47
163980  164146  5.14    85.87
163991  164032  0.00    46.40
163991  163950  0.00    55.16
163995  164005  0.00    43.03
163995  164135  0.00    76.64
163997  164201  0.00    104.35
164005  163950  0.00    47.46
164005  164032  0.00    52.52
164012  164252  10.25   120.63
164014  164190  4.57    91.16
164014  164079  9.11    80.31
164015  163815  0.00    92.32
164015  163844  20.00   95.76
164023  164048  13.69   136.65
164023  164208  9.00    113.11
164026  163873  0.00    78.60
164032  164135  0.00    119.32
164040  163807  7.67    115.21
164045  164267  0.00    110.76
164048  164183  11.50   99.91
164065  163794  0.00    137.90
164066  164012  0.00    48.10
164066  163862  4.67    128.49
164067  163946  0.00    123.03
164079  164125  10.08   52.03
164086  164066  0.00    19.20
164090  163974  6.50    87.91
164096  164086  6.50    9.51
164105  164264  10.16   77.20
164122  164223  0.00    64.27
164125  164146  5.60    33.36
164127  164152  0.00    31.96
164130  164066  0.00    37.82
164133  164048  0.00    93.83
164135  164214  0.00    45.82
164141  164065  10.00   36.01
164146  164105  5.74    132.94
164152  164079  0.00    32.97
164159  164335  8.25    82.53
164159  164100  3.00    52.31
164164  164015  0.00    76.90
164179  164141  11.50   17.79
164179  164195  0.00    24.05
164183  164254  11.00   97.67
164189  163896  0.00    143.72
164190  164206  0.00    4.79
164190  164114  0.00    61.11
164192  164193  0.00    9.40
164192  164152  0.00    20.37
164193  164411  0.00    109.05
164193  164386  1.00    115.67
164200  164377  3.00    124.41
164206  164192  0.00    51.18
164206  164320  1.00    51.50
164208  164096  0.00    81.61
164208  164263  0.00    36.52
164211  164133  0.00    93.76
164211  164254  0.00    22.05
164214  164221  0.00    31.95
164214  164269  0.00    24.38
164214  164211  3.00    19.65
164221  164223  0.00    14.97
164223  164253  7.25    118.33
164226  164398  5.00    144.94
164231  164314  3.00    65.67
164231  164040  7.33    112.60
164243  164352  8.67    49.72
164243  164217  3.00    24.14
164245  164195  0.00    73.12
164245  164201  0.00    40.51
164246  164550  13.13   143.74
164252  164333  0.00    45.36
164253  164361  5.50    120.12
164254  164269  50.00   33.55
164254  164398  2.00    77.57
164257  164067  0.00    125.13
164263  164423  3.00    95.03
164263  164290  10.00   19.67
164264  164395  6.27    75.19
164269  164282  20.00   10.28
164282  164221  10.00   32.03
164282  164449  2.00    98.34
164290  164407  10.24   91.95
164290  164310  0.00    45.32
164294  164324  0.00    17.02
164304  164086  8.25    117.06
164304  164252  0.00    38.78
164310  164344  7.67    40.38
164310  164159  10.00   94.58
164313  164335  0.00    105.85
164314  164385  10.00   90.62
164320  164243  15.00   50.21
164324  164125  0.00    103.35
164328  164237  0.00    64.90
164328  164320  0.00    11.38
164328  164388  0.00    25.62
164333  164164  0.00    77.58
164333  164450  1.00    82.13
164335  164483  6.75    84.53
164350  164257  0.00    122.28
164352  164436  3.00    50.82
164352  164455  7.67    82.59
164355  164497  0.00    92.64
164355  164324  0.00    19.72
164361  164474  8.37    120.48
164372  164245  0.00    78.28
164375  164363  0.00    38.77
164375  164355  0.00    6.14
164377  164090  0.00    137.47
164377  164385  0.00    41.07
164380  164350  0.00    120.60
164381  164446  10.00   42.61
164385  164090  3.00    133.82
164388  164455  10.00   41.80
164388  164373  1.00    52.69
164395  164456  8.00    39.89
164395  164380  0.00    120.36
164398  164428  3.00    29.87
164411  164492  0.00    104.20
164423  164556  8.13    108.20
164423  164432  0.00    9.66
164425  164231  11.50   117.21
164428  164313  5.73    107.85
164428  164507  25.00   47.61
164432  164553  7.43    100.20
164436  164557  10.00   57.81
164436  164492  8.67    125.58
164446  164561  9.80    97.07
164448  164314  10.00   105.77
164449  164576  7.00    76.10
164449  164381  8.57    123.11
164450  164537  0.00    80.13
164455  164492  0.00    16.31
164456  164669  9.13    101.35
164469  164372  20.00   78.39
164469  164179  9.09    147.38
164474  164481  0.00    118.51
164475  164390  0.00    95.85
164477  164304  3.00    103.29
164478  164382  0.00    56.13
164478  164540  0.00    32.95
164481  164456  0.00    125.17
164483  164571  6.50    65.23
164483  164582  0.00    48.70
164484  164447  20.00   16.67
164484  164579  7.40    105.54
164489  164189  0.00    143.88
164497  164647  0.00    93.02
164500  164661  0.00    83.37
164501  164509  0.00    40.83
164504  164375  0.00    80.49
164509  164540  0.00    66.38
164509  164478  0.00    109.94
164515  164432  8.56    38.46
164518  164511  0.00    47.29
164518  164390  0.00    66.56
164532  164668  20.00   70.83
164532  164500  0.00    81.79
164537  164579  1.00    21.90
164537  164486  0.00    45.03
164539  164725  10.00   115.58
164539  164515  0.00    12.88
164540  164568  0.00    11.02
164545  164532  0.00    9.97
164545  164484  6.50    32.42
164550  164882  3.00    143.76
164553  164677  0.00    100.71
164556  164731  4.77    109.62
164559  164525  2.00    26.85
164559  164705  9.80    104.52
164561  164576  1.00    94.97
164568  164601  9.81    52.56
164571  164646  10.00   94.44
164572  164827  7.08    140.83
164572  164539  6.50    12.38
164576  164646  3.00    42.64
164579  164658  1.00    41.91
164582  164571  0.00    62.06
164589  164582  0.00    5.65
164590  164648  0.00    66.19
164597  164640  0.00    25.80
164597  164425  0.00    115.44
164597  164525  0.00    56.76
164601  164446  3.00    71.52
164602  164614  8.67    56.78
164602  164593  0.00    24.02
164606  164541  0.00    28.95
164606  164595  0.00    73.97
164611  164606  0.00    11.57
164614  164915  9.20    134.96
164614  164624  8.57    54.32
164621  164477  0.00    101.18
164624  164568  0.00    35.80
164627  164515  7.70    84.43
164640  164913  15.50   137.47
164644  164682  0.00    35.35
164644  164448  1.00    107.75
164646  164651  11.50   110.60
164647  164692  0.00    31.59
164647  164685  0.00    24.71
164648  164517  0.00    64.43
164651  164601  12.44   110.82
164655  164597  10.71   43.71
164655  164754  0.00    50.17
164658  164719  2.00    29.17
164658  164545  0.00    106.63
164658  164621  3.00    101.11
164661  164666  0.00    27.11
164665  164504  0.00    80.84
164666  164668  3.00    2.69
164668  164683  0.00    32.37
164669  164611  3.00    64.09
164669  164780  8.67    49.15
164671  164899  0.00    148.08
164671  164557  5.60    63.27
164677  164722  9.00    28.39
164677  164698  0.00    14.84
164678  164672  0.00    9.12
164682  164721  0.00    58.00
164682  164661  0.00    34.79
164683  164545  15.00   63.98
164683  164814  1.93    91.48
164684  164764  11.50   91.13
164684  164475  0.00    100.19
164685  164812  0.00    129.71
164685  164842  0.00    107.72
164689  164523  8.63    81.95
164690  164655  10.00   24.73
164690  164644  11.50   25.61
164698  164760  0.00    39.49
164712  164678  0.00    40.49
164712  164648  0.00    27.30
164719  164652  10.50   58.15
164719  164814  2.00    43.47
164721  164666  0.00    25.88
164721  164885  0.00    138.61
164722  164778  2.00    66.53
164722  164763  0.00    19.86
164725  164993  0.00    119.47
164726  164572  5.73    79.14
164731  164832  0.00    50.80
164754  164794  0.00    28.80
164754  164908  0.00    93.60
164759  164469  10.00   144.76
164760  164627  8.00    84.55
164763  164698  0.00    32.98
164764  164518  0.00    108.28
164771  164759  5.17    16.57
164778  164870  0.00    47.08
164778  164783  11.50   39.58
164779  164839  0.00    55.66
164780  164897  7.60    107.14
164780  165062  8.79    138.55
164783  164904  13.38   141.48
164783  164988  5.33    89.07
164785  164771  0.00    17.72
164787  164851  0.00    107.75
164792  164883  7.67    101.93
164794  164908  0.00    61.03
164794  164815  0.00    16.15
164795  164671  10.50   59.77
164795  164692  0.00    76.90
164812  164779  0.00    44.45
164812  164960  0.00    85.73
164814  164731  3.14    147.24
164819  164489  0.00    143.91
164825  164705  8.15    93.20
164825  164678  0.00    69.00
164827  165108  8.86    142.62
164832  164965  10.10   87.97
164838  164764  0.00    45.11
164839  165060  0.00    107.92
164839  164741  0.00    41.34
164840  164759  0.00    41.43
164840  165019  6.80    80.56
164842  165031  0.00    108.34
164851  164883  8.67    107.12
164866  164690  11.00   124.41
164867  164712  0.00    75.80
164867  164876  0.00    60.90
164867  164868  0.00    6.65
164868  164819  0.00    30.30
164870  164763  0.00    72.97
164870  164936  0.00    47.45
164874  164689  8.39    81.87
164874  164895  6.00    43.89
164876  164825  14.33   49.51
164882  164962  0.00    36.30
164883  164904  0.00    15.90
164894  164874  8.51    85.88
164894  165006  0.00    60.29
164895  164602  6.17    132.80
164895  164910  6.20    50.50
164897  164894  3.00    10.92
164897  164595  14.33   137.63
164901  164868  0.00    19.97
164901  164819  0.00    34.23
164904  164916  6.12    131.51
164908  164938  20.00   13.31
164910  164915  2.00    7.30
164910  165159  2.00    127.62
164915  164925  10.44   44.64
164916  164918  10.13   131.50
164918  164624  5.91    130.45
164920  164726  4.67    85.21
164925  164918  3.00    10.01
164926  164840  0.00    60.40
164926  165107  0.00    85.81
164935  164760  12.90   86.31
164938  164930  0.00    140.29
164938  165055  10.64   114.46
164945  165114  6.20    78.24
164945  164926  9.84    14.65
164948  164876  14.33   74.29
164958  164948  0.00    15.54
164958  164901  2.50    27.15
164959  164958  0.00    0.75
164959  164962  0.00    17.66
164960  165060  0.00    84.28
164962  165012  0.00    23.16
164962  164966  20.00   8.00
164965  165153  0.00    110.22
164965  165001  8.33    50.43
164966  164973  6.40    47.64
164973  164974  6.00    95.73
164973  165177  11.50   101.53
164974  164684  1.00    121.39
164974  164945  30.00   16.34
164978  164726  5.33    143.22
164987  165077  6.40    45.96
164987  164988  10.33   58.93
164988  165028  5.80    63.24
164995  164795  10.67   131.10
165001  164866  10.07   123.05
165004  164886  12.67   75.27
165009  164958  3.00    23.50
165012  165185  0.00    84.30
165018  164930  0.00    85.29
165019  165186  3.00    80.75
165028  165095  0.00    36.61
165037  165055  8.95    81.82
165038  165085  0.00    82.12
165046  165105  0.00    31.41
165046  164987  8.29    96.99
165053  164832  9.09    120.12
165055  165163  9.07    123.24
165060  165072  0.00    127.49
165062  165270  9.50    135.41
165068  165037  9.52    126.75
165072  165081  0.00    49.48
165072  164946  0.00    70.70
165077  165175  6.73    107.98
165081  165038  0.00    79.41
165084  164920  7.17    84.46
165088  165146  2.00    81.10
165088  165037  9.86    34.21
165095  165165  20.00   41.14
165099  165018  3.00    84.86
165099  165001  11.50   49.66
165104  165099  0.00    2.61
165105  165077  2.60    59.06
165107  165291  0.00    85.81
165108  164935  13.14   86.86
165108  165215  3.00    63.35
165109  165250  15.00   81.64
165109  165068  3.00    57.95
165110  165028  10.00   84.29
165114  165286  6.75    78.24
165115  165258  0.00    81.13
165115  165053  0.00    34.37
165125  165159  2.33    48.76
165125  164895  8.67    118.83
165131  165004  20.00   76.90
165131  165084  0.00    66.67
165134  165200  0.00    42.32
165134  165109  6.50    30.74
165146  165179  26.50   31.59
165152  165105  26.50   149.33
165152  165046  8.86    143.21
165153  165167  0.00    30.03
165153  165229  7.25    53.46
165159  165189  0.00    52.35
165163  165293  5.80    99.74
165163  165327  6.50    87.61
165165  165220  0.00    26.21
165167  165206  0.00    15.43
165167  165053  0.00    74.79
165175  165213  7.25    77.44
165175  165292  0.00    60.58
165177  165407  0.00    101.53
165179  165068  10.25   70.81
165182  165186  0.00    41.54
165185  165374  0.00    84.27
165186  165226  0.00    17.59
165189  164925  7.91    134.58
165193  165095  0.00    83.80
165200  165280  0.00    43.75
165200  165446  0.00    147.40
165206  165272  0.00    37.11
165211  164978  7.67    129.15
165213  165245  3.00    77.37
165215  165294  3.00    89.48
165215  165220  0.00    3.77
165220  165316  18.38   77.00
165220  165395  3.00    101.12
165229  165104  2.00    79.89
165229  165343  0.00    97.66
165231  165009  20.00   105.88
165235  165084  6.50    85.06
165235  165131  0.00    55.47
165237  165263  0.00    27.42
165238  165110  0.00    99.36
165245  165152  3.00    51.78
165250  165398  3.00    81.64
165253  165108  6.50    121.89
165253  165235  2.00    7.91
165258  165206  0.00    30.06
165263  165115  1.00    75.23
165270  165125  9.40    80.16
165270  165288  10.00   6.28
165272  165414  0.00    118.65
165273  165165  0.00    79.03
165280  165104  0.00    96.19
165282  164974  3.00    145.20
165282  165286  0.00    15.48
165286  165389  10.00   46.58
165288  165422  6.86    75.19
165291  165286  0.00    12.03
165291  165389  0.00    54.41
165292  165238  3.00    115.31
165293  165088  3.50    126.34
165293  165354  0.00    49.09
165294  165467  7.40    93.43
165297  165238  0.00    32.96
165297  165193  0.00    83.89
165304  165258  0.00    40.55
165305  165431  0.00    113.42
165309  165288  0.00    52.37
165316  165421  2.00    77.19
165323  165309  0.00    127.13
165327  165462  0.00    86.63
165328  165292  11.50   79.54
165329  165081  0.00    134.69
165335  165350  6.40    79.76
165342  165305  0.00    114.08
165342  165430  0.00    88.08
165343  165280  1.00    35.39
165343  165473  3.00    102.34
165350  165422  5.13    69.64
165350  165451  0.00    129.70
165351  165134  3.00    116.11
165354  165432  3.00    64.93
165354  165520  5.33    90.17
165364  165328  10.75   79.53
165364  165245  0.00    65.22
165370  165146  0.00    130.40
165370  165179  4.70    104.77
165372  165297  0.00    39.90
165372  165273  3.00    79.02
165374  165634  20.00   114.46
165374  165633  20.00   113.43
165379  165297  0.00    146.48
165385  165342  0.00    87.16
165389  165479  0.00    42.62
165394  165272  0.00    88.39
165395  165518  2.00    98.90
165397  165309  0.00    51.17
165397  165358  3.00    30.94
165411  165335  3.00    80.20
165411  165364  9.00    25.35
165421  165372  0.00    25.99
165421  165447  3.00    25.41
165422  165612  5.75    88.98
165425  165263  0.00    83.28
165425  165394  20.00   86.82
165430  165558  0.00    88.47
165431  165530  0.00    113.02
165432  165563  10.60   87.34
165432  165370  0.00    39.24
165433  165372  0.00    144.11
165437  165484  0.00    50.56
165437  165253  11.57   90.24
165437  165467  2.33    12.20
165443  165379  4.94    146.33
165443  165411  0.00    24.98
165444  165293  10.00   88.90
165447  165559  20.00   70.30
165452  165537  0.00    41.53
165462  165231  0.00    105.78
165466  165425  0.00    31.59
165466  165237  3.00    109.92
165467  165598  9.00    55.96
165473  165715  0.00    106.91
165476  165479  0.00    15.75
165476  165282  0.00    89.77
165479  165517  13.67   15.75
165484  165510  4.17    30.75
165484  165211  3.00    130.28
165487  165482  0.00    53.43
165487  165417  3.00    90.11
165496  165537  0.00    54.72
165496  165609  0.00    73.85
165510  165466  2.00    27.98
165510  165586  8.00    85.96
165511  165447  0.00    127.22
165516  165433  11.13   144.15
165516  165443  4.88    37.39
165517  165621  3.00    44.34
165517  165540  14.33   18.32
165518  165674  0.00    81.54
165518  165559  1.00    104.33
165520  165701  3.00    90.17
165529  165672  0.00    59.45
165529  165536  0.00    43.00
165530  165600  0.00    111.64
165536  165487  0.00    24.90
165536  165552  0.00    41.53
165537  165614  0.00    59.37
165540  165476  3.00    26.95
165540  165703  15.78   79.06
165552  165608  0.00    30.93
165552  165571  0.00    16.13
165556  165397  0.00    81.57
165558  165600  0.00    20.73
165558  165557  0.00    15.80
165559  165595  3.00    87.26
165559  165750  8.00    127.10
165563  165351  0.00    115.77
165570  165432  0.00    68.71
165571  165688  0.00    48.79
165571  165656  15.20   76.80
165586  165529  0.00    118.77
165586  165672  1.31    118.14
165587  165849  0.00    119.37
165587  165633  14.33   24.58
165594  165516  1.00    45.07
165594  165511  2.33    127.78
165595  165644  5.33    87.32
165597  165594  0.00    1.17
165597  165871  3.00    140.56
165598  165614  3.00    7.07
165600  165607  0.00    14.32
165609  165674  0.00    37.05
165609  165723  20.00   146.36
165612  165832  8.06    142.72
165612  165618  5.33    141.65
165614  165723  10.00   46.11
165618  165725  0.00    58.60
165620  165556  0.00    77.57
165621  165540  11.68   37.35
165625  165563  0.00    33.18
165626  165701  6.50    50.37
165626  165444  0.00    88.90
165633  165868  3.00    112.87
165634  165587  14.33   28.65
165635  165676  12.29   20.69
165635  165598  3.00    35.36
165644  165597  0.00    27.09
165647  165824  10.00   118.86
165647  165570  6.64    59.61
165656  165708  0.00    58.33
165656  165800  3.75    88.18
165671  165625  0.00    86.60
165672  165813  2.00    111.28
165674  165705  0.00    13.91
165675  165635  8.86    69.42
165676  165900  21.50   114.32
165676  165843  14.80   82.47
165683  165625  11.50   30.12
165683  165647  0.00    28.92
165697  165705  11.50   15.60
165699  165675  0.00    28.08
165701  165792  3.56    60.96
165703  165833  9.24    78.86
165705  165745  3.00    81.65
165708  165715  3.00    17.06
165708  165954  4.67    146.76
165715  165888  0.00    91.12
165715  165752  0.00    65.83
165718  165462  3.00    105.91
165723  165802  5.83    40.39
165725  165831  4.67    76.42
165730  165699  1.00    49.98
165737  165626  3.00    59.39
165741  165621  10.74   50.11
165745  165802  6.50    81.91
165750  165644  9.89    86.16
165752  165978  0.00    145.14
165752  165982  3.50    118.09
165762  165730  0.00    50.78
165764  165683  3.00    38.66
165773  166024  0.00    137.14
165773  165750  0.00    19.25
165776  165810  0.00    21.45
165781  165725  0.00    43.76
165790  165741  0.00    20.50
165792  165824  0.00    39.10
165792  165570  0.00    115.30
165795  165762  0.00    50.24
165800  165980  0.00    91.53
165802  166034  7.00    111.46
165804  165879  6.50    97.72
165810  165911  1.00    56.20
165813  165795  0.00    51.00
165813  166023  17.50   100.26
165824  165845  0.00    37.93
165832  166115  6.55    145.54
165833  166030  8.42    131.62
165833  165634  15.00   111.54
165843  166022  11.00   83.27
165843  165859  3.00    11.65
165845  165866  0.00    24.60
165845  165920  3.00    94.24
165847  165987  0.00    67.52
165850  165773  20.00   69.91
165856  165850  0.00    7.48
165859  165864  0.00    1.50
165859  165675  8.25    92.95
165864  165993  6.78    78.12
165864  165881  10.00   30.85
165865  165856  3.00    6.65
165865  165731  12.50   69.65
165866  166054  12.14   86.16
165866  165764  0.00    80.59
165868  166111  1.00    112.65
165870  165865  10.00   9.11
165871  166027  0.00    82.98
165871  165783  0.00    63.03
165872  165795  0.00    47.10
165872  166023  7.33    78.20
165875  165762  0.00    62.07
165875  165872  0.00    51.74
165876  165949  0.00    115.65
165879  165810  6.50    95.87
165881  165699  8.67    94.82
165881  165896  14.33   51.97
165887  165848  20.00   33.61
165888  166088  4.67    91.21
165891  165944  10.00   29.38
165893  166040  0.00    82.56
165896  165875  11.50   52.19
165896  165730  3.00    86.39
165900  166168  10.00   115.11
165906  165984  10.00   35.99
165911  165935  18.67   48.26
165911  165891  5.50    38.28
165911  166172  10.00   120.89
165920  165964  0.00    61.89
165928  165718  0.00    105.82
165933  165870  8.24    108.96
165935  165959  6.50    40.04
165944  165984  30.00   143.63
165944  166066  10.50   55.10
165949  166207  0.00    119.81
165954  166055  10.00   42.75
165954  165887  0.00    44.39
165959  166219  0.00    117.43
165959  166001  0.00    39.68
165978  165994  0.00    21.56
165982  166174  0.00    115.34
165984  166098  0.00    49.12
165993  165965  0.00    39.71
165993  166171  7.46    95.23
165994  165764  3.00    116.82
166001  166040  3.00    43.92
166002  165933  0.00    109.01
166002  166094  8.67    39.37
166006  165870  3.00    129.84
166008  166020  10.00   92.23
166020  166081  26.00   67.66
166020  165920  0.00    45.39
166022  166179  1.00    68.10
166023  166033  0.00    3.89
166024  166084  0.00    135.36
166027  165942  3.00    82.17
166028  165893  0.00    81.63
166030  166302  7.69    134.47
166033  166186  10.00   70.62
166034  166002  10.00   51.19
166034  166315  7.86    130.75
166040  166082  0.00    18.87
166046  166054  0.00    49.60
166046  166308  0.00    111.99
166046  165994  0.00    21.57
166050  166033  0.00    23.08
166050  165785  20.00   128.95
166054  166234  6.50    79.80
166055  165980  3.00    51.91
166066  166101  11.00   18.76
166070  165856  6.80    111.07
166082  166028  10.00   78.39
166084  165850  11.50   135.00
166085  166050  10.00   34.55
166088  165887  0.00    114.03
166088  166174  0.00    40.99
166094  166206  3.00    69.52
166094  166006  5.83    108.12
166098  166066  19.00   129.26
166100  166070  0.00    36.99
166101  166129  0.00    14.05
166111  166371  0.00    112.45
166115  166098  0.00    48.71
166115  166177  0.00    33.89
166127  166022  10.20   60.96
166129  166251  0.00    85.39
166136  166082  0.00    36.59
166150  166085  7.67    48.89
166155  166129  0.00    94.93
166158  165928  0.00    105.54
166162  166070  6.50    78.64
166168  166397  0.00    112.66
166170  166183  0.00    21.43
166174  166194  0.00    14.08
166176  166177  10.50   39.72
166176  165987  7.25    81.41
166177  166182  0.00    4.10
166179  166388  10.00   93.58
166182  166155  0.00    94.94
166182  166272  10.00   53.39
166183  165935  7.11    114.77
166184  166001  0.00    87.22
166186  166329  0.00    57.41
166186  166085  20.00   57.91
166191  166100  0.00    50.37
166194  166055  4.63    108.94
166198  166183  0.00    6.27
166206  166006  3.83    107.95
166207  166434  0.00    120.33
166207  166028  0.00    86.23
166209  166100  2.00    87.89
166220  166184  10.00   51.14
166228  166184  0.00    17.90
166232  166008  0.00    97.17
166234  166305  0.00    27.59
166234  166232  0.00    40.00
166240  166150  0.00    46.33
166246  166162  0.00    78.46
166259  165978  0.00    126.34
166260  166176  8.25    70.06
166272  166579  7.17    144.66
166272  166327  10.00   65.61
166278  166194  0.00    39.98
166278  166281  11.50   30.59
166281  166150  7.43    98.36
166281  166352  0.00    55.46
166283  166191  0.00    50.54
166301  166443  0.00    134.02
166301  166278  0.00    9.11
166302  166578  37.17   135.76
166305  166414  0.00    45.49
166308  166461  0.00    72.45
166308  166305  0.00    49.03
166311  166191  4.75    90.40
166315  166318  5.69    17.36
166318  166206  5.50    51.98
166318  166283  5.60    69.63
166326  166179  20.00   70.09
166326  166460  0.00    76.75
166327  166361  3.00    29.11
166328  166209  0.00    87.82
166328  166246  3.00    35.51
166329  166443  9.00    83.18
166329  166240  0.00    45.92
166337  166146  1.00    90.75
166345  166171  8.00    87.52
166352  166240  0.00    77.93
166352  166427  0.00    38.29
166361  166260  0.00    52.16
166361  166432  0.00    41.18
166378  166148  0.00    100.51
166388  166467  6.43    52.85
166388  166460  2.50    50.32
166389  166301  10.00   55.85
166392  166082  0.00    146.40
166397  166315  5.10    52.01
166400  166327  0.00    34.02
166410  166283  0.00    93.64
166414  166232  0.00    86.92
166421  166328  0.00    47.96
166421  166311  0.00    90.36
166430  166158  0.00    138.21
166432  166337  0.00    148.94
166432  166584  0.00    75.51
166433  166158  0.00    122.02
166434  166478  0.00    90.19
166434  166591  0.00    95.47
166437  166389  0.00    37.02
166443  166470  7.83    56.21
166449  166128  0.00    148.69
166449  166726  3.00    131.72
166449  166342  11.00   93.91
166455  166273  20.00   85.90
166460  166618  11.50   75.42
166461  166259  0.00    123.38
166467  166732  4.36    143.36
166467  166397  7.47    53.16
166478  166586  0.00    91.44
166491  166410  0.00    93.64
166491  166421  0.00    49.11
166495  166389  0.00    106.19
166514  166491  3.00    17.18
166518  166345  9.31    89.14
166560  166764  0.00    103.12
166560  166449  8.00    85.03
166579  166835  14.33   144.78
166585  166455  0.00    84.44
166585  166326  15.00   136.93
166587  166392  0.00    142.98
166591  166378  0.00    101.45
166591  166617  0.00    10.76
166607  166361  7.80    111.81
166617  166560  7.00    48.18
166621  166488  10.00   50.88
166621  166553  15.00   51.00
166724  166617  17.00   109.82
166803  166587  0.00    145.54
155389  155803  3.00    132.23
155570  155904  8.56    111.46
155599  155929  10.50   108.29
155600  155950  8.55    112.46
155670  155892  8.85    77.86
155687  156015  2.53    105.11
155804  155922  10.00   41.02
155821  155904  4.47    140.41
155846  155946  0.00    33.05
155850  155972  10.53   38.26
155864  155638  3.00    76.53
155867  155984  0.00    37.21
155882  156003  1.00    40.27
155891  155558  8.20    112.34
155891  155701  5.94    137.30
155892  155929  4.72    120.82
155904  155950  4.50    74.10
155906  155645  8.67    86.48
155912  156186  6.22    92.44
155922  155993  10.00   21.37
155922  155672  10.00   119.92
155929  155891  4.17    122.47
155934  155892  1.89    42.99
155934  155617  10.00   128.59
155950  156015  3.87    103.88
155956  156105  7.60    97.31
155959  156097  10.00   56.26
155968  156306  1.00    135.10
155972  156083  5.50    37.59
155972  156029  10.57   85.03
156005  156156  9.75    72.19
156015  156291  3.32    95.13
156022  155934  5.37    54.77
156029  156078  7.50    85.03
156032  156083  15.17   86.90
156034  155719  6.00    100.12
156078  156138  10.33   93.36
156078  155810  3.00    90.92
156083  156252  8.17    56.32
156086  155886  6.32    93.81
156105  156199  14.69   47.14
156105  156143  10.75   44.80
156113  156329  10.00   71.92
156131  156194  5.02    135.11
156134  155959  4.67    76.58
156134  155895  8.67    92.78
156138  156030  0.00    38.33
156138  156186  10.00   73.63
156143  156159  10.00   25.50
156156  156271  10.60   54.75
156159  156032  20.00   89.35
156159  156185  0.00    39.50
156163  156022  1.80    96.30
156179  156340  6.05    149.91
156185  156203  9.83    26.62
156186  156443  4.22    92.85
156194  156086  7.25    53.09
156203  156393  0.00    92.15
156203  156233  15.00   44.94
156208  156269  0.00    46.24
156210  156131  5.05    68.97
156231  156097  2.40    64.88
156233  156398  0.00    59.11
156233  156252  4.83    27.48
156234  156194  7.41    16.97
156235  155968  1.67    87.97
156252  156603  6.29    130.80
156252  156276  0.00    45.53
156271  156086  10.00   73.33
156275  156210  6.05    112.77
156276  156313  3.86    65.30
156291  156547  3.88    95.14
156297  156234  10.00   34.58
156304  156426  0.00    72.19
156306  156134  3.00    76.27
156306  156573  1.00    113.15
156307  156156  10.00   71.51
156313  156356  8.00    59.42
156318  156275  5.44    76.58
156321  156163  6.20    96.60
156329  156318  5.33    11.10
156333  156304  0.00    37.42
156333  156185  20.00   49.51
156334  156034  7.80    100.12
156340  156378  9.38    18.62
156340  156503  7.00    93.20
156356  156395  8.80    67.26
156356  156078  1.00    93.65
156368  156231  0.00    62.13
156368  156537  0.00    97.91
156373  156089  7.67    97.22
156373  156329  3.10    50.20
156378  156537  13.50   79.68
156378  156231  3.00    94.72
156383  156373  3.00    13.02
156383  156647  6.23    98.79
156390  156307  10.00   36.13
156393  156333  0.00    21.10
156395  156443  6.67    99.45
156395  156721  25.33   129.96
156407  156503  5.22    71.95
156415  156321  6.63    46.71
156419  156383  5.94    48.69
156424  156134  0.00    118.25
156424  156368  1.00    32.52
156426  156393  0.00    15.61
156433  156143  0.00    101.35
156441  156297  11.00   62.81
156441  156131  9.00    114.28
156443  156762  7.75    126.11
156443  156514  8.00    132.84
156445  156271  5.33    76.84
156445  156307  11.00   69.41
156446  156306  28.00   65.52
156446  156235  6.50    86.60
156466  156234  11.00   104.63
156477  156275  5.33    78.84
156486  156445  20.00   17.08
156503  156556  8.11    26.79
156504  156318  0.00    70.84
156508  156419  7.91    107.65
156514  156597  8.25    132.84
156516  156297  3.00    84.20
156522  156488  2.00    78.88
156522  156775  5.50    100.46
156532  156486  1.00    19.02
156536  156586  6.43    55.38
156536  156441  10.00   36.91
156537  156746  7.14    106.72
156547  156568  0.00    6.25
156552  156770  0.00    117.48
156554  156811  6.50    102.09
156554  156522  10.00   59.92
156556  156801  10.42   117.80
156565  156690  3.00    47.75
156568  156679  2.32    39.82
156573  156424  10.00   75.04
156576  156926  9.00    135.58
156576  156508  2.40    67.06
156586  156210  6.00    145.31
156586  156599  8.67    14.21
156597  156601  0.00    5.60
156597  156756  11.09   121.55
156599  156682  15.00   100.28
156599  156765  0.00    70.07
156601  156334  5.22    100.05
156603  156665  5.33    20.37
156603  156554  11.29   95.24
156634  156276  8.75    130.78
156634  156603  0.00    45.30
156645  156415  5.31    107.76
156647  156795  10.75   68.12
156665  156722  1.00    29.42
156673  156313  12.17   129.64
156673  156634  10.75   67.94
156677  156610  3.00    95.73
156679  156949  3.42    110.33
156682  156477  4.40    78.84
156682  156703  2.00    29.83
156689  156802  6.69    49.80
156689  156679  5.65    101.43
156690  156647  3.00    98.06
156690  156895  3.00    77.71
156691  156446  8.00    108.06
156691  156573  8.00    58.52
156695  156673  0.00    61.10
156695  156356  10.89   128.40
156696  156689  6.14    97.72
156702  156828  6.67    50.49
156702  156696  5.57    97.72
156703  156748  1.00    77.89
156705  156782  2.00    36.91
156705  156415  7.77    123.33
156706  156801  0.00    65.10
156718  156556  9.86    88.16
156721  156976  3.00    97.82
156721  156695  19.33   63.89
156722  156851  7.00    47.94
156722  156773  0.00    111.01
156725  156486  3.83    146.79
156725  156516  10.00   84.20
156728  156576  6.91    115.81
156728  156837  9.36    41.74
156733  156702  3.00    39.00
156742  156765  10.00   31.52
156746  156859  50.00   50.62
156748  156795  0.00    69.58
156754  156601  5.67    64.12
156754  156733  0.00    18.39
156755  156775  7.25    47.20
156756  156936  7.88    121.49
156762  157100  6.33    126.14
156765  156875  2.00    122.25
156770  156691  3.00    58.00
156773  156673  11.00   49.63
156775  156811  0.00    60.20
156782  156966  7.07    75.36
156795  157041  3.00    89.68
156795  156895  0.00    97.00
156799  156879  0.00    40.44
156801  156907  8.67    37.88
156802  157045  5.33    102.39
156804  156508  9.13    118.01
156806  156802  10.50   47.13
156811  156821  1.00    8.56
156815  156806  3.00    45.81
156820  157157  8.13    128.02
156820  156815  0.00    48.92
156821  156665  10.33   121.05
156822  156754  7.88    54.97
156822  156984  0.00    68.54
156828  156820  7.80    47.75
156828  157097  9.63    101.29
156832  156879  3.00    26.17
156834  156754  3.00    28.18
156837  156968  9.43    54.77
156851  157049  11.29   75.73
156853  156645  5.07    107.92
156859  156770  11.50   48.77
156864  156728  8.69    54.38
156869  156536  4.67    127.41
156869  156725  7.67    81.67
156872  156859  20.00   9.05
156875  156703  3.00    69.25
156875  156880  0.00    3.64
156879  157123  5.33    116.54
156880  157057  10.00   70.27
156880  156944  2.00    92.06
156895  157092  10.00   79.49
156901  156822  4.89    53.55
156901  157124  5.33    107.27
156907  156746  11.00   108.52
156907  157032  8.45    59.82
156919  156773  0.00    49.48
156919  156851  10.00   110.78
156924  157168  2.00    129.47
156926  157257  7.36    135.58
156936  157100  13.25   121.43
156944  156748  0.00    71.23
156946  156919  6.50    63.43
156946  156695  8.67    99.53
156964  156901  7.00    52.62
156964  157118  3.00    66.91
156966  157138  6.50    75.20
156968  156864  4.00    66.13
156968  157172  5.70    87.45
156976  156946  9.22    61.56
156976  157164  0.00    72.84
156996  157065  7.00    75.77
156997  156718  9.83    136.17
156997  156907  9.00    72.83
156998  156869  4.00    54.91
157008  156997  0.00    7.74
157014  157057  11.50   45.80
157032  156872  7.40    107.03
157032  157080  1.00    20.18
157041  157092  0.00    94.92
157041  157114  1.00    29.00
157045  156806  0.00    87.78
157045  157111  8.50    52.16
157049  157227  7.00    71.78
157050  156944  0.00    38.96
157050  157041  0.00    54.96
157057  157093  0.00    43.37
157065  157123  8.67    75.77
157071  157008  6.50    41.15
157080  156872  0.00    133.62
157080  157182  0.00    45.76
157092  157293  0.00    82.82
157093  157050  1.67    68.64
157097  157358  8.80    101.25
157100  157200  2.00    69.08
157101  157049  3.00    101.26
157111  156815  5.33    111.62
157111  157157  10.00   48.37
157112  156804  11.50   118.01
157118  157299  0.00    82.58
157123  157168  20.00   22.03
157124  157343  3.00    86.41
157140  156964  2.60    126.48
157143  157101  6.75    101.26
157154  156864  6.00    120.32
157157  157298  11.50   55.19
157164  157143  3.00    31.96
157168  157459  6.43    127.68
157170  157141  1.00    9.89
157170  157505  9.00    116.90
157172  157223  7.40    23.54
157173  157338  0.00    87.20
157176  157270  0.00    76.11
157182  157339  0.00    82.04
157182  157309  6.75    59.36
157185  157008  11.50   77.87
157200  157164  3.00    54.25
157200  157397  2.00    127.09
157202  156996  4.67    91.89
157209  157176  0.00    14.33
157209  157118  0.00    55.86
157210  157524  3.75    144.28
157212  157093  11.50   133.28
157223  157233  3.00    3.84
157227  157187  0.00    92.76
157227  157419  6.38    68.67
157233  157530  5.26    116.09
157257  157652  4.00    135.58
157270  157364  10.00   35.55
157270  157457  6.75    121.16
157275  157209  20.00   31.21
157279  157227  13.25   100.39
157306  157325  0.00    31.40
157306  157304  0.00    6.32
157309  157373  0.00    28.79
157316  157140  7.33    126.40
157324  157210  9.40    141.72
157325  157339  0.00    36.14
157325  157381  0.00    22.85
157334  157143  5.33    71.61
157334  157279  20.00   100.39
157338  157372  0.00    50.24
157339  157402  0.00    25.95
157343  157287  8.17    54.76
157364  157567  10.00   67.87
157364  157275  4.67    83.26
157368  157306  0.00    22.93
157372  157419  0.00    68.25
157385  157610  2.20    116.88
157391  157202  6.50    91.36
157391  157611  0.00    69.23
157392  157324  0.00    103.13
157395  157747  0.00    128.55
157397  157466  11.00   36.81
157397  157334  0.00    23.17
157398  157245  4.00    144.81
157398  157358  1.00    14.38
157402  157427  0.00    5.61
157402  157442  0.00    13.64
157409  157477  0.00    20.69
157418  157343  6.63    59.94
157419  157609  9.75    75.44
157419  157471  9.80    78.75
157421  157484  0.00    19.86
157423  157482  0.00    18.84
157424  157112  10.00   118.01
157427  157455  0.00    11.44
157444  157418  0.00    21.39
157444  157275  5.33    68.49
157446  157514  10.00   53.12
157446  157290  10.44   53.55
157455  157463  0.00    3.24
157457  157563  11.50   55.25
157459  157610  8.50    56.99
157459  157385  0.00    116.43
157463  157469  0.00    1.22
157464  157517  10.45   12.82
157464  157398  9.01    57.98
157465  157452  0.00    16.87
157466  157528  10.60   28.15
157469  157482  0.00    16.14
157471  157528  0.00    78.75
157474  157154  7.00    120.35
157477  157412  0.00    89.38
157482  157484  0.00    29.07
157484  157477  0.00    30.18
157488  157324  7.40    101.61
157496  157801  7.57    111.90
157496  157465  0.00    46.54
157505  157496  0.00    8.23
157514  157685  3.00    94.56
157517  157673  6.00    52.33
157522  157505  20.00   36.73
157524  157878  0.00    146.11
157527  157522  0.00    9.81
157527  157197  10.00   115.49
157528  157681  9.60    93.67
157530  157908  10.00   137.24
157530  157729  7.29    87.01
157549  157233  7.00    110.52
157549  157527  6.50    46.99
157555  157807  11.20   108.64
157555  157316  8.86    127.27
157563  157743  10.00   71.90
157567  157444  8.29    98.37
157568  157464  6.38    75.62
157575  157392  0.00    67.52
157588  157392  1.00    113.14
157609  157650  10.00   17.73
157609  157628  20.00   12.65
157610  157751  8.00    91.00
157611  157280  2.00    129.52
157613  157391  9.00    88.21
157613  157459  0.00    83.39
157621  157654  10.00   50.08
157621  157446  13.33   56.68
157626  157466  15.75   59.52
157626  157555  3.00    35.54
157628  157681  9.00    113.18
157628  157727  0.00    38.85
157632  157588  3.00    111.00
157633  157634  0.00    6.57
157634  157676  0.00    49.41
157641  157372  5.60    101.04
157650  157888  7.57    104.58
157654  157661  0.00    16.31
157659  157568  12.42   75.55
157669  157611  0.00    22.99
157673  157749  9.40    91.96
157673  157923  6.78    93.07
157674  157758  10.00   42.04
157674  157575  0.00    61.28
157676  157716  0.00    49.36
157684  157859  0.00    119.58
157684  157469  0.00    89.32
157685  157810  10.00   47.58
157685  157699  0.00    37.22
157691  157567  8.74    116.23
157691  157457  10.00   82.92
157699  157514  10.00   70.10
157699  157725  10.00   46.47
157716  157684  0.00    20.18
157725  157621  10.00   40.59
157727  157650  6.40    35.57
157727  157808  6.00    84.60
157729  157958  3.50    73.49
157738  157659  9.77    89.10
157743  157691  1.00    55.75
157743  157902  3.00    62.05
157746  157962  1.00    77.79
157746  157626  8.67    80.16
157747  158126  0.00    128.97
157749  157839  6.88    91.63
157751  157613  8.67    61.21
157751  157799  0.00    41.02
157758  158009  3.00    93.22
157758  157967  0.00    115.12
157759  157575  0.00    80.40
157768  157949  5.20    61.19
157785  157999  0.00    73.30
157785  157729  0.00    61.06
157787  158115  7.39    124.89
157790  157674  0.00    129.77
157794  157474  8.00    120.56
157794  157785  11.50   25.02
157800  157794  0.00    6.44
157801  157782  1.00    47.41
157807  157743  8.67    54.56
157807  157982  11.50   61.11
157808  157681  7.67    82.74
157810  157856  7.00    70.85
157810  157964  3.00    48.10
157828  157632  0.00    115.81
157828  157768  5.75    81.46
157833  157522  2.00    113.00
157833  157801  6.33    46.35
157835  157828  0.00    4.95
157835  157790  0.00    128.57
157839  157938  9.00    81.11
157846  157746  3.00    53.11
157846  158017  11.50   66.68
157850  157691  0.00    62.08
157850  157738  10.40   89.10
157855  157787  9.43    105.00
157856  157725  0.00    46.38
157859  157634  0.00    122.11
157866  157549  6.14    113.45
157866  157833  1.67    51.18
157870  158077  0.00    72.53
157870  157866  0.00    5.59
157872  157641  3.00    101.28
157878  157993  10.00   78.92
157878  158223  1.00    136.47
157884  157626  13.25   99.42
157884  157807  11.50   61.56
157888  157952  0.00    28.38
157888  158203  9.45    128.90
157902  157850  2.00    52.16
157908  157870  11.00   76.88
157923  158200  1.50    93.77
157938  158053  6.67    81.42
157948  158174  11.50   86.77
157949  157854  10.00   100.51
157949  158238  7.78    107.67
157952  158222  10.00   113.20
157952  157880  20.00   45.84
157958  158215  5.74    90.83
157958  157908  5.75    69.06
157962  157884  5.50    60.83
157962  158117  11.50   61.75
157964  158093  10.00   45.22
157967  157970  1.50    112.07
157970  157835  0.00    74.48
157982  157902  8.00    55.09
157984  158323  4.25    126.28
157993  158009  0.00    67.12
157993  157759  0.00    81.39
157994  157856  8.60    45.93
157994  157964  10.00   57.87
158009  158106  0.00    76.91
158011  158080  0.00    50.36
158011  157994  10.00   8.12
158017  157962  14.33   53.54
158017  158183  1.00    61.62
158030  157846  6.86    112.08
158047  157982  5.18    60.09
158052  157923  4.40    106.33
158053  158150  7.25    84.82
158075  158449  8.17    143.98
158093  158226  10.00   45.72
158093  158120  10.00   31.41
158106  158172  0.00    76.43
158115  158475  11.71   126.67
158117  158047  2.50    60.49
158120  158011  10.00   40.87
158126  158453  0.00    127.32
158134  157855  10.75   107.53
158148  158030  0.00    44.63
158148  158017  7.29    111.34
158150  158248  8.67    84.80
158156  158385  8.19    99.29
158172  158532  0.00    135.09
158172  157970  0.00    123.41
158174  158148  3.00    18.19
158177  158052  5.80    106.33
158183  158117  11.08   54.29
158196  157828  3.00    137.58
158200  158481  11.00   94.55
158205  157993  0.00    101.02
158215  158487  3.59    90.85
158222  158174  8.00    47.62
158223  158565  11.50   136.19
158226  158385  7.00    64.14
158226  158120  10.00   46.04
158238  158075  10.00   139.01
158238  158458  8.73    89.05
158248  158507  3.75    91.42
158248  158351  4.63    96.66
158260  158183  13.33   70.19
158288  158177  2.60    106.33
158288  158053  6.86    88.34
158310  158222  10.33   75.54
158313  158175  16.78   133.74
158316  158260  8.42    46.65
158351  158474  5.36    96.70
158359  158200  11.50   145.19
158385  158542  8.09    71.72
158392  158288  11.00   85.78
158404  158310  8.50    75.54
158437  158447  0.00    17.31
158437  158084  0.00    122.50
158447  158323  10.00   46.79
158449  158800  9.50    142.22
158453  158770  0.00    126.43
158458  158681  7.67    89.05
158464  158834  0.00    122.60
158464  158205  0.00    102.31
158474  158615  5.80    58.36
158475  158491  8.67    49.15
158475  158630  2.43    52.94
158477  158437  4.40    74.58
158477  158259  1.86    75.75
158481  158631  7.00    130.74
158487  158505  2.00    73.19
158487  158488  0.00    0.12
158488  158551  1.00    19.68
158489  158594  7.43    38.15
158493  158477  2.25    24.07
158493  158669  0.00    63.05
158505  158493  3.00    17.43
158505  158242  1.00    89.53
158507  158392  7.67    85.78
158532  158196  10.00   136.09
158532  158619  0.00    34.40
158547  158288  6.00    90.23
158547  158359  3.50    145.19
158551  158565  3.00    6.72
158565  158808  11.30   79.66
158594  158842  2.50    76.22
158594  158616  7.25    54.08
158615  158620  8.67    102.17
158616  158630  6.75    56.26
158619  158644  0.00    16.33
158620  158507  7.40    101.08
158630  158660  6.50    108.66
158630  158777  8.00    47.83
158631  158798  4.22    130.73
158644  158681  0.00    20.85
158662  158619  0.00    14.97
158662  158644  0.00    12.40
158664  158447  10.00   86.48
158681  158744  4.50    25.60
158683  158662  0.00    7.98
158683  158709  0.00    18.04
158709  158965  1.00    129.31
158722  158709  10.00   20.39
158722  158683  0.00    15.98
158728  158783  3.00    105.95
158744  159049  3.00    118.19
158744  158722  11.20   15.62
158748  158946  11.50   62.96
158777  158977  2.33    65.02
158783  158854  0.00    106.00
158784  158864  1.00    48.89
158794  158777  3.00    33.66
158798  158547  11.50   89.92
158800  159028  3.00    92.73
158800  158842  3.00    132.90
158808  159102  3.44    104.02
158808  158464  1.83    136.48
158812  158615  8.67    101.31
158834  159169  0.00    121.79
158842  159113  7.20    92.73
158854  158884  0.00    78.05
158854  158921  10.00   141.51
158878  158616  7.14    84.44
158884  158841  0.00    77.05
158912  158664  0.00    86.48
158921  158950  20.00   112.39
158921  159120  0.00    80.10
158935  159020  4.67    53.64
158946  158982  0.00    13.94
158950  158994  6.50    54.83
158959  158728  12.58   109.84
158959  159224  6.25    107.62
158965  158975  3.00    125.59
158975  159018  4.89    128.05
158977  158997  9.11    108.19
158977  159141  11.30   56.53
158982  158994  0.00    6.04
158994  159406  14.33   140.09
159018  159229  10.00   128.61
159020  159100  2.00    30.69
159022  158912  0.00    45.56
159028  159292  20.00   93.45
159049  159188  6.50    114.16
159068  159020  0.00    75.03
159094  158959  1.00    49.75
159100  159222  10.00   49.70
159102  159116  7.67    4.74
159103  159403  10.38   102.40
159106  159022  0.00    25.37
159110  159357  11.50   134.56
159113  159103  20.00   104.41
159113  159386  11.00   89.64
159120  159357  4.25    81.40
159129  159113  5.40    54.46
159129  158878  3.00    84.44
159141  159129  7.20    55.89
159141  159320  5.00    57.44
159162  159265  3.00    33.78
159162  159100  3.00    61.80
159165  159068  3.00    75.67
159165  159272  1.00    35.32
159169  159102  11.20   65.86
159170  159141  7.22    107.18
159178  159368  0.00    63.57
159178  159162  0.00    25.12
159188  159229  0.00    92.82
159188  159345  3.00    90.07
159192  159514  3.00    97.68
159192  159165  10.00   34.42
159213  159178  10.00   31.73
159222  159309  0.00    26.63
159224  159481  0.00    103.35
159224  159342  0.00    41.81
159229  159284  5.50    104.06
159265  159222  0.00    65.96
159265  159430  0.00    57.25
159272  159213  0.00    42.11
159272  159414  0.00    48.78
159276  159285  0.00    35.44
159284  159169  11.50   104.35
159285  159223  10.00   135.99
159292  159340  0.00    20.35
159305  159192  3.00    85.92
159309  159524  14.83   74.81
159320  159541  5.80    69.62
159325  159320  10.00   39.43
159330  159110  7.40    78.23
159337  159556  0.00    68.11
159340  159543  5.50    68.31
159340  159403  10.00   100.04
159342  159583  0.00    94.27
159343  158950  12.67   137.06
159343  159451  10.50   56.89
159345  159292  8.67    88.14
159357  159343  11.50   50.28
159367  159368  0.00    10.09
159367  159213  0.00    50.80
159368  159430  0.00    40.30
159386  159666  6.75    89.66
159400  159635  0.00    134.03
159403  159661  13.29   82.94
159406  159451  25.73   12.57
159414  159514  3.00    72.97
159414  159367  0.00    44.43
159414  159608  4.63    63.90
159425  159308  2.50    113.34
159430  159524  15.00   44.50
159451  159718  11.57   102.89
159452  159270  6.90    58.11
159452  159553  10.80   103.24
159476  159487  3.00    90.00
159481  159309  0.00    100.96
159487  159522  7.62    83.83
159487  159618  0.00    89.88
159509  159635  8.00    131.93
159514  159728  0.00    70.58
159522  159425  5.53    112.88
159524  159660  3.00    84.05
159534  159541  11.50   47.68
159541  159629  0.00    31.22
159543  159476  5.70    90.03
159553  159646  10.00   103.27
159556  159681  0.00    80.31
159556  159759  0.00    64.55
159579  159305  10.22   89.61
159579  159330  14.60   78.95
159583  159799  0.00    92.85
159584  159452  3.00    45.63
159596  159643  5.50    113.73
159600  159873  0.00    112.01
159604  159629  5.49    109.62
159608  159717  0.00    33.60
159610  159543  6.24    47.92
159613  159584  0.00    15.47
159618  159647  3.00    87.19
159622  159613  0.00    3.34
159622  159667  5.16    130.29
159629  159642  2.33    39.70
159635  159768  20.00   46.54
159642  160106  7.33    133.09
159642  159664  4.50    56.44
159643  159729  3.00    23.06
159643  159579  10.00   40.78
159646  159522  40.60   106.20
159647  159903  16.67   106.92
159647  159648  0.00    11.35
159648  160111  33.67   147.76
159648  159693  11.50   48.79
159657  159622  8.01    15.54
159660  159717  10.50   30.98
159661  159610  6.21    85.08
159662  159520  11.50   48.98
159662  159661  5.81    64.54
159664  160031  8.00    105.37
159664  159666  6.00    13.34
159666  159662  7.31    45.32
159667  159704  3.00    130.80
159681  159897  0.00    82.11
159693  159610  4.43    26.89
159704  159509  1.67    132.63
159715  159729  20.00   81.95
159717  159820  7.40    72.51
159718  159932  14.91   100.59
159728  159608  16.80   105.44
159729  159828  3.00    26.44
159738  159657  7.31    37.24
159738  159905  8.92    50.42
159759  159968  0.00    139.90
159768  159759  0.00    15.73
159799  159858  0.00    28.79
159810  159717  0.00    26.35
159810  160211  0.00    130.22
159818  159825  0.00    2.50
159820  160305  0.00    148.38
159820  159942  9.83    75.43
159825  159827  1.67    110.45
159825  159721  7.64    26.38
159827  159738  9.91    132.47
159827  160010  0.00    59.48
159828  160014  8.57    58.38
159828  159728  3.00    82.52
159857  160182  6.57    127.17
159857  160237  11.15   136.53
159858  159897  0.00    15.45
159866  159810  0.00    19.60
159868  159693  6.91    53.98
159873  160038  0.00    73.63
159884  160081  3.00    58.75
159884  159857  5.75    51.00
159890  159596  0.00    116.12
159897  159968  0.00    29.87
159903  160111  20.00   63.55
159905  160180  12.33   91.12
159917  159662  5.62    74.89
159924  159917  5.33    128.15
159925  159924  0.00    12.59
159925  159868  0.00    43.78
159926  159858  0.00    33.00
159928  159600  15.00   131.31
159928  159884  3.50    66.92
159934  160253  10.00   125.56
159934  160222  0.00    90.07
159942  160205  4.25    79.31
159954  160384  8.16    139.41
159954  159905  1.00    64.90
159962  160266  3.00    88.82
159963  159715  1.00    86.46
159963  159828  7.67    122.43
159968  160128  0.00    145.01
159983  160010  11.00   68.59
159984  160320  10.00   109.12
159984  159954  1.00    27.07
160010  159984  3.00    31.32
160014  160092  13.20   81.53
160014  160185  6.40    53.58
160038  159928  3.00    51.60
160042  159660  10.00   120.73
160055  159768  5.11    140.17
160066  159925  2.00    39.48
160075  160367  1.00    111.30
160082  160271  0.00    74.43
160091  159657  7.25    129.41
160092  160268  14.33   83.34
160099  160328  50.00   99.31
160106  160126  0.00    7.10
160106  160001  0.00    80.51
160111  160273  0.00    61.81
160113  160265  6.05    123.36
160113  160153  0.00    111.40
160113  159917  6.88    55.61
160119  160451  0.00    114.35
160128  160566  0.00    151.84
160143  159866  0.00    88.76
160153  160218  0.00    38.25
160161  160577  0.00    143.98
160175  160310  7.00    57.24
160175  159934  10.50   138.48
160180  160454  4.10    90.53
160182  160091  7.17    121.18
160185  160219  11.50   10.04
160185  160203  11.17   83.40
160186  159890  3.00    116.96
160186  159963  8.43    140.36
160189  160199  0.00    11.38
160199  160211  0.00    8.70
160199  160258  0.00    19.41
160203  160393  10.44   82.76
160205  160450  5.33    70.03
160211  160252  8.67    23.78
160218  160264  10.00   48.59
160219  160242  0.00    5.74
160219  160381  3.70    74.81
160222  160175  10.00   50.15
160237  160533  2.50    133.42
160242  160205  20.00   61.39
160242  160619  7.40    112.89
160252  160305  3.00    27.78
160253  160222  11.00   44.53
160266  160271  0.00    31.33
160268  160323  5.33    89.03
160268  160521  5.83    115.30
160271  160664  2.00    116.70
160273  159868  4.62    130.20
160282  160533  3.00    74.47
160286  160506  9.80    81.48
160286  160120  8.67    92.26
160290  160273  1.00    4.23
160305  160574  0.00    91.27
160305  160450  3.00    74.94
160310  160055  20.00   140.42
160320  160643  0.00    109.05
160323  160486  10.00   89.26
160328  160597  3.00    100.83
160338  160038  10.50   97.38
160356  160769  11.50   124.06
160366  160113  7.69    142.08
160367  160685  0.00    111.85
160373  160464  10.00   97.36
160379  160290  2.57    26.50
160381  160633  6.00    78.85
160384  160454  0.00    88.09
160384  160644  2.33    86.77
160393  160547  11.00   77.87
160450  160604  1.00    48.83
160451  160739  0.00    112.38
160454  160774  7.50    127.44
160464  160799  0.00    100.83
160468  160477  0.00    48.76
160470  160782  0.00    92.65
160473  160310  2.80    119.60
160473  160468  0.00    18.82
160475  160511  0.00    66.84
160477  160481  3.00    50.55
160477  160682  0.00    59.39
160481  160338  3.00    92.62
160481  160746  10.00   79.14
160485  160690  8.86    88.68
160486  160186  6.50    126.31
160506  160674  9.13    112.35
160521  160671  3.00    85.11
160521  160486  20.00   61.79
160533  160593  34.33   50.48
160547  160776  50.00   80.58
160566  160574  6.50    43.67
160566  160252  0.00    112.22
160574  160602  6.57    89.03
160577  160965  10.00   143.77
160593  160664  3.00    52.67
160593  160266  6.50    115.24
160597  160868  1.00    101.18
160602  160604  5.62    13.42
160602  160770  3.00    72.08
160604  160619  10.67   57.79
160619  160633  4.11    66.86
160626  160475  2.00    55.61
160633  160393  8.82    145.23
160633  160828  2.20    60.43
160638  160626  0.00    11.46
160638  160522  0.00    37.63
160644  160868  7.57    86.00
160654  160638  0.00    20.80
160654  160807  0.00    48.93
160664  160769  0.00    57.37
160667  160571  0.00    28.57
160667  160654  0.00    11.04
160671  160870  10.00   87.30
160673  160955  10.00   92.59
160674  160265  5.00    126.53
160674  160690  0.00    5.77
160685  161032  3.60    143.80
160688  160667  2.33    17.77
160690  160800  10.00   34.43
160698  160373  5.17    100.23
160705  160485  15.00   90.13
160705  160834  15.00   127.40
160706  160688  0.00    29.49
160712  160379  6.29    105.39
160737  160706  0.00    28.99
160739  160744  0.00    1.41
160739  160784  0.00    23.14
160739  160685  0.00    32.15
160744  160916  0.00    75.80
160746  160858  0.00    109.92
160765  160737  0.00    29.13
160769  160782  1.00    48.72
160770  161104  11.36   119.05
160770  160819  2.20    43.29
160774  161018  10.50   125.75
160775  160574  0.00    76.12
160776  160831  17.50   63.76
160778  160468  3.00    93.06
160782  160746  0.00    53.22
160783  160586  0.00    60.36
160783  160626  0.00    46.55
160784  161020  0.00    102.33
160784  160790  0.00    11.77
160790  160765  0.00    28.45
160799  160473  9.00    149.47
160800  160923  8.00    82.35
160803  160776  11.50   28.44
160805  161095  1.00    99.76
160807  160977  0.00    58.49
160807  160783  0.00    29.23
160819  161004  0.00    100.59
160828  160819  9.27    42.94
160831  160828  7.45    98.96
160831  160974  0.00    47.33
160834  160366  6.07    149.23
160842  160834  3.00    4.35
160842  160888  0.00    42.95
160858  161045  1.00    111.57
160862  160601  0.00    88.06
160868  160914  16.67   27.42
160870  161183  6.50    111.03
160870  160803  4.40    100.28
160875  160910  9.43    84.00
160895  160870  6.55    41.82
160903  160895  0.00    12.93
160910  160800  3.00    45.01
160910  160975  4.25    69.70
160911  160783  0.00    49.32
160914  160965  0.00    21.56
160916  161077  10.00   75.07
160917  160862  11.50   22.48
160922  160903  0.00    18.20
160923  160705  0.00    78.44
160933  160922  3.00    13.73
160935  160775  9.20    75.53
160936  160688  0.00    87.93
160955  160960  20.00   19.74
160956  160790  0.00    59.49
160958  160955  0.00    8.54
160960  160973  6.50    48.68
160965  161032  3.00    36.53
160967  160799  0.00    67.60
160971  160706  0.00    88.19
160973  160967  3.00    50.87
160975  160923  0.00    21.13
160975  161061  1.67    119.94
160979  160956  0.00    7.08
160990  160917  11.83   23.03
160990  160933  4.17    65.28
160994  160967  0.00    9.16
160994  160698  0.00    99.96
160996  160737  0.00    87.98
161004  161104  10.00   94.34
161004  161091  0.00    98.52
161009  160712  5.27    104.32
161017  160765  0.00    87.96
161018  161191  10.00   64.75
161024  161072  11.50   34.27
161032  161080  4.67    18.17
161045  161313  3.00    113.68
161050  161144  24.33   106.50
161050  161009  7.67    82.66
161061  160842  3.17    84.95
161072  161092  3.00    17.72
161077  161437  0.00    140.76
161077  161080  0.00    3.51
161080  161372  4.67    102.87
161091  161128  8.11    61.83
161095  161097  1.00    31.73
161096  161313  0.00    68.55
161097  161100  0.00    16.29
161100  161101  1.00    26.41
161100  160805  0.00    140.68
161101  161351  0.00    130.45
161102  161095  0.00    16.29
161104  161293  7.25    63.97
161117  161322  10.22   99.76
161117  160990  8.55    47.56
161128  160803  20.00   113.06
161128  161183  0.00    90.14
161148  161009  9.05    50.87
161159  161018  0.00    80.65
161165  161213  24.33   19.78
161175  161117  3.00    23.39
161183  161493  6.14    130.03
161183  161218  13.75   48.44
161184  160973  1.00    75.69
161191  161362  20.00   64.38
161213  161276  10.00   26.10
161237  161110  30.75   46.07
161249  161148  3.00    85.05
161253  160960  0.00    101.57
161256  161304  2.33    89.33
161262  161344  3.00    38.51
161262  160994  1.00    94.79
161262  161643  2.00    126.85
161265  161091  50.00   78.19
161276  161322  10.25   15.84
161283  161309  8.67    137.73
161283  161072  15.00   73.62
161290  161061  7.31    97.01
161293  161522  6.00    83.24
161296  160958  10.80   120.61
161304  161144  10.00   67.26
161309  161290  5.50    91.72
161313  161369  11.00   115.16
161322  161590  7.88    110.98
161323  161159  11.50   81.00
161341  160914  1.00    147.77
161344  161576  1.67    90.96
161345  161237  3.00    33.05
161351  161097  0.00    83.91
161351  161102  3.00    133.31
161366  161456  8.25    74.19
161366  161309  3.00    23.38
161369  161344  0.00    116.77
161372  161593  3.00    78.81
161377  161390  8.67    108.82
161377  161262  2.33    88.98
161388  161148  4.04    81.43
161388  161345  10.33   104.53
161390  161102  0.00    113.38
161396  161642  3.00    83.69
161398  161304  4.67    45.81
161400  161293  3.75    113.29
161406  161688  6.50    93.84
161406  161377  1.00    18.21
161432  161388  3.00    13.17
161432  161050  11.11   146.72
161437  161398  0.00    18.69
161438  161455  3.00    109.93
161447  161323  0.00    64.99
161447  161191  2.00    124.76
161455  161256  10.00   93.37
161456  161628  11.60   112.45
161459  161432  2.64    14.15
161483  161345  0.00    48.41
161484  161366  11.50   52.05
161488  161437  0.00    23.53
161493  161519  6.50    13.42
161493  161265  0.00    80.35
161498  161406  20.00   56.72
161498  161769  4.67    92.49
161506  161362  0.00    52.07
161506  161673  3.00    98.46
161519  161400  3.75    113.49
161519  161775  11.20   98.51
161522  161947  5.33    141.76
161529  161459  20.00   25.25
161529  161483  5.33    105.71
161544  161567  3.00    56.09
161552  161603  1.50    40.10
161552  161786  4.25    99.85
161563  161831  0.00    90.03
161563  161498  10.00   53.21
161567  161563  0.00    17.79
161574  161506  0.00    116.42
161576  161643  0.00    57.70
161577  161447  3.00    87.45
161589  161323  3.00    133.70
161590  161175  10.35   140.83
161591  161276  0.00    130.32
161593  161787  1.00    77.22
161603  161799  6.50    77.29
161603  161718  2.00    53.10
161611  161982  1.00    122.36
161611  161544  0.00    52.30
161620  161633  8.00    77.75
161633  161671  13.33   75.59
161633  161455  11.50   67.80
161637  161438  2.33    114.07
161637  161620  10.75   77.77
161642  161688  0.00    49.45
161643  161642  1.00    49.14
161651  161483  5.50    55.61
161664  161362  14.33   142.43
161665  161679  3.00    144.45
161671  161459  11.54   74.30
161673  161664  0.00    4.05
161676  161484  10.75   135.30
161679  161493  11.00   78.46
161679  161775  7.55    112.69
161688  161769  5.83    57.36
161692  161651  10.00   82.81
161692  161529  5.50    57.38
161718  161867  7.00    63.40
161718  162015  14.33   111.76
161728  161759  4.75    87.19
161759  161673  11.50   149.10
161766  161577  12.67   89.10
161767  161341  4.22    148.37
161767  161574  5.50    118.33
161769  161831  10.00   54.62
161773  161522  8.25    112.57
161775  161901  4.75    46.30
161786  161484  7.33    111.69
161787  161864  16.50   32.85
161787  161767  8.67    18.18
161793  161865  0.00    101.41
161794  161798  11.00   4.63
161794  161651  0.00    51.16
161794  162019  8.00    68.42
161798  161824  7.89    58.65
161799  162010  6.67    77.28
161801  161590  7.80    72.58
161804  161977  4.13    120.82
161805  161794  6.50    21.87
161805  161846  15.00   24.75
161808  161637  7.25    106.38
161812  161804  4.83    7.75
161812  161576  0.00    134.22
161819  161671  4.58    57.46
161819  161883  6.00    43.03
161824  161692  10.00   53.74
161824  161875  12.86   50.07
161831  161834  0.00    19.97
161834  161567  0.00    88.70
161834  161885  0.00    46.59
161846  161860  0.00    7.39
161860  162057  10.00   65.15
161860  161628  10.00   82.58
161861  161664  0.00    91.05
161864  161959  8.00    31.21
161864  161728  6.17    88.20
161865  161801  0.00    21.29
161867  162129  9.00    89.63
161867  162177  4.67    117.80
161875  161819  5.92    22.55
161883  161889  3.53    83.11
161885  161544  0.00    118.46
161885  162028  8.00    51.15
161886  161786  3.00    32.28
161889  161900  5.43    83.11
161891  161611  0.00    112.43
161900  161951  10.25   112.77
161901  161968  3.00    36.18
161906  161589  8.67    134.90
161920  161679  0.00    92.84
161935  161886  0.00    37.10
161944  161665  11.00   145.39
161947  162300  7.75    139.55
161951  162099  0.00    50.63
161951  161991  4.11    62.40
161953  162385  11.50   142.08
161959  162166  5.72    139.49
161963  161875  3.89    28.36
161964  161901  0.00    22.35
161968  162080  11.00   37.90
161968  161964  0.00    11.22
161974  161798  3.00    79.32
161980  162033  1.00    83.38
161982  162185  0.00    66.80
161982  162028  0.00    28.21
161991  161999  0.00    2.13
161991  161808  3.08    73.22
161999  162123  5.55    85.93
161999  161959  8.00    50.70
162007  162203  20.00   86.89
162007  161906  11.50   45.37
162010  161886  11.00   36.98
162010  162104  3.00    34.34
162012  162080  10.86   134.02
162015  162126  24.33   37.00
162018  161980  0.00    84.02
162019  162379  12.18   121.11
162019  162169  9.00    79.60
162024  161804  3.75    71.20
162028  162385  0.00    144.89
162033  162166  3.00    66.48
162033  162103  0.00    67.78
162040  161906  5.40    52.62
162057  162126  2.67    33.06
162057  162015  0.00    24.10
162057  162417  1.00    128.65
162060  161812  6.50    101.84
162068  161883  0.00    56.97
162068  161963  5.50    80.61
162080  161773  11.50   114.03
162082  162112  0.00    19.09
162088  161952  7.20    85.69
162088  162255  3.00    67.76
162097  161861  3.00    91.52
162099  162084  20.00   22.78
162102  161974  2.00    78.38
162102  161963  5.94    46.48
162103  161980  0.00    38.07
162103  162159  0.00    79.56
162104  162088  10.50   14.14
162112  162097  0.00    5.38
162114  162007  0.00    54.20
162123  162349  7.06    90.14
162126  162292  3.00    66.82
162129  162352  10.00   88.30
162130  162171  6.50    113.09
162132  162068  1.00    94.28
162150  162112  0.00    28.90
162151  162099  3.75    76.86
162159  162345  0.00    82.98
162162  162114  0.00    77.40
162169  162358  6.50    93.12
162171  162401  3.00    101.19
162171  162162  0.00    77.22
162176  161865  10.00   101.82
162177  162104  9.00    51.33
162177  162416  3.00    97.39
162192  162097  0.00    45.30
162192  162018  0.00    86.74
162194  162132  4.25    94.13
162194  161900  12.60   100.88
162198  161920  0.00    94.08
162203  162264  0.00    19.25
162229  162064  8.67    76.57
162233  161891  20.00   114.66
162237  162150  2.50    34.34
162238  162114  0.00    47.39
162238  162203  0.00    83.92
162243  162484  9.94    107.63
162243  162166  5.50    30.40
162256  162238  20.00   130.46
162257  162194  10.00   91.97
162264  162387  0.00    45.00
162264  162150  7.25    92.85
162267  162102  4.83    89.97
162281  162267  2.33    84.15
162283  162171  5.50    95.24
162285  162267  8.00    7.22
162286  162318  0.00    57.54
162292  162460  10.00   99.10
162300  162571  20.00   101.70
162305  162300  10.36   83.68
162318  162238  0.00    25.90
162320  162257  12.14   91.91
162320  162151  20.00   80.31
162322  162243  8.14    80.43
162322  162103  0.00    78.92
162345  162192  2.33    55.87
162352  162177  7.38    67.19
162353  162494  0.00    70.24
162353  162413  6.20    99.76
162353  162281  26.50   84.36
162358  162462  6.33    61.27
162363  162412  0.00    76.04
162363  162318  0.00    13.53
162374  162229  8.24    74.91
162374  162409  4.42    33.80
162374  162575  6.89    81.48
162376  162657  0.00    114.53
162377  162486  3.00    84.04
162379  162689  4.75    121.10
162382  162012  10.60   141.34
162383  162305  10.25   84.04
162383  162382  3.00    22.10
162385  162425  0.00    24.10
162387  162486  0.00    45.73
162387  162237  3.00    85.01
162389  162349  0.00    13.53
162395  162493  0.00    83.54
162399  162285  3.00    72.19
162401  162395  11.50   82.41
162401  162412  0.00    44.01
162402  162446  0.00    55.30
162406  162692  8.67    139.82
162406  162389  0.00    9.49
162409  162283  0.00    95.16
162412  162464  0.00    26.78
162413  162600  4.86    122.62
162413  162468  5.50    93.41
162415  162554  6.27    124.99
162415  162285  1.80    42.44
162417  162749  2.20    129.14
162420  162345  0.00    30.11
162420  162508  0.00    42.01
162425  162374  9.00    110.09
162446  162363  0.00    36.14
162450  162446  0.00    1.98
162457  162383  3.00    77.52
162460  162534  20.00   79.02
162460  162352  4.00    42.20
162461  162176  0.00    101.79
162462  162415  0.00    23.03
162464  162483  0.00    88.37
162464  162568  0.00    41.99
162468  162320  0.00    53.38
162483  162520  0.00    88.63
162484  162665  13.25   106.28
162486  162552  0.00    30.84
162494  162554  3.00    28.24
162525  162571  20.00   56.31
162525  162425  16.50   105.60
162525  162233  5.50    113.62
162534  162556  12.50   31.01
162534  162416  7.67    48.94
162546  162358  7.86    105.22
162546  162169  8.00    134.72
162552  162595  0.00    62.62
162552  162764  14.33   88.61
162554  162588  3.00    30.87
162555  162550  7.33    96.59
162568  162591  0.00    9.07
162571  162457  0.00    78.47
162572  162349  3.00    124.55
162574  162292  11.00   100.85
162575  162778  2.00    78.97
162576  162450  0.00    53.72
162576  162454  0.00    60.54
162579  162606  3.00    11.66
162579  162576  0.00    1.13
162588  162740  3.00    64.25
162589  162322  8.00    140.64
162589  162420  0.00    85.87
162589  162832  0.00    93.13
162591  162450  3.00    79.30
162591  162822  10.50   110.36
162595  162756  2.33    71.88
162595  162579  3.82    42.08
162596  162568  20.00   75.11
162596  162872  6.25    105.49
162600  162468  6.44    50.69
162606  162690  0.00    35.14
162606  162822  14.71   126.35
162619  162596  0.00    53.94
162637  162787  6.25    116.45
162638  162555  2.00    95.57
162638  162600  3.00    14.67
162641  162409  6.15    110.19
162641  162674  3.00    64.08
162641  162619  10.87   98.30
162645  162688  2.00    21.87
162645  162740  1.67    147.37
162653  162638  0.00    17.96
162654  162599  10.41   126.00
162657  162944  0.00    114.52
162665  162939  3.00    110.21
162670  162654  0.00    78.41
162674  162575  10.25   43.41
162675  162460  9.36    85.08
162686  162462  4.87    124.32
162686  162688  2.00    115.09
162688  162860  0.00    104.21
162689  162546  20.00   90.34
162689  162952  4.00    105.66
162690  162755  0.00    28.22
162692  162938  25.50   138.18
162711  162534  8.00    77.14
162715  162461  11.50   101.81
162740  162814  0.00    23.69
162741  162843  7.67    72.57
162749  162574  0.00    97.45
162749  162868  5.50    43.79
162756  162761  0.00    1.76
162756  162863  6.85    78.49
162759  162715  0.00    15.54
162761  162933  11.50   67.17
162773  162815  0.00    97.81
162778  162971  13.20   88.94
162778  162905  0.00    51.74
162787  162588  4.89    113.90
162792  162686  4.56    57.96
162793  162572  3.00    124.13
162815  162654  3.00    59.92
162818  162653  8.67    110.69
162822  162908  3.00    50.16
162826  162690  0.00    79.97
162832  163033  8.50    92.28
162840  162619  25.50   84.90
162843  162984  23.86   96.63
162847  163077  0.00    89.56
162847  163025  5.50    81.34
162852  162641  3.64    99.29
162860  162792  10.00   101.85
162863  162948  0.00    77.94
162865  162847  3.00    77.07
162868  162890  8.67    84.17
162872  162908  1.90    99.14
162881  162761  0.00    57.72
162883  162674  10.00   99.13
162890  162675  10.00   85.06
162890  162900  8.67    50.30
162892  163066  3.00    103.40
162900  162711  9.20    76.96
162901  162815  20.00   36.24
162901  162759  0.00    72.51
162905  163152  0.00    88.35
162908  162948  10.00   15.36
162938  162818  0.00    109.84
162938  163171  6.75    106.12
162939  162793  0.00    77.60
162939  163160  2.00    83.59
162943  162951  0.00    144.91
162944  163239  0.00    114.25
162948  163069  0.00    109.90
162951  162792  4.83    72.69
162955  162998  0.00    47.50
162959  162843  9.00    47.14
162959  162892  10.00   57.74
162960  162757  6.40    82.78
162971  163122  0.00    87.25
162978  162951  0.00    10.23
162978  162952  6.50    15.65
162984  163190  10.00   98.03
162998  163064  0.00    44.13
163025  163043  0.00    88.47
163025  163065  3.00    10.28
163033  163138  2.00    72.28
163043  163112  5.33    88.37
163054  163078  0.00    48.79
163054  162814  6.00    93.79
163063  163069  2.33    30.79
163063  162852  0.00    99.29
163063  162840  11.86   84.94
163064  163134  1.00    49.42
163065  163150  0.00    30.19
163065  163161  3.00    34.44
163066  163054  3.00    48.12
163070  162952  0.00    63.52
163073  163063  0.00    4.32
163073  163097  3.00    62.12
163077  163293  3.00    89.15
163078  162865  26.50   80.57
163097  163122  11.50   132.95
163097  162883  0.00    98.74
163108  163066  9.00    114.63
163108  162959  6.50    54.35
163112  162978  3.60    46.33
163122  163136  7.00    10.08
163127  163108  0.00    7.84
163134  163178  11.50   36.11
163136  162905  0.00    90.17
163138  163252  11.00   140.63
163144  163112  7.80    64.37
163148  163069  3.00    26.97
163148  163061  0.00    149.70
163150  163161  0.00    24.12
163150  163426  10.80   118.25
163151  163306  0.00    81.11
163152  163357  11.50   88.03
163157  163150  3.00    80.08
163161  163287  20.00   58.10
163171  163397  11.00   107.42
163178  162901  0.00    103.69
163190  163232  0.00    22.02
163204  163234  4.63    67.17
163204  163157  10.00   79.99
163204  163112  2.50    35.74
163207  163054  3.00    88.89
163225  163134  0.00    36.23
163227  163245  10.00   61.78
163227  163073  0.00    56.40
163228  162890  0.00    138.82
163231  163269  8.67    18.76
163232  163438  7.00    112.21
163232  163406  10.00   87.13
163235  163127  11.50   44.34
163235  163207  2.00    85.96
163237  163064  3.00    64.53
163239  163540  0.00    137.77
163240  163285  3.00    102.58
163245  163261  21.00   85.29
163245  163420  22.67   78.54
163252  163290  12.80   106.93
163254  163400  0.00    72.62
163261  163270  20.00   85.26
163268  163408  0.00    67.38
163269  163392  1.00    70.87
163269  163496  11.00   107.05
163270  163136  7.50    57.74
163272  163190  0.00    52.03
163285  163314  1.00    52.43
163285  163204  2.33    38.17
163287  163384  2.60    40.53
163290  163305  10.50   43.35
163293  163287  0.00    53.31
163299  163293  10.00   83.16
163299  163078  0.00    107.39
163301  163127  3.00    148.56
163301  163377  0.00    40.12
163305  163148  2.00    65.47
163306  163239  0.00    76.94
163307  163252  1.00    24.36
163311  163353  3.00    67.54
163311  163138  3.00    74.14
163326  163386  0.00    126.30
163328  163364  3.00    21.88
163328  163071  5.46    139.91
163330  163299  0.00    70.02
163348  163330  0.00    7.37
163348  163557  5.83    105.88
163351  163235  3.00    50.04
163351  163330  6.78    56.41
163351  163377  3.00    110.54
163353  163307  0.00    70.35
163357  163609  7.84    115.15
163364  163429  6.50    56.11
163371  163311  1.00    74.88
163371  163033  6.43    126.81
163377  163561  3.00    117.93
163384  163423  5.50    126.45
163386  163285  4.67    40.35
163392  163429  0.00    26.32
163397  163371  5.18    49.81
163399  163270  0.00    53.96
163399  163357  7.09    58.09
163400  163408  0.00    21.60
163404  163520  0.00    67.35
163404  163353  3.00    64.10
163406  163400  0.00    34.23
163408  163397  3.00    75.00
163413  163471  10.00   142.04
163415  163307  0.00    56.03
163416  163227  3.83    82.49
163420  163598  6.50    79.18
163423  163348  4.00    100.74
163426  163384  1.00    61.46
163429  163632  11.29   106.11
163437  163399  9.20    118.52
163438  163560  0.00    61.89
163449  163290  11.50   79.60
163471  163485  0.00    12.89
163471  163386  1.67    45.42
163485  163500  0.00    12.54
163490  163566  3.00    131.04
163490  163406  0.00    39.23
163495  163406  0.00    83.65
163496  163392  4.17    85.70
163500  163511  3.00    7.70
163505  163632  2.50    71.37
163509  163178  0.00    139.88
163511  163563  4.86    53.70
163511  163228  5.50    138.69
163518  163426  4.80    42.85
163518  163554  1.00    80.61
163519  163423  0.00    45.34
163520  163415  0.00    135.19
163520  163615  0.00    51.30
163527  163415  0.00    69.51
163536  163490  0.00    26.73
163538  163519  0.00    12.84
163540  163794  0.00    137.85
163545  163519  3.00    14.48
163553  163610  6.50    29.49
163554  163601  3.00    80.74
163557  163712  2.50    104.08
163560  163495  0.00    83.39
163561  163560  7.33    88.42
163562  163490  0.00    42.11
163563  163661  18.86   50.73
163563  163496  9.57    39.40
163566  163689  24.33   58.50
163587  163527  0.00    77.57
163595  163351  0.00    107.91
163595  163561  4.80    54.86
163597  163566  0.00    74.08
163599  163536  0.00    32.21
163601  163626  4.25    44.59
163601  163471  2.77    54.94
163602  163536  50.00   57.82
163606  163416  8.67    82.67
163606  163305  3.00    132.38
163609  163807  5.89    115.21
163610  163756  8.00    99.85
163615  163587  0.00    77.26
163619  163785  0.00    106.69
163620  163437  10.31   124.06
163627  163648  8.11    136.04
163632  163744  10.17   82.69
163648  163654  6.40    2.66
163654  163815  10.75   92.51
163657  163689  0.00    66.31
163657  163597  0.00    30.86
163660  163619  0.00    122.08
163661  163610  0.00    48.29
163661  163774  3.00    78.79
163674  163527  0.00    77.57
163689  163771  11.50   48.15
163690  163725  0.00    60.16
163693  163619  3.00    59.94
163698  163738  0.00    40.59
163703  163674  2.33    32.05
163703  163606  50.00   51.51
163712  163891  4.40    106.28
163722  163648  20.00   117.70
163724  163838  0.00    114.40
163725  163822  0.00    79.76
163725  163597  0.00    140.14
163733  163738  0.00    7.23
163733  163518  9.00    108.31
163738  163927  0.00    108.34
163748  163595  7.14    116.42
163756  163899  3.00    99.19
163759  163674  0.00    58.72
163759  163624  0.00    81.58
163761  163968  6.75    133.04
163767  163844  11.50   47.44
163771  163785  0.00    31.39
163774  163859  14.33   77.76
163784  163509  10.50   139.61
163785  163886  0.00    56.61
163786  163759  0.00    42.79
163786  163709  0.00    54.48
163789  163784  0.00    28.31
163791  163601  6.00    106.55
163791  163733  5.33    139.90
163794  164065  0.00    137.90
163799  163786  0.00    26.02
163807  164040  7.67    115.21
163810  163654  1.00    109.50
163815  164015  0.00    92.32
163822  163870  0.00    93.93
163822  163848  0.00    18.97
163826  163703  4.75    106.26
163826  163879  11.50   77.54
163830  163799  0.00    58.81
163838  163956  0.00    53.96
163844  164015  20.00   95.76
163848  163830  0.00    20.34
163859  163899  8.20    63.06
163862  163826  2.20    17.99
163862  164066  4.67    128.49
163866  163859  10.00   33.38
163870  163950  0.00    44.44
163873  163844  3.00    28.79
163873  164026  0.00    78.60
163879  163873  11.00   7.45
163886  163657  50.00   148.03
163891  163748  8.67    115.60
163910  163848  0.00    51.30
163910  163870  0.00    54.09
163915  163703  10.00   106.82
163919  163862  11.00   24.81
163919  163879  3.00    22.99
163927  163838  0.00    79.80
163941  163759  3.00    95.96
163946  164067  0.00    123.03
163950  164005  0.00    47.46
163950  163991  0.00    55.16
163956  163891  10.25   112.76
163968  163866  8.73    59.49
163974  163722  0.00    121.30
163974  164090  6.50    87.91
163980  163791  2.60    85.82
163991  163910  0.00    50.60
163995  163886  0.00    66.28
163997  163784  10.00   105.01
164005  163995  0.00    43.03
164012  163919  0.00    50.89
164012  164066  0.00    48.10
164014  163968  11.50   41.12
164015  164164  0.00    76.90
164021  163799  11.50   145.23
164023  163830  0.00    128.80
164032  163991  0.00    46.40
164032  164005  0.00    52.52
164040  164231  7.33    112.60
164045  163810  3.00    111.81
164048  164023  13.69   136.65
164048  164133  0.00    93.83
164065  164141  10.00   36.01
164066  164130  0.00    37.82
164066  164086  0.00    19.20
164067  164257  0.00    125.13
164078  163866  6.26    105.55
164079  164152  0.00    32.97
164079  164014  9.11    80.31
164085  163941  0.00    95.18
164086  164096  6.50    9.51
164086  164304  8.25    117.06
164090  164377  0.00    137.47
164090  164385  3.00    133.82
164096  164208  0.00    81.61
164096  163915  3.00    105.17
164100  164159  3.00    52.31
164105  163956  11.50   83.56
164105  164146  5.74    132.94
164114  164190  0.00    61.11
164125  164324  0.00    103.35
164125  164079  10.08   52.03
164133  164211  0.00    93.76
164135  163995  0.00    76.64
164135  164032  0.00    119.32
164141  164179  11.50   17.79
164146  164125  5.60    33.36
164146  163980  5.14    85.87
164152  164127  0.00    31.96
164152  164192  0.00    20.37
164159  164310  10.00   94.58
164164  164333  0.00    77.58
164179  164469  9.09    147.38
164183  164048  11.50   99.91
164190  164014  4.57    91.16
164192  164206  0.00    51.18
164193  164192  0.00    9.40
164195  164245  0.00    73.12
164195  164179  0.00    24.05
164200  163974  2.33    126.47
164201  163997  0.00    104.35
164201  164245  0.00    40.51
164206  164190  0.00    4.79
164208  164023  9.00    113.11
164211  164214  3.00    19.65
164214  164135  0.00    45.82
164217  164243  3.00    24.14
164221  164214  0.00    31.95
164221  164282  10.00   32.03
164223  164122  0.00    64.27
164223  164221  0.00    14.97
164231  164425  11.50   117.21
164237  164328  0.00    64.90
164243  164320  15.00   50.21
164245  164372  0.00    78.28
164252  164012  10.25   120.63
164252  164304  0.00    38.78
164253  164223  7.25    118.33
164254  164183  11.00   97.67
164254  164211  0.00    22.05
164257  164350  0.00    122.28
164263  164208  0.00    36.52
164264  164105  10.16   77.20
164267  164045  0.00    110.76
164269  164214  0.00    24.38
164269  164254  50.00   33.55
164282  164269  20.00   10.28
164290  164263  10.00   19.67
164304  164477  3.00    103.29
164310  164290  0.00    45.32
164313  164428  5.73    107.85
164314  164231  3.00    65.67
164314  164448  10.00   105.77
164320  164206  1.00    51.50
164320  164328  0.00    11.38
164324  164294  0.00    17.02
164324  164355  0.00    19.72
164333  164252  0.00    45.36
164335  164159  8.25    82.53
164335  164313  0.00    105.85
164344  164310  7.67    40.38
164350  164380  0.00    120.60
164352  164243  8.67    49.72
164355  164375  0.00    6.14
164361  164253  5.50    120.12
164363  164375  0.00    38.77
164372  164469  20.00   78.39
164373  164388  1.00    52.69
164375  164504  0.00    80.49
164377  164200  3.00    124.41
164380  164395  0.00    120.36
164381  164449  8.57    123.11
164382  164478  0.00    56.13
164385  164314  10.00   90.62
164385  164377  0.00    41.07
164386  164193  1.00    115.67
164388  164328  0.00    25.62
164390  164475  0.00    95.85
164390  164518  0.00    66.56
164395  164264  6.27    75.19
164398  164254  2.00    77.57
164398  164226  5.00    144.94
164407  164290  10.24   91.95
164411  164193  0.00    109.05
164423  164263  3.00    95.03
164425  164597  0.00    115.44
164428  164398  3.00    29.87
164432  164423  0.00    9.66
164432  164515  8.56    38.46
164436  164352  3.00    50.82
164446  164381  10.00   42.61
164446  164601  3.00    71.52
164447  164484  20.00   16.67
164448  164644  1.00    107.75
164449  164282  2.00    98.34
164450  164333  1.00    82.13
164455  164388  10.00   41.80
164455  164352  7.67    82.59
164456  164481  0.00    125.17
164456  164395  8.00    39.89
164469  164759  10.00   144.76
164474  164361  8.37    120.48
164475  164684  0.00    100.19
164477  164621  0.00    101.18
164478  164509  0.00    109.94
164481  164474  0.00    118.51
164483  164335  6.75    84.53
164484  164545  6.50    32.42
164486  164537  0.00    45.03
164492  164436  8.67    125.58
164492  164455  0.00    16.31
164492  164411  0.00    104.20
164497  164355  0.00    92.64
164500  164532  0.00    81.79
164504  164665  0.00    80.84
164507  164428  25.00   47.61
164509  164501  0.00    40.83
164511  164518  0.00    47.29
164515  164539  0.00    12.88
164515  164627  7.70    84.43
164517  164648  0.00    64.43
164518  164764  0.00    108.28
164523  164689  8.63    81.95
164525  164597  0.00    56.76
164525  164559  2.00    26.85
164532  164545  0.00    9.97
164537  164450  0.00    80.13
164539  164572  6.50    12.38
164540  164509  0.00    66.38
164540  164478  0.00    32.95
164541  164606  0.00    28.95
164545  164658  0.00    106.63
164545  164683  15.00   63.98
164553  164432  7.43    100.20
164556  164423  8.13    108.20
164557  164671  5.60    63.27
164557  164436  10.00   57.81
164561  164446  9.80    97.07
164568  164624  0.00    35.80
164568  164540  0.00    11.02
164571  164582  0.00    62.06
164571  164483  6.50    65.23
164572  164726  5.73    79.14
164576  164449  7.00    76.10
164576  164561  1.00    94.97
164579  164484  7.40    105.54
164579  164537  1.00    21.90
164582  164589  0.00    5.65
164582  164483  0.00    48.70
164593  164602  0.00    24.02
164595  164897  14.33   137.63
164595  164606  0.00    73.97
164597  164655  10.71   43.71
164601  164568  9.81    52.56
164601  164651  12.44   110.82
164606  164611  0.00    11.57
164611  164669  3.00    64.09
164614  164602  8.67    56.78
164621  164658  3.00    101.11
164624  164614  8.57    54.32
164627  164760  8.00    84.55
164640  164597  0.00    25.80
164644  164690  11.50   25.61
164646  164571  10.00   94.44
164646  164576  3.00    42.64
164647  164497  0.00    93.02
164648  164712  0.00    27.30
164648  164590  0.00    66.19
164651  164646  11.50   110.60
164652  164719  10.50   58.15
164655  164690  10.00   24.73
164658  164579  1.00    41.91
164661  164500  0.00    83.37
164661  164682  0.00    34.79
164666  164721  0.00    25.88
164666  164661  0.00    27.11
164668  164666  3.00    2.69
164668  164532  20.00   70.83
164669  164456  9.13    101.35
164671  164795  10.50   59.77
164672  164678  0.00    9.12
164677  164553  0.00    100.71
164678  164825  0.00    69.00
164678  164712  0.00    40.49
164682  164644  0.00    35.35
164683  164668  0.00    32.37
164684  164974  1.00    121.39
164685  164647  0.00    24.71
164689  164874  8.39    81.87
164690  164866  11.00   124.41
164692  164647  0.00    31.59
164692  164795  0.00    76.90
164698  164677  0.00    14.84
164698  164763  0.00    32.98
164705  164825  8.15    93.20
164705  164559  9.80    104.52
164712  164867  0.00    75.80
164719  164658  2.00    29.17
164721  164682  0.00    58.00
164722  164677  9.00    28.39
164725  164539  10.00   115.58
164726  164920  4.67    85.21
164726  164978  5.33    143.22
164731  164556  4.77    109.62
164731  164814  3.14    147.24
164741  164839  0.00    41.34
164754  164655  0.00    50.17
164759  164771  5.17    16.57
164759  164840  0.00    41.43
164760  164698  0.00    39.49
164760  164935  12.90   86.31
164763  164722  0.00    19.86
164763  164870  0.00    72.97
164764  164684  11.50   91.13
164764  164838  0.00    45.11
164771  164785  0.00    17.72
164778  164722  2.00    66.53
164779  164812  0.00    44.45
164780  164669  8.67    49.15
164783  164778  11.50   39.58
164794  164754  0.00    28.80
164795  164995  10.67   131.10
164812  164685  0.00    129.71
164814  164719  2.00    43.47
164814  164683  1.93    91.48
164815  164794  0.00    16.15
164825  164876  14.33   49.51
164827  164572  7.08    140.83
164832  164731  0.00    50.80
164832  165053  9.09    120.12
164839  164779  0.00    55.66
164840  164926  0.00    60.40
164842  164685  0.00    107.72
164851  164787  0.00    107.75
164866  165001  10.07   123.05
164868  164867  0.00    6.65
164870  164778  0.00    47.08
164874  164894  8.51    85.88
164876  164948  14.33   74.29
164876  164867  0.00    60.90
164883  164792  7.67    101.93
164883  164851  8.67    107.12
164885  164721  0.00    138.61
164886  165004  12.67   75.27
164894  164897  3.00    10.92
164895  164874  6.00    43.89
164895  165125  8.67    118.83
164897  164780  7.60    107.14
164899  164671  0.00    148.08
164904  164883  0.00    15.90
164904  164783  13.38   141.48
164908  164754  0.00    93.60
164908  164794  0.00    61.03
164910  164895  6.20    50.50
164913  164640  15.50   137.47
164915  164910  2.00    7.30
164916  164904  6.12    131.51
164918  164916  10.13   131.50
164918  164925  3.00    10.01
164920  165084  7.17    84.46
164925  165189  7.91    134.58
164925  164915  10.44   44.64
164926  164945  9.84    14.65
164930  164938  0.00    140.29
164930  165018  0.00    85.29
164935  165108  13.14   86.86
164936  164870  0.00    47.45
164938  164908  20.00   13.31
164945  164974  30.00   16.34
164946  165072  0.00    70.70
164948  164958  0.00    15.54
164958  164959  0.00    0.75
164960  164812  0.00    85.73
164962  164959  0.00    17.66
164965  164832  10.10   87.97
164966  164962  20.00   8.00
164973  164966  6.40    47.64
164974  164973  6.00    95.73
164978  165211  7.67    129.15
164987  165046  8.29    96.99
164988  164987  10.33   58.93
164988  164783  5.33    89.07
164993  164725  0.00    119.47
165001  164965  8.33    50.43
165001  165099  11.50   49.66
165004  165131  20.00   76.90
165006  164894  0.00    60.29
165018  165099  3.00    84.86
165019  164840  6.80    80.56
165028  165110  10.00   84.29
165028  164988  5.80    63.24
165031  164842  0.00    108.34
165037  165068  9.52    126.75
165037  165088  9.86    34.21
165038  165081  0.00    79.41
165046  165152  8.86    143.21
165053  165167  0.00    74.79
165053  165115  0.00    34.37
165055  164938  10.64   114.46
165055  165037  8.95    81.82
165060  164960  0.00    84.28
165060  164839  0.00    107.92
165062  164780  8.79    138.55
165068  165179  10.25   70.81
165068  165109  3.00    57.95
165072  165060  0.00    127.49
165077  165105  2.60    59.06
165077  164987  6.40    45.96
165081  165072  0.00    49.48
165081  165329  0.00    134.69
165084  165131  0.00    66.67
165084  165235  6.50    85.06
165085  165038  0.00    82.12
165088  165293  3.50    126.34
165095  165193  0.00    83.80
165095  165028  0.00    36.61
165099  165104  0.00    2.61
165104  165280  0.00    96.19
165104  165229  2.00    79.89
165105  165046  0.00    31.41
165105  165152  26.50   149.33
165107  164926  0.00    85.81
165108  164827  8.86    142.62
165108  165253  6.50    121.89
165109  165134  6.50    30.74
165110  165238  0.00    99.36
165115  165263  1.00    75.23
165125  165270  9.40    80.16
165131  165235  0.00    55.47
165134  165351  3.00    116.11
165146  165088  2.00    81.10
165146  165370  0.00    130.40
165152  165245  3.00    51.78
165153  164965  0.00    110.22
165159  165125  2.33    48.76
165159  164910  2.00    127.62
165163  165055  9.07    123.24
165165  165273  0.00    79.03
165165  165095  20.00   41.14
165167  165153  0.00    30.03
165175  165077  6.73    107.98
165177  164973  11.50   101.53
165179  165146  26.50   31.59
165179  165370  4.70    104.77
165186  165182  0.00    41.54
165186  165019  3.00    80.75
165189  165159  0.00    52.35
165193  165297  0.00    83.89
165200  165134  0.00    42.32
165206  165167  0.00    15.43
165206  165258  0.00    30.06
165211  165484  3.00    130.28
165213  165175  7.25    77.44
165215  165108  3.00    63.35
165220  165215  0.00    3.77
165220  165165  0.00    26.21
165226  165186  0.00    17.59
165229  165153  7.25    53.46
165235  165253  2.00    7.91
165237  165466  3.00    109.92
165238  165297  0.00    32.96
165238  165292  3.00    115.31
165245  165213  3.00    77.37
165245  165364  0.00    65.22
165250  165109  15.00   81.64
165253  165437  11.57   90.24
165258  165115  0.00    81.13
165258  165304  0.00    40.55
165263  165237  0.00    27.42
165263  165425  0.00    83.28
165270  165062  9.50    135.41
165272  165394  0.00    88.39
165272  165206  0.00    37.11
165273  165372  3.00    79.02
165280  165200  0.00    43.75
165280  165343  1.00    35.39
165286  165291  0.00    12.03
165286  165282  0.00    15.48
165288  165309  0.00    52.37
165288  165270  10.00   6.28
165291  165107  0.00    85.81
165292  165175  0.00    60.58
165292  165328  11.50   79.54
165293  165444  10.00   88.90
165293  165163  5.80    99.74
165294  165215  3.00    89.48
165297  165379  0.00    146.48
165297  165372  0.00    39.90
165305  165342  0.00    114.08
165309  165397  0.00    51.17
165309  165323  0.00    127.13
165316  165220  18.38   77.00
165327  165163  6.50    87.61
165328  165364  10.75   79.53
165335  165411  3.00    80.20
165342  165385  0.00    87.16
165343  165229  0.00    97.66
165350  165335  6.40    79.76
165351  165563  0.00    115.77
165354  165293  0.00    49.09
165358  165397  3.00    30.94
165364  165411  9.00    25.35
165370  165432  0.00    39.24
165372  165433  0.00    144.11
165372  165421  0.00    25.99
165379  165443  4.94    146.33
165389  165291  0.00    54.41
165394  165425  20.00   86.82
165395  165220  3.00    101.12
165397  165556  0.00    81.57
165398  165250  3.00    81.64
165407  165177  0.00    101.53
165411  165443  0.00    24.98
165414  165272  0.00    118.65
165417  165487  3.00    90.11
165421  165316  2.00    77.19
165422  165288  6.86    75.19
165422  165350  5.13    69.64
165425  165466  0.00    31.59
165430  165342  0.00    88.08
165431  165305  0.00    113.42
165432  165570  0.00    68.71
165432  165354  3.00    64.93
165433  165516  11.13   144.15
165443  165516  4.88    37.39
165444  165626  0.00    88.90
165446  165200  0.00    147.40
165447  165511  0.00    127.22
165447  165421  3.00    25.41
165451  165350  0.00    129.70
165462  165327  0.00    86.63
165466  165510  2.00    27.98
165467  165437  2.33    12.20
165467  165294  7.40    93.43
165473  165343  3.00    102.34
165482  165487  0.00    53.43
165484  165437  0.00    50.56
165487  165536  0.00    24.90
165510  165484  4.17    30.75
165511  165594  2.33    127.78
165516  165594  1.00    45.07
165518  165395  2.00    98.90
165520  165354  5.33    90.17
165529  165586  0.00    118.77
165530  165431  0.00    113.02
165536  165529  0.00    43.00
165537  165496  0.00    54.72
165537  165452  0.00    41.53
165552  165536  0.00    41.53
165556  165620  0.00    77.57
165557  165558  0.00    15.80
165558  165430  0.00    88.47
165559  165447  20.00   70.30
165559  165518  1.00    104.33
165563  165432  10.60   87.34
165563  165625  0.00    33.18
165570  165647  6.64    59.61
165570  165792  0.00    115.30
165571  165552  0.00    16.13
165586  165510  8.00    85.96
165594  165597  0.00    1.17
165595  165559  3.00    87.26
165597  165644  0.00    27.09
165598  165635  3.00    35.36
165598  165467  9.00    55.96
165600  165558  0.00    20.73
165600  165530  0.00    111.64
165607  165600  0.00    14.32
165608  165552  0.00    30.93
165609  165496  0.00    73.85
165612  165422  5.75    88.98
165614  165598  3.00    7.07
165614  165537  0.00    59.37
165618  165612  5.33    141.65
165621  165741  10.74   50.11
165625  165683  11.50   30.12
165625  165671  0.00    86.60
165626  165737  3.00    59.39
165634  165833  15.00   111.54
165635  165675  8.86    69.42
165644  165750  9.89    86.16
165644  165595  5.33    87.32
165647  165683  0.00    28.92
165656  165571  15.20   76.80
165672  165586  1.31    118.14
165672  165529  0.00    59.45
165674  165518  0.00    81.54
165674  165609  0.00    37.05
165675  165859  8.25    92.95
165675  165699  0.00    28.08
165676  165635  12.29   20.69
165683  165764  3.00    38.66
165688  165571  0.00    48.79
165699  165881  8.67    94.82
165699  165730  1.00    49.98
165701  165520  3.00    90.17
165701  165626  6.50    50.37
165703  165540  15.78   79.06
165705  165697  11.50   15.60
165705  165674  0.00    13.91
165708  165656  0.00    58.33
165715  165473  0.00    106.91
165715  165708  3.00    17.06
165723  165614  10.00   46.11
165723  165609  20.00   146.36
165725  165781  0.00    43.76
165725  165618  0.00    58.60
165730  165896  3.00    86.39
165730  165762  0.00    50.78
165731  165865  12.50   69.65
165741  165790  0.00    20.50
165745  165705  3.00    81.65
165750  165773  0.00    19.25
165750  165559  8.00    127.10
165752  165715  0.00    65.83
165762  165795  0.00    50.24
165762  165875  0.00    62.07
165764  165994  3.00    116.82
165764  165866  0.00    80.59
165773  165850  20.00   69.91
165783  165871  0.00    63.03
165785  166050  20.00   128.95
165792  165701  3.56    60.96
165795  165872  0.00    47.10
165795  165813  0.00    51.00
165800  165656  3.75    88.18
165802  165723  5.83    40.39
165802  165745  6.50    81.91
165810  165776  0.00    21.45
165810  165879  6.50    95.87
165813  165672  2.00    111.28
165824  165792  0.00    39.10
165824  165647  10.00   118.86
165831  165725  4.67    76.42
165832  165612  8.06    142.72
165833  165703  9.24    78.86
165843  165676  14.80   82.47
165845  165824  0.00    37.93
165848  165887  20.00   33.61
165849  165587  0.00    119.37
165850  165856  0.00    7.48
165850  166084  11.50   135.00
165856  165865  3.00    6.65
165856  166070  6.80    111.07
165859  165843  3.00    11.65
165864  165859  0.00    1.50
165865  165870  10.00   9.11
165866  165845  0.00    24.60
165870  166006  3.00    129.84
165870  165933  8.24    108.96
165871  165597  3.00    140.56
165872  165875  0.00    51.74
165875  165896  11.50   52.19
165879  165804  6.50    97.72
165881  165864  10.00   30.85
165887  165954  0.00    44.39
165887  166088  0.00    114.03
165888  165715  0.00    91.12
165891  165911  5.50    38.28
165893  166028  0.00    81.63
165896  165881  14.33   51.97
165900  165676  21.50   114.32
165911  165810  1.00    56.20
165920  165845  3.00    94.24
165920  166020  0.00    45.39
165933  166002  0.00    109.01
165935  166183  7.11    114.77
165935  165911  18.67   48.26
165942  166027  3.00    82.17
165944  165891  10.00   29.38
165949  165876  0.00    115.65
165954  165708  4.67    146.76
165959  165935  6.50    40.04
165964  165920  0.00    61.89
165965  165993  0.00    39.71
165978  165752  0.00    145.14
165978  166259  0.00    126.34
165980  165800  0.00    91.53
165980  166055  3.00    51.91
165982  165752  3.50    118.09
165984  165906  10.00   35.99
165984  165944  30.00   143.63
165987  165847  0.00    67.52
165987  166176  7.25    81.41
165993  165864  6.78    78.12
165994  165978  0.00    21.56
165994  166046  0.00    21.57
166001  165959  0.00    39.68
166001  166184  0.00    87.22
166002  166034  10.00   51.19
166006  166206  3.83    107.95
166006  166094  5.83    108.12
166008  166232  0.00    97.17
166020  166008  10.00   92.23
166022  166127  10.20   60.96
166022  165843  11.00   83.27
166023  165872  7.33    78.20
166023  165813  17.50   100.26
166024  165773  0.00    137.14
166027  165871  0.00    82.98
166028  166207  0.00    86.23
166028  166082  10.00   78.39
166030  165833  8.42    131.62
166033  166023  0.00    3.89
166033  166050  0.00    23.08
166034  165802  7.00    111.46
166040  166001  3.00    43.92
166040  165893  0.00    82.56
166050  166085  10.00   34.55
166054  165866  12.14   86.16
166054  166046  0.00    49.60
166055  166194  4.63    108.94
166055  165954  10.00   42.75
166066  166098  19.00   129.26
166066  165944  10.50   55.10
166070  166162  6.50    78.64
166070  166100  0.00    36.99
166081  166020  26.00   67.66
166082  166136  0.00    36.59
166082  166392  0.00    146.40
166082  166040  0.00    18.87
166084  166024  0.00    135.36
166085  166150  7.67    48.89
166085  166186  20.00   57.91
166088  165888  4.67    91.21
166094  166002  8.67    39.37
166098  165984  0.00    49.12
166098  166115  0.00    48.71
166100  166191  0.00    50.37
166100  166209  2.00    87.89
166101  166066  11.00   18.76
166115  165832  6.55    145.54
166128  166449  0.00    148.69
166129  166101  0.00    14.05
166129  166155  0.00    94.93
166146  166337  1.00    90.75
166148  166378  0.00    100.51
166150  166240  0.00    46.33
166150  166281  7.43    98.36
166155  166182  0.00    94.94
166158  166430  0.00    138.21
166162  166246  0.00    78.46
166168  165900  10.00   115.11
166171  165993  7.46    95.23
166171  166345  8.00    87.52
166172  165911  10.00   120.89
166174  166088  0.00    40.99
166174  165982  0.00    115.34
166176  166260  8.25    70.06
166177  166115  0.00    33.89
166177  166176  10.50   39.72
166179  166022  1.00    68.10
166179  166326  20.00   70.09
166182  166177  0.00    4.10
166183  166198  0.00    6.27
166183  166170  0.00    21.43
166184  166220  10.00   51.14
166184  166228  0.00    17.90
166186  166033  10.00   70.62
166191  166283  0.00    50.54
166191  166311  4.75    90.40
166194  166278  0.00    39.98
166194  166174  0.00    14.08
166206  166094  3.00    69.52
166206  166318  5.50    51.98
166207  165949  0.00    119.81
166209  166328  0.00    87.82
166219  165959  0.00    117.43
166232  166234  0.00    40.00
166232  166414  0.00    86.92
166234  166054  6.50    79.80
166240  166329  0.00    45.92
166240  166352  0.00    77.93
166246  166328  3.00    35.51
166251  166129  0.00    85.39
166259  166461  0.00    123.38
166260  166361  0.00    52.16
166272  166182  10.00   53.39
166273  166455  20.00   85.90
166278  166301  0.00    9.11
166281  166278  11.50   30.59
166283  166410  0.00    93.64
166283  166318  5.60    69.63
166301  166389  10.00   55.85
166302  166030  7.69    134.47
166305  166308  0.00    49.03
166305  166234  0.00    27.59
166308  166046  0.00    111.99
166311  166421  0.00    90.36
166315  166397  5.10    52.01
166315  166034  7.86    130.75
166318  166315  5.69    17.36
166326  166585  15.00   136.93
166327  166272  10.00   65.61
166327  166400  0.00    34.02
166328  166421  0.00    47.96
166329  166186  0.00    57.41
166337  166432  0.00    148.94
166342  166449  11.00   93.91
166345  166518  9.31    89.14
166352  166281  0.00    55.46
166361  166327  3.00    29.11
166361  166607  7.80    111.81
166378  166591  0.00    101.45
166388  166179  10.00   93.58
166389  166437  0.00    37.02
166389  166495  0.00    106.19
166392  166587  0.00    142.98
166397  166467  7.47    53.16
166397  166168  0.00    112.66
166410  166491  0.00    93.64
166414  166305  0.00    45.49
166421  166491  0.00    49.11
166427  166352  0.00    38.29
166432  166361  0.00    41.18
166434  166207  0.00    120.33
166443  166301  0.00    134.02
166443  166329  9.00    83.18
166449  166560  8.00    85.03
166455  166585  0.00    84.44
166460  166326  0.00    76.75
166460  166388  2.50    50.32
166461  166308  0.00    72.45
166467  166388  6.43    52.85
166470  166443  7.83    56.21
166478  166434  0.00    90.19
166488  166621  10.00   50.88
166491  166514  3.00    17.18
166553  166621  15.00   51.00
166560  166617  7.00    48.18
166578  166302  37.17   135.76
166579  166272  7.17    144.66
166584  166432  0.00    75.51
166586  166478  0.00    91.44
166587  166803  0.00    145.54
166591  166434  0.00    95.47
166617  166591  0.00    10.76
166617  166724  17.00   109.82
166618  166460  11.50   75.42
166726  166449  3.00    131.72
166732  166467  4.36    143.36
166764  166560  0.00    103.12
166835  166579  14.33   144.78
1 2 165866 165764 166088 165887
2 4 165900 166168 166006 165870 166024 166084 165447 165559
3 2 165125 165159 164614 164624
4 3 163426 163150 163471 163601 162358 162169
