3222 7615 3 17 4 4 6384.16 2352.06
87421   96
87855   96
88897   96
89618   96
89699   96
89799   96
90434   96
90575   96
90937   96
91080   96
91538   96
91707   96
91737   96
91996   96
92378   96
92381   96
92551   96
93047   96
94397   96
94734   14
94811   14
95351   96
95388   96
95661   14
95856   96
95993   14
96095   14
96425   14
96681   96
96704   96
96989   14
97311   96
97625   96
97879   14
98016   96
98196   96
98610   14
98820   14
99485   14
99735   96
99869   96
100585  14
101503  64
102701  14
102777  64
102868  64
103184  14
104135  64
104394  14
105221  64
105227  14
105346  14
105369  64
105580  64
105608  64
105768  14
106055  64
106455  14
106732  14
106832  64
107396  64
107560  64
107721  64
107750  64
107811  14
107859  14
107914  14
107968  64
107996  14
108000  14
108085  14
108179  64
108304  64
108544  14
108724  64
108747  14
109057  14
109102  14
109426  14
109484  64
110393  14
110705  64
111106  14
111557  14
111747  14
111814  64
111818  64
111958  64
112041  64
112088  14
112215  14
112290  64
112373  64
112669  64
112736  64
112758  64
112920  64
112960  64
113020  14
113101  64
113151  64
113368  64
113563  64
113636  14
113848  14
113938  14
114438  64
114833  64
115008  14
115106  14
115735  14
116140  64
116163  64
116270  64
116387  14
116394  14
116588  64
116831  14
116887  14
117017  64
117040  14
117050  14
117122  14
117123  64
117232  14
117303  14
117545  14
118053  64
118282  64
118684  64
119008  64
119279  64
87082   96
87518   96
87644   96
87682   96
87694   96
87827   96
87948   96
88206   96
88250   96
88283   96
88403   96
88446   96
88561   96
88643   96
88659   96
88663   96
88800   96
88821   96
88838   96
88918   96
88995   96
89076   96
89102   96
89241   96
89249   96
89255   96
89303   96
89308   96
89321   96
89332   96
89358   96
89400   96
89403   96
89421   96
89423   96
89446   96
89516   96
89586   96
89664   96
89721   96
89784   96
89790   96
89804   96
89822   96
89823   96
89863   96
89868   96
89909   96
89944   96
89957   96
90012   96
90055   96
90094   96
90123   96
90127   96
90157   96
90214   96
90217   96
90223   96
90224   96
90230   96
90238   96
90260   96
90328   96
90441   96
90489   96
90498   96
90541   96
90578   96
90580   96
90581   96
90600   96
90627   96
90642   96
90658   96
90698   96
90708   96
90732   96
90733   96
90755   96
90763   96
90828   96
90853   96
90857   96
90880   96
90888   96
90913   96
91025   96
91102   96
91113   96
91155   96
91157   96
91163   96
91237   96
91279   96
91289   96
91293   96
91316   96
91321   96
91325   96
91352   96
91388   96
91391   96
91453   96
91491   96
91517   96
91521   96
91543   96
91557   96
91567   96
91613   96
91614   96
91617   96
91627   96
91666   96
91669   96
91720   96
91723   96
91801   96
91844   96
91880   96
91888   96
91904   96
91934   96
91937   96
91947   96
92046   96
92060   96
92076   96
92083   96
92088   96
92107   96
92137   96
92147   96
92162   96
92180   96
92220   96
92243   96
92279   96
92280   96
92292   96
92295   96
92297   96
92332   96
92400   96
92404   96
92443   96
92462   96
92470   96
92488   96
92501   96
92515   96
92559   96
92566   96
92570   96
92584   96
92603   96
92605   96
92662   96
92681   96
92739   96
92792   96
92795   14
92856   96
92860   96
92870   96
92884   96
92890   96
92923   96
92924   96
92939   96
92941   96
92945   96
92947   96
92980   96
92984   96
93021   96
93070   96
93111   96
93140   96
93144   96
93146   96
93158   96
93159   96
93167   96
93187   96
93188   96
93286   96
93296   96
93309   96
93329   96
93366   96
93383   14
93398   96
93474   96
93475   96
93529   96
93567   96
93575   96
93579   96
93587   96
93601   96
93621   96
93631   96
93633   96
93646   96
93653   96
93701   96
93705   96
93710   96
93721   96
93742   96
93762   96
93767   14
93775   96
93786   96
93790   96
93792   96
93799   96
93818   14
93840   14
93860   14
93883   96
93928   96
93973   96
93981   96
93989   96
94000   96
94003   96
94024   96
94035   14
94038   96
94053   14
94068   96
94082   96
94090   96
94124   96
94126   96
94132   96
94147   96
94148   96
94153   96
94155   96
94174   96
94178   96
94181   96
94190   14
94191   96
94192   96
94205   96
94206   96
94221   96
94245   96
94248   96
94270   96
94285   96
94286   96
94288   96
94297   96
94332   14
94351   14
94367   14
94374   96
94396   96
94407   96
94412   14
94417   96
94425   14
94428   96
94435   14
94436   96
94442   96
94476   96
94517   96
94521   96
94525   14
94541   96
94545   96
94548   96
94557   96
94591   96
94602   96
94609   96
94618   96
94623   96
94640   14
94646   96
94651   96
94661   96
94680   96
94686   96
94692   96
94707   14
94735   96
94737   96
94739   14
94743   14
94746   96
94769   96
94772   96
94802   96
94805   96
94806   96
94814   96
94817   14
94825   14
94829   96
94830   96
94837   96
94842   96
94844   96
94852   96
94880   96
94910   14
94917   96
94919   96
94931   96
94947   14
94959   96
94961   96
94970   14
94987   96
94991   96
95009   96
95036   96
95066   96
95081   14
95091   96
95096   14
95114   96
95124   96
95126   96
95176   96
95208   96
95240   96
95261   96
95263   96
95303   96
95327   14
95346   96
95368   96
95379   14
95419   96
95423   96
95426   96
95429   96
95430   96
95433   96
95442   96
95449   14
95464   96
95476   96
95502   96
95517   14
95521   96
95523   96
95535   14
95555   96
95557   96
95566   96
95576   14
95579   96
95585   96
95593   96
95604   96
95606   96
95620   14
95624   96
95632   14
95634   14
95635   14
95640   96
95659   96
95668   96
95684   96
95689   96
95690   96
95711   96
95715   14
95736   14
95739   96
95749   96
95762   96
95777   96
95802   96
95820   14
95827   96
95841   96
95844   96
95845   96
95846   96
95855   14
95893   14
95908   96
95939   96
95946   14
95970   96
95975   96
95979   14
96034   96
96078   96
96079   14
96092   14
96097   14
96100   14
96133   14
96158   96
96201   96
96205   14
96210   14
96211   96
96212   14
96229   14
96234   96
96238   96
96253   14
96269   14
96271   14
96286   14
96290   96
96299   14
96313   96
96332   96
96347   96
96418   96
96428   14
96448   96
96459   96
96473   14
96498   14
96499   96
96502   96
96512   96
96515   96
96520   96
96523   96
96534   96
96568   96
96576   14
96578   96
96595   96
96601   14
96610   96
96615   14
96620   14
96641   96
96645   14
96655   14
96670   14
96672   96
96676   96
96689   96
96695   14
96697   96
96741   14
96750   96
96765   96
96766   14
96780   96
96786   14
96791   96
96798   14
96813   96
96822   14
96829   96
96836   96
96838   96
96866   14
96876   96
96890   14
96905   96
96912   96
96913   14
96919   96
96935   14
96955   14
96961   96
96962   96
96968   14
97001   14
97010   96
97032   96
97053   14
97054   96
97055   14
97059   96
97108   14
97119   14
97151   96
97181   14
97184   14
97212   14
97232   96
97235   14
97236   14
97240   96
97259   14
97266   96
97269   96
97278   96
97280   14
97317   14
97323   14
97327   96
97329   96
97330   96
97337   96
97344   96
97356   14
97364   14
97395   96
97403   14
97407   14
97417   14
97418   96
97441   14
97443   96
97449   14
97466   14
97473   14
97476   14
97486   96
97535   14
97555   96
97557   96
97589   14
97600   96
97601   96
97602   14
97614   14
97623   96
97633   96
97646   14
97651   96
97669   14
97690   96
97691   14
97703   14
97706   14
97716   14
97727   14
97736   14
97763   96
97800   14
97808   14
97809   14
97819   14
97827   14
97830   96
97831   14
97848   14
97852   14
97880   96
97885   14
97887   14
97891   14
97917   96
97923   14
97933   14
97939   96
97944   14
97950   96
97952   14
97955   96
97986   14
97995   14
98001   14
98013   14
98025   14
98027   14
98043   14
98044   96
98067   14
98070   14
98072   14
98088   14
98096   96
98139   96
98145   96
98146   14
98153   14
98155   14
98162   14
98182   96
98203   96
98209   96
98225   14
98234   96
98237   96
98263   14
98265   14
98272   96
98274   96
98277   96
98282   96
98291   14
98295   96
98298   14
98301   14
98312   14
98320   14
98321   14
98350   14
98376   14
98383   14
98396   14
98404   14
98409   14
98412   96
98414   14
98417   96
98450   14
98451   96
98468   14
98472   14
98474   14
98479   96
98487   96
98493   14
98509   96
98512   96
98531   96
98533   14
98534   14
98546   96
98550   14
98559   96
98571   14
98575   14
98576   96
98581   14
98583   14
98592   96
98601   14
98606   96
98618   96
98636   96
98656   14
98658   14
98661   96
98667   14
98676   14
98686   14
98701   96
98702   14
98706   96
98707   96
98712   14
98722   96
98726   14
98739   96
98770   96
98780   14
98798   14
98815   14
98829   96
98833   96
98850   96
98855   96
98863   96
98869   14
98877   96
98890   14
98902   14
98916   14
98925   14
98934   14
98935   96
98952   14
98968   14
98970   96
98972   14
98976   14
99009   14
99017   14
99018   14
99024   14
99073   14
99103   14
99104   96
99128   14
99130   96
99138   96
99145   96
99154   14
99156   14
99165   96
99166   14
99167   14
99180   96
99184   96
99189   96
99198   14
99216   14
99230   14
99243   96
99256   96
99281   14
99282   14
99286   14
99298   14
99309   96
99320   14
99321   96
99324   14
99329   14
99341   14
99356   14
99378   14
99382   14
99391   96
99394   96
99398   96
99399   14
99412   14
99422   14
99434   14
99436   14
99447   14
99459   14
99463   96
99471   14
99496   96
99505   96
99507   14
99521   14
99522   96
99526   14
99527   14
99546   96
99555   14
99556   14
99583   96
99596   14
99597   14
99612   96
99619   96
99620   14
99629   96
99631   14
99649   14
99650   14
99654   96
99658   96
99681   96
99689   14
99693   96
99695   14
99712   14
99721   14
99730   96
99734   96
99741   14
99743   96
99748   14
99750   14
99777   96
99786   96
99787   14
99796   14
99819   14
99838   96
99859   14
99863   14
99864   96
99868   14
99871   14
99873   14
99890   14
99894   14
99900   96
99912   96
99913   14
99932   14
99943   14
99946   14
99950   14
99960   14
99961   14
99970   14
99971   14
99999   14
100066  14
100100  14
100106  96
100124  96
100125  96
100126  14
100133  14
100140  14
100141  14
100154  14
100174  14
100176  14
100196  14
100206  96
100208  14
100219  14
100226  14
100233  96
100245  96
100248  14
100251  14
100258  14
100261  14
100263  96
100272  96
100290  14
100294  14
100297  14
100300  96
100303  14
100305  14
100307  14
100324  14
100341  96
100353  96
100364  96
100367  14
100369  14
100370  14
100389  96
100392  14
100394  14
100404  96
100418  96
100419  14
100433  96
100451  14
100466  14
100481  96
100487  96
100488  14
100507  14
100512  14
100513  96
100515  96
100520  96
100522  96
100537  14
100544  14
100553  96
100566  14
100570  14
100587  14
100596  14
100613  96
100618  14
100621  96
100622  14
100652  96
100660  14
100681  96
100695  14
100707  14
100722  14
100724  96
100734  14
100746  14
100750  14
100759  96
100762  14
100764  14
100766  14
100767  14
100773  14
100776  96
100778  14
100793  96
100794  96
100797  96
100820  14
100821  14
100823  14
100824  96
100827  14
100829  14
100851  96
100860  96
100861  14
100874  14
100887  14
100892  14
100894  96
100902  14
100911  96
100918  96
100921  96
100924  14
100927  14
100928  14
100947  96
100979  14
100999  14
101002  14
101034  14
101076  96
101089  14
101114  14
101120  14
101125  14
101129  96
101133  14
101135  14
101140  14
101143  14
101144  96
101146  14
101150  96
101161  96
101175  14
101183  14
101188  96
101197  14
101200  14
101203  14
101204  14
101207  14
101216  96
101226  14
101244  14
101245  96
101255  14
101268  14
101288  14
101292  14
101300  14
101308  96
101314  14
101320  96
101330  14
101341  96
101387  14
101398  14
101417  96
101422  96
101430  64
101431  14
101437  14
101438  14
101467  14
101470  14
101472  96
101476  96
101481  14
101514  14
101516  96
101520  14
101535  14
101536  14
101542  14
101564  14
101570  14
101580  96
101599  14
101603  96
101631  14
101636  14
101642  96
101645  14
101660  96
101662  14
101672  96
101675  14
101680  14
101694  14
101709  14
101713  14
101726  64
101738  14
101740  96
101758  14
101761  14
101762  14
101796  96
101811  14
101814  96
101817  14
101822  14
101838  96
101841  14
101849  96
101852  14
101861  14
101869  96
101881  14
101891  96
101896  96
101897  14
101915  96
101930  14
101942  14
101951  14
101966  14
101970  96
101986  14
101998  96
102010  96
102027  96
102031  14
102032  14
102037  14
102047  14
102052  14
102060  14
102062  96
102068  96
102091  96
102092  14
102098  96
102106  96
102108  96
102117  14
102119  64
102125  14
102128  14
102156  14
102167  14
102170  96
102177  14
102187  14
102232  14
102241  14
102266  14
102275  96
102283  14
102286  14
102294  14
102297  14
102299  96
102320  14
102321  14
102324  14
102330  14
102332  96
102344  64
102346  96
102361  14
102368  14
102390  14
102391  64
102392  14
102405  14
102418  14
102428  64
102432  96
102433  14
102438  14
102439  64
102446  14
102456  14
102470  14
102473  64
102475  64
102477  14
102478  64
102486  64
102487  96
102488  14
102492  64
102509  14
102512  64
102527  14
102528  14
102533  64
102537  14
102540  14
102542  14
102548  64
102549  64
102559  64
102562  64
102563  96
102564  64
102565  64
102575  64
102584  14
102588  64
102590  64
102600  96
102601  64
102607  14
102609  14
102619  14
102620  64
102628  64
102630  64
102646  14
102650  14
102655  64
102657  64
102659  64
102682  64
102700  14
102704  96
102715  64
102719  64
102720  14
102726  64
102730  64
102734  14
102736  14
102747  64
102752  64
102753  64
102756  14
102767  64
102768  64
102772  64
102780  14
102782  14
102785  64
102790  96
102793  64
102801  64
102810  64
102811  14
102817  14
102818  14
102825  64
102828  64
102835  14
102845  64
102846  14
102855  64
102858  96
102860  64
102863  64
102866  64
102872  64
102873  14
102879  64
102892  14
102894  14
102895  64
102896  14
102897  14
102898  64
102899  64
102901  14
102908  64
102916  64
102921  14
102923  64
102925  64
102929  64
102931  64
102946  14
102949  96
102951  14
102955  64
102956  64
102964  64
102966  14
102968  14
102975  64
102980  64
102985  14
102995  14
102997  14
103002  14
103011  64
103016  64
103020  14
103028  14
103035  14
103050  14
103053  14
103062  64
103064  14
103080  14
103083  64
103092  64
103100  14
103101  14
103112  14
103114  14
103115  14
103118  14
103137  64
103143  64
103146  14
103152  64
103161  14
103167  64
103178  14
103179  64
103180  14
103194  64
103197  64
103199  14
103203  64
103213  64
103217  64
103220  64
103239  64
103244  64
103247  14
103248  14
103253  14
103255  14
103264  64
103267  14
103270  96
103271  64
103288  64
103303  14
103323  64
103336  14
103349  14
103368  14
103369  64
103374  96
103377  14
103390  64
103394  64
103403  64
103415  64
103416  64
103417  14
103418  14
103420  64
103422  14
103423  64
103427  14
103433  14
103438  64
103443  64
103444  64
103462  14
103467  14
103474  64
103478  64
103479  14
103482  14
103484  14
103485  64
103498  14
103503  64
103504  14
103508  14
103512  64
103518  64
103533  14
103547  14
103552  64
103555  64
103559  64
103565  64
103566  64
103568  64
103577  14
103582  64
103587  14
103597  14
103614  64
103627  14
103629  64
103634  64
103635  64
103636  64
103658  64
103661  64
103663  14
103667  64
103681  14
103684  64
103686  64
103687  14
103695  14
103696  14
103707  64
103712  14
103716  64
103722  64
103727  64
103730  64
103731  14
103733  14
103740  64
103752  64
103762  64
103764  64
103774  64
103789  64
103800  14
103815  64
103821  64
103829  64
103845  64
103850  64
103854  64
103856  64
103871  14
103879  64
103880  14
103896  14
103923  64
103936  14
103937  64
103938  14
103943  64
103954  14
103960  14
103966  64
103972  64
103978  64
103998  14
104000  64
104014  14
104023  14
104031  14
104039  64
104043  14
104044  64
104049  64
104051  14
104062  64
104068  64
104070  14
104077  64
104093  64
104097  64
104108  14
104117  14
104123  14
104125  14
104127  14
104151  14
104170  14
104173  64
104176  14
104185  64
104193  64
104210  14
104215  64
104220  64
104224  14
104226  64
104235  64
104242  64
104251  14
104270  14
104276  64
104285  14
104288  64
104294  14
104301  64
104311  64
104320  14
104323  64
104339  14
104341  14
104356  14
104361  14
104365  14
104381  64
104383  14
104387  14
104392  64
104393  14
104414  14
104426  14
104440  14
104448  64
104451  64
104452  64
104476  64
104480  64
104484  64
104488  14
104512  64
104517  14
104525  64
104535  14
104564  14
104565  64
104568  14
104573  64
104577  14
104578  64
104591  14
104592  64
104618  14
104619  64
104643  14
104661  64
104664  64
104668  14
104679  64
104682  14
104685  64
104688  64
104697  14
104716  14
104721  14
104733  14
104741  14
104754  14
104758  14
104760  64
104765  14
104778  14
104780  64
104784  14
104786  14
104788  64
104794  14
104801  64
104804  14
104824  64
104832  14
104834  14
104839  64
104845  64
104846  64
104849  64
104851  64
104857  64
104858  64
104860  64
104863  14
104865  64
104870  64
104878  64
104887  64
104890  64
104907  64
104910  64
104926  64
104941  14
104943  64
104948  14
104950  64
104956  14
104960  64
104964  64
104977  64
104980  14
104991  64
104992  64
105006  14
105014  64
105017  64
105018  14
105027  64
105030  64
105039  14
105048  14
105053  14
105056  64
105059  64
105072  14
105073  64
105074  14
105077  64
105078  64
105083  14
105091  64
105099  64
105104  64
105106  14
105111  64
105118  14
105128  64
105129  64
105147  14
105157  64
105161  14
105165  14
105166  64
105173  14
105188  64
105189  64
105219  14
105223  14
105226  64
105229  64
105239  64
105246  14
105258  14
105264  14
105280  64
105285  14
105286  64
105289  64
105292  64
105295  14
105307  64
105314  14
105326  14
105330  64
105335  14
105337  64
105343  14
105347  64
105355  14
105368  14
105373  64
105375  64
105376  64
105389  14
105395  64
105397  64
105400  64
105405  64
105410  64
105412  64
105421  14
105425  64
105428  14
105433  64
105434  64
105440  64
105446  64
105459  64
105460  14
105467  64
105468  14
105471  64
105487  64
105488  14
105489  64
105496  64
105503  64
105512  14
105518  64
105524  14
105533  64
105534  64
105537  64
105542  14
105546  64
105550  14
105564  14
105570  64
105578  14
105581  64
105583  64
105591  64
105593  64
105594  14
105597  14
105606  14
105610  64
105618  64
105629  64
105637  64
105639  64
105649  64
105655  14
105662  64
105670  14
105673  14
105674  64
105685  64
105692  64
105702  64
105707  64
105710  64
105714  64
105717  64
105721  14
105728  14
105732  64
105734  64
105736  14
105741  64
105744  14
105751  14
105761  14
105763  64
105776  14
105778  14
105790  14
105797  64
105810  14
105819  14
105829  14
105830  64
105834  14
105837  64
105838  64
105858  64
105860  14
105864  64
105865  64
105866  64
105868  64
105870  64
105872  64
105882  64
105894  64
105910  64
105911  64
105914  64
105917  64
105939  14
105957  64
105958  64
105963  14
105964  64
105973  64
105975  64
105978  64
105979  14
105982  64
105988  14
105996  64
106001  64
106014  14
106018  14
106025  14
106030  64
106031  64
106032  14
106034  14
106043  64
106044  64
106048  14
106062  14
106068  64
106076  14
106088  64
106104  14
106105  64
106117  14
106126  14
106137  14
106148  64
106149  14
106150  14
106170  64
106181  14
106185  64
106188  64
106217  64
106218  64
106236  14
106239  64
106240  64
106247  64
106252  64
106256  64
106257  14
106263  14
106265  14
106266  64
106267  14
106271  14
106273  64
106285  64
106293  64
106299  64
106302  64
106304  14
106308  14
106312  64
106320  64
106336  64
106339  14
106349  64
106350  64
106357  14
106359  64
106380  64
106383  14
106385  64
106395  64
106412  64
106422  14
106427  64
106428  14
106445  14
106447  14
106449  14
106471  64
106475  14
106481  14
106482  64
106491  14
106495  14
106497  64
106501  14
106505  14
106511  64
106515  14
106531  14
106535  14
106541  14
106546  64
106552  64
106554  14
106575  64
106577  14
106578  14
106580  64
106587  64
106592  14
106593  14
106599  64
106601  64
106602  14
106611  64
106626  64
106631  64
106632  64
106634  64
106645  14
106647  14
106650  64
106663  14
106667  14
106669  64
106677  14
106678  64
106679  14
106683  14
106684  14
106691  64
106722  64
106740  14
106742  14
106743  14
106749  64
106753  64
106754  14
106755  14
106756  14
106757  64
106758  64
106765  64
106769  64
106770  64
106771  14
106779  14
106785  64
106791  64
106792  64
106800  14
106822  64
106841  64
106846  14
106878  64
106881  14
106883  64
106885  64
106894  14
106896  64
106901  14
106903  64
106911  14
106912  64
106914  14
106915  14
106917  14
106933  64
106939  64
106940  64
106954  14
106957  14
106965  14
106966  64
106971  64
106975  64
106978  64
106979  64
106992  64
106994  64
106996  64
106998  14
107000  64
107004  64
107005  14
107031  14
107036  14
107037  14
107049  64
107050  14
107054  64
107086  14
107088  14
107099  14
107101  14
107104  64
107106  14
107109  14
107119  64
107121  64
107128  64
107136  64
107138  14
107142  14
107146  14
107147  64
107157  64
107164  14
107167  64
107170  14
107184  14
107188  64
107189  14
107190  14
107192  64
107194  64
107196  64
107197  64
107203  64
107206  14
107208  14
107218  14
107220  14
107221  14
107231  64
107248  14
107253  64
107260  64
107290  14
107291  14
107310  14
107330  14
107334  64
107342  14
107351  64
107354  14
107357  64
107361  14
107363  64
107365  14
107376  64
107382  14
107384  14
107398  64
107403  14
107412  14
107414  64
107419  64
107427  14
107435  14
107440  64
107465  64
107473  14
107474  14
107479  64
107482  14
107483  64
107493  64
107498  14
107514  64
107528  14
107536  14
107538  64
107561  64
107568  64
107572  64
107590  64
107592  64
107596  64
107598  64
107601  14
107630  64
107635  64
107648  64
107653  14
107656  14
107657  14
107658  64
107660  64
107661  64
107662  64
107663  64
107665  64
107672  64
107674  14
107692  64
107695  64
107726  14
107734  64
107738  14
107740  14
107756  64
107758  64
107761  14
107763  64
107767  14
107768  64
107780  64
107788  64
107796  14
107797  14
107802  64
107818  14
107828  14
107836  14
107843  64
107860  64
107886  14
107890  14
107892  64
107899  64
107903  14
107907  64
107915  64
107919  64
107923  64
107931  64
107937  64
107950  64
107952  64
107954  64
107958  14
107962  64
107969  64
107974  14
107982  14
107983  14
107984  14
107985  14
107999  64
108037  14
108040  14
108045  14
108051  64
108054  64
108061  14
108066  14
108072  64
108074  14
108075  64
108080  64
108081  64
108084  14
108089  64
108093  64
108094  64
108095  14
108098  64
108103  64
108112  14
108114  64
108118  64
108126  64
108127  64
108130  64
108131  64
108132  14
108134  14
108140  64
108163  64
108167  64
108176  64
108178  14
108189  64
108192  64
108210  64
108213  64
108217  14
108218  14
108220  14
108222  14
108227  64
108232  14
108247  14
108250  64
108260  64
108266  14
108267  64
108268  64
108273  64
108280  14
108293  64
108297  14
108299  14
108300  14
108301  14
108302  64
108303  14
108305  64
108307  14
108308  64
108313  64
108324  14
108327  14
108332  14
108333  14
108334  64
108343  64
108346  14
108360  64
108365  64
108368  64
108370  64
108373  14
108388  64
108394  14
108396  64
108397  14
108414  64
108423  64
108428  14
108431  64
108433  14
108442  64
108449  14
108456  14
108460  64
108462  64
108468  64
108470  14
108471  64
108472  64
108473  64
108478  14
108488  64
108494  14
108495  64
108498  64
108501  64
108504  64
108521  14
108524  14
108527  14
108528  14
108532  64
108540  64
108564  64
108566  64
108567  14
108568  14
108569  64
108575  64
108578  64
108592  64
108606  64
108608  14
108618  64
108620  14
108634  64
108636  64
108640  14
108657  14
108669  64
108671  64
108678  64
108683  14
108690  14
108698  64
108703  64
108708  64
108721  64
108733  14
108735  64
108736  14
108749  14
108750  64
108755  14
108757  64
108761  64
108769  14
108771  64
108774  14
108776  64
108777  64
108793  64
108794  14
108797  14
108801  14
108810  14
108828  14
108829  14
108835  14
108838  14
108842  14
108844  14
108847  64
108848  14
108852  14
108855  14
108862  64
108869  14
108877  64
108882  14
108885  14
108893  14
108894  14
108902  14
108917  64
108934  14
108938  64
108942  14
108946  14
108957  64
108962  64
108963  64
108974  64
108976  64
108998  64
109003  14
109004  64
109006  14
109007  14
109016  14
109029  64
109037  64
109041  64
109043  64
109044  14
109060  64
109065  14
109069  64
109080  14
109083  14
109086  14
109093  64
109101  64
109109  64
109118  14
109122  64
109127  14
109129  64
109130  64
109133  14
109146  64
109165  64
109166  14
109167  14
109174  64
109178  14
109180  14
109182  64
109183  64
109202  14
109210  64
109216  64
109220  64
109226  64
109228  64
109232  14
109236  14
109238  64
109240  14
109244  64
109247  64
109251  14
109266  14
109271  14
109276  64
109277  64
109281  14
109284  14
109288  14
109291  64
109303  64
109315  64
109317  64
109333  14
109335  14
109340  64
109350  14
109354  64
109355  14
109356  64
109358  14
109364  14
109366  64
109369  14
109375  64
109396  64
109400  14
109424  14
109429  64
109430  14
109431  14
109433  64
109439  14
109462  64
109467  14
109474  64
109482  14
109487  14
109498  64
109500  64
109511  14
109518  64
109529  64
109534  14
109557  64
109565  64
109569  64
109570  14
109571  64
109584  64
109585  14
109593  64
109598  64
109600  64
109607  64
109608  64
109618  64
109624  64
109642  14
109648  14
109668  64
109673  14
109676  14
109682  64
109686  64
109688  64
109695  64
109705  64
109715  14
109719  64
109723  14
109738  14
109748  14
109756  14
109763  64
109764  64
109775  64
109777  64
109782  64
109789  64
109798  64
109805  14
109810  14
109813  64
109829  14
109832  64
109834  14
109840  64
109846  14
109848  64
109852  14
109860  14
109873  64
109884  14
109886  14
109887  64
109895  64
109898  64
109902  64
109907  14
109920  64
109921  14
109926  64
109927  64
109928  64
109930  14
109933  14
109936  64
109939  64
109944  64
109945  64
109955  64
109977  14
109979  64
109984  14
109985  14
109986  64
109994  14
109997  14
109998  64
110013  64
110023  64
110027  64
110034  14
110038  14
110039  64
110046  64
110048  64
110049  64
110050  64
110052  64
110057  64
110060  64
110063  64
110078  64
110080  64
110084  64
110088  14
110091  64
110094  64
110104  64
110108  14
110115  64
110118  14
110126  64
110128  14
110129  14
110134  64
110136  64
110139  14
110148  14
110153  14
110159  14
110163  64
110168  64
110178  64
110179  14
110181  64
110192  64
110195  64
110204  64
110208  64
110211  14
110221  64
110230  64
110239  64
110242  64
110247  64
110248  14
110249  14
110250  64
110252  64
110254  64
110264  64
110273  64
110274  64
110281  64
110284  64
110306  14
110307  14
110313  64
110315  64
110323  64
110325  64
110340  64
110349  14
110363  64
110366  64
110369  64
110371  14
110375  64
110376  14
110382  14
110383  14
110398  14
110410  64
110420  64
110423  64
110433  14
110436  14
110440  64
110446  64
110456  64
110457  14
110463  64
110464  14
110470  14
110471  14
110483  14
110489  14
110497  14
110500  64
110504  64
110506  64
110510  14
110511  14
110518  64
110524  64
110528  14
110530  64
110532  64
110537  14
110539  14
110547  14
110548  64
110551  14
110558  64
110559  14
110563  14
110567  14
110586  64
110591  14
110601  14
110605  64
110607  14
110610  14
110619  14
110639  14
110648  64
110656  14
110657  64
110660  14
110662  64
110663  64
110676  64
110678  14
110682  64
110683  64
110684  64
110703  64
110709  14
110713  14
110720  64
110722  64
110727  14
110738  64
110752  64
110756  64
110757  14
110781  64
110801  64
110810  64
110815  14
110830  14
110834  14
110838  14
110839  64
110847  14
110850  14
110873  14
110878  14
110881  64
110891  14
110894  14
110897  64
110904  64
110914  64
110916  64
110920  64
110921  14
110926  14
110933  64
110938  14
110939  14
110943  64
110946  64
110948  64
110951  64
110952  14
110955  64
110959  64
110960  64
110964  64
110973  64
110974  64
110979  64
110982  64
110986  64
110988  14
110989  64
110996  14
111000  14
111002  64
111016  64
111024  64
111035  64
111036  64
111040  64
111042  14
111043  64
111059  14
111064  64
111068  64
111073  14
111077  64
111091  64
111092  64
111098  14
111118  64
111137  64
111144  64
111155  14
111160  14
111161  64
111169  64
111170  14
111175  14
111198  64
111201  64
111214  64
111232  64
111234  64
111242  14
111243  14
111271  64
111281  14
111288  14
111289  64
111305  14
111314  64
111325  64
111335  14
111339  14
111341  14
111350  14
111354  64
111357  14
111360  14
111370  14
111378  64
111389  14
111393  14
111396  14
111401  64
111402  64
111403  14
111412  14
111413  14
111419  64
111422  64
111423  64
111424  64
111426  14
111435  64
111441  64
111442  64
111446  64
111449  14
111453  14
111454  14
111461  64
111462  64
111474  64
111484  64
111490  14
111494  64
111506  64
111507  14
111508  64
111510  64
111512  64
111517  64
111526  14
111540  64
111550  14
111554  64
111578  14
111583  64
111593  14
111602  64
111605  64
111622  14
111643  64
111647  64
111664  14
111666  64
111668  14
111670  14
111677  64
111678  64
111679  64
111690  64
111691  64
111696  64
111698  64
111699  64
111703  14
111706  14
111707  64
111730  64
111736  64
111746  64
111755  14
111756  64
111763  64
111769  64
111777  14
111778  64
111781  14
111796  64
111801  14
111807  64
111808  64
111809  64
111821  14
111823  64
111837  14
111843  14
111855  64
111861  14
111862  64
111866  64
111869  14
111872  64
111875  14
111892  64
111906  14
111926  64
111927  14
111928  64
111940  64
111944  64
111946  14
111961  64
111965  64
111969  14
111981  14
111992  14
111996  14
111998  14
112008  14
112018  64
112023  14
112027  64
112037  64
112040  64
112042  14
112052  64
112054  14
112056  64
112057  64
112058  64
112062  64
112063  64
112065  64
112077  64
112084  14
112091  64
112093  14
112102  64
112129  64
112150  64
112153  64
112154  14
112158  64
112169  14
112172  14
112173  64
112192  64
112194  14
112209  64
112212  64
112216  64
112218  14
112244  64
112247  14
112264  14
112266  64
112276  64
112279  14
112281  64
112286  14
112287  64
112306  64
112307  64
112348  64
112362  14
112369  64
112370  14
112383  64
112386  64
112395  14
112396  14
112400  64
112408  14
112424  14
112425  64
112434  14
112435  64
112455  14
112461  14
112466  64
112488  14
112490  64
112499  64
112508  14
112515  14
112542  14
112548  64
112559  64
112569  64
112570  64
112573  64
112587  64
112600  64
112601  64
112614  64
112624  14
112628  14
112656  64
112663  14
112665  64
112668  64
112671  64
112679  14
112688  64
112693  14
112696  14
112701  14
112703  64
112714  64
112715  64
112719  14
112720  64
112728  14
112735  14
112744  64
112752  64
112754  64
112759  64
112768  64
112779  14
112783  14
112794  14
112812  64
112820  14
112825  64
112834  64
112846  64
112848  14
112849  64
112860  64
112864  64
112877  14
112878  64
112885  64
112888  14
112902  14
112905  14
112930  14
112933  64
112935  64
112942  14
112944  64
112949  64
112969  14
112970  14
112975  14
112990  64
113002  64
113004  14
113018  14
113030  14
113036  64
113038  64
113042  64
113045  64
113049  14
113052  64
113069  14
113076  64
113081  64
113089  64
113121  14
113125  64
113126  14
113142  64
113146  14
113149  64
113160  64
113174  14
113176  14
113186  14
113193  64
113195  64
113206  14
113208  14
113212  64
113220  14
113223  64
113230  64
113243  14
113244  14
113247  14
113251  64
113253  14
113282  64
113287  14
113295  64
113298  64
113303  64
113309  64
113328  14
113337  64
113339  14
113354  64
113375  64
113376  14
113389  64
113408  14
113424  14
113428  64
113432  14
113434  14
113461  64
113475  14
113487  64
113506  64
113511  14
113523  64
113530  64
113536  64
113537  64
113549  64
113561  64
113573  64
113593  64
113608  64
113611  14
113617  64
113631  64
113642  14
113647  64
113660  64
113663  64
113676  14
113679  14
113701  14
113710  14
113717  64
113741  64
113754  64
113759  14
113761  14
113767  64
113774  14
113778  64
113781  14
113784  64
113802  14
113807  64
113809  14
113846  64
113866  14
113876  64
113900  14
113913  14
113923  14
113935  14
113936  64
113946  64
113950  14
113960  64
113970  14
113975  64
113994  14
114003  14
114015  14
114019  14
114031  14
114041  14
114042  64
114055  14
114071  14
114077  64
114080  14
114090  14
114114  64
114123  14
114124  14
114132  14
114136  14
114146  64
114154  14
114171  64
114181  14
114185  14
114187  64
114203  14
114211  14
114217  14
114224  14
114232  14
114235  64
114236  14
114264  64
114266  64
114289  14
114298  64
114308  14
114327  64
114346  64
114364  64
114368  14
114370  14
114371  64
114378  64
114405  14
114409  64
114410  14
114419  64
114427  64
114447  64
114456  64
114469  64
114478  64
114479  64
114483  14
114490  64
114491  64
114515  64
114525  14
114528  14
114561  14
114576  64
114586  64
114589  14
114598  64
114608  64
114616  14
114621  14
114626  64
114656  14
114659  64
114682  64
114689  64
114702  14
114714  64
114716  14
114723  64
114745  14
114768  64
114786  64
114796  14
114814  14
114816  14
114843  64
114852  14
114867  64
114870  14
114883  64
114901  64
114919  14
114924  64
114926  14
114944  64
114990  14
114993  64
114997  14
115010  14
115014  14
115015  64
115023  14
115026  14
115033  64
115034  64
115049  14
115055  14
115061  14
115073  64
115121  14
115129  14
115146  14
115157  14
115160  64
115170  14
115174  14
115191  64
115195  64
115206  14
115216  64
115235  64
115238  14
115241  64
115255  14
115331  64
115351  64
115369  14
115401  14
115404  14
115406  64
115417  64
115423  64
115424  64
115451  14
115466  14
115469  64
115480  64
115489  64
115503  64
115507  14
115528  64
115562  64
115564  14
115566  64
115574  64
115576  14
115592  64
115598  14
115605  64
115612  14
115637  64
115646  64
115661  14
115666  64
115710  64
115746  14
115750  64
115761  14
115793  14
115796  14
115798  14
115805  64
115807  64
115813  64
115836  14
115840  64
115842  14
115843  64
115853  64
115863  64
115866  14
115868  64
115870  14
115877  14
115886  64
115889  14
115900  64
115918  14
115925  64
115946  64
115952  14
115959  64
115980  14
115983  14
115984  64
116002  14
116045  14
116049  64
116066  14
116084  14
116090  14
116100  14
116137  64
116139  14
116142  64
116143  14
116157  14
116178  14
116246  64
116250  64
116262  14
116271  14
116291  64
116295  64
116327  64
116333  14
116361  14
116372  14
116398  64
116415  14
116423  14
116433  14
116460  14
116471  64
116477  14
116478  64
116521  64
116522  14
116524  14
116545  14
116562  14
116577  14
116583  14
116613  14
116626  14
116629  64
116634  14
116635  64
116646  64
116659  14
116718  64
116734  14
116742  64
116744  14
116765  14
116768  14
116844  14
116861  64
116872  14
116877  14
116908  64
116952  14
116958  14
116971  14
117014  64
117032  64
117067  14
117224  14
117270  64
117273  64
117329  64
117333  64
117433  14
117443  14
117448  64
117481  64
117505  14
117693  64
117725  64
117784  64
117806  64
118089  64
118204  64
118466  64
118587  64
118872  64
118891  64
87421   87694   3.50    44.28
87644   87082   0.00    110.06
87682   87082   10.00   100.39
87694   87827   16.60   80.80
87694   88403   9.00    120.21
87827   88206   4.25    63.99
87855   87948   0.00    67.46
87948   87518   50.00   80.72
88206   88643   4.40    68.35
88250   87682   11.00   100.28
88283   87644   3.00    112.40
88283   88250   1.00    14.87
88403   89076   10.00   132.74
88403   88283   3.00    75.86
88446   88206   9.80    113.16
88643   88821   6.71    108.09
88643   89076   4.58    80.76
88659   88446   9.38    113.16
88663   87948   10.00   117.64
88800   88250   2.50    100.70
88821   88995   6.75    108.09
88897   89255   8.17    65.36
88995   89102   11.00   61.27
88995   88659   3.00    63.47
89076   89784   7.68    136.93
89102   89241   5.14    62.61
89102   88561   10.00   99.05
89241   89255   0.00    7.94
89241   89721   9.38    94.01
89249   89586   0.00    86.92
89249   88918   8.77    103.29
89255   89332   9.38    49.82
89303   89249   0.00    11.23
89303   89308   0.00    43.82
89308   89321   9.71    26.58
89321   88663   4.25    118.33
89321   89358   34.33   59.95
89332   89423   5.50    53.26
89332   89823   6.88    93.69
89358   89400   0.00    55.34
89358   88800   13.25   102.36
89400   89446   6.50    49.91
89400   88838   3.00    105.95
89403   89664   0.00    68.15
89403   89303   10.00   24.40
89423   89909   9.80    93.52
89423   89516   6.14    55.82
89446   88838   9.00    126.27
89516   90012   14.33   93.15
89618   90127   3.00    93.47
89699   90214   8.17    95.35
89721   90230   5.69    94.01
89784   89957   3.00    99.10
89784   89863   6.36    82.60
89799   90223   10.80   76.65
89804   89403   6.64    129.36
89823   90328   10.60   93.69
89863   89868   3.00    16.17
89863   89446   13.19   74.32
89868   90157   3.00    50.14
89868   89804   6.86    125.74
89909   90441   7.69    93.52
89957   89421   0.00    124.23
89957   90094   7.00    75.61
90012   90541   9.20    93.15
90055   89790   7.83    75.85
90094   90230   5.41    75.61
90127   90627   5.50    93.47
90157   90708   20.00   101.96
90214   90732   13.20   95.28
90223   90642   0.00    76.64
90224   90157   9.25    72.91
90230   90328   5.00    53.94
90238   89822   8.22    76.41
90328   90441   8.60    55.31
90434   90828   10.82   73.59
90441   90541   6.23    55.16
90489   90224   11.50   101.09
90489   90698   8.67    125.24
90498   90055   0.00    79.08
90498   90260   0.00    85.35
90541   90627   6.14    55.12
90575   90600   20.00   26.64
90580   90123   9.96    82.48
90580   90217   6.88    86.33
90581   89944   8.27    111.60
90581   90828   10.00   84.25
90600   90755   3.00    73.37
90627   90732   6.13    53.75
90642   90857   0.00    39.04
90658   90642   0.00    10.36
90658   90238   9.06    76.42
90698   90853   6.75    124.76
90708   91293   10.00   102.21
90732   90857   3.70    67.47
90755   91157   3.00    77.25
90763   90224   7.90    97.55
90828   91325   8.11    89.11
90828   90733   8.13    99.95
90853   90498   0.00    68.99
90857   90880   11.17   10.37
90857   90913   0.00    9.51
90880   90658   4.73    39.26
90880   91025   5.50    67.96
90888   91113   3.00    124.50
90888   90489   18.63   75.45
90913   90880   0.00    9.55
90913   91567   0.00    104.33
90937   91352   5.00    141.02
91025   91325   6.13    132.84
91025   90581   6.75    81.84
91080   91491   6.00    102.00
91102   90600   3.00    93.09
91113   91237   9.38    123.88
91155   91157   1.00    94.52
91157   91614   10.00   75.91
91163   90578   17.00   111.22
91237   90853   3.00    69.07
91279   90580   6.65    132.51
91289   90888   3.00    70.37
91289   91517   7.42    89.41
91293   91388   8.00    30.72
91316   91293   8.67    50.63
91316   90763   9.08    97.50
91325   91352   3.00    6.59
91352   91666   7.15    80.58
91388   91937   6.91    112.78
91453   91155   10.00   97.03
91453   91627   8.50    127.06
91453   91934   11.50   91.37
91491   91666   4.94    43.94
91517   91617   7.00    88.84
91521   91316   4.25    79.46
91521   91289   0.00    34.61
91538   91723   3.00    77.61
91543   91613   11.00   58.47
91543   91453   6.50    79.02
91557   92076   9.58    86.03
91557   91888   5.67    93.95
91567   92046   7.83    78.55
91567   91557   6.88    74.35
91613   91614   0.00    4.72
91614   91669   2.33    69.66
91617   91237   14.91   132.49
91627   91567   12.11   72.77
91666   91880   3.91    40.69
91669   91844   10.00   71.98
91669   91102   15.00   93.09
91707   92220   10.08   91.45
91720   91613   8.44    52.09
91720   91543   0.00    31.33
91723   91391   4.88    77.76
91737   92332   7.81    116.60
91844   92297   5.90    79.10
91844   91163   4.67    111.19
91880   91491   8.78    67.62
91880   92584   5.27    121.29
91888   92792   18.25   138.55
91904   92137   2.00    78.40
91904   91321   9.58    108.52
91934   92488   10.00   93.30
91937   92681   5.33    116.26
91996   92060   9.44    72.90
91996   91521   6.78    116.98
91996   92856   5.73    129.69
92046   92515   11.50   78.55
92060   92559   10.25   81.94
92060   92083   19.86   21.21
92076   92605   11.50   86.03
92083   91617   0.00    76.74
92083   92107   10.85   45.91
92088   91279   7.97    133.33
92088   91801   5.40    120.58
92107   92088   11.25   108.38
92137   91723   5.89    74.40
92137   91947   11.50   110.41
92147   92292   3.31    72.09
92147   92870   5.33    107.37
92162   92147   9.25    73.81
92162   92945   6.00    116.05
92180   91316   11.71   137.83
92220   92570   7.25    72.61
92220   92470   8.67    117.20
92220   92924   4.17    107.74
92243   91388   9.36    137.86
92279   91521   8.38    124.05
92280   92984   8.57    101.88
92280   91904   10.00   61.46
92292   92404   9.83    58.73
92292   92939   13.25   94.51
92297   92162   7.39    59.13
92332   92295   5.81    93.00
92332   92443   9.38    18.22
92378   93167   4.75    112.13
92381   92443   6.50    126.93
92400   91888   7.09    117.53
92404   92488   8.08    74.03
92404   93021   3.83    83.00
92404   91720   9.30    143.75
92443   92566   6.86    78.67
92443   92603   3.00    25.00
92462   92662   0.00    27.42
92462   92088   12.67   71.30
92470   92280   9.80    117.81
92488   92501   8.83    71.36
92488   93070   2.67    75.39
92501   92515   7.18    71.96
92501   91627   8.29    143.89
92515   93159   9.00    86.32
92515   92605   8.29    73.79
92551   92941   5.14    58.51
92559   93286   6.53    97.85
92559   92107   3.00    97.08
92566   92860   6.63    78.91
92570   92980   9.67    72.61
92584   93474   4.08    121.70
92603   92923   10.00   39.95
92603   92947   14.33   51.12
92605   92890   5.70    62.60
92605   93329   7.67    97.51
92662   92332   9.96    149.39
92681   93529   7.86    116.21
92739   92462   5.22    40.67
92739   92662   5.67    20.65
92792   93111   11.20   40.99
92856   93799   5.82    129.61
92860   93146   4.92    78.81
92870   93633   10.75   107.36
92890   93111   2.00    38.74
92890   92792   0.00    27.98
92923   92947   0.00    26.17
92923   93710   10.80   107.90
92924   93653   9.80    107.33
92939   93621   11.00   94.51
92941   93167   4.25    56.85
92941   92795   2.00    110.96
92945   93786   8.50    116.05
92947   92884   8.00    118.60
92980   92984   7.82    119.51
92980   93296   8.14    76.94
92984   93475   8.29    71.92
93021   93601   3.00    82.95
93047   93398   7.36    61.59
93070   93587   8.00    75.15
93111   93158   2.50    13.81
93140   92180   9.81    137.81
93144   92279   9.24    124.04
93146   93792   7.88    87.92
93146   93631   11.50   94.30
93158   92400   7.43    119.69
93158   93187   0.00    7.73
93159   93775   5.67    85.84
93167   93653   6.56    117.68
93167   93383   20.00   144.71
93187   93762   7.83    85.64
93188   92243   10.19   137.88
93286   92739   8.03    129.61
93296   93575   10.67   76.21
93309   92570   4.73    103.54
93329   94000   10.57   96.92
93366   92566   6.56    106.60
93383   93840   3.00    71.13
93383   93767   6.40    88.71
93398   93883   11.50   84.11
93398   94178   10.54   132.04
93474   93705   5.37    31.59
93475   93474   0.00    10.00
93529   94206   6.41    113.37
93567   92860   7.83    97.68
93575   93475   3.00    17.27
93579   93587   10.57   68.10
93579   92501   9.91    148.11
93587   93601   8.17    74.77
93601   93621   8.92    73.27
93621   93633   7.33    73.52
93631   94147   4.86    143.51
93633   93786   8.14    79.49
93646   93575   10.00   10.98
93653   93721   0.00    16.13
93701   93187   8.00    78.36
93705   94181   6.67    68.55
93705   93646   3.63    13.28
93710   94132   8.17    102.92
93721   93973   11.00   71.03
93721   93790   0.00    110.59
93742   94396   9.00    120.31
93762   94602   8.35    139.27
93767   94332   8.00    92.25
93775   93579   7.25    68.82
93786   93928   0.00    46.84
93790   93840   3.00    110.52
93792   94407   10.25   87.92
93799   93286   7.84    93.42
93840   93860   0.00    3.17
93860   94351   9.00    96.50
93860   94825   9.80    143.37
93883   93742   8.50    80.85
93928   94038   10.25   30.20
93973   93981   8.00    11.94
93981   93989   11.50   11.30
93981   93309   11.36   102.99
93989   93646   4.75    121.93
93989   94124   0.00    27.36
94000   93775   5.40    74.77
94003   94038   20.00   23.85
94003   93928   0.00    12.55
94024   93799   8.12    81.87
94024   93144   10.79   124.04
94035   93818   6.50    38.47
94035   94053   4.67    75.14
94038   94205   9.56    98.32
94068   93973   3.00    12.07
94082   94003   11.33   131.77
94090   94285   8.29    122.33
94090   94541   11.06   64.91
94124   94068   0.00    11.51
94126   94024   6.11    74.61
94126   93140   9.07    137.81
94132   94248   8.13    73.00
94132   93366   8.53    106.59
94147   94221   7.00    67.80
94148   94126   9.13    27.86
94148   94174   0.00    25.40
94153   94148   0.00    3.57
94155   94090   6.33    70.44
94174   94221   0.00    9.17
94178   94661   10.22   128.14
94181   94374   0.00    35.69
94190   93818   7.67    82.67
94191   94153   3.00    44.12
94191   93188   7.15    137.90
94192   94000   7.67    54.25
94192   93701   6.63    78.62
94205   94206   7.00    97.94
94206   94191   3.00    16.77
94221   94245   5.17    38.93
94221   94442   20.00   30.58
94245   94153   0.00    14.95
94245   94297   2.00    62.59
94248   93567   10.07   97.68
94248   94407   13.86   74.68
94270   94068   5.18    108.62
94285   94557   20.00   122.68
94286   94181   1.00    16.80
94286   94548   13.71   139.88
94288   94155   7.00    94.54
94297   94814   8.93    89.55
94297   94288   14.20   94.26
94332   94640   3.00    63.33
94351   94270   11.11   108.32
94351   94367   0.00    3.86
94367   94743   2.60    94.73
94374   94602   3.00    76.40
94397   94396   7.90    105.05
94397   94769   11.00   59.33
94407   94521   9.38    72.44
94407   95009   10.46   90.48
94412   94035   11.50   56.42
94417   94286   10.92   17.25
94417   94374   0.00    30.87
94425   94435   3.00    51.52
94428   94082   10.56   132.85
94436   94192   9.40    71.28
94436   93762   8.85    109.08
94442   94517   0.00    18.02
94442   94609   20.00   27.27
94476   94396   6.50    94.64
94517   94245   6.50    57.41
94521   94692   7.50    112.64
94521   93631   8.55    126.08
94541   94805   11.00   60.78
94541   94959   8.13    60.77
94545   94428   7.03    131.77
94548   94124   3.00    62.87
94557   94651   5.33    121.82
94591   94155   7.67    90.08
94602   94880   8.83    45.20
94609   94517   11.50   20.50
94609   94772   5.50    25.45
94618   94806   10.60   78.73
94623   94417   11.50   33.19
94640   94825   9.80    40.67
94646   94545   11.00   131.66
94651   94737   9.88    121.80
94661   94132   9.00    78.69
94680   94436   7.11    85.51
94680   94802   2.33    19.05
94692   94147   0.00    84.05
94692   94829   10.64   71.71
94707   94190   20.00   85.03
94707   94332   0.00    94.30
94734   94910   3.00    22.74
94735   94844   11.50   14.91
94735   94646   8.03    131.65
94737   94844   3.60    121.81
94743   95114   15.00   72.36
94743   94548   7.18    134.88
94746   94852   1.00    14.45
94746   94735   13.20   7.92
94769   94842   8.10    147.54
94769   95502   11.00   97.82
94772   94829   0.00    12.96
94802   94746   5.95    68.07
94806   95749   7.00    119.87
94811   95632   11.00   104.80
94814   94591   5.69    88.00
94817   94525   10.00   56.33
94825   95517   7.25    126.41
94825   95327   10.00   81.73
94829   95368   13.67   145.40
94830   94802   8.86    28.35
94830   94931   6.88    13.29
94837   94830   0.00    11.79
94837   94680   2.67    42.25
94842   95426   8.25    97.25
94842   94917   7.20    110.24
94844   94987   12.31   44.14
94844   94852   1.43    10.00
94852   94931   2.60    95.76
94852   95668   11.00   112.16
94880   94837   5.73    28.15
94880   94991   10.69   19.50
94910   94817   0.00    34.28
94910   95736   2.56    105.22
94917   94476   7.25    97.72
94917   94961   10.00   61.87
94919   94248   11.00   97.51
94931   94991   5.46    52.09
94947   94425   4.56    97.30
94959   95263   11.38   45.00
94961   94661   9.63    41.96
94970   94412   8.23    100.29
94987   95126   8.08    51.37
94987   95624   9.60    85.51
94991   95846   10.75   118.09
94991   95176   11.00   91.89
95009   95739   8.55    90.49
95036   94686   9.11    92.78
95066   94623   6.95    65.28
95066   94880   8.93    100.29
95081   94435   10.00   111.02
95091   94806   5.50    87.56
95096   94707   8.67    64.04
95096   94640   6.40    104.30
95114   95555   4.00    66.02
95126   95261   4.40    51.90
95126   95939   10.05   110.46
95176   95066   0.00    16.20
95176   95442   6.22    73.93
95208   94686   8.33    75.53
95240   95066   3.00    69.40
95240   94623   4.72    121.39
95261   95908   9.20    84.81
95261   95423   8.63    52.74
95263   95433   9.00    20.52
95303   95502   16.67   111.54
95327   94367   10.33   144.62
95327   95379   0.00    6.66
95346   94959   9.71    88.76
95351   95419   7.65    114.79
95368   96515   7.20    152.34
95379   96079   7.25    85.65
95379   94743   7.62    133.29
95388   95689   0.00    93.88
95419   95124   10.57   61.27
95419   95476   8.60    5.89
95423   95606   6.88    51.35
95423   96238   9.80    111.39
95426   95579   20.00   19.85
95426   95303   11.13   111.40
95429   95433   0.00    25.14
95429   95263   11.63   31.16
95430   95429   0.00    5.83
95430   95523   7.57    8.79
95433   95566   0.00    14.33
95442   96097   8.22    147.74
95476   95841   3.00    62.19
95502   95689   0.00    23.43
95517   95620   0.00    27.34
95517   95096   5.33    62.46
95521   95430   10.00   26.52
95523   95521   0.00    25.05
95523   96332   10.25   104.15
95535   94817   3.00    104.43
95555   95690   4.40    17.68
95555   95557   0.00    15.80
95557   95585   20.00   10.80
95557   94548   10.46   139.81
95566   96158   7.82    111.86
95566   95523   3.00    32.21
95576   94947   11.50   97.64
95579   96347   10.33   124.65
95579   95640   8.67    97.09
95585   95240   4.38    70.41
95593   94521   7.11    146.29
95604   94618   9.09    131.86
95604   95521   3.00    27.66
95604   96578   8.67    126.34
95606   95802   6.20    83.05
95606   96201   8.25    85.31
95624   96211   11.90   85.45
95634   94970   4.75    100.15
95634   95893   6.50    60.71
95635   95632   2.00    29.80
95635   94739   4.75    115.51
95640   95684   7.25    73.14
95640   94961   6.67    87.56
95659   95557   0.00    11.94
95659   95585   11.50   14.99
95661   96212   6.00    120.71
95668   96211   10.25   109.22
95684   95711   10.50   37.03
95684   94919   6.83    97.51
95689   95762   3.00    10.74
95690   95659   3.00    5.30
95711   95739   20.00   36.25
95711   96078   12.50   84.61
95715   95114   3.00    95.15
95736   95535   1.00    84.15
95736   96210   4.67    64.47
95739   96313   6.00    76.71
95749   95604   11.50   54.56
95762   96290   6.25    136.96
95762   95464   2.33    92.24
95777   95176   15.75   73.02
95802   95036   4.25    96.74
95802   95845   12.29   52.20
95820   95576   0.00    53.60
95820   95081   8.86    110.70
95827   95091   6.00    91.87
95827   95749   11.50   52.76
95841   96234   0.00    82.08
95841   95346   6.91    88.95
95844   95827   6.40    32.41
95844   96672   8.80    113.09
95845   95208   9.00    75.66
95845   95844   5.33    20.36
95846   96418   11.50   94.80
95846   95777   8.50    58.72
95855   95379   5.91    83.50
95856   96502   6.00    113.54
95893   95576   4.00    47.40
95908   96520   12.67   84.64
95939   96520   8.75    107.66
95946   96299   3.00    77.98
95946   95634   3.00    51.08
95970   95777   0.00    27.78
95970   95442   0.00    92.31
95975   94931   7.71    145.25
95979   95535   4.40    59.35
95979   95820   7.80    79.95
95979   96210   4.25    100.30
95993   95820   0.00    29.30
96034   95476   11.11   112.25
96078   96347   40.40   83.24
96079   95715   11.29   92.89
96079   96766   1.00    103.31
96092   96100   14.33   40.97
96092   95635   0.00    60.64
96095   96286   20.60   37.77
96097   96695   11.50   147.80
96133   95855   4.36    82.17
96133   95946   5.33    29.34
96158   96697   6.08    111.40
96201   96765   11.25   85.23
96205   96092   3.00    15.42
96210   96205   0.00    52.89
96210   96670   9.00    62.72
96212   96645   10.00   83.57
96212   95449   9.00    99.04
96229   95690   7.33    133.31
96234   96697   0.00    83.08
96238   96765   7.54    108.53
96269   96655   8.67    92.82
96269   96133   0.00    20.79
96271   96473   0.00    26.53
96286   96798   8.00    111.67
96286   96271   9.00    37.61
96290   96534   6.00    134.94
96299   95893   14.33   54.83
96313   96829   15.00   76.71
96332   97032   9.38    104.13
96347   96568   20.00   35.49
96418   96512   0.00    12.41
96418   96523   6.08    27.95
96425   96079   20.00   87.83
96428   95979   3.00    65.28
96428   96615   5.33    97.61
96459   95749   11.15   92.41
96473   96253   12.60   25.83
96498   95970   8.46    114.08
96499   95827   5.33    87.66
96502   96034   6.47    111.82
96512   96448   0.00    42.04
96512   96610   8.00    18.10
96515   96689   0.00    31.62
96523   96595   4.96    30.10
96534   96791   10.33   136.34
96568   96791   7.40    43.50
96576   96913   8.50    65.74
96576   96269   11.50   48.02
96578   97032   8.67    122.25
96595   96890   6.67    117.40
96601   96645   15.00   57.00
96601   96205   4.40    52.60
96610   97212   8.89    94.85
96610   96523   0.00    19.64
96615   96670   0.00    32.30
96641   95975   6.43    140.55
96641   97269   8.15    102.84
96645   96798   5.75    84.82
96655   96299   9.83    51.69
96670   97053   20.20   58.99
96672   97059   1.00    103.90
96676   96515   3.50    27.35
96676   96689   0.00    8.18
96681   96813   0.00    21.30
96681   95593   10.33   146.29
96689   96813   20.00   23.37
96695   97280   5.17    148.37
96697   97232   6.48    131.80
96704   96568   0.00    114.39
96741   96428   0.00    52.46
96741   96822   7.25    49.35
96750   96780   3.00    9.22
96750   96676   0.00    32.69
96766   96229   6.74    133.40
96780   97010   5.50    81.67
96786   96498   8.60    112.28
96791   96829   11.50   115.87
96798   97001   14.33   79.66
96813   96836   0.00    4.26
96822   96866   8.43    22.79
96829   96905   1.00    31.92
96836   96905   0.00    42.46
96836   96962   0.00    21.71
96838   96750   0.00    44.90
96838   96676   6.17    27.65
96890   97236   11.50   78.13
96890   97108   4.13    73.50
96905   96912   0.00    4.35
96912   96962   0.00    26.89
96912   97151   0.00    38.96
96913   96766   4.57    35.19
96919   96838   0.00    13.91
96935   96473   3.00    76.55
96955   97053   20.00   49.44
96955   96615   3.00    55.68
96961   97555   9.60    100.92
96961   96641   7.59    135.58
96962   96919   0.00    17.92
96962   97151   0.00    34.38
96968   96576   0.00    110.22
96968   96655   4.00    51.95
96989   97259   9.00    119.17
97001   97317   9.50    62.97
97001   97476   7.53    111.46
97010   97240   7.47    81.73
97053   97800   5.30    115.07
97054   97059   11.50   52.11
97054   96459   1.67    92.41
97055   96601   7.80    70.30
97059   96499   11.50   87.66
97108   97441   5.50    83.47
97119   97055   5.33    88.57
97151   97623   0.00    85.25
97181   96595   2.20    95.27
97181   97212   0.00    16.58
97184   96786   3.00    113.35
97212   97266   14.60   57.30
97212   97589   1.00    61.90
97232   97327   0.00    32.29
97235   96741   11.50   79.01
97236   97535   11.00   77.68
97240   97329   5.97    30.30
97259   96620   3.00    101.84
97266   97344   7.40    76.71
97266   96876   11.50   59.17
97269   97880   7.39    102.24
97278   96961   5.01    130.34
97278   97917   7.78    102.62
97280   97602   5.28    99.75
97311   97054   4.00    39.39
97317   97691   0.00    59.23
97317   97119   3.00    89.21
97323   96822   0.00    79.07
97327   97330   0.00    2.94
97329   97443   0.00    44.03
97330   97329   3.60    42.86
97330   97443   0.00    22.53
97337   96780   6.00    100.43
97344   97763   10.75   80.44
97356   97614   5.33    124.23
97364   97108   2.50    60.70
97395   97327   2.00    23.10
97395   97232   1.00    26.76
97403   97476   10.00   28.99
97403   96935   3.00    76.55
97407   97646   0.00    36.49
97407   97403   0.00    0.59
97417   96913   6.90    131.60
97417   96968   3.00    73.20
97418   97395   0.00    4.46
97441   97819   5.86    83.64
97443   97486   0.00    15.17
97473   97364   0.00    29.81
97476   97646   0.00    32.57
97486   97418   0.00    20.28
97486   97557   23.90   34.26
97535   97181   5.00    57.63
97535   97589   0.00    21.90
97555   98209   9.69    100.78
97557   97418   6.38    30.18
97557   97830   11.23   84.73
97589   97690   6.50    87.32
97589   98025   11.50   58.75
97600   98277   6.13    103.88
97600   97278   6.54    135.88
97601   97240   8.63    58.42
97602   97852   3.80    98.45
97614   97259   2.00    59.24
97623   98203   0.00    92.17
97623   98282   0.00    116.61
97625   97601   7.00    118.07
97625   97651   0.00    3.66
97633   96919   0.00    127.43
97646   97727   0.00    12.25
97651   97955   0.00    41.56
97669   97819   7.50    25.39
97669   97280   8.33    76.41
97669   97184   8.53    114.62
97690   97763   9.80    87.27
97691   97449   7.40    128.32
97703   97727   0.00    6.78
97706   97364   3.00    86.60
97716   97703   0.00    4.99
97716   97407   9.00    46.95
97727   97809   0.00    15.58
97736   97235   10.60   78.91
97736   97417   6.17    127.09
97763   98234   3.00    113.73
97800   97831   8.03    96.91
97808   98013   5.91    36.46
97808   97716   10.00   17.38
97809   97808   0.00    5.00
97819   98404   8.92    133.83
97819   98146   12.80   64.26
97827   97323   11.50   79.07
97827   97736   5.63    49.13
97830   98044   7.88    84.27
97831   97827   5.19    58.63
97831   96955   6.80    138.93
97848   97800   7.07    44.96
97848   97055   8.00    119.69
97852   97952   4.60    61.80
97879   98153   7.50    61.92
97885   97317   0.00    122.47
97885   97887   15.00   42.75
97885   97691   5.50    97.54
97887   98013   0.00    58.42
97887   97809   0.00    25.33
97891   97356   5.50    84.26
97917   98531   7.13    102.57
97923   97614   3.00    98.93
97933   98027   5.00    110.17
97939   97600   7.03    121.38
97944   97473   7.05    99.94
97950   97337   7.36    100.93
97952   97933   4.60    109.97
97955   98576   0.00    96.32
97955   97950   3.00    124.50
97986   97535   3.00    62.04
97986   97706   3.00    85.62
98001   98067   11.11   82.82
98013   98534   8.45    97.08
98016   98182   7.33    140.11
98025   97986   0.00    18.68
98025   98070   0.00    7.74
98027   98265   4.67    110.85
98043   98571   10.00   91.80
98044   98096   6.01    107.74
98067   97473   3.50    126.94
98070   98072   0.00    8.41
98072   98145   7.00    119.93
98096   98139   6.86    84.08
98139   97939   6.61    120.75
98139   98935   8.47    128.02
98145   98234   8.00    119.90
98146   98067   0.00    19.32
98153   97466   3.00    114.74
98153   98409   5.54    76.44
98155   98072   9.80    65.02
98155   98546   4.17    126.41
98162   97848   7.06    145.00
98182   98618   5.80    142.34
98196   98739   5.80    111.22
98203   98706   0.00    92.00
98209   97880   11.58   130.76
98225   97669   11.85   122.52
98234   98295   9.83    10.72
98237   98155   20.00   91.00
98263   98533   4.43    46.70
98263   98146   0.00    26.33
98265   98396   4.00    72.07
98265   98162   8.95    15.76
98265   98581   7.20    53.13
98272   97601   8.76    94.59
98272   98274   8.00    66.06
98277   98863   8.63    103.84
98282   98559   0.00    112.56
98291   98162   9.92    64.53
98291   98265   9.10    70.82
98295   98237   0.00    90.96
98295   98417   0.00    23.29
98298   97852   11.50   68.69
98298   97995   0.00    74.05
98301   98001   6.92    84.73
98312   98676   10.00   64.10
98312   98043   8.89    66.53
98320   98383   13.20   64.35
98321   98291   6.10    32.45
98321   97691   7.94    114.89
98350   98320   9.18    70.81
98376   98350   11.29   64.65
98376   97952   6.50    66.97
98383   98493   10.56   64.68
98396   98468   3.00    52.33
98404   98712   8.85    75.54
98409   98550   3.69    61.80
98409   97891   0.00    84.14
98412   97633   0.00    127.93
98414   98301   5.40    100.70
98417   98487   11.50   11.77
98450   97885   6.09    111.09
98450   98321   5.74    98.21
98451   98044   6.47    64.34
98468   98474   4.81    9.34
98472   97944   13.33   101.78
98474   98601   6.25    109.52
98487   98661   0.00    27.82
98493   98656   9.27    67.52
98509   98512   4.00    146.50
98512   98618   0.00    80.59
98512   98877   0.00    66.92
98531   98209   4.00    136.82
98533   98902   7.89    60.12
98533   98414   4.67    100.71
98534   98450   3.05    72.14
98546   98417   4.75    121.64
98550   98583   5.73    54.08
98550   97923   4.70    103.74
98559   98509   0.00    146.28
98571   98088   10.17   90.72
98575   98312   12.44   89.39
98576   99189   10.00   96.32
98581   98702   11.67   70.12
98581   98656   3.00    11.91
98583   98534   5.65    73.99
98583   98686   3.00    17.31
98592   97950   7.90    111.32
98601   98686   1.67    109.39
98606   98096   8.33    81.39
98610   98916   2.33    52.33
98610   99166   11.20   103.26
98618   98877   20.00   75.17
98636   99104   3.00    77.18
98636   98487   11.00   66.68
98656   98890   8.84    41.01
98658   98404   7.80    56.66
98658   98263   7.19    104.66
98661   99180   5.33    82.87
98667   98301   5.71    61.93
98667   99128   3.00    105.85
98676   99282   5.83    111.44
98686   98575   4.38    88.20
98701   98451   6.22    41.00
98702   98396   7.13    51.82
98702   98798   7.80    53.50
98706   98829   0.00    21.25
98707   98661   0.00    48.48
98712   99018   11.50   75.40
98722   98592   8.74    105.50
98726   98225   5.71    122.50
98726   98298   11.50   71.40
98739   98770   9.26    104.78
98770   98272   7.97    80.72
98780   98667   11.13   110.18
98798   98972   4.11    104.43
98798   98468   10.00   55.09
98815   98320   10.86   81.90
98820   98916   9.80    142.79
98829   99321   0.00    79.57
98829   98559   0.00    91.05
98833   98636   7.80    74.63
98850   98833   0.00    95.15
98855   98451   5.71    66.24
98855   98701   0.00    29.11
98863   99730   9.77    141.87
98863   98531   8.14    141.04
98869   98383   0.00    82.80
98877   99138   5.40    38.16
98890   99216   6.00    50.50
98890   99009   0.00    69.33
98902   98780   14.33   110.22
98902   99298   8.86    59.61
98916   99073   8.50    25.72
98925   98658   6.50    59.95
98934   98676   8.00    93.40
98935   99786   10.67   128.02
98952   98493   1.67    77.66
98968   98658   2.00    78.20
98970   98479   4.40    130.67
98972   98474   3.50    110.96
98976   98726   14.33   67.18
98976   98376   12.38   101.58
98976   99156   0.00    26.49
99009   98702   10.00   51.17
99009   99103   0.00    54.63
99017   98571   12.00   84.18
99018   99156   15.14   33.77
99024   98667   11.00   59.12
99073   99230   5.91    94.61
99073   99521   5.00    78.19
99103   99281   11.50   93.56
99103   98798   6.50    50.84
99104   99398   10.25   141.17
99104   98833   0.00    69.62
99128   98472   11.50   104.47
99130   99693   8.59    132.94
99130   98606   7.48    81.39
99138   99505   8.62    55.72
99138   99619   0.00    124.68
99145   98829   0.00    48.84
99145   98412   0.00    127.89
99154   98972   10.00   89.33
99156   99434   12.83   100.80
99156   99320   8.67    29.40
99165   98701   5.75    103.40
99166   99750   10.00   103.28
99167   99024   7.67    110.08
99180   99104   0.00    58.25
99184   99777   8.67    90.59
99184   98722   20.00   73.86
99189   99391   6.05    103.33
99189   99463   2.86    95.59
99189   99184   3.00    63.82
99198   98976   7.85    66.08
99198   98350   9.83    137.58
99216   99556   12.94   51.78
99216   99356   10.00   68.88
99230   99748   8.86    91.27
99230   99378   8.25    59.25
99243   99180   3.00    46.88
99243   98707   8.00    84.09
99256   99243   1.00    10.82
99281   99447   3.00    93.56
99282   99859   6.22    102.47
99282   98934   6.50    94.17
99286   98686   8.00    98.70
99286   99154   5.50    89.25
99298   99167   8.86    110.03
99298   99695   12.67   61.57
99309   99256   16.60   37.12
99309   98707   10.00   128.68
99320   99631   0.00    59.47
99321   99838   0.00    80.36
99324   99018   8.33    57.32
99324   98968   9.50    78.23
99329   98925   8.67    97.99
99329   99796   9.13    92.26
99341   98815   7.56    81.89
99341   99198   7.00    64.36
99356   99436   3.00    55.89
99356   99009   11.00   51.59
99378   99721   7.86    59.67
99378   99894   8.89    97.05
99382   98925   14.33   67.87
99382   99298   0.00    63.89
99391   98770   9.00    109.67
99394   98850   0.00    100.28
99398   99522   50.00   135.74
99399   99341   11.13   63.88
99399   98869   7.86    82.78
99412   99309   11.20   87.66
99422   99024   2.67    60.94
99434   99596   10.00   99.77
99436   99526   3.00    41.74
99436   99103   11.50   51.86
99447   98972   11.00   97.30
99459   98952   10.36   77.69
99459   99399   11.00   65.44
99463   99546   3.00    92.98
99471   99324   10.56   29.91
99471   99329   8.67    36.16
99485   99868   16.00   70.27
99496   99256   0.00    35.77
99496   99650   5.91    134.51
99505   100364  4.75    152.54
99507   99282   8.09    59.92
99507   99017   13.25   84.13
99521   99946   6.87    78.21
99522   99394   0.00    48.81
99522   99583   11.50   11.07
99526   99689   9.00    100.10
99527   99422   9.83    77.88
99546   98970   3.00    128.91
99555   99412   26.75   70.28
99556   99741   8.44    29.59
99556   99459   10.50   67.35
99583   100341  0.00    121.89
99596   99999   3.00    61.90
99596   99741   9.88    128.81
99612   99165   5.71    102.83
99619   99743   0.00    80.01
99620   99527   7.33    77.90
99629   99777   8.14    103.56
99631   99471   0.00    39.05
99649   99631   9.00    6.31
99650   99412   11.18   35.42
99654   99145   0.00    79.83
99658   100389  7.86    119.99
99658   99583   6.27    55.99
99681   99130   8.27    83.77
99689   99863   11.00   100.17
99693   98855   9.76    126.40
99693   100124  13.25   102.23
99695   99620   11.00   64.32
99695   100370  8.05    111.02
99712   99356   6.00    57.01
99712   99556   6.50    67.79
99721   99868   5.50    30.40
99721   100154  8.60    83.12
99730   100522  6.68    141.92
99734   99658   6.25    53.68
99735   99496   6.14    75.68
99741   99932   11.50   31.54
99741   99943   11.50   111.20
99743   99864   0.00    80.04
99748   100226  10.11   91.34
99750   99507   6.50    67.79
99750   100512  6.43    149.82
99777   100263  8.25    84.79
99786   100522  9.06    127.09
99787   99422   3.00    55.92
99796   100248  4.56    92.24
99819   100133  10.00   61.17
99819   99320   11.40   128.12
99838   99654   0.00    33.26
99838   100613  0.00    128.19
99859   99286   3.00    91.60
99859   100140  8.00    50.18
99863   99447   5.80    75.86
99864   100125  1.00    96.39
99864   99838   0.00    128.18
99868   99960   10.50   26.18
99869   99900   3.00    30.51
99871   99526   0.00    55.45
99871   99712   3.00    99.81
99873   99787   0.00    78.00
99890   100596  3.60    145.41
99890   99649   9.80    59.93
99894   100394  8.00    97.18
99900   99970   10.00   61.89
99912   99619   0.00    114.48
99913   99507   9.86    75.18
99932   100100  8.29    26.15
99943   100176  12.13   111.57
99946   99750   13.20   60.99
99946   100488  8.80    109.75
99950   100419  11.50   85.80
99950   99650   0.00    70.36
99960   100066  7.43    32.90
99960   99597   7.25    65.91
99961   99620   10.40   53.72
99961   99873   7.00    78.00
99970   99950   9.40    29.27
99971   99128   1.67    130.57
99999   100297  5.19    50.70
99999   99819   7.80    100.71
100066  100261  6.80    66.82
100066  100451  6.50    80.37
100100  99999   10.79   119.03
100100  100290  6.90    34.02
100106  99612   6.61    103.77
100106  99546   2.82    96.15
100124  100793  10.27   108.94
100124  100487  6.00    98.30
100125  100613  0.00    100.50
100126  99890   5.13    58.91
100126  100773  10.29   134.03
100133  100126  0.00    1.89
100140  100307  0.00    52.28
100141  99787   6.40    56.15
100154  100570  10.50   83.20
100174  99649   7.00    104.55
100176  100466  7.67    55.14
100176  100369  11.91   63.99
100196  99555   4.67    104.27
100206  99681   7.14    83.77
100206  100233  7.33    104.21
100208  99932   7.73    107.42
100219  100141  16.67   77.58
100226  100820  3.00    111.60
100226  99946   6.40    84.97
100233  99693   4.75    86.55
100245  99629   9.07    108.33
100248  100370  9.83    78.75
100248  99382   8.67    140.40
100258  99871   20.00   146.34
100261  100324  3.00    15.52
100263  100724  8.67    78.21
100272  99394   6.56    142.97
100290  100587  9.00    51.58
100290  100544  15.00   102.50
100294  100133  8.80    52.72
100294  100722  1.00    83.10
100297  100707  10.29   81.36
100297  100392  8.60    38.50
100297  100294  5.80    80.74
100300  99654   0.00    104.10
100303  99863   9.20    76.25
100305  100219  7.67    77.58
100305  99961   8.67    58.09
100307  99913   15.00   75.16
100307  100512  0.00    63.19
100324  100695  10.00   97.13
100324  100618  5.82    94.13
100341  100272  2.00    54.05
100353  100404  10.50   101.97
100353  100515  8.33    84.37
100364  100553  3.00    145.37
100367  99900   14.60   77.99
100369  100927  7.44    95.16
100369  100778  8.73    128.43
100370  100767  8.62    63.49
100370  100305  7.00    64.68
100389  101245  7.65    135.75
100389  100341  9.00    55.15
100392  100924  8.44    102.99
100392  100587  4.11    75.44
100394  100999  8.86    113.06
100394  100226  7.67    51.66
100404  100433  0.00    18.40
100419  100827  0.00    84.24
100433  100860  1.00    99.73
100433  100794  0.00    60.57
100451  100902  10.00   80.45
100466  100208  7.80    107.42
100466  100829  4.43    58.92
100481  99734   7.25    128.90
100487  100921  6.73    98.30
100488  100820  0.00    86.31
100488  100734  5.63    43.19
100507  100766  0.00    80.73
100507  100141  12.75   63.77
100512  100734  5.00    59.99
100513  99912   3.00    118.30
100515  100520  1.00    82.91
100520  100652  2.00    112.15
100522  100851  8.42    87.24
100522  100918  5.77    63.73
100537  99970   8.30    95.69
100537  100367  0.00    73.49
100544  100829  14.33   102.52
100553  100353  10.50   143.37
100566  100261  6.74    110.37
100566  100251  5.75    60.26
100566  100618  3.00    9.29
100570  101197  5.33    114.36
100570  100394  10.00   51.36
100585  101089  10.00   89.18
100587  100861  9.08    98.45
100587  101133  7.40    113.19
100613  101076  0.00    76.83
100618  100695  0.00    12.84
100618  100660  1.00    17.93
100621  100233  16.14   65.20
100621  101129  11.00   82.02
100622  100507  7.91    109.83
100652  100513  3.88    113.30
100660  100566  6.25    18.39
100660  101034  10.35   82.34
100695  101125  6.00    77.95
100695  100660  7.17    24.25
100707  101114  9.83    81.13
100722  101135  6.40    82.53
100724  101188  8.58    78.21
100734  100874  3.00    24.40
100746  100174  11.20   105.61
100746  100823  0.00    76.28
100746  100928  6.40    96.48
100750  100681  0.00    64.96
100750  101431  3.75    108.23
100759  100206  9.17    106.01
100762  100324  10.00   81.89
100764  100303  5.83    76.26
100764  100258  6.33    147.42
100766  99971   10.00   130.55
100767  100622  3.00    109.89
100767  101140  8.67    58.57
100776  100520  0.00    124.93
100776  100404  0.00    85.47
100778  101200  2.00    128.55
100793  101476  4.56    108.93
100794  100824  0.00    6.68
100797  100776  0.00    2.59
100820  100999  6.50    51.68
100820  101175  11.00   68.74
100823  100767  9.43    76.22
100824  100797  2.00    52.24
100824  101726  2.33    143.24
100827  100196  6.20    103.86
100829  101120  10.10   50.97
100851  101144  8.77    87.13
100860  100794  0.00    73.43
100861  101120  8.95    98.48
100874  101244  3.00    69.65
100887  100507  6.17    57.95
100887  101002  9.88    109.84
100892  100537  4.00    53.85
100892  100750  5.75    108.47
100894  100263  9.05    121.39
100894  100245  7.03    108.42
100902  100570  15.00   87.25
100902  101300  11.50   75.58
100911  101144  7.71    47.55
100911  100418  6.14    110.32
100918  100759  5.38    40.95
100921  100106  6.10    133.68
100924  101114  9.83    101.58
100927  101288  2.20    63.31
100928  101135  12.20   68.17
100947  100300  0.00    103.66
100979  100827  6.50    28.24
100979  100821  8.67    85.42
100999  101599  2.20    109.04
100999  101197  10.00   52.06
101002  101140  5.50    109.86
101034  101143  0.00    18.43
101076  101417  0.00    74.36
101089  101034  10.00   15.39
101114  101330  3.00    40.06
101120  101288  1.67    67.43
101120  101761  6.50    106.18
101125  101542  3.00    77.94
101129  101476  7.90    79.51
101133  101204  0.00    55.59
101133  101680  7.00    97.60
101135  101535  10.00   90.46
101135  101292  11.20   55.95
101140  101520  6.42    62.09
101140  101226  9.20    83.33
101143  101207  0.00    133.13
101143  101089  0.00    7.13
101146  101089  6.96    134.64
101150  100911  0.00    40.65
101161  100921  10.00   39.07
101161  101580  0.00    83.26
101175  100874  5.17    85.26
101175  101398  9.83    44.29
101183  101636  5.39    87.51
101188  101472  8.80    47.72
101197  101881  11.00   123.50
101197  101514  15.00   86.76
101200  101631  10.00   128.55
101203  100762  10.00   81.88
101203  100902  7.67    84.77
101204  101437  6.67    98.14
101204  101709  5.50    76.51
101207  101183  3.00    28.10
101207  101817  6.73    106.87
101207  101146  1.00    11.68
101216  101849  7.85    95.29
101216  100918  8.00    85.50
101226  101314  5.80    83.32
101244  100764  6.50    146.00
101245  101838  6.93    92.41
101245  101150  6.50    62.70
101255  100927  3.00    122.89
101268  100887  5.83    61.34
101288  101966  9.43    113.21
101288  101662  2.33    135.91
101292  101897  11.00   123.61
101292  101330  0.00    9.65
101300  101438  0.00    39.41
101300  101514  7.00    39.23
101308  101245  3.00    58.96
101308  100481  4.25    129.15
101314  100928  5.33    112.10
101314  100746  2.50    88.41
101320  100759  9.88    104.63
101320  100621  6.11    139.55
101330  101470  7.67    49.26
101341  100894  7.33    76.40
101387  101268  8.67    109.76
101398  101481  11.89   21.09
101417  102098  0.00    119.73
101417  102010  0.00    110.66
101422  100947  0.00    100.57
101430  100797  3.00    105.62
101431  102032  9.40    92.22
101431  101308  11.29   110.67
101437  101761  8.25    82.62
101467  101255  4.92    122.84
101470  101680  8.56    63.56
101472  102091  5.92    101.20
101476  101740  9.20    76.72
101481  101631  2.00    25.34
101481  101244  8.67    75.62
101503  100860  3.60    145.50
101514  101841  2.86    86.25
101516  101796  6.94    116.56
101516  101320  13.33   53.62
101520  101387  13.33   109.75
101520  101930  8.88    61.21
101535  101738  10.00   87.85
101536  100766  7.80    122.44
101542  102167  8.25    113.43
101542  101203  9.80    94.90
101564  101431  4.25    109.39
101564  100892  9.33    108.00
101570  101143  10.00   75.72
101580  101642  8.67    23.10
101599  101398  3.00    55.17
101599  101713  0.00    18.82
101603  101216  7.65    106.35
101631  101758  11.00   33.91
101631  102037  14.00   75.85
101636  102232  7.00    108.90
101636  102092  3.57    81.12
101642  101660  0.00    27.45
101642  101472  9.20    87.85
101645  101520  15.00   89.91
101660  101580  3.00    13.62
101660  101896  3.00    71.42
101662  102266  6.90    146.13
101662  101852  7.18    69.92
101672  101516  9.53    38.95
101675  101268  1.00    62.58
101680  101762  16.67   12.56
101694  101564  3.00    110.21
101694  100979  7.25    110.33
101709  102117  10.00   74.89
101713  101861  8.67    25.15
101713  101481  0.00    64.71
101726  102682  3.00    143.64
101738  101645  10.00   89.85
101738  101314  0.00    62.86
101740  101970  7.20    76.71
101758  101861  6.14    34.28
101761  101966  1.00    67.06
101761  102418  7.22    115.55
101762  102177  10.00   80.66
101796  102027  6.30    71.99
101811  101675  14.33   109.62
101814  101188  8.90    118.76
101814  101341  7.67    76.39
101817  102405  8.56    106.69
101822  101599  0.00    37.74
101822  101713  0.00    31.56
101838  101603  8.81    104.89
101838  102563  7.91    112.60
101841  102052  1.33    58.62
101841  101203  8.50    114.33
101849  102108  6.45    79.83
101849  102068  4.25    35.64
101861  102320  7.00    86.44
101861  102125  5.80    78.15
101869  101672  7.08    139.73
101869  101796  3.00    14.92
101881  101822  0.00    19.16
101891  101838  8.77    40.19
101896  101161  5.22    113.47
101897  102128  11.20   119.32
101915  101891  4.67    19.42
101915  101308  2.33    93.98
101930  102321  9.00    60.90
101930  101811  15.00   109.62
101942  101437  11.00   82.28
101951  102241  7.00    66.73
101951  101467  15.25   77.73
101966  102946  10.25   149.49
101970  101896  3.00    11.25
101986  101570  6.67    75.31
101986  101542  12.00   118.69
101998  101891  3.00    16.60
102010  102793  0.00    113.77
102027  102275  11.86   70.13
102031  101470  8.50    105.32
102032  101915  5.33    110.64
102032  102297  11.50   41.03
102037  102368  6.50    74.57
102047  101930  10.86   96.29
102052  102167  3.00    33.89
102052  102873  10.50   137.77
102060  102187  7.80    109.76
102060  101675  5.17    59.99
102062  101422  0.00    115.97
102068  101672  6.14    109.86
102091  102768  5.52    101.20
102098  102657  0.00    104.75
102098  102767  0.00    94.29
102106  101869  7.27    72.72
102106  102027  0.00    14.33
102108  102299  0.00    78.95
102117  101762  5.50    85.30
102117  102540  15.00   81.20
102119  101430  4.57    106.10
102125  102446  15.00   78.74
102128  101738  0.00    61.96
102128  102047  8.50    96.21
102156  102032  5.40    107.54
102156  101564  2.33    91.94
102170  102068  6.50    28.14
102170  102487  7.26    86.54
102177  102537  7.10    79.12
102187  102321  10.33   109.77
102232  102817  4.40    93.67
102241  101852  8.80    74.45
102241  102650  3.00    79.66
102266  102946  7.56    146.28
102275  102346  0.00    12.94
102275  102810  3.34    91.85
102283  101852  7.67    85.84
102286  101536  9.63    121.35
102286  102060  15.50   35.29
102294  102156  7.33    112.85
102294  101694  8.88    93.24
102297  101998  10.36   131.73
102297  102782  8.67    70.09
102320  102921  3.67    117.79
102321  102433  11.00   102.50
102321  102780  6.11    62.30
102324  102294  6.67    27.58
102330  101881  8.25    116.47
102332  101869  8.95    86.83
102344  102486  8.64    94.01
102344  102473  0.00    24.68
102346  102106  4.44    69.89
102346  102898  6.96    89.30
102361  103161  10.79   112.38
102361  102324  9.30    30.64
102368  101951  11.00   67.39
102368  102968  8.25    114.28
102390  102031  3.00    102.32
102390  102835  0.00    62.57
102391  102344  7.57    100.59
102392  102117  10.00   71.88
102392  101942  10.33   81.37
102405  101986  12.67   115.69
102405  103146  8.14    116.60
102418  102392  7.67    93.88
102418  103118  4.40    118.03
102428  102478  1.00    141.71
102432  101998  6.31    69.26
102433  102542  4.67    102.44
102438  102361  5.40    61.32
102438  102488  5.50    7.62
102439  102473  7.00    24.50
102446  103112  10.00   140.10
102446  102892  7.33    91.14
102456  102527  3.44    9.98
102456  102286  2.00    26.16
102456  102438  3.00    20.00
102470  101758  0.00    144.62
102473  102565  0.00    12.22
102473  102575  3.71    69.37
102475  102439  3.50    84.69
102477  103178  3.00    110.21
102477  102167  7.50    80.95
102478  102630  1.50    141.84
102486  102549  4.55    42.30
102487  102858  6.65    87.57
102488  102700  0.00    32.31
102488  102527  0.00    15.83
102492  102562  0.00    60.72
102509  102456  4.89    35.84
102512  101814  8.67    114.01
102527  102700  10.67   21.24
102527  102584  2.00    35.07
102528  102297  8.27    96.08
102528  102156  7.25    60.37
102533  102564  3.83    94.16
102537  102607  7.85    18.26
102540  102997  10.75   81.10
102542  102128  6.50    60.60
102542  102390  4.75    98.98
102548  102492  0.00    101.02
102549  102119  2.33    102.19
102549  102682  15.60   62.23
102559  102562  11.50   111.66
102562  102588  0.00    25.19
102563  102170  8.54    142.57
102563  102704  7.25    18.04
102564  102801  0.00    94.66
102565  102659  0.00    32.31
102565  102533  0.00    22.17
102575  102486  0.00    15.46
102575  102752  4.79    112.19
102584  102509  1.00    10.27
102584  102619  9.28    29.06
102588  102772  6.75    144.20
102588  102630  0.00    136.10
102590  102391  0.00    100.97
102590  102475  0.00    102.85
102600  102106  8.93    87.72
102601  102719  8.00    129.11
102607  102835  2.00    61.62
102609  102509  5.50    77.44
102619  102811  5.54    126.58
102620  102715  0.00    75.83
102630  102590  0.00    44.60
102646  102477  3.00    37.13
102646  101986  9.40    114.85
102650  103114  6.71    80.18
102655  102565  0.00    60.56
102655  102575  0.00    14.01
102657  102428  0.00    142.09
102657  102548  0.00    101.17
102659  102620  4.83    26.70
102682  102752  0.00    8.50
102682  102860  3.00    113.89
102700  102736  0.00    6.07
102701  102232  8.46    122.15
102704  103374  5.44    96.40
102715  102801  0.00    75.80
102719  102931  0.00    129.41
102720  102584  0.00    17.33
102726  102559  8.50    111.93
102730  102620  0.00    13.03
102734  102609  3.00    77.46
102734  102811  10.75   10.28
102736  102720  1.00    24.46
102736  102896  8.67    24.50
102747  102601  1.33    129.15
102752  102825  0.00    10.10
102752  102929  3.00    127.75
102753  101970  7.38    127.84
102753  102916  4.83    85.26
102756  102283  15.50   85.63
102767  102879  0.00    17.38
102767  102657  0.00    55.54
102768  102512  8.04    126.27
102772  102475  3.00    144.68
102777  103137  0.00    104.00
102780  102734  9.33    27.50
102782  102432  5.75    122.44
102782  103248  11.20   69.57
102785  102655  0.00    23.33
102790  102432  9.00    46.44
102790  102704  0.00    41.28
102793  102908  0.00    16.14
102793  102767  0.00    12.97
102801  102747  0.00    129.05
102810  102753  3.75    10.35
102811  102846  12.00   26.09
102817  102405  12.29   96.40
102817  103336  4.70    85.90
102818  102320  7.25    71.36
102818  103050  8.33    49.58
102825  102655  5.47    120.77
102825  103092  2.00    36.98
102828  102793  0.00    12.26
102828  102062  0.00    108.38
102835  102951  1.67    64.54
102845  102872  0.00    33.99
102845  102730  0.00    20.52
102846  102966  5.75    101.14
102846  102780  0.00    9.44
102855  102659  3.09    56.02
102855  102785  0.00    23.73
102858  103152  5.71    74.51
102858  102332  10.17   86.83
102860  102956  3.00    113.72
102863  102628  3.00    101.94
102866  102828  0.00    17.41
102866  102062  0.00    116.24
102868  103552  0.00    131.83
102872  102855  0.00    51.74
102873  102330  8.52    116.95
102879  102931  0.00    8.78
102879  102726  0.00    88.05
102892  103255  6.80    79.91
102894  102392  0.00    87.10
102895  102346  6.80    90.14
102895  102810  3.00    17.08
102896  102720  10.00   27.06
102897  102528  8.73    134.76
102897  102324  7.77    86.29
102898  103415  9.50    89.30
102899  102845  4.50    97.67
102901  102780  5.50    99.56
102908  102964  0.00    7.99
102908  102879  0.00    17.80
102916  102768  8.00    84.10
102921  103377  10.00   68.74
102921  103533  7.25    119.85
102923  102785  0.00    22.15
102923  102855  0.00    30.68
102925  102908  0.00    9.71
102925  102828  0.00    14.45
102929  103143  0.00    127.96
102931  103213  0.00    119.32
102931  102964  0.00    23.06
102946  103028  4.00    20.05
102949  102790  9.00    23.92
102949  103248  11.50   111.67
102951  103080  0.00    20.04
102951  103002  0.00    39.30
102955  102925  0.00    21.61
102955  102866  0.00    12.79
102956  103137  0.00    85.27
102956  102863  5.44    101.43
102964  103083  0.00    15.01
102964  102975  0.00    7.77
102966  103064  5.33    60.28
102966  102901  3.00    10.06
102968  103577  5.33    114.92
102975  103011  0.00    25.44
102975  102925  0.00    7.90
102980  102825  0.00    127.32
102985  102782  9.57    86.95
102985  102528  9.83    70.63
102995  102619  20.00   63.89
102997  102537  9.00    88.24
103002  103020  6.80    18.46
103002  103080  0.00    36.66
103011  102955  0.00    8.67
103011  103239  0.00    128.79
103016  102895  0.00    24.97
103016  103203  1.00    24.08
103020  102542  9.40    64.59
103020  103035  3.00    26.06
103028  103462  10.20   102.66
103035  102901  6.00    91.64
103053  103422  0.00    71.97
103053  102756  11.00   67.29
103062  102866  0.00    68.49
103062  102955  0.00    63.47
103064  103035  3.92    31.05
103064  103427  1.67    112.39
103080  103100  1.00    19.76
103083  102975  0.00    14.97
103083  103423  0.00    58.27
103092  102923  4.25    124.25
103092  103179  0.00    13.31
103100  103303  0.00    105.45
103101  102896  8.86    31.98
103112  103712  6.83    140.11
103114  103267  7.67    26.94
103114  102756  10.50   64.75
103115  102892  0.00    48.73
103115  103199  10.00   16.79
103118  103733  6.27    117.80
103137  103552  0.00    74.86
103137  103244  0.00    36.50
103143  103244  0.00    25.74
103146  103498  7.80    65.66
103146  102646  8.46    118.68
103152  102600  10.68   87.72
103152  103415  5.54    73.38
103161  102897  7.00    104.37
103167  103179  0.00    62.42
103167  103092  0.00    61.28
103179  103403  4.00    34.16
103180  102985  4.00    71.31
103184  102817  8.67    97.37
103194  103203  0.00    23.64
103194  103016  3.00    34.42
103197  102980  0.00    127.56
103199  103508  11.50   74.48
103203  103394  0.00    32.90
103213  103503  0.00    119.61
103217  103220  0.00    38.15
103220  103167  0.00    67.34
103239  103420  3.00    128.82
103244  103264  0.00    12.25
103244  103752  0.00    112.36
103247  102470  0.00    143.71
103248  103695  7.83    72.41
103248  103418  6.40    78.39
103253  103161  5.80    36.10
103253  103101  5.35    25.93
103255  102818  3.00    63.43
103264  103197  0.00    14.26
103264  103217  0.00    102.04
103270  102487  10.05   124.41
103271  103062  2.00    123.54
103288  103503  0.00    100.54
103303  102607  11.50   95.21
103323  103288  0.00    99.65
103323  103083  0.00    59.55
103336  103731  6.67    107.98
103336  103482  5.40    29.11
103349  103180  5.14    68.78
103349  102897  7.23    69.50
103368  102997  8.25    73.42
103368  102894  7.25    87.07
103369  103323  0.00    75.08
103369  103518  0.00    126.50
103374  103978  6.29    95.42
103377  104117  6.50    135.43
103377  103938  11.50   84.60
103390  103220  0.00    122.52
103394  103438  0.00    80.11
103394  103568  3.00    26.70
103403  103485  0.00    13.45
103415  104097  4.19    123.16
103415  103634  7.09    53.91
103416  103369  0.00    69.41
103417  102811  8.92    110.11
103418  102985  7.80    70.76
103420  103658  0.00    128.94
103422  103800  10.00   70.84
103422  103896  3.71    106.50
103423  103667  0.00    119.92
103423  103323  0.00    71.94
103427  103020  5.14    72.77
103427  103467  0.00    11.52
103433  102949  12.60   72.64
103438  103271  5.24    123.54
103444  103416  0.00    13.39
103462  103936  5.71    102.67
103467  104070  5.00    120.52
103467  103100  11.00   70.79
103474  104301  9.43    117.85
103474  103443  3.60    74.42
103478  103011  0.00    112.32
103479  103696  10.50   79.84
103479  103253  2.77    46.43
103482  103146  7.30    95.66
103484  102873  8.20    149.67
103485  103730  0.00    33.36
103485  103565  0.00    15.13
103498  103880  3.43    98.03
103498  104151  7.24    99.74
103503  104093  0.00    117.50
103504  103028  10.75   90.96
103504  103053  8.00    107.56
103508  103587  6.50    17.82
103508  104023  0.00    83.94
103512  104039  0.00    73.59
103518  103707  0.00    126.57
103533  104224  5.40    120.24
103547  102995  10.86   101.32
103552  103752  0.00    28.36
103555  102899  11.19   104.15
103559  103443  20.00   76.56
103565  103661  0.00    17.53
103566  103423  0.00    101.68
103568  103658  3.00    10.89
103568  103438  2.33    75.76
103582  103474  3.00    38.43
103582  103444  0.00    20.47
103587  103255  0.00    55.05
103597  103115  9.14    117.28
103614  102858  7.76    142.38
103627  103349  9.56    124.52
103627  103479  4.91    25.88
103629  103582  0.00    8.69
103634  103194  6.40    89.33
103635  103478  0.00    108.88
103636  103512  1.61    78.36
103658  103764  1.00    57.60
103661  103829  0.00    123.27
103661  103684  0.00    16.73
103663  103199  3.00    79.24
103667  103856  0.00    119.49
103681  102966  10.75   128.03
103684  103565  0.00    21.58
103684  103730  0.00    13.96
103686  103629  0.00    37.62
103686  103444  0.00    59.19
103687  103303  9.83    81.21
103695  104361  9.00    109.12
103695  103433  11.00   100.17
103696  103954  8.43    102.72
103696  102995  10.14   125.80
103707  103856  0.00    126.40
103712  104339  8.08    140.13
103716  103566  0.00    101.63
103722  103152  9.49    109.48
103727  103568  3.00    83.73
103727  103634  0.00    22.33
103730  103879  0.00    21.25
103731  104170  6.50    108.19
103733  103368  6.50    75.69
103740  103636  1.57    78.28
103752  103972  0.00    33.47
103762  103740  0.00    16.70
103764  104193  20.00   119.43
103764  103727  0.00    25.42
103774  103686  0.00    19.13
103774  103789  0.00    21.88
103789  103815  0.00    9.49
103800  103998  10.00   35.36
103815  103629  0.00    33.21
103815  104780  5.33    139.81
103821  104381  3.00    99.22
103829  104000  0.00    123.27
103845  103264  0.00    122.09
103845  103390  0.00    124.60
103850  103716  0.00    101.59
103850  103635  0.00    109.27
103854  103762  2.28    79.86
103856  103923  0.00    65.68
103871  103418  15.00   72.58
103871  103695  8.86    71.19
103879  103854  0.00    79.78
103880  104127  5.91    62.33
103880  103482  0.00    65.20
103880  104440  6.50    93.03
103896  103504  3.00    72.27
103896  104393  3.00    112.38
103923  103943  0.00    13.82
103936  104320  7.30    84.17
103936  103733  3.00    40.46
103937  104685  7.86    109.64
103937  103821  3.00    83.50
103943  104068  0.00    46.75
103954  104125  6.25    102.19
103960  104697  8.80    109.23
103960  103938  0.00    4.19
103966  103727  8.00    71.22
103966  103634  3.23    63.56
103972  104215  0.00    35.71
103978  103270  9.42    124.41
103978  104392  7.25    65.93
103998  103247  0.00    144.41
103998  104224  0.00    38.16
104000  104185  0.00    123.29
104014  103504  7.75    112.24
104014  104393  6.50    72.33
104023  104517  8.67    83.78
104031  103417  8.00    109.93
104039  104242  11.50   26.85
104043  103663  4.00    77.67
104044  103845  0.00    33.08
104049  103943  6.40    29.37
104049  103937  6.50    84.84
104051  103180  6.77    143.34
104051  103871  6.00    71.68
104062  103850  0.00    75.25
104068  104565  8.83    84.64
104068  104226  0.00    29.82
104070  104383  2.50    107.69
104070  104285  3.89    41.42
104077  104039  0.00    27.13
104077  103555  11.00   71.79
104093  104661  0.00    117.68
104097  104760  2.64    123.21
104108  103687  6.67    81.21
104117  104341  10.00   71.22
104123  103597  7.50    117.28
104125  103547  8.06    101.33
104127  104716  4.75    99.93
104127  104591  3.90    128.51
104135  104049  2.00    61.20
104151  103484  10.33   149.84
104173  103433  5.13    104.91
104176  103627  3.35    92.83
104185  104215  0.00    13.90
104185  104044  0.00    20.20
104193  104788  2.02    121.86
104210  103696  11.33   76.23
104215  104525  0.00    67.82
104215  104480  4.00    130.79
104220  103559  4.57    93.72
104224  104682  11.20   105.85
104226  104578  5.50    65.60
104235  103443  8.67    111.37
104242  104311  0.00    29.99
104242  104846  20.00   93.74
104251  103587  4.75    93.32
104270  104051  7.58    79.91
104270  103349  8.29    142.99
104276  104664  8.38    78.57
104288  103774  3.00    102.73
104294  103800  11.00   106.48
104294  103896  0.00    71.74
104301  105077  6.00    117.80
104311  104077  0.00    35.03
104320  104108  4.82    44.15
104323  103722  7.85    109.49
104339  104804  15.90   104.42
104339  104151  8.33    36.03
104341  104834  2.33    81.12
104341  103960  3.00    84.28
104356  104108  10.60   57.44
104361  105027  2.81    109.06
104365  104014  8.00    81.16
104381  104845  5.50    83.34
104383  104643  9.68    86.98
104383  103681  4.40    127.84
104387  104043  8.67    80.18
104387  104123  7.00    55.49
104392  104592  5.13    31.27
104392  103614  7.65    142.34
104393  104956  9.11    122.23
104393  104786  9.43    71.33
104394  104535  5.75    32.80
104414  104123  5.33    72.90
104426  104210  9.33    96.88
104440  104151  3.00    70.19
104448  104062  0.00    82.54
104451  104484  4.38    120.97
104452  103821  5.50    93.30
104476  103966  5.42    103.84
104480  104887  7.80    131.52
104484  104185  0.00    60.49
104484  104525  0.00    22.04
104488  104270  10.50   93.29
104488  104176  2.55    58.69
104512  104839  0.00    134.67
104517  104043  5.00    94.13
104525  104824  0.00    77.23
104525  104679  0.00    57.05
104535  104224  6.50    66.17
104535  105039  6.50    115.37
104564  104356  9.47    77.94
104564  104765  0.00    35.49
104565  105099  5.38    84.97
104568  103871  8.80    115.23
104573  104062  0.00    91.57
104577  104051  3.00    87.37
104578  105056  0.00    76.26
104592  104910  8.51    47.68
104619  104851  0.00    105.78
104643  104741  4.25    32.69
104643  104031  13.25   109.93
104661  105239  0.00    117.88
104664  105073  7.61    83.03
104668  105161  3.00    77.56
104668  104356  3.00    59.51
104679  104688  0.00    2.97
104682  105018  15.00   78.19
104682  104294  6.50    75.47
104685  105078  7.25    105.05
104688  104849  0.00    51.88
104688  104824  0.00    21.96
104697  104618  3.00    35.95
104716  104440  10.00   59.59
104721  104125  9.50    107.81
104733  104365  9.89    81.16
104733  104320  7.14    92.57
104741  104721  7.67    67.23
104754  104210  9.15    86.09
104754  104176  9.50    115.42
104758  104426  6.86    124.64
104760  105410  3.75    123.14
104765  105161  11.50   87.42
104778  104414  9.27    79.41
104778  104339  8.95    80.68
104780  105741  2.80    139.78
104786  104294  9.33    111.88
104788  105440  1.68    122.73
104794  105488  3.00    113.29
104794  104564  8.67    67.46
104801  104288  0.00    102.95
104804  105258  5.63    104.40
104824  104878  0.00    16.83
104824  104857  0.00    15.13
104832  104387  9.83    84.70
104834  104697  0.00    58.89
104834  105335  6.08    84.26
104839  105471  0.00    137.81
104845  104960  1.00    73.77
104845  104220  0.00    94.04
104846  105425  0.00    93.19
104849  105091  0.00    118.72
104851  105030  7.67    46.51
104857  104860  0.00    10.23
104857  104484  7.25    90.11
104860  104512  8.93    134.73
104863  104251  9.40    93.32
104863  104517  2.50    64.90
104865  104858  0.00    40.14
104870  104311  1.67    91.54
104878  104907  0.00    8.83
104878  104849  0.00    23.04
104890  104592  6.00    82.50
104890  104173  7.77    104.92
104907  105188  0.00    124.39
104910  104323  9.32    109.51
104910  105410  9.22    79.09
104926  104451  8.70    123.56
104941  104863  11.50   13.34
104943  104049  7.83    131.65
104948  104535  13.80   78.85
104948  105368  3.00    88.35
104950  104857  0.00    28.43
104950  104878  0.00    12.79
104956  104733  9.55    87.69
104956  105606  6.14    99.09
104960  105077  0.00    72.79
104960  104235  11.36   110.05
104964  104950  0.00    6.35
104977  104448  0.00    85.51
104980  104794  0.00    67.29
104980  104784  0.00    34.26
104991  104476  3.61    103.84
104992  104851  6.50    95.19
104992  105487  9.14    107.11
105006  104668  9.38    71.72
105006  104733  2.00    64.14
105017  104573  0.00    71.44
105017  104977  0.00    12.74
105018  105389  8.85    78.23
105027  104890  6.40    43.26
105030  104858  0.00    33.58
105030  105189  20.00   35.01
105039  105564  10.11   115.37
105048  105006  11.50   9.69
105053  104754  8.93    127.60
105053  104426  8.67    90.12
105056  105017  0.00    10.59
105056  105662  11.50   93.37
105059  104950  0.00    18.96
105059  104860  0.00    53.00
105072  105173  8.80    40.48
105072  104741  9.20    56.44
105073  105858  6.00    107.95
105073  105459  6.80    74.37
105074  104414  2.00    130.39
105077  105910  6.43    116.77
105077  105741  8.15    104.03
105078  105226  7.00    73.55
105078  104452  5.44    93.30
105083  104270  9.85    132.17
105099  105692  6.06    89.71
105099  105056  5.44    15.23
105104  105292  7.45    41.66
105104  105027  0.00    24.23
105106  104577  11.08   87.37
105106  105083  8.79    141.88
105118  105428  13.20   67.03
105118  104778  5.33    73.93
105128  105059  0.00    23.95
105128  104992  0.00    51.21
105129  104276  8.50    138.04
105129  105286  10.00   76.79
105147  104786  10.00   83.65
105147  104956  9.90    82.30
105157  105292  3.38    81.21
105161  105578  12.17   80.51
105161  105751  7.25    82.70
105165  104941  3.00    111.00
105166  106043  8.67    133.28
105166  105128  0.00    12.47
105173  104721  5.33    85.94
105173  105295  10.00   32.83
105189  105397  0.00    28.34
105219  104941  6.44    42.38
105221  104964  11.00   101.15
105223  104716  7.25    117.13
105226  105373  13.33   71.70
105226  104381  11.50   125.84
105227  105368  0.00    27.41
105229  105014  0.00    50.60
105229  104619  0.00    110.06
105239  105347  0.00    20.06
105246  105219  7.33    38.78
105246  104832  11.50   84.73
105258  105736  4.75    104.39
105264  105053  9.86    79.45
105280  105099  9.29    87.81
105285  104758  7.00    122.98
105285  105343  0.00    8.73
105286  104664  7.30    91.69
105289  104568  7.90    115.09
105289  105104  6.33    44.14
105292  105503  2.00    53.82
105295  105314  0.00    4.24
105307  105189  0.00    48.83
105307  105229  0.00    9.35
105314  105285  3.00    12.19
105314  105343  0.00    9.95
105326  104488  4.43    128.18
105326  105083  6.17    94.87
105330  104801  0.00    103.20
105335  105165  0.00    40.08
105337  105395  0.00    32.97
105343  105728  5.64    61.14
105346  105594  10.00   98.30
105347  105400  0.00    12.57
105355  105326  9.28    129.27
105355  104754  7.25    94.52
105368  106032  6.50    126.72
105369  105166  11.50   89.50
105373  104845  4.71    78.28
105375  105637  4.75    136.02
105376  105307  0.00    10.96
105389  105147  3.60    85.06
105395  105376  0.00    18.37
105397  106239  9.33    117.88
105400  105433  0.00    16.92
105400  105570  0.00    39.96
105405  105496  0.00    86.06
105410  105157  3.26    81.83
105410  105534  0.00    28.96
105412  104870  0.00    91.30
105421  104778  9.10    149.75
105425  105467  0.00    7.49
105425  105685  0.00    38.65
105428  105776  8.00    73.63
105433  105412  0.00    17.67
105434  105280  8.08    87.81
105440  105375  5.75    79.47
105440  105496  0.00    10.63
105446  105397  3.00    32.60
105446  105376  0.00    11.63
105459  105518  0.00    12.39
105459  105593  0.00    56.39
105460  105389  3.00    31.71
105467  105570  0.00    18.98
105467  105412  0.00    19.61
105468  104758  8.67    105.82
105468  105264  9.83    79.48
105471  105917  0.00    135.33
105487  106293  5.00    112.28
105488  104765  20.00   110.40
105489  104926  4.81    124.59
105496  105618  0.00    24.84
105496  106185  3.50    111.02
105503  105958  5.09    102.89
105512  105072  20.60   67.28
105512  105295  8.80    102.45
105524  105106  8.65    64.77
105524  105289  4.56    70.88
105524  106188  5.92    105.71
105533  105446  3.00    46.63
105533  106349  10.00   115.85
105534  104991  5.56    104.02
105537  104943  9.50    126.38
105537  105434  10.36   52.37
105542  105355  5.00    79.22
105546  105330  0.00    43.55
105550  104980  9.80    89.77
105564  105460  2.00    38.59
105570  105685  0.00    29.42
105570  105639  0.00    19.19
105578  105048  7.80    77.28
105578  106447  14.33   129.63
105578  106181  6.44    121.02
105580  106385  7.00    119.19
105581  105440  6.45    35.23
105583  105533  4.75    37.10
105583  105111  0.00    104.12
105591  105674  0.00    47.72
105593  105546  0.00    9.99
105594  105460  0.00    99.36
105597  105524  6.00    18.75
105597  105829  1.00    32.02
105606  105655  0.00    6.64
105608  105111  8.67    66.70
105608  105649  0.00    5.52
105610  105347  0.00    47.54
105610  105593  0.00    5.05
105618  106252  0.00    103.69
105629  105405  5.17    103.39
105629  105591  0.00    30.03
105637  105017  5.00    96.30
105637  105662  5.61    12.88
105639  105610  0.00    7.15
105649  105583  3.00    33.86
105655  105048  5.43    118.04
105655  106181  4.75    78.62
105662  105732  0.00    10.92
105662  105692  4.84    15.98
105670  105564  2.00    40.11
105673  104948  8.67    125.97
105673  105335  3.00    71.64
105685  105864  7.25    136.33
105692  105866  4.88    97.41
105702  105629  3.17    30.07
105702  105637  11.00   10.26
105707  105111  11.50   109.72
105707  105717  0.00    4.22
105710  105537  10.00   85.95
105714  105707  0.00    10.87
105717  105911  3.00    65.37
105721  105246  3.00    66.37
105721  105219  20.00   71.17
105728  106541  5.33    133.11
105728  105468  13.25   107.58
105732  105882  0.00    22.45
105732  105702  4.67    12.99
105734  106395  7.25    113.40
105734  105503  5.82    44.42
105741  106359  7.43    103.70
105741  106285  9.63    80.01
105744  105829  0.00    31.38
105744  105597  4.67    38.08
105751  106304  7.80    82.70
105761  105542  4.67    79.30
105763  105129  7.83    88.28
105768  105223  9.00    117.13
105776  106117  6.43    76.30
105778  105761  0.00    4.27
105778  106481  6.80    101.30
105778  105053  8.25    98.82
105790  105314  0.00    76.45
105797  105714  0.00    11.08
105797  105717  8.00    23.02
105810  105118  7.17    125.54
105810  105860  2.00    72.73
105819  105670  0.00    63.27
105819  105939  10.00   40.11
105829  106669  2.00    126.26
105830  105732  6.00    50.52
105834  105606  12.60   93.77
105837  105702  0.00    20.10
105837  105882  0.00    13.24
105838  105489  4.50    122.05
105858  106580  3.00    128.32
105860  105963  10.60   76.00
105860  105074  15.67   131.90
105864  105872  1.00    44.96
105865  105838  9.20    120.69
105866  106044  6.61    97.41
105868  105714  0.00    59.72
105870  105373  4.75    70.90
105870  105710  9.00    85.93
105872  105975  0.00    18.44
105872  105865  4.80    26.78
105882  106770  6.50    147.42
105882  105964  0.00    11.20
105894  105837  0.00    20.66
105910  106678  11.38   116.77
105911  105649  5.55    37.29
105914  105639  3.75    91.91
105917  105973  0.00    133.29
105939  105670  0.00    43.59
105939  106062  3.00    25.08
105957  105734  7.43    43.86
105957  105289  5.25    104.52
105958  105534  6.07    70.46
105963  105721  0.00    34.21
105963  106236  8.71    115.97
105964  106273  10.00   49.22
105973  105865  20.00   17.45
105973  105975  0.00    26.15
105975  105982  0.00    57.48
105978  105830  3.58    81.45
105979  105673  11.90   76.43
105982  105914  0.00    90.73
105982  105864  0.00    15.57
105988  105165  20.00   115.82
105996  105868  0.00    45.55
106001  105870  8.42    74.18
106001  104960  8.22    148.25
106014  105819  12.42   67.41
106018  105512  9.44    76.50
106025  105355  7.00    100.25
106030  105286  3.00    105.75
106030  106359  20.00   103.87
106031  105996  10.11   50.42
106032  105673  1.00    70.05
106034  105778  6.25    96.37
106043  106822  10.00   133.25
106044  105434  9.20    85.27
106044  106299  6.10    149.41
106048  105428  10.56   120.76
106055  106587  5.75    90.15
106062  106531  7.86    113.77
106068  106031  11.86   91.36
106076  105834  14.33   93.92
106076  105564  7.83    109.73
106088  106068  10.27   91.35
106088  105982  0.00    16.49
106104  105736  8.00    80.95
106104  105421  10.62   149.92
106105  105978  3.14    81.42
106105  106044  0.00    10.21
106117  106683  11.00   123.56
106117  106428  9.40    75.30
106126  105488  10.00   92.03
106126  105550  12.67   89.77
106137  105979  3.00    44.85
106137  105988  3.00    33.48
106148  105868  0.00    44.49
106148  105996  8.90    33.92
106149  106126  0.00    4.63
106150  106491  0.00    68.23
106150  105655  8.67    99.81
106170  106088  7.41    94.72
106181  106491  11.00   64.46
106181  106663  2.50    75.77
106185  106885  3.00    112.11
106188  106302  0.00    16.14
106188  106336  7.15    22.20
106218  106105  6.63    61.48
106218  106601  8.05    61.42
106236  105988  3.00    37.82
106239  106349  5.50    76.66
106239  106841  3.00    92.20
106240  106722  5.50    72.54
106240  106170  13.69   94.65
106247  105674  9.20    102.88
106252  106903  0.00    104.91
106256  105581  2.79    109.19
106257  105744  5.52    145.21
106257  105326  5.50    141.09
106263  106014  20.00   75.08
106263  106032  7.69    46.17
106265  106137  0.00    28.27
106265  106236  20.00   9.12
106266  105797  0.00    141.93
106266  106148  10.00   16.69
106267  105790  4.00    76.68
106271  105468  0.00    114.48
106271  106034  5.33    96.37
106273  106631  0.00    61.66
106273  106380  10.00   57.79
106285  106785  11.32   80.01
106293  106239  2.00    73.99
106293  106320  0.00    4.53
106299  106546  4.59    149.44
106302  105957  6.67    77.82
106304  106756  11.50   72.06
106304  106149  11.50   78.32
106308  106339  9.29    59.82
106308  106257  7.44    59.47
106312  105591  8.67    114.75
106320  106939  5.33    96.68
106336  106691  5.50    53.55
106339  106025  7.75    52.34
106339  106357  7.75    30.55
106349  106471  5.33    77.02
106349  106933  5.89    91.28
106350  106302  0.00    8.04
106350  106336  0.00    8.68
106357  106383  3.00    89.89
106357  106025  9.00    50.51
106359  105763  3.00    88.28
106380  105830  8.81    83.02
106380  106511  6.43    81.73
106383  105761  12.00   126.54
106383  106481  6.40    98.48
106385  106217  8.40    90.54
106385  107104  6.33    115.83
106395  106350  2.00    107.57
106412  106218  8.62    118.58
106422  106014  3.00    80.02
106427  105958  7.07    76.32
106428  106742  8.86    72.94
106428  106104  5.33    76.56
106445  105776  9.38    140.88
106447  106901  3.00    71.70
106447  106304  9.33    71.46
106449  105963  10.00   76.17
106455  106104  12.60   82.30
106471  105911  3.00    82.18
106471  106611  9.85    147.17
106475  106018  11.00   76.50
106475  106267  5.84    103.75
106481  106679  7.43    99.71
106481  107412  16.00   144.81
106482  106088  6.94    57.53
106482  106552  11.00   92.49
106491  106515  0.00    7.88
106495  106150  11.50   72.22
106495  106076  7.25    82.02
106497  105894  10.00   96.15
106501  106271  6.33    93.83
106501  106881  0.00    100.23
106505  106062  20.00   67.36
106505  106998  0.00    77.35
106505  106422  10.33   76.48
106511  106632  10.00   81.73
106515  106779  8.80    57.14
106515  107170  0.00    125.38
106531  106846  20.00   75.58
106531  106505  0.00    82.32
106535  106846  7.00    63.31
106535  106495  13.33   11.21
106541  106667  0.00    21.54
106541  106577  0.00    17.08
106546  106678  5.19    75.04
106546  106001  8.06    85.47
106552  106626  13.90   92.47
106554  105860  2.00    108.92
106554  105810  10.00   117.13
106575  106650  15.00   85.13
106575  106482  3.00    17.70
106577  106501  15.00   36.98
106577  106667  0.00    27.81
106578  106257  3.55    51.27
106580  107419  9.00    130.47
106587  106385  11.50   117.70
106587  107351  11.00   119.03
106592  106048  3.14    120.80
106592  106554  0.00    6.59
106593  105979  10.00   128.31
106593  106263  15.00   76.33
106599  106412  6.25    118.53
106599  106546  3.00    9.42
106601  106979  8.83    58.62
106601  106792  12.44   114.47
106602  106645  4.75    30.46
106602  107354  5.00    112.52
106611  106266  16.14   53.80
106626  106611  0.00    72.42
106626  106031  9.29    91.08
106631  107147  0.00    89.52
106631  106753  8.58    67.58
106632  106105  9.55    83.10
106634  106030  10.00   95.06
106645  106578  6.91    41.20
106645  106954  0.00    60.15
106647  106267  0.00    65.49
106650  106722  11.00   85.12
106663  106447  20.00   107.35
106663  107099  4.00    71.21
106667  106684  0.00    2.42
106669  106677  0.00    11.81
106677  107658  7.07    147.91
106677  106602  8.67    51.59
106678  106785  4.24    71.70
106679  106271  10.56   101.49
106679  106881  4.88    91.56
106683  107221  9.14    123.53
106684  106771  0.00    15.53
106684  106647  0.00    12.17
106691  106758  3.00    10.53
106722  107194  10.00   76.43
106722  106765  6.67    87.42
106732  106740  0.00    22.10
106732  107184  6.25    80.06
106732  106554  0.00    27.38
106740  106592  0.00    20.85
106742  107189  7.14    103.26
106743  106475  11.30   135.01
106743  106149  6.10    99.06
106749  105837  9.04    148.97
106753  106883  10.50   81.73
106753  106380  9.20    57.72
106754  106265  3.00    102.02
106755  106647  7.60    17.35
106755  106771  0.00    14.59
106756  106743  8.13    8.94
106757  106691  0.00    40.12
106757  106758  0.00    39.80
106758  106669  4.63    83.51
106765  106769  3.00    5.74
106769  107128  9.77    94.40
106769  106240  14.59   126.02
106770  106992  0.00    36.20
106771  107208  2.75    76.81
106779  106535  6.13    58.46
106785  106975  6.22    76.61
106791  106599  3.08    107.54
106792  106994  8.50    114.52
106800  106263  4.45    103.00
106822  107192  3.00    72.49
106822  106320  8.50    80.27
106832  106971  5.39    63.61
106832  106247  6.42    103.89
106841  107440  10.53   92.20
106846  107310  9.86    88.91
106846  107330  9.75    112.47
106878  106632  8.25    36.82
106881  107037  20.00   79.72
106883  107000  8.63    81.73
106885  107538  0.00    111.47
106894  106755  0.00    24.24
106894  107088  9.64    105.04
106896  106978  7.25    92.63
106896  106575  4.75    46.26
106901  106756  14.60   70.94
106903  107538  0.00    104.52
106911  107031  0.00    25.91
106911  106800  8.83    33.63
106912  106427  3.24    76.69
106912  106256  2.60    110.00
106914  106428  5.38    107.99
106915  106449  8.17    76.17
106915  107142  3.00    114.93
106917  106593  11.50   70.78
106917  106754  0.00    36.12
106933  107561  8.43    91.28
106939  107592  15.00   96.68
106940  106912  0.00    6.07
106940  106757  8.67    137.47
106954  106578  9.60    56.83
106957  106965  10.30   75.48
106957  106800  0.00    27.32
106957  107031  0.00    27.60
106965  106593  14.33   62.83
106965  107740  10.75   136.67
106966  106611  9.91    87.02
106971  107054  7.40    56.44
106971  106312  2.80    114.67
106975  106359  3.75    97.02
106975  107231  3.88    77.45
106978  107049  7.15    92.59
106979  107363  7.73    59.94
106979  106878  9.33    62.32
106992  107119  0.00    23.92
106992  107147  2.00    35.62
106994  107167  7.83    114.43
106996  106791  5.52    96.06
106998  106911  6.67    98.64
106998  107498  10.00   74.44
107000  106878  3.00    20.90
107004  107104  20.00   54.99
107005  106957  0.00    6.84
107031  107086  11.50   10.71
107036  106740  0.00    50.65
107036  106445  3.00    140.32
107037  107206  4.50    80.07
107037  107903  11.00   133.07
107049  106626  5.33    64.53
107049  107357  10.38   111.76
107050  106954  4.79    14.54
107054  106497  6.50    96.25
107086  107005  15.00   23.90
107086  107138  0.00    24.70
107088  107361  10.45   130.29
107088  106475  5.83    108.29
107099  106901  3.00    107.72
107101  107050  3.33    84.72
107101  106308  9.57    124.08
107104  107483  3.00    58.85
107104  107351  10.00   118.99
107109  107050  9.00    9.82
107109  107164  6.75    87.20
107119  107479  0.00    61.76
107121  106758  6.88    65.81
107128  107768  6.50    98.33
107136  106758  7.80    83.95
107138  107005  20.00   22.71
107142  106236  7.80    148.08
107146  107101  5.43    90.57
107146  106357  9.56    124.94
107147  107260  8.15    61.22
107157  106979  7.07    114.41
107164  107220  5.63    90.43
107164  107101  6.00    10.04
107167  106791  14.60   59.82
107170  107099  3.00    26.52
107184  106915  14.33   44.66
107188  107194  7.14    71.58
107188  106765  0.00    72.15
107190  106754  20.00   101.49
107192  107590  17.82   137.61
107194  107196  14.13   75.14
107194  107692  4.00    72.99
107196  107203  9.08    75.14
107197  106471  5.67    114.05
107197  106966  10.38   85.11
107203  106896  3.60    49.53
107206  108061  7.83    130.87
107206  107248  8.80    16.96
107208  107342  5.33    20.98
107208  107248  0.00    18.84
107218  107146  8.25    91.01
107218  106383  7.00    130.10
107220  107146  0.00    9.67
107220  107290  11.13   91.20
107221  107528  11.50   77.12
107231  106634  5.80    95.06
107231  107419  3.24    42.74
107248  107342  0.00    30.19
107253  107054  6.88    31.25
107253  106749  2.75    89.02
107260  106753  5.00    81.97
107290  107218  20.00   10.25
107290  107427  8.67    71.54
107291  106779  8.71    121.58
107291  107170  0.00    26.97
107310  106998  10.50   101.31
107330  107726  11.50   80.48
107334  107231  0.00    13.55
107334  106996  4.57    97.21
107342  107818  0.00    80.86
107351  107734  11.50   59.79
107351  107590  10.29   46.74
107354  108093  0.00    112.51
107357  107660  5.33    111.76
107361  106743  5.75    105.12
107361  107656  5.33    142.35
107363  107663  0.00    46.38
107363  107493  5.82    82.66
107365  107427  0.00    9.53
107365  107218  5.71    74.70
107376  107157  7.83    114.45
107382  107189  8.67    49.03
107382  107106  9.50    110.14
107384  107365  0.00    8.92
107396  107514  2.50    107.78
107398  107253  0.00    26.75
107403  107796  2.33    59.62
107403  106914  11.00   107.86
107412  107384  0.00    19.38
107414  107260  15.00   81.99
107419  107907  4.79    102.82
107427  108112  0.00    106.72
107427  107435  0.00    9.44
107435  107474  15.00   21.88
107435  107384  2.00    9.30
107440  107592  5.11    75.12
107440  107954  11.00   80.31
107465  107398  0.00    14.95
107473  107086  7.00    68.02
107474  108301  5.33    126.63
107474  107674  3.00    99.34
107479  107630  2.33    27.98
107479  107398  0.00    18.75
107482  106917  3.00    100.09
107483  107843  0.00    57.38
107493  107635  6.40    82.69
107498  107473  5.86    84.46
107514  107662  3.00    107.89
107528  107797  13.25   76.27
107528  107036  9.00    75.25
107536  107189  4.40    70.93
107538  108098  1.00    126.83
107560  107136  15.00   83.84
107561  107440  10.50   74.36
107568  107414  12.09   81.99
107568  107000  10.90   85.86
107572  107376  5.33    114.40
107572  107167  20.00   59.93
107590  107899  3.00    52.73
107592  107788  7.00    89.96
107596  107695  7.58    131.18
107596  107931  6.58    100.90
107598  107630  0.00    56.60
107598  107479  10.29   41.07
107601  107412  12.80   98.19
107601  106679  9.00    141.02
107630  107952  0.00    70.25
107635  107802  5.14    90.05
107653  107142  4.75    77.29
107653  107190  9.00    101.25
107656  108095  7.80    108.11
107656  107886  15.00   134.90
107657  106894  6.74    129.31
107658  108192  25.21   142.02
107660  107561  9.47    78.45
107660  107197  7.94    66.73
107661  107596  6.15    58.22
107661  107203  6.75    66.49
107662  107334  5.91    75.76
107663  107568  8.25    57.00
107672  107661  6.64    91.59
107674  107836  20.00   88.62
107674  107601  0.00    11.30
107692  107672  7.91    43.49
107695  107860  5.32    72.66
107695  107049  7.88    96.15
107721  107763  0.00    6.14
107721  107937  8.44    139.80
107721  107260  6.69    69.09
107721  107598  8.39    71.59
107726  108066  20.00   76.90
107726  107310  9.08    101.84
107734  108081  5.33    56.25
107734  107483  6.50    118.01
107738  107221  8.25    80.34
107738  107403  10.00   75.92
107740  107482  8.50    71.47
107740  108428  13.25   120.76
107750  107121  8.00    131.09
107756  106940  7.00    139.88
107758  107648  12.60   65.28
107758  107004  8.67    117.11
107761  107536  0.00    37.33
107761  108178  11.00   84.29
107763  108210  8.67    70.95
107767  107601  7.25    88.25
107767  106881  9.20    135.70
107768  107188  9.13    132.46
107780  107915  5.14    109.96
107780  107572  2.00    32.94
107788  107899  6.97    89.66
107796  107536  13.29   95.15
107797  107184  8.86    93.20
107802  107919  0.00    89.95
107811  107382  6.40    74.15
107818  108266  0.00    80.76
107828  107088  10.22   125.46
107828  107657  11.50   103.13
107836  107767  0.00    11.89
107836  107974  10.00   76.61
107843  108569  11.20   112.97
107843  107758  3.00    48.60
107859  107761  5.00    108.20
107860  107999  6.52    74.66
107886  107291  6.67    126.45
107890  107482  8.00    75.34
107892  107635  0.00    52.45
107892  107663  5.90    148.16
107899  108213  14.60   49.12
107903  107767  9.80    78.79
107903  107974  0.00    10.50
107907  107768  10.00   25.52
107907  108130  3.48    44.12
107914  108470  11.00   106.22
107915  108051  5.91    109.80
107919  107780  9.00    27.13
107923  107843  14.33   51.74
107931  108273  10.30   92.99
107937  108114  4.70    88.55
107950  108167  5.14    41.62
107950  107692  6.79    104.59
107952  108293  10.00   66.73
107952  108532  0.00    95.73
107954  108075  4.95    95.85
107958  107473  11.50   87.10
107958  108040  0.00    16.58
107962  107763  5.33    61.25
107962  107969  3.00    94.77
107968  107121  5.29    141.35
107974  108134  7.25    80.67
107974  108568  2.00    86.82
107982  107740  12.67   75.66
107982  107138  10.50   148.41
107983  107886  0.00    18.94
107983  107726  2.71    67.63
107984  107109  7.84    131.77
107984  108220  20.00   45.87
107985  107528  5.63    75.40
107996  107220  10.20   119.56
107999  108094  6.61    68.34
107999  108054  10.00   8.19
108000  107290  6.71    110.12
108037  107984  11.50   7.91
108040  108303  0.00    47.22
108045  107983  0.00    12.24
108051  108176  5.50    109.79
108054  107860  8.03    75.14
108061  108134  3.00    11.53
108061  107903  14.33   78.26
108066  107498  8.54    145.97
108066  108567  8.43    98.07
108072  107950  5.48    38.29
108072  108167  0.00    16.83
108074  107796  8.67    61.80
108074  107738  3.00    54.70
108075  108431  11.31   97.71
108080  108118  5.64    25.96
108080  107954  11.21   83.20
108081  107923  20.00   67.96
108084  107653  8.78    70.76
108085  107164  10.00   139.24
108089  108054  5.91    15.66
108094  107660  10.30   67.66
108094  108080  6.87    68.27
108095  107828  10.29   123.49
108098  108334  1.00    123.23
108103  107931  10.75   86.41
108112  108299  0.00    27.50
108114  108343  6.88    136.53
108114  108721  4.25    106.55
108118  108131  4.00    44.58
108126  107465  0.00    130.90
108127  107892  4.00    99.35
108130  108072  9.80    23.61
108130  108268  3.00    25.11
108131  108094  0.00    7.46
108131  108089  5.84    53.64
108132  108040  3.00    93.87
108134  108300  9.80    78.82
108134  109016  3.00    129.23
108140  107662  4.94    99.36
108163  108368  3.00    66.04
108163  108118  10.00   7.33
108167  108268  5.75    20.57
108176  108140  5.73    14.90
108178  108640  11.29   84.40
108179  107758  9.54    125.45
108189  108176  2.20    20.49
108189  108140  0.00    11.08
108192  107756  6.79    134.60
108210  108735  2.38    77.23
108210  108442  10.82   126.21
108213  109109  9.40    143.37
108213  108081  6.38    65.81
108217  108220  0.00    26.59
108217  108037  0.00    27.83
108218  108061  13.20   80.79
108220  108260  6.50    87.54
108222  108037  7.67    58.05
108222  108217  9.61    46.03
108227  108189  0.00    6.42
108227  108130  0.00    15.45
108232  107983  4.20    62.61
108232  108307  11.00   82.57
108247  107958  10.00   50.02
108247  107982  11.50   77.29
108250  107661  2.33    111.63
108250  108267  3.00    37.12
108260  108192  7.00    87.66
108266  108346  0.00    10.84
108266  108218  0.00    23.41
108267  108360  16.67   50.20
108267  108103  3.00    86.46
108268  108308  0.00    11.75
108268  108423  7.38    22.33
108273  108054  8.64    106.68
108273  108636  8.83    89.19
108280  107797  6.56    80.06
108280  108524  8.67    103.45
108293  107962  7.75    88.45
108297  107435  13.46   131.35
108299  108373  0.00    10.57
108300  108346  20.00   21.93
108300  108218  0.00    11.44
108302  108324  6.56    122.68
108302  108217  0.00    28.74
108303  108247  11.00   14.59
108303  108608  7.25    48.52
108304  107919  7.20    57.92
108304  108388  0.00    37.62
108304  108414  3.00    15.13
108304  108127  9.96    98.90
108307  108095  10.22   109.43
108307  108844  7.88    128.48
108308  108227  0.00    12.95
108313  108498  0.00    26.65
108324  108433  8.87    122.76
108327  108222  15.14   149.77
108332  107890  8.86    75.43
108332  108084  11.50   78.11
108333  107828  8.09    97.64
108334  108302  3.00    122.34
108343  108468  7.80    69.19
108343  109228  6.50    135.03
108346  108794  2.00    104.22
108360  108250  20.00   19.12
108365  107923  12.75   78.12
108368  108089  6.67    58.56
108370  108368  0.00    0.05
108373  108449  0.00    10.12
108373  108112  0.00    119.38
108394  108373  0.00    8.48
108394  108297  0.00    12.87
108396  107672  10.05   133.04
108397  107657  7.25    137.60
108397  108266  2.50    42.62
108414  108388  1.00    61.47
108423  108472  0.00    7.87
108428  108332  3.00    78.02
108431  108847  6.18    79.22
108431  108213  17.42   94.33
108433  108521  9.23    122.74
108442  107937  0.00    74.48
108442  108495  3.00    31.37
108449  108327  1.00    149.79
108449  108521  0.00    11.78
108456  108394  0.00    8.87
108456  108449  0.00    8.34
108460  108370  3.00    13.72
108460  108488  0.00    6.45
108462  108606  8.92    103.89
108468  108592  3.00    72.74
108468  109129  7.43    102.05
108470  108842  9.83    78.56
108470  107761  6.88    113.55
108471  108308  3.23    23.53
108471  108423  3.00    12.06
108472  108962  6.40    80.41
108472  108575  0.00    16.64
108473  107665  10.00   125.14
108478  107985  10.00   75.32
108478  108074  15.80   80.27
108488  109276  0.00    130.54
108494  108394  0.00    49.92
108494  108456  6.75    49.40
108495  108721  5.43    134.96
108498  108578  0.00    11.86
108501  108460  3.00    6.67
108504  108273  9.50    112.25
108521  108848  0.00    53.89
108521  108528  0.00    8.85
108524  108894  8.10    110.14
108524  108084  7.80    73.30
108527  108247  2.00    46.15
108527  108608  4.67    18.26
108528  108683  5.60    128.18
108528  108456  11.50   11.96
108532  109130  10.00   96.60
108540  109060  9.20    112.97
108544  107674  7.67    132.82
108564  108540  7.25    108.85
108564  108471  3.00    23.49
108566  108564  0.00    16.55
108566  109500  7.32    146.66
108567  108132  5.33    96.59
108567  108902  8.33    69.57
108568  109127  6.50    86.81
108569  109041  10.00   71.29
108569  108313  11.20   116.48
108575  108566  6.50    10.87
108575  108471  6.33    17.46
108578  108618  20.00   8.35
108592  109396  10.00   125.33
108592  108698  6.75    72.32
108606  108976  7.23    105.02
108608  109251  9.20    111.78
108618  108305  7.83    100.13
108620  108045  5.50    118.31
108634  108396  20.00   37.46
108634  108360  20.00   93.47
108636  108703  10.20   38.55
108636  108708  10.00   15.94
108640  109086  0.00    66.07
108657  108829  0.00    31.30
108657  108280  10.88   59.27
108671  108618  0.00    9.92
108678  108365  2.00    76.76
108683  109065  3.14    129.55
108690  108232  11.00   83.58
108690  109232  9.47    127.96
108698  108750  0.00    28.08
108698  109366  6.00    100.22
108703  108862  7.00    79.54
108708  109146  3.00    74.30
108721  109228  2.33    88.44
108724  108671  5.50    77.99
108733  108494  1.00    127.37
108735  108793  5.83    9.60
108736  108303  9.80    126.75
108747  107836  6.50    139.71
108749  108801  11.50   86.22
108757  108504  5.13    112.85
108757  108776  3.00    9.29
108761  108293  7.67    88.25
108769  108829  0.00    12.97
108769  108657  20.00   26.96
108771  108360  0.00    72.16
108771  108757  3.83    118.13
108774  108769  0.00    7.81
108774  108478  10.25   63.59
108776  109029  0.00    91.18
108777  108210  12.88   129.67
108793  109183  10.22   56.70
108794  109355  0.00    105.61
108797  108810  10.00   22.65
108797  108428  11.00   66.68
108801  108749  11.50   86.22
108810  107982  11.00   144.34
108810  108942  0.00    20.53
108828  108397  10.18   85.88
108829  108852  0.00    2.60
108835  108774  5.14    11.20
108838  108640  0.00    59.48
108838  108835  8.17    85.17
108842  109240  11.50   78.56
108844  109118  0.00    43.16
108844  108333  10.85   97.65
108847  109315  5.20    79.88
108848  109166  0.00    89.63
108848  109007  0.00    23.50
108852  108869  0.00    2.60
108855  108848  0.00    8.82
108855  108528  0.00    53.79
108862  109029  2.67    79.55
108869  108882  6.40    8.03
108877  108163  6.07    114.65
108877  108462  9.86    78.16
108882  108835  0.00    7.40
108885  109166  0.00    73.29
108885  108755  5.50    25.23
108893  109216  8.90    113.51
108893  108801  0.00    10.97
108894  108934  8.43    101.69
108902  109178  0.00    58.61
108902  108736  3.00    41.19
108917  108735  3.00    110.26
108934  108797  3.00    23.48
108938  108963  11.50   60.45
108938  108771  9.61    25.65
108942  108946  7.20    65.30
108942  109080  10.00   22.58
108946  108527  9.38    73.91
108946  109400  11.20   80.37
108957  108473  6.40    83.02
108957  108126  0.00    133.48
108962  108396  9.54    104.58
108962  109593  6.06    101.46
108963  108998  8.64    49.05
108974  108917  10.00   32.45
108974  108495  6.50    73.77
108976  109315  9.20    104.91
108998  108938  10.38   13.01
109003  108045  6.88    140.70
109003  109431  3.88    110.31
109004  108793  3.00    45.46
109006  109676  11.07   134.61
109006  108524  7.08    73.17
109007  109266  0.00    52.49
109016  109180  8.00    80.29
109016  109715  11.00   113.00
109029  109210  3.00    81.88
109037  108963  9.61    54.74
109037  108776  0.00    36.98
109041  109848  6.50    127.98
109041  108678  6.50    138.16
109043  108974  10.75   42.46
109044  108855  0.00    29.92
109057  109467  12.00   89.34
109060  109624  3.94    113.85
109065  109585  4.30    131.80
109069  109122  0.00    83.62
109069  108671  6.00    59.95
109080  109642  8.24    101.57
109080  109083  11.00   26.37
109083  109424  8.50    63.11
109083  108934  3.00    24.31
109086  108838  0.00    72.64
109086  109369  3.00    45.54
109093  108370  7.35    106.64
109101  108473  1.00    128.69
109102  108470  3.00    101.61
109109  109926  7.80    143.15
109118  109236  0.00    25.18
109118  109284  0.00    35.44
109129  109764  7.80    102.05
109130  109763  3.00    106.13
109133  109487  6.00    77.04
109133  108869  4.75    46.76
109146  109093  3.00    41.19
109146  109789  9.93    111.73
109165  109220  10.00   26.80
109165  109618  6.40    79.56
109166  109266  0.00    28.49
109167  108733  1.00    128.95
109174  109354  3.00    126.77
109178  108736  6.50    65.76
109180  108300  6.33    132.19
109180  109439  6.86    140.53
109182  109043  11.33   77.10
109183  109244  11.50   110.19
109183  109004  0.00    43.56
109183  109608  12.17   68.44
109202  108620  3.00    119.71
109202  108902  7.25    66.94
109210  109474  0.00    82.98
109216  109518  12.60   76.61
109216  109354  3.00    42.75
109220  109668  9.60    78.52
109220  109291  9.29    27.79
109226  109777  11.27   89.53
109226  109037  10.28   77.73
109228  109340  11.50   19.94
109232  108844  4.00    72.02
109232  109534  5.33    62.09
109236  109232  3.00    44.50
109238  108669  3.00    84.37
109238  109174  11.29   124.90
109240  109358  3.00    25.53
109240  109086  0.00    35.30
109244  108917  7.80    50.91
109247  108575  4.83    108.21
109251  109846  8.67    111.26
109266  109723  9.79    89.90
109266  109281  0.00    13.63
109271  108882  5.33    84.64
109276  110060  1.00    131.11
109277  108501  8.63    128.15
109281  109044  20.00   45.00
109284  108828  3.00    85.98
109284  109355  0.00    10.76
109288  108620  5.17    101.89
109288  109003  4.75    90.97
109291  109927  8.95    102.63
109291  108462  7.94    137.99
109303  108761  7.64    89.95
109303  109130  13.25   47.40
109315  109986  5.93    122.38
109317  108634  8.24    105.76
109333  108855  12.75   97.28
109335  108885  7.64    92.20
109335  108893  6.00    111.73
109340  109764  7.25    82.55
109340  109182  5.86    95.49
109350  109236  0.00    37.24
109350  109284  0.00    11.12
109354  109571  8.33    71.29
109355  109482  0.00    26.97
109355  109439  0.00    16.46
109356  108998  0.00    77.71
109358  109748  1.00    88.95
109358  109364  3.00    76.28
109366  109979  6.57    100.22
109369  109358  0.00    35.93
109369  109648  7.80    59.89
109375  108678  6.00    113.58
109396  110178  10.00   125.33
109400  109846  8.57    80.37
109424  109977  20.00   102.52
109426  109860  9.30    95.70
109429  109226  6.74    88.25
109430  108894  8.67    95.21
109430  109424  9.00    50.90
109431  108690  2.90    110.31
109433  109069  5.50    59.43
109439  109482  0.00    24.70
109462  109433  14.33   5.43
109467  110118  3.30    145.70
109474  110027  3.00    96.72
109474  108703  0.00    119.17
109482  110038  0.00    110.97
109484  109433  1.67    87.80
109487  109933  6.50    78.77
109498  108957  0.00    90.57
109511  109003  13.55   81.90
109518  109840  11.00   76.61
109529  109462  0.00    20.71
109534  110139  8.33    120.75
109557  108708  4.33    129.26
109565  109529  3.00    18.55
109565  109462  0.00    17.09
109569  109303  7.67    42.25
109570  109178  3.00    76.41
109570  109202  13.25   82.19
109571  109895  3.73    94.73
109571  109928  11.50   90.09
109584  109569  10.00   70.80
109584  108777  7.73    134.44
109585  110129  7.87    132.06
109593  110250  4.00    101.73
109598  109584  0.00    63.61
109598  109004  8.17    104.62
109600  109101  4.63    127.25
109600  109238  4.75    57.95
109607  109165  11.04   144.96
109607  110242  10.91   98.70
109608  109998  9.80    61.01
109608  109598  6.71    63.56
109618  110091  10.00   79.77
109624  109832  6.36    83.58
109642  110159  11.00   100.60
109648  109271  7.80    84.65
109668  110126  14.45   78.74
109673  109006  4.67    111.25
109673  109133  7.00    98.87
109676  110383  9.00    134.71
109682  109902  20.00   35.20
109682  109624  4.75    56.54
109686  108877  7.52    135.63
109688  109037  9.08    104.55
109695  109043  0.00    102.81
109705  109529  11.50   52.77
109715  109167  8.06    130.95
109719  109682  5.71    59.60
109723  109805  8.10    22.40
109723  109335  20.20   111.73
109723  110248  9.27    108.52
109738  109180  7.67    89.04
109763  110648  2.00    140.67
109763  109887  20.00   78.95
109764  109939  14.33   35.20
109775  109782  0.00    81.48
109777  109775  6.50    81.48
109777  110247  7.25    71.84
109782  109429  9.18    90.42
109789  109093  7.56    110.74
109789  110363  11.00   97.19
109798  109356  9.20    79.30
109798  110078  0.00    44.42
109805  109281  1.00    95.99
109805  109829  3.00    5.77
109810  109350  3.00    92.70
109810  109534  3.00    68.27
109813  109565  3.00    37.81
109813  109898  7.67    142.69
109829  110118  6.08    90.16
109829  109333  11.00   97.65
109832  110104  22.75   45.47
109832  109979  13.87   77.27
109834  109852  3.00    17.90
109840  109335  4.71    109.00
109846  110159  3.00    67.93
109848  109705  6.50    42.45
109852  109930  12.50   77.41
109852  109202  6.50    103.00
109860  109884  3.00    6.10
109860  109467  11.50   112.90
109873  109182  6.40    109.39
109873  110046  7.29    123.10
109884  110559  7.13    136.34
109887  109569  3.00    51.26
109895  110274  4.25    100.02
109902  110446  4.67    80.01
109907  109570  6.75    72.32
109907  109834  8.73    87.23
109920  109247  4.08    108.78
109921  109738  9.00    103.59
109926  110039  11.50   34.65
109926  109375  10.75   112.14
109927  110273  0.00    52.15
109927  110252  7.00    49.10
109928  110313  7.86    90.09
109930  109288  10.67   102.17
109930  109997  7.00    47.92
109933  110709  4.00    117.64
109936  109607  9.82    100.92
109939  110204  10.00   47.25
109944  109719  3.83    84.59
109945  109317  6.79    105.47
109945  110057  0.00    20.43
109955  109848  6.71    32.66
109977  110539  9.83    101.66
109979  110050  11.50   25.12
109979  110500  12.60   74.44
109984  109738  3.00    39.91
109984  110088  0.00    18.43
109985  109886  2.00    21.45
109985  109756  0.00    49.26
109986  109936  0.00    22.69
109986  110039  0.00    8.59
109994  109648  10.33   80.87
109997  110034  0.00    27.80
109998  110181  19.20   106.38
110013  109500  9.00    80.54
110023  109600  5.33    66.47
110023  110049  0.00    55.66
110027  110134  20.00   36.11
110027  110284  0.00    40.86
110034  109511  0.00    81.90
110034  110153  3.00    91.34
110038  110108  0.00    20.65
110038  110211  10.50   31.99
110039  110325  9.08    48.73
110046  110204  5.17    84.15
110048  109277  7.04    128.65
110049  109498  0.00    90.58
110050  110254  28.25   73.90
110052  110063  10.75   5.42
110052  109798  11.00   42.10
110057  110052  0.00    4.03
110060  110979  0.00    132.24
110063  110078  0.00    2.71
110078  110136  0.00    10.01
110080  109695  6.14    98.29
110080  109244  0.00    137.00
110084  109598  9.20    78.19
110084  109998  3.00    46.89
110088  109715  5.17    89.23
110091  110208  3.00    16.73
110091  110126  0.00    25.32
110094  110057  0.00    7.45
110094  109945  0.00    23.34
110104  110703  3.63    85.56
110104  109902  0.00    139.93
110108  109921  7.50    103.62
110108  110211  0.00    37.08
110115  110094  0.00    4.72
110118  110678  7.67    108.94
110118  110349  3.00    60.47
110126  110264  0.00    18.84
110128  109673  6.75    92.96
110129  110607  6.98    130.46
110134  109782  9.83    61.39
110136  110168  0.00    8.62
110136  110340  0.00    28.65
110139  109431  5.32    112.65
110139  110153  3.00    2.63
110148  109984  0.00    25.27
110148  110088  0.00    17.15
110153  110727  7.12    104.28
110159  110376  7.67    41.47
110159  110539  10.00   76.70
110163  110369  7.50    37.35
110163  110115  12.13   8.48
110168  110163  0.00    2.90
110178  110050  10.00   61.91
110179  109430  6.00    149.00
110179  110398  7.25    69.56
110181  110682  0.00    94.51
110181  110080  3.00    36.48
110192  109813  7.67    59.25
110192  110230  4.67    70.71
110195  109705  8.60    75.55
110204  110178  20.00   15.72
110204  110254  11.50   10.08
110208  110914  7.93    139.83
110208  111043  14.60   124.40
110211  110815  3.75    108.37
110221  110239  6.50    103.67
110221  110134  0.00    13.02
110239  110247  14.33   103.67
110242  110914  6.44    98.63
110247  110463  6.00    30.51
110248  110801  16.60   108.42
110249  109884  8.67    59.19
110249  110939  6.50    137.69
110250  110955  7.03    101.88
110252  110586  3.00    52.99
110252  110273  0.00    21.82
110254  110684  3.00    63.73
110254  110046  5.46    93.34
110264  110839  10.00   85.11
110273  110881  11.66   88.98
110274  110023  3.00    37.71
110274  110532  7.00    48.54
110281  109895  7.67    90.25
110284  110366  0.00    35.78
110284  110423  0.00    19.58
110306  109810  10.00   96.37
110307  109673  13.25   102.55
110313  110801  8.31    118.90
110313  110676  0.00    95.79
110313  109840  7.43    104.84
110315  110410  5.20    75.45
110323  110181  20.00   46.63
110323  110904  7.00    97.36
110325  110663  7.27    84.74
110325  109955  7.40    101.27
110340  110168  0.00    24.09
110349  110610  0.00    54.49
110349  110559  1.00    57.83
110363  110946  9.80    97.19
110366  110221  6.40    20.50
110369  110115  11.00   38.93
110371  109834  2.50    106.48
110371  110497  8.67    78.31
110375  109688  6.82    104.56
110376  110470  10.00   23.79
110382  109907  11.50   95.39
110382  110489  0.00    16.61
110383  110398  0.00    8.23
110393  109994  8.33    80.90
110393  110601  9.00    86.64
110398  110457  0.00    10.40
110410  110518  3.00    66.18
110410  109887  4.60    76.77
110420  109789  7.14    92.28
110423  109557  7.25    129.23
110423  110524  0.00    16.93
110433  110952  10.00   111.40
110436  110383  0.00    9.68
110440  110366  0.00    11.01
110446  110920  7.67    70.09
110446  110506  11.50   58.69
110456  110440  10.88   149.79
110457  110938  6.50    87.36
110457  110471  0.00    13.83
110463  110456  0.00    72.56
110463  110974  10.22   75.25
110464  110489  0.00    8.33
110464  110382  8.67    17.73
110470  110464  0.00    2.81
110471  110436  0.00    5.21
110483  110371  5.75    51.03
110483  110547  10.00   43.83
110489  110510  0.00    2.77
110497  110838  5.67    80.29
110500  110986  5.33    72.11
110504  110084  11.00   68.84
110504  110323  16.67   62.99
110506  110548  14.33   61.83
110506  109719  12.17   117.71
110510  110547  3.00    8.30
110510  110483  11.00   39.91
110511  110470  0.00    8.41
110511  110376  0.00    24.00
110518  110504  7.20    109.42
110518  109584  7.67    141.40
110528  110511  0.00    2.80
110530  110897  20.00   55.50
110530  110684  2.50    114.86
110532  110049  0.00    75.05
110532  110648  0.00    23.14
110537  110148  7.50    111.61
110539  110619  0.00    17.56
110547  110713  0.00    23.04
110547  110567  3.00    5.58
110548  109944  0.00    89.25
110551  110709  3.00    65.65
110551  109933  7.14    132.75
110558  110662  7.29    114.88
110558  110013  8.86    80.56
110559  110939  7.33    56.74
110559  111098  5.90    108.40
110563  110660  1.00    28.15
110563  110528  0.00    8.40
110567  110563  0.00    5.62
110586  111161  10.73   90.56
110586  109686  8.48    137.04
110601  110551  4.67    10.41
110605  109873  5.83    140.84
110607  111042  0.00    130.14
110619  110179  5.50    86.69
110639  110436  10.00   84.95
110639  110128  9.00    92.96
110648  111517  3.00    147.64
110648  110752  1.86    19.89
110656  110249  7.80    62.24
110656  109985  11.20   135.36
110657  110274  9.20    89.34
110660  111412  6.40    149.22
110660  110528  3.00    28.55
110662  109920  4.00    109.10
110663  111016  0.00    60.42
110663  110683  0.00    9.94
110676  110281  10.00   90.25
110676  111035  7.64    96.94
110678  111242  5.80    108.94
110682  110605  20.00   22.16
110683  110720  5.67    59.00
110683  109955  11.50   106.32
110684  110500  8.20    77.07
110684  110964  0.00    57.88
110703  111092  6.75    57.99
110703  110920  2.00    128.10
110705  110192  10.67   73.52
110709  111360  5.33    97.54
110709  110988  0.00    116.68
110713  110567  10.00   20.09
110713  111593  9.33    129.74
110720  110722  3.44    39.87
110720  110195  0.00    75.55
110727  111357  5.55    114.38
110738  110504  6.50    41.61
110738  111064  2.00    118.44
110752  110315  5.50    78.63
110752  110943  1.00    41.13
110756  110605  8.25    95.24
110756  110530  3.00    136.27
110757  110591  9.29    81.46
110781  110682  2.67    27.81
110801  111242  11.50   116.14
110801  111423  6.33    122.03
110810  111016  6.89    72.23
110810  109936  7.75    128.72
110815  110834  8.20    19.30
110815  110921  0.00    17.02
110830  110727  6.13    122.82
110830  109997  5.50    139.14
110834  110306  0.00    96.40
110834  110727  8.17    77.23
110838  110830  0.00    4.28
110839  111424  11.50   85.11
110847  110639  0.00    37.58
110847  110873  0.00    27.06
110850  110639  11.50   78.49
110873  111281  10.00   89.83
110878  110873  0.00    1.12
110881  111137  11.45   38.75
110891  111000  11.50   23.52
110891  110433  8.50    110.62
110894  110371  5.22    76.56
110897  110756  8.67    84.67
110904  110781  2.20    36.37
110914  111401  8.63    76.51
110916  110518  4.17    72.26
110920  111325  10.00   57.88
110921  111175  0.00    37.33
110921  110757  10.00   81.46
110926  110537  5.86    111.55
110933  111091  0.00    26.95
110933  110410  6.77    98.31
110938  111412  9.57    87.31
110939  111305  2.00    55.82
110943  110933  9.00    27.22
110946  110048  8.95    129.85
110948  110781  11.50   28.17
110951  110456  7.40    106.31
110952  111490  9.75    111.50
110955  111746  7.29    119.78
110955  110369  8.17    110.40
110959  110662  3.85    42.58
110959  110955  0.00    11.86
110960  110951  9.40    79.06
110964  111024  0.00    13.19
110964  110986  9.20    102.53
110973  110943  0.00    5.69
110974  110960  9.83    79.06
110974  111647  5.43    101.77
110979  110946  6.50    8.32
110979  111232  0.00    35.45
110982  111040  7.00    67.66
110982  110548  12.17   62.01
110986  111092  5.00    65.16
110988  110307  10.70   102.55
110988  111059  5.20    34.82
110989  110904  3.00    24.78
110996  110878  0.00    30.68
110996  110847  10.00   21.84
111000  111413  7.25    81.49
111002  110532  0.00    77.73
111016  111378  8.13    97.68
111024  111198  3.00    34.07
111024  110897  15.75   77.76
111035  111441  6.13    107.50
111035  110657  9.00    89.34
111036  111807  10.00   131.11
111036  110420  11.29   92.28
111040  110558  7.80    70.93
111040  111169  6.19    119.89
111042  111526  2.76    130.55
111043  111796  7.14    123.12
111059  111706  6.00    97.03
111059  110850  13.29   78.48
111064  111510  0.00    64.09
111064  110916  6.50    68.31
111068  111855  6.67    140.13
111068  110948  3.00    76.16
111073  110838  0.00    65.15
111073  111670  6.63    110.46
111077  110375  11.07   104.55
111077  110974  15.00   82.46
111091  111271  6.63    46.70
111091  111144  4.92    33.76
111092  111325  7.60    127.58
111092  111506  2.00    61.04
111098  111622  2.33    108.40
111106  111360  7.36    114.67
111106  110601  11.29   100.92
111118  110989  6.00    36.87
111118  110738  20.00   63.00
111137  110264  8.80    136.00
111137  111678  11.00   82.68
111144  110973  1.00    28.39
111144  111736  6.75    110.43
111155  110996  0.00    24.54
111160  111175  0.00    27.59
111160  110834  0.00    53.12
111161  111435  0.00    44.07
111169  110959  4.71    30.16
111170  110891  10.00   68.96
111175  111243  20.00   8.39
111198  111354  7.38    32.32
111201  110340  9.71    125.56
111201  111077  2.50    79.88
111214  111068  6.50    80.17
111232  111161  0.00    25.37
111232  111435  0.00    29.83
111234  111232  7.25    6.81
111234  110946  12.11   40.20
111242  111622  3.00    114.13
111243  111341  0.00    24.29
111243  111449  0.00    31.39
111271  111446  4.67    50.31
111271  110916  10.80   62.63
111281  111393  10.00   28.87
111281  111426  0.00    20.69
111288  111155  10.50   19.83
111289  110524  6.80    111.59
111289  111769  20.00   86.03
111305  110656  13.33   135.02
111305  111454  5.44    22.38
111314  111198  5.00    64.06
111325  111422  6.00    59.79
111335  111155  0.00    27.21
111335  111288  0.00    19.91
111339  111335  0.00    0.64
111341  110926  6.67    111.83
111350  110894  7.04    75.05
111350  111073  10.20   58.82
111354  111605  8.67    57.99
111354  111214  6.50    81.99
111357  111670  9.56    65.97
111360  111875  8.33    91.77
111370  111341  0.00    7.85
111393  111396  0.00    2.82
111396  111339  11.50   37.35
111396  111550  0.00    33.96
111401  111808  14.29   75.59
111403  111350  0.00    11.34
111412  111755  10.29   70.73
111413  111777  0.00    81.49
111419  111314  8.00    62.16
111422  110982  11.36   134.87
111422  110506  9.57    134.05
111423  111872  3.00    105.13
111423  110676  7.63    141.31
111424  111961  15.00   105.63
111426  111393  0.00    21.03
111435  111442  0.00    6.39
111435  112150  0.00    124.46
111441  111002  0.00    76.89
111441  111517  11.50   22.62
111442  111234  8.42    31.02
111446  111474  2.14    10.21
111449  111370  2.20    20.45
111449  111526  4.88    12.93
111453  111160  8.33    46.25
111453  111357  8.64    101.97
111454  111969  6.25    94.64
111454  111703  9.63    83.78
111461  110810  6.75    102.33
111462  110440  6.62    148.78
111474  111809  4.60    63.28
111474  111508  5.50    13.50
111484  111462  0.00    82.12
111490  111969  9.57    130.68
111490  110656  7.50    126.94
111494  111118  5.19    124.35
111494  111756  1.00    44.14
111506  112058  6.44    99.31
111506  111419  7.08    63.14
111507  111288  5.60    81.50
111508  111707  1.00    65.28
111508  111510  13.14   34.06
111510  111494  1.67    30.58
111512  111484  5.00    82.12
111512  110951  14.33   112.56
111517  111736  3.00    69.72
111517  111928  0.00    83.60
111526  111981  3.96    131.84
111540  111040  5.08    72.70
111540  111643  7.70    118.78
111550  111869  0.00    56.38
111550  111339  0.00    34.89
111554  110948  9.75    102.85
111557  111000  12.64   88.92
111578  110988  7.70    91.70
111583  110881  8.53    113.85
111593  111403  9.00    137.72
111593  112194  6.10    106.20
111602  111506  8.67    62.68
111602  112052  10.00   82.50
111605  111214  3.00    70.64
111605  111855  8.67    56.14
111622  112008  7.11    75.05
111622  111801  2.33    78.81
111643  111169  3.74    72.25
111647  112212  12.38   101.82
111664  111170  8.82    120.33
111666  111462  0.00    33.92
111668  111170  7.75    87.79
111670  111843  7.72    69.39
111670  111927  7.56    59.25
111677  111666  0.00    78.74
111678  112102  13.65   81.85
111679  111402  1.00    59.20
111679  111423  12.60   74.80
111690  111763  6.17    131.47
111690  111118  7.75    94.75
111691  111602  9.90    60.30
111696  111512  5.50    33.76
111696  111677  20.00   78.76
111698  111940  3.00    76.22
111698  111035  9.62    123.30
111699  110989  9.86    123.68
111703  111389  0.00    52.49
111703  112008  6.45    113.89
111706  112264  6.25    98.37
111706  111507  0.00    81.50
111707  111756  3.00    18.29
111707  111809  3.00    39.37
111730  111077  11.50   100.07
111736  111892  8.33    65.11
111736  112018  3.33    62.75
111746  112435  3.60    119.71
111747  111875  12.20   81.84
111755  112194  8.75    103.21
111755  112169  12.38   95.53
111755  111593  8.11    82.72
111756  111763  0.00    3.43
111763  111862  6.50    32.52
111769  112192  7.40    86.03
111777  111861  8.67    26.33
111777  111906  6.83    35.11
111778  111691  7.57    59.93
111781  111664  8.24    31.61
111796  112287  7.20    120.23
111801  111944  10.86   78.81
111807  112153  7.40    74.83
111808  112276  11.50   143.25
111809  112209  6.40    77.56
111809  112281  6.50    101.68
111814  111808  8.27    121.83
111814  111461  11.50   98.25
111818  111940  0.00    31.67
111821  111449  7.86    102.73
111823  111201  11.29   97.32
111837  111426  13.20   80.76
111843  111998  5.90    105.71
111855  112348  11.50   96.01
111855  112062  5.83    62.26
111861  111996  6.50    55.30
111862  112665  8.30    139.20
111862  112077  10.75   80.22
111866  112266  8.60    72.23
111866  111778  7.86    61.23
111869  112362  15.00   87.54
111869  112247  8.17    84.27
111872  112216  10.00   82.53
111872  111698  6.75    42.17
111875  112424  7.86    95.47
111875  112084  9.82    119.10
111892  111271  7.00    129.11
111892  112091  13.25   65.84
111906  111946  20.00   6.23
111906  111490  9.25    121.26
111926  111807  0.00    57.81
111926  111036  9.67    142.09
111927  111453  3.85    138.05
111928  112386  0.00    83.77
111940  112216  0.00    58.79
111944  112158  6.00    87.89
111944  111679  4.75    85.21
111946  112279  8.63    64.34
111946  112434  6.38    133.62
111958  111866  7.78    78.91
111958  111540  5.40    74.29
111961  112425  4.75    103.73
111965  111441  0.00    103.49
111969  112395  10.25   120.36
111969  112434  6.80    115.60
111981  112461  6.29    131.69
111992  112408  7.11    78.67
111992  111781  9.24    80.97
111996  112023  10.00   94.35
111996  112093  0.00    29.41
111998  112218  8.00    105.88
111998  111403  9.66    112.11
112008  112696  8.62    115.58
112008  112286  5.33    86.61
112018  112057  10.00   8.63
112018  112601  8.50    102.86
112023  111861  10.00   40.17
112027  111690  5.50    76.74
112037  111872  8.00    55.21
112037  112668  10.75   133.40
112040  111696  15.00   99.35
112041  111643  5.25    72.94
112042  111664  10.83   79.05
112052  112570  8.67    82.55
112054  111869  8.60    86.30
112056  111289  12.92   128.14
112057  112244  10.75   65.42
112057  112688  5.67    104.77
112058  112671  8.33    99.31
112062  112306  3.42    60.32
112062  111554  11.50   102.90
112063  111314  5.50    130.15
112065  111419  5.50    114.32
112077  112573  10.00   84.20
112084  111578  7.67    91.74
112084  112264  8.57    103.00
112088  111781  10.00   79.80
112091  112281  10.00   62.74
112091  111446  9.08    127.93
112093  112488  9.20    119.95
112093  111668  6.73    87.79
112102  112715  10.27   107.78
112129  112040  8.67    90.56
112150  112715  14.33   99.68
112150  111583  10.13   113.11
112153  111442  6.84    123.52
112153  112150  0.00    7.46
112154  111821  3.76    102.91
112158  112037  6.69    87.95
112169  111837  7.29    80.65
112169  112693  3.00    97.68
112172  111927  6.75    67.52
112173  111424  7.43    135.81
112192  111926  3.00    44.90
112192  112825  6.33    110.29
112194  112218  8.13    4.48
112209  112744  8.80    91.51
112212  113002  6.50    122.99
112212  112129  5.95    114.39
112215  112042  0.00    53.10
112216  112548  6.20    65.68
112218  112877  7.25    103.45
112218  112508  7.56    98.12
112244  112559  2.00    92.39
112247  112701  10.75   84.67
112264  112396  6.50    27.69
112264  112054  7.86    86.29
112279  112628  3.00    60.90
112281  112759  1.00    78.44
112286  112600  9.00    86.61
112287  112714  0.00    121.37
112287  112276  3.00    128.27
112290  111730  5.13    100.09
112290  112212  30.85   81.60
112306  111699  13.00   123.78
112306  112400  10.00   15.19
112307  111944  7.80    63.77
112307  112656  0.00    105.36
112348  112944  3.00    96.57
112362  112905  0.00    87.56
112369  112266  9.25    70.10
112369  111778  4.00    104.22
112370  112794  11.02   78.36
112370  111992  6.02    119.34
112373  111823  7.33    97.31
112383  111666  6.71    123.44
112386  112834  10.00   78.22
112395  112696  8.17    78.75
112396  112820  5.40    91.25
112400  113195  10.86   125.15
112400  112490  11.50   63.54
112408  112848  5.83    78.61
112425  112752  0.00    97.06
112434  112888  9.20    118.40
112434  112628  6.82    52.79
112455  112264  20.00   30.02
112455  112396  11.50   22.44
112461  112975  5.14    131.70
112466  111691  10.75   134.40
112466  112369  3.00    66.20
112488  112042  8.00    81.19
112488  112848  8.71    113.78
112490  112573  0.00    63.99
112490  112027  5.33    77.96
112499  112040  0.00    80.70
112508  112693  5.80    97.22
112515  112172  11.00   82.02
112515  111843  8.80    118.16
112542  112154  0.00    102.84
112542  112172  0.00    73.35
112548  111965  11.50   103.89
112559  112846  8.67    92.27
112569  112062  9.80    83.10
112570  112466  3.00    66.34
112573  112587  0.00    3.11
112587  113428  9.38    135.11
112600  112990  7.33    119.30
112600  112307  6.75    44.14
112601  112386  5.33    67.19
112601  113052  3.00    78.38
112614  112102  12.50   91.59
112624  112084  9.00    89.32
112628  112779  10.67   29.65
112628  113018  3.97    115.67
112663  112279  0.00    113.87
112663  112093  9.79    104.08
112665  112587  3.00    62.06
112665  113530  7.73    142.12
112669  112383  6.50    93.56
112671  113081  6.36    65.69
112671  112570  5.83    72.26
112679  112663  0.00    3.30
112688  112601  0.00    29.19
112688  112933  14.33   37.57
112693  112701  15.00   7.57
112696  112930  11.00   53.15
112696  112969  2.33    80.46
112701  112970  10.85   139.17
112703  112383  5.50    54.41
112715  112754  0.00    6.21
112715  113193  0.00    79.27
112719  112455  20.00   42.15
112719  112735  3.00    24.90
112720  112173  9.32    130.45
112720  112425  0.00    70.54
112728  112542  5.05    51.06
112735  113121  8.43    83.82
112735  112455  5.68    46.47
112736  112129  9.42    107.51
112744  112665  0.00    62.88
112744  113282  9.17    85.27
112754  112153  8.24    105.83
112758  112849  9.00    61.13
112759  112209  4.75    98.20
112768  112671  11.13   70.09
112768  112065  8.17    114.32
112779  113030  3.00    57.97
112779  113176  6.00    67.06
112783  113220  9.62    75.31
112783  112370  10.90   115.67
112794  113247  9.06    78.36
112812  112056  3.00    126.95
112820  113174  6.50    57.06
112825  113461  9.33    110.15
112834  113298  20.00   78.22
112846  113282  3.00    131.78
112846  112759  0.00    14.12
112848  113247  9.20    115.26
112848  113328  7.14    83.34
112849  112949  2.33    60.70
112849  113663  8.67    129.20
112860  112244  15.00   100.67
112860  112935  10.00   86.24
112864  112768  14.00   67.32
112864  112063  9.33    130.17
112877  113243  8.67    69.88
112877  113206  9.00    125.69
112878  112192  11.50   106.78
112885  112864  3.60    9.52
112888  112395  7.67    116.91
112888  113049  6.50    42.96
112902  111998  8.75    143.45
112902  112515  4.77    102.53
112905  112942  1.00    5.33
112920  112703  10.00   76.77
112930  113208  7.90    61.73
112930  113126  0.00    48.62
112933  113042  0.00    25.15
112933  113089  0.00    24.43
112935  113223  4.75    87.45
112942  112820  0.00    32.34
112942  113174  2.60    35.25
112944  112885  1.00    35.37
112944  113354  7.40    65.32
112949  113038  7.25    60.75
112949  113717  7.50    123.08
112960  112499  3.00    80.35
112969  113251  7.25    80.46
112970  112905  0.00    16.37
112975  113475  0.00    131.60
112990  113389  23.83   119.30
113018  112679  5.33    61.26
113018  113408  5.50    117.12
113020  113186  3.19    119.67
113036  112860  0.00    46.34
113036  113149  0.00    22.36
113038  113081  0.00    30.96
113038  113754  4.40    115.25
113042  113036  0.00    7.43
113045  112548  0.00    86.13
113049  113208  6.75    39.63
113052  113506  11.00   78.45
113069  112679  10.75   118.12
113069  112488  8.61    106.09
113076  112944  4.75    62.90
113076  112569  6.09    83.10
113081  113142  0.00    31.66
113089  113160  0.00    9.89
113089  113042  0.00    23.24
113101  112720  3.00    107.22
113121  113186  7.77    81.03
113125  112720  0.00    103.75
113125  112614  9.11    91.33
113142  113230  10.50   61.58
113142  113784  3.60    104.91
113146  112693  19.89   88.88
113146  113339  0.00    33.47
113149  113375  0.00    41.15
113149  113160  10.00   16.26
113151  113125  0.00    9.26
113151  113337  15.00   102.08
113160  113375  6.40    33.45
113174  113676  10.12   85.82
113174  112970  2.00    47.35
113176  113802  5.67    117.09
113176  113004  0.00    58.07
113186  112624  6.31    89.32
113193  113617  0.00    79.36
113195  113647  2.00    78.40
113195  113076  3.00    64.37
113206  113339  7.71    96.20
113206  113923  8.38    131.28
113208  113253  10.00   11.98
113212  112754  8.00    78.17
113220  113611  10.20   75.31
113223  113487  9.00    84.07
113223  112846  6.50    64.16
113230  113295  4.75    50.40
113243  112902  10.00   88.19
113244  112783  9.92    115.22
113244  114019  8.42    140.87
113247  113679  8.63    83.25
113247  113611  8.08    114.71
113251  113593  13.20   108.59
113251  112600  5.26    111.80
113253  113511  5.50    78.22
113282  113660  5.60    63.83
113287  112728  8.21    141.80
113295  113354  5.33    28.08
113295  112885  8.00    64.46
113298  113608  50.00   55.13
113303  112490  10.80   131.15
113303  113195  6.50    63.94
113309  113523  11.50   87.52
113328  113761  4.00    83.48
113328  113679  10.46   114.86
113339  113424  0.00    58.28
113354  113876  12.44   85.53
113368  112703  6.93    107.20
113375  113536  9.00    28.69
113376  113253  0.00    25.23
113376  113049  0.00    55.89
113389  113537  12.29   51.95
113408  113069  9.55    59.26
113408  113761  3.84    116.29
113424  113146  10.00   61.26
113428  113946  10.00   84.03
113428  113303  5.43    63.82
113432  113376  0.00    11.23
113434  112719  9.10    112.79
113475  113900  0.00    130.68
113487  113741  0.00    84.04
113506  113298  11.00   66.74
113506  113561  0.00    10.05
113511  113778  4.92    78.22
113523  113631  7.43    19.27
113530  113428  5.43    59.80
113530  114114  4.75    90.23
113536  114077  8.17    81.73
113537  113045  13.55   86.28
113537  113608  0.00    22.16
113549  113076  9.80    77.45
113561  114371  3.20    136.08
113563  112812  7.25    126.51
113563  112878  10.00   106.78
113573  113223  14.33   65.50
113573  113309  6.00    86.78
113593  113975  6.40    108.59
113608  114364  1.00    124.48
113611  114019  9.07    115.98
113611  113994  9.14    65.57
113617  113212  9.31    77.84
113631  113536  2.67    65.04
113631  113960  10.00   48.07
113636  114015  0.00    64.40
113642  113243  0.00    124.63
113647  114171  11.20   78.37
113660  114235  5.60    85.72
113660  113530  3.00    64.89
113676  113701  10.00   28.02
113676  113809  11.00   21.27
113679  114185  10.00   81.53
113701  113434  3.00    48.12
113710  113018  7.80    127.36
113741  113660  0.00    22.07
113759  113287  5.61    141.12
113761  114405  6.88    107.87
113761  114185  5.05    116.50
113767  113303  8.67    78.26
113774  113244  9.54    144.96
113778  113251  10.31   118.60
113778  114187  5.33    107.02
113784  114490  7.07    104.91
113802  114289  5.71    79.04
113802  113432  8.57    115.26
113807  113230  8.22    93.68
113809  113424  7.88    100.03
113809  114041  0.00    34.75
113846  113573  10.75   83.83
113848  114003  11.56   135.00
113866  113701  3.00    22.77
113866  113809  6.60    39.25
113876  114419  11.50   85.51
113900  114181  6.40    129.09
113923  113970  0.00    6.56
113935  113866  3.00    10.84
113936  114327  16.67   64.59
113936  113523  9.41    125.59
113936  113573  7.67    62.54
113938  113935  0.00    118.92
113938  113434  10.50   140.34
113938  113781  10.00   116.01
113946  114478  0.00    84.02
113960  114608  10.00   96.94
113960  114327  8.62    106.94
113970  113642  0.00    123.36
113975  113389  14.33   116.04
113975  114264  8.00    75.39
113994  114217  20.00   58.08
113994  114483  7.55    84.17
114003  114123  1.50    134.86
114015  113710  2.33    84.55
114019  114796  7.75    134.57
114019  114211  9.27    49.44
114031  113432  11.00   108.23
114041  114055  0.00    78.35
114041  114154  0.00    16.49
114042  114171  7.13    63.25
114042  113549  20.00   77.45
114055  113970  6.25    78.53
114071  113935  0.00    20.09
114071  114041  0.00    54.88
114077  114626  8.57    81.86
114080  113774  5.80    81.00
114090  113759  8.67    139.19
114114  114689  3.00    90.23
114123  114071  0.00    22.26
114123  114132  0.00    19.42
114124  113950  2.56    143.81
114132  114154  1.67    62.03
114132  114071  3.00    8.24
114136  114015  11.50   32.05
114136  113408  9.13    129.28
114146  113741  0.00    66.01
114146  113846  4.25    84.00
114154  114236  0.00    11.73
114154  114090  12.60   138.10
114171  114298  7.25    65.14
114171  114469  0.00    49.54
114181  114236  7.18    128.25
114185  114370  10.00   34.08
114185  114483  3.00    116.17
114187  114598  8.86    121.76
114187  114266  0.00    22.67
114211  113913  2.00    49.48
114211  114525  7.89    95.04
114224  113802  4.56    115.81
114224  113710  2.71    84.40
114232  114124  4.25    143.65
114232  114132  0.00    40.49
114235  114768  7.76    85.72
114236  114232  11.67   26.45
114264  113537  10.13   118.94
114266  114867  5.68    105.95
114266  114456  5.20    58.69
114289  115023  7.08    136.54
114298  113767  5.17    78.31
114298  114346  0.00    22.97
114327  114447  3.00    39.65
114346  114479  0.00    22.27
114346  114478  3.00    42.17
114364  115034  0.00    123.69
114368  114080  10.00   94.08
114368  114926  9.20    99.23
114370  114203  0.00    51.04
114370  114870  11.13   87.64
114378  113561  12.50   123.02
114405  114997  8.53    107.87
114409  113936  10.73   137.16
114409  114723  0.00    63.57
114410  114308  8.18    89.16
114419  114042  7.13    118.36
114427  114419  3.00    16.12
114438  114427  6.50    36.44
114438  113807  8.67    93.68
114447  114576  3.00    38.08
114456  115033  9.20    105.60
114456  114659  11.50   57.88
114478  114515  3.00    11.18
114483  114716  0.00    39.56
114483  114796  4.72    115.91
114491  114409  10.00   29.82
114491  114146  3.00    62.49
114515  115191  0.00    113.41
114515  114689  16.67   48.84
114525  114814  7.91    80.35
114525  113774  9.36    129.14
114528  114621  7.73    82.34
114561  114368  6.50    100.99
114576  114714  3.00    42.35
114576  114586  5.33    41.69
114586  114447  0.00    22.44
114586  114608  9.80    122.22
114589  115255  3.00    108.47
114589  114528  8.08    56.70
114598  113975  1.00    118.48
114598  114901  10.18   90.44
114608  114626  7.25    62.35
114616  114224  5.80    116.75
114616  114136  6.50    85.16
114621  114656  9.83    55.13
114626  114944  4.00    50.59
114656  114561  4.75    82.62
114659  114031  8.17    108.23
114659  115023  8.25    116.68
114682  114146  6.00    85.00
114682  114491  3.00    65.63
114689  114768  8.00    67.49
114702  114589  9.30    87.73
114702  114410  10.50   45.56
114714  114723  0.00    3.94
114716  114852  0.00    47.25
114716  115049  8.25    64.47
114723  114883  10.00   35.84
114768  114786  3.00    20.15
114768  115241  8.83    77.90
114786  114682  10.00   54.41
114796  115061  4.08    101.16
114796  115010  10.00   40.46
114814  114080  7.55    128.52
114816  114289  10.50   112.08
114833  114427  0.00    63.47
114843  114479  0.00    64.49
114867  115417  6.13    105.95
114870  115014  0.00    49.54
114870  114919  20.00   9.89
114883  115160  0.00    55.38
114883  115528  9.08    121.52
114901  114264  9.67    113.44
114919  114745  0.00    49.96
114919  115055  3.00    29.60
114924  114993  10.75   106.79
114926  115466  10.55   99.23
114944  114378  1.00    119.17
114944  114993  3.00    8.07
114990  114224  9.58    138.31
114990  114816  3.00    56.58
114993  115331  5.50    68.51
114997  114616  10.75   115.34
114997  115576  3.00    108.36
115008  114816  3.00    37.23
115010  115564  16.67   103.42
115015  114924  10.00   106.88
115015  114714  0.00    66.43
115023  115843  11.09   146.87
115023  115401  9.80    116.33
115026  114702  9.23    53.49
115033  115605  2.33    105.60
115034  115666  0.00    123.10
115049  115761  4.43    127.66
115049  115206  3.00    53.40
115055  115170  11.50   108.99
115055  115369  8.17    56.95
115061  115238  5.17    44.62
115073  115424  7.30    84.18
115106  115026  8.50    78.93
115121  115466  9.91    96.81
115121  114814  10.14   60.91
115129  114621  6.17    86.61
115146  114528  10.54   101.89
115157  114561  7.75    112.84
115160  115015  0.00    56.03
115160  115469  0.00    51.25
115170  114997  9.20    61.59
115174  114616  8.93    107.79
115195  114659  5.80    105.23
115216  115331  6.50    82.49
115235  114786  0.00    88.42
115238  115451  7.00    44.17
115238  114525  26.67   131.15
115241  115750  7.18    77.90
115255  115952  8.67    108.46
115331  115406  5.33    13.59
115351  115073  3.00    83.35
115351  115853  9.83    92.37
115369  115870  9.93    87.47
115369  115170  9.00    54.84
115401  115793  8.43    113.42
115401  114990  6.50    76.62
115404  114656  9.20    130.82
115406  115646  6.50    104.28
115406  115562  3.00    34.89
115417  115566  3.00    27.82
115423  115480  4.86    111.67
115451  115612  3.75    38.76
115451  116090  3.00    118.72
115466  115798  9.20    94.66
115469  115925  7.20    81.18
115469  115216  9.80    129.79
115480  115574  6.00    67.71
115489  115351  0.00    25.60
115503  115900  0.00    95.40
115503  115423  2.64    22.92
115507  115026  5.50    76.29
115528  115710  0.00    29.85
115528  115235  8.10    85.32
115562  115592  5.20    5.35
115562  116142  6.93    132.80
115564  116139  5.43    103.44
115566  114901  5.82    134.34
115576  116178  9.80    108.39
115592  115489  9.13    86.75
115598  115010  8.67    129.81
115605  115886  15.00   50.20
115605  115417  0.00    58.11
115612  115842  4.63    47.17
115612  115121  3.00    88.49
115637  115592  0.00    8.71
115646  115216  0.00    68.34
115661  115129  10.00   86.61
115661  115746  0.00    47.64
115666  116250  15.75   122.98
115666  115863  9.00    43.78
115710  115925  10.00   130.95
115710  115469  13.25   81.20
115735  115061  3.00    119.94
115735  116477  9.50    134.84
115746  115796  10.00   28.44
115750  115984  9.94    68.55
115750  115503  5.19    79.54
115761  115369  7.64    116.65
115761  116361  6.62    108.81
115793  116178  11.00   116.94
115793  115174  11.20   107.85
115796  115146  9.00    101.89
115796  115889  9.38    81.07
115798  115157  3.00    112.86
115798  116100  5.40    95.60
115805  115605  0.00    56.24
115805  115195  11.50   105.23
115813  115480  1.00    53.59
115813  115946  6.50    65.21
115840  115489  8.09    69.14
115842  116084  5.47    62.32
115843  116629  6.90    146.87
115853  116295  1.00    90.35
115853  115424  5.33    99.24
115863  116295  6.00    111.32
115863  115424  5.43    92.96
115866  115761  0.00    27.32
115868  115840  8.67    5.00
115868  115637  0.00    49.90
115870  116545  6.57    128.58
115870  115836  0.00    58.28
115877  115866  3.00    5.77
115877  116157  1.00    53.60
115886  115566  12.67   60.14
115889  116372  7.57    77.18
115889  115918  5.50    29.81
115918  116577  0.00    105.88
115918  115952  4.00    24.87
115925  115646  11.50   88.17
115952  115980  10.00   24.70
115980  115507  12.50   76.29
115980  116066  5.50    79.45
115983  115238  4.71    132.66
115984  115710  11.50   108.13
115984  116137  0.00    28.29
116002  115401  6.67    108.97
116045  115877  0.00    54.27
116045  115866  0.00    125.24
116084  116415  6.26    122.82
116084  116659  8.38    103.88
116090  116744  3.00    118.74
116100  116562  9.17    81.41
116100  115404  11.36   129.57
116137  116327  0.00    45.41
116137  115807  0.00    114.41
116139  116583  6.70    82.83
116139  116045  7.67    28.06
116140  115886  11.00   60.40
116140  115805  3.00    63.41
116142  116521  7.56    126.43
116142  116861  7.90    143.30
116143  115661  3.00    76.78
116163  115813  13.20   59.98
116178  116545  7.80    116.52
116178  116768  6.71    108.35
116246  115840  13.25   82.27
116262  115612  2.00    114.72
116270  115863  10.50   93.63
116271  115796  9.50    76.38
116291  115868  9.88    87.68
116291  117032  0.00    146.23
116295  116646  7.14    91.35
116295  116742  8.86    93.07
116327  116049  0.00    79.28
116327  116478  0.00    53.22
116333  115598  6.00    131.87
116333  116139  7.29    57.58
116361  116952  7.36    108.81
116372  116844  13.83   77.18
116387  115793  4.88    108.70
116394  115746  0.00    103.79
116398  115637  0.00    137.88
116415  116524  5.73    103.55
116433  115842  12.00   109.65
116460  115980  6.50    77.61
116471  115959  0.00    90.43
116471  116635  0.00    57.93
116477  116333  2.00    45.19
116478  116471  0.00    46.28
116478  116718  0.00    80.64
116521  116908  9.89    126.48
116522  116477  3.00    13.93
116524  116562  6.35    31.63
116562  117505  10.54   148.47
116562  116626  7.27    51.86
116583  116872  5.33    49.82
116583  116423  11.50   53.02
116588  116002  7.56    108.97
116613  116522  7.75    27.90
116613  115983  11.50   115.51
116626  116634  6.50    9.72
116626  116143  8.50    76.93
116634  116734  4.33    72.90
116646  116246  13.33   82.23
116646  117032  3.38    90.41
116659  117224  8.35    103.88
116734  116271  8.82    76.38
116734  116765  10.00   21.10
116744  116613  8.13    42.69
116765  116844  9.24    57.75
116765  117443  10.04   111.02
116831  116744  0.00    24.79
116844  116877  5.50    17.24
116861  117273  9.20    138.90
116877  116958  3.67    63.24
116887  116262  4.67    114.66
116908  117270  3.71    126.48
116958  116971  4.25    10.89
116958  116460  11.00   77.61
116971  117433  6.00    79.30
116971  117067  5.94    67.50
117014  117329  4.67    89.94
117014  116291  5.50    139.07
117017  116398  0.00    135.40
117032  117448  2.00    91.08
117032  117333  6.58    87.15
117040  116415  7.29    111.22
117050  116433  11.00   109.65
117122  116522  14.00   106.79
117123  116646  13.25   91.63
117232  116524  8.00    129.19
117273  117693  4.73    138.87
117303  116634  10.00   109.05
117329  117725  15.00   74.03
117333  117725  5.14    93.40
117333  117014  10.00   72.94
117481  117329  20.00   119.62
117545  116877  8.39    109.93
117725  118089  5.33    89.37
117784  117481  7.80    92.56
117806  117333  8.00    91.86
118053  117784  7.67    60.59
118089  118466  10.00   90.50
118089  117481  10.33   117.68
118204  117725  6.13    91.11
118282  117806  10.50   91.82
118466  117784  6.50    130.57
118466  118891  5.00    106.96
118587  118089  4.67    91.47
118684  118204  7.46    91.11
118872  118466  1.00    81.92
119008  118587  10.00   91.47
119279  118872  10.25   81.83
87082   87644   0.00    110.06
87082   87682   10.00   100.39
87518   87948   50.00   80.72
87644   88283   3.00    112.40
87682   88250   11.00   100.28
87694   87421   3.50    44.28
87827   87694   16.60   80.80
87948   88663   10.00   117.64
87948   87855   0.00    67.46
88206   87827   4.25    63.99
88206   88446   9.80    113.16
88250   88800   2.50    100.70
88250   88283   1.00    14.87
88283   88403   3.00    75.86
88403   87694   9.00    120.21
88446   88659   9.38    113.16
88561   89102   10.00   99.05
88643   88206   4.40    68.35
88659   88995   3.00    63.47
88663   89321   4.25    118.33
88800   89358   13.25   102.36
88821   88643   6.71    108.09
88838   89400   3.00    105.95
88838   89446   9.00    126.27
88918   89249   8.77    103.29
88995   88821   6.75    108.09
89076   88643   4.58    80.76
89076   88403   10.00   132.74
89102   88995   11.00   61.27
89241   89102   5.14    62.61
89249   89303   0.00    11.23
89255   88897   8.17    65.36
89255   89241   0.00    7.94
89303   89403   10.00   24.40
89308   89303   0.00    43.82
89321   89308   9.71    26.58
89332   89255   9.38    49.82
89358   89321   34.33   59.95
89400   89358   0.00    55.34
89403   89804   6.64    129.36
89421   89957   0.00    124.23
89423   89332   5.50    53.26
89446   89400   6.50    49.91
89446   89863   13.19   74.32
89516   89423   6.14    55.82
89586   89249   0.00    86.92
89664   89403   0.00    68.15
89784   89076   7.68    136.93
89790   90055   7.83    75.85
89804   89868   6.86    125.74
89823   89332   6.88    93.69
89863   89784   6.36    82.60
89868   89863   3.00    16.17
89909   89423   9.80    93.52
89944   90581   8.27    111.60
89957   89784   3.00    99.10
90012   89516   14.33   93.15
90055   90498   0.00    79.08
90094   89957   7.00    75.61
90123   90580   9.96    82.48
90127   89618   3.00    93.47
90157   89868   3.00    50.14
90157   90224   9.25    72.91
90214   89699   8.17    95.35
90217   90580   6.88    86.33
90224   90763   7.90    97.55
90224   90489   11.50   101.09
90230   90094   5.41    75.61
90260   90498   0.00    85.35
90328   89823   10.60   93.69
90328   90230   5.00    53.94
90441   89909   7.69    93.52
90441   90328   8.60    55.31
90489   90888   18.63   75.45
90498   90853   0.00    68.99
90541   90012   9.20    93.15
90541   90441   6.23    55.16
90578   91163   17.00   111.22
90580   91279   6.65    132.51
90581   91025   6.75    81.84
90600   90575   20.00   26.64
90600   91102   3.00    93.09
90627   90127   5.50    93.47
90627   90541   6.14    55.12
90642   90658   0.00    10.36
90698   90489   8.67    125.24
90708   90157   20.00   101.96
90732   90627   6.13    53.75
90732   90214   13.20   95.28
90733   90828   8.13    99.95
90755   90600   3.00    73.37
90763   91316   9.08    97.50
90828   90434   10.82   73.59
90828   90581   10.00   84.25
90853   91237   3.00    69.07
90853   90698   6.75    124.76
90857   90732   3.70    67.47
90880   90857   11.17   10.37
90888   91289   3.00    70.37
91025   90880   5.50    67.96
91102   91669   15.00   93.09
91113   90888   3.00    124.50
91155   91453   10.00   97.03
91157   91155   1.00    94.52
91157   90755   3.00    77.25
91163   91844   4.67    111.19
91237   91113   9.38    123.88
91237   91617   14.91   132.49
91279   92088   7.97    133.33
91289   91521   0.00    34.61
91293   90708   10.00   102.21
91293   91316   8.67    50.63
91316   91521   4.25    79.46
91316   92180   11.71   137.83
91321   91904   9.58    108.52
91325   90828   8.11    89.11
91325   91025   6.13    132.84
91352   90937   5.00    141.02
91352   91325   3.00    6.59
91388   91293   8.00    30.72
91388   92243   9.36    137.86
91391   91723   4.88    77.76
91453   91543   6.50    79.02
91491   91080   6.00    102.00
91517   91289   7.42    89.41
91521   92279   8.38    124.05
91521   91996   6.78    116.98
91543   91720   0.00    31.33
91557   91567   6.88    74.35
91567   90913   0.00    104.33
91567   91627   12.11   72.77
91613   91543   11.00   58.47
91613   91720   8.44    52.09
91614   91613   0.00    4.72
91614   91157   10.00   75.91
91617   91517   7.00    88.84
91617   92083   0.00    76.74
91627   92501   8.29    143.89
91627   91453   8.50    127.06
91666   91352   7.15    80.58
91666   91491   4.94    43.94
91669   91614   2.33    69.66
91720   92404   9.30    143.75
91723   92137   5.89    74.40
91723   91538   3.00    77.61
91801   92088   5.40    120.58
91844   91669   10.00   71.98
91880   91666   3.91    40.69
91888   92400   7.09    117.53
91888   91557   5.67    93.95
91904   92280   10.00   61.46
91934   91453   11.50   91.37
91937   91388   6.91    112.78
91947   92137   11.50   110.41
92046   91567   7.83    78.55
92060   91996   9.44    72.90
92076   91557   9.58    86.03
92083   92060   19.86   21.21
92088   92107   11.25   108.38
92088   92462   12.67   71.30
92107   92559   3.00    97.08
92107   92083   10.85   45.91
92137   91904   2.00    78.40
92147   92162   9.25    73.81
92162   92297   7.39    59.13
92180   93140   9.81    137.81
92220   91707   10.08   91.45
92243   93188   10.19   137.88
92279   93144   9.24    124.04
92280   92470   9.80    117.81
92292   92147   3.31    72.09
92297   91844   5.90    79.10
92332   91737   7.81    116.60
92400   93158   7.43    119.69
92404   92292   9.83    58.73
92470   92220   8.67    117.20
92488   91934   10.00   93.30
92488   92404   8.08    74.03
92501   92488   8.83    71.36
92501   93579   9.91    148.11
92515   92501   7.18    71.96
92515   92046   11.50   78.55
92559   92060   10.25   81.94
92566   93366   6.56    106.60
92570   92220   7.25    72.61
92570   93309   4.73    103.54
92584   91880   5.27    121.29
92603   92443   3.00    25.00
92605   92515   8.29    73.79
92605   92076   11.50   86.03
92681   91937   5.33    116.26
92792   92890   0.00    27.98
92792   91888   18.25   138.55
92795   92941   2.00    110.96
92856   91996   5.73    129.69
92860   93567   7.83    97.68
92870   92147   5.33    107.37
92884   92947   8.00    118.60
92890   92605   5.70    62.60
92923   92603   10.00   39.95
92924   92220   4.17    107.74
92939   92292   13.25   94.51
92941   92551   5.14    58.51
92945   92162   6.00    116.05
92947   92923   0.00    26.17
92947   92603   14.33   51.12
92980   92570   9.67    72.61
92984   92980   7.82    119.51
92984   92280   8.57    101.88
93021   92404   3.83    83.00
93070   92488   2.67    75.39
93111   92792   11.20   40.99
93111   92890   2.00    38.74
93140   94126   9.07    137.81
93144   94024   10.79   124.04
93158   93111   2.50    13.81
93159   92515   9.00    86.32
93167   92941   4.25    56.85
93167   92378   4.75    112.13
93187   93158   0.00    7.73
93187   93701   8.00    78.36
93188   94191   7.15    137.90
93286   92559   6.53    97.85
93296   92980   8.14    76.94
93309   93981   11.36   102.99
93329   92605   7.67    97.51
93366   94132   8.53    106.59
93383   93167   20.00   144.71
93398   93047   7.36    61.59
93474   92584   4.08    121.70
93475   92984   8.29    71.92
93529   92681   7.86    116.21
93567   94248   10.07   97.68
93575   93296   10.67   76.21
93579   93775   7.25    68.82
93587   93070   8.00    75.15
93587   93579   10.57   68.10
93601   93021   3.00    82.95
93601   93587   8.17    74.77
93621   93601   8.92    73.27
93621   92939   11.00   94.51
93631   94521   8.55    126.08
93633   92870   10.75   107.36
93633   93621   7.33    73.52
93646   93989   4.75    121.93
93653   93167   6.56    117.68
93653   92924   9.80    107.33
93701   94192   6.63    78.62
93705   93474   5.37    31.59
93710   92923   10.80   107.90
93721   93653   0.00    16.13
93742   93883   8.50    80.85
93762   93187   7.83    85.64
93762   94436   8.85    109.08
93767   93383   6.40    88.71
93775   94000   5.40    74.77
93775   93159   5.67    85.84
93786   93633   8.14    79.49
93786   92945   8.50    116.05
93790   93721   0.00    110.59
93792   93146   7.88    87.92
93799   92856   5.82    129.61
93818   94035   6.50    38.47
93818   94190   7.67    82.67
93840   93383   3.00    71.13
93840   93790   3.00    110.52
93860   93840   0.00    3.17
93883   93398   11.50   84.11
93928   93786   0.00    46.84
93973   93721   11.00   71.03
93981   93973   8.00    11.94
93989   93981   11.50   11.30
94000   94192   7.67    54.25
94000   93329   10.57   96.92
94035   94412   11.50   56.42
94053   94035   4.67    75.14
94068   94270   5.18    108.62
94124   94548   3.00    62.87
94132   93710   8.17    102.92
94132   94661   9.00    78.69
94147   94692   0.00    84.05
94178   93398   10.54   132.04
94181   93705   6.67    68.55
94190   94707   20.00   85.03
94192   94436   9.40    71.28
94206   93529   6.41    113.37
94248   94919   11.00   97.51
94248   94132   8.13    73.00
94270   94351   11.11   108.32
94332   93767   8.00    92.25
94332   94707   0.00    94.30
94351   93860   9.00    96.50
94367   94351   0.00    3.86
94367   95327   10.33   144.62
94396   94397   7.90    105.05
94396   93742   9.00    120.31
94396   94476   6.50    94.64
94407   94248   13.86   74.68
94407   93792   10.25   87.92
94412   94970   8.23    100.29
94425   94947   4.56    97.30
94435   94425   3.00    51.52
94435   95081   10.00   111.02
94436   94680   7.11    85.51
94476   94917   7.25    97.72
94521   94407   9.38    72.44
94521   95593   7.11    146.29
94525   94817   10.00   56.33
94541   94090   11.06   64.91
94548   95557   10.46   139.81
94548   94743   7.18    134.88
94602   93762   8.35    139.27
94618   95604   9.09    131.86
94640   95096   6.40    104.30
94640   94332   3.00    63.33
94661   94961   9.63    41.96
94661   94178   10.22   128.14
94686   95036   9.11    92.78
94686   95208   8.33    75.53
94692   94521   7.50    112.64
94707   95096   8.67    64.04
94739   95635   4.75    115.51
94743   94367   2.60    94.73
94743   95379   7.62    133.29
94769   94397   11.00   59.33
94772   94609   5.50    25.45
94805   94541   11.00   60.78
94806   95091   5.50    87.56
94806   94618   10.60   78.73
94817   94910   0.00    34.28
94817   95535   3.00    104.43
94825   93860   9.80    143.37
94825   94640   9.80    40.67
94829   94692   10.64   71.71
94829   94772   0.00    12.96
94842   94769   8.10    147.54
94844   94735   11.50   14.91
94852   94746   1.00    14.45
94910   94734   3.00    22.74
94917   94842   7.20    110.24
94919   95684   6.83    97.51
94931   95975   7.71    145.25
94931   94830   6.88    13.29
94947   95576   11.50   97.64
94959   95346   9.71    88.76
94959   94541   8.13    60.77
94961   95640   6.67    87.56
94961   94917   10.00   61.87
94970   95634   4.75    100.15
94987   94844   12.31   44.14
95009   94407   10.46   90.48
95036   95802   4.25    96.74
95081   95820   8.86    110.70
95091   95827   6.00    91.87
95096   95517   5.33    62.46
95114   94743   15.00   72.36
95114   95715   3.00    95.15
95124   95419   10.57   61.27
95126   94987   8.08    51.37
95208   95845   9.00    75.66
95261   95126   4.40    51.90
95263   94959   11.38   45.00
95303   95426   11.13   111.40
95327   94825   10.00   81.73
95346   95841   6.91    88.95
95368   94829   13.67   145.40
95379   95855   5.91    83.50
95379   95327   0.00    6.66
95419   95351   7.65    114.79
95423   95261   8.63    52.74
95426   94842   8.25    97.25
95433   95263   9.00    20.52
95449   96212   9.00    99.04
95464   95762   2.33    92.24
95476   96034   11.11   112.25
95476   95419   8.60    5.89
95502   94769   11.00   97.82
95502   95303   16.67   111.54
95517   94825   7.25    126.41
95521   95604   3.00    27.66
95523   95430   7.57    8.79
95535   95736   1.00    84.15
95535   95979   4.40    59.35
95555   95114   4.00    66.02
95557   95659   0.00    11.94
95557   95555   0.00    15.80
95566   95433   0.00    14.33
95576   95893   4.00    47.40
95576   95820   0.00    53.60
95579   95426   20.00   19.85
95593   96681   10.33   146.29
95604   95749   11.50   54.56
95606   95423   6.88    51.35
95620   95517   0.00    27.34
95624   94987   9.60    85.51
95632   95635   2.00    29.80
95632   94811   11.00   104.80
95634   95946   3.00    51.08
95635   96092   0.00    60.64
95640   95579   8.67    97.09
95668   94852   11.00   112.16
95684   95640   7.25    73.14
95689   95388   0.00    93.88
95689   95502   0.00    23.43
95690   95555   4.40    17.68
95711   95684   10.50   37.03
95715   96079   11.29   92.89
95736   94910   2.56    105.22
95739   95711   20.00   36.25
95739   95009   8.55    90.49
95749   94806   7.00    119.87
95749   96459   11.15   92.41
95749   95827   11.50   52.76
95762   95689   3.00    10.74
95802   95606   6.20    83.05
95820   95979   7.80    79.95
95820   95993   0.00    29.30
95827   95844   6.40    32.41
95827   96499   5.33    87.66
95841   95476   3.00    62.19
95844   95845   5.33    20.36
95845   95802   12.29   52.20
95855   96133   4.36    82.17
95893   95634   6.50    60.71
95893   96299   14.33   54.83
95908   95261   9.20    84.81
95939   95126   10.05   110.46
95946   96133   5.33    29.34
95975   96641   6.43    140.55
95979   96428   3.00    65.28
96034   96502   6.47    111.82
96078   95711   12.50   84.61
96079   95379   7.25    85.65
96079   96425   20.00   87.83
96092   96205   3.00    15.42
96100   96092   14.33   40.97
96133   96269   0.00    20.79
96158   95566   7.82    111.86
96201   95606   8.25    85.31
96205   96601   4.40    52.60
96205   96210   0.00    52.89
96210   95979   4.25    100.30
96210   95736   4.67    64.47
96211   95624   11.90   85.45
96211   95668   10.25   109.22
96212   95661   6.00    120.71
96234   95841   0.00    82.08
96238   95423   9.80    111.39
96269   96576   11.50   48.02
96290   95762   6.25    136.96
96299   95946   3.00    77.98
96299   96655   9.83    51.69
96313   95739   6.00    76.71
96332   95523   10.25   104.15
96347   96078   40.40   83.24
96347   95579   10.33   124.65
96428   96741   0.00    52.46
96448   96512   0.00    42.04
96459   97054   1.67    92.41
96473   96935   3.00    76.55
96499   97059   11.50   87.66
96502   95856   6.00    113.54
96515   95368   7.20    152.34
96520   95908   12.67   84.64
96520   95939   8.75    107.66
96523   96610   0.00    19.64
96534   96290   6.00    134.94
96568   96347   20.00   35.49
96568   96704   0.00    114.39
96576   96968   0.00    110.22
96578   95604   8.67    126.34
96601   97055   7.80    70.30
96615   96428   5.33    97.61
96615   96955   3.00    55.68
96620   97259   3.00    101.84
96641   96961   7.59    135.58
96645   96601   15.00   57.00
96645   96212   10.00   83.57
96655   96269   8.67    92.82
96655   96968   4.00    51.95
96670   96210   9.00    62.72
96670   96615   0.00    32.30
96672   95844   8.80    113.09
96697   96158   6.08    111.40
96697   96234   0.00    83.08
96741   97235   11.50   79.01
96765   96238   7.54    108.53
96765   96201   11.25   85.23
96766   96079   1.00    103.31
96780   97337   6.00    100.43
96780   96750   3.00    9.22
96791   96534   10.33   136.34
96791   96568   7.40    43.50
96798   96286   8.00    111.67
96798   96645   5.75    84.82
96822   97323   0.00    79.07
96822   96741   7.25    49.35
96829   96791   11.50   115.87
96829   96313   15.00   76.71
96866   96822   8.43    22.79
96876   97266   11.50   59.17
96905   96829   1.00    31.92
96913   96576   8.50    65.74
96935   97403   3.00    76.55
96955   97831   6.80    138.93
96961   97278   5.01    130.34
96968   97417   3.00    73.20
97001   96798   14.33   79.66
97010   96780   5.50    81.67
97032   96332   9.38    104.13
97032   96578   8.67    122.25
97053   96955   20.00   49.44
97053   96670   20.20   58.99
97054   97311   4.00    39.39
97055   97848   8.00    119.69
97055   97119   5.33    88.57
97059   97054   11.50   52.11
97059   96672   1.00    103.90
97108   97364   2.50    60.70
97119   97317   3.00    89.21
97212   97181   0.00    16.58
97232   96697   6.48    131.80
97235   97736   10.60   78.91
97236   96890   11.50   78.13
97240   97010   7.47    81.73
97240   97601   8.63    58.42
97259   97614   2.00    59.24
97259   96989   9.00    119.17
97266   97212   14.60   57.30
97269   96641   8.15    102.84
97278   97600   6.54    135.88
97280   97669   8.33    76.41
97317   97001   9.50    62.97
97317   97885   0.00    122.47
97323   97827   11.50   79.07
97329   97240   5.97    30.30
97337   97950   7.36    100.93
97344   97266   7.40    76.71
97356   97891   5.50    84.26
97364   97706   3.00    86.60
97364   97473   0.00    29.81
97403   97407   0.00    0.59
97449   97691   7.40    128.32
97466   98153   3.00    114.74
97473   98067   3.50    126.94
97473   97944   7.05    99.94
97476   97001   7.53    111.46
97535   97236   11.00   77.68
97555   96961   9.60    100.92
97589   97535   0.00    21.90
97600   97939   7.03    121.38
97601   98272   8.76    94.59
97601   97625   7.00    118.07
97614   97356   5.33    124.23
97614   97923   3.00    98.93
97646   97476   0.00    32.57
97651   97625   0.00    3.66
97690   97589   6.50    87.32
97691   97317   0.00    59.23
97691   97885   5.50    97.54
97691   98321   7.94    114.89
97706   97986   3.00    85.62
97727   97646   0.00    12.25
97763   97344   10.75   80.44
97763   97690   9.80    87.27
97800   97053   5.30    115.07
97819   97669   7.50    25.39
97830   97557   11.23   84.73
97852   98298   11.50   68.69
97880   97269   7.39    102.24
97880   98209   11.58   130.76
97885   98450   6.09    111.09
97891   98409   0.00    84.14
97917   97278   7.78    102.62
97923   98550   4.70    103.74
97939   98139   6.61    120.75
97944   98472   13.33   101.78
97950   98592   7.90    111.32
97950   97955   3.00    124.50
97952   98376   6.50    66.97
97955   97651   0.00    41.56
97986   98025   0.00    18.68
97995   98298   0.00    74.05
98001   98301   6.92    84.73
98044   97830   7.88    84.27
98044   98451   6.47    64.34
98067   98001   11.11   82.82
98067   98146   0.00    19.32
98070   98025   0.00    7.74
98072   98070   0.00    8.41
98088   98571   10.17   90.72
98096   98606   8.33    81.39
98096   98044   6.01    107.74
98139   98096   6.86    84.08
98146   97819   12.80   64.26
98146   98263   0.00    26.33
98182   98016   7.33    140.11
98209   97555   9.69    100.78
98209   98531   4.00    136.82
98234   97763   3.00    113.73
98263   98658   7.19    104.66
98272   98770   7.97    80.72
98274   98272   8.00    66.06
98277   97600   6.13    103.88
98295   98234   9.83    10.72
98298   98726   11.50   71.40
98301   98667   5.71    61.93
98320   98350   9.18    70.81
98320   98815   10.86   81.90
98350   98376   11.29   64.65
98350   99198   9.83    137.58
98376   98976   12.38   101.58
98383   98320   13.20   64.35
98383   98869   0.00    82.80
98396   98702   7.13    51.82
98404   98658   7.80    56.66
98417   98295   0.00    23.29
98417   98546   4.75    121.64
98451   98701   6.22    41.00
98451   98855   5.71    66.24
98468   98798   10.00   55.09
98472   99128   11.50   104.47
98474   98972   3.50    110.96
98479   98970   4.40    130.67
98487   98417   11.50   11.77
98487   98636   11.00   66.68
98493   98383   10.56   64.68
98493   98952   1.67    77.66
98531   97917   7.13    102.57
98531   98863   8.14    141.04
98533   98263   4.43    46.70
98546   98155   4.17    126.41
98571   98043   10.00   91.80
98571   99017   12.00   84.18
98576   97955   0.00    96.32
98581   98265   7.20    53.13
98592   98722   8.74    105.50
98606   99130   7.48    81.39
98618   98182   5.80    142.34
98636   98833   7.80    74.63
98656   98581   3.00    11.91
98656   98493   9.27    67.52
98658   98968   2.00    78.20
98658   98925   6.50    59.95
98661   98487   0.00    27.82
98661   98707   0.00    48.48
98667   99024   11.00   59.12
98667   98780   11.13   110.18
98676   98312   10.00   64.10
98676   98934   8.00    93.40
98686   99286   8.00    98.70
98686   98583   3.00    17.31
98701   98855   0.00    29.11
98701   99165   5.75    103.40
98702   98581   11.67   70.12
98702   99009   10.00   51.17
98707   99243   8.00    84.09
98707   99309   10.00   128.68
98722   99184   20.00   73.86
98739   98196   5.80    111.22
98770   99391   9.00    109.67
98770   98739   9.26    104.78
98780   98902   14.33   110.22
98798   98702   7.80    53.50
98798   99103   6.50    50.84
98815   99341   7.56    81.89
98833   98850   0.00    95.15
98833   99104   0.00    69.62
98850   99394   0.00    100.28
98855   99693   9.76    126.40
98863   98277   8.63    103.84
98869   99399   7.86    82.78
98890   98656   8.84    41.01
98902   98533   7.89    60.12
98916   98610   2.33    52.33
98916   98820   9.80    142.79
98925   99329   8.67    97.99
98925   99382   14.33   67.87
98934   99282   6.50    94.17
98935   98139   8.47    128.02
98952   99459   10.36   77.69
98968   99324   9.50    78.23
98970   99546   3.00    128.91
98972   99447   11.00   97.30
98972   98798   4.11    104.43
98972   99154   10.00   89.33
99009   98890   0.00    69.33
99009   99356   11.00   51.59
99017   99507   13.25   84.13
99018   99324   8.33    57.32
99024   99167   7.67    110.08
99024   99422   2.67    60.94
99073   98916   8.50    25.72
99103   99436   11.50   51.86
99103   99009   0.00    54.63
99104   98636   3.00    77.18
99104   99180   0.00    58.25
99128   99971   1.67    130.57
99128   98667   3.00    105.85
99130   99681   8.27    83.77
99154   99286   5.50    89.25
99156   98976   0.00    26.49
99165   99612   5.71    102.83
99166   98610   11.20   103.26
99167   99298   8.86    110.03
99180   99243   3.00    46.88
99180   98661   5.33    82.87
99184   99189   3.00    63.82
99189   98576   10.00   96.32
99216   98890   6.00    50.50
99230   99073   5.91    94.61
99243   99256   1.00    10.82
99256   99309   16.60   37.12
99256   99496   0.00    35.77
99281   99103   11.50   93.56
99282   99507   8.09    59.92
99282   98676   5.83    111.44
99286   99859   3.00    91.60
99298   98902   8.86    59.61
99298   99382   0.00    63.89
99309   99412   11.20   87.66
99320   99819   11.40   128.12
99320   99156   8.67    29.40
99324   99471   10.56   29.91
99329   99471   8.67    36.16
99356   99712   6.00    57.01
99356   99216   10.00   68.88
99378   99230   8.25    59.25
99382   100248  8.67    140.40
99391   99189   6.05    103.33
99394   100272  6.56    142.97
99394   99522   0.00    48.81
99398   99104   10.25   141.17
99412   99650   11.18   35.42
99412   99555   26.75   70.28
99422   99787   3.00    55.92
99422   99527   9.83    77.88
99436   99356   3.00    55.89
99447   99281   3.00    93.56
99447   99863   5.80    75.86
99463   99189   2.86    95.59
99471   99631   0.00    39.05
99496   99735   6.14    75.68
99507   99750   6.50    67.79
99507   99913   9.86    75.18
99521   99073   5.00    78.19
99522   99398   50.00   135.74
99526   99436   3.00    41.74
99526   99871   0.00    55.45
99527   99620   7.33    77.90
99546   99463   3.00    92.98
99546   100106  2.82    96.15
99555   100196  4.67    104.27
99556   99216   12.94   51.78
99583   99522   11.50   11.07
99583   99658   6.27    55.99
99597   99960   7.25    65.91
99612   100106  6.61    103.77
99620   99961   10.40   53.72
99620   99695   11.00   64.32
99629   100245  9.07    108.33
99631   99320   0.00    59.47
99631   99649   9.00    6.31
99649   99890   9.80    59.93
99649   100174  7.00    104.55
99650   99496   5.91    134.51
99650   99950   0.00    70.36
99658   99734   6.25    53.68
99681   100206  7.14    83.77
99689   99526   9.00    100.10
99693   100233  4.75    86.55
99693   99130   8.59    132.94
99695   99298   12.67   61.57
99721   99378   7.86    59.67
99730   98863   9.77    141.87
99734   100481  7.25    128.90
99741   99556   8.44    29.59
99748   99230   8.86    91.27
99750   99166   10.00   103.28
99750   99946   13.20   60.99
99777   99184   8.67    90.59
99777   99629   8.14    103.56
99786   98935   10.67   128.02
99787   99873   0.00    78.00
99787   100141  6.40    56.15
99796   99329   9.13    92.26
99819   99999   7.80    100.71
99859   99282   6.22    102.47
99863   99689   11.00   100.17
99863   100303  9.20    76.25
99868   99485   16.00   70.27
99868   99721   5.50    30.40
99873   99961   7.00    78.00
99890   100126  5.13    58.91
99894   99378   8.89    97.05
99900   100367  14.60   77.99
99900   99869   3.00    30.51
99913   100307  15.00   75.16
99932   99741   11.50   31.54
99932   100208  7.73    107.42
99946   100226  6.40    84.97
99946   99521   6.87    78.21
99950   99970   9.40    29.27
99960   99868   10.50   26.18
99961   100305  8.67    58.09
99970   99900   10.00   61.89
99970   100537  8.30    95.69
99971   100766  10.00   130.55
99999   100100  10.79   119.03
99999   99596   3.00    61.90
100066  99960   7.43    32.90
100100  99932   8.29    26.15
100106  100921  6.10    133.68
100124  99693   13.25   102.23
100126  100133  0.00    1.89
100133  99819   10.00   61.17
100133  100294  8.80    52.72
100140  99859   8.00    50.18
100141  100507  12.75   63.77
100141  100219  16.67   77.58
100154  99721   8.60    83.12
100174  100746  11.20   105.61
100196  100827  6.20    103.86
100206  100759  9.17    106.01
100208  100466  7.80    107.42
100219  100305  7.67    77.58
100226  100394  7.67    51.66
100226  99748   10.11   91.34
100233  100206  7.33    104.21
100233  100621  16.14   65.20
100245  100894  7.03    108.42
100248  99796   4.56    92.24
100251  100566  5.75    60.26
100261  100066  6.80    66.82
100263  100894  9.05    121.39
100263  99777   8.25    84.79
100272  100341  2.00    54.05
100290  100100  6.90    34.02
100294  100297  5.80    80.74
100297  99999   5.19    50.70
100303  100764  5.83    76.26
100305  100370  7.00    64.68
100307  100140  0.00    52.28
100324  100762  10.00   81.89
100341  100389  9.00    55.15
100341  99583   0.00    121.89
100367  100537  0.00    73.49
100370  99695   8.05    111.02
100370  100248  9.83    78.75
100389  99658   7.86    119.99
100392  100297  8.60    38.50
100394  100570  10.00   51.36
100394  99894   8.00    97.18
100404  100776  0.00    85.47
100418  100911  6.14    110.32
100419  99950   11.50   85.80
100433  100404  0.00    18.40
100451  100066  6.50    80.37
100466  100176  7.67    55.14
100481  101308  4.25    129.15
100487  100124  6.00    98.30
100488  99946   8.80    109.75
100507  100622  7.91    109.83
100507  100887  6.17    57.95
100512  99750   6.43    149.82
100512  100307  0.00    63.19
100522  99730   6.68    141.92
100522  99786   9.06    127.09
100537  100892  4.00    53.85
100544  100290  15.00   102.50
100570  100154  10.50   83.20
100570  100902  15.00   87.25
100587  100392  4.11    75.44
100587  100290  9.00    51.58
100596  99890   3.60    145.41
100618  100566  3.00    9.29
100621  101320  6.11    139.55
100622  100767  3.00    109.89
100681  100750  0.00    64.96
100695  100618  0.00    12.84
100707  100297  10.29   81.36
100722  100294  1.00    83.10
100724  100263  8.67    78.21
100734  100488  5.63    43.19
100734  100512  5.00    59.99
100746  101314  2.50    88.41
100750  100892  5.75    108.47
100759  100918  5.38    40.95
100759  101320  9.88    104.63
100762  101203  10.00   81.88
100766  101536  7.80    122.44
100766  100507  0.00    80.73
100767  100370  8.62    63.49
100767  100823  9.43    76.22
100773  100126  10.29   134.03
100776  100797  0.00    2.59
100793  100124  10.27   108.94
100794  100433  0.00    60.57
100797  100824  2.00    52.24
100820  100488  0.00    86.31
100820  100226  3.00    111.60
100821  100979  8.67    85.42
100823  100746  0.00    76.28
100824  100794  0.00    6.68
100827  100979  6.50    28.24
100827  100419  0.00    84.24
100829  100544  14.33   102.52
100829  100466  4.43    58.92
100851  100522  8.42    87.24
100860  101503  3.60    145.50
100861  100587  9.08    98.45
100874  101175  5.17    85.26
100874  100734  3.00    24.40
100887  101268  5.83    61.34
100892  101564  9.33    108.00
100894  101341  7.33    76.40
100902  100451  10.00   80.45
100902  101203  7.67    84.77
100911  101150  0.00    40.65
100918  100522  5.77    63.73
100918  101216  8.00    85.50
100921  100487  6.73    98.30
100921  101161  10.00   39.07
100924  100392  8.44    102.99
100927  100369  7.44    95.16
100927  101255  3.00    122.89
100928  100746  6.40    96.48
100928  101314  5.33    112.10
100979  101694  7.25    110.33
100999  100820  6.50    51.68
100999  100394  8.86    113.06
101002  100887  9.88    109.84
101034  100660  10.35   82.34
101089  101143  0.00    7.13
101114  100707  9.83    81.13
101114  100924  9.83    101.58
101120  100861  8.95    98.48
101120  100829  10.10   50.97
101129  100621  11.00   82.02
101133  100587  7.40    113.19
101135  100722  6.40    82.53
101135  100928  12.20   68.17
101140  101002  5.50    109.86
101140  100767  8.67    58.57
101143  101570  10.00   75.72
101144  100911  7.71    47.55
101144  100851  8.77    87.13
101146  101207  1.00    11.68
101150  101245  6.50    62.70
101161  101896  5.22    113.47
101175  100820  11.00   68.74
101188  100724  8.58    78.21
101188  101814  8.90    118.76
101197  100999  10.00   52.06
101197  100570  5.33    114.36
101203  101841  8.50    114.33
101203  101542  9.80    94.90
101204  101133  0.00    55.59
101216  101603  7.65    106.35
101226  101140  9.20    83.33
101244  100874  3.00    69.65
101245  101308  3.00    58.96
101245  100389  7.65    135.75
101255  101467  4.92    122.84
101268  101675  1.00    62.58
101268  101387  8.67    109.76
101288  100927  2.20    63.31
101288  101120  1.67    67.43
101292  101135  11.20   55.95
101300  100902  11.50   75.58
101308  101915  2.33    93.98
101308  101431  11.29   110.67
101314  101226  5.80    83.32
101314  101738  0.00    62.86
101320  101516  13.33   53.62
101330  101292  0.00    9.65
101330  101114  3.00    40.06
101341  101814  7.67    76.39
101387  101520  13.33   109.75
101398  101599  3.00    55.17
101398  101175  9.83    44.29
101431  101564  4.25    109.39
101431  100750  3.75    108.23
101437  101942  11.00   82.28
101437  101204  6.67    98.14
101438  101300  0.00    39.41
101467  101951  15.25   77.73
101470  102031  8.50    105.32
101470  101330  7.67    49.26
101472  101188  8.80    47.72
101472  101642  9.20    87.85
101476  101129  7.90    79.51
101476  100793  4.56    108.93
101481  101398  11.89   21.09
101514  101197  15.00   86.76
101514  101300  7.00    39.23
101516  101672  9.53    38.95
101520  101645  15.00   89.91
101520  101140  6.42    62.09
101535  101135  10.00   90.46
101536  102286  9.63    121.35
101542  101986  12.00   118.69
101564  102156  2.33    91.94
101564  101694  3.00    110.21
101570  101986  6.67    75.31
101580  101660  3.00    13.62
101599  100999  2.20    109.04
101603  101838  8.81    104.89
101631  101481  2.00    25.34
101636  101183  5.39    87.51
101645  101738  10.00   89.85
101662  101288  2.33    135.91
101672  102068  6.14    109.86
101675  101811  14.33   109.62
101675  102060  5.17    59.99
101680  101470  8.56    63.56
101680  101133  7.00    97.60
101694  102294  8.88    93.24
101709  101204  5.50    76.51
101713  101599  0.00    18.82
101738  102128  0.00    61.96
101738  101535  10.00   87.85
101740  101476  9.20    76.72
101758  102470  0.00    144.62
101761  101120  6.50    106.18
101761  101437  8.25    82.62
101762  101680  16.67   12.56
101762  102117  5.50    85.30
101796  101869  3.00    14.92
101811  101930  15.00   109.62
101814  102512  8.67    114.01
101817  101207  6.73    106.87
101838  101891  8.77    40.19
101838  101245  6.93    92.41
101841  101514  2.86    86.25
101849  101216  7.85    95.29
101852  101662  7.18    69.92
101852  102241  8.80    74.45
101852  102283  7.67    85.84
101861  101713  8.67    25.15
101869  102332  8.95    86.83
101881  101197  11.00   123.50
101891  101915  4.67    19.42
101891  101998  3.00    16.60
101896  101970  3.00    11.25
101897  101292  11.00   123.61
101915  102032  5.33    110.64
101930  102047  10.86   96.29
101930  101520  8.88    61.21
101942  102392  10.33   81.37
101951  102368  11.00   67.39
101966  101288  9.43    113.21
101966  101761  1.00    67.06
101970  102753  7.38    127.84
101970  101740  7.20    76.71
101986  102646  9.40    114.85
101986  102405  12.67   115.69
101998  102297  10.36   131.73
101998  102432  6.31    69.26
102027  102106  0.00    14.33
102031  102390  3.00    102.32
102032  102156  5.40    107.54
102032  101431  9.40    92.22
102037  101631  14.00   75.85
102047  102128  8.50    96.21
102052  101841  1.33    58.62
102060  102286  15.50   35.29
102068  102170  6.50    28.14
102068  101849  4.25    35.64
102091  101472  5.92    101.20
102092  101636  3.57    81.12
102106  102600  8.93    87.72
102108  101849  6.45    79.83
102117  101709  10.00   74.89
102117  102392  10.00   71.88
102128  101897  11.20   119.32
102128  102542  6.50    60.60
102156  102528  7.25    60.37
102156  102294  7.33    112.85
102167  102477  7.50    80.95
102167  102052  3.00    33.89
102170  102563  8.54    142.57
102177  101762  10.00   80.66
102187  102060  7.80    109.76
102232  101636  7.00    108.90
102232  102701  8.46    122.15
102241  101951  7.00    66.73
102266  101662  6.90    146.13
102283  102756  15.50   85.63
102286  102456  2.00    26.16
102294  102324  6.67    27.58
102297  102032  11.50   41.03
102297  102528  8.27    96.08
102299  102108  0.00    78.95
102320  101861  7.00    86.44
102320  102818  7.25    71.36
102321  101930  9.00    60.90
102321  102187  10.33   109.77
102324  102361  9.30    30.64
102324  102897  7.77    86.29
102332  102858  10.17   86.83
102346  102275  0.00    12.94
102361  102438  5.40    61.32
102368  102037  6.50    74.57
102390  102542  4.75    98.98
102392  102418  7.67    93.88
102392  102894  0.00    87.10
102405  101817  8.56    106.69
102405  102817  12.29   96.40
102418  101761  7.22    115.55
102432  102782  5.75    122.44
102432  102790  9.00    46.44
102433  102321  11.00   102.50
102470  103247  0.00    143.71
102477  102646  3.00    37.13
102487  103270  10.05   124.41
102487  102170  7.26    86.54
102512  102768  8.04    126.27
102528  102985  9.83    70.63
102528  102897  8.73    134.76
102537  102997  9.00    88.24
102537  102177  7.10    79.12
102540  102117  15.00   81.20
102542  102433  4.67    102.44
102542  103020  9.40    64.59
102563  101838  7.91    112.60
102600  103152  10.68   87.72
102607  102537  7.85    18.26
102619  102995  20.00   63.89
102646  103146  8.46    118.68
102650  102241  3.00    79.66
102704  102563  7.25    18.04
102704  102790  0.00    41.28
102753  102810  3.75    10.35
102756  103114  10.50   64.75
102756  103053  11.00   67.29
102768  102091  5.52    101.20
102780  102846  0.00    9.44
102780  102321  6.11    62.30
102782  102297  8.67    70.09
102782  102985  9.57    86.95
102790  102949  9.00    23.92
102810  102895  3.00    17.08
102811  103417  8.92    110.11
102811  102734  10.75   10.28
102817  103184  8.67    97.37
102817  102232  4.40    93.67
102818  103255  3.00    63.43
102835  102607  2.00    61.62
102835  102390  0.00    62.57
102858  102487  6.65    87.57
102858  103614  7.76    142.38
102873  102052  10.50   137.77
102892  103115  0.00    48.73
102892  102446  7.33    91.14
102894  103368  7.25    87.07
102895  103016  0.00    24.97
102896  103101  8.86    31.98
102897  103161  7.00    104.37
102897  103349  7.23    69.50
102898  102346  6.96    89.30
102901  102966  3.00    10.06
102921  102320  3.67    117.79
102946  102266  7.56    146.28
102946  101966  10.25   149.49
102949  103433  12.60   72.64
102951  102835  1.67    64.54
102966  103681  10.75   128.03
102968  102368  8.25    114.28
102985  103180  4.00    71.31
102985  103418  7.80    70.76
102995  103547  10.86   101.32
102995  103696  10.14   125.80
102997  103368  8.25    73.42
102997  102540  10.75   81.10
103002  102951  0.00    39.30
103020  103427  5.14    72.77
103020  103002  6.80    18.46
103028  103504  10.75   90.96
103028  102946  4.00    20.05
103035  103020  3.00    26.06
103050  102818  8.33    49.58
103053  103504  8.00    107.56
103101  103253  5.35    25.93
103114  102650  6.71    80.18
103115  103597  9.14    117.28
103118  102418  4.40    118.03
103146  102405  8.14    116.60
103152  102858  5.71    74.51
103161  103253  5.80    36.10
103161  102361  10.79   112.38
103178  102477  3.00    110.21
103180  104051  6.77    143.34
103180  103349  5.14    68.78
103199  103115  10.00   16.79
103199  103663  3.00    79.24
103247  103998  0.00    144.41
103248  102782  11.20   69.57
103248  102949  11.50   111.67
103253  103479  2.77    46.43
103255  103587  0.00    55.05
103255  102892  6.80    79.91
103267  103114  7.67    26.94
103270  103978  9.42    124.41
103303  103687  9.83    81.21
103336  102817  4.70    85.90
103349  104270  8.29    142.99
103349  103627  9.56    124.52
103368  103733  6.50    75.69
103374  102704  5.44    96.40
103377  102921  10.00   68.74
103415  103152  5.54    73.38
103415  102898  9.50    89.30
103417  104031  8.00    109.93
103418  103248  6.40    78.39
103418  103871  15.00   72.58
103422  103053  0.00    71.97
103427  103064  1.67    112.39
103433  103695  11.00   100.17
103433  104173  5.13    104.91
103443  103559  20.00   76.56
103443  104235  8.67    111.37
103462  103028  10.20   102.66
103467  103427  0.00    11.52
103479  103627  4.91    25.88
103482  103336  5.40    29.11
103498  103146  7.80    65.66
103504  103896  3.00    72.27
103504  104014  7.75    112.24
103508  103199  11.50   74.48
103533  102921  7.25    119.85
103547  104125  8.06    101.33
103559  104220  4.57    93.72
103577  102968  5.33    114.92
103587  104251  4.75    93.32
103587  103508  6.50    17.82
103597  104123  7.50    117.28
103614  104392  7.65    142.34
103627  104176  3.35    92.83
103634  103415  7.09    53.91
103663  104043  4.00    77.67
103681  104383  4.40    127.84
103687  104108  6.67    81.21
103695  103248  7.83    72.41
103695  103871  8.86    71.19
103696  103479  10.50   79.84
103696  104210  11.33   76.23
103731  103336  6.67    107.98
103733  103936  3.00    40.46
103733  103118  6.27    117.80
103800  103422  10.00   70.84
103800  104294  11.00   106.48
103821  103937  3.00    83.50
103821  104452  5.50    93.30
103829  103661  0.00    123.27
103871  104568  8.80    115.23
103871  104051  6.00    71.68
103896  104294  0.00    71.74
103896  103422  3.71    106.50
103936  103462  5.71    102.67
103937  104049  6.50    84.84
103938  103377  11.50   84.60
103938  103960  0.00    4.19
103954  103696  8.43    102.72
103960  104341  3.00    84.28
103978  103374  6.29    95.42
103998  103800  10.00   35.36
104000  103829  0.00    123.27
104014  104365  8.00    81.16
104023  103508  0.00    83.94
104031  104643  13.25   109.93
104043  104517  5.00    94.13
104043  104387  8.67    80.18
104049  104135  2.00    61.20
104049  104943  7.83    131.65
104051  104270  7.58    79.91
104051  104577  3.00    87.37
104070  103467  5.00    120.52
104108  104320  4.82    44.15
104108  104356  10.60   57.44
104117  103377  6.50    135.43
104123  104387  7.00    55.49
104123  104414  5.33    72.90
104125  104721  9.50    107.81
104125  103954  6.25    102.19
104127  103880  5.91    62.33
104151  103498  7.24    99.74
104151  104339  8.33    36.03
104170  103731  6.50    108.19
104173  104890  7.77    104.92
104176  104488  2.55    58.69
104176  104754  9.50    115.42
104185  104000  0.00    123.29
104210  104426  9.33    96.88
104210  104754  9.15    86.09
104215  104185  0.00    13.90
104220  104845  0.00    94.04
104224  103998  0.00    38.16
104224  104535  6.50    66.17
104224  103533  5.40    120.24
104235  104960  11.36   110.05
104251  104863  9.40    93.32
104270  104488  10.50   93.29
104270  105083  9.85    132.17
104276  105129  8.50    138.04
104285  104070  3.89    41.42
104294  104682  6.50    75.47
104294  104786  9.33    111.88
104301  103474  9.43    117.85
104320  103936  7.30    84.17
104320  104733  7.14    92.57
104339  104778  8.95    80.68
104341  104117  10.00   71.22
104356  104564  9.47    77.94
104356  104668  3.00    59.51
104361  103695  9.00    109.12
104365  104733  9.89    81.16
104381  103821  3.00    99.22
104381  105226  11.50   125.84
104383  104070  2.50    107.69
104387  104832  9.83    84.70
104392  103978  7.25    65.93
104393  103896  3.00    112.38
104393  104014  6.50    72.33
104414  104778  9.27    79.41
104414  105074  2.00    130.39
104426  105053  8.67    90.12
104426  104758  6.86    124.64
104440  103880  6.50    93.03
104452  105078  5.44    93.30
104480  104215  4.00    130.79
104488  105326  4.43    128.18
104517  104863  2.50    64.90
104517  104023  8.67    83.78
104535  104948  13.80   78.85
104535  104394  5.75    32.80
104564  104794  8.67    67.46
104568  105289  7.90    115.09
104577  105106  11.08   87.37
104591  104127  3.90    128.51
104592  104392  5.13    31.27
104592  104890  6.00    82.50
104618  104697  3.00    35.95
104619  105229  0.00    110.06
104643  104383  9.68    86.98
104664  104276  8.38    78.57
104664  105286  7.30    91.69
104668  105006  9.38    71.72
104682  104224  11.20   105.85
104685  103937  7.86    109.64
104697  103960  8.80    109.23
104697  104834  0.00    58.89
104716  104127  4.75    99.93
104721  105173  5.33    85.94
104721  104741  7.67    67.23
104733  105006  2.00    64.14
104733  104956  9.55    87.69
104741  104643  4.25    32.69
104741  105072  9.20    56.44
104754  105355  7.25    94.52
104754  105053  8.93    127.60
104758  105468  8.67    105.82
104758  105285  7.00    122.98
104765  105488  20.00   110.40
104765  104564  0.00    35.49
104778  105421  9.10    149.75
104778  105118  5.33    73.93
104780  103815  5.33    139.81
104784  104980  0.00    34.26
104786  105147  10.00   83.65
104786  104393  9.43    71.33
104794  104980  0.00    67.29
104832  105246  11.50   84.73
104834  104341  2.33    81.12
104845  105373  4.71    78.28
104845  104381  5.50    83.34
104851  104992  6.50    95.19
104851  104619  0.00    105.78
104858  105030  0.00    33.58
104858  104865  0.00    40.14
104863  104941  11.50   13.34
104887  104480  7.80    131.52
104890  105027  6.40    43.26
104910  104592  8.51    47.68
104941  105219  6.44    42.38
104941  105165  3.00    111.00
104943  105537  9.50    126.38
104948  105673  8.67    125.97
104956  104393  9.11    122.23
104956  105147  9.90    82.30
104960  106001  8.22    148.25
104960  104845  1.00    73.77
104977  105017  0.00    12.74
104980  105550  9.80    89.77
104992  105128  0.00    51.21
105006  105048  11.50   9.69
105014  105229  0.00    50.60
105017  105056  0.00    10.59
105018  104682  15.00   78.19
105027  105104  0.00    24.23
105027  104361  2.81    109.06
105030  104851  7.67    46.51
105039  104535  6.50    115.37
105048  105578  7.80    77.28
105048  105655  5.43    118.04
105053  105778  8.25    98.82
105053  105264  9.86    79.45
105056  105099  5.44    15.23
105072  105512  20.60   67.28
105073  104664  7.61    83.03
105074  105860  15.67   131.90
105077  104301  6.00    117.80
105077  104960  0.00    72.79
105078  104685  7.25    105.05
105083  105106  8.79    141.88
105083  105326  6.17    94.87
105099  105280  9.29    87.81
105104  105289  6.33    44.14
105106  105524  8.65    64.77
105111  105583  0.00    104.12
105111  105707  11.50   109.72
105111  105608  8.67    66.70
105118  105810  7.17    125.54
105129  105763  7.83    88.28
105147  105389  3.60    85.06
105157  105410  3.26    81.83
105161  104765  11.50   87.42
105161  104668  3.00    77.56
105165  105335  0.00    40.08
105165  105988  20.00   115.82
105173  105072  8.80    40.48
105189  105307  0.00    48.83
105189  105030  20.00   35.01
105219  105246  7.33    38.78
105219  105721  20.00   71.17
105226  105078  7.00    73.55
105229  105307  0.00    9.35
105246  105721  3.00    66.37
105264  105468  9.83    79.48
105280  105434  8.08    87.81
105286  105129  10.00   76.79
105286  106030  3.00    105.75
105289  105524  4.56    70.88
105289  105957  5.25    104.52
105292  105104  7.45    41.66
105292  105157  3.38    81.21
105295  105173  10.00   32.83
105295  105512  8.80    102.45
105307  105376  0.00    10.96
105314  105295  0.00    4.24
105326  105355  9.28    129.27
105326  106257  5.50    141.09
105335  104834  6.08    84.26
105335  105673  3.00    71.64
105343  105314  0.00    9.95
105355  105542  5.00    79.22
105368  105227  0.00    27.41
105368  104948  3.00    88.35
105373  105870  4.75    70.90
105373  105226  13.33   71.70
105376  105446  0.00    11.63
105376  105395  0.00    18.37
105389  105460  3.00    31.71
105389  105018  8.85    78.23
105395  105337  0.00    32.97
105397  105189  0.00    28.34
105397  105446  3.00    32.60
105410  104910  9.22    79.09
105421  106104  10.62   149.92
105428  106048  10.56   120.76
105428  105118  13.20   67.03
105434  106044  9.20    85.27
105434  105537  10.36   52.37
105446  105533  3.00    46.63
105459  105073  6.80    74.37
105460  105564  2.00    38.59
105460  105594  0.00    99.36
105468  105728  13.25   107.58
105468  106271  0.00    114.48
105487  104992  9.14    107.11
105488  106126  10.00   92.03
105488  104794  3.00    113.29
105503  105734  5.82    44.42
105503  105292  2.00    53.82
105512  106018  9.44    76.50
105518  105459  0.00    12.39
105524  105597  6.00    18.75
105533  105583  4.75    37.10
105537  105710  10.00   85.95
105542  105761  4.67    79.30
105550  106126  12.67   89.77
105564  106076  7.83    109.73
105564  105670  2.00    40.11
105564  105039  10.11   115.37
105578  105161  12.17   80.51
105583  105649  3.00    33.86
105591  106312  8.67    114.75
105593  105459  0.00    56.39
105594  105346  10.00   98.30
105606  105834  12.60   93.77
105606  104956  6.14    99.09
105649  105911  5.55    37.29
105649  105608  0.00    5.52
105655  105606  0.00    6.64
105655  106150  8.67    99.81
105670  105819  0.00    63.27
105670  105939  0.00    43.59
105673  105979  11.90   76.43
105673  106032  1.00    70.05
105674  105591  0.00    47.72
105674  106247  9.20    102.88
105707  105714  0.00    10.87
105710  105870  9.00    85.93
105714  105797  0.00    11.08
105714  105868  0.00    59.72
105717  105707  0.00    4.22
105717  105797  8.00    23.02
105721  105963  0.00    34.21
105734  105957  7.43    43.86
105736  106104  8.00    80.95
105741  105077  8.15    104.03
105741  104780  2.80    139.78
105751  105161  7.25    82.70
105761  105778  0.00    4.27
105761  106383  12.00   126.54
105763  106359  3.00    88.28
105776  105428  8.00    73.63
105776  106445  9.38    140.88
105778  106034  6.25    96.37
105797  106266  0.00    141.93
105810  106554  10.00   117.13
105819  106014  12.42   67.41
105830  106380  8.81    83.02
105834  106076  14.33   93.92
105858  105073  6.00    107.95
105860  106554  2.00    108.92
105860  105810  2.00    72.73
105864  105982  0.00    15.57
105868  106148  0.00    44.49
105868  105996  0.00    45.55
105870  106001  8.42    74.18
105910  105077  6.43    116.77
105911  105717  3.00    65.37
105911  106471  3.00    82.18
105939  105819  10.00   40.11
105957  106302  6.67    77.82
105958  105503  5.09    102.89
105963  105860  10.60   76.00
105963  106449  10.00   76.17
105979  106593  10.00   128.31
105979  106137  3.00    44.85
105982  106088  0.00    16.49
105988  106236  3.00    37.82
105988  106137  3.00    33.48
105996  106031  10.11   50.42
105996  106148  8.90    33.92
106001  106546  8.06    85.47
106014  106422  3.00    80.02
106014  106263  20.00   75.08
106018  106475  11.00   76.50
106030  106634  10.00   95.06
106031  106068  11.86   91.36
106031  106626  9.29    91.08
106032  106263  7.69    46.17
106032  105368  6.50    126.72
106034  106271  5.33    96.37
106043  105166  8.67    133.28
106044  106105  0.00    10.21
106048  106592  3.14    120.80
106062  106505  20.00   67.36
106062  105939  3.00    25.08
106068  106088  10.27   91.35
106076  106495  7.25    82.02
106088  106482  6.94    57.53
106088  106170  7.41    94.72
106104  106428  5.33    76.56
106104  106455  12.60   82.30
106117  105776  6.43    76.30
106126  106149  0.00    4.63
106137  106265  0.00    28.27
106148  106266  10.00   16.69
106149  106743  6.10    99.06
106149  106304  11.50   78.32
106150  106495  11.50   72.22
106170  106240  13.69   94.65
106181  105655  4.75    78.62
106181  105578  6.44    121.02
106188  105524  5.92    105.71
106217  106385  8.40    90.54
106236  105963  8.71    115.97
106236  107142  7.80    148.08
106236  106265  20.00   9.12
106239  106293  2.00    73.99
106239  105397  9.33    117.88
106240  106769  14.59   126.02
106247  106832  6.42    103.89
106263  106800  4.45    103.00
106263  106593  15.00   76.33
106265  106754  3.00    102.02
106266  106611  16.14   53.80
106267  106475  5.84    103.75
106271  106679  10.56   101.49
106271  106501  6.33    93.83
106285  105741  9.63    80.01
106293  105487  5.00    112.28
106302  106350  0.00    8.04
106302  106188  0.00    16.14
106304  105751  7.80    82.70
106304  106447  9.33    71.46
106308  107101  9.57    124.08
106312  106971  2.80    114.67
106320  106293  0.00    4.53
106320  106822  8.50    80.27
106336  106350  0.00    8.68
106336  106188  7.15    22.20
106339  106308  9.29    59.82
106349  105533  10.00   115.85
106349  106239  5.50    76.66
106350  106395  2.00    107.57
106357  106339  7.75    30.55
106359  106975  3.75    97.02
106359  105741  7.43    103.70
106359  106030  20.00   103.87
106380  106753  9.20    57.72
106383  107218  7.00    130.10
106383  106357  3.00    89.89
106385  106587  11.50   117.70
106385  105580  7.00    119.19
106395  105734  7.25    113.40
106422  106505  10.33   76.48
106428  106117  9.40    75.30
106428  106914  5.38    107.99
106445  107036  3.00    140.32
106447  106663  20.00   107.35
106447  105578  14.33   129.63
106449  106915  8.17    76.17
106471  107197  5.67    114.05
106471  106349  5.33    77.02
106475  106743  11.30   135.01
106475  107088  5.83    108.29
106481  106383  6.40    98.48
106481  105778  6.80    101.30
106482  106575  3.00    17.70
106491  106150  0.00    68.23
106491  106181  11.00   64.46
106495  106535  13.33   11.21
106501  106577  15.00   36.98
106505  106531  0.00    82.32
106511  106380  6.43    81.73
106515  106491  0.00    7.88
106531  106062  7.86    113.77
106535  106779  6.13    58.46
106546  106599  3.00    9.42
106552  106482  11.00   92.49
106554  106592  0.00    6.59
106554  106732  0.00    27.38
106575  106896  4.75    46.26
106580  105858  3.00    128.32
106587  106055  5.75    90.15
106592  106740  0.00    20.85
106593  106965  14.33   62.83
106593  106917  11.50   70.78
106611  106471  9.85    147.17
106611  106966  9.91    87.02
106611  106626  0.00    72.42
106626  106552  13.90   92.47
106626  107049  5.33    64.53
106632  106511  10.00   81.73
106634  107231  5.80    95.06
106650  106575  15.00   85.13
106663  106181  2.50    75.77
106669  106758  4.63    83.51
106677  106669  0.00    11.81
106678  105910  11.38   116.77
106679  106481  7.43    99.71
106679  107601  9.00    141.02
106683  106117  11.00   123.56
106691  106336  5.50    53.55
106722  106650  11.00   85.12
106722  106240  5.50    72.54
106740  106732  0.00    22.10
106740  107036  0.00    50.65
106742  106428  8.86    72.94
106743  107361  5.75    105.12
106743  106756  8.13    8.94
106753  107260  5.00    81.97
106753  106631  8.58    67.58
106754  106917  0.00    36.12
106754  107190  20.00   101.49
106756  106901  14.60   70.94
106756  106304  11.50   72.06
106758  107121  6.88    65.81
106758  107136  7.80    83.95
106758  106691  3.00    10.53
106765  107188  0.00    72.15
106765  106722  6.67    87.42
106769  106765  3.00    5.74
106779  107291  8.71    121.58
106779  106515  8.80    57.14
106785  106285  11.32   80.01
106791  107167  14.60   59.82
106792  106601  12.44   114.47
106800  106911  8.83    33.63
106822  106043  10.00   133.25
106841  106239  3.00    92.20
106846  106531  20.00   75.58
106846  106535  7.00    63.31
106881  106501  0.00    100.23
106881  107767  9.20    135.70
106881  106679  4.88    91.56
106883  106753  10.50   81.73
106896  107203  3.60    49.53
106901  107099  3.00    107.72
106901  106447  3.00    71.70
106911  106998  6.67    98.64
106914  107403  11.00   107.86
106915  107184  14.33   44.66
106917  107482  3.00    100.09
106933  106349  5.89    91.28
106939  106320  5.33    96.68
106954  107050  4.79    14.54
106965  106957  10.30   75.48
106966  107197  10.38   85.11
106971  106832  5.39    63.61
106978  106896  7.25    92.63
106979  107157  7.07    114.41
106994  106792  8.50    114.52
106998  107310  10.50   101.31
106998  106505  0.00    77.35
107000  106883  8.63    81.73
107004  107758  8.67    117.11
107036  107528  9.00    75.25
107037  106881  20.00   79.72
107049  107695  7.88    96.15
107049  106978  7.15    92.59
107050  107109  9.00    9.82
107054  106971  7.40    56.44
107086  107473  7.00    68.02
107088  106894  9.64    105.04
107088  107828  10.22   125.46
107099  106663  4.00    71.21
107099  107170  3.00    26.52
107101  107164  6.00    10.04
107104  106385  6.33    115.83
107104  107004  20.00   54.99
107106  107382  9.50    110.14
107109  107984  7.84    131.77
107121  107750  8.00    131.09
107121  107968  5.29    141.35
107128  106769  9.77    94.40
107136  107560  15.00   83.84
107138  107982  10.50   148.41
107142  107653  4.75    77.29
107142  106915  3.00    114.93
107157  107376  7.83    114.45
107164  108085  10.00   139.24
107167  107572  20.00   59.93
107167  106994  7.83    114.43
107170  107291  0.00    26.97
107170  106515  0.00    125.38
107184  107797  8.86    93.20
107184  106732  6.25    80.06
107188  107768  9.13    132.46
107189  107536  4.40    70.93
107189  106742  7.14    103.26
107189  107382  8.67    49.03
107190  107653  9.00    101.25
107192  106822  3.00    72.49
107194  107188  7.14    71.58
107194  106722  10.00   76.43
107196  107194  14.13   75.14
107197  107660  7.94    66.73
107203  107661  6.75    66.49
107203  107196  9.08    75.14
107206  107037  4.50    80.07
107218  107290  20.00   10.25
107220  107996  10.20   119.56
107221  106683  9.14    123.53
107221  107738  8.25    80.34
107231  107334  0.00    13.55
107248  107206  8.80    16.96
107260  107414  15.00   81.99
107260  107721  6.69    69.09
107290  108000  6.71    110.12
107291  107886  6.67    126.45
107310  107726  9.08    101.84
107310  106846  9.86    88.91
107330  106846  9.75    112.47
107351  106587  11.00   119.03
107351  107104  10.00   118.99
107354  106602  5.00    112.52
107357  107049  10.38   111.76
107361  107088  10.45   130.29
107376  107572  5.33    114.40
107382  107811  6.40    74.15
107412  106481  16.00   144.81
107414  107568  12.09   81.99
107419  106580  9.00    130.47
107440  106841  10.53   92.20
107440  107561  10.50   74.36
107473  107498  5.86    84.46
107473  107958  11.50   87.10
107482  107890  8.00    75.34
107482  107740  8.50    71.47
107483  107734  6.50    118.01
107483  107104  3.00    58.85
107493  107363  5.82    82.66
107498  108066  8.54    145.97
107498  106998  10.00   74.44
107514  107396  2.50    107.78
107528  107221  11.50   77.12
107528  107985  5.63    75.40
107536  107796  13.29   95.15
107536  107761  0.00    37.33
107561  106933  8.43    91.28
107561  107660  9.47    78.45
107568  107663  8.25    57.00
107572  107780  2.00    32.94
107590  107351  10.29   46.74
107590  107192  17.82   137.61
107592  107440  5.11    75.12
107592  106939  15.00   96.68
107596  107661  6.15    58.22
107601  107674  0.00    11.30
107635  107493  6.40    82.69
107635  107892  0.00    52.45
107648  107758  12.60   65.28
107653  108084  8.78    70.76
107656  107361  5.33    142.35
107657  107828  11.50   103.13
107660  108094  10.30   67.66
107660  107357  5.33    111.76
107661  108250  2.33    111.63
107661  107672  6.64    91.59
107662  107514  3.00    107.89
107663  107892  5.90    148.16
107665  108473  10.00   125.14
107672  108396  10.05   133.04
107672  107692  7.91    43.49
107674  108544  7.67    132.82
107692  107950  6.79    104.59
107692  107194  4.00    72.99
107695  107596  7.58    131.18
107726  107983  2.71    67.63
107726  107330  11.50   80.48
107734  107351  11.50   59.79
107740  106965  10.75   136.67
107740  107982  12.67   75.66
107758  108179  9.54    125.45
107758  107843  3.00    48.60
107761  108470  6.88    113.55
107761  107859  5.00    108.20
107763  107721  0.00    6.14
107763  107962  5.33    61.25
107767  107836  0.00    11.89
107768  107907  10.00   25.52
107768  107128  6.50    98.33
107780  107919  9.00    27.13
107788  107592  7.00    89.96
107796  108074  8.67    61.80
107797  108280  6.56    80.06
107797  107528  13.25   76.27
107802  107635  5.14    90.05
107828  108333  8.09    97.64
107828  108095  10.29   123.49
107836  108747  6.50    139.71
107843  107483  0.00    57.38
107843  107923  14.33   51.74
107860  107695  5.32    72.66
107886  107656  15.00   134.90
107886  107983  0.00    18.94
107890  108332  8.86    75.43
107892  108127  4.00    99.35
107899  107590  3.00    52.73
107899  107788  6.97    89.66
107903  107037  11.00   133.07
107915  107780  5.14    109.96
107919  108304  7.20    57.92
107919  107802  0.00    89.95
107923  108365  12.75   78.12
107923  108081  20.00   67.96
107931  107596  6.58    100.90
107931  108103  10.75   86.41
107937  108442  0.00    74.48
107937  107721  8.44    139.80
107954  107440  11.00   80.31
107954  108080  11.21   83.20
107958  108247  10.00   50.02
107962  108293  7.75    88.45
107969  107962  3.00    94.77
107974  107903  0.00    10.50
107982  108810  11.00   144.34
107982  108247  11.50   77.29
107983  108045  0.00    12.24
107983  108232  4.20    62.61
107985  108478  10.00   75.32
108040  107958  0.00    16.58
108040  108132  3.00    93.87
108045  108620  5.50    118.31
108045  109003  6.88    140.70
108051  107915  5.91    109.80
108054  107999  10.00   8.19
108054  108273  8.64    106.68
108061  107206  7.83    130.87
108066  107726  20.00   76.90
108074  108478  15.80   80.27
108075  107954  4.95    95.85
108081  108213  6.38    65.81
108081  107734  5.33    56.25
108084  108524  7.80    73.30
108084  108332  11.50   78.11
108089  108368  6.67    58.56
108093  107354  0.00    112.51
108094  108131  0.00    7.46
108095  108307  10.22   109.43
108095  107656  7.80    108.11
108103  108267  3.00    86.46
108114  107937  4.70    88.55
108118  108163  10.00   7.33
108127  108304  9.96    98.90
108132  108567  5.33    96.59
108134  108061  3.00    11.53
108163  108877  6.07    114.65
108176  108051  5.50    109.79
108178  107761  11.00   84.29
108210  108777  12.88   129.67
108210  107763  8.67    70.95
108213  108431  17.42   94.33
108213  107899  14.60   49.12
108218  108300  0.00    11.44
108247  108527  2.00    46.15
108247  108303  11.00   14.59
108250  108360  20.00   19.12
108273  108504  9.50    112.25
108273  107931  10.30   92.99
108280  108657  10.88   59.27
108293  108761  7.67    88.25
108293  107952  10.00   66.73
108300  109180  6.33    132.19
108301  107474  5.33    126.63
108303  108736  9.80    126.75
108303  108040  0.00    47.22
108305  108618  7.83    100.13
108313  108569  11.20   116.48
108332  108428  3.00    78.02
108333  108844  10.85   97.65
108343  108114  6.88    136.53
108360  108634  20.00   93.47
108360  108771  0.00    72.16
108365  108678  2.00    76.76
108368  108163  3.00    66.04
108368  108370  0.00    0.05
108370  109093  7.35    106.64
108370  108460  3.00    13.72
108388  108304  0.00    37.62
108388  108414  1.00    61.47
108396  108962  9.54    104.58
108396  108634  20.00   37.46
108414  108304  3.00    15.13
108428  107740  13.25   120.76
108428  108797  11.00   66.68
108431  108075  11.31   97.71
108442  108210  10.82   126.21
108462  109291  7.94    137.99
108462  108877  9.86    78.16
108468  108343  7.80    69.19
108470  109102  3.00    101.61
108470  107914  11.00   106.22
108473  109101  1.00    128.69
108473  108957  6.40    83.02
108478  108774  10.25   63.59
108495  108974  6.50    73.77
108495  108442  3.00    31.37
108498  108313  0.00    26.65
108504  108757  5.13    112.85
108524  109006  7.08    73.17
108524  108280  8.67    103.45
108527  108946  9.38    73.91
108540  108564  7.25    108.85
108567  108066  8.43    98.07
108568  107974  2.00    86.82
108569  107843  11.20   112.97
108578  108498  0.00    11.86
108592  108468  3.00    72.74
108606  108462  8.92    103.89
108608  108303  7.25    48.52
108608  108527  4.67    18.26
108618  108671  0.00    9.92
108618  108578  20.00   8.35
108620  109202  3.00    119.71
108620  109288  5.17    101.89
108634  109317  8.24    105.76
108636  108273  8.83    89.19
108640  108838  0.00    59.48
108640  108178  11.29   84.40
108669  109238  3.00    84.37
108671  108724  5.50    77.99
108671  109069  6.00    59.95
108678  109041  6.50    138.16
108678  109375  6.00    113.58
108698  108592  6.75    72.32
108703  108636  10.20   38.55
108703  109474  0.00    119.17
108708  109557  4.33    129.26
108708  108636  10.00   15.94
108721  108114  4.25    106.55
108721  108495  5.43    134.96
108735  108210  2.38    77.23
108735  108917  3.00    110.26
108736  109178  6.50    65.76
108736  108902  3.00    41.19
108750  108698  0.00    28.08
108755  108885  5.50    25.23
108757  108771  3.83    118.13
108761  109303  7.64    89.95
108769  108774  0.00    7.81
108771  108938  9.61    25.65
108774  108835  5.14    11.20
108776  108757  3.00    9.29
108776  109037  0.00    36.98
108777  109584  7.73    134.44
108793  109004  3.00    45.46
108793  108735  5.83    9.60
108801  108893  0.00    10.97
108829  108769  0.00    12.97
108835  108882  0.00    7.40
108835  108838  8.17    85.17
108838  109086  0.00    72.64
108842  108470  9.83    78.56
108847  108431  6.18    79.22
108848  108855  0.00    8.82
108852  108829  0.00    2.60
108855  109333  12.75   97.28
108862  108703  7.00    79.54
108869  109133  4.75    46.76
108869  108852  0.00    2.60
108877  109686  7.52    135.63
108882  108869  6.40    8.03
108882  109271  5.33    84.64
108894  108524  8.10    110.14
108894  109430  8.67    95.21
108902  109202  7.25    66.94
108902  108567  8.33    69.57
108917  108974  10.00   32.45
108917  109244  7.80    50.91
108934  108894  8.43    101.69
108938  108998  10.38   13.01
108946  108942  7.20    65.30
108963  109037  9.61    54.74
108974  109043  10.75   42.46
108976  108606  7.23    105.02
108998  109356  0.00    77.71
109003  109288  4.75    90.97
109003  109511  13.55   81.90
109004  109183  0.00    43.56
109004  109598  8.17    104.62
109006  109673  4.67    111.25
109016  108134  3.00    129.23
109029  108862  2.67    79.55
109029  108776  0.00    91.18
109037  109688  9.08    104.55
109037  109226  10.28   77.73
109041  108569  10.00   71.29
109043  109182  11.33   77.10
109043  109695  0.00    102.81
109060  108540  9.20    112.97
109069  109433  5.50    59.43
109086  108640  0.00    66.07
109086  109240  0.00    35.30
109093  109789  7.56    110.74
109093  109146  3.00    41.19
109101  109600  4.63    127.25
109109  108213  9.40    143.37
109122  109069  0.00    83.62
109127  108568  6.50    86.81
109129  108468  7.43    102.05
109130  109303  13.25   47.40
109133  109673  7.00    98.87
109146  108708  3.00    74.30
109165  109607  11.04   144.96
109166  108848  0.00    89.63
109174  109238  11.29   124.90
109178  108902  0.00    58.61
109178  109570  3.00    76.41
109180  109738  7.67    89.04
109180  109016  8.00    80.29
109182  109873  6.40    109.39
109182  109340  5.86    95.49
109183  108793  10.22   56.70
109202  109570  13.25   82.19
109202  109852  6.50    103.00
109210  109029  3.00    81.88
109220  109165  10.00   26.80
109226  109429  6.74    88.25
109228  108721  2.33    88.44
109228  108343  6.50    135.03
109238  109600  4.75    57.95
109240  108842  11.50   78.56
109244  110080  0.00    137.00
109244  109183  11.50   110.19
109251  108608  9.20    111.78
109271  109648  7.80    84.65
109288  109930  10.67   102.17
109291  109220  9.29    27.79
109303  109569  7.67    42.25
109315  108847  5.20    79.88
109315  108976  9.20    104.91
109317  109945  6.79    105.47
109333  109829  11.00   97.65
109335  109723  20.20   111.73
109340  109228  11.50   19.94
109354  109174  3.00    126.77
109356  109798  9.20    79.30
109358  109240  3.00    25.53
109366  108698  6.00    100.22
109375  109926  10.75   112.14
109396  108592  10.00   125.33
109400  108946  11.20   80.37
109424  109430  9.00    50.90
109429  109782  9.18    90.42
109430  110179  6.00    149.00
109431  109003  3.88    110.31
109433  109462  14.33   5.43
109433  109484  1.67    87.80
109439  109180  6.86    140.53
109462  109529  0.00    20.71
109462  109565  0.00    17.09
109467  109860  11.50   112.90
109467  109057  12.00   89.34
109474  109210  0.00    82.98
109487  109133  6.00    77.04
109500  108566  7.32    146.66
109500  110013  9.00    80.54
109511  110034  0.00    81.90
109518  109216  12.60   76.61
109529  109705  11.50   52.77
109529  109565  3.00    18.55
109534  109810  3.00    68.27
109557  110423  7.25    129.23
109565  109813  3.00    37.81
109569  109584  10.00   70.80
109569  109887  3.00    51.26
109570  109907  6.75    72.32
109584  110518  7.67    141.40
109584  109598  0.00    63.61
109598  110084  9.20    78.19
109598  109608  6.71    63.56
109600  110023  5.33    66.47
109607  109936  9.82    100.92
109608  109183  12.17   68.44
109618  109165  6.40    79.56
109624  109060  3.94    113.85
109624  109682  4.75    56.54
109642  109080  8.24    101.57
109648  109369  7.80    59.89
109648  109994  10.33   80.87
109668  109220  9.60    78.52
109673  110307  13.25   102.55
109673  110128  6.75    92.96
109676  109006  11.07   134.61
109682  109719  5.71    59.60
109686  110586  8.48    137.04
109688  110375  6.82    104.56
109695  110080  6.14    98.29
109705  109848  6.50    42.45
109705  110195  8.60    75.55
109715  109016  11.00   113.00
109719  110506  12.17   117.71
109719  109944  3.83    84.59
109738  109921  9.00    103.59
109738  109984  3.00    39.91
109748  109358  1.00    88.95
109756  109985  0.00    49.26
109764  109129  7.80    102.05
109764  109340  7.25    82.55
109775  109777  6.50    81.48
109777  109226  11.27   89.53
109782  109775  0.00    81.48
109782  110134  9.83    61.39
109789  109146  9.93    111.73
109789  110420  7.14    92.28
109805  109723  8.10    22.40
109813  110192  7.67    59.25
109829  109805  3.00    5.77
109832  109624  6.36    83.58
109834  109907  8.73    87.23
109834  110371  2.50    106.48
109840  109518  11.00   76.61
109846  109400  8.57    80.37
109846  109251  8.67    111.26
109848  109955  6.71    32.66
109848  109041  6.50    127.98
109852  109834  3.00    17.90
109860  109426  9.30    95.70
109873  110605  5.83    140.84
109884  110249  8.67    59.19
109884  109860  3.00    6.10
109886  109985  2.00    21.45
109887  109763  20.00   78.95
109887  110410  4.60    76.77
109895  110281  7.67    90.25
109895  109571  3.73    94.73
109898  109813  7.67    142.69
109902  110104  0.00    139.93
109902  109682  20.00   35.20
109907  110382  11.50   95.39
109921  110108  7.50    103.62
109926  109109  7.80    143.15
109927  109291  8.95    102.63
109930  109852  12.50   77.41
109933  110551  7.14    132.75
109933  109487  6.50    78.77
109936  109986  0.00    22.69
109936  110810  7.75    128.72
109939  109764  14.33   35.20
109944  110548  0.00    89.25
109955  110325  7.40    101.27
109955  110683  11.50   106.32
109977  109424  20.00   102.52
109979  109366  6.57    100.22
109979  109832  13.87   77.27
109985  110656  11.20   135.36
109986  109315  5.93    122.38
109994  110393  8.33    80.90
109997  110830  5.50    139.14
109997  109930  7.00    47.92
109998  110084  3.00    46.89
109998  109608  9.80    61.01
110013  110558  8.86    80.56
110023  110274  3.00    37.71
110027  109474  3.00    96.72
110034  109997  0.00    27.80
110039  109986  0.00    8.59
110039  109926  11.50   34.65
110046  109873  7.29    123.10
110049  110023  0.00    55.66
110050  109979  11.50   25.12
110080  110181  3.00    36.48
110084  110504  11.00   68.84
110091  109618  10.00   79.77
110104  109832  22.75   45.47
110118  109467  3.30    145.70
110118  109829  6.08    90.16
110126  110091  0.00    25.32
110126  109668  14.45   78.74
110128  110639  9.00    92.96
110134  110027  20.00   36.11
110134  110221  0.00    13.02
110153  110034  3.00    91.34
110153  110139  3.00    2.63
110159  109642  11.00   100.60
110159  109846  3.00    67.93
110178  109396  10.00   125.33
110179  110619  5.50    86.69
110181  109998  19.20   106.38
110181  110323  20.00   46.63
110192  110705  10.67   73.52
110195  110720  0.00    75.55
110204  109939  10.00   47.25
110208  110091  3.00    16.73
110221  110366  6.40    20.50
110230  110192  4.67    70.71
110239  110221  6.50    103.67
110242  109607  10.91   98.70
110247  110239  14.33   103.67
110247  109777  7.25    71.84
110248  109723  9.27    108.52
110249  110656  7.80    62.24
110252  109927  7.00    49.10
110254  110204  11.50   10.08
110264  110126  0.00    18.84
110264  111137  8.80    136.00
110273  109927  0.00    52.15
110273  110252  0.00    21.82
110274  110657  9.20    89.34
110274  109895  4.25    100.02
110281  110676  10.00   90.25
110284  110027  0.00    40.86
110307  110988  10.70   102.55
110315  110752  5.50    78.63
110323  110504  16.67   62.99
110325  110039  9.08    48.73
110340  111201  9.71    125.56
110349  110118  3.00    60.47
110363  109789  11.00   97.19
110366  110284  0.00    35.78
110366  110440  0.00    11.01
110369  110955  8.17    110.40
110371  110894  5.22    76.56
110371  110483  5.75    51.03
110375  111077  11.07   104.55
110376  110159  7.67    41.47
110383  110436  0.00    9.68
110383  109676  9.00    134.71
110398  110179  7.25    69.56
110398  110383  0.00    8.23
110410  110315  5.20    75.45
110410  110933  6.77    98.31
110420  111036  11.29   92.28
110423  110284  0.00    19.58
110433  110891  8.50    110.62
110436  110639  10.00   84.95
110436  110471  0.00    5.21
110440  111462  6.62    148.78
110440  110456  10.88   149.79
110446  109902  4.67    80.01
110456  110463  0.00    72.56
110456  110951  7.40    106.31
110457  110398  0.00    10.40
110463  110247  6.00    30.51
110464  110470  0.00    2.81
110470  110511  0.00    8.41
110471  110457  0.00    13.83
110489  110464  0.00    8.33
110497  110371  8.67    78.31
110500  109979  12.60   74.44
110500  110684  8.20    77.07
110504  110518  7.20    109.42
110504  110738  6.50    41.61
110506  110446  11.50   58.69
110506  111422  9.57    134.05
110510  110489  0.00    2.77
110511  110528  0.00    2.80
110518  110916  4.17    72.26
110518  110410  3.00    66.18
110524  110423  0.00    16.93
110524  111289  6.80    111.59
110528  110563  0.00    8.40
110530  110756  3.00    136.27
110532  110274  7.00    48.54
110539  110159  10.00   76.70
110539  109977  9.83    101.66
110547  110510  3.00    8.30
110548  110982  12.17   62.01
110548  110506  14.33   61.83
110551  110601  4.67    10.41
110558  111040  7.80    70.93
110559  110349  1.00    57.83
110559  109884  7.13    136.34
110563  110567  0.00    5.62
110567  110547  3.00    5.58
110586  110252  3.00    52.99
110591  110757  9.29    81.46
110601  111106  11.29   100.92
110601  110393  9.00    86.64
110605  110682  20.00   22.16
110605  110756  8.25    95.24
110610  110349  0.00    54.49
110619  110539  0.00    17.56
110639  110850  11.50   78.49
110639  110847  0.00    37.58
110648  110532  0.00    23.14
110656  111490  7.50    126.94
110656  111305  13.33   135.02
110657  111035  9.00    89.34
110662  110558  7.29    114.88
110663  110325  7.27    84.74
110676  111423  7.63    141.31
110676  110313  0.00    95.79
110678  110118  7.67    108.94
110682  110181  0.00    94.51
110682  110781  2.67    27.81
110683  110663  0.00    9.94
110684  110254  3.00    63.73
110684  110530  2.50    114.86
110703  110104  3.63    85.56
110709  109933  4.00    117.64
110709  110551  3.00    65.65
110720  110683  5.67    59.00
110722  110720  3.44    39.87
110727  110830  6.13    122.82
110727  110153  7.12    104.28
110738  111118  20.00   63.00
110752  110648  1.86    19.89
110756  110897  8.67    84.67
110757  110921  10.00   81.46
110781  110948  11.50   28.17
110781  110904  2.20    36.37
110801  110248  16.60   108.42
110801  110313  8.31    118.90
110810  111461  6.75    102.33
110830  110838  0.00    4.28
110838  110497  5.67    80.29
110838  111073  0.00    65.15
110839  110264  10.00   85.11
110850  111059  13.29   78.48
110881  111583  8.53    113.85
110881  110273  11.66   88.98
110891  111170  10.00   68.96
110894  111350  7.04    75.05
110897  110530  20.00   55.50
110897  111024  15.75   77.76
110904  110989  3.00    24.78
110904  110323  7.00    97.36
110914  110242  6.44    98.63
110914  110208  7.93    139.83
110916  111271  10.80   62.63
110916  111064  6.50    68.31
110920  110446  7.67    70.09
110920  110703  2.00    128.10
110938  110457  6.50    87.36
110939  110249  6.50    137.69
110939  110559  7.33    56.74
110943  110752  1.00    41.13
110946  110979  6.50    8.32
110946  110363  9.80    97.19
110948  111554  9.75    102.85
110948  111068  3.00    76.16
110951  111512  14.33   112.56
110951  110960  9.40    79.06
110952  110433  10.00   111.40
110955  110959  0.00    11.86
110960  110974  9.83    79.06
110964  110684  0.00    57.88
110974  111077  15.00   82.46
110974  110463  10.22   75.25
110982  111422  11.36   134.87
110986  110500  5.33    72.11
110986  110964  9.20    102.53
110988  111578  7.70    91.70
110988  110709  0.00    116.68
110989  111699  9.86    123.68
110989  111118  6.00    36.87
111000  111557  12.64   88.92
111000  110891  11.50   23.52
111016  110663  0.00    60.42
111016  110810  6.89    72.23
111024  110964  0.00    13.19
111035  110676  7.64    96.94
111035  111698  9.62    123.30
111036  111926  9.67    142.09
111040  110982  7.00    67.66
111040  111540  5.08    72.70
111043  110208  14.60   124.40
111059  110988  5.20    34.82
111064  110738  2.00    118.44
111068  111214  6.50    80.17
111073  111350  10.20   58.82
111077  111730  11.50   100.07
111077  111201  2.50    79.88
111092  110703  6.75    57.99
111092  110986  5.00    65.16
111098  110559  5.90    108.40
111118  111494  5.19    124.35
111118  111690  7.75    94.75
111137  110881  11.45   38.75
111161  110586  10.73   90.56
111169  111040  6.19    119.89
111170  111664  8.82    120.33
111170  111668  7.75    87.79
111198  111314  5.00    64.06
111198  111024  3.00    34.07
111201  111823  11.29   97.32
111214  111605  3.00    70.64
111214  111354  6.50    81.99
111242  110801  11.50   116.14
111242  110678  5.80    108.94
111271  111892  7.00    129.11
111271  111091  6.63    46.70
111288  111507  5.60    81.50
111289  112056  12.92   128.14
111305  110939  2.00    55.82
111314  111419  8.00    62.16
111314  112063  5.50    130.15
111325  110920  10.00   57.88
111325  111092  7.60    127.58
111350  111403  0.00    11.34
111354  111198  7.38    32.32
111357  110727  5.55    114.38
111357  111453  8.64    101.97
111360  110709  5.33    97.54
111360  111106  7.36    114.67
111378  111016  8.13    97.68
111389  111703  0.00    52.49
111401  110914  8.63    76.51
111402  111679  1.00    59.20
111403  111593  9.00    137.72
111403  111998  9.66    112.11
111412  110660  6.40    149.22
111412  110938  9.57    87.31
111413  111000  7.25    81.49
111419  111506  7.08    63.14
111419  112065  5.50    114.32
111422  111325  6.00    59.79
111423  111679  12.60   74.80
111423  110801  6.33    122.03
111424  110839  11.50   85.11
111424  112173  7.43    135.81
111426  111837  13.20   80.76
111441  111035  6.13    107.50
111446  112091  9.08    127.93
111446  111271  4.67    50.31
111454  111305  5.44    22.38
111461  111814  11.50   98.25
111462  111484  0.00    82.12
111462  111666  0.00    33.92
111474  111446  2.14    10.21
111484  111512  5.00    82.12
111490  111906  9.25    121.26
111490  110952  9.75    111.50
111494  111510  1.67    30.58
111506  111092  2.00    61.04
111506  111602  8.67    62.68
111507  111706  0.00    81.50
111508  111474  5.50    13.50
111510  111508  13.14   34.06
111510  111064  0.00    64.09
111512  111696  5.50    33.76
111517  111441  11.50   22.62
111540  111958  5.40    74.29
111554  112062  11.50   102.90
111578  112084  7.67    91.74
111583  112150  10.13   113.11
111593  111755  8.11    82.72
111593  110713  9.33    129.74
111602  111691  9.90    60.30
111605  111354  8.67    57.99
111622  111242  3.00    114.13
111622  111098  2.33    108.40
111643  111540  7.70    118.78
111647  110974  5.43    101.77
111664  112042  10.83   79.05
111664  111781  8.24    31.61
111666  111677  0.00    78.74
111666  112383  6.71    123.44
111668  112093  6.73    87.79
111670  111073  6.63    110.46
111670  111357  9.56    65.97
111677  111696  20.00   78.76
111678  111137  11.00   82.68
111679  111944  4.75    85.21
111690  112027  5.50    76.74
111691  112466  10.75   134.40
111691  111778  7.57    59.93
111696  112040  15.00   99.35
111698  111872  6.75    42.17
111699  112306  13.00   123.78
111703  111454  9.63    83.78
111706  111059  6.00    97.03
111707  111508  1.00    65.28
111730  112290  5.13    100.09
111736  111144  6.75    110.43
111736  111517  3.00    69.72
111755  111412  10.29   70.73
111756  111494  1.00    44.14
111756  111707  3.00    18.29
111763  111756  0.00    3.43
111763  111690  6.17    131.47
111769  111289  20.00   86.03
111777  111413  0.00    81.49
111778  112369  4.00    104.22
111778  111866  7.86    61.23
111781  112088  10.00   79.80
111781  111992  9.24    80.97
111796  111043  7.14    123.12
111801  111622  2.33    78.81
111807  111926  0.00    57.81
111807  111036  10.00   131.11
111808  111401  14.29   75.59
111808  111814  8.27    121.83
111809  111474  4.60    63.28
111809  111707  3.00    39.37
111823  112373  7.33    97.31
111837  112169  7.29    80.65
111843  112515  8.80    118.16
111843  111670  7.72    69.39
111855  111605  8.67    56.14
111855  111068  6.67    140.13
111861  111777  8.67    26.33
111861  112023  10.00   40.17
111862  111763  6.50    32.52
111866  111958  7.78    78.91
111869  112054  8.60    86.30
111869  111550  0.00    56.38
111872  111423  3.00    105.13
111872  112037  8.00    55.21
111875  111747  12.20   81.84
111875  111360  8.33    91.77
111892  111736  8.33    65.11
111906  111777  6.83    35.11
111926  112192  3.00    44.90
111927  111670  7.56    59.25
111940  111818  0.00    31.67
111940  111698  3.00    76.22
111944  112307  7.80    63.77
111944  111801  10.86   78.81
111946  111906  20.00   6.23
111961  111424  15.00   105.63
111969  111490  9.57    130.68
111969  111454  6.25    94.64
111992  112370  6.02    119.34
111996  111861  6.50    55.30
111998  112902  8.75    143.45
111998  111843  5.90    105.71
112008  111703  6.45    113.89
112008  111622  7.11    75.05
112018  111736  3.33    62.75
112023  111996  10.00   94.35
112027  112490  5.33    77.96
112037  112158  6.69    87.95
112040  112499  0.00    80.70
112040  112129  8.67    90.56
112042  112215  0.00    53.10
112042  112488  8.00    81.19
112052  111602  10.00   82.50
112054  112264  7.86    86.29
112056  112812  3.00    126.95
112057  112018  10.00   8.63
112058  111506  6.44    99.31
112062  111855  5.83    62.26
112062  112569  9.80    83.10
112063  112864  9.33    130.17
112065  112768  8.17    114.32
112077  111862  10.75   80.22
112084  112624  9.00    89.32
112084  111875  9.82    119.10
112091  111892  13.25   65.84
112093  111996  0.00    29.41
112093  112663  9.79    104.08
112102  111678  13.65   81.85
112102  112614  12.50   91.59
112129  112212  5.95    114.39
112129  112736  9.42    107.51
112150  112153  0.00    7.46
112153  111807  7.40    74.83
112158  111944  6.00    87.89
112169  111755  12.38   95.53
112173  112720  9.32    130.45
112192  111769  7.40    86.03
112192  112878  11.50   106.78
112194  111593  6.10    106.20
112194  111755  8.75    103.21
112209  112759  4.75    98.20
112209  111809  6.40    77.56
112212  111647  12.38   101.82
112212  112290  30.85   81.60
112216  111872  10.00   82.53
112216  111940  0.00    58.79
112218  112194  8.13    4.48
112218  111998  8.00    105.88
112244  112057  10.75   65.42
112244  112860  15.00   100.67
112247  111869  8.17    84.27
112264  112084  8.57    103.00
112264  111706  6.25    98.37
112266  112369  9.25    70.10
112266  111866  8.60    72.23
112276  112287  3.00    128.27
112276  111808  11.50   143.25
112279  111946  8.63    64.34
112279  112663  0.00    113.87
112281  112091  10.00   62.74
112281  111809  6.50    101.68
112286  112008  5.33    86.61
112287  111796  7.20    120.23
112306  112062  3.42    60.32
112307  112600  6.75    44.14
112348  111855  11.50   96.01
112362  111869  15.00   87.54
112369  112466  3.00    66.20
112370  112783  10.90   115.67
112383  112703  5.50    54.41
112383  112669  6.50    93.56
112386  112601  5.33    67.19
112395  112888  7.67    116.91
112395  111969  10.25   120.36
112396  112264  6.50    27.69
112396  112455  11.50   22.44
112400  112306  10.00   15.19
112408  111992  7.11    78.67
112424  111875  7.86    95.47
112425  112720  0.00    70.54
112425  111961  4.75    103.73
112434  111946  6.38    133.62
112434  111969  6.80    115.60
112466  112570  3.00    66.34
112488  113069  8.61    106.09
112488  112093  9.20    119.95
112490  112400  11.50   63.54
112490  113303  10.80   131.15
112499  112960  3.00    80.35
112508  112218  7.56    98.12
112548  112216  6.20    65.68
112559  112244  2.00    92.39
112569  113076  6.09    83.10
112570  112671  5.83    72.26
112570  112052  8.67    82.55
112573  112490  0.00    63.99
112573  112077  10.00   84.20
112587  112573  0.00    3.11
112587  112665  3.00    62.06
112600  113251  5.26    111.80
112600  112286  9.00    86.61
112601  112688  0.00    29.19
112601  112018  8.50    102.86
112614  113125  9.11    91.33
112624  113186  6.31    89.32
112628  112279  3.00    60.90
112628  112434  6.82    52.79
112656  112307  0.00    105.36
112663  112679  0.00    3.30
112665  112744  0.00    62.88
112665  111862  8.30    139.20
112668  112037  10.75   133.40
112671  112768  11.13   70.09
112671  112058  8.33    99.31
112679  113069  10.75   118.12
112679  113018  5.33    61.26
112688  112057  5.67    104.77
112693  112508  5.80    97.22
112693  112169  3.00    97.68
112693  113146  19.89   88.88
112696  112395  8.17    78.75
112696  112008  8.62    115.58
112701  112693  15.00   7.57
112701  112247  10.75   84.67
112703  112920  10.00   76.77
112703  113368  6.93    107.20
112714  112287  0.00    121.37
112715  112102  10.27   107.78
112720  113125  0.00    103.75
112720  113101  3.00    107.22
112744  112209  8.80    91.51
112752  112425  0.00    97.06
112754  112715  0.00    6.21
112759  112281  1.00    78.44
112759  112846  0.00    14.12
112768  112864  14.00   67.32
112779  112628  10.67   29.65
112783  113244  9.92    115.22
112794  112370  11.02   78.36
112812  113563  7.25    126.51
112820  112942  0.00    32.34
112820  112396  5.40    91.25
112825  112192  6.33    110.29
112846  112559  8.67    92.27
112846  113223  6.50    64.16
112848  112488  8.71    113.78
112848  112408  5.83    78.61
112849  112758  9.00    61.13
112860  113036  0.00    46.34
112864  112885  3.60    9.52
112877  112218  7.25    103.45
112878  113563  10.00   106.78
112885  113295  8.00    64.46
112885  112944  1.00    35.37
112888  112434  9.20    118.40
112905  112970  0.00    16.37
112905  112362  0.00    87.56
112930  112696  11.00   53.15
112933  112688  14.33   37.57
112935  112860  10.00   86.24
112942  112905  1.00    5.33
112944  113076  4.75    62.90
112944  112348  3.00    96.57
112949  112849  2.33    60.70
112969  112696  2.33    80.46
112970  112701  10.85   139.17
112970  113174  2.00    47.35
112990  112600  7.33    119.30
113002  112212  6.50    122.99
113004  113176  0.00    58.07
113018  112628  3.97    115.67
113018  113710  7.80    127.36
113030  112779  3.00    57.97
113038  112949  7.25    60.75
113049  112888  6.50    42.96
113049  113376  0.00    55.89
113052  112601  3.00    78.38
113069  113408  9.55    59.26
113076  113195  3.00    64.37
113076  113549  9.80    77.45
113081  113038  0.00    30.96
113081  112671  6.36    65.69
113089  112933  0.00    24.43
113121  112735  8.43    83.82
113125  113151  0.00    9.26
113126  112930  0.00    48.62
113142  113081  0.00    31.66
113146  113424  10.00   61.26
113160  113089  0.00    9.89
113174  112820  6.50    57.06
113174  112942  2.60    35.25
113176  112779  6.00    67.06
113186  113121  7.77    81.03
113186  113020  3.19    119.67
113195  112400  10.86   125.15
113195  113303  6.50    63.94
113206  112877  9.00    125.69
113208  112930  7.90    61.73
113208  113049  6.75    39.63
113220  112783  9.62    75.31
113223  112935  4.75    87.45
113223  113573  14.33   65.50
113230  113807  8.22    93.68
113230  113142  10.50   61.58
113243  112877  8.67    69.88
113244  113774  9.54    144.96
113247  112794  9.06    78.36
113247  112848  9.20    115.26
113251  112969  7.25    80.46
113251  113778  10.31   118.60
113253  113208  10.00   11.98
113253  113376  0.00    25.23
113282  112744  9.17    85.27
113282  112846  3.00    131.78
113295  113230  4.75    50.40
113298  113506  11.00   66.74
113303  113767  8.67    78.26
113303  113428  5.43    63.82
113309  113573  6.00    86.78
113328  112848  7.14    83.34
113337  113151  15.00   102.08
113339  113206  7.71    96.20
113339  113146  0.00    33.47
113354  113295  5.33    28.08
113354  112944  7.40    65.32
113375  113160  6.40    33.45
113376  113432  0.00    11.23
113389  113975  14.33   116.04
113389  112990  23.83   119.30
113408  113018  5.50    117.12
113408  114136  9.13    129.28
113424  113339  0.00    58.28
113424  113809  7.88    100.03
113428  113530  5.43    59.80
113428  112587  9.38    135.11
113432  114031  11.00   108.23
113432  113802  8.57    115.26
113461  112825  9.33    110.15
113487  113223  9.00    84.07
113506  113052  11.00   78.45
113511  113253  5.50    78.22
113523  113309  11.50   87.52
113523  113936  9.41    125.59
113530  113660  3.00    64.89
113530  112665  7.73    142.12
113536  113375  9.00    28.69
113536  113631  2.67    65.04
113549  114042  20.00   77.45
113561  113506  0.00    10.05
113561  114378  12.50   123.02
113573  113936  7.67    62.54
113573  113846  10.75   83.83
113593  113251  13.20   108.59
113611  113247  8.08    114.71
113611  113220  10.20   75.31
113631  113523  7.43    19.27
113647  113195  2.00    78.40
113660  113741  0.00    22.07
113660  113282  5.60    63.83
113663  112849  8.67    129.20
113676  113174  10.12   85.82
113679  113247  8.63    83.25
113679  113328  10.46   114.86
113710  114015  2.33    84.55
113710  114224  2.71    84.40
113717  112949  7.50    123.08
113741  113487  0.00    84.04
113741  114146  0.00    66.01
113754  113038  4.40    115.25
113761  113408  3.84    116.29
113761  113328  4.00    83.48
113767  114298  5.17    78.31
113774  114080  5.80    81.00
113774  114525  9.36    129.14
113778  113511  4.92    78.22
113781  113938  10.00   116.01
113784  113142  3.60    104.91
113802  113176  5.67    117.09
113802  114224  4.56    115.81
113807  114438  8.67    93.68
113846  114146  4.25    84.00
113876  113354  12.44   85.53
113913  114211  2.00    49.48
113923  113206  8.38    131.28
113936  114409  10.73   137.16
113946  113428  10.00   84.03
113960  113631  10.00   48.07
113970  113923  0.00    6.56
113975  113593  6.40    108.59
113975  114598  1.00    118.48
113994  113611  9.14    65.57
114015  114136  11.50   32.05
114015  113636  0.00    64.40
114019  113244  8.42    140.87
114019  113611  9.07    115.98
114031  114659  8.17    108.23
114042  114419  7.13    118.36
114077  113536  8.17    81.73
114080  114814  7.55    128.52
114080  114368  10.00   94.08
114114  113530  4.75    90.23
114136  114616  6.50    85.16
114146  114491  3.00    62.49
114146  114682  6.00    85.00
114171  114042  7.13    63.25
114171  113647  11.20   78.37
114185  113761  5.05    116.50
114185  113679  10.00   81.53
114187  113778  5.33    107.02
114203  114370  0.00    51.04
114211  114019  9.27    49.44
114217  113994  20.00   58.08
114224  114990  9.58    138.31
114224  114616  5.80    116.75
114235  113660  5.60    85.72
114264  113975  8.00    75.39
114266  114187  0.00    22.67
114289  113802  5.71    79.04
114289  114816  10.50   112.08
114298  114171  7.25    65.14
114308  114410  8.18    89.16
114327  113960  8.62    106.94
114327  113936  16.67   64.59
114346  114298  0.00    22.97
114368  114561  6.50    100.99
114370  114185  10.00   34.08
114371  113561  3.20    136.08
114378  114944  1.00    119.17
114405  113761  6.88    107.87
114409  114491  10.00   29.82
114410  114702  10.50   45.56
114419  113876  11.50   85.51
114419  114427  3.00    16.12
114427  114833  0.00    63.47
114427  114438  6.50    36.44
114447  114327  3.00    39.65
114456  114266  5.20    58.69
114469  114171  0.00    49.54
114478  114346  3.00    42.17
114478  113946  0.00    84.02
114479  114346  0.00    22.27
114479  114843  0.00    64.49
114483  113994  7.55    84.17
114483  114185  3.00    116.17
114490  113784  7.07    104.91
114491  114682  3.00    65.63
114515  114478  3.00    11.18
114525  115238  26.67   131.15
114525  114211  7.89    95.04
114528  114589  8.08    56.70
114528  115146  10.54   101.89
114561  115157  7.75    112.84
114561  114656  4.75    82.62
114576  114447  3.00    38.08
114589  114702  9.30    87.73
114598  114187  8.86    121.76
114608  114586  9.80    122.22
114608  113960  10.00   96.94
114616  115174  8.93    107.79
114616  114997  10.75   115.34
114621  115129  6.17    86.61
114621  114528  7.73    82.34
114626  114077  8.57    81.86
114626  114608  7.25    62.35
114656  114621  9.83    55.13
114656  115404  9.20    130.82
114659  115195  5.80    105.23
114659  114456  11.50   57.88
114682  114786  10.00   54.41
114689  114515  16.67   48.84
114689  114114  3.00    90.23
114702  115026  9.23    53.49
114714  114576  3.00    42.35
114714  115015  0.00    66.43
114716  114483  0.00    39.56
114723  114714  0.00    3.94
114723  114409  0.00    63.57
114745  114919  0.00    49.96
114768  114689  8.00    67.49
114768  114235  7.76    85.72
114786  114768  3.00    20.15
114786  115235  0.00    88.42
114796  114019  7.75    134.57
114796  114483  4.72    115.91
114814  114525  7.91    80.35
114814  115121  10.14   60.91
114816  115008  3.00    37.23
114816  114990  3.00    56.58
114852  114716  0.00    47.25
114867  114266  5.68    105.95
114870  114370  11.13   87.64
114883  114723  10.00   35.84
114901  114598  10.18   90.44
114919  114870  20.00   9.89
114924  115015  10.00   106.88
114926  114368  9.20    99.23
114944  114626  4.00    50.59
114990  115401  6.50    76.62
114993  114944  3.00    8.07
114993  114924  10.75   106.79
114997  115170  9.20    61.59
114997  114405  8.53    107.87
115010  115598  8.67    129.81
115010  114796  10.00   40.46
115014  114870  0.00    49.54
115015  115160  0.00    56.03
115023  114659  8.25    116.68
115023  114289  7.08    136.54
115026  115106  8.50    78.93
115026  115507  5.50    76.29
115033  114456  9.20    105.60
115049  114716  8.25    64.47
115055  114919  3.00    29.60
115061  115735  3.00    119.94
115061  114796  4.08    101.16
115073  115351  3.00    83.35
115121  115612  3.00    88.49
115129  115661  10.00   86.61
115146  115796  9.00    101.89
115157  115798  3.00    112.86
115160  114883  0.00    55.38
115170  115369  9.00    54.84
115170  115055  11.50   108.99
115174  115793  11.20   107.85
115191  114515  0.00    113.41
115195  115805  11.50   105.23
115206  115049  3.00    53.40
115216  115646  0.00    68.34
115216  115469  9.80    129.79
115235  115528  8.10    85.32
115238  115983  4.71    132.66
115238  115061  5.17    44.62
115241  114768  8.83    77.90
115255  114589  3.00    108.47
115331  114993  5.50    68.51
115331  115216  6.50    82.49
115351  115489  0.00    25.60
115369  115055  8.17    56.95
115369  115761  7.64    116.65
115401  115023  9.80    116.33
115401  116002  6.67    108.97
115404  116100  11.36   129.57
115406  115331  5.33    13.59
115417  114867  6.13    105.95
115423  115503  2.64    22.92
115424  115853  5.33    99.24
115424  115073  7.30    84.18
115451  115238  7.00    44.17
115466  114926  10.55   99.23
115466  115121  9.91    96.81
115469  115710  13.25   81.20
115469  115160  0.00    51.25
115480  115813  1.00    53.59
115480  115423  4.86    111.67
115489  115592  9.13    86.75
115489  115840  8.09    69.14
115503  115750  5.19    79.54
115507  115980  12.50   76.29
115528  114883  9.08    121.52
115562  115406  3.00    34.89
115564  115010  16.67   103.42
115566  115417  3.00    27.82
115574  115480  6.00    67.71
115576  114997  3.00    108.36
115592  115562  5.20    5.35
115592  115637  0.00    8.71
115598  116333  6.00    131.87
115605  115033  2.33    105.60
115612  115451  3.75    38.76
115637  116398  0.00    137.88
115637  115868  0.00    49.90
115646  115406  6.50    104.28
115646  115925  11.50   88.17
115661  116143  3.00    76.78
115710  115984  11.50   108.13
115710  115528  0.00    29.85
115746  115661  0.00    47.64
115746  116394  0.00    103.79
115750  115241  7.18    77.90
115761  115049  4.43    127.66
115761  115866  0.00    27.32
115793  116387  4.88    108.70
115793  115401  8.43    113.42
115796  115746  10.00   28.44
115796  116271  9.50    76.38
115798  115466  9.20    94.66
115805  116140  3.00    63.41
115807  116137  0.00    114.41
115813  116163  13.20   59.98
115836  115870  0.00    58.28
115840  116246  13.25   82.27
115840  115868  8.67    5.00
115842  115612  4.63    47.17
115842  116433  12.00   109.65
115843  115023  11.09   146.87
115853  115351  9.83    92.37
115863  115666  9.00    43.78
115866  116045  0.00    125.24
115866  115877  3.00    5.77
115868  116291  9.88    87.68
115870  115369  9.93    87.47
115877  116045  0.00    54.27
115886  115605  15.00   50.20
115889  115796  9.38    81.07
115900  115503  0.00    95.40
115918  115889  5.50    29.81
115925  115710  10.00   130.95
115925  115469  7.20    81.18
115946  115813  6.50    65.21
115952  115255  8.67    108.46
115952  115918  4.00    24.87
115959  116471  0.00    90.43
115980  115952  10.00   24.70
115980  116460  6.50    77.61
115983  116613  11.50   115.51
115984  115750  9.94    68.55
116002  116588  7.56    108.97
116045  116139  7.67    28.06
116049  116327  0.00    79.28
116066  115980  5.50    79.45
116084  115842  5.47    62.32
116100  115798  5.40    95.60
116137  115984  0.00    28.29
116139  116333  7.29    57.58
116139  115564  5.43    103.44
116142  115562  6.93    132.80
116143  116626  8.50    76.93
116157  115877  1.00    53.60
116178  115576  9.80    108.39
116178  115793  11.00   116.94
116246  116646  13.33   82.23
116271  116734  8.82    76.38
116291  117014  5.50    139.07
116295  115863  6.00    111.32
116295  115853  1.00    90.35
116327  116137  0.00    45.41
116333  116477  2.00    45.19
116361  115761  6.62    108.81
116372  115889  7.57    77.18
116398  117017  0.00    135.40
116415  116084  6.26    122.82
116415  117040  7.29    111.22
116423  116583  11.50   53.02
116433  117050  11.00   109.65
116460  116958  11.00   77.61
116471  116478  0.00    46.28
116477  116522  3.00    13.93
116478  116327  0.00    53.22
116521  116142  7.56    126.43
116522  117122  14.00   106.79
116522  116613  7.75    27.90
116524  116415  5.73    103.55
116524  117232  8.00    129.19
116545  115870  6.57    128.58
116545  116178  7.80    116.52
116562  116100  9.17    81.41
116562  116524  6.35    31.63
116577  115918  0.00    105.88
116583  116139  6.70    82.83
116613  116744  8.13    42.69
116626  116562  7.27    51.86
116629  115843  6.90    146.87
116634  116626  6.50    9.72
116635  116471  0.00    57.93
116646  116295  7.14    91.35
116646  117123  13.25   91.63
116659  116084  8.38    103.88
116718  116478  0.00    80.64
116734  116634  4.33    72.90
116742  116295  8.86    93.07
116744  116831  0.00    24.79
116765  116734  10.00   21.10
116768  116178  6.71    108.35
116844  116765  9.24    57.75
116844  116372  13.83   77.18
116861  116142  7.90    143.30
116872  116583  5.33    49.82
116877  116844  5.50    17.24
116877  117545  8.39    109.93
116908  116521  9.89    126.48
116952  116361  7.36    108.81
116958  116877  3.67    63.24
116971  116958  4.25    10.89
117014  117333  10.00   72.94
117032  116291  0.00    146.23
117032  116646  3.38    90.41
117067  116971  5.94    67.50
117224  116659  8.35    103.88
117270  116908  3.71    126.48
117273  116861  9.20    138.90
117329  117014  4.67    89.94
117329  117481  20.00   119.62
117333  117806  8.00    91.86
117333  117032  6.58    87.15
117433  116971  6.00    79.30
117443  116765  10.04   111.02
117448  117032  2.00    91.08
117481  118089  10.33   117.68
117481  117784  7.80    92.56
117505  116562  10.54   148.47
117693  117273  4.73    138.87
117725  117333  5.14    93.40
117725  118204  6.13    91.11
117725  117329  15.00   74.03
117784  118053  7.67    60.59
117784  118466  6.50    130.57
117806  118282  10.50   91.82
118089  117725  5.33    89.37
118089  118587  4.67    91.47
118204  118684  7.46    91.11
118466  118089  10.00   90.50
118466  118872  1.00    81.92
118587  119008  10.00   91.47
118872  119279  10.25   81.83
118891  118466  5.00    106.96
1 4 103712 104339 105963 106236 102650 103114 101481 101631
2 2 111155 110996 112877 113206
3 4 112935 113223 111605 111855 114689 114768 109763 110648
4 3 100766 99971 97819 98404 103936 104320
