3282 8202 3 12 4 4 6070.15 2236.37
37378   90
37493   90
37871   90
38014   90
39302   90
39340   90
39639   90
39854   90
39914   90
40620   90
41105   90
41687   90
42157   90
42216   90
42288   90
42515   90
42625   90
43217   34
43829   90
43888   34
44036   90
44153   90
44297   90
44298   90
44312   90
44347   90
44776   90
44886   34
45161   34
45166   90
45534   34
45580   90
45615   34
45770   90
45879   34
45882   34
45908   34
45946   34
45972   34
45986   34
46013   34
46057   34
46067   34
46122   34
46291   34
46385   34
46469   34
46575   34
46599   90
46661   34
46877   90
46881   90
47001   90
47009   90
47093   34
47126   90
47151   90
47198   34
47680   90
47683   34
47734   34
47848   90
48067   90
48069   90
48103   34
48629   90
48799   90
48805   90
48811   90
48815   90
48827   34
48834   90
48848   90
48853   34
48870   34
48982   90
49086   34
49182   34
49183   34
49228   90
49263   34
49544   34
49814   90
49843   90
49997   90
50220   34
50379   90
50450   90
50641   90
50650   90
50812   34
50992   90
51020   90
51188   34
51356   34
51446   90
51508   90
51788   90
51838   90
51932   90
52110   44
52264   44
52344   34
52377   34
52437   34
52528   34
52632   90
52737   34
52753   34
52775   34
52797   44
52970   44
53418   44
53588   34
53864   34
54137   34
54247   44
54273   44
54473   44
54652   44
54791   44
54801   34
55298   44
55428   34
55628   34
55685   34
55725   44
55828   44
55901   44
56292   44
56419   44
56518   44
56588   44
56766   34
56836   44
56887   44
57015   44
57084   44
57098   34
57135   34
57238   44
57468   44
57711   44
57864   34
57903   44
58198   34
58371   44
58402   44
59244   34
59886   44
61354   34
61467   44
61712   44
62787   44
62996   44
63101   44
63893   44
64286   44
64416   44
64420   44
64568   44
65194   44
65325   44
65673   44
66060   44
66460   44
37766   90
37887   90
37933   90
37967   90
37998   90
38110   90
38121   90
38280   90
38303   90
38317   90
38325   90
38557   90
38629   90
38669   90
38699   90
38706   90
38959   90
39016   90
39110   90
39180   90
39275   90
39318   90
39357   90
39367   90
39445   90
39475   90
39481   90
39484   90
39512   90
39537   90
39584   90
39608   90
39641   90
39654   90
39688   90
39714   90
39719   90
39739   90
39759   90
39763   90
39765   90
39768   90
39779   90
39782   90
39796   90
39804   90
39830   90
39836   90
39877   90
39878   90
39916   90
39981   90
39985   90
39990   90
39991   90
40019   90
40038   90
40090   90
40094   90
40099   90
40102   90
40108   90
40119   90
40145   90
40164   90
40171   90
40176   90
40177   90
40202   90
40209   90
40235   90
40265   90
40290   90
40314   90
40345   90
40346   90
40349   90
40377   90
40401   90
40416   90
40417   90
40418   90
40420   90
40424   90
40433   90
40447   90
40456   90
40461   90
40471   90
40478   90
40515   90
40530   90
40534   90
40542   90
40591   90
40593   90
40606   90
40622   90
40623   90
40627   90
40634   90
40648   90
40665   90
40678   90
40690   90
40691   90
40694   90
40697   90
40706   90
40715   90
40757   90
40772   90
40786   90
40797   90
40802   90
40808   90
40821   90
40823   90
40854   90
40870   90
40874   90
40884   90
40912   90
40916   90
40924   90
40927   90
40946   90
40957   90
40970   90
40982   90
41000   90
41006   90
41007   90
41010   90
41012   90
41041   90
41054   90
41063   90
41065   90
41078   90
41101   90
41112   90
41157   90
41176   90
41186   90
41192   90
41206   90
41209   90
41210   90
41257   90
41270   90
41273   90
41278   90
41279   90
41297   90
41302   90
41311   90
41319   90
41335   90
41358   90
41360   90
41371   90
41383   90
41386   90
41403   90
41405   90
41421   90
41423   90
41429   90
41445   90
41453   90
41457   90
41482   90
41489   90
41496   90
41497   90
41516   90
41533   90
41534   90
41545   90
41549   90
41554   90
41567   90
41570   90
41608   90
41628   90
41637   90
41648   90
41664   90
41671   90
41689   90
41700   90
41705   90
41717   90
41725   90
41729   90
41735   90
41745   90
41753   90
41765   90
41768   90
41780   90
41805   90
41816   90
41819   90
41824   90
41825   90
41827   90
41834   90
41836   90
41847   90
41856   90
41887   90
41894   90
41896   90
41907   90
41911   90
41936   90
41937   90
41941   90
41964   90
41971   90
41987   90
42003   90
42005   90
42028   90
42035   90
42042   90
42045   90
42054   90
42061   90
42086   90
42089   90
42093   90
42095   90
42127   90
42128   90
42133   90
42154   90
42166   90
42169   90
42175   90
42180   90
42181   90
42183   90
42190   90
42192   90
42210   90
42227   90
42235   90
42242   90
42251   90
42253   90
42272   90
42285   90
42290   90
42296   90
42299   90
42304   90
42306   90
42322   90
42324   90
42342   90
42345   90
42349   90
42356   90
42357   90
42379   90
42381   90
42385   90
42395   90
42396   90
42404   90
42424   90
42429   90
42430   90
42431   90
42436   90
42437   90
42438   90
42441   90
42448   90
42461   90
42462   90
42474   90
42479   90
42483   90
42487   90
42502   90
42518   90
42528   90
42530   90
42533   90
42564   90
42565   90
42581   90
42587   90
42598   90
42612   90
42643   90
42646   90
42648   90
42660   90
42661   90
42663   90
42665   90
42672   90
42674   90
42677   90
42695   90
42696   90
42714   90
42715   90
42733   90
42742   90
42746   90
42747   90
42748   90
42754   90
42755   90
42788   90
42795   90
42796   90
42798   90
42803   90
42814   90
42828   90
42832   90
42838   90
42846   90
42854   90
42855   90
42859   90
42860   90
42867   90
42868   90
42897   90
42904   90
42922   90
42926   90
42945   90
42957   90
42960   90
42962   90
42973   90
42979   90
42991   90
42992   90
42999   90
43001   90
43026   90
43034   90
43042   90
43046   90
43048   90
43065   90
43070   90
43088   90
43090   90
43094   90
43095   90
43096   90
43105   90
43113   90
43129   90
43146   90
43152   90
43155   90
43157   90
43158   90
43160   90
43164   90
43197   90
43219   34
43225   34
43227   90
43234   34
43245   90
43247   90
43266   90
43271   90
43273   90
43290   90
43293   90
43295   90
43298   34
43300   90
43305   90
43309   90
43315   90
43325   90
43345   90
43346   90
43359   90
43364   90
43367   90
43372   90
43376   90
43377   90
43379   90
43418   90
43425   90
43430   90
43434   90
43440   90
43465   90
43466   34
43467   90
43468   90
43469   90
43470   90
43479   90
43496   90
43514   90
43515   90
43551   90
43567   90
43572   90
43586   90
43592   90
43597   90
43603   90
43605   90
43610   90
43612   90
43625   90
43628   34
43645   90
43653   90
43655   90
43659   90
43673   90
43708   90
43719   90
43729   90
43730   90
43739   90
43744   90
43745   90
43777   90
43779   90
43784   90
43790   90
43800   90
43802   90
43805   90
43810   90
43820   90
43824   90
43835   90
43845   90
43862   90
43865   90
43868   90
43872   90
43890   90
43894   90
43904   90
43906   90
43907   90
43917   34
43927   90
43932   90
43964   90
43973   90
43974   90
43981   34
43984   90
43990   90
43991   90
43997   34
44025   90
44037   90
44050   90
44052   90
44062   90
44070   90
44072   90
44092   90
44101   90
44102   90
44115   90
44128   90
44142   90
44149   90
44154   90
44159   90
44161   90
44163   90
44169   90
44188   90
44209   90
44230   90
44235   90
44237   90
44247   90
44252   90
44259   90
44289   90
44290   90
44293   34
44313   90
44325   90
44326   90
44330   90
44337   90
44365   90
44369   90
44371   90
44372   90
44391   90
44420   90
44456   90
44460   34
44466   90
44474   90
44478   90
44490   90
44495   90
44522   34
44527   34
44530   90
44547   34
44553   90
44555   90
44588   90
44590   34
44620   90
44621   34
44629   90
44650   90
44654   90
44657   90
44667   90
44669   90
44670   90
44672   90
44679   90
44680   90
44681   90
44684   90
44689   90
44700   90
44736   90
44744   90
44746   90
44755   90
44757   90
44759   34
44762   90
44809   90
44816   34
44837   90
44840   90
44861   34
44881   90
44891   90
44903   90
44909   90
44914   90
44919   90
44927   90
44934   90
44936   34
44943   90
44947   90
44973   34
44976   90
44993   90
44996   90
45001   90
45003   90
45015   34
45036   90
45038   90
45041   34
45071   34
45085   90
45090   90
45098   90
45136   34
45137   34
45158   90
45165   34
45173   90
45183   90
45184   34
45188   90
45191   90
45193   34
45222   90
45227   90
45228   90
45233   34
45234   90
45238   90
45277   34
45278   90
45290   90
45292   90
45304   90
45321   34
45323   90
45330   90
45352   90
45381   90
45392   34
45405   90
45412   90
45431   90
45463   90
45471   34
45472   90
45477   90
45489   90
45492   90
45500   90
45507   90
45538   90
45561   90
45574   90
45575   90
45577   34
45581   90
45585   34
45590   90
45600   34
45609   90
45629   90
45636   90
45642   34
45647   90
45648   90
45652   90
45654   34
45668   90
45680   90
45682   90
45690   90
45693   34
45694   90
45703   34
45705   34
45725   90
45746   90
45760   90
45780   34
45781   90
45785   34
45789   90
45795   34
45796   34
45803   90
45808   34
45819   90
45821   90
45822   34
45823   34
45828   34
45840   90
45842   90
45851   34
45852   90
45860   90
45884   90
45889   90
45897   34
45912   90
45923   90
45926   90
45929   34
45933   90
45934   90
45936   34
45941   90
45951   34
45954   34
45959   90
45978   90
45988   90
46000   90
46006   90
46019   90
46027   90
46032   90
46039   90
46040   34
46047   90
46054   90
46063   90
46068   90
46076   34
46081   90
46085   90
46089   34
46090   34
46091   90
46100   34
46106   34
46109   90
46116   90
46117   34
46121   34
46134   90
46138   90
46140   90
46143   90
46144   34
46152   90
46164   90
46165   34
46168   34
46171   90
46176   34
46181   34
46187   90
46188   90
46192   90
46201   90
46202   34
46213   34
46215   90
46228   34
46237   90
46239   34
46248   34
46257   34
46259   34
46260   90
46272   34
46275   90
46298   90
46299   34
46304   34
46305   90
46349   90
46353   34
46354   34
46359   90
46363   90
46368   34
46369   34
46376   34
46377   34
46390   90
46397   90
46400   34
46404   34
46415   90
46417   90
46419   34
46420   90
46422   34
46427   34
46428   34
46434   90
46446   90
46447   90
46458   90
46461   90
46465   90
46472   34
46483   34
46494   90
46495   34
46500   90
46504   90
46508   34
46514   90
46515   34
46516   34
46522   34
46525   34
46532   90
46542   90
46543   34
46544   34
46545   90
46548   90
46550   34
46555   34
46568   34
46578   34
46579   90
46583   90
46587   90
46588   34
46593   34
46596   90
46597   34
46601   90
46611   90
46616   34
46622   34
46635   90
46639   34
46650   90
46652   90
46658   90
46660   34
46665   34
46666   90
46667   90
46668   90
46674   90
46679   34
46680   34
46682   90
46683   90
46688   90
46690   34
46693   90
46694   90
46710   34
46714   90
46737   34
46746   34
46748   90
46750   90
46751   34
46769   90
46772   34
46773   34
46782   34
46788   90
46792   90
46803   90
46804   34
46817   34
46825   90
46828   34
46830   90
46833   34
46841   34
46842   90
46847   90
46848   34
46854   34
46860   90
46864   90
46867   34
46868   90
46870   90
46873   34
46876   90
46887   90
46890   34
46895   34
46898   90
46901   34
46902   34
46903   90
46910   90
46914   34
46917   90
46933   90
46935   90
46937   34
46949   90
46952   34
46953   34
46962   90
46963   90
46967   34
46969   90
46975   34
46980   90
46981   90
46985   90
46989   90
46992   90
46995   34
46997   90
46999   90
47006   34
47007   34
47011   34
47013   34
47022   90
47023   90
47024   90
47031   90
47036   90
47038   34
47039   90
47053   34
47067   90
47071   90
47076   90
47081   34
47086   34
47087   90
47088   34
47098   34
47103   90
47108   34
47111   90
47114   34
47121   34
47124   34
47129   90
47131   90
47133   90
47134   34
47150   90
47152   34
47167   90
47172   90
47173   90
47177   90
47193   90
47194   90
47195   34
47201   34
47207   34
47212   34
47213   90
47217   34
47219   34
47221   34
47228   90
47232   90
47233   90
47238   34
47247   34
47253   34
47260   90
47261   90
47263   34
47264   34
47268   90
47276   34
47282   34
47284   34
47288   34
47305   90
47307   90
47311   90
47312   34
47318   90
47325   34
47334   90
47342   90
47345   34
47349   34
47353   34
47357   34
47363   90
47367   34
47369   90
47371   34
47378   34
47380   90
47381   90
47382   34
47383   90
47387   90
47388   90
47391   34
47393   34
47410   90
47414   34
47415   34
47419   34
47423   90
47425   90
47430   34
47431   34
47439   90
47444   34
47445   90
47447   90
47458   90
47471   34
47473   34
47476   34
47487   34
47498   90
47501   34
47509   34
47516   34
47524   34
47525   34
47527   90
47529   34
47533   90
47543   90
47552   34
47553   34
47555   90
47556   90
47577   34
47578   34
47584   34
47587   34
47591   90
47596   90
47613   34
47626   34
47629   34
47638   90
47640   34
47644   34
47655   90
47661   90
47666   90
47669   90
47672   90
47675   34
47676   90
47677   34
47679   90
47691   34
47692   34
47698   90
47711   34
47715   90
47719   34
47721   90
47722   34
47723   90
47725   90
47727   34
47731   34
47736   34
47741   90
47758   90
47759   34
47761   90
47763   90
47767   90
47771   34
47773   90
47774   34
47788   90
47794   34
47798   90
47804   34
47806   90
47807   34
47819   90
47824   34
47829   90
47834   34
47840   90
47841   34
47844   90
47855   34
47856   90
47857   34
47859   34
47869   34
47871   34
47873   34
47880   90
47883   34
47886   34
47888   90
47890   90
47896   34
47898   90
47899   90
47912   90
47916   34
47930   34
47940   90
47941   34
47950   90
47957   34
47960   90
47961   34
47968   90
47969   90
47970   34
47974   34
47977   34
47979   90
47987   90
48001   90
48003   34
48004   90
48008   34
48022   34
48023   90
48032   34
48035   34
48036   90
48040   34
48042   34
48048   34
48051   34
48054   90
48058   90
48068   90
48075   90
48076   34
48077   90
48086   90
48098   90
48100   90
48101   34
48102   90
48116   90
48119   34
48123   90
48133   34
48143   34
48144   90
48155   90
48164   34
48167   34
48176   34
48177   34
48178   34
48186   34
48194   90
48196   34
48198   90
48202   90
48217   34
48219   34
48221   34
48232   34
48234   34
48236   34
48241   34
48248   90
48251   34
48252   90
48263   90
48266   34
48283   34
48287   34
48291   90
48298   90
48302   90
48303   34
48304   34
48311   34
48322   34
48333   34
48334   34
48347   34
48360   34
48361   34
48364   34
48366   34
48373   34
48374   34
48375   90
48383   34
48384   90
48387   90
48392   90
48393   34
48397   34
48398   90
48402   34
48406   90
48408   90
48409   34
48412   34
48413   90
48416   90
48425   34
48428   34
48435   90
48439   90
48443   90
48444   90
48445   90
48446   34
48450   90
48459   34
48461   34
48478   90
48479   34
48481   90
48484   34
48489   34
48493   90
48495   34
48508   34
48511   34
48512   90
48531   90
48535   90
48539   90
48546   90
48547   34
48563   34
48568   90
48576   34
48590   90
48593   90
48595   90
48605   90
48606   34
48607   90
48608   34
48609   34
48613   90
48617   90
48621   90
48625   90
48626   34
48627   34
48636   34
48642   90
48644   90
48645   90
48648   90
48666   34
48686   34
48687   34
48688   34
48701   34
48706   90
48717   34
48719   34
48724   34
48729   34
48759   90
48768   34
48769   90
48772   34
48773   90
48774   34
48775   34
48786   34
48788   34
48791   90
48812   34
48826   90
48839   34
48856   90
48859   90
48865   34
48869   34
48871   34
48883   90
48887   34
48902   34
48903   90
48914   90
48916   34
48923   90
48942   34
48947   34
48949   34
48951   90
48957   34
48960   90
48970   34
48971   34
48977   34
48985   90
48986   34
49002   90
49003   90
49010   34
49016   34
49023   90
49026   34
49035   34
49040   34
49055   34
49057   90
49065   90
49076   90
49078   34
49094   90
49096   90
49097   34
49104   34
49105   90
49108   34
49109   90
49114   34
49119   90
49121   90
49127   90
49134   90
49138   90
49145   90
49148   34
49150   90
49152   34
49160   34
49161   90
49163   90
49190   34
49195   34
49203   34
49206   90
49207   34
49210   90
49212   34
49220   90
49241   34
49245   34
49251   90
49252   34
49255   90
49257   34
49266   34
49274   34
49279   90
49289   34
49297   34
49300   34
49303   90
49304   90
49307   90
49313   90
49320   34
49334   34
49343   90
49346   34
49351   34
49369   34
49372   90
49377   90
49383   90
49386   34
49389   90
49391   90
49399   90
49400   90
49403   34
49420   90
49423   34
49426   90
49428   34
49434   34
49438   34
49439   90
49443   34
49447   34
49465   34
49475   34
49483   90
49493   34
49496   34
49500   90
49504   34
49508   90
49512   34
49524   90
49531   34
49541   90
49543   34
49545   90
49546   34
49548   34
49552   90
49563   34
49580   90
49581   34
49584   90
49590   34
49591   90
49592   34
49616   34
49618   34
49621   34
49626   34
49645   34
49649   90
49652   34
49663   90
49664   34
49668   90
49669   34
49671   34
49678   90
49685   34
49696   90
49702   34
49704   34
49724   34
49733   90
49740   90
49747   34
49751   34
49753   90
49754   90
49755   90
49756   34
49763   34
49781   34
49790   34
49794   90
49802   34
49809   90
49821   90
49824   90
49830   90
49834   90
49835   90
49839   34
49841   90
49845   34
49847   34
49848   34
49854   34
49863   34
49870   34
49871   90
49872   34
49874   34
49879   90
49892   90
49899   90
49902   34
49915   90
49918   90
49921   34
49944   34
49949   90
49950   90
49952   34
49973   90
49999   90
50010   90
50014   90
50019   90
50027   34
50043   34
50052   34
50057   90
50059   90
50060   34
50061   90
50063   34
50065   90
50067   90
50071   90
50077   90
50080   34
50093   90
50094   90
50096   34
50099   34
50110   90
50115   90
50119   34
50124   90
50130   90
50133   34
50134   90
50139   34
50141   34
50143   90
50146   90
50147   90
50151   90
50153   34
50170   34
50173   90
50177   34
50183   34
50188   90
50194   34
50206   34
50210   34
50212   34
50215   90
50217   90
50229   34
50239   34
50241   90
50246   34
50248   34
50258   90
50271   90
50274   34
50275   90
50287   90
50298   90
50305   90
50318   90
50324   34
50333   90
50335   90
50338   90
50339   34
50346   34
50353   90
50363   34
50378   90
50383   34
50387   90
50402   90
50410   34
50428   34
50433   90
50434   34
50441   90
50444   90
50454   34
50461   34
50463   34
50471   90
50479   34
50480   90
50484   90
50490   34
50496   90
50515   34
50519   34
50537   34
50547   90
50548   34
50565   90
50585   34
50587   34
50588   90
50608   90
50624   90
50632   90
50637   90
50643   34
50657   90
50662   90
50665   90
50670   90
50675   34
50676   34
50683   90
50687   34
50694   34
50708   90
50712   90
50726   34
50729   34
50732   90
50755   90
50756   34
50760   34
50762   90
50763   34
50764   90
50770   90
50773   34
50775   90
50777   34
50780   90
50783   90
50797   34
50800   90
50804   90
50817   90
50823   34
50826   34
50843   34
50847   90
50849   90
50851   90
50862   34
50863   90
50865   34
50866   34
50871   90
50873   34
50885   34
50898   90
50905   90
50907   34
50917   90
50919   90
50928   34
50944   34
50949   90
50952   34
50955   34
50957   90
50963   34
50966   34
50970   90
50974   90
50976   90
50978   34
50993   34
51004   90
51006   34
51007   34
51008   34
51010   90
51012   90
51013   34
51015   34
51017   34
51021   90
51033   90
51040   34
51044   90
51046   90
51057   90
51059   90
51060   34
51070   90
51075   34
51077   90
51079   90
51088   34
51090   90
51092   34
51101   90
51106   34
51108   90
51136   34
51137   90
51154   90
51159   34
51174   90
51195   90
51196   34
51204   90
51205   90
51209   34
51217   34
51222   90
51226   90
51239   90
51242   90
51249   34
51254   34
51273   90
51276   34
51285   34
51289   90
51292   34
51297   90
51303   90
51308   34
51313   90
51320   90
51325   90
51340   90
51360   90
51375   90
51379   90
51384   90
51389   90
51396   34
51401   90
51407   90
51421   34
51424   34
51433   90
51441   34
51447   34
51452   34
51460   90
51466   34
51467   34
51474   90
51476   34
51477   34
51479   90
51483   34
51490   34
51494   90
51498   34
51521   34
51526   90
51533   34
51537   90
51543   34
51556   34
51558   90
51564   90
51567   34
51573   34
51579   34
51587   90
51591   90
51594   90
51600   90
51602   34
51620   34
51626   34
51629   34
51640   90
51645   90
51646   90
51656   90
51666   90
51676   90
51677   90
51679   34
51684   90
51685   90
51686   34
51687   90
51690   34
51705   90
51710   90
51724   90
51725   34
51731   34
51732   34
51735   90
51737   34
51741   90
51754   34
51758   90
51769   34
51780   90
51803   90
51806   90
51808   34
51809   34
51814   34
51820   34
51829   34
51835   90
51844   34
51847   34
51855   90
51862   90
51873   90
51879   90
51890   90
51891   34
51894   34
51896   34
51901   90
51917   34
51923   90
51927   90
51930   34
51934   90
51939   34
51942   34
51950   34
51951   90
51961   90
51963   34
51969   34
51973   34
51975   90
51979   34
51980   34
51982   90
51983   90
51999   90
52004   34
52005   90
52013   34
52014   90
52019   90
52029   34
52034   34
52037   90
52038   90
52039   90
52048   90
52050   34
52055   34
52064   90
52066   34
52067   34
52068   34
52081   34
52087   34
52089   34
52091   34
52093   34
52095   34
52106   34
52118   34
52126   34
52127   90
52129   90
52140   90
52142   34
52147   34
52150   34
52155   90
52168   44
52171   34
52182   34
52196   90
52218   90
52222   34
52223   34
52227   90
52237   34
52249   90
52250   90
52255   90
52257   90
52262   90
52263   34
52266   34
52276   34
52281   34
52288   90
52299   90
52311   34
52323   90
52333   34
52336   90
52347   34
52355   90
52367   44
52374   90
52380   90
52387   90
52391   90
52404   90
52413   34
52416   44
52418   34
52435   34
52481   34
52487   34
52501   90
52505   90
52512   44
52520   34
52525   90
52535   90
52537   34
52542   34
52550   44
52551   34
52555   90
52567   44
52570   34
52577   90
52589   90
52595   90
52609   34
52610   34
52629   34
52634   34
52641   44
52653   44
52654   90
52675   34
52686   44
52689   34
52693   90
52700   34
52729   34
52731   90
52743   34
52745   90
52747   90
52762   90
52766   34
52773   34
52782   34
52786   34
52790   34
52799   90
52800   34
52815   34
52818   44
52821   34
52822   34
52827   34
52828   44
52831   90
52834   34
52857   34
52867   34
52868   34
52869   90
52872   34
52878   44
52882   90
52885   34
52891   34
52892   90
52897   90
52903   34
52904   44
52921   34
52924   34
52932   34
52935   90
52939   34
52946   34
52954   90
52960   34
52962   90
52965   44
52969   90
52976   34
52982   90
52985   44
52990   34
52996   34
52997   34
53016   44
53021   34
53027   34
53028   90
53047   90
53058   90
53059   90
53064   34
53070   34
53083   90
53093   90
53094   34
53095   44
53102   90
53110   90
53120   44
53130   90
53131   44
53132   34
53142   44
53143   34
53159   44
53161   34
53167   34
53174   44
53178   34
53186   44
53187   90
53209   44
53218   34
53230   34
53232   34
53235   44
53237   90
53248   34
53254   34
53260   34
53277   34
53282   44
53303   44
53304   34
53306   90
53307   34
53321   34
53327   90
53334   44
53337   90
53350   44
53353   44
53368   44
53375   34
53385   34
53409   34
53412   44
53434   44
53454   44
53458   34
53463   44
53466   34
53469   90
53471   34
53484   34
53494   44
53498   34
53501   34
53503   34
53507   34
53517   44
53519   90
53525   90
53533   90
53539   90
53541   34
53548   44
53551   34
53557   44
53571   34
53579   44
53589   34
53592   34
53600   34
53601   34
53603   44
53605   90
53619   44
53621   34
53625   34
53627   44
53631   34
53636   44
53644   90
53648   44
53653   34
53659   34
53661   90
53671   34
53686   90
53694   34
53700   90
53703   34
53704   34
53708   44
53711   44
53714   34
53726   90
53753   34
53754   34
53761   34
53764   44
53766   34
53778   34
53792   44
53810   44
53813   34
53815   44
53832   34
53849   44
53867   34
53874   44
53894   44
53902   34
53903   90
53919   34
53920   34
53927   90
53931   44
53933   34
53950   34
53956   44
53959   44
53960   34
53964   34
53967   34
53968   44
53970   44
53973   34
53979   34
53983   34
53986   44
53988   90
53989   34
54004   44
54006   44
54013   44
54015   34
54020   34
54024   34
54025   34
54032   34
54037   34
54043   44
54047   44
54060   44
54065   90
54071   34
54080   34
54089   34
54090   90
54093   90
54099   44
54112   44
54120   44
54126   34
54130   44
54143   34
54145   34
54150   44
54155   90
54163   34
54166   34
54175   34
54186   34
54192   44
54195   44
54201   44
54204   34
54210   44
54214   34
54215   44
54219   90
54222   44
54231   44
54242   90
54262   44
54263   34
54268   44
54271   34
54279   44
54294   44
54295   44
54297   44
54304   44
54317   44
54319   34
54329   44
54334   44
54337   34
54355   44
54360   44
54365   44
54367   34
54374   34
54376   34
54379   44
54381   44
54386   44
54391   44
54395   44
54402   44
54403   90
54409   34
54411   34
54412   34
54413   34
54414   44
54426   44
54435   34
54458   34
54460   34
54463   44
54467   44
54474   34
54480   34
54481   34
54487   34
54492   44
54500   34
54529   34
54533   44
54534   34
54535   44
54543   34
54546   34
54547   34
54559   34
54563   44
54573   44
54577   44
54582   34
54587   44
54589   44
54590   34
54591   34
54605   34
54612   34
54635   44
54639   44
54650   44
54655   44
54661   34
54662   44
54664   44
54666   44
54667   34
54668   34
54674   34
54676   34
54678   44
54681   44
54692   34
54696   44
54697   34
54704   90
54710   44
54721   44
54722   44
54730   44
54734   44
54747   34
54750   44
54758   44
54760   44
54762   34
54766   44
54770   44
54775   44
54776   34
54779   44
54794   34
54798   34
54799   34
54800   34
54807   44
54810   44
54816   44
54827   44
54830   34
54834   44
54836   34
54837   34
54851   44
54871   34
54888   44
54891   44
54895   44
54909   34
54911   34
54913   34
54926   34
54938   34
54941   44
54945   44
54952   34
54953   34
54960   34
54964   34
54972   34
54974   44
54975   34
54976   44
54982   34
54997   34
55000   34
55028   34
55042   34
55043   34
55049   34
55050   34
55052   44
55054   34
55055   34
55060   44
55061   34
55068   44
55069   34
55075   44
55085   44
55086   44
55090   34
55094   34
55096   34
55099   34
55105   44
55119   44
55120   44
55128   44
55132   44
55133   44
55138   34
55139   44
55143   44
55146   34
55159   34
55160   44
55172   44
55176   44
55189   44
55207   44
55212   34
55215   34
55223   44
55227   34
55229   44
55233   34
55234   44
55235   44
55240   34
55250   34
55255   44
55263   44
55266   44
55271   44
55277   44
55285   34
55286   44
55291   44
55296   44
55299   34
55318   44
55327   44
55332   34
55352   44
55365   44
55366   44
55376   34
55384   34
55387   44
55408   44
55411   34
55413   34
55414   34
55417   44
55434   44
55442   34
55448   34
55451   44
55459   44
55463   44
55465   34
55480   44
55487   44
55499   44
55506   34
55508   34
55509   44
55514   34
55515   34
55525   34
55528   44
55529   44
55531   44
55533   34
55534   44
55543   44
55546   44
55564   34
55568   44
55573   44
55577   44
55590   44
55593   44
55602   34
55610   44
55617   34
55619   44
55620   44
55636   44
55645   34
55646   44
55656   34
55659   34
55671   34
55673   44
55677   44
55688   34
55705   34
55710   44
55717   34
55720   44
55729   34
55743   44
55745   44
55753   44
55760   44
55767   44
55768   44
55779   34
55782   44
55804   44
55805   44
55810   44
55823   34
55830   44
55832   44
55836   44
55840   34
55842   44
55851   44
55855   44
55863   34
55866   44
55873   44
55879   34
55893   34
55894   34
55897   44
55898   34
55900   34
55904   44
55909   34
55914   34
55920   44
55921   44
55927   44
55930   34
55935   44
55940   44
55943   34
55944   44
55954   34
55955   34
55977   34
55978   44
55980   34
55983   44
55984   44
55989   44
55994   44
56015   34
56025   44
56034   44
56039   44
56041   44
56043   44
56051   34
56052   44
56066   44
56073   44
56090   34
56095   44
56107   44
56109   34
56111   34
56115   44
56145   44
56164   44
56169   44
56183   44
56184   44
56189   44
56198   44
56204   44
56208   44
56224   44
56225   44
56240   34
56241   44
56245   34
56247   34
56257   44
56265   34
56283   44
56287   44
56293   34
56294   34
56295   34
56296   44
56325   44
56333   34
56335   44
56337   44
56341   34
56350   34
56354   34
56360   44
56367   44
56369   34
56371   34
56376   34
56383   34
56394   44
56396   34
56415   44
56416   34
56418   34
56442   44
56445   34
56447   34
56449   34
56450   34
56482   44
56497   44
56505   44
56510   34
56512   44
56539   34
56554   44
56566   44
56570   44
56584   44
56592   44
56593   44
56607   34
56619   44
56620   34
56625   44
56639   34
56650   34
56657   44
56660   44
56683   34
56684   34
56700   44
56715   34
56721   44
56727   34
56751   44
56757   44
56758   44
56761   34
56762   34
56771   44
56774   34
56790   34
56797   44
56805   44
56819   44
56820   44
56827   44
56844   34
56861   44
56862   44
56868   34
56872   44
56877   44
56886   44
56888   44
56891   44
56894   34
56895   34
56902   44
56906   44
56907   44
56914   44
56916   44
56922   44
56923   44
56930   34
56941   44
56944   44
56950   44
56962   44
56965   34
56976   44
56983   44
56985   34
56990   44
56997   34
57001   34
57019   34
57028   44
57030   34
57048   44
57055   34
57065   34
57069   44
57092   44
57097   34
57120   44
57141   34
57156   44
57162   44
57166   44
57190   44
57223   34
57226   34
57229   34
57243   34
57245   44
57272   44
57293   44
57294   44
57296   44
57304   34
57307   44
57311   34
57329   44
57333   34
57339   44
57342   44
57345   44
57349   34
57362   44
57364   34
57366   44
57378   34
57388   44
57390   44
57392   34
57426   44
57429   34
57430   44
57444   44
57456   44
57482   34
57487   34
57488   44
57489   44
57530   34
57532   44
57543   34
57547   44
57552   34
57561   34
57568   44
57581   34
57593   34
57599   34
57600   44
57613   44
57616   34
57635   34
57641   34
57648   44
57652   34
57656   34
57658   44
57659   44
57662   44
57676   44
57680   44
57682   34
57690   34
57701   34
57718   44
57752   44
57759   34
57765   34
57775   34
57796   44
57813   44
57823   44
57851   44
57868   44
57870   44
57877   44
57884   34
57917   34
57921   34
57928   44
57934   44
57943   34
57945   34
57967   34
57968   34
57978   44
57981   44
58022   44
58025   34
58026   44
58063   44
58064   44
58074   34
58078   44
58083   34
58088   44
58094   34
58112   44
58124   44
58136   34
58166   44
58181   44
58194   44
58213   34
58224   44
58263   44
58284   44
58316   34
58318   34
58334   44
58351   44
58359   34
58374   34
58376   34
58404   34
58429   44
58449   34
58454   44
58458   44
58489   34
58492   34
58497   44
58508   34
58513   34
58515   44
58523   34
58572   44
58585   34
58592   34
58606   44
58617   34
58629   34
58663   44
58665   44
58681   44
58685   34
58694   44
58714   44
58739   34
58749   34
58753   44
58756   34
58774   44
58776   34
58795   34
58817   44
58824   34
58826   34
58839   44
58845   34
58852   34
58872   34
58887   34
58888   44
58892   34
58919   34
58925   34
58941   34
58958   44
58983   34
58986   44
59054   34
59126   44
59145   44
59174   34
59185   34
59190   44
59208   44
59213   34
59223   44
59227   44
59234   34
59236   34
59250   34
59251   44
59268   44
59274   44
59277   34
59296   34
59302   34
59303   34
59307   34
59328   34
59355   44
59407   34
59433   34
59444   34
59447   44
59451   34
59475   44
59476   44
59502   34
59504   44
59507   34
59511   44
59520   44
59522   34
59596   44
59598   34
59628   44
59643   44
59684   34
59686   34
59713   44
59728   44
59731   34
59745   44
59747   34
59754   34
59786   34
59799   34
59812   34
59817   34
59826   34
59868   34
59898   34
59922   44
59938   44
59942   44
59949   34
59955   34
59974   44
59978   34
59994   34
60045   44
60068   44
60070   44
60097   34
60102   34
60111   34
60113   44
60115   34
60117   34
60118   34
60129   34
60130   44
60192   34
60194   34
60217   34
60233   44
60245   34
60248   44
60253   34
60260   34
60273   34
60298   34
60301   34
60326   34
60342   44
60384   34
60401   44
60425   34
60434   44
60440   44
60466   34
60482   44
60490   34
60497   44
60509   44
60529   34
60535   34
60550   44
60560   44
60568   44
60577   34
60603   44
60640   44
60647   34
60651   34
60653   34
60680   44
60688   34
60699   44
60703   34
60715   34
60727   44
60739   44
60746   44
60747   44
60760   44
60779   34
60841   44
60863   34
60894   44
60926   34
60939   44
60943   34
60954   44
60959   34
60978   34
61011   44
61037   34
61060   34
61077   34
61092   44
61109   34
61133   34
61138   34
61140   34
61153   44
61156   34
61174   44
61186   44
61188   34
61193   34
61208   44
61213   44
61217   44
61233   44
61240   34
61249   44
61264   44
61282   34
61333   44
61345   44
61360   44
61379   44
61398   34
61410   34
61420   34
61432   34
61437   44
61443   44
61444   34
61497   44
61528   44
61530   44
61578   44
61581   44
61604   44
61620   34
61638   34
61646   44
61648   34
61663   44
61674   34
61681   44
61682   44
61691   34
61702   34
61721   34
61736   44
61747   34
61754   34
61756   34
61777   34
61790   44
61800   34
61808   44
61828   44
61832   44
61834   34
61835   34
61862   44
61886   44
61892   44
61894   44
61899   44
61916   44
61917   34
61928   34
61932   44
61936   34
61940   44
61952   34
61964   44
61967   44
61974   44
61987   44
61990   44
61993   44
62001   34
62005   34
62011   44
62016   34
62019   44
62022   44
62024   34
62030   44
62032   44
62036   44
62040   44
62041   44
62042   34
62044   44
62048   44
62054   34
62060   44
62064   44
62069   44
62075   44
62086   44
62088   44
62108   44
62116   44
62123   44
62133   44
62138   44
62153   34
62160   44
62166   34
62173   44
62194   44
62197   34
62200   34
62202   44
62215   44
62217   44
62219   44
62227   44
62231   34
62232   44
62235   44
62242   44
62250   44
62260   44
62272   34
62276   44
62289   44
62297   44
62298   34
62299   34
62302   34
62304   34
62315   34
62346   34
62352   34
62353   44
62357   44
62362   44
62382   44
62394   44
62404   34
62411   44
62418   44
62425   44
62458   44
62464   44
62480   44
62484   44
62499   34
62512   44
62520   34
62523   34
62526   34
62534   34
62540   44
62571   44
62601   44
62602   44
62633   44
62636   34
62671   34
62673   44
62676   44
62684   44
62692   44
62740   44
62767   44
62796   44
62812   44
62830   44
62853   44
62863   34
62872   44
62877   34
62879   44
62883   44
62884   44
62891   44
62905   44
62912   44
62921   34
62933   44
62934   44
62945   44
62956   44
62957   44
63026   44
63038   34
63092   44
63096   34
63103   44
63109   44
63126   44
63129   44
63149   44
63171   44
63194   34
63208   44
63240   34
63250   44
63310   44
63336   44
63355   44
63369   34
63374   44
63384   44
63405   44
63429   44
63445   44
63477   34
63489   44
63507   44
63536   44
63562   34
63573   44
63574   44
63592   34
63598   44
63607   44
63609   44
63642   44
63672   44
63702   44
63706   34
63715   44
63792   44
63803   44
63821   44
63842   44
63865   44
63868   44
63923   44
63935   44
63949   44
63957   44
63959   44
63986   44
63991   44
63993   44
64014   34
64017   44
64019   44
64020   44
64025   44
64037   44
64046   34
64068   44
64088   34
64127   44
64133   44
64190   44
64257   34
64263   44
64295   44
64299   44
64304   44
64368   44
64419   44
64445   44
64452   44
64456   34
64464   44
64507   44
64547   44
64559   44
64582   44
64586   34
64631   44
64651   34
64690   44
64728   44
64736   44
64817   44
64862   44
64916   44
64918   44
64934   34
64967   44
64970   44
64982   44
65055   44
65101   44
65118   44
65155   44
65189   44
65193   44
65276   44
65419   44
65454   44
65456   34
65460   44
65476   44
65489   44
65536   44
65538   44
65540   44
65543   44
65611   44
65793   44
65867   44
66085   44
66223   44
66238   44
66318   44
66347   44
66543   44
37378   37766   0.00    127.17
37493   37933   0.00    120.40
37766   38121   0.00    126.13
37871   38303   0.00    130.22
37933   38325   0.00    118.60
38014   38110   0.00    35.82
38110   37967   0.00    34.54
38280   37887   0.00    115.85
38303   38699   0.00    129.50
38317   37998   15.67   116.67
38325   38706   0.00    118.59
38557   38110   17.75   122.44
38629   38280   0.00    115.02
38669   38317   0.00    117.05
38699   39110   0.00    129.39
38706   39110   0.00    118.80
38959   38557   14.33   119.57
39016   38629   0.00    115.18
39016   38669   0.00    116.63
39110   39484   0.00    146.12
39180   38959   35.00   115.66
39275   39537   0.00    92.86
39275   39445   0.00    94.88
39302   39445   0.00    46.75
39318   39180   0.00    79.02
39340   39584   0.00    84.82
39357   39275   0.00    126.59
39357   39180   0.00    50.62
39367   39016   0.00    128.72
39445   39584   0.00    47.35
39445   39719   0.00    80.10
39481   39641   0.00    48.73
39481   39318   20.00   79.13
39512   39357   0.00    77.88
39584   39765   0.00    63.39
39639   39367   0.00    126.67
39641   39512   0.00    77.83
39641   40145   50.00   141.72
39654   39481   0.00    105.77
39688   39654   14.60   104.01
39714   39688   11.50   57.70
39719   39608   0.00    36.76
39739   39714   20.00   97.09
39759   39739   11.81   97.10
39759   39877   3.00    32.14
39763   39475   0.00    75.23
39763   39759   0.00    20.12
39765   39782   0.00    7.72
39768   39763   0.00    26.23
39782   39830   0.00    74.28
39782   39719   0.00    38.84
39796   40119   20.00   81.99
39796   39768   0.00    107.85
39804   40102   0.00    76.62
39804   39796   0.00    25.91
39830   39584   0.00    77.88
39836   39804   16.08   78.11
39836   40177   20.00   85.60
39854   40090   0.00    58.51
39877   39779   0.00    140.37
39877   40099   0.00    55.97
39878   39714   10.91   45.95
39914   39768   0.00    92.35
39916   39836   10.29   130.82
39916   40164   0.00    63.21
39981   39688   0.00    77.84
39985   40094   13.45   38.02
39985   39916   11.59   100.78
39990   39991   15.00   43.35
39991   39878   11.23   61.69
40019   39990   18.33   54.77
40090   40290   0.00    47.53
40090   40038   0.00    46.00
40094   40417   10.33   115.87
40094   40349   11.50   70.75
40099   40019   13.20   52.54
40108   40424   0.00    91.47
40145   40634   20.38   140.84
40171   40099   13.20   78.63
40176   39991   20.00   45.60
40177   40235   0.00    90.83
40177   40416   0.00    58.95
40202   39990   0.00    52.86
40202   40176   0.00    40.70
40209   39985   11.82   117.34
40209   40108   0.00    88.10
40235   40345   0.00    33.68
40290   40265   0.00    34.25
40290   40314   0.00    39.85
40314   39981   0.00    77.95
40314   40346   0.00    55.65
40345   40515   0.00    58.87
40346   40377   0.00    51.87
40346   39878   12.67   113.63
40349   40471   0.00    36.87
40349   40456   0.00    57.60
40377   40401   0.00    34.48
40377   40176   0.00    48.81
40401   40202   0.00    52.68
40416   40530   0.00    38.19
40416   40235   0.00    73.64
40417   40786   7.67    109.94
40420   40019   24.33   102.53
40433   40542   0.00    45.81
40433   40171   0.00    81.20
40461   40209   0.00    88.82
40471   40606   0.00    41.96
40471   40627   0.00    52.89
40515   40697   0.00    59.09
40530   40678   0.00    64.72
40530   40345   0.00    73.67
40534   40433   0.00    33.14
40534   40420   0.00    96.84
40593   40447   0.00    35.41
40620   40622   0.00    4.61
40620   40593   0.00    45.82
40622   40648   0.00    44.14
40622   40418   0.00    51.39
40648   40623   0.00    107.77
40665   40346   11.50   81.58
40678   40854   0.00    61.03
40678   40515   0.00    58.70
40690   40593   0.00    25.17
40690   40634   3.00    76.36
40691   40665   11.50   51.28
40691   40797   10.50   26.63
40694   40665   0.00    8.56
40694   40623   0.00    100.65
40697   40757   0.00    20.56
40706   40461   9.00    89.12
40715   40691   0.00    48.95
40772   40534   0.00    77.05
40772   40715   0.00    69.66
40786   40912   15.00   37.41
40823   40706   0.00    145.47
40854   40697   0.00    57.41
40854   41010   0.00    52.53
40870   40706   0.00    49.82
40874   40802   0.00    100.29
40874   40690   0.00    47.82
40884   40821   0.00    102.56
40884   40694   15.00   49.40
40912   41000   14.33   75.70
40916   40417   0.00    146.20
40916   40786   10.00   128.12
40924   40478   0.00    118.60
40927   40916   0.00    3.78
40927   40823   0.00    145.29
40982   40957   0.00    38.20
40982   40715   0.00    69.04
41000   41186   13.20   55.63
41000   41054   0.00    42.84
41006   40772   0.00    82.78
41006   40982   0.00    24.13
41010   40808   0.00    70.92
41010   41065   0.00    16.89
41012   40924   10.00   57.81
41012   40591   12.67   134.61
41041   40946   3.00    29.40
41054   41186   0.00    30.84
41054   41112   0.00    35.88
41063   40970   20.00   119.10
41063   40874   0.00    49.46
41065   41421   13.33   113.63
41078   40884   9.80    53.77
41078   41007   0.00    87.24
41101   41078   0.00    6.82
41105   41063   0.00    59.75
41157   41429   8.62    137.14
41186   41112   0.00    43.79
41192   41101   8.60    115.61
41192   41006   0.00    56.09
41206   41482   0.00    66.34
41206   41041   12.18   141.66
41210   41157   9.00    64.10
41210   41457   10.20   118.80
41257   41210   15.75   33.31
41257   41648   11.00   85.01
41270   41101   11.50   44.41
41270   41209   0.00    95.61
41273   41041   10.31   67.85
41278   41012   10.85   72.62
41278   40870   11.50   123.88
41279   41063   0.00    50.89
41279   41176   0.00    140.85
41297   41270   0.00    5.24
41302   41257   4.25    48.04
41311   40924   3.00    97.88
41319   41729   0.00    87.51
41319   41302   8.67    37.99
41335   40927   0.00    102.52
41335   41206   10.00   102.90
41358   41335   10.06   12.90
41360   41319   8.91    47.42
41371   41192   0.00    56.62
41371   41297   6.50    100.67
41383   41273   9.70    82.02
41386   41279   0.00    125.27
41403   41360   8.57    47.74
41403   41671   0.00    58.43
41405   41516   0.00    89.80
41405   41186   11.50   51.14
41421   41941   16.10   117.62
41423   41780   8.17    73.59
41423   41403   2.00    48.04
41429   41964   8.67    140.92
41445   41157   0.00    94.80
41453   41936   7.25    105.30
41453   41423   5.33    47.81
41482   41383   10.65   81.99
41489   41549   10.50   78.06
41489   41297   9.31    49.78
41489   41386   0.00    125.26
41496   41358   11.50   113.23
41497   41847   2.00    75.66
41497   41453   9.92    49.09
41533   41497   11.50   48.56
41533   41887   0.00    76.35
41534   41273   53.25   70.24
41534   41278   9.81    78.38
41549   41545   0.00    15.70
41549   41371   0.00    60.65
41554   41012   10.21   138.71
41567   41533   5.44    41.76
41567   41279   0.00    64.42
41570   42042   9.75    108.61
41570   41567   20.00   6.81
41608   41482   13.07   87.20
41628   41911   9.00    61.65
41628   41570   10.48   73.15
41637   41360   5.33    60.64
41648   41816   0.00    67.73
41664   41496   11.82   113.23
41664   41405   4.67    58.34
41671   41637   0.00    38.54
41671   41735   11.50   15.30
41687   41753   8.27    23.52
41689   41534   12.41   113.35
41700   41648   0.00    49.89
41700   41302   1.00    85.56
41705   41664   11.41   32.13
41705   42003   5.33    69.25
41717   41987   7.57    64.18
41717   41628   9.81    112.77
41725   41358   10.33   85.97
41725   41608   10.10   87.19
41729   41805   0.00    16.76
41729   41700   0.00    37.88
41735   42086   0.00    84.75
41745   41278   12.91   104.39
41753   41311   3.00    97.61
41768   41717   12.55   66.43
41768   41489   10.86   56.14
41780   41896   0.00    30.87
41780   41735   0.00    54.60
41819   41705   10.17   97.82
41824   41689   13.63   113.41
41825   41534   9.80    64.57
41825   41894   14.33   56.58
41827   41971   16.67   149.61
41827   41445   0.00    96.28
41834   42180   9.83    110.21
41834   41700   0.00    34.07
41836   41725   12.32   94.63
41836   42190   7.75    98.95
41847   41856   0.00    14.72
41847   42253   11.50   100.36
41856   41765   3.00    24.43
41856   41887   10.00   33.11
41887   42028   0.00    33.96
41894   42005   10.41   92.45
41896   42127   3.00    55.41
41911   42166   12.43   60.94
41936   41896   0.00    55.97
41936   42430   14.33   120.35
41937   41824   10.88   96.60
41941   41819   9.83    97.86
41987   41911   12.11   132.18
41987   42242   10.39   63.55
42003   41836   12.83   133.99
42005   42089   8.23    76.12
42028   42290   0.00    65.94
42028   42035   0.00    15.52
42035   42042   0.00    32.68
42035   41907   0.00    31.85
42042   42487   13.71   104.50
42045   41941   10.14   90.05
42054   42086   0.00    47.49
42054   41637   3.00    103.56
42061   41937   13.71   96.68
42061   41725   11.56   88.26
42086   42127   0.00    48.66
42086   42356   20.00   67.39
42089   42210   11.35   110.11
42089   41824   10.00   65.13
42089   42272   8.13    71.88
42093   41545   7.50    124.53
42093   42133   22.20   35.88
42095   41768   9.13    81.60
42127   42385   3.00    66.36
42128   42003   12.39   113.39
42128   42379   3.00    66.07
42133   41549   8.60    139.01
42154   42169   11.38   66.09
42154   41554   12.44   140.03
42157   42093   10.50   60.69
42157   42045   11.25   90.05
42157   42404   11.20   64.39
42166   42396   14.60   59.48
42169   42181   7.25    63.28
42169   41745   10.25   104.66
42175   42095   10.89   69.86
42175   42133   10.00   8.20
42181   41825   13.20   85.87
42181   42183   11.50   23.19
42183   41894   15.75   87.69
42190   42251   10.50   63.89
42192   42128   12.15   56.33
42192   41941   10.25   61.54
42210   42342   10.70   110.16
42216   41834   0.00    93.62
42227   42169   20.00   18.15
42235   42306   0.00    82.43
42235   41827   0.00    103.37
42242   42285   11.50   9.51
42242   42166   10.76   145.44
42251   42324   11.78   63.93
42253   42462   20.00   47.87
42272   42349   11.20   37.02
42285   42502   9.53    51.48
42285   42345   3.00    66.31
42288   42357   0.00    107.80
42290   42304   0.00    3.63
42290   42253   3.00    56.02
42296   42192   10.88   91.08
42299   42005   12.09   116.90
42304   42431   0.00    31.35
42306   42564   11.50   60.37
42322   42356   10.00   47.56
42322   42054   15.75   68.28
42324   42379   12.27   43.70
42342   42061   11.63   73.18
42345   42095   7.73    62.60
42345   42429   15.00   130.14
42349   42661   12.56   89.57
42356   42385   8.67    51.51
42357   42803   14.33   114.60
42379   42424   11.50   33.51
42381   42356   0.00    7.47
42381   42395   0.00    48.38
42385   42430   6.14    48.72
42385   42461   5.20    14.43
42395   42322   0.00    16.71
42396   42528   10.33   31.09
42404   42677   6.20    66.49
42404   42296   13.44   91.08
42424   42479   11.20   33.93
42429   42175   6.00    85.66
42429   42404   0.00    35.66
42430   42462   11.00   46.82
42431   42448   0.00    23.10
42431   42665   10.29   53.47
42436   42437   3.00    47.60
42437   42395   11.50   7.38
42438   42436   0.00    47.55
42441   42272   11.32   121.91
42448   42304   0.00    42.36
42448   42474   0.00    26.24
42462   42733   0.00    68.85
42474   42487   0.00    23.78
42479   42598   12.17   102.37
42479   42581   10.50   66.43
42483   42227   12.71   66.44
42483   42183   18.33   85.79
42487   42663   13.20   41.95
42502   42855   11.59   89.37
42502   42396   8.21    140.73
42515   42528   12.44   26.75
42518   42324   13.20   52.80
42528   42855   9.05    134.84
42530   42251   13.94   79.05
42533   42190   8.27    98.06
42565   42349   10.73   59.26
42581   42424   3.00    45.55
42587   42441   12.52   121.53
42587   42342   11.12   65.38
42598   42677   12.67   63.70
42612   42345   9.06    60.86
42612   42714   9.00    87.94
42625   42381   10.33   54.09
42643   42962   3.00    133.28
42643   42665   6.50    14.90
42646   42643   20.00   33.86
42646   42474   0.00    41.07
42660   42518   12.71   35.60
42660   42674   20.00   24.44
42661   42957   12.25   89.98
42663   42646   11.50   22.10
42665   42733   9.38    39.65
42672   42154   12.30   141.92
42674   42518   20.00   34.86
42677   42814   15.14   33.27
42695   42565   9.53    101.15
42696   42235   0.00    112.37
42714   42838   11.23   87.93
42715   42299   12.92   119.22
42715   42483   11.29   66.50
42733   42846   10.35   42.42
42742   42746   11.50   57.40
42742   42436   9.83    72.11
42746   42748   0.00    3.97
42746   42438   8.67    73.79
42747   42437   6.50    72.68
42747   42742   5.57    48.65
42748   42754   3.00    40.11
42754   42438   9.00    119.38
42755   42227   12.91   141.75
42788   42565   10.25   60.43
42795   42648   11.17   129.03
42795   42748   0.00    9.87
42796   42598   10.29   126.65
42798   42581   6.00    84.99
42798   42674   10.25   28.15
42803   43113   0.00    111.69
42814   43042   20.00   56.70
42828   42587   12.55   67.26
42828   42695   10.73   101.10
42832   42530   13.22   79.05
42838   42429   12.79   98.31
42846   42867   0.00    12.78
42846   42973   8.78    66.57
42854   42795   11.50   110.90
42854   42747   10.75   24.25
42855   43046   8.13    81.46
42859   42828   4.75    32.10
42860   42612   9.56    59.81
42860   42979   10.60   105.30
42867   42945   11.50   52.06
42868   42663   10.58   87.67
42897   42859   10.80   37.74
42897   42533   9.41    98.10
42904   42788   12.29   101.34
42922   42897   20.00   24.71
42926   42483   10.08   118.56
42945   43088   10.50   92.68
42957   42715   11.29   67.42
42960   42832   11.50   40.91
42960   42922   14.33   36.23
42973   43105   9.80    63.38
42973   43295   0.00    84.38
42979   43094   13.21   105.22
42991   42960   15.75   26.72
42991   42832   3.00    42.17
42992   42814   10.85   129.29
42999   42788   9.89    63.58
42999   43026   13.25   8.10
43001   42957   11.50   12.34
43026   43129   7.92    98.37
43034   42828   9.81    58.78
43034   42904   12.48   101.38
43042   43146   0.00    26.71
43046   42860   7.56    46.71
43065   42855   7.25    65.06
43065   42868   9.80    87.75
43070   42991   12.92   65.16
43070   42660   12.88   110.12
43088   43164   12.11   58.66
43090   42715   8.09    95.29
43094   43042   12.67   40.44
43094   42838   13.21   67.39
43095   42796   11.76   128.65
43095   42798   8.67    73.80
43096   43046   4.14    14.20
43105   43160   20.00   54.47
43113   42696   3.00    111.23
43129   43227   10.29   98.53
43146   43418   13.64   77.49
43152   43157   0.00    127.42
43155   43113   0.00    10.63
43155   43048   0.00    119.10
43157   43325   10.42   128.76
43158   42867   0.00    74.31
43160   42854   11.21   75.87
43160   43152   7.25    127.41
43164   43377   8.71    118.47
43197   42945   0.00    72.51
43197   43158   0.00    44.65
43217   43219   0.00    17.14
43219   43225   11.50   27.33
43225   43234   11.25   26.86
43227   43034   10.78   62.99
43234   43298   15.24   69.54
43234   42672   10.69   144.10
43245   43146   12.53   93.88
43247   43096   10.81   136.94
43266   42992   9.75    131.26
43271   43001   10.50   82.83
43271   42999   12.81   75.72
43273   42922   15.28   92.83
43290   43158   0.00    39.24
43290   43293   0.00    27.79
43293   43479   0.00    44.75
43293   43295   0.00    24.28
43295   43800   0.00    121.41
43298   42755   11.56   143.93
43298   43367   13.67   64.08
43300   43586   9.08    68.50
43300   43227   4.83    23.97
43305   43026   8.82    89.13
43309   43096   6.50    58.74
43309   43065   12.74   115.86
43315   42859   10.26   119.20
43325   43155   11.50   51.26
43325   43514   0.00    99.48
43345   43305   9.36    49.88
43346   43197   0.00    107.20
43346   43359   0.00    51.89
43359   43197   0.00    49.95
43364   43088   0.00    76.75
43364   43346   0.00    15.65
43367   43440   11.50   61.56
43367   42926   13.23   119.76
43372   43164   14.33   57.93
43372   43708   11.75   139.72
43376   43247   10.67   114.03
43376   43094   12.00   78.75
43377   43610   13.90   118.18
43379   43266   9.40    43.58
43379   43095   10.50   76.29
43418   43745   10.29   76.28
43425   43105   0.00    84.06
43430   43345   13.21   67.55
43430   43300   9.80    36.80
43434   43470   0.00    76.35
43440   43515   13.14   63.70
43440   43090   14.65   95.53
43465   43245   10.40   95.78
43465   43266   12.00   63.91
43467   43434   0.00    90.21
43468   43034   8.95    115.95
43469   43247   11.36   60.01
43469   43309   10.35   128.80
43470   43673   0.00    78.96
43496   42991   13.46   129.61
43515   43001   12.28   137.24
43515   43592   12.29   59.26
43551   43305   11.20   68.00
43551   43345   11.67   49.01
43567   43430   9.83    31.71
43572   43469   11.54   75.92
43586   43567   0.00    30.50
43586   44169   12.44   129.12
43592   43271   13.05   80.71
43597   43379   10.08   81.94
43597   43070   13.23   134.22
43603   43418   11.57   93.52
43605   43271   11.50   93.27
43610   43729   8.67    81.81
43610   43309   6.63    76.71
43625   43907   0.00    140.93
43625   43467   0.00    91.19
43628   43367   13.43   64.23
43628   43981   3.00    81.35
43628   43466   12.26   139.44
43645   43465   10.82   68.69
43653   43372   11.92   67.66
43655   43496   13.00   65.14
43655   43273   14.00   92.74
43659   43376   14.12   70.89
43659   43572   12.40   75.86
43673   43904   0.00    58.53
43673   43719   0.00    19.66
43708   44052   9.41    139.59
43719   43612   0.00    29.72
43719   43824   0.00    28.03
43729   43845   11.43   98.08
43730   43659   8.67    14.15
43739   43744   0.00    35.59
43739   43364   0.00    86.11
43744   43835   0.00    75.96
43744   43359   0.00    89.48
43745   43730   11.50   40.52
43777   43425   0.00    84.05
43777   43790   0.00    48.49
43779   43628   11.36   120.97
43784   43777   0.00    9.50
43784   43927   0.00    30.71
43790   44062   0.00    65.29
43800   43802   0.00    10.34
43800   43784   0.00    31.21
43802   43810   0.00    69.65
43805   43597   11.25   75.38
43805   43496   16.00   70.84
43810   43290   0.00    122.16
43810   43835   0.00    6.29
43820   43315   17.25   119.10
43820   43655   9.43    66.97
43829   43890   0.00    15.70
43835   43990   0.00    71.46
43845   43984   10.05   98.10
43862   43603   9.80    94.67
43862   43645   8.67    64.29
43865   43592   8.50    65.31
43865   43779   10.56   60.82
43868   44142   0.00    62.02
43868   43779   13.71   53.63
43872   43653   12.44   86.07
43888   43917   12.95   26.29
43890   43991   0.00    38.19
43890   44050   0.00    42.99
43894   43605   9.86    77.04
43894   43551   12.53   82.43
43904   44050   0.00    43.64
43904   44062   0.00    95.72
43906   43645   11.76   89.08
43907   43434   0.00    142.73
43917   43997   10.22   61.88
43964   44313   9.19    142.30
43964   43653   10.67   68.92
43973   43625   0.00    109.36
43974   43820   11.55   67.22
43974   43468   10.96   115.96
43981   43868   10.57   84.49
43981   44293   12.92   72.31
43984   43730   11.94   60.22
43990   44062   0.00    81.84
43990   43802   0.00    42.73
43991   43932   0.00    17.76
43997   43981   6.40    63.10
44025   43865   14.33   35.28
44036   44188   0.00    44.59
44037   43862   0.00    49.54
44037   43745   10.93   124.51
44050   44159   0.00    35.82
44050   44161   0.00    34.16
44052   43610   11.22   99.56
44070   44025   14.33   8.83
44072   43991   0.00    21.52
44092   43729   11.82   98.92
44101   43872   11.82   86.11
44102   44252   12.00   87.60
44102   43984   20.00   25.30
44115   43567   8.95    127.01
44128   43739   0.00    86.73
44142   44369   0.00    59.15
44142   44025   10.46   87.76
44149   44070   12.33   66.98
44149   43605   11.50   126.16
44153   44259   0.00    31.66
44154   43906   12.50   88.78
44154   43805   13.63   76.29
44159   44325   0.00    86.26
44161   44289   0.00    37.12
44161   44072   0.00    26.13
44163   43805   11.95   141.58
44169   43974   10.08   77.34
44169   44478   12.90   76.49
44188   44072   0.00    38.44
44230   44672   12.89   120.43
44230   44092   14.56   94.35
44235   43862   11.23   124.42
44247   44052   4.63    42.99
44252   44474   7.57    99.49
44259   44188   0.00    42.94
44289   44188   0.00    36.49
44289   44325   0.00    9.09
44290   44070   10.31   50.72
44293   44142   8.11    122.91
44293   44527   13.78   63.33
44297   43973   0.00    109.88
44298   44840   13.20   144.07
44298   44102   12.46   48.28
44298   44230   9.44    72.43
44312   43964   8.10    80.86
44312   44555   12.71   64.61
44312   44588   11.52   131.83
44313   44391   5.33    37.67
44313   44101   11.00   59.56
44326   44259   0.00    37.31
44330   44037   12.71   124.92
44337   44237   0.00    78.49
44337   44209   0.00    38.33
44347   44326   0.00    19.00
44365   44247   6.52    112.97
44369   44290   1.00    69.14
44371   44330   0.00    74.66
44371   44235   10.93   62.95
44372   44101   11.21   127.46
44372   44247   8.57    34.08
44391   44679   13.00   141.29
44420   43894   10.48   122.34
44456   44128   0.00    85.68
44456   44530   0.00    91.34
44460   43917   20.00   129.59
44466   44154   12.56   142.34
44474   44996   9.67    134.16
44474   44891   14.33   144.70
44478   44755   10.94   71.23
44478   44163   11.07   141.52
44490   44325   0.00    107.84
44495   44154   11.50   84.81
44495   44371   16.67   58.54
44522   44460   0.00    62.81
44522   43997   12.11   129.43
44527   44590   11.50   16.02
44527   44547   8.50    25.88
44530   44337   0.00    56.55
44530   44680   0.00    52.67
44547   44621   11.54   134.48
44547   44369   10.10   135.59
44555   44669   9.64    61.94
44588   44391   8.67    60.07
44588   44837   10.65   108.62
44590   44759   10.00   44.56
44590   44522   0.00    60.20
44620   44115   9.08    127.69
44620   44478   12.59   79.28
44621   44369   7.25    65.43
44621   44654   11.29   61.77
44650   44252   12.50   106.69
44654   44290   11.45   94.06
44654   44689   12.69   65.06
44657   44553   0.00    32.86
44657   44490   0.00    107.96
44667   44670   10.68   17.26
44669   44667   3.00    3.60
44670   45003   18.50   77.67
44670   44681   9.93    14.13
44672   44744   13.20   60.31
44672   44919   12.15   59.47
44679   44372   12.19   79.73
44681   44881   12.10   57.68
44681   44456   0.00    62.11
44684   44495   13.44   97.45
44689   44909   7.86    78.32
44689   44149   12.96   136.28
44700   44330   8.00    134.53
44736   44669   11.85   16.13
44744   44365   10.38   118.65
44746   44679   7.80    14.19
44755   45098   13.50   78.21
44755   44466   10.84   142.39
44757   44495   12.71   75.11
44757   44809   14.45   25.61
44759   44816   13.23   85.42
44759   45015   13.39   62.79
44762   44555   11.00   90.70
44776   44657   0.00    80.20
44809   44700   9.50    49.70
44816   44861   19.14   85.42
44837   44746   9.94    70.51
44840   45191   11.90   84.40
44840   44919   11.50   61.81
44861   44934   14.33   95.20
44861   44621   0.00    61.04
44881   44629   20.00   101.82
44881   45405   16.71   121.68
44886   44936   12.24   65.48
44891   44700   2.50    71.34
44903   44809   11.45   40.04
44903   44757   18.00   36.52
44909   45158   8.67    85.21
44909   44420   11.50   122.52
44914   44684   14.19   97.63
44914   45227   11.60   76.69
44919   45507   10.09   140.53
44927   44891   20.00   8.41
44934   45001   11.07   95.21
44936   44460   12.00   126.20
44936   44973   10.88   66.11
44947   44736   12.27   92.46
44973   45015   10.85   59.64
44973   44522   12.48   116.32
44976   44837   9.13    64.26
44976   44762   7.40    90.61
44993   44746   9.18    59.67
44993   45036   5.33    88.40
44996   45412   11.88   102.39
44996   44891   13.63   65.06
45001   44909   0.00    20.20
45003   45323   0.00    77.66
45015   45071   19.33   89.24
45036   45183   13.20   89.40
45038   44736   8.00    81.41
45041   44936   9.00    24.87
45071   45137   9.80    89.24
45085   44903   10.85   76.32
45090   44996   12.80   64.77
45090   44650   11.32   106.68
45098   45668   11.18   133.63
45098   44914   13.13   75.72
45136   45041   11.00   21.27
45137   45184   9.00    84.77
45137   44861   13.20   60.24
45158   44620   9.17    124.77
45161   45165   0.00    18.26
45165   45193   11.93   66.47
45166   45352   20.00   55.63
45173   44976   8.11    60.90
45173   44947   10.08   92.67
45183   45507   9.57    109.19
45183   44744   11.39   107.74
45184   45222   14.33   84.76
45188   44976   13.52   61.82
45188   44993   10.29   102.81
45191   45489   11.35   71.17
45191   45090   0.00    64.66
45193   45136   3.00    15.74
45193   45233   15.75   62.49
45222   45228   20.00   11.70
45227   45085   11.56   76.03
45227   45690   12.86   103.84
45228   45234   7.83    9.52
45228   45290   0.00    13.08
45233   45277   12.24   61.22
45234   45001   13.82   58.81
45238   45158   15.69   24.29
45238   45098   10.05   83.81
45277   45321   11.50   63.75
45278   45234   0.00    8.43
45290   45278   11.50   9.66
45292   44927   7.67    102.02
45304   45222   0.00    18.88
45304   45290   0.00    9.35
45321   45392   8.80    103.61
45330   44927   16.00   99.33
45352   45648   0.00    103.23
45381   45500   11.80   26.77
45381   44993   10.11   90.83
45381   45477   9.32    98.12
45392   45471   15.11   103.66
45405   45934   9.40    121.43
45412   45842   9.44    102.41
45463   45609   5.50    54.16
45471   45304   8.82    106.67
45472   44943   0.00    121.96
45477   45789   12.40   101.39
45489   45819   9.57    80.30
45500   45933   3.00    134.74
45500   45725   7.31    52.17
45507   45590   9.38    20.20
45534   45600   0.00    99.77
45538   45038   8.42    136.43
45538   45173   9.89    91.78
45561   45352   0.00    67.59
45561   45463   20.00   29.80
45574   45652   0.00    26.90
45575   45090   12.00   117.16
45580   45561   0.00    4.02
45580   45680   15.00   110.57
45581   45038   5.50    125.60
45581   45926   12.41   148.18
45585   45654   12.40   115.02
45585   45321   14.33   59.53
45590   45489   8.47    64.10
45600   45705   0.00    26.90
45609   45680   14.33   20.84
45609   45405   0.00    55.82
45615   45780   10.00   43.44
45629   45278   13.90   84.21
45636   45500   12.80   110.42
45647   45538   19.69   56.66
45647   45188   11.44   127.23
45654   45471   14.67   115.80
45668   46187   12.39   132.16
45682   45652   0.00    12.92
45690   46091   13.53   102.53
45693   45780   8.67    114.13
45694   45292   13.63   102.40
45703   45277   11.96   100.11
45705   45828   0.00    31.22
45725   45889   0.00    41.92
45746   45647   11.70   87.26
45746   45381   13.42   128.62
45760   45330   13.75   99.31
45760   45694   13.20   52.31
45770   46140   0.00    126.90
45770   45574   0.00    53.88
45770   45852   6.50    37.50
45780   45795   0.00    6.77
45785   45629   11.58   113.86
45789   45590   9.81    95.14
45789   46359   5.79    141.67
45795   45577   0.00    58.55
45795   45808   0.00    8.39
45796   45193   13.00   143.57
45803   45682   10.00   38.13
45808   45929   0.00    53.11
45808   45954   9.45    111.52
45819   46171   13.24   80.30
45821   45238   9.30    140.51
45823   45897   10.67   113.19
45823   45585   12.71   59.86
45828   46089   10.00   60.51
45828   45693   20.00   113.37
45840   45682   4.67    64.79
45842   46446   12.00   134.40
45842   45760   12.00   62.62
45851   45233   11.14   146.87
45852   45803   0.00    15.06
45852   46006   6.50    55.64
45860   45725   5.20    39.69
45860   45889   9.94    25.59
45879   46377   2.00    106.06
45882   46040   0.00    58.53
45884   45860   11.00   17.54
45889   46047   0.00    34.88
45897   45785   12.83   113.70
45908   46202   3.00    65.87
45912   45746   14.13   41.18
45912   45933   0.00    28.00
45923   45840   16.67   38.32
45923   46134   20.00   57.17
45926   45647   7.80    67.59
45929   46213   11.00   100.47
45933   46494   12.67   121.85
45934   46601   8.44    140.57
45934   45923   3.00    5.46
45936   45821   9.05    90.41
45936   45629   13.13   78.77
45941   46143   15.00   74.83
45946   46272   0.00    78.10
45954   46089   11.36   105.23
45959   45581   6.50    92.94
45972   45822   0.00    58.53
45978   45840   5.50    37.68
45978   45803   0.00    66.06
45986   46639   3.00    142.39
45988   46390   12.38   112.85
45988   45884   0.00    39.88
46000   45472   0.00    121.74
46006   46140   0.00    37.20
46006   46032   20.00   10.05
46013   46597   3.63    124.84
46019   45636   0.00    114.74
46027   45590   10.71   115.78
46032   45978   0.00    15.50
46032   46134   0.00    37.37
46039   45492   0.00    127.16
46039   45431   0.00    137.45
46047   46201   0.00    33.47
46047   46085   0.00    8.72
46054   45821   9.64    55.86
46057   46213   10.48   73.50
46063   45575   14.00   117.19
46063   45842   12.69   70.66
46067   46495   5.70    91.65
46068   45884   11.50   42.27
46068   45988   0.00    30.76
46076   45951   0.00    105.56
46081   45941   0.00    38.11
46085   46109   0.00    9.74
46089   46369   3.00    60.12
46090   46176   12.00   108.85
46090   45823   12.38   61.81
46091   46187   11.42   98.63
46100   45936   11.25   109.58
46109   46138   0.00    19.52
46116   46068   0.00    15.95
46117   45929   5.00    78.31
46121   45703   14.71   100.10
46122   45642   0.00    111.82
46134   46188   3.00    16.37
46138   46116   10.70   15.60
46138   46237   8.67    29.73
46140   46363   3.00    75.46
46143   46305   0.00    39.67
46143   46397   7.00    81.56
46144   46054   8.98    19.91
46152   46039   0.00    23.01
46164   45694   10.55   113.06
46168   46106   0.00    58.04
46171   46461   12.44   63.72
46171   46063   8.44    65.31
46176   46100   11.31   109.11
46181   45951   0.00    115.02
46187   46054   11.93   63.72
46192   45781   3.00    106.62
46201   46109   7.80    24.80
46202   46568   19.00   76.31
46213   46259   0.00    18.05
46215   46081   10.33   34.43
46228   46117   14.45   76.71
46228   45954   15.00   60.24
46237   46688   12.67   114.70
46237   46116   0.00    25.51
46248   46181   0.00    112.37
46248   46076   0.00    106.04
46257   46165   13.33   19.74
46259   46483   10.18   84.91
46259   46299   3.00    34.30
46260   46081   6.50    62.24
46260   46415   0.00    37.21
46272   46202   3.00    28.03
46275   45760   10.25   118.08
46291   46422   0.00    55.59
46298   45941   3.00    116.34
46299   46483   10.50   62.53
46299   46419   11.00   76.81
46304   46272   0.00    15.50
46304   46354   20.00   44.54
46305   46260   0.00    14.08
46349   45959   10.83   92.38
46349   46434   11.00   37.65
46353   46144   9.41    135.81
46354   46400   1.00    23.89
46359   46981   11.64   141.38
46368   46168   0.00    42.29
46369   46665   12.90   65.52
46369   46228   13.33   103.74
46376   46472   9.89    134.96
46376   46090   13.05   60.50
46377   46895   3.00    106.05
46385   46239   0.00    56.14
46390   46803   11.20   113.07
46397   46601   0.00    78.39
46397   46545   0.00    39.00
46400   46515   0.00    32.89
46400   46368   0.00    5.44
46404   46616   9.71    99.58
46415   46532   0.00    33.81
46415   46215   0.00    60.72
46417   45926   7.12    100.96
46419   46522   8.00    76.61
46420   46298   0.00    39.46
46427   46168   0.00    85.14
46428   45796   11.85   143.57
46428   46516   13.89   63.22
46434   46870   8.45    102.30
46434   46192   8.13    53.22
46446   47103   11.95   134.47
46447   46579   12.75   91.85
46458   45912   5.10    118.61
46461   46514   20.00   20.90
46461   46694   11.42   48.12
46465   46611   20.00   36.21
46465   46305   3.00    57.28
46469   46550   0.00    21.01
46472   46353   13.41   135.33
46483   46543   0.00    15.85
46483   46525   1.67    61.62
46494   47071   0.00    120.71
46495   46690   11.00   40.17
46504   46019   3.00    116.20
46508   46144   10.12   80.94
46508   46447   10.95   91.19
46514   46027   10.77   115.80
46515   47134   1.00    126.60
46516   46593   9.07    59.12
46516   45851   11.23   146.89
46522   46228   16.67   63.32
46522   46588   0.00    32.89
46525   46248   5.78    114.81
46532   46420   0.00    38.58
46542   46152   0.00    80.95
46542   46500   0.00    18.78
46543   46622   2.00    36.77
46543   47006   6.40    134.25
46544   46427   0.00    25.08
46544   46515   0.00    19.56
46545   46465   20.00   25.20
46548   46792   3.00    62.68
46548   46532   0.00    5.44
46555   46522   0.00    7.52
46555   46543   11.54   104.74
46568   46953   8.67    76.21
46575   46782   10.50   79.25
46575   47217   1.00    129.49
46575   46544   3.00    22.67
46578   46404   7.50    99.67
46579   46842   8.50    58.27
46583   46545   0.00    10.56
46583   46788   11.50   53.83
46587   46542   0.00    19.52
46587   46000   0.00    121.82
46588   46555   8.77    33.10
46593   46121   13.45   100.11
46593   46660   9.54    63.17
46596   46298   3.00    78.06
46597   46495   7.25    82.62
46599   46666   0.00    28.15
46601   46652   3.00    12.50
46611   46667   3.00    16.47
46611   46415   1.00    71.23
46616   46746   0.00    91.00
46622   46525   12.67   44.19
46635   46548   0.00    33.47
46635   46933   6.50    63.52
46639   46597   0.00    42.26
46639   46828   6.50    35.14
46650   46201   7.57    105.86
46652   47173   10.36   109.59
46652   46693   0.00    11.62
46660   46772   16.67   84.82
46660   46376   15.74   64.00
46661   46690   0.00    90.17
46665   46588   6.43    70.23
46666   46847   0.00    39.37
46666   46898   0.00    71.59
46667   46788   3.00    35.79
46668   46192   7.33    118.95
46674   46583   3.00    36.10
46674   46917   10.80   53.51
46679   46665   6.82    9.06
46680   46508   10.21   115.41
46682   46063   12.78   135.09
46683   46164   9.53    113.50
46688   47447   13.36   143.21
46688   47232   11.39   136.04
46690   46710   3.00    5.67
46694   47458   11.58   149.55
46694   46514   13.71   45.08
46710   47124   7.09    78.69
46710   46914   11.29   118.23
46714   46420   0.00    78.13
46714   46596   0.00    41.34
46737   46579   10.00   99.13
46746   46848   7.80    89.75
46746   46257   8.83    103.63
46748   47129   0.00    86.39
46748   46658   0.00    23.26
46750   47036   0.00    63.26
46750   46635   0.00    36.62
46751   46428   10.60   69.60
46751   46833   9.10    52.65
46751   46679   10.00   54.50
46769   46693   3.00    20.74
46769   46674   7.25    30.82
46772   46867   11.53   84.68
46782   46773   0.00    8.04
46788   46868   0.00    16.65
46788   46917   0.00    35.49
46792   46933   3.00    36.41
46792   46876   0.00    17.15
46803   47031   0.00    71.43
46804   46995   11.23   93.47
46817   46578   3.00    100.30
46825   46587   0.00    49.08
46828   46895   3.00    41.28
46828   46914   1.00    15.25
46830   46683   11.00   61.68
46830   46275   9.67    118.07
46833   46854   20.00   33.36
46841   46937   0.00    22.85
46841   46508   10.49   68.88
46842   46910   0.00    12.17
46847   47067   50.00   72.53
46848   47011   0.00    76.30
46848   47121   0.00    55.77
46854   47053   9.20    145.66
46860   46949   0.00    19.77
46860   46349   15.43   104.12
46864   46417   8.67    99.57
46867   46680   8.73    115.35
46868   46750   11.00   32.02
46870   47193   6.75    62.85
46873   46550   0.00    64.69
46873   46773   0.00    67.53
46876   46962   0.00    20.17
46876   46714   0.00    41.50
46877   46935   0.00    19.18
46881   46748   20.00   36.72
46887   47133   2.83    62.65
46887   46868   7.67    4.73
46890   46622   0.00    82.49
46895   46902   20.00   3.28
46898   47067   0.00    39.45
46901   46833   7.25    33.00
46902   46953   0.00    35.06
46902   47382   3.00    94.92
46903   46683   10.86   61.09
46910   47039   0.00    28.30
46914   47312   6.50    78.24
46917   46985   0.00    22.92
46933   46999   1.00    25.74
46935   46542   0.00    76.68
46935   46969   0.00    17.20
46937   46737   16.67   99.01
46937   46975   10.00   40.06
46949   46870   10.22   103.63
46953   46967   30.00   9.28
46962   47131   0.00    59.76
46963   46898   1.00    38.26
46967   47007   2.00    26.16
46969   46825   0.00    28.83
46975   46841   10.11   35.42
46981   47669   9.31    145.31
46989   46949   0.00    28.20
46989   46860   13.20   28.96
46992   47261   8.50    63.74
46992   46887   6.50    35.96
46995   47114   0.00    92.86
46997   46903   18.00   41.06
46999   47131   0.00    35.53
46999   47036   0.00    10.84
47001   47228   3.00    72.90
47006   47013   16.60   87.96
47006   47414   12.23   90.48
47007   46304   3.00    145.60
47007   47038   0.00    15.77
47009   46769   0.00    56.02
47011   47357   0.00    78.74
47013   46679   13.20   65.38
47022   46935   0.00    21.71
47022   46980   20.00   18.18
47023   46963   0.00    13.49
47024   46458   12.14   117.78
47031   46504   1.00    116.06
47031   46981   0.00    19.40
47036   47133   3.00    34.46
47038   47081   1.00    25.34
47039   47087   0.00    9.94
47053   47238   8.14    145.60
47067   47177   0.00    26.45
47071   47715   11.00   122.09
47076   47022   13.00   17.86
47076   46969   0.00    22.26
47081   47134   0.00    39.00
47081   46354   9.44    148.14
47086   46842   10.56   111.27
47087   46903   13.85   56.66
47088   46804   11.92   139.48
47093   47013   0.00    16.50
47098   46901   7.50    146.83
47103   46830   12.71   73.76
47108   46751   10.28   69.73
47108   47247   11.29   92.15
47111   46992   9.38    38.21
47114   46746   8.54    69.89
47121   47391   2.00    51.54
47124   47221   2.00    61.25
47126   47076   0.00    34.29
47126   47022   0.00    24.17
47131   47342   0.00    57.03
47133   47167   0.00    8.68
47134   47217   3.00    42.84
47150   47087   11.59   25.08
47151   47388   0.00    73.00
47152   47253   7.25    34.64
47152   46975   10.53   111.16
47167   47261   20.00   26.36
47167   47342   0.00    36.27
47172   46997   13.67   63.31
47173   47725   8.83    128.68
47173   47111   14.45   18.84
47177   47228   0.00    10.90
47177   47307   8.00    39.54
47193   47721   7.00    98.84
47194   47305   20.00   34.39
47194   47527   3.00    77.99
47195   47088   12.22   141.17
47198   47121   10.00   47.36
47201   47212   0.00    35.68
47201   46890   3.00    83.78
47207   46817   20.00   102.88
47212   47207   0.00    9.58
47213   46650   9.55    107.53
47217   47692   8.67    92.65
47219   47152   9.00    48.15
47219   47264   0.00    8.23
47219   46867   3.00    69.72
47221   47312   11.00   51.47
47228   47388   0.00    36.50
47232   47898   12.47   139.75
47233   46825   0.00    83.24
47233   47076   0.00    51.39
47238   47219   0.00    16.39
47247   47367   6.00    92.14
47253   47371   0.00    37.12
47253   47264   11.50   14.15
47260   47150   0.00    65.22
47261   47387   14.33   38.46
47263   46873   3.00    75.94
47263   46952   0.00    140.25
47264   47276   27.25   18.92
47264   47345   9.20    14.84
47268   47555   0.00    59.54
47268   47150   7.17    30.92
47276   47098   10.21   146.60
47276   47238   0.00    7.44
47282   47086   11.33   110.64
47284   47378   0.00    62.95
47284   47038   0.00    47.68
47288   47108   13.25   32.63
47288   47584   12.20   97.19
47305   47423   20.00   36.81
47305   47655   7.25    78.82
47307   47023   0.00    62.93
47311   47129   100.00  37.66
47312   47349   10.00   19.31
47312   47727   6.00    80.19
47318   46668   8.45    121.80
47325   47288   14.33   6.51
47334   47193   9.68    129.98
47342   47387   1.00    96.56
47345   47276   20.00   29.15
47345   47371   14.33   27.89
47349   47382   15.00   22.81
47353   47195   10.45   91.52
47357   47871   13.25   110.79
47357   47553   0.00    58.17
47363   46989   8.08    117.95
47363   46864   11.50   99.92
47367   47516   10.75   109.29
47369   47233   12.34   41.85
47371   47476   8.67    58.75
47378   47134   7.00    45.19
47380   47194   0.00    75.29
47381   47103   13.25   69.87
47381   46682   14.71   135.11
47382   47431   10.50   24.94
47383   47260   11.50   26.32
47383   47268   20.00   33.80
47387   47111   12.60   63.19
47388   47445   20.00   13.17
47391   47957   23.33   115.98
47393   47088   9.38    74.93
47414   47834   11.69   91.55
47415   47393   6.69    85.16
47419   47325   15.75   20.44
47423   47543   0.00    34.83
47425   47172   20.00   68.29
47430   47353   12.27   62.25
47430   47114   8.33    59.36
47431   47807   0.00    80.79
47431   47471   0.00    17.63
47439   46803   4.40    126.46
47444   47195   14.00   48.15
47444   47415   9.82    85.16
47445   47591   0.00    41.61
47445   47556   0.00    24.06
47447   48098   9.93    141.67
47458   48194   9.80    149.91
47471   47525   0.00    25.24
47471   46967   0.00    98.52
47473   47260   20.00   116.97
47476   47282   25.50   110.63
47487   47419   20.00   11.24
47498   47369   20.00   29.78
47498   47788   0.00    66.88
47501   47509   0.00    3.00
47501   46782   8.83    139.84
47509   47524   0.00    11.59
47516   47675   15.67   109.35
47524   47529   0.00    4.43
47525   47552   0.00    18.72
47525   47886   11.50   80.08
47527   47655   3.00    37.99
47529   47587   10.00   43.57
47529   48040   0.00    106.69
47533   47369   5.50    49.87
47533   47899   0.00    82.96
47543   47666   10.00   38.21
47543   47844   4.25    78.78
47552   47578   20.00   24.91
47552   47284   0.00    51.62
47553   47804   0.00    79.88
47553   47391   0.00    99.91
47556   47311   0.00    72.89
47556   47698   0.00    33.75
47577   47263   0.00    65.28
47577   47629   0.00    52.44
47578   47644   0.00    37.13
47584   47771   10.14   96.29
47587   47691   11.00   90.38
47587   47640   0.00    10.32
47591   47307   0.00    62.49
47596   47172   11.92   79.59
47613   47722   0.00    30.76
47613   47473   3.00    72.14
47626   47841   11.00   61.01
47626   47473   0.00    36.77
47638   47031   0.00    126.65
47640   47794   0.00    61.90
47640   47774   0.00    32.14
47644   47378   1.00    50.59
47655   47741   0.00    36.00
47661   47363   9.44    92.36
47661   47024   10.65   118.94
47666   47725   7.25    20.84
47669   48194   5.40    142.71
47672   46997   13.33   130.18
47672   47087   7.33    117.05
47675   47476   4.00    109.89
47676   47533   0.00    46.49
47676   47940   0.00    67.42
47677   47201   6.00    100.45
47679   47425   9.00    65.66
47679   47381   10.69   56.75
47680   47527   0.00    34.52
47680   47888   0.00    75.31
47683   47221   11.50   86.58
47691   47577   0.00    23.73
47692   48119   0.00    92.65
47698   47723   3.00    6.47
47698   47380   0.00    76.26
47711   47487   13.52   70.66
47715   47661   3.00    26.97
47715   47950   3.00    51.78
47719   47393   8.67    70.52
47721   48123   0.00    139.36
47722   47626   3.00    32.28
47723   47890   20.00   58.08
47723   47856   0.00    40.22
47725   48036   11.13   106.95
47725   48302   10.62   142.50
47727   47349   8.00    78.19
47731   47719   10.29   93.60
47734   47640   0.00    63.61
47736   47731   11.29   93.60
47736   47444   12.08   60.73
47741   47423   20.00   78.36
47741   47844   0.00    36.12
47758   47383   1.00    83.60
47759   47613   0.00    102.83
47761   48102   3.00    82.24
47761   47676   0.00    46.74
47763   47213   11.81   107.75
47763   47715   12.45   76.50
47767   47761   0.00    3.97
47767   48298   0.00    113.49
47771   47859   6.75    120.51
47771   47367   8.00    83.47
47773   47672   0.00    26.95
47798   47498   0.00    85.39
47804   47957   0.00    78.35
47806   47767   0.00    33.13
47806   48443   0.00    146.55
47807   48311   2.50    104.38
47819   48202   0.00    84.42
47819   47773   1.00    53.67
47824   47353   10.00   98.80
47829   47806   0.00    31.14
47834   48176   11.04   64.04
47834   47711   11.61   91.87
47840   47758   0.00    20.51
47840   47819   0.00    23.89
47841   47383   9.00    144.50
47844   47969   11.50   35.48
47848   47829   0.00    30.48
47848   47979   0.00    78.90
47855   47841   0.00    3.85
47856   47591   3.00    71.89
47857   47759   11.50   57.56
47859   47675   12.29   121.32
47869   48076   0.00    40.77
47871   48425   10.00   110.79
47873   47930   1.00    25.52
47873   47711   8.71    56.38
47880   47334   10.59   136.43
47880   47363   11.50   111.24
47883   47430   12.77   93.06
47883   48232   15.14   87.91
47886   47807   3.00    43.67
47886   48048   11.50   34.22
47888   47741   13.33   36.65
47888   48116   0.00    74.95
47890   48054   0.00    39.70
47890   48077   28.60   57.19
47896   47869   0.00    17.53
47898   48263   9.38    76.34
47912   47721   10.79   82.54
47912   47318   12.00   121.59
47916   48143   15.14   87.31
47916   47758   0.00    86.84
47930   48035   11.50   115.78
47950   48375   10.00   145.81
47950   48546   11.50   130.18
47957   48133   0.00    39.03
47960   48384   0.00    83.26
47960   47798   0.00    60.91
47961   47759   3.00    57.85
47961   47857   0.00    23.80
47968   47596   6.50    79.59
47969   47666   9.50    78.64
47969   48116   0.00    39.46
47970   47873   0.00    19.90
47970   48266   11.43   65.04
47970   47930   0.00    13.03
47974   47578   3.00    85.84
47974   47886   0.00    42.19
47977   48251   6.89    89.59
47977   47916   10.22   68.96
47977   47855   0.00    22.37
47979   48198   0.00    80.17
47987   47425   7.00    115.19
48001   47773   0.00    44.99
48001   47968   0.00    14.83
48003   47501   0.00    101.36
48004   47960   0.00    20.43
48022   47719   10.00   61.50
48023   47661   11.65   78.76
48032   48022   11.50   86.53
48035   48101   10.29   74.87
48036   47410   0.00    140.34
48036   48155   14.45   30.61
48040   48576   0.00    106.69
48042   47974   0.00    40.24
48042   47644   7.86    88.68
48048   48402   10.00   70.89
48051   47736   11.29   64.08
48051   48032   11.50   86.53
48054   47856   0.00    60.80
48058   47439   11.59   127.14
48058   47898   7.57    60.59
48067   47798   0.00    115.10
48068   47763   8.67    82.10
48069   48004   0.00    31.48
48075   47912   0.00    48.29
48075   48435   0.00    88.75
48076   47896   0.00    41.97
48077   48248   0.00    39.57
48077   48252   13.22   52.86
48086   48001   6.50    20.47
48086   47968   2.00    25.33
48098   48068   17.90   78.49
48098   48590   12.44   100.96
48100   47638   0.00    124.73
48101   47857   18.00   133.26
48103   47974   3.00    30.06
48119   48042   15.25   43.21
48123   48413   11.54   57.14
48133   48361   0.00    43.36
48133   48236   0.00    115.19
48143   48489   15.00   87.88
48144   47679   10.58   99.21
48155   48075   10.60   23.62
48164   47941   10.00   52.53
48164   48221   0.00    18.94
48167   47855   6.62    91.67
48176   47970   12.44   143.63
48176   48484   11.33   63.16
48177   48176   12.44   13.80
48178   48177   12.72   13.09
48178   47677   0.00    102.37
48186   47722   12.20   146.54
48194   48621   10.72   129.11
48196   48178   20.00   25.74
48198   48291   0.00    19.58
48198   48408   0.00    62.00
48217   48133   6.75    40.56
48217   47883   10.00   63.90
48219   48196   14.33   16.30
48232   48916   11.50   140.01
48232   48333   3.00    29.06
48234   47977   11.00   49.45
48234   47916   15.44   83.51
48236   48303   12.50   43.71
48236   48008   0.00    45.34
48241   47691   20.00   119.35
48241   48334   10.55   41.73
48248   48054   20.00   57.46
48251   48511   13.20   89.78
48252   48392   20.00   36.93
48252   48302   8.67    14.85
48263   48593   11.50   76.57
48266   48373   8.00    26.56
48266   48364   9.80    67.00
48283   48219   11.76   36.11
48287   48241   9.27    8.84
48287   48164   0.00    79.49
48291   48481   0.00    51.62
48291   48444   0.00    56.11
48302   48535   12.35   61.33
48303   48076   0.00    43.81
48303   48322   0.00    18.48
48304   48287   0.00    5.70
48322   48425   7.94    90.69
48333   48393   3.00    89.34
48333   47824   9.13    99.13
48334   48304   11.00   45.75
48334   48397   13.20   44.61
48347   48022   14.18   62.25
48347   48283   10.85   65.43
48360   48143   9.92    84.81
48361   48606   0.00    53.31
48361   48459   0.00    75.07
48364   48608   14.33   63.04
48364   48484   12.98   109.61
48366   48347   10.63   62.65
48373   48035   17.23   99.66
48373   48609   8.89    59.73
48374   48366   13.03   61.89
48375   48590   7.28    142.80
48383   48101   11.50   77.11
48384   48445   0.00    123.94
48387   47840   0.00    119.33
48392   48248   14.33   50.28
48393   48051   11.36   64.33
48393   48374   15.89   61.68
48397   48409   7.67    10.66
48398   48004   0.00    79.80
48398   48384   0.00    14.11
48406   47880   8.73    121.57
48406   48023   6.20    78.68
48408   48535   15.18   50.72
48408   48568   0.00    47.86
48409   48412   0.00    3.03
48412   48425   0.00    8.75
48412   48688   9.29    59.71
48413   48595   4.63    72.52
48416   48058   12.20   116.91
48428   47961   11.36   140.68
48435   48769   0.00    89.08
48439   48546   12.71   124.93
48446   48234   3.00    53.07
48450   48123   8.92    86.18
48459   48563   10.00   75.07
48461   48167   12.11   91.70
48478   48155   11.98   106.92
48479   48178   1.00    61.32
48484   49026   10.67   108.53
48484   48479   16.04   27.04
48493   47898   11.95   118.98
48495   48003   0.00    101.35
48508   48865   14.33   75.19
48508   48489   9.00    67.68
48511   48461   0.00    10.28
48512   48100   3.00    122.80
48531   48613   11.50   107.75
48535   48607   20.00   76.92
48539   48086   7.00    94.93
48539   47987   4.75    115.09
48546   48773   3.00    80.71
48547   48495   3.00    15.00
48563   48688   3.75    111.73
48563   48322   10.00   52.31
48576   48495   0.00    24.14
48590   49023   11.75   86.86
48593   49313   9.14    142.24
48595   48406   9.00    93.00
48605   48416   7.89    114.96
48605   48512   0.00    21.61
48606   48666   0.00    15.59
48607   48478   3.00    77.34
48608   49104   10.08   117.24
48609   48871   9.25    61.07
48609   48383   9.38    76.73
48613   48856   0.00    100.41
48617   48613   0.00    32.89
48617   48398   0.00    119.30
48621   49002   8.84    82.54
48621   48144   10.52   99.32
48621   48645   9.44    12.96
48626   48042   5.80    124.17
48626   48627   0.00    13.83
48627   48788   0.00    31.38
48627   48547   0.00    137.43
48629   48625   0.00    70.23
48636   48186   10.64   146.58
48642   48413   12.70   63.62
48645   48605   9.69    44.08
48645   48512   3.00    44.36
48666   48724   0.00    56.30
48666   48839   0.00    30.59
48686   48304   14.20   87.24
48687   48360   5.29    87.52
48687   48446   20.00   65.16
48688   48957   10.75   48.33
48701   48446   20.00   82.81
48706   48914   32.38   105.20
48717   48283   12.29   93.16
48719   48461   10.50   85.96
48724   48217   9.89    104.58
48729   48772   0.00    16.63
48729   48686   3.00    7.68
48759   48439   11.20   125.29
48768   48686   10.50   53.46
48768   49097   0.00    67.73
48769   48450   12.04   86.36
48772   49152   10.00   74.25
48772   48812   0.00    25.04
48773   48883   0.00    79.70
48774   49016   0.00    47.45
48774   48606   0.00    121.61
48775   48393   10.79   81.25
48786   48608   11.00   60.64
48788   49055   3.00    95.63
48791   48706   9.80    36.66
48799   48642   11.29   37.45
48805   49220   0.00    96.86
48811   48625   0.00    59.99
48815   48539   20.00   59.07
48826   48856   0.00    94.09
48826   48531   0.00    111.40
48827   48768   3.00    34.22
48834   48951   0.00    53.46
48839   49108   0.00    54.05
48848   49065   0.00    58.56
48853   48626   9.57    140.64
48856   49161   0.00    59.37
48859   48593   11.75   136.08
48865   49241   13.22   75.73
48869   48347   9.00    105.53
48870   48786   15.14   28.35
48870   49026   0.00    53.79
48871   49114   9.35    58.25
48871   48428   10.52   140.67
48883   48595   6.40    78.69
48883   48642   11.50   62.54
48887   48479   11.50   81.80
48902   48366   11.61   109.36
48914   49134   14.72   105.39
48916   49590   0.00    138.71
48923   48617   0.00    75.60
48923   48903   0.00    130.49
48942   48333   11.35   122.74
48947   48788   0.00    32.84
48947   48949   0.00    23.38
48949   49320   0.00    71.47
48949   48547   0.00    119.66
48951   48387   0.00    120.53
48957   49190   8.80    46.11
48957   48774   11.00   122.44
48960   48791   12.09   67.76
48970   48687   11.38   77.78
48971   48508   7.94    115.97
48971   48687   9.83    64.61
48977   48374   10.17   119.29
48982   49065   0.00    32.11
48985   48478   0.00    146.81
48986   48701   10.25   82.47
48986   48511   11.20   91.50
49002   49377   10.00   105.31
49002   49702   8.83    129.95
49003   49035   0.00    23.68
49003   48951   0.00    11.20
49010   49148   8.93    108.51
49010   48719   10.95   85.95
49016   48839   0.00    116.70
49016   49266   0.00    45.41
49023   48759   12.95   123.96
49026   49592   7.00    120.76
49035   48489   9.50    117.27
49040   49207   0.00    39.88
49040   48986   10.50   13.70
49057   48625   0.00    84.90
49065   49220   0.00    37.55
49076   48923   0.00    32.38
49076   49057   0.00    58.67
49078   48717   7.25    79.51
49086   48947   0.00    72.92
49096   48493   9.62    119.38
49096   49023   12.71   43.73
49104   49652   15.25   117.27
49105   48769   12.05   88.10
49108   49423   0.00    56.32
49109   48883   2.33    57.65
49109   49163   10.71   68.82
49114   48636   9.38    146.42
49114   49428   10.56   65.72
49119   49076   0.00    78.15
49121   48960   5.50    69.95
49127   49399   10.58   121.31
49127   48706   8.67    86.46
49134   49439   10.75   106.22
49138   48826   0.00    59.80
49138   49255   3.00    127.51
49145   49138   0.00    56.02
49145   49161   3.00    41.46
49148   49040   8.38    32.90
49150   48648   0.00    107.75
49160   49531   27.17   73.11
49160   48865   20.00   71.74
49161   49119   0.00    78.16
49163   49121   3.00    12.85
49182   49289   0.00    48.43
49183   49212   0.00    28.90
49190   49016   8.14    125.56
49190   49443   0.00    46.56
49195   48724   9.83    88.66
49206   49057   0.00    24.04
49207   49245   5.86    29.43
49207   49274   9.80    11.55
49210   48644   0.00    113.33
49212   48775   13.83   81.30
49220   49304   0.00    22.47
49228   49733   0.00    134.67
49241   49621   12.44   75.80
49245   49346   9.69    85.44
49245   48970   10.27   77.80
49251   48791   11.50   84.41
49252   49148   12.04   17.60
49257   49003   0.00    59.66
49257   49035   0.00    40.61
49263   49447   0.00    56.45
49266   49108   0.00    89.30
49266   49512   0.00    47.87
49274   49252   9.00    40.81
49279   49313   17.20   71.05
49289   48576   20.00   136.81
49300   48887   10.00   80.79
49303   49109   11.42   134.60
49313   49580   5.13    49.35
49320   49671   2.50    114.26
49334   48786   8.00    120.12
49343   49138   0.00    35.32
49346   48971   11.25   103.14
49346   49434   11.17   78.23
49351   49010   11.89   93.60
49369   49300   8.67    26.94
49372   49400   11.50   134.05
49377   48859   8.67    140.81
49383   49343   0.00    30.57
49386   48729   0.00    119.33
49386   49546   0.00    96.85
49389   49508   0.00    128.05
49389   49076   0.00    55.88
49391   49279   0.00    43.10
49399   49668   13.00   123.36
49403   49369   0.00    13.89
49420   49377   0.00    8.04
49420   49552   0.00    42.92
49423   49504   0.00    15.07
49423   49512   40.00   60.70
49426   49383   0.00    38.09
49428   49351   35.57   22.72
49434   49160   9.92    75.06
49434   49531   7.86    84.23
49438   49493   15.31   91.78
49438   48869   12.32   105.51
49439   49096   8.95    65.93
49443   49266   5.14    123.86
49443   49664   20.00   47.92
49447   49203   0.00    45.57
49465   49403   0.00    20.76
49465   49078   9.82    79.33
49475   49252   14.20   73.18
49475   49351   9.75    122.96
49483   49105   13.73   88.10
49483   49304   2.00    34.44
49493   49465   11.50   74.56
49493   48717   10.53   146.29
49496   48902   9.89    109.36
49500   49163   10.83   75.59
49504   49874   0.00    70.82
49512   49581   3.00    48.77
49524   49094   11.50   89.77
49531   49621   7.88    79.06
49531   49872   0.00    66.81
49541   48960   12.44   107.22
49543   49346   10.00   38.83
49544   49289   0.00    85.24
49544   49297   0.00    64.51
49545   49127   11.38   79.22
49546   49447   0.00    20.80
49548   49543   8.11    17.40
49552   49391   0.00    43.95
49552   49663   1.00    30.02
49581   49664   8.80    65.00
49581   49756   20.00   34.56
49584   49109   12.90   115.75
49590   48942   10.79   122.74
49591   49210   0.00    109.26
49591   48985   0.00    147.53
49592   50099   10.45   120.51
49616   49790   20.00   109.36
49616   49386   0.00    43.00
49618   48977   10.30   119.32
49618   49212   11.61   95.60
49621   49645   10.71   19.73
49626   49475   4.67    80.93
49645   49685   10.29   52.49
49645   49952   11.90   68.83
49649   49307   0.00    81.11
49649   49206   3.00    89.69
49652   49428   10.54   64.17
49663   49830   11.50   78.83
49668   49439   8.75    125.98
49669   49504   9.50    68.30
49669   49195   13.63   88.45
49678   49150   0.00    107.89
49685   49257   6.50    86.55
49685   49702   5.45    15.49
49696   49251   9.80    84.39
49696   49879   0.00    41.37
49702   50139   8.00    93.22
49704   49475   20.00   78.75
49724   49548   9.80    35.17
49724   49872   11.92   127.26
49733   49649   0.00    18.43
49740   49500   10.00   63.49
49751   49847   9.27    139.75
49751   49438   10.33   59.11
49753   49389   0.00    80.53
49753   49733   0.00    46.34
49754   49591   0.00    36.74
49754   49918   0.00    58.31
49755   49121   8.33    115.27
49756   49664   10.00   70.17
49763   49300   6.75    102.41
49781   49756   0.00    17.67
49781   50383   0.00    127.65
49794   49753   0.00    98.56
49802   49465   16.33   74.54
49809   49383   0.00    86.95
49814   50057   0.00    68.37
49821   49545   9.80    131.79
49824   49483   11.50   85.66
49830   49580   6.43    54.91
49834   49303   10.28   137.08
49834   49483   7.80    69.12
49835   50071   12.80   99.56
49839   49563   12.91   65.85
49841   49999   0.00    63.06
49841   49145   0.00    137.44
49843   49591   0.00    59.61
49845   49652   10.78   55.81
49845   50119   21.75   71.29
49847   49493   9.43    76.55
49848   49781   1.00    48.65
49854   49543   6.50    62.85
49854   49274   19.20   140.97
49863   49845   12.67   5.96
49863   49334   10.80   120.10
49870   49626   18.60   84.30
49871   49426   0.00    87.76
49872   50410   9.24    137.32
49872   49952   12.29   89.24
49874   49848   8.67    22.75
49892   49794   0.00    98.95
49892   49841   0.00    14.57
49899   49524   0.00    89.35
49899   49754   0.00    34.99
49902   50177   22.00   64.87
49902   49863   11.50   11.90
49915   49733   0.00    36.15
49918   50061   0.00    55.94
49918   50093   0.00    47.10
49921   49704   5.43    78.68
49921   50096   6.40    75.33
49944   49724   6.00    46.45
49949   49372   0.00    136.06
49949   49899   0.00    15.36
49950   49915   0.00    77.14
49952   50454   7.33    112.17
49973   49500   0.00    93.84
49997   49950   0.00    77.14
49999   49343   0.00    139.91
50010   50387   0.00    131.18
50014   49420   7.85    117.29
50019   49584   12.30   116.04
50019   49834   14.08   61.31
50027   49616   0.00    82.75
50043   49496   10.61   109.31
50043   50060   0.00    60.83
50052   49626   14.43   100.35
50052   49854   10.00   99.59
50057   50338   0.00    83.87
50057   49949   0.00    26.00
50061   49678   0.00    87.16
50063   49618   10.55   91.53
50063   49839   8.67    64.73
50065   49915   0.00    33.64
50067   49545   11.50   106.71
50067   50441   7.50    135.69
50071   49821   8.00    131.86
50071   50173   7.00    82.97
50077   50305   9.71    76.67
50077   49541   7.96    107.22
50080   49751   10.29   118.13
50094   49740   8.33    100.11
50096   50246   6.50    69.33
50096   49870   9.88    84.48
50099   49902   11.17   80.01
50099   50479   11.87   77.42
50110   50067   9.44    106.56
50115   49824   11.00   85.31
50119   50274   10.45   62.46
50119   49921   15.00   70.66
50124   50065   0.00    102.64
50130   50188   9.71    78.28
50133   50080   12.47   95.81
50133   49847   8.42    66.99
50134   49834   13.00   86.56
50139   50585   3.88    92.57
50141   49563   6.40    134.02
50143   49835   8.86    96.43
50146   49830   20.00   92.66
50146   49663   6.50    99.13
50147   50065   0.00    26.05
50151   50217   0.00    38.47
50151   49999   0.00    35.51
50153   49802   11.36   75.83
50170   49590   10.00   124.54
50173   50110   10.00   82.36
50177   50119   3.00    29.48
50177   50694   12.00   104.89
50183   50239   50.00   38.27
50183   49763   14.33   102.34
50188   50258   14.37   89.41
50188   50110   0.00    15.67
50188   50588   15.50   132.94
50206   50063   13.25   35.36
50206   50043   7.10    46.17
50210   49669   9.10    114.65
50212   50133   8.67    16.18
50215   50147   0.00    22.36
50215   50298   3.00    34.11
50217   49809   0.00    87.17
50217   50241   0.00    23.52
50220   49747   3.00    119.46
50229   49685   11.89   117.71
50239   50248   3.00    8.16
50241   50275   0.00    30.79
50246   50052   8.42    110.82
50246   50463   3.00    80.56
50248   50153   13.50   65.95
50258   50547   11.50   91.30
50258   50143   9.52    93.72
50271   50130   13.63   79.15
50274   50490   6.40    83.86
50275   49871   0.00    88.21
50287   50124   0.00    103.41
50287   49892   0.00    99.10
50298   50632   0.00    95.29
50305   49755   9.38    115.27
50305   50444   9.67    65.14
50318   50287   0.00    7.42
50318   50637   0.00    111.47
50324   50014   8.33    91.27
50333   50014   9.18    74.46
50333   50146   0.00    54.47
50335   50057   0.00    66.71
50335   50115   20.00   59.71
50339   49839   15.50   106.65
50346   49944   9.50    114.19
50353   50019   8.18    90.86
50363   49874   8.00    117.13
50378   50094   8.67    99.52
50379   50061   0.00    79.47
50383   50866   10.43   94.99
50387   50402   0.00    6.41
50402   50433   0.00    9.03
50410   50687   9.80    113.36
50410   49944   10.25   100.22
50428   50194   3.00    69.18
50433   50496   10.75   10.51
50434   50027   0.00    82.75
50434   50428   0.00    43.61
50441   50077   9.65    72.69
50441   50755   7.83    114.76
50444   50683   8.29    117.75
50444   49973   13.90   93.83
50450   50147   0.00    141.76
50454   50797   12.00   108.67
50461   49848   10.00   128.31
50461   50383   6.50    49.42
50463   50346   9.82    109.46
50471   50134   8.60    86.56
50471   50115   10.00   69.60
50479   51008   6.70    107.28
50479   50694   11.33   102.93
50480   50010   0.00    129.43
50484   50318   0.00    33.22
50490   50643   12.29   71.54
50496   50657   8.89    42.13
50496   50898   12.89   129.10
50515   50063   12.00   87.38
50519   50212   13.21   93.05
50537   50080   11.38   99.39
50547   50804   3.00    91.25
50548   50428   0.00    21.09
50548   50978   10.00   114.59
50565   50441   7.57    21.23
50565   50271   11.43   80.78
50585   50675   0.00    33.12
50585   50928   8.67    87.04
50587   50206   7.18    84.74
50588   50271   12.38   70.62
50608   50484   0.00    38.04
50624   50471   0.00    40.94
50637   50662   0.00    15.01
50637   50151   0.00    107.52
50641   50298   0.00    72.22
50643   50463   11.73   74.60
50643   50676   1.00    14.35
50650   50059   0.00    124.13
50657   51195   12.48   125.87
50662   50851   0.00    76.34
50662   50241   0.00    96.68
50665   50800   11.06   60.41
50675   50324   4.25    91.39
50675   51075   3.00    107.92
50676   50826   9.83    62.09
50676   51276   10.81   123.23
50683   50712   0.00    9.77
50683   50378   0.00    77.50
50687   50826   10.88   111.62
50694   50907   13.25   89.65
50694   51452   9.96    148.70
50708   50215   2.33    109.00
50712   50905   12.53   137.06
50726   51017   3.00    66.67
50726   50210   11.00   113.62
50729   50170   11.29   123.78
50732   50708   0.00    126.50
50732   50632   0.00    24.44
50755   50974   9.50    113.35
50756   50239   7.22    102.56
50760   50229   6.25    116.61
50763   50333   8.67    117.14
50764   50353   13.43   92.60
50764   51012   0.00    72.91
50770   50335   9.10    111.16
50773   50729   9.00    34.90
50775   50484   0.00    101.30
50777   50183   6.73    119.97
50780   50588   10.00   51.31
50780   50871   0.00    46.31
50783   50770   14.33   2.73
50797   50410   8.67    78.13
50797   50993   10.86   86.23
50800   50657   12.03   47.95
50804   50780   3.00    16.59
50812   50548   13.25   72.34
50817   50565   10.82   109.99
50823   50141   4.75    134.81
50823   50773   14.33   40.13
50826   50952   7.27    53.39
50843   50461   20.00   76.80
50847   50783   0.00    13.86
50849   50275   0.00    116.72
50862   50212   9.81    129.39
50863   50670   0.00    91.87
50863   50847   11.40   5.98
50865   50434   1.00    82.72
50866   51209   6.17    92.55
50871   51070   0.00    44.31
50873   50153   12.29   143.25
50885   50823   12.15   62.50
50885   50339   9.58    106.76
50898   51379   0.00    129.75
50905   50378   6.00    134.54
50905   50764   12.43   36.99
50907   51006   9.83    45.04
50907   50274   15.00   123.37
50917   50565   11.00   73.32
50917   51101   9.76    101.47
50919   50863   10.50   13.49
50928   51217   8.50    86.09
50944   50515   12.28   87.19
50944   50885   6.75    64.30
50949   50732   0.00    44.60
50949   50970   0.00    123.05
50952   51007   13.90   24.14
50955   50480   0.00    129.74
50957   50608   0.00    77.88
50957   50949   0.00    89.00
50963   50248   8.33    140.98
50966   50363   9.25    118.67
50966   50726   4.67    58.03
50970   50708   6.50    51.80
50970   51204   14.33   70.69
50974   51004   8.00    9.20
50976   50608   0.00    81.78
50992   51070   6.50    30.23
50993   51007   10.48   88.18
50993   51447   9.11    106.76
51004   51057   0.00    14.16
51004   51375   0.00    109.01
51006   51573   6.86    112.08
51006   51088   0.00    40.44
51007   51308   11.36   75.02
51008   51556   9.00    107.28
51010   50624   14.60   98.05
51010   50770   0.00    57.50
51012   50624   20.00   90.13
51013   50519   11.27   97.59
51013   51040   0.00    62.32
51015   50944   3.00    68.20
51015   50587   8.88    86.26
51017   50729   9.00    67.26
51020   51108   0.00    44.05
51021   50665   13.73   105.28
51021   50804   0.00    61.82
51033   50974   0.00    14.54
51033   50817   11.93   109.49
51040   51060   3.00    50.81
51040   50537   14.33   101.17
51044   50957   0.00    69.90
51044   50976   0.00    13.81
51046   51033   0.00    4.57
51057   51079   0.00    9.70
51057   51046   0.00    3.74
51059   50775   0.00    100.90
51059   50851   0.00    50.14
51060   51015   9.13    52.42
51070   51137   0.00    13.11
51077   50863   20.00   53.82
51079   51033   0.00    9.75
51088   50490   6.78    123.62
51088   51276   11.00   86.28
51090   50712   21.74   109.68
51101   51289   8.11    101.52
51106   50763   3.00    115.48
51108   50917   8.30    39.92
51154   51044   11.50   23.54
51159   50797   11.40   85.60
51159   50760   5.50    113.69
51174   51407   7.00    81.08
51174   51137   1.00    8.92
51188   51092   0.00    124.19
51195   51724   12.64   101.44
51196   51092   0.00    28.37
51196   51254   0.00    23.60
51204   50919   16.13   82.56
51205   51059   0.00    37.86
51205   50762   0.00    139.56
51209   50843   3.00    76.80
51209   51285   6.75    55.18
51217   51292   3.00    19.07
51217   51159   10.50   16.52
51226   51460   9.80    57.43
51226   51204   30.00   7.87
51239   51090   25.50   106.53
51239   51012   3.00    57.34
51249   50756   13.56   102.49
51254   50865   0.00    82.22
51273   50665   12.67   121.17
51276   52068   11.72   147.23
51285   50966   8.83    66.20
51289   51594   8.00    78.62
51289   51079   11.50   51.33
51292   51754   1.67    119.55
51297   50800   13.20   100.18
51303   50976   20.00   118.94
51308   51629   14.00   74.41
51313   51010   10.00   78.29
51320   51735   12.11   95.99
51325   51057   12.71   77.54
51340   51077   11.92   65.94
51356   51196   0.00    39.30
51360   51320   14.33   91.78
51360   51108   10.41   50.47
51375   51564   15.78   105.97
51379   51891   0.00    129.75
51384   51195   3.00    97.74
51389   51303   0.00    22.41
51389   51205   0.00    38.22
51396   50777   10.80   120.29
51401   50957   0.00    85.28
51407   51360   6.50    6.70
51421   50773   7.67    125.87
51424   51106   40.00   114.91
51433   51174   11.00   46.08
51433   51999   11.00   122.20
51441   51308   0.00    46.21
51441   50952   12.80   95.47
51446   51242   0.00    46.21
51446   50849   0.00    117.52
51446   51526   1.00    20.87
51447   51159   11.00   76.99
51447   51521   3.00    19.36
51452   51556   9.89    80.13
51452   51686   10.22   51.53
51460   51077   13.71   94.32
51466   50823   8.67    125.20
51467   51013   8.68    86.15
51467   51543   8.14    64.91
51474   51154   0.00    99.29
51474   51303   0.00    35.34
51476   50955   0.00    130.21
51477   51015   12.24   89.25
51479   51901   1.00    88.44
51483   50885   12.44   116.21
51490   51567   0.00    23.57
51490   51447   10.33   15.52
51494   51222   3.00    114.59
51498   50944   9.54    105.98
51508   51205   0.00    87.52
51521   51292   8.36    55.49
51526   51741   20.00   61.61
51526   51059   0.00    128.87
51533   51017   8.67    100.31
51537   51325   8.88    76.13
51543   50862   6.40    129.68
51543   51620   8.42    64.07
51556   51963   13.09   78.66
51558   51407   0.00    47.27
51564   51587   3.00    21.71
51564   51239   10.80   64.72
51567   51521   2.60    13.75
51573   52347   9.93    140.91
51579   51136   11.50   103.73
51579   51254   0.00    63.37
51587   51600   0.00    3.02
51587   51677   6.48    72.91
51591   51479   0.00    51.92
51591   51474   0.00    33.32
51594   51982   16.67   80.50
51600   51640   0.00    8.78
51620   50873   10.90   143.59
51620   51679   12.22   66.48
51626   51602   10.00   143.38
51626   51579   0.00    9.91
51629   51490   9.00    57.20
51640   51646   3.00    1.86
51645   51021   10.29   124.35
51646   51537   9.92    86.79
51656   51646   7.40    6.16
51666   51494   3.00    49.55
51666   51226   12.22   111.20
51676   51340   12.46   81.48
51677   51313   14.60   79.21
51677   51684   0.00    2.06
51679   50963   7.88    141.46
51679   51737   11.83   54.41
51684   51685   0.00    2.60
51685   51677   0.00    1.79
51685   51656   14.29   68.69
51686   52126   8.12    76.52
51686   51573   12.38   100.83
51687   51684   0.00    3.14
51690   51285   6.11    79.54
51705   51687   7.50    22.13
51710   51705   0.00    3.86
51710   51340   11.80   79.29
51724   52336   11.42   101.45
51725   51847   5.50    99.56
51725   51626   0.00    24.37
51725   52093   0.00    66.81
51731   51567   2.50    50.51
51731   51754   12.05   7.39
51732   51980   8.39    103.32
51735   51289   5.50    130.97
51735   51558   8.86    88.99
51735   51758   0.00    6.64
51737   51249   8.10    102.01
51741   51862   3.00    19.44
51741   51389   0.00    118.79
51754   51894   6.29    30.85
51754   51942   11.64   39.79
51758   51975   0.00    54.02
51769   51820   8.44    72.66
51769   51040   11.39   143.26
51780   51591   0.00    45.21
51788   51591   0.00    65.43
51803   51407   20.00   88.70
51806   52038   0.00    57.29
51809   51769   8.50    61.70
51809   51467   13.27   68.10
51814   51629   14.00   76.67
51814   51441   9.22    76.41
51820   51939   8.56    79.19
51820   51060   10.08   146.13
51835   51401   0.00    85.13
51835   51154   8.00    146.34
51838   51297   9.25    100.18
51844   51732   9.81    103.36
51844   51424   8.13    117.14
51847   51896   0.00    100.95
51862   52005   20.00   29.66
51890   51460   9.13    111.65
51890   51666   14.33   56.26
51891   51476   0.00    128.99
51894   51844   6.50    23.65
51894   51979   10.86   24.91
51894   51973   10.31   17.18
51896   51209   0.00    130.68
51917   51731   4.63    40.16
51923   51835   0.00    17.58
51927   51273   3.00    120.91
51932   51494   0.00    117.67
51934   51384   12.20   102.57
51939   51477   11.73   89.30
51939   52055   10.88   76.58
51942   51917   0.00    8.16
51942   52087   8.77    33.32
51950   51620   8.30    63.24
51950   51809   9.13    107.77
51951   51862   0.00    31.61
51961   51537   15.14   98.05
51961   51982   20.00   9.87
51963   52413   7.50    78.68
51969   51814   5.33    53.51
51969   52435   6.50    89.01
51973   52004   11.13   21.65
51975   52014   0.00    9.51
51975   51806   20.00   144.77
51979   51973   8.09    30.33
51980   52223   12.74   103.32
51983   51951   0.00    9.71
51999   51645   15.00   121.19
52004   52087   11.15   44.12
52004   51942   7.83    21.57
52005   51474   0.00    149.61
52005   52249   3.00    49.60
52014   52288   0.00    57.66
52014   51806   3.00    113.44
52019   51666   11.63   80.21
52029   51396   9.75    120.07
52037   51879   0.00    37.74
52037   51890   8.60    37.98
52038   51982   0.00    14.83
52039   51710   8.15    75.47
52055   51498   14.33   105.99
52055   52106   8.29    66.84
52064   51879   3.00    45.16
52064   51676   9.00    81.43
52066   52089   7.00    24.02
52066   51533   8.63    100.48
52067   52066   16.67   39.45
52067   52520   13.20   79.91
52068   51969   13.63   36.00
52087   52263   2.00    44.75
52089   52903   9.20    144.63
52089   52147   11.09   60.16
52091   52081   0.00    83.52
52091   51725   0.00    61.61
52093   52091   0.00    16.45
52093   52276   0.00    31.40
52095   51421   10.65   125.84
52095   52067   4.67    24.68
52106   51483   8.86    116.26
52106   52142   9.00    65.26
52110   51855   0.00    66.33
52118   51950   9.20    118.60
52126   52551   12.14   76.56
52127   51758   0.00    84.95
52129   52005   0.00    32.03
52140   51780   20.00   75.71
52140   51873   0.00    57.96
52142   52786   12.90   118.06
52142   52095   10.53   42.20
52142   51466   11.15   125.25
52147   52182   10.00   35.52
52147   51690   11.54   79.48
52150   52537   12.65   104.96
52150   51979   9.76    63.97
52155   51656   11.10   93.02
52168   52129   0.00    8.39
52171   52311   14.33   122.43
52182   52222   11.00   34.74
52182   51896   10.00   48.55
52196   51710   8.44    81.58
52218   51961   9.14    111.08
52222   52609   0.00    73.87
52222   52281   9.76    56.59
52223   52610   10.26   76.40
52223   52542   8.50    128.02
52227   51803   20.00   87.72
52227   51433   15.00   146.58
52237   52171   11.33   122.21
52249   52367   0.00    28.97
52249   52550   17.50   68.33
52250   51890   11.00   82.32
52255   52048   0.00    44.19
52255   52140   0.00    27.51
52257   52227   0.00    6.15
52257   52262   13.92   66.11
52262   51558   10.19   144.82
52263   51917   7.55    77.52
52263   52435   4.25    41.43
52264   52567   0.00    66.94
52266   52091   3.00    30.32
52276   52266   8.00    26.81
52276   52570   0.00    72.41
52281   52675   8.64    72.52
52281   52276   6.75    75.79
52288   52505   0.00    68.04
52311   52481   11.07   145.02
52311   51950   9.89    62.19
52323   52038   11.75   61.29
52323   52577   10.59   138.30
52333   52150   7.94    80.99
52336   52892   10.81   101.17
52344   51930   9.00    71.12
52347   52068   11.32   97.70
52355   52255   0.00    22.08
52367   52818   0.00    126.85
52367   52641   0.00    54.92
52374   52019   11.08   80.21
52374   51923   0.00    96.44
52377   51829   0.00    93.85
52380   51975   3.00    98.84
52380   52127   8.80    84.69
52387   51901   9.20    118.21
52387   52355   0.00    12.09
52391   52037   9.32    82.58
52404   52064   12.60   68.44
52404   52039   7.73    76.18
52413   52551   10.33   91.85
52413   52868   9.68    82.90
52416   52168   0.00    72.64
52416   51983   0.00    100.68
52418   52055   9.32    63.44
52418   52237   9.25    122.67
52435   52487   2.89    14.78
52437   51808   20.00   109.96
52487   52800   8.73    84.29
52501   51685   11.68   149.03
52505   52323   12.71   39.53
52512   52387   0.00    46.64
52512   51923   0.00    149.37
52520   52960   12.50   79.92
52525   51934   9.92    102.56
52525   51927   4.17    118.65
52528   52266   1.00    55.29
52535   52380   18.80   69.86
52535   52288   0.00    51.59
52537   52924   10.03   104.91
52542   52969   10.14   129.47
52550   52878   17.17   117.78
52550   52355   0.00    52.76
52551   52347   8.23    111.03
52567   52416   0.00    49.06
52577   52747   11.50   31.77
52589   52250   12.20   82.32
52589   52374   9.92    55.81
52595   52404   9.38    61.61
52595   52196   10.73   80.26
52610   52743   11.50   22.07
52610   52333   9.66    138.12
52629   52333   10.47   82.04
52629   52821   9.17    88.38
52632   52693   0.00    17.37
52634   52689   7.50    120.96
52641   52904   0.00    65.83
52653   52299   0.00    86.35
52653   52512   0.00    55.86
52654   52501   2.00    67.97
52654   52155   20.00   93.65
52675   53143   10.00   90.10
52675   52834   12.11   117.95
52686   52567   0.00    33.48
52689   52815   6.57    88.16
52689   52311   10.27   69.51
52693   52577   0.00    25.00
52700   52118   6.13    125.17
52700   52029   7.83    120.02
52729   52822   7.71    45.50
52729   52634   7.60    120.94
52731   52391   13.45   82.57
52731   52589   14.20   36.15
52737   52013   1.00    130.62
52743   52996   15.00   46.33
52745   52654   3.00    37.35
52745   52218   13.70   113.48
52747   53058   11.00   82.28
52747   52882   0.00    36.69
52747   52693   0.00    14.16
52753   52034   0.00    129.97
52762   52064   14.78   149.87
52766   52700   0.00    11.81
52773   52610   9.02    69.71
52775   52050   4.83    130.27
52782   52418   11.77   68.02
52782   52729   20.00   85.86
52786   52867   0.00    32.14
52790   52106   6.29    125.07
52790   52782   9.45    68.15
52797   52965   11.50   77.03
52799   52897   10.13   87.40
52799   53337   11.87   108.82
52800   53064   5.00    83.64
52815   52932   8.87    88.12
52818   52686   0.00    82.80
52821   52997   10.38   88.32
52822   52872   11.52   76.11
52822   53458   8.81    114.76
52827   52822   12.29   146.34
52828   52653   0.00    54.58
52828   52374   14.61   112.17
52831   52555   11.07   62.78
52831   53093   3.00    53.91
52834   52147   8.59    125.63
52834   52903   7.83    62.28
52857   52868   9.14    15.14
52867   52790   3.00    40.39
52868   53094   4.67    67.21
52869   52799   13.38   68.62
52869   52262   8.50    113.22
52872   52885   11.00   64.11
52872   52782   9.08    51.02
52878   53120   9.41    116.95
52882   52745   9.18    74.57
52882   53047   1.00    53.10
52885   53132   0.00    49.53
52885   52891   0.00    14.60
52891   52990   6.75    87.12
52891   52790   5.33    40.66
52892   52525   11.08   106.04
52892   52969   0.00    17.16
52897   53083   5.60    41.14
52897   52535   9.00    64.24
52903   52960   7.67    59.48
52903   53307   12.67   79.41
52904   53186   0.00    101.31
52921   52857   6.13    43.34
52924   52487   6.67    101.23
52924   53178   9.80    72.14
52932   52766   0.00    46.09
52932   52976   5.40    42.37
52935   52404   7.05    114.94
52939   52629   11.78   82.37
52946   52921   0.00    20.00
52954   52595   10.56   77.52
52960   53375   12.71   79.75
52962   52869   11.38   74.32
52962   52257   13.06   127.64
52965   53174   11.50   77.60
52969   53385   6.82    81.42
52970   52731   11.13   55.27
52970   52762   5.93    145.91
52976   52766   8.39    37.87
52976   52946   2.33    25.53
52982   52505   8.41    94.30
52982   52831   8.67    71.24
52985   52904   0.00    20.05
52985   53209   9.80    100.26
52990   53409   6.08    91.54
52996   53471   15.00   85.33
52996   52997   9.80    16.41
52997   52743   11.17   50.97
53016   52818   0.00    60.82
53016   52641   0.00    92.95
53021   52827   7.16    146.73
53027   52867   4.40    48.56
53027   52786   15.00   44.56
53028   52962   11.05   58.44
53028   53519   11.33   135.28
53047   53130   20.00   26.29
53058   53047   14.33   78.41
53059   52654   0.00    79.68
53059   52745   12.62   84.53
53064   53161   1.00    62.34
53070   52773   11.11   96.52
53083   53237   9.80    30.71
53083   52982   6.00    37.83
53093   53525   8.53    81.78
53094   53304   10.33   41.50
53094   53161   9.18    86.62
53095   52828   3.00    58.18
53095   52589   12.44   122.70
53102   52501   7.25    132.23
53110   53605   11.95   122.60
53110   53028   10.50   64.66
53120   53095   16.82   8.39
53120   53368   10.64   102.71
53130   53686   11.50   115.00
53132   53277   13.25   27.53
53143   53254   0.00    81.18
53143   53466   1.00    57.01
53159   53016   0.00    37.37
53159   52985   0.00    82.25
53161   53304   7.71    92.18
53167   52997   18.00   147.35
53178   53621   6.59    123.36
53178   53631   12.00   102.95
53186   53557   9.25    102.03
53187   53110   12.71   46.60
53209   53603   3.00    101.99
53218   52976   5.04    50.10
53218   53021   7.11    146.92
53230   52924   11.00   76.09
53230   52939   8.67    82.36
53232   53498   12.53   77.99
53232   52773   12.48   85.70
53235   53159   0.00    23.67
53235   53174   16.33   44.03
53237   53726   0.00    92.71
53237   53093   0.00    68.93
53248   52946   1.00    57.56
53248   53218   6.83    5.23
53260   52834   8.42    80.40
53282   52954   11.50   77.36
53303   53350   12.75   18.56
53303   53102   8.43    58.64
53304   53501   3.53    35.02
53306   53130   8.80    90.35
53307   53766   9.82    79.41
53327   53187   12.71   83.38
53334   53235   12.71   79.24
53337   53903   11.72   108.82
53350   53102   5.33    54.67
53350   53494   0.00    50.83
53353   53131   11.50   82.70
53353   53235   11.29   59.26
53368   53454   10.56   101.19
53375   53832   9.47    79.75
53385   53070   8.41    96.74
53409   54025   10.43   131.43
53409   53600   11.00   55.75
53418   53434   0.00    5.90
53418   53142   0.00    137.93
53434   53463   0.00    3.93
53434   53353   11.00   28.34
53454   52935   9.79    114.82
53458   53867   11.78   74.76
53458   53625   11.00   85.77
53463   53619   7.00    29.73
53463   53636   0.00    40.35
53466   54024   7.92    141.88
53469   52869   14.84   116.33
53471   54020   8.67    108.55
53484   53248   3.00    43.96
53494   53579   0.00    35.35
53498   53778   12.28   86.41
53501   53592   10.92   37.67
53501   53920   7.78    88.78
53503   53385   10.93   28.44
53503   53327   6.05    83.38
53507   53458   7.80    83.93
53507   54080   14.33   104.62
53517   53627   3.00    65.82
53517   53334   12.80   51.75
53519   54242   9.40    139.84
53525   53306   9.00    90.38
53525   53894   17.67   117.65
53533   54219   7.80    132.80
53533   54090   13.20   110.44
53539   53661   7.43    76.26
53541   53671   9.08    80.21
53551   53507   6.17    95.15
53551   53321   11.00   36.11
53557   53764   15.75   89.98
53571   53230   8.76    74.95
53579   53059   12.11   111.03
53579   53539   3.00    76.07
53588   53167   9.81    148.32
53588   53571   11.50   12.62
53588   53919   11.38   65.26
53589   53484   5.71    31.49
53589   54032   4.24    106.62
53592   53589   8.45    35.74
53600   53132   3.00    142.94
53600   53659   10.00   20.76
53601   53551   5.40    88.25
53601   54015   8.45    89.67
53603   53711   0.00    39.97
53603   53557   0.00    13.22
53605   53533   7.18    80.77
53605   53988   11.82   77.40
53619   53792   0.00    37.72
53619   53334   7.11    146.38
53621   53064   9.10    106.62
53621   53753   7.92    118.74
53625   53902   11.00   54.32
53627   53792   3.00    104.50
53631   53571   7.22    87.11
53636   53412   10.75   75.48
53644   53187   11.50   79.76
53648   53517   7.78    43.51
53653   54071   10.00   88.07
53653   53601   9.64    87.38
53661   53849   11.50   91.62
53661   53686   7.50    29.89
53671   53471   8.67    81.00
53686   53700   11.50   68.79
53694   53631   10.70   78.31
53703   53484   4.03    43.66
53703   53653   11.36   90.24
53704   53766   8.25    66.47
53704   53260   8.59    80.40
53708   53282   10.07   86.94
53711   54013   3.00    142.84
53714   53027   7.11    137.22
53726   54215   8.67    92.82
53753   53920   9.44    67.21
53753   54089   7.71    94.85
53754   53592   6.97    38.60
53754   54186   7.86    88.95
53761   53621   0.00    27.41
53761   53694   6.80    78.28
53764   53956   10.60   89.77
53766   53832   10.12   60.49
53778   53960   9.88    57.26
53778   54204   10.42   79.92
53792   53931   4.00    30.88
53810   53648   11.50   45.62
53810   53603   10.14   82.79
53815   53627   0.00    39.24
53815   53648   13.91   86.38
53832   54143   13.20   57.09
53849   54317   6.54    83.49
53849   54099   0.00    66.44
53864   53867   0.00    43.52
53867   54145   13.00   48.22
53874   53303   0.00    111.98
53894   54099   11.72   115.10
53902   54676   10.00   135.28
53903   54215   7.43    109.62
53903   54065   10.71   69.35
53919   53933   9.50    17.53
53919   54413   12.39   83.98
53920   54412   7.79    123.38
53927   53503   8.76    132.57
53931   53970   3.00    7.57
53931   53959   0.00    41.98
53933   53983   0.00    9.42
53950   54037   8.89    112.40
53950   53933   9.50    13.24
53956   53454   8.44    111.33
53956   54120   12.25   74.41
53959   53636   11.13   68.02
53959   53968   8.67    37.16
53960   54271   14.16   90.14
53964   53625   5.14    113.82
53967   53551   8.50    89.66
53968   54004   20.00   25.78
53968   53548   10.00   120.73
53970   53815   13.63   102.42
53970   54150   0.00    35.16
53973   53541   3.00    92.96
53979   53232   9.81    134.57
53983   53989   0.00    3.78
53986   53810   10.14   41.16
53988   54403   13.56   77.40
53989   53950   0.00    9.36
53989   54481   8.44    105.66
54004   54043   10.80   85.20
54004   54195   20.00   36.30
54006   53810   9.72    103.71
54006   53815   20.00   39.81
54013   53956   5.56    13.34
54015   54460   8.20    89.67
54020   54435   7.71    105.31
54024   54143   10.32   136.06
54024   53704   9.57    59.60
54025   54480   7.00    131.79
54025   54263   8.21    90.89
54032   54547   4.37    107.38
54037   54367   6.75    114.83
54047   53494   0.00    111.54
54047   53874   0.00    72.53
54060   54360   0.00    63.12
54060   53986   0.00    36.97
54065   53469   12.00   116.33
54065   54242   11.29   74.12
54071   54500   10.80   88.07
54080   54409   9.00    56.25
54089   53761   10.04   79.86
54090   54155   0.00    15.12
54090   53644   0.00    79.76
54099   54294   9.83    35.07
54112   53711   50.00   88.42
54120   53708   11.82   87.26
54126   53703   1.31    88.76
54130   54060   7.67    36.14
54137   54145   5.50    49.84
54143   54263   11.50   20.50
54143   53714   8.10    132.20
54145   54374   3.50    37.64
54150   54355   1.00    39.56
54150   54006   10.64   104.23
54155   53927   10.59   63.48
54163   54024   0.00    25.27
54163   53813   6.54    100.67
54166   54661   7.00    102.80
54166   53754   7.50    89.54
54186   54605   8.88    88.97
54192   54295   0.00    25.59
54192   54112   9.00    25.23
54195   54391   0.00    38.80
54195   54150   8.50    106.27
54201   54047   10.75   64.84
54201   53579   11.13   113.18
54204   54590   13.71   79.12
54210   54130   7.25    35.90
54210   54006   10.00   39.28
54214   53498   10.50   132.71
54215   54262   10.08   100.87
54219   54891   10.00   132.80
54222   54192   0.00    31.00
54231   54295   2.00    29.36
54231   54112   3.00    30.65
54242   54403   14.33   72.50
54242   54666   9.38    85.34
54247   54195   10.56   82.84
54262   54294   8.91    100.82
54263   54163   9.94    121.77
54268   54210   0.00    36.18
54271   54964   13.82   138.80
54271   53927   20.00   72.16
54273   53874   0.00    68.27
54279   53986   15.78   65.96
54279   54231   12.67   16.17
54294   54678   13.38   114.92
54295   54760   15.00   91.09
54297   54222   13.20   36.81
54297   54888   7.33    117.09
54304   54635   10.96   137.99
54304   54065   3.00    44.51
54317   54766   3.00    83.76
54319   54435   0.00    38.92
54329   54587   6.75    60.11
54329   54268   11.20   40.89
54334   54297   8.67    14.09
54334   54013   8.76    65.13
54337   54175   9.80    33.43
54337   54319   0.00    15.03
54355   54329   0.00    27.54
54360   54279   14.33   42.08
54365   54355   0.00    10.68
54365   54662   3.00    64.94
54367   54952   9.36    139.34
54367   54559   8.21    50.69
54374   54676   5.14    100.45
54374   54798   8.56    79.45
54374   54080   15.00   98.81
54376   53902   10.75   99.98
54379   54696   3.00    76.11
54379   54365   1.00    41.86
54381   54360   0.00    6.02
54386   54533   3.00    34.95
54386   54379   0.00    34.87
54391   54386   3.00    18.55
54395   54334   0.00    21.68
54403   54941   10.69   108.19
54409   54836   6.50    79.80
54409   54374   10.05   84.07
54411   53967   11.92   89.57
54411   54409   1.00    4.83
54412   54089   8.78    68.48
54412   54762   7.60    117.64
54413   53973   13.25   92.25
54413   54458   11.50   8.23
54414   54589   0.00    39.81
54414   54391   7.25    58.33
54426   54381   7.86    27.64
54426   54130   0.00    63.33
54435   54938   11.95   96.48
54458   54799   10.88   63.82
54460   54871   9.25    89.14
54460   54411   6.91    87.96
54463   54974   0.00    93.69
54463   54426   0.00    24.74
54467   54395   15.77   37.41
54473   54414   8.80    73.75
54474   54337   8.80    31.20
54474   54612   0.00    24.99
54480   53964   8.15    116.36
54481   54952   6.78    105.24
54487   54166   7.48    88.78
54492   54463   3.00    18.83
54492   54210   11.50   60.40
54500   54913   9.47    88.58
54500   54460   9.97    89.64
54529   54794   15.75   83.07
54529   53979   10.63   130.11
54533   54722   4.00    40.10
54534   53960   13.07   102.59
54535   54492   11.50   30.84
54535   54268   8.67    61.41
54543   54126   4.65    88.63
54543   54500   7.36    86.23
54547   54543   7.00    10.41
54547   54982   3.59    88.23
54563   54467   1.67    41.12
54577   54402   11.50   65.29
54582   54480   11.00   21.18
54582   54800   9.57    66.62
54587   54535   11.50   39.62
54587   55075   5.33    86.08
54589   54533   9.38    73.04
54589   54750   11.50   35.84
54590   54534   9.44    115.59
54590   55042   16.56   94.92
54591   54474   7.00    26.03
54591   54612   0.00    17.19
54605   55049   9.86    88.57
54605   54547   8.38    88.14
54612   54997   10.00   66.91
54635   54681   3.00    10.46
54639   54655   14.33   33.75
54650   54563   11.50   35.63
54652   54589   11.00   75.01
54655   54635   3.00    9.83
54661   55094   10.33   88.47
54661   54605   7.81    88.38
54662   54587   6.50    41.34
54662   55105   9.80    77.86
54664   54201   11.50   85.39
54666   55085   9.80    84.63
54667   54697   0.00    6.66
54667   54674   10.00   25.77
54668   54155   9.03    113.45
54668   55508   9.57    139.08
54674   54661   6.25    65.35
54676   55250   8.50    98.51
54676   55069   12.43   92.35
54678   54639   11.64   110.08
54681   54758   7.21    27.85
54681   54851   0.00    37.80
54692   54263   5.59    78.62
54692   54546   7.83    145.61
54696   54662   3.00    31.24
54697   55138   11.50   88.64
54697   54674   10.00   22.93
54704   54155   11.31   97.88
54710   54696   0.00    8.08
54710   55132   0.00    73.29
54721   54655   7.40    26.26
54721   54639   12.67   18.39
54721   54758   0.00    8.33
54722   54710   0.00    32.10
54722   55160   9.80    78.40
54730   54722   20.00   37.40
54734   54650   10.00   40.15
54734   54577   0.00    31.24
54747   54667   6.43    106.60
54747   54487   6.49    87.77
54750   54730   0.00    37.75
54758   55128   2.33    127.74
54762   55414   0.00    122.32
54766   55463   9.00    115.36
54770   54093   6.83    121.90
54775   54750   10.00   39.04
54776   54319   0.00    84.50
54779   54760   10.00   4.14
54791   54775   20.00   36.53
54794   55042   8.80    69.48
54794   54214   10.53   129.74
54798   55285   11.00   79.45
54799   54953   11.50   25.47
54800   54376   8.57    99.99
54800   55069   13.63   70.97
54801   54697   8.20    93.48
54801   55055   10.50   47.64
54807   55296   9.00    81.24
54807   54222   9.80    116.20
54807   54760   2.00    37.83
54810   54573   0.00    46.23
54810   54734   11.40   34.29
54816   54047   0.00    140.52
54827   54304   10.49   113.22
54827   55085   3.00    76.15
54830   54799   0.00    19.84
54830   54591   3.00    56.01
54834   54279   11.20   108.71
54834   54779   14.33   41.99
54836   55332   10.00   79.80
54837   54534   0.00    55.08
54851   55528   11.67   129.22
54851   54758   0.00    18.56
54871   55332   7.75    88.91
54888   54807   10.00   36.37
54888   55229   10.33   56.80
54891   55086   0.00    53.22
54891   55235   3.00    57.04
54895   54834   3.00    42.02
54895   54381   10.80   100.79
54909   54964   0.00    16.76
54911   54837   0.00    12.96
54911   54909   0.00    7.89
54913   55384   9.92    88.58
54926   54911   0.00    13.71
54926   54837   13.20   19.88
54938   55096   8.50    35.16
54938   54529   14.10   91.30
54941   55509   11.00   107.07
54945   54810   12.40   40.34
54952   55299   11.50   58.10
54953   54830   8.67    27.04
54960   54911   0.00    7.03
54960   54926   0.00    14.78
54960   54909   0.00    11.45
54964   55000   0.00    4.08
54964   55043   0.00    11.15
54972   54543   4.05    88.12
54974   55534   9.80    92.16
54974   54895   0.00    40.10
54975   54582   13.60   87.95
54976   54395   9.67    114.21
54976   54888   20.00   35.16
54982   55448   0.00    88.23
54997   55717   14.33   118.58
54997   55240   10.75   70.83
55000   55050   11.50   13.97
55028   54926   16.25   80.02
55042   55028   9.83    80.03
55043   55099   10.00   19.39
55049   55515   7.94    88.51
55050   55090   0.00    33.52
55050   54960   0.00    18.28
55052   54535   0.00    89.08
55052   54974   15.00   40.65
55054   55090   0.00    6.72
55054   54960   0.00    28.65
55055   55602   10.25   114.41
55055   55656   10.00   114.60
55060   54766   11.50   148.28
55060   54721   7.25    120.88
55061   54458   10.17   136.07
55068   54467   32.50   113.05
55068   55133   10.84   12.93
55068   54976   11.50   38.32
55069   55227   3.00    34.51
55075   55052   11.50   36.12
55085   55543   0.00    88.09
55086   55509   7.67    115.55
55090   55506   13.46   105.43
55094   55564   7.92    88.42
55099   54668   13.00   92.02
55105   55075   4.75    36.02
55119   55387   20.00   44.52
55119   55105   0.00    17.30
55120   54664   13.33   84.67
55120   54816   6.00    135.12
55128   55529   8.50    127.74
55132   55119   20.00   19.14
55133   55531   11.00   84.11
55138   55617   7.83    88.54
55139   55086   20.00   22.99
55143   55132   0.00    19.44
55146   54953   11.07   75.88
55146   55061   3.00    22.36
55159   55099   0.00    14.95
55159   55050   8.00    28.43
55160   55143   11.20   20.39
55172   54563   15.14   115.71
55172   55068   11.09   40.90
55176   55133   9.30    37.77
55176   55366   14.33   38.92
55189   55160   10.00   14.77
55207   54730   11.50   83.27
55207   55189   11.50   20.65
55212   54800   7.75    87.45
55215   55146   6.40    33.45
55215   55061   8.67    31.17
55223   55207   8.00    16.69
55227   55233   10.00   28.50
55227   55705   6.88    96.84
55229   55176   9.47    37.93
55229   55417   0.00    37.92
55233   55705   9.83    148.22
55233   55250   10.00   52.73
55234   55223   0.00    18.65
55234   54750   11.50   84.04
55235   55767   11.27   84.87
55235   55139   0.00    23.03
55240   55717   0.00    94.20
55240   54776   0.00    83.83
55250   55894   7.87    105.02
55250   55285   10.16   83.58
55255   55234   3.00    21.62
55266   55255   13.20   21.88
55266   54775   5.33    83.20
55271   55172   0.00    37.03
55271   54650   13.80   115.17
55277   55266   6.50    12.16
55285   55779   9.17    80.16
55285   55332   9.16    83.97
55286   54704   7.62    97.88
55291   54827   8.27    88.16
55296   55451   3.00    34.63
55296   55229   8.93    44.44
55298   55277   3.00    20.82
55299   55215   7.67    33.89
55299   55645   6.50    56.05
55318   55120   4.75    39.28
55327   55387   15.00   66.94
55327   55052   20.00   48.04
55332   55823   4.75    80.42
55332   55384   8.00    92.41
55352   54779   10.86   97.20
55352   55296   7.70    41.69
55365   55271   0.00    36.85
55365   54734   10.88   115.08
55365   55531   0.00    57.17
55366   55417   15.00   40.22
55366   55573   0.00    41.34
55376   55054   0.00    106.02
55384   55442   7.94    86.77
55384   55840   12.40   88.91
55387   55636   11.50   38.84
55408   55352   9.47    40.12
55408   54834   10.75   95.19
55411   55729   7.86    105.35
55413   54975   9.36    88.04
55414   55514   0.00    15.04
55414   55299   8.50    55.44
55417   55593   15.00   39.95
55417   55499   15.00   39.82
55428   54692   7.64    134.62
55434   54770   9.89    120.14
55434   55286   14.71   39.18
55442   55448   7.06    9.97
55442   54972   4.83    88.12
55448   55515   9.11    88.00
55448   55900   5.96    89.41
55451   55610   11.50   36.99
55451   55499   10.00   8.27
55459   55365   11.50   38.97
55459   54810   9.00    112.31
55463   55060   12.82   131.11
55465   54747   7.37    142.73
55465   55414   0.00    22.00
55480   55408   6.40    40.23
55480   54895   14.33   94.97
55487   55463   0.00    6.07
55487   55318   3.00    37.58
55499   55646   20.00   34.94
55506   55980   10.67   106.34
55508   55159   9.13    87.62
55509   55568   5.33    11.98
55514   56245   0.00    130.09
55514   55525   0.00    23.16
55515   55955   9.19    88.95
55515   55564   9.33    88.91
55525   55465   9.40    9.32
55525   55602   5.71    60.42
55528   56095   8.45    127.84
55529   55927   9.20    77.35
55529   55487   20.00   8.79
55529   55805   0.00    62.60
55531   55573   11.17   44.22
55533   55159   11.08   71.00
55533   55909   13.00   111.16
55534   55866   8.62    75.97
55534   55480   11.52   41.90
55543   55984   20.00   88.09
55546   54945   0.00    103.93
55546   55459   13.63   35.27
55564   55617   6.50    89.60
55564   56015   8.75    90.12
55568   56039   12.44   94.77
55568   55897   10.75   95.95
55573   55593   3.00    37.75
55577   55534   11.07   41.92
55577   55327   3.00    41.63
55590   55277   6.50    52.13
55590   55720   8.94    97.99
55593   55646   12.13   41.14
55602   55671   11.50   9.72
55610   55768   0.00    35.88
55610   55352   11.00   56.56
55617   55656   8.14    87.81
55619   55577   7.11    40.39
55620   55263   3.00    61.78
55620   55546   8.43    34.38
55628   55688   10.60   39.19
55636   55619   0.00    10.22
55645   55954   11.50   55.35
55645   55411   7.80    102.10
55659   55212   13.80   87.51
55659   55413   12.67   64.61
55671   56369   13.33   123.44
55671   56090   3.00    79.05
55673   55143   8.92    85.54
55673   55636   6.06    34.73
55677   55318   0.00    87.63
55685   55533   11.50   30.42
55688   55413   0.00    45.99
55688   56109   7.40    119.26
55705   55898   6.50    42.92
55710   55189   10.75   84.99
55710   55673   8.42    38.28
55717   55930   8.67    45.61
55725   55620   11.17   58.72
55729   55954   9.80    102.22
55743   55291   11.87   88.16
55745   55646   15.00   27.12
55745   55944   0.00    36.01
55753   55710   10.55   36.43
55753   55223   11.00   86.66
55760   55139   35.00   112.50
55767   56225   13.20   84.13
55768   55408   11.50   78.50
55768   55904   3.00    34.90
55779   56247   6.00    80.15
55782   55745   0.00    10.72
55782   55610   0.00    38.15
55804   55753   9.07    37.51
55804   55255   12.60   90.06
55805   56073   0.00    80.32
55805   56554   0.00    148.86
55810   55508   11.77   89.42
55810   55286   9.59    86.46
55823   56294   12.17   80.42
55828   55832   0.00    4.25
55828   55935   0.00    114.20
55830   56115   17.50   78.39
55830   55619   8.44    38.63
55832   55842   0.00    4.35
55836   55804   8.41    37.54
55836   55590   13.25   41.51
55840   56295   10.68   88.93
55842   56415   0.00    128.64
55851   56145   11.00   69.51
55851   55830   11.50   21.65
55855   56041   0.00    30.41
55855   55836   5.50    16.42
55863   55879   8.67    4.37
55863   55376   12.29   108.13
55866   56183   11.86   75.67
55873   55434   11.78   123.59
55879   55943   0.00    14.62
55893   55442   3.04    89.43
55894   56240   10.17   58.79
55897   56198   9.20    95.57
55898   56051   7.00    31.02
55898   55659   10.33   68.83
55900   56350   5.19    89.41
55901   55855   8.55    39.33
55901   56052   0.00    24.26
55904   55480   6.00    98.42
55909   56296   11.42   111.16
55914   55656   8.92    48.18
55920   55782   10.00   36.88
55920   55768   14.33   36.15
55921   55577   15.14   76.25
55927   56360   7.25    77.91
55940   55989   0.00    90.54
55943   55980   9.83    7.30
55944   56107   0.00    30.69
55954   56371   9.38    100.90
55955   56396   9.94    88.95
55977   55894   1.00    93.26
55978   55851   3.00    100.02
55980   56445   17.50   120.40
55980   56449   10.86   146.23
55983   55935   0.00    12.25
55984   55743   11.50   76.38
55984   56198   11.50   44.90
55994   55983   0.00    3.14
55994   55677   0.00    73.74
56015   56447   9.00    90.13
56025   55940   0.00    33.97
56025   55842   23.25   60.96
56034   55743   7.08    58.93
56034   55528   11.20   92.22
56039   56482   0.00    94.77
56041   55978   10.00   99.80
56041   56204   0.00    29.45
56043   55989   9.57    34.88
56043   55944   20.00   21.20
56051   55977   11.50   93.24
56051   56109   0.00    13.30
56052   56827   13.38   145.05
56052   56041   3.00    38.83
56066   55920   0.00    32.14
56066   55904   8.67    36.01
56090   56790   7.80    139.76
56090   56369   2.00    68.30
56095   56584   6.50    127.35
56107   56043   1.00    31.97
56109   56416   13.83   69.63
56109   56354   6.50    69.21
56111   55914   5.40    93.42
56115   56241   11.20   75.41
56145   56505   20.00   85.53
56145   56115   3.00    33.53
56164   56224   10.00   111.62
56169   55810   11.44   106.10
56183   56208   10.00   6.33
56184   56164   10.00   36.50
56189   56145   20.00   38.80
56198   56034   7.67    94.49
56204   56184   12.89   37.09
56204   56771   11.50   107.59
56208   56287   3.00    32.31
56208   56066   0.00    37.97
56224   56189   0.00    28.06
56224   56335   0.00    19.17
56225   56862   14.33   139.76
56240   56894   8.00    122.65
56240   56354   8.27    137.84
56241   55921   5.33    75.77
56245   56774   0.00    127.02
56247   56727   7.93    93.98
56247   56240   8.88    83.85
56257   55994   0.00    106.26
56265   55688   7.42    100.56
56283   56241   0.00    9.76
56283   56183   11.00   37.51
56287   56107   7.64    44.58
56287   56593   0.00    61.61
56292   56660   1.00    137.21
56292   56367   15.50   27.58
56293   55525   6.91    135.96
56294   56247   9.20    82.77
56294   57030   10.05   138.98
56295   56294   10.30   3.24
56296   56888   5.33    139.03
56296   55810   7.07    84.05
56296   56619   12.54   108.87
56325   56208   11.50   36.50
56325   56283   0.00    11.73
56333   56111   6.50    93.93
56333   56539   2.00    59.34
56335   56394   11.00   106.87
56335   56497   0.00    44.53
56337   55760   0.00    112.40
56341   56295   9.91    85.81
56341   55893   5.02    89.43
56350   56715   4.44    87.67
56350   56341   5.44    10.18
56354   56607   8.56    84.51
56367   56593   15.25   109.85
56367   56625   8.67    65.40
56369   56683   0.00    70.75
56369   56450   6.50    21.59
56371   56774   12.00   101.91
56376   55914   7.00    88.05
56383   55863   1.00    126.35
56394   56164   0.00    38.58
56396   56350   8.80    88.51
56396   56997   8.79    134.18
56415   56914   0.00    127.92
56416   56639   9.15    73.45
56416   56761   7.25    86.18
56418   56396   8.40    44.91
56419   56025   0.00    76.23
56442   56325   3.00    29.41
56442   56505   10.00   48.15
56445   57001   10.00   123.15
56447   56418   9.70    43.20
56447   56650   20.00   48.31
56449   56891   11.46   146.26
56450   56762   11.50   78.95
56450   56293   7.00    71.77
56482   56923   6.30    115.75
56497   56657   10.50   39.29
56505   56566   3.00    30.07
56510   56376   2.00    83.19
56512   56169   12.11   106.10
56512   55873   11.88   128.26
56518   56721   13.20   39.81
56539   56510   10.00   21.33
56554   56592   0.00    21.10
56554   56944   3.00    102.29
56566   56657   13.25   39.67
56566   56189   10.00   96.76
56570   56394   7.25    37.15
56570   56497   10.10   134.32
56584   56482   8.00    122.45
56588   57028   0.00    105.07
56592   56797   0.00    41.48
56592   56700   0.00    45.30
56593   56983   8.67    70.26
56607   56894   19.57   84.44
56619   56976   11.69   108.87
56620   56293   9.15    79.61
56625   56983   9.80    149.99
56625   56906   20.00   58.96
56639   56354   0.00    70.56
56639   56895   9.09    74.31
56650   56418   6.22    50.96
56650   57243   9.24    131.35
56657   56751   11.50   79.37
56660   57028   0.00    135.71
56683   57229   9.89    131.69
56683   57055   10.00   71.04
56684   56341   4.40    82.46
56684   56715   1.29    7.99
56700   56257   0.00    110.30
56715   57065   4.95    78.48
56715   56997   8.61    83.67
56721   56872   12.71   26.73
56727   57226   9.00    93.99
56751   56757   20.00   79.04
56757   56758   0.00    34.22
56757   56570   0.00    35.45
56758   56184   10.75   108.61
56758   56771   0.00    37.23
56762   57097   6.75    78.94
56766   56265   9.23    100.56
56771   56820   20.00   32.09
56774   56930   20.00   29.84
56790   57487   6.00    140.13
56797   56886   0.00    32.87
56797   56916   0.00    23.35
56805   56442   0.00    101.80
56819   56360   16.60   116.48
56820   56827   0.00    5.01
56827   56872   0.00    32.74
56836   56907   9.38    120.65
56844   56333   11.00   105.97
56861   57390   10.50   111.82
56861   56287   11.59   140.04
56862   57456   10.00   139.24
56868   56510   0.00    77.95
56872   56922   0.00    8.96
56877   56337   0.00    112.91
56887   56721   20.00   97.15
56888   56902   0.00    2.67
56891   56888   0.00    10.50
56894   57226   9.52    106.92
56895   57141   7.07    80.16
56902   56950   0.00    10.63
56906   57426   3.00    112.79
56914   57156   0.00    69.39
56914   57444   0.00    111.79
56922   57120   11.33   39.79
56923   56819   13.25   112.12
56930   57429   13.47   102.37
56944   56360   20.00   116.32
56950   56962   0.00    10.60
56950   57245   10.45   98.76
56962   56891   0.00    15.42
56965   56383   10.00   129.14
56976   57296   11.61   107.58
56976   56512   11.19   87.71
56983   57307   10.56   65.12
56985   57097   10.00   59.98
56985   56620   7.31    79.67
56985   56930   9.70    22.59
56990   56941   0.00    37.96
56990   56820   0.00    31.67
56997   57243   10.38   79.66
57001   57690   20.00   125.60
57015   56990   0.00    4.52
57019   56539   3.00    103.75
57028   57156   0.00    48.11
57030   57065   8.87    9.19
57030   56684   10.33   75.13
57048   56700   0.00    101.23
57055   57581   9.15    104.82
57055   57561   0.00    112.01
57065   57349   4.00    70.24
57084   56922   7.20    100.47
57092   57190   3.00    34.28
57097   57968   9.31    149.73
57098   56639   20.67   108.12
57120   57293   12.67   35.54
57120   57272   11.50   103.27
57135   56868   10.00   76.94
57141   57392   10.69   79.05
57156   57752   0.00    109.95
57162   56906   9.00    116.08
57166   56805   15.00   101.59
57190   57329   0.00    37.52
57190   56907   15.36   84.58
57223   57917   6.67    148.77
57223   56650   9.65    114.13
57226   57482   7.68    47.85
57229   57097   6.17    62.77
57229   58025   10.83   131.23
57238   57028   0.00    76.44
57243   57593   7.43    80.34
57245   57568   10.67   98.76
57293   57489   3.00    37.43
57294   57659   0.00    98.45
57296   57680   12.21   107.58
57304   57065   8.87    79.78
57307   57162   12.00   70.23
57307   57796   0.00    76.65
57311   57349   5.79    10.55
57311   57030   7.96    73.31
57329   57488   20.00   40.32
57329   57166   12.19   112.20
57333   56895   10.75   109.33
57339   56861   11.43   132.68
57345   56944   8.80    90.67
57349   57641   5.50    79.01
57349   57701   0.00    71.75
57362   57048   0.00    100.75
57364   57765   6.50    80.05
57364   56844   2.33    106.27
57366   57190   11.50   48.40
57366   57092   9.20    77.45
57378   56985   10.03   81.05
57388   56962   8.57    104.71
57390   58088   12.69   113.03
57392   57652   8.89    69.43
57392   57943   8.11    109.83
57426   58078   9.00    112.56
57429   58083   6.50    102.74
57430   57366   8.67    44.19
57430   57069   15.75   73.95
57444   58124   0.00    111.83
57456   56877   11.50   114.35
57468   57293   11.20   105.62
57482   57543   0.00    9.75
57487   58404   11.30   141.20
57488   57868   8.67    65.42
57488   57166   10.15   86.86
57489   57430   3.00    35.08
57530   57019   0.00    104.74
57532   57366   10.80   39.19
57532   57329   13.71   49.51
57543   57599   8.57    8.93
57547   56976   8.67    133.78
57547   57662   0.00    19.91
57552   57311   5.75    52.52
57561   58316   10.00   114.40
57568   57547   0.00    18.77
57581   58213   7.25    94.59
57593   57304   8.86    79.93
57593   57967   9.67    69.67
57599   57701   0.00    14.78
57599   57552   7.08    9.79
57600   57532   20.00   26.35
57600   57648   14.33   37.34
57613   57978   19.56   97.60
57616   57141   3.00    109.30
57635   57599   10.75   6.52
57635   57482   3.00    23.83
57641   57967   8.25    79.01
57648   57430   0.00    33.80
57656   57364   0.00    50.19
57656   57530   3.00    62.05
57658   57568   0.00    13.80
57659   58078   8.67    98.48
57662   58166   11.91   133.48
57662   57658   11.50   13.92
57676   57162   0.00    88.97
57680   57456   0.00    34.19
57682   56965   14.33   131.66
57690   58492   12.29   125.62
57701   57775   0.00    9.93
57701   57759   0.00    9.67
57711   57489   10.25   107.72
57718   57532   20.00   38.75
57718   57488   10.22   48.84
57752   58429   0.00    110.51
57759   58136   5.50    79.15
57759   57635   1.00    17.11
57765   57223   10.88   94.09
57765   58374   11.00   119.57
57775   58376   7.71    149.44
57775   57759   8.50    7.93
57796   58284   6.09    76.65
57813   57600   0.00    31.11
57813   57718   3.00    45.26
57823   57981   6.50    26.58
57823   57294   13.67   102.47
57851   57362   0.00    101.99
57851   57345   9.26    90.82
57864   57333   16.67   109.27
57868   57934   12.67   33.10
57868   58665   0.00    125.21
57870   57648   7.33    35.32
57870   57813   11.50   38.13
57877   57851   0.00    6.42
57884   57378   8.53    81.50
57903   57648   8.80    127.07
57917   57593   8.00    79.92
57921   57388   14.00   104.71
57928   57877   0.00    8.70
57934   57718   9.83    46.79
57934   58063   0.00    33.71
57943   58508   9.72    109.83
57945   57581   5.14    75.11
57967   58376   9.59    80.37
57967   58318   7.25    82.31
57968   57884   10.00   63.65
57968   58685   5.33    114.40
57978   58454   7.00    79.29
57981   58026   20.00   36.23
58022   57680   12.80   89.30
58025   57968   10.00   61.67
58025   58925   11.50   141.38
58026   57823   3.00    41.99
58063   58458   0.00    80.65
58063   58694   1.00    97.72
58064   57339   10.92   135.54
58064   57342   0.00    131.71
58074   57530   11.50   89.03
58078   58263   10.80   28.65
58083   58756   10.36   102.74
58088   57978   20.00   33.88
58094   57635   6.46    91.93
58094   58136   8.00    10.17
58112   57870   11.50   128.40
58124   58839   0.00    112.02
58136   58872   10.00   139.73
58136   58449   9.15    76.12
58166   58663   6.00    133.48
58181   57981   8.13    99.68
58194   58064   0.00    31.52
58194   57613   10.30   98.37
58198   58508   9.13    80.46
58198   57616   7.83    109.33
58213   58585   8.63    80.32
58213   58404   10.00   61.52
58224   57658   6.50    104.94
58263   58515   11.20   41.39
58263   57676   0.00    88.97
58284   58088   7.25    68.36
58284   58681   6.62    63.43
58316   57945   4.00    75.13
58318   58776   9.83    84.24
58334   58454   9.80    65.57
58334   58194   6.50    23.26
58351   57921   9.33    108.46
58359   57765   11.00   97.44
58371   58112   14.64   128.55
58374   58776   7.80    77.98
58374   57917   7.00    84.72
58376   58749   7.03    82.87
58376   58795   9.06    80.17
58402   58022   10.55   90.02
58402   59190   11.74   148.09
58404   58489   1.00    27.40
58404   58826   9.80    84.01
58449   58795   9.69    82.86
58449   58887   11.25   80.35
58454   58681   9.07    123.13
58458   59208   8.00    114.66
58458   58958   0.00    116.22
58489   58617   0.00    41.48
58492   59303   9.83    138.72
58497   58572   2.43    80.11
58508   58824   10.23   76.60
58508   58919   8.12    79.16
58513   57656   12.29   139.98
58513   58941   3.00    79.91
58515   59145   7.20    97.64
58515   58817   16.60   121.03
58515   58284   3.63    72.70
58523   57682   7.08    131.63
58523   58492   20.00   24.80
58572   59274   10.33   109.87
58572   58714   7.90    101.99
58585   58983   7.43    80.21
58592   57921   12.90   128.89
58606   57928   20.00   111.97
58617   58074   20.60   88.86
58617   58852   0.00    62.68
58629   58523   13.50   107.28
58663   59190   10.17   133.48
58665   59511   20.00   125.23
58681   59126   7.73    67.56
58685   59451   11.29   114.40
58694   59355   10.00   97.69
58714   58181   7.25    103.51
58739   58316   7.15    88.91
58739   58983   3.00    61.19
58749   59234   7.67    84.78
58753   58334   14.33   65.36
58756   58629   9.00    107.26
58756   59296   0.00    81.67
58774   58351   19.90   108.46
58774   59447   7.37    123.35
58774   58224   11.70   104.95
58776   59234   7.40    87.58
58795   59213   8.18    80.08
58795   59185   8.27    83.56
58817   58026   10.10   131.33
58817   58497   2.60    80.84
58824   58872   9.32    10.57
58824   58094   6.04    139.75
58826   59236   11.00   83.80
58839   58888   0.00    6.40
58845   57884   9.81    147.06
58852   58513   3.00    53.12
58872   59174   9.92    78.73
58872   59277   8.17    79.88
58887   59174   10.89   59.23
58888   59520   0.00    95.26
58892   58374   8.23    86.35
58892   58359   16.92   102.87
58925   58739   6.60    40.55
58941   59433   9.83    90.90
58941   58359   14.33   94.61
58958   59208   15.00   109.69
58983   59236   6.50    61.55
58983   59502   9.13    100.90
58986   58753   6.76    122.32
59054   58617   6.75    88.18
59126   58986   11.95   71.27
59126   59596   10.33   72.27
59145   59713   12.10   96.30
59174   59598   9.26    80.36
59174   59522   8.33    80.01
59185   59684   10.00   85.29
59190   59628   9.56    113.73
59208   59355   0.00    68.04
59213   58887   9.56    81.21
59213   59522   15.00   58.68
59223   58774   13.29   111.77
59227   58606   0.00    109.93
59234   59684   9.20    87.80
59236   59686   4.75    93.20
59236   59507   20.00   65.05
59244   58824   7.35    79.73
59250   58941   5.75    52.61
59251   59227   0.00    16.83
59268   59745   14.33   106.52
59274   59938   11.27   109.89
59296   59817   0.00    81.63
59302   58776   15.30   88.36
59303   60097   11.86   134.08
59303   58592   10.22   128.89
59307   58852   9.43    91.54
59328   58523   11.73   135.55
59355   59511   2.50    73.24
59407   59250   0.00    30.52
59433   58892   10.91   91.15
59433   59812   7.80    76.57
59444   59250   0.00    29.03
59444   59407   0.00    15.23
59447   59942   13.20   121.38
59451   58925   11.60   103.80
59475   59596   7.38    90.15
59476   58986   10.69   119.31
59476   58753   10.86   108.66
59502   59949   7.40    100.86
59504   59268   11.20   103.82
59507   59054   8.80    88.05
59507   59731   5.33    60.51
59511   59476   9.24    76.55
59520   60113   0.00    114.71
59520   59251   0.00    100.63
59522   59826   12.54   82.67
59522   59898   8.43    80.43
59596   59713   9.40    63.73
59596   59922   9.00    59.75
59598   59994   10.25   80.44
59628   60045   9.68    113.64
59643   59223   13.83   111.77
59684   60129   8.17    89.13
59686   60117   8.67    93.09
59713   59938   8.74    121.38
59728   59504   8.67    81.84
59728   60482   11.50   121.84
59731   59978   5.83    66.40
59731   59307   5.00    91.32
59745   60068   7.43    104.72
59747   59234   8.00    88.69
59754   59213   11.29   105.13
59754   59826   10.00   36.26
59786   59817   0.00    23.06
59786   58845   7.23    147.06
59799   59786   0.00    23.79
59799   59451   8.86    76.09
59812   59302   13.25   88.36
59812   60260   9.20    88.63
59817   60425   10.00   94.94
59826   60245   5.71    80.81
59868   59507   4.00    85.20
59886   59475   9.80    93.75
59898   60326   11.17   80.39
59922   60440   11.00   81.07
59938   59974   0.00    5.27
59942   60097   0.00    117.40
59949   59799   6.88    67.27
59949   60577   7.67    94.90
59955   59433   7.86    95.28
59974   59728   8.44    96.99
59974   60342   10.00   56.54
59978   60194   10.00   53.57
59978   59407   12.29   129.19
60045   60550   3.00    101.55
60045   60070   3.00    5.70
60068   60497   3.30    145.36
60070   60248   11.08   46.13
60070   59643   12.43   111.77
60097   60509   6.50    66.02
60097   60102   0.00    3.18
60102   60111   0.00    15.69
60111   60115   0.00    6.47
60113   60699   0.00    113.92
60115   60273   8.84    142.20
60115   59328   11.07   136.14
60117   60703   7.60    90.05
60117   59949   3.00    65.17
60118   59731   13.25   84.57
60118   60384   10.00   67.75
60129   60926   9.57    130.24
60129   59754   7.88    66.85
60130   59922   10.55   96.83
60192   59684   9.83    89.05
60194   59444   0.00    133.31
60194   60529   8.13    81.36
60217   60117   8.17    34.15
60233   60401   12.38   87.37
60233   59504   10.00   119.39
60245   60653   8.00    80.81
60248   60760   9.44    104.80
60248   60434   19.94   51.30
60253   60217   0.00    13.95
60260   59747   8.07    88.69
60260   60715   7.43    88.59
60273   60425   8.83    142.23
60298   59812   8.85    85.07
60301   60253   10.75   19.35
60301   59868   4.67    85.39
60326   60653   8.63    81.90
60342   60130   13.71   96.83
60384   60688   0.00    78.72
60384   59978   10.75   83.38
60401   60560   19.22   87.29
60425   61188   10.91   143.46
60434   60727   7.86    68.86
60434   60841   0.00    82.58
60440   60939   10.00   81.57
60466   60118   6.40    69.17
60466   60301   13.71   65.02
60482   60342   11.92   73.20
60490   60425   8.45    21.20
60490   59786   8.86    109.56
60497   61264   7.40    150.23
60509   60568   9.09    131.09
60509   61186   6.85    119.30
60529   59955   4.75    95.27
60529   60779   12.60   68.00
60550   61011   7.80    101.73
60560   60068   11.50   91.47
60568   60640   10.08   131.11
60577   61156   8.67    94.95
60603   60482   12.38   61.03
60603   60233   6.27    60.59
60640   60727   10.00   131.12
60647   60129   10.22   88.75
60651   60490   1.00    40.85
60651   59799   7.00    133.09
60653   61037   12.00   79.98
60653   60943   10.13   77.95
60680   60954   8.80    75.61
60680   60603   8.67    40.76
60688   60978   8.14    78.72
60699   61333   0.00    115.53
60703   61240   7.00    90.18
60715   60192   7.77    89.05
60715   61133   4.86    88.12
60727   61249   8.59    90.63
60739   61174   20.33   142.66
60739   60746   10.00   25.18
60747   60115   10.75   102.95
60760   61233   7.57    104.74
60779   60298   8.33    84.94
60779   61077   12.30   83.48
60841   61208   9.92    82.41
60863   61140   10.75   79.75
60863   60384   12.00   85.85
60894   60680   13.33   108.73
60926   61756   0.00    131.00
60939   61528   9.29    145.68
60943   61109   10.83   41.34
60943   60535   4.67    83.62
60954   61217   7.80    75.61
60959   60301   0.00    106.33
60978   60529   8.64    83.66
60978   61444   11.47   128.86
61011   61233   13.25   54.77
61011   61360   8.57    68.73
61060   60651   8.67    67.14
61077   61398   8.11    82.87
61077   60260   7.93    146.63
61092   60560   11.29   105.77
61092   60894   10.46   108.73
61109   61620   6.25    80.80
61133   60647   8.50    88.76
61133   61756   8.64    121.90
61138   61420   7.80    78.64
61138   60466   8.57    110.35
61140   61432   9.57    79.89
61153   60939   9.20    109.30
61156   61060   5.33    62.15
61156   61834   10.33   106.71
61186   61899   11.79   119.30
61188   61835   8.67    140.41
61193   61691   13.20   88.32
61193   61060   6.50    23.22
61208   61443   10.22   50.54
61213   60746   6.43    80.47
61217   61497   9.86    52.45
61217   61379   3.00    40.22
61233   61443   10.00   51.33
61233   61578   11.20   70.65
61240   61156   6.50    62.96
61240   61777   9.50    81.04
61249   61832   9.40    90.63
61264   61092   14.94   92.48
61282   61928   10.22   122.22
61282   60490   7.21    144.95
61333   61264   20.76   80.49
61345   60747   9.58    102.95
61354   60943   10.00   80.14
61360   61578   20.00   51.23
61379   61663   6.86    71.83
61379   61153   9.50    109.35
61398   61721   5.33    80.59
61398   60715   9.31    124.05
61410   61444   10.50   30.80
61410   61077   9.25    60.64
61420   60863   11.50   93.46
61420   61917   10.25   126.91
61432   60978   4.46    83.46
61432   61747   10.00   75.91
61437   60739   5.55    115.78
61443   61790   9.50    77.43
61444   61702   10.75   41.48
61467   62297   12.07   131.87
61497   61993   6.86    97.33
61497   61681   12.67   91.63
61528   61663   11.20   61.44
61528   61736   9.47    133.03
61530   61092   10.50   85.66
61578   61808   0.00    88.03
61581   61682   9.78    127.78
61604   61208   7.25    91.24
61620   62054   12.17   85.78
61638   60959   14.71   106.47
61648   62166   10.00   138.50
61648   61410   5.22    40.69
61674   61282   10.07   81.44
61681   61862   10.27   91.71
61682   61646   9.40    5.00
61691   62153   12.60   88.54
61702   61648   20.00   34.06
61702   61410   8.18    46.91
61712   61894   15.29   31.16
61721   62200   10.21   134.65
61721   61133   9.00    100.82
61736   61213   11.50   80.58
61747   62005   12.36   75.91
61754   61138   11.25   94.97
61756   62231   8.11    100.86
61756   62200   13.71   74.16
61777   62272   8.12    81.07
61790   62088   4.67    77.43
61800   61936   20.00   28.56
61800   61193   11.40   93.12
61808   62232   7.82    90.98
61828   61663   8.41    86.77
61832   62069   0.00    46.46
61834   62534   9.27    106.71
61835   62138   20.00   68.96
61835   61990   0.00    100.11
61862   62030   9.55    95.94
61862   62217   11.00   61.87
61886   61832   8.17    8.05
61892   61581   7.88    49.87
61892   62040   12.15   129.31
61894   62260   8.11    60.96
61894   61964   10.06   141.64
61899   62011   10.20   21.97
61899   61940   8.36    122.92
61916   61663   6.50    41.35
61916   61987   10.84   89.33
61917   61432   8.92    82.79
61917   62197   10.00   75.14
61928   62016   0.00    21.38
61932   61345   10.00   102.77
61932   61899   1.00    51.71
61936   62315   10.00   67.63
61940   62019   9.83    122.98
61952   61800   3.00    27.33
61952   61936   0.00    14.94
61967   61530   11.50   85.71
61974   62086   3.00    21.74
61974   61828   8.07    86.77
61987   62075   10.40   89.31
61990   61932   0.00    99.43
61993   61974   10.00   9.59
62001   61420   8.25    93.47
62005   62346   20.00   80.67
62005   61702   12.75   60.24
62011   62036   7.31    39.28
62016   62042   4.40    23.79
62016   62024   11.00   30.88
62019   62048   12.73   17.50
62019   61886   7.00    34.49
62022   62362   0.00    140.09
62024   61674   12.09   81.50
62030   62227   11.82   95.90
62032   61993   10.00   15.70
62036   62276   11.50   37.00
62036   62041   20.00   5.44
62040   61682   14.33   61.25
62041   62458   6.96    75.11
62041   62060   10.53   24.92
62042   62153   8.33    55.34
62042   61928   11.20   21.33
62044   62032   11.50   4.61
62048   62215   12.55   26.30
62048   61886   10.00   28.69
62048   62069   1.00    26.80
62060   61932   13.67   30.80
62060   62138   7.15    123.47
62064   62011   8.62    92.16
62069   62202   10.45   79.61
62075   62160   12.36   58.82
62075   61736   9.92    60.50
62086   62108   13.63   17.80
62086   62032   4.17    37.68
62088   62235   0.00    25.20
62088   62133   0.00    18.01
62108   62194   10.12   59.71
62108   62740   13.63   92.29
62116   62242   8.93    116.23
62123   62064   9.88    85.43
62133   61604   20.00   94.50
62138   62024   8.11    61.14
62138   62602   11.50   99.13
62153   62315   8.75    39.53
62160   61437   14.50   115.38
62160   62297   3.00    50.38
62166   62523   12.44   83.37
62166   61721   8.86    83.13
62173   61967   0.00    31.04
62173   62227   9.02    46.55
62194   62289   12.56   64.34
62197   62526   15.38   75.14
62200   62877   6.80    95.70
62202   62235   8.09    31.62
62202   62133   0.00    10.37
62215   62123   8.67    85.54
62217   62044   9.94    85.40
62219   61967   11.42   48.39
62219   62173   8.67    26.25
62227   62353   10.15   56.62
62232   62022   20.00   139.39
62235   62232   6.56    58.36
62242   62357   10.47   116.08
62250   62464   10.50   130.11
62250   61892   10.88   59.59
62260   62394   11.68   138.94
62260   62676   11.09   61.48
62272   62499   11.50   30.57
62276   62933   0.00    97.84
62289   61916   9.36    59.79
62289   62425   11.30   115.66
62297   62684   10.17   76.75
62297   62891   10.00   84.39
62298   62299   0.00    3.50
62298   62272   10.00   32.21
62299   62302   0.00    14.87
62302   62304   0.00    12.95
62304   61638   3.00    106.43
62304   62352   30.00   60.61
62315   62520   6.40    51.40
62346   62671   11.50   80.67
62352   62636   11.50   76.60
62352   61754   8.73    94.97
62353   62411   7.40    27.94
62357   62215   9.50    116.13
62362   62633   11.36   126.25
62362   62219   8.96    60.83
62382   62362   8.36    11.16
62382   62116   9.21    116.90
62404   61917   11.47   82.47
62404   63038   6.50    149.94
62411   62484   0.00    11.63
62411   62418   22.38   39.20
62418   62217   9.55    86.48
62418   62484   0.00    40.08
62425   62540   10.12   115.66
62458   62957   0.00    76.85
62464   62040   11.29   60.89
62480   62382   11.88   33.64
62484   62353   11.50   34.29
62499   62298   21.90   44.38
62512   62044   10.87   68.79
62512   62812   11.75   136.55
62520   61952   10.44   82.92
62520   62534   9.40    61.91
62523   62877   14.90   83.30
62526   62863   11.50   80.74
62526   62005   8.83    83.24
62534   62499   3.63    64.79
62540   62160   11.25   57.13
62571   62024   10.39   110.52
62602   62060   9.40    99.54
62602   62957   0.00    69.51
62633   63129   0.00    127.95
62636   62921   3.00    56.10
62636   62001   8.73    93.47
62671   63096   3.00    96.63
62671   62166   6.50    84.02
62673   62767   12.67   65.84
62673   62289   10.63   56.69
62676   62956   11.33   38.62
62676   62796   11.75   136.57
62684   62250   11.29   63.55
62684   62879   11.35   130.95
62692   62480   13.17   97.27
62740   63374   9.00    92.29
62767   63171   8.67    59.07
62767   62853   11.50   78.50
62787   62872   0.00    33.44
62812   62484   9.58    74.00
62812   63129   6.40    60.78
62830   62194   20.00   90.95
62853   62945   0.00    78.51
62863   63194   7.20    80.74
62872   62883   0.00    2.79
62879   62956   10.83   60.90
62879   62464   9.18    60.70
62884   62883   0.00    0.83
62891   63445   15.56   84.48
62905   62884   0.00    10.16
62912   62905   0.00    2.48
62921   62404   8.84    81.69
62921   63240   9.36    76.01
62933   62601   0.00    96.09
62934   62912   3.00    10.25
62934   62480   13.08   65.81
62945   62540   13.22   59.20
62956   63109   3.00    21.69
62957   63384   10.23   89.57
62996   63607   0.00    96.40
62996   62064   8.67    145.63
63026   62692   10.71   98.22
63038   62526   9.29    82.21
63038   63369   8.05    80.82
63092   62934   11.50   82.80
63096   63477   5.80    96.58
63101   64037   11.17   139.44
63101   63103   3.00    58.63
63109   63208   10.05   134.65
63109   63489   13.25   59.20
63126   62934   9.85    28.66
63129   63598   0.00    111.57
63149   62602   0.00    79.30
63149   62571   10.27   110.52
63171   63574   11.50   60.26
63171   63336   8.57    139.52
63194   63592   11.92   97.22
63194   62671   8.67    82.33
63240   63562   4.67    76.01
63310   62812   7.17    127.24
63310   62512   16.20   117.45
63336   62945   6.40    63.18
63355   63026   7.52    63.25
63355   63092   5.33    83.75
63369   63706   6.50    80.82
63374   63310   10.43   64.04
63384   63842   0.00    89.99
63405   63250   0.00    87.38
63429   62830   8.50    90.95
63429   63374   11.92   62.26
63445   63536   9.60    65.52
63445   64019   12.64   81.64
63489   63609   9.13    134.36
63489   63923   9.83    61.07
63507   63429   12.71   70.35
63507   62673   6.16    120.82
63536   62684   6.88    125.08
63562   63038   10.80   86.72
63562   64046   9.24    108.17
63573   62872   5.00    112.94
63574   63715   6.43    124.26
63574   63993   10.20   59.20
63592   64014   8.17    97.25
63598   63702   0.00    44.97
63598   63642   0.00    6.76
63607   63405   0.00    87.47
63642   63026   10.26   143.79
63672   63355   0.00    59.53
63702   63821   0.00    100.91
63702   63310   8.25    59.42
63706   63194   8.14    82.94
63706   64088   6.50    92.79
63715   63336   10.27   60.64
63792   63642   9.78    63.95
63803   63149   12.71   125.87
63821   63935   10.50   100.88
63842   64582   16.00   116.29
63842   63607   0.00    105.22
63865   63792   9.14    77.89
63868   63126   9.65    146.39
63868   63672   10.00   39.60
63893   63949   5.33    31.75
63923   64133   11.50   33.11
63923   64025   10.76   131.40
63935   63507   7.13    59.53
63935   63993   1.00    63.34
63949   63103   9.86    125.05
63949   64037   7.80    59.49
63957   63991   0.00    25.91
63957   63536   4.75    58.60
63959   64445   8.75    78.37
63959   63865   7.24    77.89
63986   63959   7.33    29.63
63986   63935   9.40    7.77
63993   64127   11.50   109.16
64017   63986   3.31    32.58
64019   64547   9.00    81.61
64020   63355   2.00    146.37
64020   63642   9.00    68.25
64037   64133   11.50   62.89
64037   64918   11.90   130.58
64046   64257   8.66    54.96
64046   64651   13.82   130.02
64068   63986   6.64    42.49
64068   64017   0.00    9.67
64088   64456   3.00    92.79
64127   63715   10.17   65.33
64127   64547   4.75    109.18
64133   64299   15.00   26.44
64190   64559   9.06    59.05
64190   64127   6.40    8.79
64190   64017   11.71   139.45
64257   63706   10.06   92.06
64257   64586   13.33   88.59
64263   63792   13.20   71.86
64263   64020   4.25    105.99
64286   64295   5.19    93.56
64295   63573   6.43    113.13
64304   64020   13.33   59.74
64304   63672   13.25   145.10
64368   64299   16.41   39.15
64416   64368   9.03    85.05
64419   64967   0.00    76.83
64419   64559   26.67   83.71
64420   63868   40.00   112.15
64445   64862   13.25   59.45
64445   64263   9.20    141.72
64452   64190   10.77   75.60
64464   64068   10.00   60.29
64464   64419   0.00    40.66
64507   64304   3.00    40.95
64507   64916   8.80    89.35
64547   64736   6.50    66.57
64559   65118   1.00    86.43
64568   64507   7.50    10.14
64582   64631   0.00    139.98
64582   65276   3.21    98.05
64586   64934   9.67    88.59
64631   63803   12.33   129.48
64651   65456   12.43   133.35
64690   64304   13.25   144.34
64690   64263   11.50   60.60
64728   65454   10.00   106.55
64728   64452   8.72    75.29
64736   63957   7.58    117.36
64736   64817   20.00   61.46
64817   64918   3.00    59.48
64817   63949   9.80    131.15
64862   65489   6.83    93.50
64862   64690   3.25    132.44
64916   65155   7.17    87.97
64918   65055   13.36   100.53
64967   65476   11.00   76.83
64970   64464   10.00   83.81
64982   64728   9.30    145.96
65055   64368   13.77   102.38
65055   65101   8.24    106.32
65118   65538   0.00    84.23
65155   64690   3.00    66.71
65189   65055   9.91    48.82
65189   64982   9.91    145.86
65193   65189   3.00    8.86
65193   65867   0.00    102.07
65194   65193   11.38   44.29
65276   65419   0.00    24.58
65325   65540   0.00    139.25
65419   66238   0.00    151.98
65460   65793   0.00    140.89
65476   65611   0.00    19.13
65536   64631   11.89   138.65
65538   65611   0.00    29.88
65538   65476   0.00    20.25
65540   65460   0.00    139.18
65543   64970   6.50    85.54
65611   65543   18.43   62.23
65673   65543   6.50    18.93
65793   65189   0.00    117.29
66060   65536   3.00    132.98
66085   65793   0.00    49.60
66223   66085   0.00    19.98
66238   66543   7.00    145.83
66347   66318   0.00    118.03
66347   66223   0.00    19.79
66460   66347   0.00    45.21
37766   37378   0.00    127.17
38110   38557   17.75   122.44
38121   37766   0.00    126.13
38557   38959   14.33   119.57
38959   39180   35.00   115.66
39180   39357   0.00    50.62
39180   39318   0.00    79.02
39275   39357   0.00    126.59
39318   39481   20.00   79.13
39357   39512   0.00    77.88
39445   39302   0.00    46.75
39445   39275   0.00    94.88
39475   39763   0.00    75.23
39481   39654   0.00    105.77
39512   39641   0.00    77.83
39537   39275   0.00    92.86
39584   39340   0.00    84.82
39584   39445   0.00    47.35
39584   39830   0.00    77.88
39608   39719   0.00    36.76
39641   39481   0.00    48.73
39654   39688   14.60   104.01
39688   39981   0.00    77.84
39688   39714   11.50   57.70
39714   39878   10.91   45.95
39714   39739   20.00   97.09
39719   39782   0.00    38.84
39719   39445   0.00    80.10
39739   39759   11.81   97.10
39759   39763   0.00    20.12
39763   39768   0.00    26.23
39765   39584   0.00    63.39
39768   39796   0.00    107.85
39768   39914   0.00    92.35
39779   39877   0.00    140.37
39782   39765   0.00    7.72
39796   39804   0.00    25.91
39804   39836   16.08   78.11
39830   39782   0.00    74.28
39836   39916   10.29   130.82
39877   39759   3.00    32.14
39878   39991   11.23   61.69
39878   40346   12.67   113.63
39916   39985   11.59   100.78
39981   40314   0.00    77.95
39985   40209   11.82   117.34
39990   40202   0.00    52.86
39990   40019   18.33   54.77
39991   40176   20.00   45.60
39991   39990   15.00   43.35
40019   40420   24.33   102.53
40019   40099   13.20   52.54
40038   40090   0.00    46.00
40090   39854   0.00    58.51
40094   39985   13.45   38.02
40099   40171   13.20   78.63
40099   39877   0.00    55.97
40102   39804   0.00    76.62
40108   40209   0.00    88.10
40119   39796   20.00   81.99
40145   39641   50.00   141.72
40164   39916   0.00    63.21
40171   40433   0.00    81.20
40176   40202   0.00    40.70
40176   40377   0.00    48.81
40177   39836   20.00   85.60
40202   40401   0.00    52.68
40209   40461   0.00    88.82
40235   40416   0.00    73.64
40235   40177   0.00    90.83
40265   40290   0.00    34.25
40290   40090   0.00    47.53
40314   40290   0.00    39.85
40345   40235   0.00    33.68
40345   40530   0.00    73.67
40346   40314   0.00    55.65
40346   40665   11.50   81.58
40349   40094   11.50   70.75
40377   40346   0.00    51.87
40401   40377   0.00    34.48
40416   40177   0.00    58.95
40417   40916   0.00    146.20
40417   40094   10.33   115.87
40418   40622   0.00    51.39
40420   40534   0.00    96.84
40424   40108   0.00    91.47
40433   40534   0.00    33.14
40447   40593   0.00    35.41
40456   40349   0.00    57.60
40461   40706   9.00    89.12
40471   40349   0.00    36.87
40478   40924   0.00    118.60
40515   40345   0.00    58.87
40515   40678   0.00    58.70
40530   40416   0.00    38.19
40534   40772   0.00    77.05
40542   40433   0.00    45.81
40591   41012   12.67   134.61
40593   40620   0.00    45.82
40593   40690   0.00    25.17
40606   40471   0.00    41.96
40622   40620   0.00    4.61
40623   40694   0.00    100.65
40623   40648   0.00    107.77
40627   40471   0.00    52.89
40634   40690   3.00    76.36
40634   40145   20.38   140.84
40648   40622   0.00    44.14
40665   40691   11.50   51.28
40665   40694   0.00    8.56
40678   40530   0.00    64.72
40690   40874   0.00    47.82
40691   40715   0.00    48.95
40694   40884   15.00   49.40
40697   40515   0.00    59.09
40697   40854   0.00    57.41
40706   40823   0.00    145.47
40706   40870   0.00    49.82
40715   40772   0.00    69.66
40715   40982   0.00    69.04
40757   40697   0.00    20.56
40772   41006   0.00    82.78
40786   40417   7.67    109.94
40786   40916   10.00   128.12
40797   40691   10.50   26.63
40802   40874   0.00    100.29
40808   41010   0.00    70.92
40821   40884   0.00    102.56
40823   40927   0.00    145.29
40854   40678   0.00    61.03
40870   41278   11.50   123.88
40874   41063   0.00    49.46
40884   41078   9.80    53.77
40912   40786   15.00   37.41
40916   40927   0.00    3.78
40924   41012   10.00   57.81
40924   41311   3.00    97.88
40927   41335   0.00    102.52
40946   41041   3.00    29.40
40957   40982   0.00    38.20
40970   41063   20.00   119.10
40982   41006   0.00    24.13
41000   40912   14.33   75.70
41006   41192   0.00    56.09
41007   41078   0.00    87.24
41010   40854   0.00    52.53
41012   41554   10.21   138.71
41012   41278   10.85   72.62
41041   41273   10.31   67.85
41041   41206   12.18   141.66
41054   41000   0.00    42.84
41063   41105   0.00    59.75
41063   41279   0.00    50.89
41065   41010   0.00    16.89
41078   41101   0.00    6.82
41101   41192   8.60    115.61
41101   41270   11.50   44.41
41112   41054   0.00    35.88
41112   41186   0.00    43.79
41157   41445   0.00    94.80
41157   41210   9.00    64.10
41176   41279   0.00    140.85
41186   41054   0.00    30.84
41186   41405   11.50   51.14
41186   41000   13.20   55.63
41192   41371   0.00    56.62
41206   41335   10.00   102.90
41209   41270   0.00    95.61
41210   41257   15.75   33.31
41257   41302   4.25    48.04
41270   41297   0.00    5.24
41273   41383   9.70    82.02
41273   41534   53.25   70.24
41278   41745   12.91   104.39
41278   41534   9.81    78.38
41279   41386   0.00    125.27
41279   41567   0.00    64.42
41297   41489   9.31    49.78
41297   41371   6.50    100.67
41302   41700   1.00    85.56
41302   41319   8.67    37.99
41311   41753   3.00    97.61
41319   41360   8.91    47.42
41335   41358   10.06   12.90
41358   41496   11.50   113.23
41358   41725   10.33   85.97
41360   41403   8.57    47.74
41360   41637   5.33    60.64
41371   41549   0.00    60.65
41383   41482   10.65   81.99
41386   41489   0.00    125.26
41403   41423   2.00    48.04
41405   41664   4.67    58.34
41421   41065   13.33   113.63
41423   41453   5.33    47.81
41429   41157   8.62    137.14
41445   41827   0.00    96.28
41453   41497   9.92    49.09
41457   41210   10.20   118.80
41482   41206   0.00    66.34
41482   41608   13.07   87.20
41489   41768   10.86   56.14
41496   41664   11.82   113.23
41497   41533   11.50   48.56
41516   41405   0.00    89.80
41533   41567   5.44    41.76
41534   41825   9.80    64.57
41534   41689   12.41   113.35
41545   41549   0.00    15.70
41545   42093   7.50    124.53
41549   41489   10.50   78.06
41549   42133   8.60    139.01
41554   42154   12.44   140.03
41567   41570   20.00   6.81
41570   41628   10.48   73.15
41608   41725   10.10   87.19
41628   41717   9.81    112.77
41637   41671   0.00    38.54
41637   42054   3.00    103.56
41648   41257   11.00   85.01
41648   41700   0.00    49.89
41664   41705   11.41   32.13
41671   41403   0.00    58.43
41689   41824   13.63   113.41
41700   41729   0.00    37.88
41700   41834   0.00    34.07
41705   41819   10.17   97.82
41717   41768   12.55   66.43
41725   41836   12.32   94.63
41725   42061   11.56   88.26
41729   41319   0.00    87.51
41735   41780   0.00    54.60
41735   41671   11.50   15.30
41745   42169   10.25   104.66
41753   41687   8.27    23.52
41765   41856   3.00    24.43
41768   42095   9.13    81.60
41780   41423   8.17    73.59
41805   41729   0.00    16.76
41816   41648   0.00    67.73
41819   41941   9.83    97.86
41824   42089   10.00   65.13
41824   41937   10.88   96.60
41825   42181   13.20   85.87
41827   42235   0.00    103.37
41834   42216   0.00    93.62
41836   42003   12.83   133.99
41847   41497   2.00    75.66
41856   41847   0.00    14.72
41887   41856   10.00   33.11
41887   41533   0.00    76.35
41894   42183   15.75   87.69
41894   41825   14.33   56.58
41896   41780   0.00    30.87
41896   41936   0.00    55.97
41907   42035   0.00    31.85
41911   41987   12.11   132.18
41911   41628   9.00    61.65
41936   41453   7.25    105.30
41937   42061   13.71   96.68
41941   41421   16.10   117.62
41941   42192   10.25   61.54
41941   42045   10.14   90.05
41964   41429   8.67    140.92
41971   41827   16.67   149.61
41987   41717   7.57    64.18
42003   42128   12.39   113.39
42003   41705   5.33    69.25
42005   41894   10.41   92.45
42005   42299   12.09   116.90
42028   41887   0.00    33.96
42035   42028   0.00    15.52
42042   42035   0.00    32.68
42042   41570   9.75    108.61
42045   42157   11.25   90.05
42054   42322   15.75   68.28
42061   42342   11.63   73.18
42086   42054   0.00    47.49
42086   41735   0.00    84.75
42089   42005   8.23    76.12
42093   42157   10.50   60.69
42095   42175   10.89   69.86
42095   42345   7.73    62.60
42127   42086   0.00    48.66
42127   41896   3.00    55.41
42128   42192   12.15   56.33
42133   42093   22.20   35.88
42133   42175   10.00   8.20
42154   42672   12.30   141.92
42166   42242   10.76   145.44
42166   41911   12.43   60.94
42169   42154   11.38   66.09
42169   42227   20.00   18.15
42175   42429   6.00    85.66
42180   41834   9.83    110.21
42181   42169   7.25    63.28
42183   42181   11.50   23.19
42183   42483   18.33   85.79
42190   41836   7.75    98.95
42190   42533   8.27    98.06
42192   42296   10.88   91.08
42210   42089   11.35   110.11
42227   42483   12.71   66.44
42227   42755   12.91   141.75
42235   42696   0.00    112.37
42242   41987   10.39   63.55
42251   42190   10.50   63.89
42251   42530   13.94   79.05
42253   42290   3.00    56.02
42253   41847   11.50   100.36
42272   42441   11.32   121.91
42272   42089   8.13    71.88
42285   42242   11.50   9.51
42290   42028   0.00    65.94
42296   42404   13.44   91.08
42299   42715   12.92   119.22
42304   42290   0.00    3.63
42304   42448   0.00    42.36
42306   42235   0.00    82.43
42322   42395   0.00    16.71
42324   42251   11.78   63.93
42324   42518   13.20   52.80
42342   42587   11.12   65.38
42342   42210   10.70   110.16
42345   42612   9.06    60.86
42345   42285   3.00    66.31
42349   42272   11.20   37.02
42349   42565   10.73   59.26
42356   42086   20.00   67.39
42356   42322   10.00   47.56
42356   42381   0.00    7.47
42357   42288   0.00    107.80
42379   42324   12.27   43.70
42379   42128   3.00    66.07
42381   42625   10.33   54.09
42385   42127   3.00    66.36
42385   42356   8.67    51.51
42395   42381   0.00    48.38
42395   42437   11.50   7.38
42396   42502   8.21    140.73
42396   42166   14.60   59.48
42404   42157   11.20   64.39
42404   42429   0.00    35.66
42424   42379   11.50   33.51
42429   42345   15.00   130.14
42429   42838   12.79   98.31
42430   41936   14.33   120.35
42430   42385   6.14    48.72
42431   42304   0.00    31.35
42436   42742   9.83    72.11
42436   42438   0.00    47.55
42437   42436   3.00    47.60
42437   42747   6.50    72.68
42438   42754   9.00    119.38
42438   42746   8.67    73.79
42441   42587   12.52   121.53
42448   42431   0.00    23.10
42461   42385   5.20    14.43
42462   42253   20.00   47.87
42462   42430   11.00   46.82
42474   42448   0.00    26.24
42474   42646   0.00    41.07
42479   42424   11.20   33.93
42483   42715   11.29   66.50
42483   42926   10.08   118.56
42487   42042   13.71   104.50
42487   42474   0.00    23.78
42502   42285   9.53    51.48
42518   42674   20.00   34.86
42518   42660   12.71   35.60
42528   42396   10.33   31.09
42528   42515   12.44   26.75
42530   42832   13.22   79.05
42533   42897   9.41    98.10
42564   42306   11.50   60.37
42565   42788   10.25   60.43
42565   42695   9.53    101.15
42581   42798   6.00    84.99
42587   42828   12.55   67.26
42598   42796   10.29   126.65
42598   42479   12.17   102.37
42612   42860   9.56    59.81
42643   42646   20.00   33.86
42646   42663   11.50   22.10
42648   42795   11.17   129.03
42660   43070   12.88   110.12
42661   42349   12.56   89.57
42663   42487   13.20   41.95
42663   42868   10.58   87.67
42665   42643   6.50    14.90
42665   42431   10.29   53.47
42672   43234   10.69   144.10
42674   42798   10.25   28.15
42674   42660   20.00   24.44
42677   42404   6.20    66.49
42677   42598   12.67   63.70
42695   42828   10.73   101.10
42696   43113   3.00    111.23
42714   42612   9.00    87.94
42715   43090   8.09    95.29
42715   42957   11.29   67.42
42733   42665   9.38    39.65
42733   42462   0.00    68.85
42742   42747   5.57    48.65
42746   42742   11.50   57.40
42747   42854   10.75   24.25
42748   42795   0.00    9.87
42748   42746   0.00    3.97
42754   42748   3.00    40.11
42755   43298   11.56   143.93
42788   42999   9.89    63.58
42788   42904   12.29   101.34
42795   42854   11.50   110.90
42796   43095   11.76   128.65
42798   43095   8.67    73.80
42803   42357   14.33   114.60
42814   42992   10.85   129.29
42814   42677   15.14   33.27
42828   42859   4.75    32.10
42828   43034   9.81    58.78
42832   42991   3.00    42.17
42832   42960   11.50   40.91
42838   42714   11.23   87.93
42838   43094   13.21   67.39
42846   42733   10.35   42.42
42854   43160   11.21   75.87
42855   42502   11.59   89.37
42855   42528   9.05    134.84
42855   43065   7.25    65.06
42859   43315   10.26   119.20
42859   42897   10.80   37.74
42860   43046   7.56    46.71
42867   43158   0.00    74.31
42867   42846   0.00    12.78
42868   43065   9.80    87.75
42897   42922   20.00   24.71
42904   43034   12.48   101.38
42922   42960   14.33   36.23
42922   43273   15.28   92.83
42926   43367   13.23   119.76
42945   42867   11.50   52.06
42945   43197   0.00    72.51
42957   42661   12.25   89.98
42957   43001   11.50   12.34
42960   42991   15.75   26.72
42962   42643   3.00    133.28
42973   42846   8.78    66.57
42979   42860   10.60   105.30
42991   43496   13.46   129.61
42991   43070   12.92   65.16
42992   43266   9.75    131.26
42999   43271   12.81   75.72
43001   43271   10.50   82.83
43001   43515   12.28   137.24
43026   43305   8.82    89.13
43026   42999   13.25   8.10
43034   43468   8.95    115.95
43034   43227   10.78   62.99
43042   43094   12.67   40.44
43042   42814   20.00   56.70
43046   43096   4.14    14.20
43046   42855   8.13    81.46
43048   43155   0.00    119.10
43065   43309   12.74   115.86
43070   43597   13.23   134.22
43088   42945   10.50   92.68
43088   43364   0.00    76.75
43090   43440   14.65   95.53
43094   42979   13.21   105.22
43094   43376   12.00   78.75
43095   43379   10.50   76.29
43096   43247   10.81   136.94
43096   43309   6.50    58.74
43105   43425   0.00    84.06
43105   42973   9.80    63.38
43113   43155   0.00    10.63
43113   42803   0.00    111.69
43129   43026   7.92    98.37
43146   43245   12.53   93.88
43146   43042   0.00    26.71
43152   43160   7.25    127.41
43155   43325   11.50   51.26
43157   43152   0.00    127.42
43158   43197   0.00    44.65
43158   43290   0.00    39.24
43160   43105   20.00   54.47
43164   43372   14.33   57.93
43164   43088   12.11   58.66
43197   43346   0.00    107.20
43197   43359   0.00    49.95
43219   43217   0.00    17.14
43225   43219   11.50   27.33
43227   43129   10.29   98.53
43227   43300   4.83    23.97
43234   43225   11.25   26.86
43245   43465   10.40   95.78
43247   43469   11.36   60.01
43247   43376   10.67   114.03
43266   43465   12.00   63.91
43266   43379   9.40    43.58
43271   43605   11.50   93.27
43271   43592   13.05   80.71
43273   43655   14.00   92.74
43290   43810   0.00    122.16
43293   43290   0.00    27.79
43295   42973   0.00    84.38
43295   43293   0.00    24.28
43298   43234   15.24   69.54
43300   43430   9.80    36.80
43305   43345   9.36    49.88
43305   43551   11.20   68.00
43309   43469   10.35   128.80
43309   43610   6.63    76.71
43315   43820   17.25   119.10
43325   43157   10.42   128.76
43345   43430   13.21   67.55
43345   43551   11.67   49.01
43346   43364   0.00    15.65
43359   43744   0.00    89.48
43359   43346   0.00    51.89
43364   43739   0.00    86.11
43367   43628   13.43   64.23
43367   43298   13.67   64.08
43372   43653   11.92   67.66
43376   43659   14.12   70.89
43377   43164   8.71    118.47
43379   43597   10.08   81.94
43418   43603   11.57   93.52
43418   43146   13.64   77.49
43425   43777   0.00    84.05
43430   43567   9.83    31.71
43434   43467   0.00    90.21
43434   43907   0.00    142.73
43440   43367   11.50   61.56
43465   43645   10.82   68.69
43466   43628   12.26   139.44
43467   43625   0.00    91.19
43468   43974   10.96   115.96
43469   43572   11.54   75.92
43470   43434   0.00    76.35
43479   43293   0.00    44.75
43496   43805   16.00   70.84
43496   43655   13.00   65.14
43514   43325   0.00    99.48
43515   43440   13.14   63.70
43551   43894   12.53   82.43
43567   44115   8.95    127.01
43572   43659   12.40   75.86
43586   43300   9.08    68.50
43592   43865   8.50    65.31
43592   43515   12.29   59.26
43597   43805   11.25   75.38
43603   43862   9.80    94.67
43605   44149   11.50   126.16
43605   43894   9.86    77.04
43610   43377   13.90   118.18
43610   44052   11.22   99.56
43612   43719   0.00    29.72
43625   43973   0.00    109.36
43628   43779   11.36   120.97
43645   43906   11.76   89.08
43645   43862   8.67    64.29
43653   43964   10.67   68.92
43653   43872   12.44   86.07
43655   43820   9.43    66.97
43659   43730   8.67    14.15
43673   43470   0.00    78.96
43708   43372   11.75   139.72
43719   43673   0.00    19.66
43729   44092   11.82   98.92
43729   43610   8.67    81.81
43730   43745   11.50   40.52
43730   43984   11.94   60.22
43739   44128   0.00    86.73
43744   43739   0.00    35.59
43745   43418   10.29   76.28
43745   44037   10.93   124.51
43777   43784   0.00    9.50
43779   43868   13.71   53.63
43779   43865   10.56   60.82
43784   43800   0.00    31.21
43790   43777   0.00    48.49
43800   43295   0.00    121.41
43802   43990   0.00    42.73
43802   43800   0.00    10.34
43805   44163   11.95   141.58
43805   44154   13.63   76.29
43810   43802   0.00    69.65
43820   43974   11.55   67.22
43824   43719   0.00    28.03
43835   43744   0.00    75.96
43835   43810   0.00    6.29
43845   43729   11.43   98.08
43862   44235   11.23   124.42
43862   44037   0.00    49.54
43865   44025   14.33   35.28
43868   43981   10.57   84.49
43872   44101   11.82   86.11
43890   43829   0.00    15.70
43894   44420   10.48   122.34
43904   43673   0.00    58.53
43906   44154   12.50   88.78
43907   43625   0.00    140.93
43917   44460   20.00   129.59
43917   43888   12.95   26.29
43927   43784   0.00    30.71
43932   43991   0.00    17.76
43964   44312   8.10    80.86
43973   44297   0.00    109.88
43974   44169   10.08   77.34
43981   43997   6.40    63.10
43981   43628   3.00    81.35
43984   44102   20.00   25.30
43984   43845   10.05   98.10
43990   43835   0.00    71.46
43991   43890   0.00    38.19
43991   44072   0.00    21.52
43997   44522   12.11   129.43
43997   43917   10.22   61.88
44025   44070   14.33   8.83
44025   44142   10.46   87.76
44037   44330   12.71   124.92
44050   43904   0.00    43.64
44050   43890   0.00    42.99
44052   43708   9.41    139.59
44052   44247   4.63    42.99
44062   43904   0.00    95.72
44062   43990   0.00    81.84
44062   43790   0.00    65.29
44070   44149   12.33   66.98
44070   44290   10.31   50.72
44072   44161   0.00    26.13
44072   44188   0.00    38.44
44092   44230   14.56   94.35
44101   44313   11.00   59.56
44101   44372   11.21   127.46
44102   44298   12.46   48.28
44115   44620   9.08    127.69
44128   44456   0.00    85.68
44142   44293   8.11    122.91
44142   43868   0.00    62.02
44149   44689   12.96   136.28
44154   44495   11.50   84.81
44154   44466   12.56   142.34
44159   44050   0.00    35.82
44161   44050   0.00    34.16
44163   44478   11.07   141.52
44169   43586   12.44   129.12
44188   44259   0.00    42.94
44188   44036   0.00    44.59
44188   44289   0.00    36.49
44209   44337   0.00    38.33
44230   44298   9.44    72.43
44235   44371   10.93   62.95
44237   44337   0.00    78.49
44247   44365   6.52    112.97
44247   44372   8.57    34.08
44252   44650   12.50   106.69
44252   44102   12.00   87.60
44259   44153   0.00    31.66
44259   44326   0.00    37.31
44289   44161   0.00    37.12
44290   44654   11.45   94.06
44290   44369   1.00    69.14
44293   43981   12.92   72.31
44313   43964   9.19    142.30
44325   44289   0.00    9.09
44325   44159   0.00    86.26
44325   44490   0.00    107.84
44326   44347   0.00    19.00
44330   44371   0.00    74.66
44330   44700   8.00    134.53
44337   44530   0.00    56.55
44365   44744   10.38   118.65
44369   44547   10.10   135.59
44369   44621   7.25    65.43
44369   44142   0.00    59.15
44371   44495   16.67   58.54
44372   44679   12.19   79.73
44391   44588   8.67    60.07
44391   44313   5.33    37.67
44420   44909   11.50   122.52
44456   44681   0.00    62.11
44460   44936   12.00   126.20
44460   44522   0.00    62.81
44466   44755   10.84   142.39
44474   44252   7.57    99.49
44478   44169   12.90   76.49
44478   44620   12.59   79.28
44490   44657   0.00    107.96
44495   44684   13.44   97.45
44495   44757   12.71   75.11
44522   44973   12.48   116.32
44522   44590   0.00    60.20
44527   44293   13.78   63.33
44530   44456   0.00    91.34
44547   44527   8.50    25.88
44553   44657   0.00    32.86
44555   44762   11.00   90.70
44555   44312   12.71   64.61
44588   44312   11.52   131.83
44590   44527   11.50   16.02
44620   45158   9.17    124.77
44621   44861   0.00    61.04
44621   44547   11.54   134.48
44629   44881   20.00   101.82
44650   45090   11.32   106.68
44654   44621   11.29   61.77
44657   44776   0.00    80.20
44667   44669   3.00    3.60
44669   44736   11.85   16.13
44669   44555   9.64    61.94
44670   44667   10.68   17.26
44672   44230   12.89   120.43
44679   44391   13.00   141.29
44679   44746   7.80    14.19
44680   44530   0.00    52.67
44681   44670   9.93    14.13
44684   44914   14.19   97.63
44689   44654   12.69   65.06
44700   44809   9.50    49.70
44700   44891   2.50    71.34
44736   44947   12.27   92.46
44736   45038   8.00    81.41
44744   44672   13.20   60.31
44744   45183   11.39   107.74
44746   44837   9.94    70.51
44746   44993   9.18    59.67
44755   44478   10.94   71.23
44759   44590   10.00   44.56
44762   44976   7.40    90.61
44809   44903   11.45   40.04
44816   44759   13.23   85.42
44837   44588   10.65   108.62
44837   44976   9.13    64.26
44840   44298   13.20   144.07
44861   44816   19.14   85.42
44861   45137   13.20   60.24
44881   44681   12.10   57.68
44891   44927   20.00   8.41
44891   44474   14.33   144.70
44891   44996   13.63   65.06
44903   45085   10.85   76.32
44909   44689   7.86    78.32
44909   45001   0.00    20.20
44914   45098   13.13   75.72
44919   44840   11.50   61.81
44919   44672   12.15   59.47
44927   45330   16.00   99.33
44927   45292   7.67    102.02
44934   44861   14.33   95.20
44936   44886   12.24   65.48
44936   45041   9.00    24.87
44947   45173   10.08   92.67
44973   44936   10.88   66.11
44976   45188   13.52   61.82
44976   45173   8.11    60.90
44993   45381   10.11   90.83
44993   45188   10.29   102.81
44996   44474   9.67    134.16
44996   45090   12.80   64.77
45001   44934   11.07   95.21
45001   45234   13.82   58.81
45003   44670   18.50   77.67
45015   44759   13.39   62.79
45015   44973   10.85   59.64
45036   44993   5.33    88.40
45038   45581   5.50    125.60
45038   45538   8.42    136.43
45041   45136   11.00   21.27
45071   45015   19.33   89.24
45085   45227   11.56   76.03
45090   45575   12.00   117.16
45090   45191   0.00    64.66
45098   44755   13.50   78.21
45098   45238   10.05   83.81
45136   45193   3.00    15.74
45137   45071   9.80    89.24
45158   44909   8.67    85.21
45158   45238   15.69   24.29
45165   45161   0.00    18.26
45173   45538   9.89    91.78
45183   45036   13.20   89.40
45184   45137   9.00    84.77
45188   45647   11.44   127.23
45191   44840   11.90   84.40
45193   45165   11.93   66.47
45193   45796   13.00   143.57
45222   45184   14.33   84.76
45227   44914   11.60   76.69
45228   45222   20.00   11.70
45233   45193   15.75   62.49
45233   45851   11.14   146.87
45234   45278   0.00    8.43
45234   45228   7.83    9.52
45238   45821   9.30    140.51
45277   45233   12.24   61.22
45277   45703   11.96   100.11
45278   45629   13.90   84.21
45278   45290   11.50   9.66
45290   45304   0.00    9.35
45292   45694   13.63   102.40
45304   45471   8.82    106.67
45321   45277   11.50   63.75
45321   45585   14.33   59.53
45323   45003   0.00    77.66
45330   45760   13.75   99.31
45352   45166   20.00   55.63
45352   45561   0.00    67.59
45381   45746   13.42   128.62
45392   45321   8.80    103.61
45405   45609   0.00    55.82
45405   44881   16.71   121.68
45412   44996   11.88   102.39
45463   45561   20.00   29.80
45471   45654   14.67   115.80
45471   45392   15.11   103.66
45477   45381   9.32    98.12
45489   45191   11.35   71.17
45489   45590   8.47    64.10
45500   45636   12.80   110.42
45500   45381   11.80   26.77
45507   45183   9.57    109.19
45507   44919   10.09   140.53
45538   45647   19.69   56.66
45561   45580   0.00    4.02
45574   45770   0.00    53.88
45575   46063   14.00   117.19
45581   45959   6.50    92.94
45585   45823   12.71   59.86
45590   45789   9.81    95.14
45590   46027   10.71   115.78
45590   45507   9.38    20.20
45600   45534   0.00    99.77
45609   45463   5.50    54.16
45629   45936   13.13   78.77
45629   45785   11.58   113.86
45636   46019   0.00    114.74
45642   46122   0.00    111.82
45647   45746   11.70   87.26
45647   45926   7.80    67.59
45648   45352   0.00    103.23
45652   45682   0.00    12.92
45652   45574   0.00    26.90
45654   45585   12.40   115.02
45668   45098   11.18   133.63
45680   45609   14.33   20.84
45680   45580   15.00   110.57
45682   45803   10.00   38.13
45682   45840   4.67    64.79
45690   45227   12.86   103.84
45694   45760   13.20   52.31
45694   46164   10.55   113.06
45703   46121   14.71   100.10
45705   45600   0.00    26.90
45725   45500   7.31    52.17
45746   45912   14.13   41.18
45760   46275   10.25   118.08
45760   45842   12.00   62.62
45781   46192   3.00    106.62
45785   45897   12.83   113.70
45789   45477   12.40   101.39
45796   46428   11.85   143.57
45803   45852   0.00    15.06
45803   45978   0.00    66.06
45819   45489   9.57    80.30
45821   46054   9.64    55.86
45821   45936   9.05    90.41
45822   45972   0.00    58.53
45823   46090   12.38   61.81
45828   45705   0.00    31.22
45840   45923   16.67   38.32
45840   45978   5.50    37.68
45842   45412   9.44    102.41
45842   46063   12.69   70.66
45851   46516   11.23   146.89
45852   45770   6.50    37.50
45897   45823   10.67   113.19
45912   46458   5.10    118.61
45923   45934   3.00    5.46
45926   46417   7.12    100.96
45926   45581   12.41   148.18
45929   46117   5.00    78.31
45933   45912   0.00    28.00
45933   45500   3.00    134.74
45934   45405   9.40    121.43
45936   46100   11.25   109.58
45941   46298   3.00    116.34
45941   46081   0.00    38.11
45954   46228   15.00   60.24
45959   46349   10.83   92.38
45978   46032   0.00    15.50
46006   45852   6.50    55.64
46019   46504   3.00    116.20
46027   46514   10.77   115.80
46032   46006   20.00   10.05
46040   45882   0.00    58.53
46054   46187   11.93   63.72
46054   46144   8.98    19.91
46063   46682   12.78   135.09
46063   46171   8.44    65.31
46081   46260   6.50    62.24
46081   46215   10.33   34.43
46089   45828   10.00   60.51
46090   46376   13.05   60.50
46091   45690   13.53   102.53
46100   46176   11.31   109.11
46106   46168   0.00    58.04
46117   46228   14.45   76.71
46121   46593   13.45   100.11
46134   45923   20.00   57.17
46134   46032   0.00    37.37
46140   45770   0.00    126.90
46140   46006   0.00    37.20
46143   45941   15.00   74.83
46144   46353   9.41    135.81
46144   46508   10.12   80.94
46164   46683   9.53    113.50
46165   46257   13.33   19.74
46168   46368   0.00    42.29
46168   46427   0.00    85.14
46171   45819   13.24   80.30
46176   46090   12.00   108.85
46187   46091   11.42   98.63
46187   45668   12.39   132.16
46188   46134   3.00    16.37
46192   46434   8.13    53.22
46192   46668   7.33    118.95
46201   46650   7.57    105.86
46202   46272   3.00    28.03
46202   45908   3.00    65.87
46215   46415   0.00    60.72
46228   46522   16.67   63.32
46228   46369   13.33   103.74
46239   46385   0.00    56.14
46257   46746   8.83    103.63
46260   46305   0.00    14.08
46272   46304   0.00    15.50
46272   45946   0.00    78.10
46275   46830   9.67    118.07
46298   46596   3.00    78.06
46298   46420   0.00    39.46
46304   47007   3.00    145.60
46305   46465   3.00    57.28
46305   46143   0.00    39.67
46349   46860   15.43   104.12
46353   46472   13.41   135.33
46354   46304   20.00   44.54
46354   47081   9.44    148.14
46359   45789   5.79    141.67
46363   46140   3.00    75.46
46368   46400   0.00    5.44
46369   46089   3.00    60.12
46376   46660   15.74   64.00
46377   45879   2.00    106.06
46390   45988   12.38   112.85
46397   46143   7.00    81.56
46400   46354   1.00    23.89
46404   46578   7.50    99.67
46415   46260   0.00    37.21
46415   46611   1.00    71.23
46417   46864   8.67    99.57
46420   46532   0.00    38.58
46420   46714   0.00    78.13
46422   46291   0.00    55.59
46427   46544   0.00    25.08
46428   46751   10.60   69.60
46434   46349   11.00   37.65
46446   45842   12.00   134.40
46447   46508   10.95   91.19
46458   47024   12.14   117.78
46461   46171   12.44   63.72
46465   46545   20.00   25.20
46472   46376   9.89    134.96
46494   45933   12.67   121.85
46495   46597   7.25    82.62
46495   46067   5.70    91.65
46504   47031   1.00    116.06
46508   46841   10.49   68.88
46508   46680   10.21   115.41
46514   46461   20.00   20.90
46514   46694   13.71   45.08
46515   46400   0.00    32.89
46515   46544   0.00    19.56
46516   46428   13.89   63.22
46522   46555   0.00    7.52
46532   46548   0.00    5.44
46532   46415   0.00    33.81
46544   46575   3.00    22.67
46545   46583   0.00    10.56
46545   46397   0.00    39.00
46548   46635   0.00    33.47
46550   46873   0.00    64.69
46550   46469   0.00    21.01
46568   46202   19.00   76.31
46578   46817   3.00    100.30
46579   46447   12.75   91.85
46579   46737   10.00   99.13
46583   46674   3.00    36.10
46588   46665   6.43    70.23
46593   46516   9.07    59.12
46596   46714   0.00    41.34
46597   46639   0.00    42.26
46597   46013   3.63    124.84
46601   45934   8.44    140.57
46601   46397   0.00    78.39
46611   46465   20.00   36.21
46616   46404   9.71    99.58
46635   46750   0.00    36.62
46639   45986   3.00    142.39
46650   47213   9.55    107.53
46652   46601   3.00    12.50
46658   46748   0.00    23.26
46660   46593   9.54    63.17
46665   46369   12.90   65.52
46665   46679   6.82    9.06
46666   46599   0.00    28.15
46667   46611   3.00    16.47
46668   47318   8.45    121.80
46674   46769   7.25    30.82
46679   47013   13.20   65.38
46679   46751   10.00   54.50
46680   46867   8.73    115.35
46682   47381   14.71   135.11
46683   46830   11.00   61.68
46683   46903   10.86   61.09
46688   46237   12.67   114.70
46690   46661   0.00    90.17
46690   46495   11.00   40.17
46693   46652   0.00    11.62
46693   46769   3.00    20.74
46694   46461   11.42   48.12
46710   46690   3.00    5.67
46714   46876   0.00    41.50
46737   46937   16.67   99.01
46746   47114   8.54    69.89
46746   46616   0.00    91.00
46748   46881   20.00   36.72
46750   46868   11.00   32.02
46751   47108   10.28   69.73
46769   47009   0.00    56.02
46772   46660   16.67   84.82
46773   46782   0.00    8.04
46773   46873   0.00    67.53
46782   46575   10.50   79.25
46782   47501   8.83    139.84
46788   46667   3.00    35.79
46788   46583   11.50   53.83
46792   46548   3.00    62.68
46803   46390   11.20   113.07
46803   47439   4.40    126.46
46804   47088   11.92   139.48
46817   47207   20.00   102.88
46828   46639   6.50    35.14
46830   47103   12.71   73.76
46833   46751   9.10    52.65
46841   46975   10.11   35.42
46842   46579   8.50    58.27
46842   47086   10.56   111.27
46847   46666   0.00    39.37
46848   46746   7.80    89.75
46860   46989   13.20   28.96
46864   47363   11.50   99.92
46867   47219   3.00    69.72
46867   46772   11.53   84.68
46868   46788   0.00    16.65
46868   46887   7.67    4.73
46870   46949   10.22   103.63
46870   46434   8.45    102.30
46873   47263   3.00    75.94
46876   46792   0.00    17.15
46887   46992   6.50    35.96
46895   46377   3.00    106.05
46895   46828   3.00    41.28
46898   46963   1.00    38.26
46898   46666   0.00    71.59
46902   46895   20.00   3.28
46903   47087   13.85   56.66
46903   46997   18.00   41.06
46910   46842   0.00    12.17
46914   46828   1.00    15.25
46914   46710   11.29   118.23
46917   46788   0.00    35.49
46917   46674   10.80   53.51
46933   46792   3.00    36.41
46933   46635   6.50    63.52
46949   46989   0.00    28.20
46949   46860   0.00    19.77
46952   47263   0.00    140.25
46953   46902   0.00    35.06
46953   46568   8.67    76.21
46962   46876   0.00    20.17
46963   47023   0.00    13.49
46967   47471   0.00    98.52
46967   46953   30.00   9.28
46975   47152   10.53   111.16
46980   47022   20.00   18.18
46981   46359   11.64   141.38
46981   47031   0.00    19.40
46985   46917   0.00    22.92
46989   47363   8.08    117.95
46992   47111   9.38    38.21
46995   46804   11.23   93.47
46997   47172   13.67   63.31
46997   47672   13.33   130.18
46999   46933   1.00    25.74
47007   46967   2.00    26.16
47011   46848   0.00    76.30
47013   47006   16.60   87.96
47013   47093   0.00    16.50
47022   47076   13.00   17.86
47023   47307   0.00    62.93
47024   47661   10.65   118.94
47031   47638   0.00    126.65
47031   46803   0.00    71.43
47036   46999   0.00    10.84
47036   46750   0.00    63.26
47038   47284   0.00    47.68
47038   47007   0.00    15.77
47039   46910   0.00    28.30
47067   46898   0.00    39.45
47067   46847   50.00   72.53
47071   46494   0.00    120.71
47076   47233   0.00    51.39
47081   47038   1.00    25.34
47086   47282   11.33   110.64
47087   47039   0.00    9.94
47087   47672   7.33    117.05
47087   47150   11.59   25.08
47088   47393   9.38    74.93
47088   47195   12.22   141.17
47103   46446   11.95   134.47
47103   47381   13.25   69.87
47108   47288   13.25   32.63
47111   47173   14.45   18.84
47111   47387   12.60   63.19
47114   46995   0.00    92.86
47114   47430   8.33    59.36
47121   47198   10.00   47.36
47121   46848   0.00    55.77
47124   46710   7.09    78.69
47129   46748   0.00    86.39
47129   47311   100.00  37.66
47131   46962   0.00    59.76
47131   46999   0.00    35.53
47133   46887   2.83    62.65
47133   47036   3.00    34.46
47134   47378   7.00    45.19
47134   47081   0.00    39.00
47134   46515   1.00    126.60
47150   47260   0.00    65.22
47150   47268   7.17    30.92
47167   47133   0.00    8.68
47172   47596   11.92   79.59
47172   47425   20.00   68.29
47173   46652   10.36   109.59
47177   47067   0.00    26.45
47193   47334   9.68    129.98
47193   46870   6.75    62.85
47194   47380   0.00    75.29
47195   47353   10.45   91.52
47195   47444   14.00   48.15
47207   47212   0.00    9.58
47212   47201   0.00    35.68
47213   47763   11.81   107.75
47217   46575   1.00    129.49
47217   47134   3.00    42.84
47221   47683   11.50   86.58
47221   47124   2.00    61.25
47228   47001   3.00    72.90
47228   47177   0.00    10.90
47232   46688   11.39   136.04
47233   47369   12.34   41.85
47247   47108   11.29   92.15
47260   47473   20.00   116.97
47260   47383   11.50   26.32
47261   47167   20.00   26.36
47261   46992   8.50    63.74
47263   47577   0.00    65.28
47268   47383   20.00   33.80
47282   47476   25.50   110.63
47284   47552   0.00    51.62
47288   47325   14.33   6.51
47305   47194   20.00   34.39
47307   47591   0.00    62.49
47307   47177   8.00    39.54
47311   47556   0.00    72.89
47312   47221   11.00   51.47
47312   46914   6.50    78.24
47318   47912   12.00   121.59
47325   47419   15.75   20.44
47334   47880   10.59   136.43
47342   47131   0.00    57.03
47342   47167   0.00    36.27
47349   47312   10.00   19.31
47349   47727   8.00    78.19
47353   47824   10.00   98.80
47353   47430   12.27   62.25
47357   47011   0.00    78.74
47363   47880   11.50   111.24
47363   47661   9.44    92.36
47367   47247   6.00    92.14
47367   47771   8.00    83.47
47369   47498   20.00   29.78
47369   47533   5.50    49.87
47371   47345   14.33   27.89
47378   47284   0.00    62.95
47378   47644   1.00    50.59
47380   47698   0.00    76.26
47381   47679   10.69   56.75
47382   46902   3.00    94.92
47382   47349   15.00   22.81
47383   47841   9.00    144.50
47383   47758   1.00    83.60
47387   47342   1.00    96.56
47387   47261   14.33   38.46
47388   47151   0.00    73.00
47388   47228   0.00    36.50
47391   47121   2.00    51.54
47391   47553   0.00    99.91
47393   47415   6.69    85.16
47393   47719   8.67    70.52
47410   48036   0.00    140.34
47415   47444   9.82    85.16
47419   47487   20.00   11.24
47423   47741   20.00   78.36
47423   47305   20.00   36.81
47425   47679   9.00    65.66
47425   47987   7.00    115.19
47430   47883   12.77   93.06
47431   47382   10.50   24.94
47439   48058   11.59   127.14
47444   47736   12.08   60.73
47445   47388   20.00   13.17
47447   46688   13.36   143.21
47458   46694   11.58   149.55
47471   47431   0.00    17.63
47473   47626   0.00    36.77
47473   47613   3.00    72.14
47476   47371   8.67    58.75
47476   47675   4.00    109.89
47487   47711   13.52   70.66
47498   47798   0.00    85.39
47501   48003   0.00    101.36
47509   47501   0.00    3.00
47516   47367   10.75   109.29
47524   47509   0.00    11.59
47525   47471   0.00    25.24
47527   47194   3.00    77.99
47527   47680   0.00    34.52
47529   47524   0.00    4.43
47533   47676   0.00    46.49
47543   47423   0.00    34.83
47552   47525   0.00    18.72
47553   47357   0.00    58.17
47555   47268   0.00    59.54
47556   47445   0.00    24.06
47577   47691   0.00    23.73
47578   47974   3.00    85.84
47578   47552   20.00   24.91
47584   47288   12.20   97.19
47587   47529   10.00   43.57
47591   47856   3.00    71.89
47591   47445   0.00    41.61
47596   47968   6.50    79.59
47613   47759   0.00    102.83
47626   47722   3.00    32.28
47629   47577   0.00    52.44
47638   48100   0.00    124.73
47640   47734   0.00    63.61
47640   47587   0.00    10.32
47644   48042   7.86    88.68
47644   47578   0.00    37.13
47655   47305   7.25    78.82
47655   47527   3.00    37.99
47661   48023   11.65   78.76
47661   47715   3.00    26.97
47666   47969   9.50    78.64
47666   47543   10.00   38.21
47669   46981   9.31    145.31
47672   47773   0.00    26.95
47675   47516   15.67   109.35
47675   47859   12.29   121.32
47676   47761   0.00    46.74
47679   48144   10.58   99.21
47691   48241   20.00   119.35
47691   47587   11.00   90.38
47692   47217   8.67    92.65
47698   47556   0.00    33.75
47711   47834   11.61   91.87
47711   47873   8.71    56.38
47715   47763   12.45   76.50
47715   47071   11.00   122.09
47719   48022   10.00   61.50
47719   47731   10.29   93.60
47721   47193   7.00    98.84
47721   47912   10.79   82.54
47722   47613   0.00    30.76
47722   48186   12.20   146.54
47723   47698   3.00    6.47
47725   47666   7.25    20.84
47725   47173   8.83    128.68
47727   47312   6.00    80.19
47731   47736   11.29   93.60
47736   48051   11.29   64.08
47741   47888   13.33   36.65
47741   47655   0.00    36.00
47758   47916   0.00    86.84
47758   47840   0.00    20.51
47759   47857   11.50   57.56
47759   47961   3.00    57.85
47761   47767   0.00    3.97
47763   48068   8.67    82.10
47767   47806   0.00    33.13
47771   47584   10.14   96.29
47773   47819   1.00    53.67
47773   48001   0.00    44.99
47774   47640   0.00    32.14
47788   47498   0.00    66.88
47794   47640   0.00    61.90
47798   47960   0.00    60.91
47798   48067   0.00    115.10
47804   47553   0.00    79.88
47806   47829   0.00    31.14
47807   47431   0.00    80.79
47807   47886   3.00    43.67
47819   47840   0.00    23.89
47824   48333   9.13    99.13
47829   47848   0.00    30.48
47840   48387   0.00    119.33
47841   47626   11.00   61.01
47841   47855   0.00    3.85
47844   47741   0.00    36.12
47844   47543   4.25    78.78
47855   47977   0.00    22.37
47855   48167   6.62    91.67
47856   48054   0.00    60.80
47856   47723   0.00    40.22
47857   48101   18.00   133.26
47857   47961   0.00    23.80
47859   47771   6.75    120.51
47869   47896   0.00    17.53
47871   47357   13.25   110.79
47873   47970   0.00    19.90
47880   48406   8.73    121.57
47883   48217   10.00   63.90
47886   47525   11.50   80.08
47886   47974   0.00    42.19
47888   47680   0.00    75.31
47890   47723   20.00   58.08
47896   48076   0.00    41.97
47898   47232   12.47   139.75
47898   48493   11.95   118.98
47898   48058   7.57    60.59
47899   47533   0.00    82.96
47912   48075   0.00    48.29
47916   48234   15.44   83.51
47916   47977   10.22   68.96
47930   47873   1.00    25.52
47940   47676   0.00    67.42
47941   48164   10.00   52.53
47950   47715   3.00    51.78
47957   47391   23.33   115.98
47957   47804   0.00    78.35
47960   48004   0.00    20.43
47961   48428   11.36   140.68
47968   48001   0.00    14.83
47968   48086   2.00    25.33
47969   47844   11.50   35.48
47974   48042   0.00    40.24
47974   48103   3.00    30.06
47977   48234   11.00   49.45
47979   47848   0.00    78.90
47987   48539   4.75    115.09
48001   48086   6.50    20.47
48003   48495   0.00    101.35
48004   48069   0.00    31.48
48004   48398   0.00    79.80
48008   48236   0.00    45.34
48022   48347   14.18   62.25
48022   48032   11.50   86.53
48023   48406   6.20    78.68
48032   48051   11.50   86.53
48035   47930   11.50   115.78
48035   48373   17.23   99.66
48036   47725   11.13   106.95
48040   47529   0.00    106.69
48042   48626   5.80    124.17
48042   48119   15.25   43.21
48048   47886   11.50   34.22
48051   48393   11.36   64.33
48054   48248   20.00   57.46
48054   47890   0.00    39.70
48058   48416   12.20   116.91
48068   48098   17.90   78.49
48075   48155   10.60   23.62
48076   48303   0.00    43.81
48076   47869   0.00    40.77
48077   47890   28.60   57.19
48086   48539   7.00    94.93
48098   47447   9.93    141.67
48100   48512   3.00    122.80
48101   48383   11.50   77.11
48101   48035   10.29   74.87
48102   47761   3.00    82.24
48116   47969   0.00    39.46
48116   47888   0.00    74.95
48119   47692   0.00    92.65
48123   48450   8.92    86.18
48123   47721   0.00    139.36
48133   47957   0.00    39.03
48133   48217   6.75    40.56
48143   48360   9.92    84.81
48143   47916   15.14   87.31
48144   48621   10.52   99.32
48155   48478   11.98   106.92
48155   48036   14.45   30.61
48164   48287   0.00    79.49
48167   48461   12.11   91.70
48178   48196   20.00   25.74
48186   48636   10.64   146.58
48194   47669   5.40    142.71
48194   47458   9.80    149.91
48196   48219   14.33   16.30
48198   47979   0.00    80.17
48202   47819   0.00    84.42
48217   48724   9.89    104.58
48219   48283   11.76   36.11
48221   48164   0.00    18.94
48232   47883   15.14   87.91
48234   48446   3.00    53.07
48236   48133   0.00    115.19
48241   48287   9.27    8.84
48248   48392   14.33   50.28
48248   48077   0.00    39.57
48251   47977   6.89    89.59
48252   48077   13.22   52.86
48263   47898   9.38    76.34
48266   47970   11.43   65.04
48283   48717   12.29   93.16
48283   48347   10.85   65.43
48287   48304   0.00    5.70
48291   48198   0.00    19.58
48298   47767   0.00    113.49
48302   48252   8.67    14.85
48302   47725   10.62   142.50
48303   48236   12.50   43.71
48304   48686   14.20   87.24
48311   47807   2.50    104.38
48322   48563   10.00   52.31
48322   48303   0.00    18.48
48333   48942   11.35   122.74
48333   48232   3.00    29.06
48347   48869   9.00    105.53
48347   48366   10.63   62.65
48360   48687   5.29    87.52
48361   48133   0.00    43.36
48366   48374   13.03   61.89
48366   48902   11.61   109.36
48373   48266   8.00    26.56
48374   48393   15.89   61.68
48374   48977   10.17   119.29
48375   47950   10.00   145.81
48383   48609   9.38    76.73
48384   48398   0.00    14.11
48384   47960   0.00    83.26
48387   48951   0.00    120.53
48392   48252   20.00   36.93
48393   48333   3.00    89.34
48393   48775   10.79   81.25
48397   48334   13.20   44.61
48398   48617   0.00    119.30
48402   48048   10.00   70.89
48406   48595   9.00    93.00
48408   48198   0.00    62.00
48409   48397   7.67    10.66
48412   48409   0.00    3.03
48413   48123   11.54   57.14
48413   48642   12.70   63.62
48416   48605   7.89    114.96
48425   47871   10.00   110.79
48425   48412   0.00    8.75
48425   48322   7.94    90.69
48428   48871   10.52   140.67
48435   48075   0.00    88.75
48439   48759   11.20   125.29
48443   47806   0.00    146.55
48444   48291   0.00    56.11
48445   48384   0.00    123.94
48446   48687   20.00   65.16
48446   48701   20.00   82.81
48450   48769   12.04   86.36
48459   48361   0.00    75.07
48461   48511   0.00    10.28
48461   48719   10.50   85.96
48478   48985   0.00    146.81
48478   48607   3.00    77.34
48481   48291   0.00    51.62
48489   48508   9.00    67.68
48489   49035   9.50    117.27
48489   48143   15.00   87.88
48493   49096   9.62    119.38
48495   48547   3.00    15.00
48495   48576   0.00    24.14
48508   48971   7.94    115.97
48511   48986   11.20   91.50
48511   48251   13.20   89.78
48512   48605   0.00    21.61
48512   48645   3.00    44.36
48531   48826   0.00    111.40
48535   48302   12.35   61.33
48535   48408   15.18   50.72
48539   48815   20.00   59.07
48546   47950   11.50   130.18
48546   48439   12.71   124.93
48547   48949   0.00    119.66
48547   48627   0.00    137.43
48563   48459   10.00   75.07
48568   48408   0.00    47.86
48576   49289   20.00   136.81
48576   48040   0.00    106.69
48590   48375   7.28    142.80
48590   48098   12.44   100.96
48593   48263   11.50   76.57
48593   48859   11.75   136.08
48595   48883   6.40    78.69
48595   48413   4.63    72.52
48605   48645   9.69    44.08
48606   48361   0.00    53.31
48606   48774   0.00    121.61
48607   48535   20.00   76.92
48608   48364   14.33   63.04
48608   48786   11.00   60.64
48609   48373   8.89    59.73
48613   48531   11.50   107.75
48613   48617   0.00    32.89
48617   48923   0.00    75.60
48621   48194   10.72   129.11
48625   48811   0.00    59.99
48625   48629   0.00    70.23
48625   49057   0.00    84.90
48626   48853   9.57    140.64
48627   48626   0.00    13.83
48636   49114   9.38    146.42
48642   48883   11.50   62.54
48642   48799   11.29   37.45
48644   49210   0.00    113.33
48645   48621   9.44    12.96
48648   49150   0.00    107.75
48666   48606   0.00    15.59
48686   48768   10.50   53.46
48686   48729   3.00    7.68
48687   48970   11.38   77.78
48687   48971   9.83    64.61
48688   48412   9.29    59.71
48688   48563   3.75    111.73
48701   48986   10.25   82.47
48706   49127   8.67    86.46
48706   48791   9.80    36.66
48717   49493   10.53   146.29
48717   49078   7.25    79.51
48719   49010   10.95   85.95
48724   48666   0.00    56.30
48724   49195   9.83    88.66
48729   49386   0.00    119.33
48759   49023   12.95   123.96
48768   48827   3.00    34.22
48769   48435   0.00    89.08
48769   49105   12.05   88.10
48772   48729   0.00    16.63
48773   48546   3.00    80.71
48774   48957   11.00   122.44
48775   49212   13.83   81.30
48786   48870   15.14   28.35
48786   49334   8.00    120.12
48788   48947   0.00    32.84
48788   48627   0.00    31.38
48791   49251   11.50   84.41
48791   48960   12.09   67.76
48812   48772   0.00    25.04
48826   49138   0.00    59.80
48839   49016   0.00    116.70
48839   48666   0.00    30.59
48856   48826   0.00    94.09
48856   48613   0.00    100.41
48859   49377   8.67    140.81
48865   49160   20.00   71.74
48865   48508   14.33   75.19
48869   49438   12.32   105.51
48871   48609   9.25    61.07
48883   48773   0.00    79.70
48883   49109   2.33    57.65
48902   49496   9.89    109.36
48903   48923   0.00    130.49
48914   48706   32.38   105.20
48916   48232   11.50   140.01
48923   49076   0.00    32.38
48942   49590   10.79   122.74
48947   49086   0.00    72.92
48949   48947   0.00    23.38
48951   49003   0.00    11.20
48951   48834   0.00    53.46
48957   48688   10.75   48.33
48960   49541   12.44   107.22
48960   49121   5.50    69.95
48970   49245   10.27   77.80
48971   49346   11.25   103.14
48977   49618   10.30   119.32
48985   49591   0.00    147.53
48986   49040   10.50   13.70
49002   48621   8.84    82.54
49003   49257   0.00    59.66
49010   49351   11.89   93.60
49016   49190   8.14    125.56
49016   48774   0.00    47.45
49023   48590   11.75   86.86
49023   49096   12.71   43.73
49026   48870   0.00    53.79
49035   49003   0.00    23.68
49035   49257   0.00    40.61
49055   48788   3.00    95.63
49057   49206   0.00    24.04
49057   49076   0.00    58.67
49065   48982   0.00    32.11
49065   48848   0.00    58.56
49076   49389   0.00    55.88
49076   49119   0.00    78.15
49078   49465   9.82    79.33
49094   49524   11.50   89.77
49096   49439   8.95    65.93
49097   48768   0.00    67.73
49104   48608   10.08   117.24
49105   49483   13.73   88.10
49108   49266   0.00    89.30
49108   48839   0.00    54.05
49109   49303   11.42   134.60
49109   49584   12.90   115.75
49114   48871   9.35    58.25
49119   49161   0.00    78.16
49121   49163   3.00    12.85
49121   49755   8.33    115.27
49127   49545   11.38   79.22
49134   48914   14.72   105.39
49138   49145   0.00    56.02
49138   49343   0.00    35.32
49145   49841   0.00    137.44
49148   49010   8.93    108.51
49150   49678   0.00    107.89
49152   48772   10.00   74.25
49160   49434   9.92    75.06
49161   49145   3.00    41.46
49161   48856   0.00    59.37
49163   49109   10.71   68.82
49163   49500   10.83   75.59
49190   48957   8.80    46.11
49195   49669   13.63   88.45
49203   49447   0.00    45.57
49206   49649   3.00    89.69
49210   49591   0.00    109.26
49212   49183   0.00    28.90
49212   49618   11.61   95.60
49220   48805   0.00    96.86
49220   49065   0.00    37.55
49241   48865   13.22   75.73
49245   49207   5.86    29.43
49251   49696   9.80    84.39
49252   49475   14.20   73.18
49255   49138   3.00    127.51
49257   49685   6.50    86.55
49266   49016   0.00    45.41
49266   49443   5.14    123.86
49274   49854   19.20   140.97
49279   49391   0.00    43.10
49289   49182   0.00    48.43
49289   49544   0.00    85.24
49297   49544   0.00    64.51
49300   49369   8.67    26.94
49303   49834   10.28   137.08
49304   49483   2.00    34.44
49304   49220   0.00    22.47
49307   49649   0.00    81.11
49313   48593   9.14    142.24
49313   49279   17.20   71.05
49320   48949   0.00    71.47
49334   49863   10.80   120.10
49343   49999   0.00    139.91
49343   49383   0.00    30.57
49346   49543   10.00   38.83
49346   49245   9.69    85.44
49351   49428   35.57   22.72
49351   49475   9.75    122.96
49369   49403   0.00    13.89
49372   49949   0.00    136.06
49377   49002   10.00   105.31
49377   49420   0.00    8.04
49383   49426   0.00    38.09
49383   49809   0.00    86.95
49386   49616   0.00    43.00
49389   49753   0.00    80.53
49391   49552   0.00    43.95
49399   49127   10.58   121.31
49400   49372   11.50   134.05
49403   49465   0.00    20.76
49420   50014   7.85    117.29
49423   49108   0.00    56.32
49426   49871   0.00    87.76
49428   49114   10.56   65.72
49428   49652   10.54   64.17
49434   49346   11.17   78.23
49438   49751   10.33   59.11
49439   49668   8.75    125.98
49439   49134   10.75   106.22
49443   49190   0.00    46.56
49447   49263   0.00    56.45
49447   49546   0.00    20.80
49465   49802   16.33   74.54
49465   49493   11.50   74.56
49475   49704   20.00   78.75
49475   49626   4.67    80.93
49483   49824   11.50   85.66
49483   49834   7.80    69.12
49493   49438   15.31   91.78
49493   49847   9.43    76.55
49496   50043   10.61   109.31
49500   49973   0.00    93.84
49500   49740   10.00   63.49
49504   49423   0.00    15.07
49504   49669   9.50    68.30
49508   49389   0.00    128.05
49512   49266   0.00    47.87
49512   49423   40.00   60.70
49524   49899   0.00    89.35
49531   49434   7.86    84.23
49531   49160   27.17   73.11
49541   50077   7.96    107.22
49543   49854   6.50    62.85
49543   49548   8.11    17.40
49545   49821   9.80    131.79
49545   50067   11.50   106.71
49546   49386   0.00    96.85
49548   49724   9.80    35.17
49552   49420   0.00    42.92
49563   50141   6.40    134.02
49563   49839   12.91   65.85
49580   49313   5.13    49.35
49580   49830   6.43    54.91
49581   49512   3.00    48.77
49584   50019   12.30   116.04
49590   48916   0.00    138.71
49590   50170   10.00   124.54
49591   49843   0.00    59.61
49591   49754   0.00    36.74
49616   50027   0.00    82.75
49618   50063   10.55   91.53
49621   49241   12.44   75.80
49621   49531   7.88    79.06
49626   49870   18.60   84.30
49626   50052   14.43   100.35
49645   49621   10.71   19.73
49649   49733   0.00    18.43
49652   49104   15.25   117.27
49652   49845   10.78   55.81
49663   50146   6.50    99.13
49663   49552   1.00    30.02
49664   49443   20.00   47.92
49664   49581   8.80    65.00
49664   49756   10.00   70.17
49668   49399   13.00   123.36
49669   50210   9.10    114.65
49671   49320   2.50    114.26
49678   50061   0.00    87.16
49685   49645   10.29   52.49
49685   50229   11.89   117.71
49702   49685   5.45    15.49
49702   49002   8.83    129.95
49704   49921   5.43    78.68
49724   49944   6.00    46.45
49733   49753   0.00    46.34
49733   49228   0.00    134.67
49733   49915   0.00    36.15
49740   50094   8.33    100.11
49747   50220   3.00    119.46
49751   50080   10.29   118.13
49753   49794   0.00    98.56
49754   49899   0.00    34.99
49755   50305   9.38    115.27
49756   49781   0.00    17.67
49756   49581   20.00   34.56
49781   49848   1.00    48.65
49790   49616   20.00   109.36
49794   49892   0.00    98.95
49802   50153   11.36   75.83
49809   50217   0.00    87.17
49821   50071   8.00    131.86
49824   50115   11.00   85.31
49830   50146   20.00   92.66
49830   49663   11.50   78.83
49834   50019   14.08   61.31
49834   50134   13.00   86.56
49839   50339   15.50   106.65
49839   50063   8.67    64.73
49841   49892   0.00    14.57
49845   49863   12.67   5.96
49847   50133   8.42    66.99
49847   49751   9.27    139.75
49848   50461   10.00   128.31
49848   49874   8.67    22.75
49854   50052   10.00   99.59
49863   49902   11.50   11.90
49870   50096   9.88    84.48
49871   50275   0.00    88.21
49872   49724   11.92   127.26
49872   49531   0.00    66.81
49874   50363   8.00    117.13
49874   49504   0.00    70.82
49879   49696   0.00    41.37
49892   50287   0.00    99.10
49899   49949   0.00    15.36
49902   50099   11.17   80.01
49915   50065   0.00    33.64
49915   49950   0.00    77.14
49918   49754   0.00    58.31
49921   50119   15.00   70.66
49944   50410   10.25   100.22
49944   50346   9.50    114.19
49949   50057   0.00    26.00
49950   49997   0.00    77.14
49952   49872   12.29   89.24
49952   49645   11.90   68.83
49973   50444   13.90   93.83
49999   50151   0.00    35.51
49999   49841   0.00    63.06
50010   50480   0.00    129.43
50014   50324   8.33    91.27
50014   50333   9.18    74.46
50019   50353   8.18    90.86
50027   50434   0.00    82.75
50043   50206   7.10    46.17
50052   50246   8.42    110.82
50057   49814   0.00    68.37
50057   50335   0.00    66.71
50059   50650   0.00    124.13
50060   50043   0.00    60.83
50061   50379   0.00    79.47
50061   49918   0.00    55.94
50063   50206   13.25   35.36
50063   50515   12.00   87.38
50065   50124   0.00    102.64
50065   50147   0.00    26.05
50077   50441   9.65    72.69
50080   50133   12.47   95.81
50080   50537   11.38   99.39
50093   49918   0.00    47.10
50094   50378   8.67    99.52
50096   49921   6.40    75.33
50110   50188   0.00    15.67
50115   50471   10.00   69.60
50115   50335   20.00   59.71
50119   50177   3.00    29.48
50119   49845   21.75   71.29
50124   50287   0.00    103.41
50133   50212   8.67    16.18
50134   50471   8.60    86.56
50139   49702   8.00    93.22
50141   50823   4.75    134.81
50146   50333   0.00    54.47
50147   50215   0.00    22.36
50147   50450   0.00    141.76
50151   50637   0.00    107.52
50153   50873   12.29   143.25
50153   50248   13.50   65.95
50170   50729   11.29   123.78
50177   49902   22.00   64.87
50194   50428   3.00    69.18
50206   50587   7.18    84.74
50210   50726   11.00   113.62
50212   50862   9.81    129.39
50212   50519   13.21   93.05
50215   50708   2.33    109.00
50217   50151   0.00    38.47
50229   50760   6.25    116.61
50239   50756   7.22    102.56
50239   50183   50.00   38.27
50241   50217   0.00    23.52
50241   50662   0.00    96.68
50246   50096   6.50    69.33
50248   50963   8.33    140.98
50248   50239   3.00    8.16
50271   50588   12.38   70.62
50274   50119   10.45   62.46
50274   50907   15.00   123.37
50275   50241   0.00    30.79
50275   50849   0.00    116.72
50287   50318   0.00    7.42
50298   50641   0.00    72.22
50298   50215   3.00    34.11
50305   50077   9.71    76.67
50318   50484   0.00    33.22
50324   50675   4.25    91.39
50333   50763   8.67    117.14
50335   50770   9.10    111.16
50338   50057   0.00    83.87
50339   50885   9.58    106.76
50346   50463   9.82    109.46
50353   50764   13.43   92.60
50363   50966   9.25    118.67
50378   50905   6.00    134.54
50378   50683   0.00    77.50
50383   49781   0.00    127.65
50383   50461   6.50    49.42
50387   50010   0.00    131.18
50402   50387   0.00    6.41
50410   50797   8.67    78.13
50410   49872   9.24    137.32
50428   50548   0.00    21.09
50428   50434   0.00    43.61
50433   50402   0.00    9.03
50434   50865   1.00    82.72
50441   50565   7.57    21.23
50444   50305   9.67    65.14
50454   49952   7.33    112.17
50461   50843   20.00   76.80
50463   50246   3.00    80.56
50463   50643   11.73   74.60
50471   50624   0.00    40.94
50480   50955   0.00    129.74
50484   50775   0.00    101.30
50484   50608   0.00    38.04
50490   50274   6.40    83.86
50490   51088   6.78    123.62
50496   50433   10.75   10.51
50515   50944   12.28   87.19
50519   51013   11.27   97.59
50537   51040   14.33   101.17
50547   50258   11.50   91.30
50548   50812   13.25   72.34
50565   50917   11.00   73.32
50585   50139   3.88    92.57
50587   51015   8.88    86.26
50588   50188   15.50   132.94
50588   50780   10.00   51.31
50608   50957   0.00    77.88
50608   50976   0.00    81.78
50624   51010   14.60   98.05
50624   51012   20.00   90.13
50632   50732   0.00    24.44
50632   50298   0.00    95.29
50637   50318   0.00    111.47
50643   50490   12.29   71.54
50657   50800   12.03   47.95
50657   50496   8.89    42.13
50662   50637   0.00    15.01
50665   51273   12.67   121.17
50665   51021   13.73   105.28
50670   50863   0.00    91.87
50675   50585   0.00    33.12
50676   50643   1.00    14.35
50683   50444   8.29    117.75
50687   50410   9.80    113.36
50694   50479   11.33   102.93
50694   50177   12.00   104.89
50708   50970   6.50    51.80
50708   50732   0.00    126.50
50712   50683   0.00    9.77
50712   51090   21.74   109.68
50726   50966   4.67    58.03
50729   50773   9.00    34.90
50729   51017   9.00    67.26
50732   50949   0.00    44.60
50756   51249   13.56   102.49
50760   51159   5.50    113.69
50762   51205   0.00    139.56
50763   51106   3.00    115.48
50764   50905   12.43   36.99
50770   51010   0.00    57.50
50770   50783   14.33   2.73
50773   50823   14.33   40.13
50773   51421   7.67    125.87
50775   51059   0.00    100.90
50780   50804   3.00    16.59
50783   50847   0.00    13.86
50797   50454   12.00   108.67
50797   51159   11.40   85.60
50800   51297   13.20   100.18
50800   50665   11.06   60.41
50804   50547   3.00    91.25
50804   51021   0.00    61.82
50823   51466   8.67    125.20
50823   50885   12.15   62.50
50826   50687   10.88   111.62
50826   50676   9.83    62.09
50843   51209   3.00    76.80
50847   50863   11.40   5.98
50849   51446   0.00    117.52
50851   50662   0.00    76.34
50851   51059   0.00    50.14
50862   51543   6.40    129.68
50863   51077   20.00   53.82
50863   50919   10.50   13.49
50865   51254   0.00    82.22
50866   50383   10.43   94.99
50871   50780   0.00    46.31
50873   51620   10.90   143.59
50885   51483   12.44   116.21
50885   50944   6.75    64.30
50898   50496   12.89   129.10
50905   50712   12.53   137.06
50907   50694   13.25   89.65
50917   51108   8.30    39.92
50919   51204   16.13   82.56
50928   50585   8.67    87.04
50944   51498   9.54    105.98
50944   51015   3.00    68.20
50949   50957   0.00    89.00
50952   51441   12.80   95.47
50952   50826   7.27    53.39
50955   51476   0.00    130.21
50957   51401   0.00    85.28
50957   51044   0.00    69.90
50963   51679   7.88    141.46
50966   51285   8.83    66.20
50970   50949   0.00    123.05
50976   51303   20.00   118.94
50976   51044   0.00    13.81
50978   50548   10.00   114.59
50993   50797   10.86   86.23
51006   50907   9.83    45.04
51007   50993   10.48   88.18
51007   50952   13.90   24.14
51010   51313   10.00   78.29
51012   51239   3.00    57.34
51012   50764   0.00    72.91
51013   51467   8.68    86.15
51015   51060   9.13    52.42
51015   51477   12.24   89.25
51017   51533   8.67    100.31
51017   50726   3.00    66.67
51021   51645   10.29   124.35
51040   51013   0.00    62.32
51040   51769   11.39   143.26
51044   51154   11.50   23.54
51059   51205   0.00    37.86
51059   51526   0.00    128.87
51060   51820   10.08   146.13
51060   51040   3.00    50.81
51070   50871   0.00    44.31
51070   50992   6.50    30.23
51075   50675   3.00    107.92
51077   51460   13.71   94.32
51077   51340   11.92   65.94
51079   51289   11.50   51.33
51088   51006   0.00    40.44
51090   51239   25.50   106.53
51092   51196   0.00    28.37
51092   51188   0.00    124.19
51101   50917   9.76    101.47
51106   51424   40.00   114.91
51108   51020   0.00    44.05
51108   51360   10.41   50.47
51136   51579   11.50   103.73
51137   51070   0.00    13.11
51137   51174   1.00    8.92
51154   51835   8.00    146.34
51154   51474   0.00    99.29
51159   51217   10.50   16.52
51159   51447   11.00   76.99
51174   51433   11.00   46.08
51195   50657   12.48   125.87
51195   51384   3.00    97.74
51196   51356   0.00    39.30
51204   51226   30.00   7.87
51204   50970   14.33   70.69
51205   51389   0.00    38.22
51205   51508   0.00    87.52
51209   50866   6.17    92.55
51209   51896   0.00    130.68
51217   50928   8.50    86.09
51222   51494   3.00    114.59
51226   51666   12.22   111.20
51239   51564   10.80   64.72
51242   51446   0.00    46.21
51249   51737   8.10    102.01
51254   51196   0.00    23.60
51254   51579   0.00    63.37
51273   51927   3.00    120.91
51276   51088   11.00   86.28
51276   50676   10.81   123.23
51285   51690   6.11    79.54
51285   51209   6.75    55.18
51289   51735   5.50    130.97
51289   51101   8.11    101.52
51292   51217   3.00    19.07
51297   51838   9.25    100.18
51303   51389   0.00    22.41
51303   51474   0.00    35.34
51308   51441   0.00    46.21
51308   51007   11.36   75.02
51313   51677   14.60   79.21
51320   51360   14.33   91.78
51340   51676   12.46   81.48
51340   51710   11.80   79.29
51360   51407   6.50    6.70
51379   50898   0.00    129.75
51384   51934   12.20   102.57
51389   51741   0.00    118.79
51401   51835   0.00    85.13
51407   51558   0.00    47.27
51407   51803   20.00   88.70
51407   51174   7.00    81.08
51421   52095   10.65   125.84
51424   51844   8.13    117.14
51433   52227   15.00   146.58
51441   51814   9.22    76.41
51447   50993   9.11    106.76
51447   51490   10.33   15.52
51452   50694   9.96    148.70
51460   51890   9.13    111.65
51460   51226   9.80    57.43
51466   52142   11.15   125.25
51467   51809   13.27   68.10
51474   52005   0.00    149.61
51474   51591   0.00    33.32
51476   51891   0.00    128.99
51477   51939   11.73   89.30
51479   51591   0.00    51.92
51483   52106   8.86    116.26
51490   51629   9.00    57.20
51494   51666   3.00    49.55
51494   51932   0.00    117.67
51498   52055   14.33   105.99
51521   51447   3.00    19.36
51526   51446   1.00    20.87
51533   52066   8.63    100.48
51537   51961   15.14   98.05
51543   51467   8.14    64.91
51556   51452   9.89    80.13
51558   52262   10.19   144.82
51558   51735   8.86    88.99
51567   51490   0.00    23.57
51573   51686   12.38   100.83
51573   51006   6.86    112.08
51579   51626   0.00    9.91
51591   51788   0.00    65.43
51591   51780   0.00    45.21
51594   51289   8.00    78.62
51600   51587   0.00    3.02
51602   51626   10.00   143.38
51620   51950   8.30    63.24
51620   51543   8.42    64.07
51626   51725   0.00    24.37
51629   51814   14.00   76.67
51629   51308   14.00   74.41
51640   51600   0.00    8.78
51645   51999   15.00   121.19
51646   51640   3.00    1.86
51656   52155   11.10   93.02
51666   52019   11.63   80.21
51666   51890   14.33   56.26
51676   52064   9.00    81.43
51677   51685   0.00    1.79
51679   51620   12.22   66.48
51684   51687   0.00    3.14
51685   52501   11.68   149.03
51686   51452   10.22   51.53
51687   51705   7.50    22.13
51690   52147   11.54   79.48
51705   51710   0.00    3.86
51710   52039   8.15    75.47
51710   52196   8.44    81.58
51724   51195   12.64   101.44
51732   51844   9.81    103.36
51735   51320   12.11   95.99
51737   51679   11.83   54.41
51741   51526   20.00   61.61
51758   51735   0.00    6.64
51758   52127   0.00    84.95
51769   51809   8.50    61.70
51780   52140   20.00   75.71
51803   52227   20.00   87.72
51806   51975   20.00   144.77
51806   52014   3.00    113.44
51808   52437   20.00   109.96
51809   51950   9.13    107.77
51814   51969   5.33    53.51
51820   51769   8.44    72.66
51829   52377   0.00    93.85
51835   51923   0.00    17.58
51844   51894   6.50    23.65
51847   51725   5.50    99.56
51855   52110   0.00    66.33
51862   51741   3.00    19.44
51862   51951   0.00    31.61
51873   52140   0.00    57.96
51879   52064   3.00    45.16
51879   52037   0.00    37.74
51890   52250   11.00   82.32
51890   52037   8.60    37.98
51891   51379   0.00    129.75
51896   52182   10.00   48.55
51896   51847   0.00    100.95
51901   52387   9.20    118.21
51901   51479   1.00    88.44
51923   52374   0.00    96.44
51923   52512   0.00    149.37
51927   52525   4.17    118.65
51930   52344   9.00    71.12
51934   52525   9.92    102.56
51939   51820   8.56    79.19
51950   52118   9.20    118.60
51950   52311   9.89    62.19
51951   51983   0.00    9.71
51961   52218   9.14    111.08
51969   52068   13.63   36.00
51975   51758   0.00    54.02
51975   52380   3.00    98.84
51979   52150   9.76    63.97
51980   51732   8.39    103.32
51982   52038   0.00    14.83
51982   51961   20.00   9.87
51982   51594   16.67   80.50
51983   52416   0.00    100.68
51999   51433   11.00   122.20
52005   52129   0.00    32.03
52005   51862   20.00   29.66
52013   52737   1.00    130.62
52014   51975   0.00    9.51
52019   52374   11.08   80.21
52034   52753   0.00    129.97
52037   52391   9.32    82.58
52038   52323   11.75   61.29
52038   51806   0.00    57.29
52039   52404   7.73    76.18
52048   52255   0.00    44.19
52050   52775   4.83    130.27
52055   52418   9.32    63.44
52055   51939   10.88   76.58
52064   52404   12.60   68.44
52064   52762   14.78   149.87
52066   52067   16.67   39.45
52067   52095   4.67    24.68
52068   52347   11.32   97.70
52068   51276   11.72   147.23
52081   52091   0.00    83.52
52089   52066   7.00    24.02
52091   52093   0.00    16.45
52095   52142   10.53   42.20
52106   52790   6.29    125.07
52106   52055   8.29    66.84
52118   52700   6.13    125.17
52126   51686   8.12    76.52
52127   52380   8.80    84.69
52129   52168   0.00    8.39
52140   52255   0.00    27.51
52142   52106   9.00    65.26
52147   52089   11.09   60.16
52150   52333   7.94    80.99
52155   52654   20.00   93.65
52168   52416   0.00    72.64
52171   52237   11.33   122.21
52182   52147   10.00   35.52
52196   52595   10.73   80.26
52218   52745   13.70   113.48
52222   52182   11.00   34.74
52223   51980   12.74   103.32
52227   52257   0.00    6.15
52237   52418   9.25    122.67
52249   52005   3.00    49.60
52250   52589   12.20   82.32
52255   52355   0.00    22.08
52257   52962   13.06   127.64
52262   52869   8.50    113.22
52262   52257   13.92   66.11
52266   52276   8.00    26.81
52276   52281   6.75    75.79
52281   52222   9.76    56.59
52288   52014   0.00    57.66
52288   52535   0.00    51.59
52299   52653   0.00    86.35
52311   52171   14.33   122.43
52311   52689   10.27   69.51
52323   52505   12.71   39.53
52333   52629   10.47   82.04
52333   52610   9.66    138.12
52336   51724   11.42   101.45
52347   52551   8.23    111.03
52347   51573   9.93    140.91
52355   52387   0.00    12.09
52355   52550   0.00    52.76
52367   52249   0.00    28.97
52374   52589   9.92    55.81
52374   52828   14.61   112.17
52380   52535   18.80   69.86
52387   52512   0.00    46.64
52391   52731   13.45   82.57
52404   52595   9.38    61.61
52404   52935   7.05    114.94
52416   52567   0.00    49.06
52418   52782   11.77   68.02
52435   51969   6.50    89.01
52435   52263   4.25    41.43
52481   52311   11.07   145.02
52487   52435   2.89    14.78
52487   52924   6.67    101.23
52501   53102   7.25    132.23
52501   52654   2.00    67.97
52505   52982   8.41    94.30
52505   52288   0.00    68.04
52512   52653   0.00    55.86
52525   52892   11.08   106.04
52535   52897   9.00    64.24
52537   52150   12.65   104.96
52542   52223   8.50    128.02
52550   52249   17.50   68.33
52551   52413   10.33   91.85
52551   52126   12.14   76.56
52555   52831   11.07   62.78
52567   52264   0.00    66.94
52567   52686   0.00    33.48
52577   52693   0.00    25.00
52577   52323   10.59   138.30
52589   52731   14.20   36.15
52589   53095   12.44   122.70
52595   52954   10.56   77.52
52609   52222   0.00    73.87
52610   52223   10.26   76.40
52610   52773   9.02    69.71
52629   52939   11.78   82.37
52641   53016   0.00    92.95
52641   52367   0.00    54.92
52653   52828   0.00    54.58
52654   52745   3.00    37.35
52654   53059   0.00    79.68
52675   52281   8.64    72.52
52686   52818   0.00    82.80
52693   52632   0.00    17.37
52693   52747   0.00    14.16
52731   52970   11.13   55.27
52743   52997   11.17   50.97
52743   52610   11.50   22.07
52745   53059   12.62   84.53
52745   52882   9.18    74.57
52747   52577   11.50   31.77
52762   52970   5.93    145.91
52773   53070   11.11   96.52
52773   53232   12.48   85.70
52799   52869   13.38   68.62
52800   52487   8.73    84.29
52818   53016   0.00    60.82
52818   52367   0.00    126.85
52821   52629   9.17    88.38
52828   53095   3.00    58.18
52831   52982   8.67    71.24
52834   52675   12.11   117.95
52869   52962   11.38   74.32
52869   53469   14.84   116.33
52878   52550   17.17   117.78
52882   52747   0.00    36.69
52892   52336   10.81   101.17
52897   52799   10.13   87.40
52903   52834   7.83    62.28
52903   52089   9.20    144.63
52904   52641   0.00    65.83
52904   52985   0.00    20.05
52924   53230   11.00   76.09
52924   52537   10.03   104.91
52935   53454   9.79    114.82
52939   53230   8.67    82.36
52954   53282   11.50   77.36
52960   52903   7.67    59.48
52962   53028   11.05   58.44
52965   52797   11.50   77.03
52969   52892   0.00    17.16
52969   52542   10.14   129.47
52982   53083   6.00    37.83
52985   53159   0.00    82.25
52996   52743   15.00   46.33
52997   52996   9.80    16.41
52997   53167   18.00   147.35
52997   52821   10.38   88.32
53016   53159   0.00    37.37
53028   53110   10.50   64.66
53047   53058   14.33   78.41
53047   52882   1.00    53.10
53058   52747   11.00   82.28
53059   53579   12.11   111.03
53064   52800   5.00    83.64
53064   53621   9.10    106.62
53070   53385   8.41    96.74
53083   52897   5.60    41.14
53093   52831   3.00    53.91
53093   53237   0.00    68.93
53095   53120   16.82   8.39
53102   53350   5.33    54.67
53102   53303   8.43    58.64
53110   53187   12.71   46.60
53120   52878   9.41    116.95
53130   53306   8.80    90.35
53130   53047   20.00   26.29
53131   53353   11.50   82.70
53132   53600   3.00    142.94
53132   52885   0.00    49.53
53142   53418   0.00    137.93
53143   52675   10.00   90.10
53159   53235   0.00    23.67
53161   53064   1.00    62.34
53167   53588   9.81    148.32
53174   53235   16.33   44.03
53174   52965   11.50   77.60
53178   52924   9.80    72.14
53186   52904   0.00    101.31
53187   53644   11.50   79.76
53187   53327   12.71   83.38
53209   52985   9.80    100.26
53230   53571   8.76    74.95
53232   53979   9.81    134.57
53235   53353   11.29   59.26
53235   53334   12.71   79.24
53237   53083   9.80    30.71
53254   53143   0.00    81.18
53277   53132   13.25   27.53
53282   53708   10.07   86.94
53303   53874   0.00    111.98
53306   53525   9.00    90.38
53307   52903   12.67   79.41
53321   53551   11.00   36.11
53327   53503   6.05    83.38
53334   53619   7.11    146.38
53334   53517   12.80   51.75
53337   52799   11.87   108.82
53350   53303   12.75   18.56
53353   53434   11.00   28.34
53368   53120   10.64   102.71
53385   52969   6.82    81.42
53385   53503   10.93   28.44
53412   53636   10.75   75.48
53434   53418   0.00    5.90
53454   53368   10.56   101.19
53454   53956   8.44    111.33
53458   53507   7.80    83.93
53458   52822   8.81    114.76
53463   53434   0.00    3.93
53466   53143   1.00    57.01
53469   54065   12.00   116.33
53471   52996   15.00   85.33
53471   53671   8.67    81.00
53494   54047   0.00    111.54
53494   53350   0.00    50.83
53498   53232   12.53   77.99
53498   54214   10.50   132.71
53503   53927   8.76    132.57
53507   53551   6.17    95.15
53517   53648   7.78    43.51
53519   53028   11.33   135.28
53525   53093   8.53    81.78
53533   53605   7.18    80.77
53539   53579   3.00    76.07
53541   53973   3.00    92.96
53548   53968   10.00   120.73
53551   53967   8.50    89.66
53551   53601   5.40    88.25
53557   53603   0.00    13.22
53557   53186   9.25    102.03
53571   53588   11.50   12.62
53571   53631   7.22    87.11
53579   53494   0.00    35.35
53579   54201   11.13   113.18
53600   53409   11.00   55.75
53601   53653   9.64    87.38
53603   53810   10.14   82.79
53603   53209   3.00    101.99
53605   53110   11.95   122.60
53619   53463   7.00    29.73
53621   53178   6.59    123.36
53621   53761   0.00    27.41
53625   53458   11.00   85.77
53625   53964   5.14    113.82
53627   53517   3.00    65.82
53627   53815   0.00    39.24
53631   53694   10.70   78.31
53631   53178   12.00   102.95
53636   53959   11.13   68.02
53636   53463   0.00    40.35
53644   54090   0.00    79.76
53648   53810   11.50   45.62
53648   53815   13.91   86.38
53659   53600   10.00   20.76
53661   53539   7.43    76.26
53671   53541   9.08    80.21
53686   53130   11.50   115.00
53686   53661   7.50    29.89
53694   53761   6.80    78.28
53700   53686   11.50   68.79
53708   54120   11.82   87.26
53711   53603   0.00    39.97
53711   54112   50.00   88.42
53726   53237   0.00    92.71
53753   53621   7.92    118.74
53761   54089   10.04   79.86
53764   53557   15.75   89.98
53766   53704   8.25    66.47
53766   53307   9.82    79.41
53778   53498   12.28   86.41
53792   53619   0.00    37.72
53792   53627   3.00    104.50
53810   54006   9.72    103.71
53810   53986   10.14   41.16
53815   54006   20.00   39.81
53815   53970   13.63   102.42
53832   53766   10.12   60.49
53849   53661   11.50   91.62
53867   53864   0.00    43.52
53867   53458   11.78   74.76
53874   54047   0.00    72.53
53874   54273   0.00    68.27
53894   53525   17.67   117.65
53902   54376   10.75   99.98
53902   53625   11.00   54.32
53903   53337   11.72   108.82
53919   53588   11.38   65.26
53920   53753   9.44    67.21
53927   54155   10.59   63.48
53927   54271   20.00   72.16
53931   53792   4.00    30.88
53933   53919   9.50    17.53
53956   53764   10.60   89.77
53956   54013   5.56    13.34
53959   53931   0.00    41.98
53960   53778   9.88    57.26
53964   54480   8.15    116.36
53967   54411   11.92   89.57
53968   53959   8.67    37.16
53970   53931   3.00    7.57
53973   54413   13.25   92.25
53979   54529   10.63   130.11
53986   54060   0.00    36.97
53986   54279   15.78   65.96
53988   53605   11.82   77.40
54004   53968   20.00   25.78
54006   54210   10.00   39.28
54006   54150   10.64   104.23
54013   53711   3.00    142.84
54013   54334   8.76    65.13
54015   53601   8.45    89.67
54020   53471   8.67    108.55
54037   53950   8.89    112.40
54043   54004   10.80   85.20
54047   54201   10.75   64.84
54047   54816   0.00    140.52
54060   54130   7.67    36.14
54065   53903   10.71   69.35
54065   54304   3.00    44.51
54071   53653   10.00   88.07
54080   53507   14.33   104.62
54080   54374   15.00   98.81
54089   53753   7.71    94.85
54089   54412   8.78    68.48
54090   53533   13.20   110.44
54093   54770   6.83    121.90
54099   53849   0.00    66.44
54099   53894   11.72   115.10
54112   54192   9.00    25.23
54112   54231   3.00    30.65
54120   53956   12.25   74.41
54130   54426   0.00    63.33
54130   54210   7.25    35.90
54145   53867   13.00   48.22
54145   54137   5.50    49.84
54150   54195   8.50    106.27
54150   53970   0.00    35.16
54155   54704   11.31   97.88
54155   54090   0.00    15.12
54155   54668   9.03    113.45
54175   54337   9.80    33.43
54186   53754   7.86    88.95
54192   54222   0.00    31.00
54195   54247   10.56   82.84
54195   54004   20.00   36.30
54201   54664   11.50   85.39
54204   53778   10.42   79.92
54210   54492   11.50   60.40
54210   54268   0.00    36.18
54214   54794   10.53   129.74
54215   53726   8.67    92.82
54215   53903   7.43    109.62
54219   53533   7.80    132.80
54222   54807   9.80    116.20
54222   54297   13.20   36.81
54231   54279   12.67   16.17
54242   54065   11.29   74.12
54242   53519   9.40    139.84
54262   54215   10.08   100.87
54263   54692   5.59    78.62
54263   54143   11.50   20.50
54268   54535   8.67    61.41
54268   54329   11.20   40.89
54271   53960   14.16   90.14
54279   54360   14.33   42.08
54279   54834   11.20   108.71
54294   54262   8.91    100.82
54294   54099   9.83    35.07
54295   54192   0.00    25.59
54295   54231   2.00    29.36
54297   54334   8.67    14.09
54304   54827   10.49   113.22
54317   53849   6.54    83.49
54319   54776   0.00    84.50
54319   54337   0.00    15.03
54329   54355   0.00    27.54
54334   54395   0.00    21.68
54337   54474   8.80    31.20
54355   54150   1.00    39.56
54355   54365   0.00    10.68
54360   54381   0.00    6.02
54360   54060   0.00    63.12
54365   54379   1.00    41.86
54367   54037   6.75    114.83
54374   54409   10.05   84.07
54374   54145   3.50    37.64
54376   54800   8.57    99.99
54379   54386   0.00    34.87
54381   54426   7.86    27.64
54381   54895   10.80   100.79
54386   54391   3.00    18.55
54391   54195   0.00    38.80
54391   54414   7.25    58.33
54395   54976   9.67    114.21
54395   54467   15.77   37.41
54402   54577   11.50   65.29
54403   54242   14.33   72.50
54403   53988   13.56   77.40
54409   54080   9.00    56.25
54409   54411   1.00    4.83
54411   54460   6.91    87.96
54413   53919   12.39   83.98
54414   54473   8.80    73.75
54426   54463   0.00    24.74
54435   54319   0.00    38.92
54435   54020   7.71    105.31
54458   54413   11.50   8.23
54460   54015   8.20    89.67
54460   54500   9.97    89.64
54463   54492   3.00    18.83
54467   54563   1.67    41.12
54467   55068   32.50   113.05
54474   54591   7.00    26.03
54480   54025   7.00    131.79
54480   54582   11.00   21.18
54481   53989   8.44    105.66
54492   54535   11.50   30.84
54500   54543   7.36    86.23
54500   54071   10.80   88.07
54529   54938   14.10   91.30
54533   54589   9.38    73.04
54533   54386   3.00    34.95
54534   54590   9.44    115.59
54535   54587   11.50   39.62
54535   55052   0.00    89.08
54543   54547   7.00    10.41
54546   54692   7.83    145.61
54547   54605   8.38    88.14
54559   54367   8.21    50.69
54563   55172   15.14   115.71
54563   54650   11.50   35.63
54573   54810   0.00    46.23
54577   54734   0.00    31.24
54582   54975   13.60   87.95
54587   54662   6.50    41.34
54587   54329   6.75    60.11
54589   54414   0.00    39.81
54589   54652   11.00   75.01
54590   54204   13.71   79.12
54591   54830   3.00    56.01
54605   54186   8.88    88.97
54605   54661   7.81    88.38
54612   54474   0.00    24.99
54612   54591   0.00    17.19
54635   54304   10.96   137.99
54635   54655   3.00    9.83
54639   54721   12.67   18.39
54639   54678   11.64   110.08
54650   55271   13.80   115.17
54650   54734   10.00   40.15
54655   54721   7.40    26.26
54655   54639   14.33   33.75
54661   54674   6.25    65.35
54661   54166   7.00    102.80
54662   54696   3.00    31.24
54662   54365   3.00    64.94
54664   55120   13.33   84.67
54666   54242   9.38    85.34
54668   55099   13.00   92.02
54674   54697   10.00   22.93
54676   54374   5.14    100.45
54676   53902   10.00   135.28
54678   54294   13.38   114.92
54681   54635   3.00    10.46
54692   55428   7.64    134.62
54696   54710   0.00    8.08
54696   54379   3.00    76.11
54697   54801   8.20    93.48
54697   54667   0.00    6.66
54704   55286   7.62    97.88
54710   54722   0.00    32.10
54721   55060   7.25    120.88
54722   54533   4.00    40.10
54722   54730   20.00   37.40
54730   54750   0.00    37.75
54730   55207   11.50   83.27
54734   54810   11.40   34.29
54734   55365   10.88   115.08
54750   54589   11.50   35.84
54750   54775   10.00   39.04
54750   55234   11.50   84.04
54758   54721   0.00    8.33
54758   54851   0.00    18.56
54758   54681   7.21    27.85
54760   54779   10.00   4.14
54760   54295   15.00   91.09
54760   54807   2.00    37.83
54766   54317   3.00    83.76
54766   55060   11.50   148.28
54770   55434   9.89    120.14
54775   55266   5.33    83.20
54775   54791   20.00   36.53
54776   55240   0.00    83.83
54779   55352   10.86   97.20
54779   54834   14.33   41.99
54794   54529   15.75   83.07
54798   54374   8.56    79.45
54799   54458   10.88   63.82
54799   54830   0.00    19.84
54800   55212   7.75    87.45
54800   54582   9.57    66.62
54807   54888   10.00   36.37
54810   54945   12.40   40.34
54810   55459   9.00    112.31
54816   55120   6.00    135.12
54827   55291   8.27    88.16
54830   54953   8.67    27.04
54834   54895   3.00    42.02
54834   55408   10.75   95.19
54836   54409   6.50    79.80
54851   54681   0.00    37.80
54871   54460   9.25    89.14
54888   54976   20.00   35.16
54891   54219   10.00   132.80
54895   55480   14.33   94.97
54895   54974   0.00    40.10
54909   54960   0.00    11.45
54913   54500   9.47    88.58
54926   55028   16.25   80.02
54938   54435   11.95   96.48
54941   54403   10.69   108.19
54945   55546   0.00    103.93
54952   54481   6.78    105.24
54952   54367   9.36    139.34
54953   54799   11.50   25.47
54953   55146   11.07   75.88
54960   55050   0.00    18.28
54964   54909   0.00    16.76
54974   55052   15.00   40.65
54974   54463   0.00    93.69
54975   55413   9.36    88.04
54976   55068   11.50   38.32
54997   54612   10.00   66.91
55000   54964   0.00    4.08
55028   55042   9.83    80.03
55042   54590   16.56   94.92
55042   54794   8.80    69.48
55049   54605   9.86    88.57
55050   55000   11.50   13.97
55052   55075   11.50   36.12
55052   55327   20.00   48.04
55055   54801   10.50   47.64
55060   55463   12.82   131.11
55068   55172   11.09   40.90
55069   54800   13.63   70.97
55069   54676   12.43   92.35
55075   54587   5.33    86.08
55075   55105   4.75    36.02
55085   54827   3.00    76.15
55085   54666   9.80    84.63
55086   55139   20.00   22.99
55086   54891   0.00    53.22
55090   55054   0.00    6.72
55094   54661   10.33   88.47
55096   54938   8.50    35.16
55099   55159   0.00    14.95
55105   55119   0.00    17.30
55105   54662   9.80    77.86
55119   55132   20.00   19.14
55120   55318   4.75    39.28
55128   54758   2.33    127.74
55132   54710   0.00    73.29
55132   55143   0.00    19.44
55133   55068   10.84   12.93
55133   55176   9.30    37.77
55138   54697   11.50   88.64
55139   55235   0.00    23.03
55139   55760   35.00   112.50
55143   55673   8.92    85.54
55143   55160   11.20   20.39
55146   55215   6.40    33.45
55159   55533   11.08   71.00
55159   55508   9.13    87.62
55160   55189   10.00   14.77
55160   54722   9.80    78.40
55172   55271   0.00    37.03
55176   55229   9.47    37.93
55189   55207   11.50   20.65
55189   55710   10.75   84.99
55207   55223   8.00    16.69
55212   55659   13.80   87.51
55215   55299   7.67    33.89
55223   55753   11.00   86.66
55223   55234   0.00    18.65
55227   55069   3.00    34.51
55229   55296   8.93    44.44
55233   55227   10.00   28.50
55234   55255   3.00    21.62
55235   54891   3.00    57.04
55240   54997   10.75   70.83
55250   54676   8.50    98.51
55250   55233   10.00   52.73
55255   55266   13.20   21.88
55255   55804   12.60   90.06
55263   55620   3.00    61.78
55266   55277   6.50    12.16
55271   55365   0.00    36.85
55277   55590   6.50    52.13
55277   55298   3.00    20.82
55285   54798   11.00   79.45
55285   55250   10.16   83.58
55286   55434   14.71   39.18
55286   55810   9.59    86.46
55291   55743   11.87   88.16
55296   55352   7.70    41.69
55296   54807   9.00    81.24
55299   54952   11.50   58.10
55299   55414   8.50    55.44
55318   55677   0.00    87.63
55318   55487   3.00    37.58
55327   55577   3.00    41.63
55332   54836   10.00   79.80
55332   55285   9.16    83.97
55332   54871   7.75    88.91
55352   55610   11.00   56.56
55352   55408   9.47    40.12
55365   55459   11.50   38.97
55366   55176   14.33   38.92
55384   55332   8.00    92.41
55384   54913   9.92    88.58
55387   55327   15.00   66.94
55387   55119   20.00   44.52
55408   55480   6.40    40.23
55408   55768   11.50   78.50
55411   55645   7.80    102.10
55413   55659   12.67   64.61
55413   55688   0.00    45.99
55417   55229   0.00    37.92
55417   55366   15.00   40.22
55434   55873   11.78   123.59
55442   55384   7.94    86.77
55448   55442   7.06    9.97
55451   55296   3.00    34.63
55459   55546   13.63   35.27
55463   55487   0.00    6.07
55463   54766   9.00    115.36
55480   55904   6.00    98.42
55480   55534   11.52   41.90
55487   55529   20.00   8.79
55499   55417   15.00   39.82
55499   55451   10.00   8.27
55508   55810   11.77   89.42
55508   54668   9.57    139.08
55509   54941   11.00   107.07
55509   55086   7.67    115.55
55515   55448   9.11    88.00
55515   55049   7.94    88.51
55528   56034   11.20   92.22
55528   54851   11.67   129.22
55529   55128   8.50    127.74
55531   55133   11.00   84.11
55531   55365   0.00    57.17
55533   55685   11.50   30.42
55534   54974   9.80    92.16
55534   55577   11.07   41.92
55543   55085   0.00    88.09
55546   55620   8.43    34.38
55564   55515   9.33    88.91
55564   55094   7.92    88.42
55568   55509   5.33    11.98
55573   55366   0.00    41.34
55573   55531   11.17   44.22
55577   55921   15.14   76.25
55577   55619   7.11    40.39
55590   55836   13.25   41.51
55593   55417   15.00   39.95
55593   55573   3.00    37.75
55602   55525   5.71    60.42
55602   55055   10.25   114.41
55610   55451   11.50   36.99
55610   55782   0.00    38.15
55617   55564   6.50    89.60
55617   55138   7.83    88.54
55619   55830   8.44    38.63
55619   55636   0.00    10.22
55620   55725   11.17   58.72
55636   55673   6.06    34.73
55636   55387   11.50   38.84
55645   55299   6.50    56.05
55646   55593   12.13   41.14
55646   55745   15.00   27.12
55646   55499   20.00   34.94
55656   55055   10.00   114.60
55656   55914   8.92    48.18
55656   55617   8.14    87.81
55659   55898   10.33   68.83
55671   55602   11.50   9.72
55673   55710   8.42    38.28
55677   55994   0.00    73.74
55688   56265   7.42    100.56
55688   55628   10.60   39.19
55705   55233   9.83    148.22
55705   55227   6.88    96.84
55710   55753   10.55   36.43
55717   54997   14.33   118.58
55717   55240   0.00    94.20
55720   55590   8.94    97.99
55729   55411   7.86    105.35
55743   55984   11.50   76.38
55743   56034   7.08    58.93
55745   55782   0.00    10.72
55753   55804   9.07    37.51
55760   56337   0.00    112.40
55767   55235   11.27   84.87
55768   55920   14.33   36.15
55768   55610   0.00    35.88
55779   55285   9.17    80.16
55782   55920   10.00   36.88
55804   55836   8.41    37.54
55805   55529   0.00    62.60
55810   56296   7.07    84.05
55810   56169   11.44   106.10
55823   55332   4.75    80.42
55830   55851   11.50   21.65
55832   55828   0.00    4.25
55836   55855   5.50    16.42
55840   55384   12.40   88.91
55842   56025   23.25   60.96
55842   55832   0.00    4.35
55851   55978   3.00    100.02
55855   55901   8.55    39.33
55866   55534   8.62    75.97
55873   56512   11.88   128.26
55879   55863   8.67    4.37
55894   55250   7.87    105.02
55894   55977   1.00    93.26
55897   55568   10.75   95.95
55898   55705   6.50    42.92
55904   56066   8.67    36.01
55904   55768   3.00    34.90
55909   55533   13.00   111.16
55914   56376   7.00    88.05
55914   56111   5.40    93.42
55920   56066   0.00    32.14
55921   56241   5.33    75.77
55927   55529   9.20    77.35
55930   55717   8.67    45.61
55935   55828   0.00    114.20
55935   55983   0.00    12.25
55940   56025   0.00    33.97
55943   55879   0.00    14.62
55944   56043   20.00   21.20
55944   55745   0.00    36.01
55954   55645   11.50   55.35
55954   55729   9.80    102.22
55955   55515   9.19    88.95
55977   56051   11.50   93.24
55978   56041   10.00   99.80
55980   55943   9.83    7.30
55983   55994   0.00    3.14
55984   55543   20.00   88.09
55989   56043   9.57    34.88
55989   55940   0.00    90.54
55994   56257   0.00    106.26
56015   55564   8.75    90.12
56025   56419   0.00    76.23
56034   56198   7.67    94.49
56039   55568   12.44   94.77
56041   56052   3.00    38.83
56041   55855   0.00    30.41
56043   56107   1.00    31.97
56051   55898   7.00    31.02
56052   55901   0.00    24.26
56066   56208   0.00    37.97
56073   55805   0.00    80.32
56090   55671   3.00    79.05
56095   55528   8.45    127.84
56107   56287   7.64    44.58
56107   55944   0.00    30.69
56109   56051   0.00    13.30
56109   55688   7.40    119.26
56111   56333   6.50    93.93
56115   56145   3.00    33.53
56115   55830   17.50   78.39
56145   56189   20.00   38.80
56145   55851   11.00   69.51
56164   56184   10.00   36.50
56164   56394   0.00    38.58
56169   56512   12.11   106.10
56183   56283   11.00   37.51
56183   55866   11.86   75.67
56184   56758   10.75   108.61
56184   56204   12.89   37.09
56189   56566   10.00   96.76
56189   56224   0.00    28.06
56198   55897   9.20    95.57
56198   55984   11.50   44.90
56204   56041   0.00    29.45
56208   56183   10.00   6.33
56208   56325   11.50   36.50
56224   56164   10.00   111.62
56225   55767   13.20   84.13
56240   55894   10.17   58.79
56240   56247   8.88    83.85
56241   56283   0.00    9.76
56241   56115   11.20   75.41
56247   56294   9.20    82.77
56247   55779   6.00    80.15
56257   56700   0.00    110.30
56265   56766   9.23    100.56
56283   56325   0.00    11.73
56287   56208   3.00    32.31
56287   56861   11.59   140.04
56293   56450   7.00    71.77
56294   55823   12.17   80.42
56294   56295   10.30   3.24
56295   56341   9.91    85.81
56295   55840   10.68   88.93
56296   55909   11.42   111.16
56325   56442   3.00    29.41
56333   56844   11.00   105.97
56335   56224   0.00    19.17
56337   56877   0.00    112.91
56341   56350   5.44    10.18
56350   56396   8.80    88.51
56354   56109   6.50    69.21
56354   56639   0.00    70.56
56354   56240   8.27    137.84
56360   56944   20.00   116.32
56360   55927   7.25    77.91
56360   56819   16.60   116.48
56367   56292   15.50   27.58
56369   56090   2.00    68.30
56369   55671   13.33   123.44
56371   55954   9.38    100.90
56376   56510   2.00    83.19
56394   56570   7.25    37.15
56394   56335   11.00   106.87
56396   55955   9.94    88.95
56396   56418   8.40    44.91
56415   55842   0.00    128.64
56416   56109   13.83   69.63
56418   56447   9.70    43.20
56418   56650   6.22    50.96
56442   56805   0.00    101.80
56447   56015   9.00    90.13
56449   55980   10.86   146.23
56450   56369   6.50    21.59
56482   56584   8.00    122.45
56482   56039   0.00    94.77
56497   56570   10.10   134.32
56497   56335   0.00    44.53
56505   56145   20.00   85.53
56505   56442   10.00   48.15
56510   56539   10.00   21.33
56510   56868   0.00    77.95
56512   56976   11.19   87.71
56539   57019   3.00    103.75
56539   56333   2.00    59.34
56554   55805   0.00    148.86
56566   56505   3.00    30.07
56570   56757   0.00    35.45
56584   56095   6.50    127.35
56592   56554   0.00    21.10
56593   56367   15.25   109.85
56593   56287   0.00    61.61
56607   56354   8.56    84.51
56619   56296   12.54   108.87
56625   56367   8.67    65.40
56639   57098   20.67   108.12
56639   56416   9.15    73.45
56650   57223   9.65    114.13
56650   56447   20.00   48.31
56657   56566   13.25   39.67
56657   56497   10.50   39.29
56660   56292   1.00    137.21
56683   56369   0.00    70.75
56700   57048   0.00    101.23
56700   56592   0.00    45.30
56721   56518   13.20   39.81
56721   56887   20.00   97.15
56727   56247   7.93    93.98
56751   56657   11.50   79.37
56757   56751   20.00   79.04
56758   56757   0.00    34.22
56761   56416   7.25    86.18
56762   56450   11.50   78.95
56771   56204   11.50   107.59
56771   56758   0.00    37.23
56774   56371   12.00   101.91
56790   56090   7.80    139.76
56797   56592   0.00    41.48
56805   57166   15.00   101.59
56819   56923   13.25   112.12
56820   56771   20.00   32.09
56820   56990   0.00    31.67
56827   56052   13.38   145.05
56827   56820   0.00    5.01
56844   57364   2.33    106.27
56861   57339   11.43   132.68
56862   56225   14.33   139.76
56868   57135   10.00   76.94
56872   56827   0.00    32.74
56872   56721   12.71   26.73
56877   57456   11.50   114.35
56886   56797   0.00    32.87
56888   56296   5.33    139.03
56891   56449   11.46   146.26
56894   56607   19.57   84.44
56894   56240   8.00    122.65
56895   56639   9.09    74.31
56895   57333   10.75   109.33
56906   57162   9.00    116.08
56906   56625   20.00   58.96
56907   57190   15.36   84.58
56907   56836   9.38    120.65
56914   56415   0.00    127.92
56916   56797   0.00    23.35
56922   56872   0.00    8.96
56922   57084   7.20    100.47
56923   56482   6.30    115.75
56941   56990   0.00    37.96
56944   57345   8.80    90.67
56944   56554   3.00    102.29
56962   57388   8.57    104.71
56976   56619   11.69   108.87
56976   57547   8.67    133.78
56983   56625   9.80    149.99
56983   56593   8.67    70.26
56990   57015   0.00    4.52
56997   56396   8.79    134.18
57019   57530   0.00    104.74
57028   56660   0.00    135.71
57028   57238   0.00    76.44
57028   56588   0.00    105.07
57030   56294   10.05   138.98
57048   57362   0.00    100.75
57055   56683   10.00   71.04
57065   57030   8.87    9.19
57065   57304   8.87    79.78
57069   57430   15.75   73.95
57092   57366   9.20    77.45
57097   57229   6.17    62.77
57097   56762   6.75    78.94
57120   56922   11.33   39.79
57141   57616   3.00    109.30
57141   56895   7.07    80.16
57156   56914   0.00    69.39
57156   57028   0.00    48.11
57162   57307   12.00   70.23
57162   57676   0.00    88.97
57166   57329   12.19   112.20
57166   57488   10.15   86.86
57190   57092   3.00    34.28
57190   57366   11.50   48.40
57223   57765   10.88   94.09
57226   56894   9.52    106.92
57226   56727   9.00    93.99
57229   56683   9.89    131.69
57243   56650   9.24    131.35
57245   56950   10.45   98.76
57272   57120   11.50   103.27
57293   57468   11.20   105.62
57293   57120   12.67   35.54
57294   57823   13.67   102.47
57296   56976   11.61   107.58
57304   57593   8.86    79.93
57307   56983   10.56   65.12
57329   57532   13.71   49.51
57329   57190   0.00    37.52
57333   57864   16.67   109.27
57339   58064   10.92   135.54
57342   58064   0.00    131.71
57345   57851   9.26    90.82
57349   57311   5.79    10.55
57362   57851   0.00    101.99
57364   57656   0.00    50.19
57366   57532   10.80   39.19
57366   57430   8.67    44.19
57388   57921   14.00   104.71
57390   56861   10.50   111.82
57392   57141   10.69   79.05
57426   56906   3.00    112.79
57430   57648   0.00    33.80
57430   57489   3.00    35.08
57444   56914   0.00    111.79
57456   56862   10.00   139.24
57456   57680   0.00    34.19
57482   57226   7.68    47.85
57487   56790   6.00    140.13
57488   57329   20.00   40.32
57488   57718   10.22   48.84
57489   57711   10.25   107.72
57489   57293   3.00    37.43
57530   57656   3.00    62.05
57530   58074   11.50   89.03
57532   57718   20.00   38.75
57532   57600   20.00   26.35
57561   57055   0.00    112.01
57568   57245   10.67   98.76
57581   57055   9.15    104.82
57581   57945   5.14    75.11
57593   57243   7.43    80.34
57593   57917   8.00    79.92
57600   57813   0.00    31.11
57613   58194   10.30   98.37
57616   58198   7.83    109.33
57641   57349   5.50    79.01
57648   57903   8.80    127.07
57648   57870   7.33    35.32
57648   57600   14.33   37.34
57652   57392   8.89    69.43
57656   58513   12.29   139.98
57658   58224   6.50    104.94
57659   57294   0.00    98.45
57676   58263   0.00    88.97
57680   57296   12.21   107.58
57680   58022   12.80   89.30
57718   57813   3.00    45.26
57718   57934   9.83    46.79
57752   57156   0.00    109.95
57765   57364   6.50    80.05
57765   58359   11.00   97.44
57796   57307   0.00    76.65
57813   57870   11.50   38.13
57823   58026   3.00    41.99
57851   57877   0.00    6.42
57868   57488   8.67    65.42
57870   58112   11.50   128.40
57877   57928   0.00    8.70
57884   57968   10.00   63.65
57917   58374   7.00    84.72
57917   57223   6.67    148.77
57921   58592   12.90   128.89
57921   58351   9.33    108.46
57928   58606   20.00   111.97
57934   57868   12.67   33.10
57943   57392   8.11    109.83
57945   58316   4.00    75.13
57967   57593   9.67    69.67
57967   57641   8.25    79.01
57968   57097   9.31    149.73
57968   58025   10.00   61.67
57978   58088   20.00   33.88
57978   57613   19.56   97.60
57981   57823   6.50    26.58
57981   58181   8.13    99.68
58022   58402   10.55   90.02
58025   57229   10.83   131.23
58026   58817   10.10   131.33
58026   57981   20.00   36.23
58063   57934   0.00    33.71
58064   58194   0.00    31.52
58074   58617   20.60   88.86
58078   57426   9.00    112.56
58078   57659   8.67    98.48
58088   57390   12.69   113.03
58088   58284   7.25    68.36
58112   58371   14.64   128.55
58124   57444   0.00    111.83
58136   58094   8.00    10.17
58166   57662   11.91   133.48
58181   58714   7.25    103.51
58194   58334   6.50    23.26
58213   57581   7.25    94.59
58224   58774   11.70   104.95
58263   58078   10.80   28.65
58284   58515   3.63    72.70
58284   57796   6.09    76.65
58316   57561   10.00   114.40
58316   58739   7.15    88.91
58318   57967   7.25    82.31
58334   58753   14.33   65.36
58351   58774   19.90   108.46
58359   58892   16.92   102.87
58359   58941   14.33   94.61
58374   58892   8.23    86.35
58374   57765   11.00   119.57
58376   57775   7.71    149.44
58376   57967   9.59    80.37
58404   57487   11.30   141.20
58404   58213   10.00   61.52
58429   57752   0.00    110.51
58449   58136   9.15    76.12
58454   58334   9.80    65.57
58454   57978   7.00    79.29
58458   58063   0.00    80.65
58489   58404   1.00    27.40
58492   58523   20.00   24.80
58497   58817   2.60    80.84
58508   57943   9.72    109.83
58513   58852   3.00    53.12
58515   58263   11.20   41.39
58523   58629   13.50   107.28
58572   58497   2.43    80.11
58585   58213   8.63    80.32
58592   59303   10.22   128.89
58606   59227   0.00    109.93
58617   58489   0.00    41.48
58617   59054   6.75    88.18
58629   58756   9.00    107.26
58663   58166   6.00    133.48
58665   57868   0.00    125.21
58681   58454   9.07    123.13
58681   58284   6.62    63.43
58685   57968   5.33    114.40
58694   58063   1.00    97.72
58714   58572   7.90    101.99
58739   58925   6.60    40.55
58749   58376   7.03    82.87
58753   59476   10.86   108.66
58753   58986   6.76    122.32
58774   59223   13.29   111.77
58776   58374   7.80    77.98
58776   59302   15.30   88.36
58776   58318   9.83    84.24
58795   58376   9.06    80.17
58795   58449   9.69    82.86
58817   58515   16.60   121.03
58826   58404   9.80    84.01
58839   58124   0.00    112.02
58852   58617   0.00    62.68
58852   59307   9.43    91.54
58887   59213   9.56    81.21
58887   58449   11.25   80.35
58888   58839   0.00    6.40
58892   59433   10.91   91.15
58919   58508   8.12    79.16
58925   58025   11.50   141.38
58925   59451   11.60   103.80
58941   59250   5.75    52.61
58941   58513   3.00    79.91
58958   58458   0.00    116.22
58983   58585   7.43    80.21
58983   58739   3.00    61.19
58986   59476   10.69   119.31
58986   59126   11.95   71.27
59054   59507   8.80    88.05
59126   58681   7.73    67.56
59145   58515   7.20    97.64
59174   58887   10.89   59.23
59185   58795   8.27    83.56
59190   58402   11.74   148.09
59190   58663   10.17   133.48
59208   58458   8.00    114.66
59208   58958   15.00   109.69
59213   59754   11.29   105.13
59213   58795   8.18    80.08
59223   59643   13.83   111.77
59227   59251   0.00    16.83
59234   58749   7.67    84.78
59234   59747   8.00    88.69
59234   58776   7.40    87.58
59236   58826   11.00   83.80
59236   58983   6.50    61.55
59250   59444   0.00    29.03
59250   59407   0.00    30.52
59251   59520   0.00    100.63
59268   59504   11.20   103.82
59274   58572   10.33   109.87
59302   59812   13.25   88.36
59307   59731   5.00    91.32
59355   58694   10.00   97.69
59355   59208   0.00    68.04
59407   59978   12.29   129.19
59407   59444   0.00    15.23
59433   59955   7.86    95.28
59433   58941   9.83    90.90
59444   60194   0.00    133.31
59447   58774   7.37    123.35
59451   58685   11.29   114.40
59451   59799   8.86    76.09
59475   59886   9.80    93.75
59476   59511   9.24    76.55
59502   58983   9.13    100.90
59504   60233   10.00   119.39
59504   59728   8.67    81.84
59507   59868   4.00    85.20
59507   59236   20.00   65.05
59511   58665   20.00   125.23
59511   59355   2.50    73.24
59520   58888   0.00    95.26
59522   59213   15.00   58.68
59596   59475   7.38    90.15
59596   59126   10.33   72.27
59598   59174   9.26    80.36
59628   59190   9.56    113.73
59643   60070   12.43   111.77
59684   59234   9.20    87.80
59684   59185   10.00   85.29
59684   60192   9.83    89.05
59686   59236   4.75    93.20
59713   59145   12.10   96.30
59713   59596   9.40    63.73
59728   59974   8.44    96.99
59731   59507   5.33    60.51
59731   60118   13.25   84.57
59745   59268   14.33   106.52
59747   60260   8.07    88.69
59754   60129   7.88    66.85
59786   59799   0.00    23.79
59799   59949   6.88    67.27
59799   60651   7.00    133.09
59812   59433   7.80    76.57
59812   60298   8.85    85.07
59817   59786   0.00    23.06
59826   59754   10.00   36.26
59868   60301   4.67    85.39
59898   59522   8.43    80.43
59922   60130   10.55   96.83
59922   59596   9.00    59.75
59938   59713   8.74    121.38
59938   59274   11.27   109.89
59942   59447   13.20   121.38
59949   59502   7.40    100.86
59949   60117   3.00    65.17
59955   60529   4.75    95.27
59974   59938   0.00    5.27
59978   59731   5.83    66.40
59978   60384   10.75   83.38
59994   59598   10.25   80.44
60045   59628   9.68    113.64
60068   60560   11.50   91.47
60068   59745   7.43    104.72
60070   60045   3.00    5.70
60097   59942   0.00    117.40
60102   60097   0.00    3.18
60111   60102   0.00    15.69
60113   59520   0.00    114.71
60115   60111   0.00    6.47
60117   59686   8.67    93.09
60117   60217   8.17    34.15
60118   60466   6.40    69.17
60129   60647   10.22   88.75
60129   59684   8.17    89.13
60130   60342   13.71   96.83
60192   60715   7.77    89.05
60194   59978   10.00   53.57
60217   60253   0.00    13.95
60233   60603   6.27    60.59
60245   59826   5.71    80.81
60248   60070   11.08   46.13
60253   60301   10.75   19.35
60260   59812   9.20    88.63
60260   61077   7.93    146.63
60273   60115   8.84    142.20
60298   60779   8.33    84.94
60301   60959   0.00    106.33
60301   60466   13.71   65.02
60326   59898   11.17   80.39
60342   60482   11.92   73.20
60342   59974   10.00   56.54
60384   60118   10.00   67.75
60384   60863   12.00   85.85
60401   60233   12.38   87.37
60425   60490   8.45    21.20
60425   60273   8.83    142.23
60434   60248   19.94   51.30
60440   59922   11.00   81.07
60466   61138   8.57    110.35
60482   60603   12.38   61.03
60482   59728   11.50   121.84
60490   60651   1.00    40.85
60497   60068   3.30    145.36
60529   60194   8.13    81.36
60529   60978   8.64    83.66
60535   60943   4.67    83.62
60550   60045   3.00    101.55
60560   60401   19.22   87.29
60560   61092   11.29   105.77
60568   60509   9.09    131.09
60577   59949   7.67    94.90
60603   60680   8.67    40.76
60640   60568   10.08   131.11
60647   61133   8.50    88.76
60651   61060   8.67    67.14
60653   60326   8.63    81.90
60653   60245   8.00    80.81
60680   60894   13.33   108.73
60688   60384   0.00    78.72
60699   60113   0.00    113.92
60703   60117   7.60    90.05
60715   60260   7.43    88.59
60715   61398   9.31    124.05
60727   60640   10.00   131.12
60727   60434   7.86    68.86
60739   61437   5.55    115.78
60746   61213   6.43    80.47
60746   60739   10.00   25.18
60760   60248   9.44    104.80
60779   60529   12.60   68.00
60841   60434   0.00    82.58
60863   61420   11.50   93.46
60894   61092   10.46   108.73
60926   60129   9.57    130.24
60939   61153   9.20    109.30
60939   60440   10.00   81.57
60943   60653   10.13   77.95
60943   61354   10.00   80.14
60954   60680   8.80    75.61
60959   61638   14.71   106.47
60978   61432   4.46    83.46
60978   60688   8.14    78.72
61011   60550   7.80    101.73
61037   60653   12.00   79.98
61060   61193   6.50    23.22
61060   61156   5.33    62.15
61077   61410   9.25    60.64
61077   60779   12.30   83.48
61092   61530   10.50   85.66
61092   61264   14.94   92.48
61109   60943   10.83   41.34
61133   60715   4.86    88.12
61133   61721   9.00    100.82
61138   61754   11.25   94.97
61140   60863   10.75   79.75
61153   61379   9.50    109.35
61156   61240   6.50    62.96
61156   60577   8.67    94.95
61174   60739   20.33   142.66
61193   61800   11.40   93.12
61208   61604   7.25    91.24
61208   60841   9.92    82.41
61213   61736   11.50   80.58
61217   60954   7.80    75.61
61233   61011   13.25   54.77
61233   60760   7.57    104.74
61240   60703   7.00    90.18
61249   60727   8.59    90.63
61264   60497   7.40    150.23
61264   61333   20.76   80.49
61333   60699   0.00    115.53
61360   61011   8.57    68.73
61379   61217   3.00    40.22
61398   61077   8.11    82.87
61410   61702   8.18    46.91
61420   61138   7.80    78.64
61420   62001   8.25    93.47
61432   61140   9.57    79.89
61432   61917   8.92    82.79
61437   62160   14.50   115.38
61443   61208   10.22   50.54
61443   61233   10.00   51.33
61444   60978   11.47   128.86
61497   61217   9.86    52.45
61528   60939   9.29    145.68
61530   61967   11.50   85.71
61578   61360   20.00   51.23
61578   61233   11.20   70.65
61581   61892   7.88    49.87
61604   62133   20.00   94.50
61620   61109   6.25    80.80
61638   62304   3.00    106.43
61646   61682   9.40    5.00
61663   61828   8.41    86.77
61663   61916   6.50    41.35
61663   61528   11.20   61.44
61663   61379   6.86    71.83
61681   61497   12.67   91.63
61682   62040   14.33   61.25
61682   61581   9.78    127.78
61691   61193   13.20   88.32
61702   62005   12.75   60.24
61721   61398   5.33    80.59
61721   62166   8.86    83.13
61736   62075   9.92    60.50
61736   61528   9.47    133.03
61747   61432   10.00   75.91
61754   62352   8.73    94.97
61756   61133   8.64    121.90
61756   60926   0.00    131.00
61777   61240   9.50    81.04
61790   61443   9.50    77.43
61800   61952   3.00    27.33
61808   61578   0.00    88.03
61828   61974   8.07    86.77
61832   61249   9.40    90.63
61834   61156   10.33   106.71
61862   61681   10.27   91.71
61892   62250   10.88   59.59
61894   61712   15.29   31.16
61916   62289   9.36    59.79
61917   61420   10.25   126.91
61917   62404   11.47   82.47
61928   61282   10.22   122.22
61928   62042   11.20   21.33
61936   61952   0.00    14.94
61936   61800   20.00   28.56
61952   62520   10.44   82.92
61964   61894   10.06   141.64
61967   62173   0.00    31.04
61967   62219   11.42   48.39
61974   61993   10.00   9.59
61987   61916   10.84   89.33
61993   62032   10.00   15.70
61993   61497   6.86    97.33
62001   62636   8.73    93.47
62005   61747   12.36   75.91
62005   62526   8.83    83.24
62016   61928   0.00    21.38
62024   62016   11.00   30.88
62030   61862   9.55    95.94
62032   62044   11.50   4.61
62040   61892   12.15   129.31
62040   62464   11.29   60.89
62042   62016   4.40    23.79
62044   62217   9.94    85.40
62044   62512   10.87   68.79
62054   61620   12.17   85.78
62064   62996   8.67    145.63
62075   61987   10.40   89.31
62088   61790   4.67    77.43
62108   62086   13.63   17.80
62133   62088   0.00    18.01
62133   62202   0.00    10.37
62153   61691   12.60   88.54
62153   62042   8.33    55.34
62160   62075   12.36   58.82
62160   62540   11.25   57.13
62166   61648   10.00   138.50
62166   62671   6.50    84.02
62173   62219   8.67    26.25
62194   62830   20.00   90.95
62194   62108   10.12   59.71
62197   61917   10.00   75.14
62200   61721   10.21   134.65
62200   61756   13.71   74.16
62215   62048   12.55   26.30
62217   62418   9.55    86.48
62217   61862   11.00   61.87
62219   62362   8.96    60.83
62227   62030   11.82   95.90
62227   62173   9.02    46.55
62231   61756   8.11    100.86
62232   61808   7.82    90.98
62250   62684   11.29   63.55
62260   61894   8.11    60.96
62272   61777   8.12    81.07
62272   62298   10.00   32.21
62276   62036   11.50   37.00
62289   62194   12.56   64.34
62289   62673   10.63   56.69
62297   61467   12.07   131.87
62297   62160   3.00    50.38
62298   62499   21.90   44.38
62299   62298   0.00    3.50
62302   62299   0.00    14.87
62304   62302   0.00    12.95
62315   61936   10.00   67.63
62315   62153   8.75    39.53
62346   62005   20.00   80.67
62352   62304   30.00   60.61
62353   62227   10.15   56.62
62362   62382   8.36    11.16
62394   62260   11.68   138.94
62404   62921   8.84    81.69
62425   62289   11.30   115.66
62464   62879   9.18    60.70
62464   62250   10.50   130.11
62480   62934   13.08   65.81
62484   62411   0.00    11.63
62484   62812   9.58    74.00
62499   62272   11.50   30.57
62499   62534   3.63    64.79
62512   63310   16.20   117.45
62520   62315   6.40    51.40
62523   62166   12.44   83.37
62526   62197   15.38   75.14
62526   63038   9.29    82.21
62534   61834   9.27    106.71
62534   62520   9.40    61.91
62540   62945   13.22   59.20
62540   62425   10.12   115.66
62601   62933   0.00    96.09
62636   62352   11.50   76.60
62671   62346   11.50   80.67
62671   63194   8.67    82.33
62673   63507   6.16    120.82
62676   62260   11.09   61.48
62684   63536   6.88    125.08
62684   62297   10.17   76.75
62740   62108   13.63   92.29
62767   62673   12.67   65.84
62796   62676   11.75   136.57
62812   62512   11.75   136.55
62812   63310   7.17    127.24
62830   63429   8.50    90.95
62853   62767   11.50   78.50
62863   62526   11.50   80.74
62872   62787   0.00    33.44
62872   63573   5.00    112.94
62877   62200   6.80    95.70
62877   62523   14.90   83.30
62879   62684   11.35   130.95
62883   62884   0.00    0.83
62883   62872   0.00    2.79
62884   62905   0.00    10.16
62891   62297   10.00   84.39
62905   62912   0.00    2.48
62912   62934   3.00    10.25
62921   62636   3.00    56.10
62933   62276   0.00    97.84
62934   63126   9.85    28.66
62934   63092   11.50   82.80
62945   63336   6.40    63.18
62945   62853   0.00    78.51
62956   62676   11.33   38.62
62956   62879   10.83   60.90
63026   63355   7.52    63.25
63038   63562   10.80   86.72
63038   62404   6.50    149.94
63092   63355   5.33    83.75
63096   62671   3.00    96.63
63103   63949   9.86    125.05
63103   63101   3.00    58.63
63109   62956   3.00    21.69
63126   63868   9.65    146.39
63129   62812   6.40    60.78
63171   62767   8.67    59.07
63194   62863   7.20    80.74
63194   63706   8.14    82.94
63208   63109   10.05   134.65
63240   62921   9.36    76.01
63250   63405   0.00    87.38
63310   63374   10.43   64.04
63310   63702   8.25    59.42
63336   63171   8.57    139.52
63336   63715   10.27   60.64
63355   63672   0.00    59.53
63355   64020   2.00    146.37
63369   63038   8.05    80.82
63374   62740   9.00    92.29
63374   63429   11.92   62.26
63405   63607   0.00    87.47
63429   63507   12.71   70.35
63445   62891   15.56   84.48
63477   63096   5.80    96.58
63489   63109   13.25   59.20
63507   63935   7.13    59.53
63536   63445   9.60    65.52
63536   63957   4.75    58.60
63562   63240   4.67    76.01
63573   64295   6.43    113.13
63574   63171   11.50   60.26
63592   63194   11.92   97.22
63607   63842   0.00    105.22
63607   62996   0.00    96.40
63609   63489   9.13    134.36
63642   63598   0.00    6.76
63642   64020   9.00    68.25
63672   63868   10.00   39.60
63672   64304   13.25   145.10
63706   63369   6.50    80.82
63706   64257   10.06   92.06
63715   64127   10.17   65.33
63715   63574   6.43    124.26
63792   64263   13.20   71.86
63868   64420   40.00   112.15
63923   63489   9.83    61.07
63935   63986   9.40    7.77
63949   64817   9.80    131.15
63949   63893   5.33    31.75
63957   64736   7.58    117.36
63991   63957   0.00    25.91
63993   63574   10.20   59.20
64014   63592   8.17    97.25
64017   64068   0.00    9.67
64019   63445   12.64   81.64
64020   64304   13.33   59.74
64020   64263   4.25    105.99
64025   63923   10.76   131.40
64037   63101   11.17   139.44
64037   63949   7.80    59.49
64046   63562   9.24    108.17
64068   64464   10.00   60.29
64088   63706   6.50    92.79
64127   64190   6.40    8.79
64133   64037   11.50   62.89
64133   63923   11.50   33.11
64257   64046   8.66    54.96
64263   64445   9.20    141.72
64263   64690   11.50   60.60
64295   64286   5.19    93.56
64299   64133   15.00   26.44
64299   64368   16.41   39.15
64304   64690   13.25   144.34
64304   64507   3.00    40.95
64368   64416   9.03    85.05
64368   65055   13.77   102.38
64419   64464   0.00    40.66
64445   63959   8.75    78.37
64456   64088   3.00    92.79
64464   64970   10.00   83.81
64507   64568   7.50    10.14
64547   64019   9.00    81.61
64559   64419   26.67   83.71
64559   64190   9.06    59.05
64586   64257   13.33   88.59
64651   64046   13.82   130.02
64690   65155   3.00    66.71
64690   64862   3.25    132.44
64862   64445   13.25   59.45
64916   64507   8.80    89.35
64918   64037   11.90   130.58
64934   64586   9.67    88.59
64967   64419   0.00    76.83
64970   65543   6.50    85.54
65118   64559   1.00    86.43
65155   64916   7.17    87.97
65189   65793   0.00    117.29
65454   64728   10.00   106.55
65456   64651   12.43   133.35
65460   65540   0.00    139.18
65476   64967   11.00   76.83
65476   65538   0.00    20.25
65489   64862   6.83    93.50
65538   65118   0.00    84.23
65540   65325   0.00    139.25
65543   65611   18.43   62.23
65543   65673   6.50    18.93
65611   65476   0.00    19.13
65611   65538   0.00    29.88
65793   66085   0.00    49.60
65793   65460   0.00    140.89
65867   65193   0.00    102.07
66085   66223   0.00    19.98
66223   66347   0.00    19.79
66318   66347   0.00    118.03
66347   66460   0.00    45.21
1 3 48219 48196 49618 48977 51620 51679
2 2 61398 60715 59978 60194
3 2 58888 59520 59274 59938
4 3 52831 53093 50917 51101 49483 49105
