1988 5161 3 12 4 3 3781.87 1393.32
107627  70
107776  70
107970  70
108113  70
108570  70
109105  70
109352  70
109438  70
109619  70
109982  70
110024  70
110326  70
110533  70
110631  70
111224  70
111353  70
112002  19
112363  42
112491  42
112612  42
113582  70
113790  70
114024  70
114379  70
114385  42
114703  42
114918  70
114988  70
115024  70
115077  70
115159  42
115536  42
115578  42
115634  42
115762  42
115782  42
115850  42
115860  42
115878  42
115932  42
116281  70
116319  42
116367  42
116384  42
116901  42
116948  70
116969  42
117011  42
117244  42
117395  42
117538  42
117852  42
119365  42
119743  42
120583  70
120883  42
121311  42
122085  70
122208  42
122359  42
122792  70
123030  42
123224  70
123874  42
123975  70
124162  42
124518  70
124663  42
124777  42
125121  70
125126  42
125145  70
125251  70
125284  42
125605  42
126117  42
126251  70
126323  42
126329  42
126526  42
126585  70
126606  42
126774  42
126843  70
126850  42
127458  42
127729  42
127835  42
128055  42
128130  42
128581  42
129220  42
129499  42
129561  42
130124  42
130192  42
130320  42
130412  42
130691  42
107337  70
107484  70
107497  70
107887  70
107994  70
108004  70
108007  70
108091  70
108147  70
108148  70
108187  70
108215  70
108271  70
108345  70
108398  70
108417  70
108435  70
108448  70
108538  70
108552  70
108652  70
108662  70
108681  70
108702  70
108837  70
108843  70
108864  70
108927  70
108928  70
108969  70
108999  70
109024  70
109075  70
109098  70
109147  70
109197  70
109270  70
109301  70
109321  70
109322  70
109372  70
109421  70
109461  70
109508  70
109510  70
109512  70
109530  70
109543  70
109555  70
109568  70
109599  70
109603  70
109606  70
109610  70
109661  70
109679  70
109690  70
109697  70
109726  70
109737  70
109821  70
109826  70
109849  70
109850  70
109888  70
109973  70
110003  70
110081  70
110089  70
110102  70
110117  70
110132  70
110176  70
110180  70
110205  70
110220  70
110265  70
110277  70
110289  70
110316  70
110335  70
110355  70
110377  70
110411  70
110481  70
110485  70
110491  70
110495  70
110545  70
110549  70
110560  70
110561  70
110565  70
110576  70
110583  70
110588  70
110597  70
110609  70
110624  70
110629  70
110635  70
110646  70
110651  70
110687  70
110702  70
110716  70
110725  70
110753  70
110766  70
110767  70
110776  70
110784  70
110803  70
110819  70
110826  70
110848  70
110857  70
110875  70
110882  70
110888  70
110892  70
110898  70
110901  70
110908  70
110928  70
110977  70
110981  70
111023  70
111046  70
111069  70
111075  70
111080  70
111088  70
111102  70
111117  70
111135  70
111191  70
111219  70
111233  70
111283  70
111295  70
111309  70
111320  70
111337  70
111369  70
111383  70
111392  70
111397  70
111414  70
111445  70
111448  70
111464  70
111485  70
111491  70
111504  70
111524  70
111527  70
111531  70
111549  70
111551  70
111552  70
111559  70
111594  70
111618  70
111629  70
111636  70
111650  70
111662  70
111676  70
111728  70
111751  70
111761  70
111784  70
111786  70
111789  70
111830  70
111845  70
111857  70
111868  70
111870  70
111893  70
111934  70
111950  70
111953  70
111967  70
111979  70
111986  70
111989  70
111994  70
111999  70
112000  70
112010  70
112015  70
112078  70
112107  70
112111  70
112139  70
112149  70
112159  70
112175  70
112189  70
112198  70
112211  70
112229  70
112282  70
112288  42
112297  70
112314  70
112337  70
112364  70
112365  42
112371  70
112388  70
112409  42
112410  70
112413  70
112422  70
112429  70
112438  70
112445  70
112450  70
112457  70
112495  70
112533  70
112544  70
112550  70
112566  70
112567  70
112580  70
112589  70
112619  42
112627  70
112629  70
112634  70
112643  70
112648  42
112653  70
112657  70
112670  70
112673  70
112676  70
112704  70
112727  70
112732  70
112738  70
112743  70
112747  70
112751  70
112755  70
112772  70
112775  70
112796  70
112813  42
112815  70
112823  70
112865  70
112887  70
112900  42
112918  42
112948  70
112963  70
112964  70
112968  70
113009  70
113013  70
113015  70
113016  42
113123  70
113132  70
113133  70
113134  42
113136  70
113144  70
113163  42
113177  70
113190  70
113198  42
113203  70
113211  42
113217  42
113237  70
113242  70
113245  42
113255  70
113266  70
113294  70
113307  70
113318  70
113323  70
113332  70
113355  70
113362  70
113372  70
113388  42
113399  70
113401  70
113404  70
113417  70
113429  70
113445  42
113454  42
113498  70
113499  70
113532  70
113535  42
113541  70
113553  42
113556  42
113570  70
113571  70
113583  70
113584  70
113585  42
113666  70
113668  70
113671  42
113684  70
113692  70
113706  70
113711  70
113719  70
113725  70
113736  42
113752  70
113763  70
113786  70
113818  70
113821  70
113823  70
113828  70
113836  70
113855  70
113871  42
113875  42
113879  42
113886  70
113892  70
113914  42
113915  70
113924  42
113943  42
113952  70
113955  42
113957  70
113979  70
113990  42
113996  70
114016  70
114038  70
114052  70
114063  70
114067  70
114082  70
114098  42
114109  70
114135  42
114174  70
114205  42
114209  42
114233  70
114252  70
114254  42
114256  42
114265  70
114267  70
114268  70
114271  70
114275  70
114295  70
114338  70
114351  42
114356  42
114374  42
114375  42
114392  70
114407  70
114417  42
114433  42
114480  70
114486  70
114492  70
114493  42
114495  70
114500  70
114520  70
114538  70
114562  42
114566  70
114570  70
114573  70
114602  42
114606  70
114617  42
114654  70
114666  70
114675  70
114732  42
114739  42
114750  42
114766  70
114775  42
114778  70
114783  70
114784  42
114793  70
114795  42
114806  42
114821  70
114846  42
114851  70
114859  70
114874  70
114888  70
114892  42
114894  70
114905  70
114911  70
114929  70
114943  42
114953  42
114962  70
114969  42
114973  70
114974  70
114981  42
114984  42
114992  70
114998  70
115001  70
115005  70
115012  70
115043  70
115046  42
115067  42
115069  70
115079  42
115089  42
115091  42
115092  70
115093  70
115110  42
115143  42
115147  42
115169  42
115186  70
115194  42
115196  70
115220  42
115223  70
115226  42
115232  70
115243  70
115247  70
115250  42
115272  70
115280  42
115299  42
115302  70
115311  42
115329  70
115333  42
115342  42
115343  42
115348  42
115370  70
115391  70
115408  42
115414  70
115427  42
115429  70
115434  42
115438  42
115448  42
115449  42
115452  70
115471  42
115476  70
115478  70
115494  42
115495  42
115504  70
115505  42
115506  70
115511  70
115521  70
115526  70
115537  70
115543  42
115558  70
115570  42
115571  70
115583  70
115586  42
115597  70
115599  70
115610  42
115615  42
115623  70
115633  70
115644  70
115648  70
115664  70
115673  42
115687  42
115689  42
115690  42
115695  70
115711  70
115720  70
115740  42
115766  42
115770  42
115789  70
115797  42
115804  42
115815  42
115816  42
115825  70
115831  70
115832  42
115833  42
115834  42
115849  42
115851  42
115852  42
115864  42
115871  42
115891  42
115903  42
115905  42
115908  70
115913  42
115914  70
115927  42
115928  70
115937  42
115941  70
115944  42
115945  70
115961  42
115968  42
115972  70
115982  70
115988  42
116005  70
116008  42
116017  42
116020  42
116025  70
116028  42
116037  70
116050  70
116055  70
116069  70
116080  70
116083  70
116101  42
116103  70
116108  70
116124  42
116126  42
116129  70
116145  42
116150  70
116152  70
116154  70
116171  42
116172  42
116195  42
116198  70
116201  70
116205  70
116210  42
116229  42
116251  42
116259  70
116267  70
116279  42
116280  42
116287  42
116297  70
116303  70
116305  70
116325  42
116330  70
116331  70
116335  70
116348  42
116362  42
116364  70
116365  70
116368  70
116370  70
116377  42
116391  42
116396  70
116403  42
116418  70
116422  42
116446  70
116447  42
116454  42
116466  42
116474  70
116484  70
116490  70
116492  42
116493  70
116512  42
116515  70
116516  70
116518  42
116532  70
116535  70
116536  70
116541  42
116542  42
116544  70
116547  42
116554  42
116561  70
116564  42
116576  70
116585  70
116587  42
116598  42
116622  42
116641  70
116643  42
116649  70
116650  42
116667  42
116669  70
116670  42
116673  70
116676  42
116690  42
116692  42
116694  70
116702  42
116720  70
116736  70
116758  42
116764  42
116766  42
116777  70
116785  42
116794  42
116797  42
116800  42
116807  70
116809  42
116810  70
116814  42
116816  70
116818  42
116830  70
116836  70
116840  70
116841  42
116869  70
116885  42
116902  70
116920  70
116925  70
116938  42
116951  70
116955  70
116976  42
116979  70
116984  42
116988  70
116990  70
117008  70
117015  70
117023  42
117034  42
117046  42
117053  70
117057  70
117058  42
117078  70
117079  70
117081  42
117088  42
117090  42
117094  70
117096  70
117114  42
117117  70
117121  42
117125  42
117136  70
117147  70
117150  42
117156  42
117161  70
117192  42
117208  42
117209  42
117212  42
117218  42
117220  42
117226  42
117262  70
117272  42
117278  42
117296  70
117299  42
117314  42
117317  42
117328  70
117336  70
117341  42
117353  70
117354  42
117359  42
117361  70
117372  42
117386  70
117388  70
117390  70
117393  70
117394  42
117396  42
117401  70
117404  42
117419  70
117425  70
117432  70
117474  70
117479  42
117480  70
117488  70
117507  70
117516  70
117517  70
117527  42
117532  42
117535  70
117537  42
117541  42
117546  70
117551  42
117556  70
117565  70
117566  70
117568  42
117573  70
117591  70
117593  70
117598  42
117606  42
117619  42
117622  42
117632  42
117637  70
117642  70
117644  70
117646  70
117664  70
117666  70
117673  42
117679  70
117688  70
117692  42
117699  42
117715  70
117726  42
117733  70
117757  42
117761  70
117794  70
117795  42
117807  70
117817  42
117836  42
117845  42
117851  42
117853  70
117861  70
117862  70
117875  70
117904  42
117910  42
117912  70
117932  42
117940  42
117956  70
117961  70
117974  70
117977  70
117983  70
117984  70
117987  42
117998  70
118010  42
118016  42
118040  42
118042  42
118044  70
118046  70
118058  70
118061  70
118065  70
118072  42
118074  42
118077  70
118082  42
118091  42
118104  70
118106  42
118121  70
118149  42
118172  42
118174  70
118180  70
118182  70
118183  70
118190  42
118191  42
118192  70
118206  42
118213  42
118214  42
118215  70
118237  42
118240  42
118244  42
118246  70
118249  42
118253  70
118260  42
118275  42
118277  70
118284  42
118290  42
118304  42
118305  70
118327  42
118340  42
118344  42
118355  42
118372  42
118387  70
118399  70
118401  70
118405  70
118406  42
118409  70
118414  42
118421  70
118427  70
118432  42
118433  70
118437  70
118447  42
118448  42
118477  70
118482  70
118485  42
118490  70
118506  70
118513  70
118514  42
118521  70
118523  42
118530  42
118535  70
118538  42
118551  70
118554  70
118574  70
118581  42
118583  42
118585  42
118594  70
118608  70
118623  70
118633  70
118636  70
118637  42
118645  42
118649  70
118651  70
118654  42
118658  70
118669  70
118674  70
118676  70
118698  70
118699  42
118717  70
118718  70
118722  70
118723  42
118733  70
118736  70
118748  70
118750  42
118757  70
118763  70
118766  42
118777  42
118803  42
118817  42
118831  42
118838  70
118859  42
118860  70
118862  42
118869  42
118884  70
118887  42
118892  42
118893  42
118896  42
118901  70
118905  70
118912  42
118915  70
118930  42
118940  42
118946  42
118947  70
118948  70
118961  70
118985  42
118998  42
119004  70
119016  42
119018  42
119036  70
119038  42
119040  70
119043  70
119056  42
119058  42
119060  42
119061  70
119064  42
119075  70
119087  70
119096  70
119119  42
119122  42
119132  42
119133  42
119137  42
119149  70
119161  70
119164  70
119165  42
119166  42
119179  42
119196  70
119197  42
119199  42
119210  42
119224  70
119256  70
119261  42
119263  70
119269  42
119273  42
119274  70
119314  70
119322  42
119327  70
119336  42
119351  70
119360  42
119369  70
119371  42
119374  42
119375  70
119377  42
119379  42
119380  70
119381  42
119383  70
119385  42
119393  42
119412  42
119422  42
119455  70
119456  42
119459  42
119464  70
119467  42
119470  42
119472  42
119496  42
119499  70
119519  42
119526  70
119535  70
119538  70
119542  70
119557  70
119558  42
119561  42
119567  70
119574  42
119575  42
119579  70
119591  42
119594  70
119597  42
119602  70
119609  70
119637  42
119638  70
119643  70
119646  70
119652  42
119655  70
119656  42
119657  70
119672  42
119676  70
119684  42
119693  70
119698  70
119706  42
119737  70
119740  42
119746  70
119748  42
119754  42
119795  42
119796  70
119800  42
119818  42
119831  42
119832  70
119842  42
119859  42
119875  42
119878  42
119889  70
119890  70
119894  42
119903  70
119907  70
119921  70
119941  42
119942  70
119956  42
119962  70
119981  70
119985  70
119986  70
120004  70
120015  70
120024  42
120036  42
120045  70
120053  70
120071  70
120082  42
120089  42
120090  42
120091  42
120096  42
120097  42
120100  42
120101  70
120102  42
120115  42
120116  70
120139  42
120150  42
120152  70
120168  70
120194  42
120209  70
120234  42
120237  70
120254  70
120261  70
120265  42
120268  42
120269  42
120275  70
120306  42
120307  70
120308  70
120316  70
120326  70
120327  70
120336  42
120344  42
120347  70
120351  42
120358  42
120359  42
120391  42
120392  70
120396  42
120406  70
120434  70
120436  42
120447  70
120450  70
120465  70
120471  70
120475  42
120489  42
120490  70
120491  70
120495  42
120502  70
120505  42
120532  42
120547  70
120569  42
120574  42
120581  70
120587  70
120601  42
120607  70
120609  70
120610  42
120620  42
120631  70
120640  42
120641  70
120658  70
120664  42
120668  42
120670  42
120708  70
120721  70
120729  42
120745  70
120754  70
120759  70
120767  42
120770  70
120772  70
120781  70
120794  42
120806  42
120815  42
120836  42
120841  70
120850  42
120851  42
120859  42
120868  70
120890  70
120899  42
120913  70
120925  70
120939  42
120949  70
120963  70
120974  42
120991  42
121002  70
121007  42
121012  70
121030  42
121056  42
121057  70
121082  42
121083  42
121108  70
121118  70
121131  42
121141  70
121146  70
121161  42
121182  70
121184  42
121185  42
121190  42
121206  70
121212  42
121219  70
121234  42
121264  70
121267  70
121268  42
121282  70
121289  70
121306  42
121309  42
121310  70
121321  42
121323  42
121332  70
121333  42
121339  42
121346  70
121354  70
121360  42
121370  70
121375  42
121376  70
121381  70
121394  42
121406  42
121427  70
121437  42
121452  70
121453  42
121461  42
121464  70
121471  70
121489  42
121493  42
121504  70
121510  42
121517  70
121523  42
121531  42
121534  42
121536  70
121542  42
121545  42
121562  42
121577  42
121581  42
121595  70
121597  42
121603  70
121608  70
121618  70
121624  42
121631  42
121639  70
121642  42
121650  42
121682  70
121684  42
121689  70
121699  42
121735  70
121746  42
121776  42
121781  42
121787  70
121800  42
121803  42
121804  70
121818  70
121834  70
121840  70
121847  70
121856  70
121862  42
121864  42
121868  70
121882  70
121883  70
121891  70
121907  70
121915  70
121919  70
121928  70
121930  70
121933  42
121935  42
121949  42
121951  70
121955  70
121975  42
121983  42
121989  70
121990  42
121997  70
122045  70
122051  70
122053  42
122055  42
122078  70
122089  70
122093  42
122101  42
122102  70
122123  42
122128  70
122133  42
122139  42
122140  70
122145  70
122164  42
122182  42
122190  70
122199  42
122201  70
122205  42
122207  70
122211  70
122213  42
122217  42
122219  42
122240  70
122243  42
122269  70
122282  42
122309  70
122312  70
122315  70
122320  70
122327  70
122342  42
122364  42
122365  70
122382  70
122385  42
122392  42
122394  70
122417  42
122418  42
122419  70
122420  70
122422  42
122426  70
122431  70
122432  42
122437  70
122440  70
122445  42
122456  42
122474  42
122477  70
122492  70
122493  42
122522  70
122529  70
122558  42
122561  42
122572  70
122573  70
122576  42
122586  42
122604  70
122611  42
122613  42
122635  70
122641  70
122648  70
122649  42
122656  70
122661  42
122700  42
122707  42
122716  42
122730  70
122736  70
122737  70
122741  42
122753  70
122754  70
122767  42
122770  42
122788  42
122801  42
122830  70
122867  42
122877  70
122878  70
122888  70
122891  70
122898  42
122899  42
122907  70
122914  70
122930  42
122940  42
122963  70
122971  70
122972  42
122975  42
122994  70
122997  42
122998  70
123003  70
123007  42
123009  70
123013  42
123027  42
123050  42
123057  42
123066  42
123095  70
123113  70
123115  70
123118  42
123126  42
123137  42
123145  70
123158  70
123171  42
123173  42
123175  42
123194  70
123213  70
123222  42
123234  42
123235  70
123238  70
123246  70
123254  42
123272  70
123278  70
123279  42
123283  42
123284  42
123288  70
123304  42
123309  42
123351  70
123367  42
123368  70
123371  70
123382  70
123398  70
123406  70
123425  42
123426  42
123436  70
123447  70
123461  70
123487  42
123490  42
123495  42
123506  42
123511  70
123514  70
123517  42
123530  70
123544  70
123549  70
123570  42
123573  70
123612  70
123617  70
123652  70
123653  42
123667  70
123683  42
123704  42
123712  42
123713  42
123714  70
123715  42
123717  42
123728  42
123738  70
123745  42
123763  42
123785  42
123787  70
123789  42
123828  42
123829  42
123838  70
123840  42
123842  70
123853  42
123855  42
123861  42
123866  42
123883  42
123915  42
123923  70
123926  42
123927  70
123940  70
123951  70
123962  42
123964  42
123969  42
123988  42
123991  70
124025  42
124036  42
124060  42
124061  70
124078  70
124094  70
124104  42
124111  42
124138  42
124144  70
124174  70
124205  70
124224  70
124229  42
124237  42
124238  42
124248  70
124258  70
124263  42
124268  42
124271  70
124274  70
124275  42
124278  70
124285  70
124295  70
124299  70
124304  42
124307  42
124311  70
124325  70
124329  70
124340  70
124341  42
124344  70
124346  70
124358  70
124364  70
124367  42
124369  70
124376  42
124392  42
124396  70
124398  42
124411  42
124412  70
124414  42
124416  42
124436  70
124440  42
124448  42
124454  42
124462  42
124470  42
124492  70
124495  42
124496  42
124500  42
124505  42
124514  42
124542  70
124543  42
124557  42
124559  42
124563  42
124564  42
124568  42
124571  70
124581  42
124591  42
124600  42
124607  42
124609  42
124610  42
124612  70
124624  42
124629  70
124636  70
124682  42
124710  42
124720  42
124733  42
124735  42
124746  70
124752  70
124767  42
124771  70
124786  42
124815  42
124830  70
124833  42
124850  42
124856  42
124898  70
124908  42
124925  70
124934  42
124942  70
124948  70
124950  42
124957  42
124960  70
124963  42
125005  42
125019  42
125032  70
125045  70
125060  70
125062  42
125067  42
125084  42
125089  42
125106  42
125119  42
125131  42
125138  70
125156  70
125158  42
125168  42
125174  42
125182  42
125187  42
125197  42
125206  42
125215  70
125229  42
125232  42
125245  42
125279  42
125280  70
125299  42
125312  70
125355  70
125388  42
125396  70
125400  42
125424  42
125432  42
125433  70
125440  42
125469  42
125492  42
125511  70
125513  42
125530  42
125538  70
125552  70
125580  42
125601  42
125610  42
125625  42
125627  70
125647  42
125665  42
125679  70
125689  42
125692  42
125698  42
125702  42
125712  42
125723  70
125731  42
125746  42
125751  42
125767  42
125768  42
125771  42
125772  42
125807  42
125823  42
125843  42
125849  70
125877  70
125878  42
125899  42
125914  42
125940  70
125952  42
125953  42
125961  42
125986  42
125990  42
126007  42
126013  42
126015  70
126016  70
126021  42
126029  42
126038  42
126085  42
126093  42
126098  42
126114  42
126145  42
126146  70
126170  42
126184  42
126187  42
126200  70
126206  42
126222  42
126227  42
126229  42
126233  42
126239  70
126246  70
126265  42
126273  42
126276  70
126282  42
126283  42
126292  42
126301  70
126317  42
126319  42
126325  42
126327  42
126341  42
126353  42
126402  42
126403  42
126407  70
126439  42
126444  42
126445  42
126463  42
126483  42
126485  42
126497  42
126522  42
126538  42
126571  42
126572  42
126586  42
126597  42
126613  42
126629  42
126635  42
126644  42
126646  42
126658  42
126673  42
126685  42
126695  42
126705  42
126708  42
126723  42
126733  42
126736  42
126738  42
126747  42
126749  70
126758  42
126760  42
126767  42
126802  42
126814  42
126820  42
126826  42
126833  42
126837  42
126846  70
126851  42
126854  42
126860  42
126864  42
126894  42
126912  42
126913  42
126950  42
126964  42
126968  42
126978  42
126989  42
126996  42
127009  42
127016  42
127035  70
127038  42
127080  42
127091  42
127100  42
127108  42
127121  42
127130  42
127154  42
127162  42
127177  42
127204  42
127209  42
127221  42
127222  42
127244  42
127258  42
127265  42
127273  42
127275  42
127286  42
127290  42
127312  42
127313  42
127329  42
127330  42
127333  42
127356  42
127357  42
127385  42
127398  42
127473  42
127504  42
127507  42
127508  42
127535  42
127543  42
127558  42
127568  42
127581  42
127589  42
127638  42
127675  42
127689  42
127691  42
127739  42
127746  42
127764  42
127801  42
127804  42
127857  42
127859  42
127861  42
127863  42
127871  42
127874  42
127889  42
127898  42
127937  42
127950  42
127970  42
127972  42
128018  42
128046  42
128073  42
128097  42
128120  42
128124  42
128205  42
128297  42
128331  42
128337  42
128343  42
128346  42
128354  42
128368  42
128467  42
128481  42
128484  42
128500  42
128553  42
128579  42
128596  42
128605  42
128673  42
128690  42
128753  42
128775  42
128777  42
128799  42
128809  42
128881  42
128915  42
128932  42
128937  42
128955  42
129013  42
129035  42
129069  42
129138  42
129147  42
129226  42
129238  42
129258  42
129283  42
129307  42
129337  42
129394  42
129398  42
129417  42
129445  42
129448  42
129450  42
129632  42
129636  42
129690  42
129709  42
129765  42
129774  42
129809  42
129885  42
129986  42
129996  42
130036  42
130059  42
130132  42
130157  42
130219  42
130411  42
130438  42
130441  42
130649  42
130931  42
107337  107497  12.29   31.12
107484  108007  11.50   96.20
107497  108004  10.24   107.41
107497  107484  8.33    93.00
107627  108148  7.86    125.70
107776  108215  12.75   96.89
107970  107994  0.00    138.52
107994  107337  7.80    104.93
107994  108004  12.44   75.69
108004  108007  8.63    55.34
108007  108091  2.00    14.74
108091  108435  11.50   58.40
108091  107887  0.00    47.71
108113  108843  10.75   111.78
108147  108398  0.00    36.00
108147  107994  7.00    26.45
108148  107887  50.00   49.54
108215  108552  4.00    95.87
108398  108681  3.00    46.36
108398  108271  10.59   143.46
108417  108147  11.20   40.06
108417  108398  3.00    25.70
108435  109197  7.06    123.65
108435  108417  11.63   141.63
108552  108148  7.90    56.66
108570  108681  18.00   136.56
108652  108187  9.38    106.30
108662  109098  3.00    143.40
108681  108702  20.00   26.93
108681  108837  10.00   24.86
108702  108417  8.00    47.51
108843  109568  8.00    112.09
108864  108702  7.91    30.19
108864  109301  8.67    83.68
108927  108662  8.13    42.93
108928  109098  3.00    99.34
108969  108448  3.70    111.03
108969  108652  8.67    67.32
108999  108345  9.80    109.88
109075  108538  8.78    94.11
109098  108969  0.00    21.73
109105  109737  8.44    101.95
109147  109512  0.00    78.43
109197  109461  11.50   43.81
109270  108927  3.71    64.05
109270  109421  0.00    28.15
109301  109197  2.33    85.36
109301  109606  0.00    56.68
109321  109024  7.00    81.01
109322  109147  0.00    76.42
109322  109098  9.00    52.08
109352  108928  0.00    101.49
109372  108864  9.81    106.96
109421  109826  0.00    66.72
109421  108927  3.00    128.60
109438  110316  10.73   136.53
109461  109508  11.50   8.31
109508  109821  3.00    47.74
109510  109301  0.00    81.60
109512  109461  0.00    24.54
109543  110289  7.83    124.01
109543  109322  4.67    64.73
109543  109270  9.80    55.32
109555  109508  7.00    32.15
109555  110089  2.33    108.79
109568  109661  0.00    14.31
109568  108999  10.00   109.36
109599  109024  7.88    100.97
109603  109322  8.62    107.60
109603  109512  20.00   23.47
109606  109555  7.63    36.44
109610  109321  8.13    81.05
109610  109075  7.22    95.03
109619  110205  15.80   100.89
109661  109610  5.33    83.97
109661  110265  20.00   92.56
109697  109543  3.00    60.48
109737  110335  6.32    100.82
109821  110495  10.73   100.14
109821  110102  12.67   73.75
109849  109603  3.00    55.93
109849  109697  11.50   58.49
109850  109372  8.68    107.24
109888  109510  0.00    83.63
109888  109606  6.00    65.30
109973  109888  0.00    19.81
109982  110491  0.00    82.54
110003  109726  3.00    88.13
110024  110377  0.00    84.45
110081  109679  0.00    100.92
110081  109973  0.00    25.51
110089  109973  2.00    108.04
110102  109849  0.00    50.00
110132  109690  3.00    114.46
110132  109530  20.00   108.27
110176  109599  6.22    100.75
110205  110355  0.00    24.15
110220  109610  9.86    99.19
110265  110908  8.67    92.58
110289  111080  9.20    124.05
110316  110819  9.38    104.05
110316  110646  3.00    48.71
110326  110888  13.67   95.18
110335  110766  6.18    97.51
110377  110205  3.00    57.74
110411  110081  10.00   67.78
110411  109850  11.20   124.52
110481  110132  10.00   51.98
110481  110560  8.42    41.74
110491  110377  11.67   97.36
110495  110565  9.50    43.32
110533  110901  20.00   108.75
110533  110767  0.00    35.13
110545  110491  5.33    21.35
110560  110776  8.67    100.83
110560  110898  0.00    51.03
110561  110583  1.00    24.82
110561  110892  3.00    52.97
110565  110102  8.19    73.91
110576  109697  11.50   143.53
110583  110117  0.00    76.03
110583  110545  0.00    24.10
110588  110597  0.00    4.54
110597  110702  0.00    16.98
110597  110629  0.00    24.73
110609  110624  8.00    24.13
110609  110481  6.43    103.36
110624  110003  2.00    92.05
110624  110753  3.00    32.10
110629  110277  0.00    58.07
110629  110635  0.00    2.25
110631  109849  0.00    126.22
110635  110561  0.00    23.15
110646  110977  20.00   49.27
110687  110411  9.80    62.58
110687  110180  6.57    110.85
110702  110635  0.00    20.29
110702  110826  0.00    20.40
110716  110545  0.00    26.67
110753  110977  0.00    54.93
110753  110646  0.00    32.83
110766  111485  8.15    106.66
110767  110901  0.00    92.70
110776  111102  0.00    101.78
110784  110687  9.00    20.70
110803  110766  3.00    41.25
110803  110176  11.50   100.73
110819  111445  14.33   106.27
110826  111075  1.00    41.81
110875  111219  5.60    112.90
110882  110220  10.29   99.26
110882  110803  7.25    62.07
110888  111464  11.50   95.46
110888  110588  2.33    85.67
110892  110716  0.00    46.53
110898  110928  8.67    4.53
110901  111088  8.67    63.03
110908  110882  5.83    29.49
110928  111283  0.00    52.87
110928  110875  3.00    36.75
110977  111445  15.75   120.60
110981  110826  1.00    44.60
111046  110549  8.67    95.11
111069  110485  6.00    134.01
111069  110784  8.00    53.59
111075  110892  0.00    44.32
111080  110908  8.58    40.99
111080  111524  8.67    69.04
111088  110784  7.62    62.17
111102  111309  13.52   57.06
111117  110609  1.00    124.40
111135  110898  12.76   95.05
111219  111676  9.00    114.25
111224  111397  2.00    133.07
111233  110651  27.20   93.81
111283  111650  2.00    57.66
111295  110981  1.00    51.99
111295  111075  0.00    45.97
111309  111448  11.20   40.45
111309  111967  4.50    133.57
111320  110725  0.00    92.36
111337  111069  7.21    43.72
111353  111761  8.67    75.96
111369  111102  21.89   45.19
111369  111135  15.75   94.95
111392  110848  5.00    90.21
111397  111088  8.27    45.17
111414  110857  16.00   87.63
111414  112139  0.00    148.65
111445  111485  9.70    73.32
111448  111629  1.00    59.61
111448  111979  2.50    105.98
111464  111295  0.00    44.75
111464  111629  0.00    30.42
111485  111594  2.00    17.81
111491  110576  9.30    143.43
111491  111080  8.64    69.76
111504  111023  1.00    79.91
111524  110882  15.75   98.27
111527  111397  2.33    18.62
111527  111531  0.00    24.16
111531  111383  0.00    107.85
111531  111551  0.00    91.61
111549  111950  5.90    127.38
111549  110875  0.00    106.89
111552  111994  6.17    97.38
111552  111283  3.00    117.03
111559  111117  3.00    123.91
111559  111934  0.00    66.46
111594  111559  16.83   64.86
111594  112337  11.69   127.26
111618  111464  0.00    60.42
111618  111046  3.00    96.48
111629  111636  0.00    2.68
111636  112198  15.22   115.75
111636  111830  9.83    62.25
111650  112282  6.65    119.42
111650  111549  7.67    52.71
111662  111552  10.25   53.03
111662  111369  9.83    56.44
111676  111934  13.63   112.72
111728  111527  7.25    35.49
111751  111233  20.00   93.81
111751  111618  14.33   51.33
111761  112111  9.80    75.68
111784  111414  11.50   65.61
111784  112229  9.08    95.56
111789  112567  8.54    139.40
111789  111650  7.45    54.79
111830  111989  9.40    76.31
111830  112107  3.00    60.26
111845  111337  6.25    98.79
111857  111320  9.44    92.33
111857  111491  8.67    71.99
111868  111728  7.33    124.23
111870  111392  4.67    90.21
111870  111751  0.00    57.98
111893  111870  0.00    57.34
111893  111504  4.00    79.98
111934  112297  0.00    61.72
111950  112149  7.75    77.88
111950  112743  13.90   135.56
111953  111337  9.07    132.55
111967  112653  9.57    133.43
111979  112445  7.00    85.50
111986  111893  3.00    55.63
111986  111191  11.50   149.01
111989  112175  3.00    76.31
111994  111789  0.00    45.62
111999  112410  0.00    78.76
111999  111868  0.00    48.90
112000  111857  6.50    38.22
112002  112365  16.71   111.72
112010  111662  6.50    79.99
112015  111728  5.91    59.91
112078  111524  10.50   109.47
112107  112438  11.50   62.22
112111  111986  19.00   44.94
112139  111999  0.00    36.24
112149  112297  13.83   77.42
112159  111784  9.60    73.01
112159  112000  9.33    30.74
112175  112314  0.00    52.81
112175  112450  5.75    65.03
112189  112000  3.00    73.18
112189  111524  7.80    133.05
112198  112732  8.07    91.84
112198  111979  20.00   59.95
112211  111549  5.14    124.37
112229  112738  1.67    95.56
112282  113015  8.58    119.38
112288  112648  7.31    92.64
112297  112337  6.14    59.60
112297  112743  7.25    122.07
112314  112589  10.00   66.27
112314  112629  11.65   113.28
112337  112643  6.48    49.91
112363  113163  6.78    129.82
112364  111845  0.00    107.88
112371  112410  0.00    15.04
112371  111868  6.78    87.23
112388  112189  10.80   75.36
112410  112544  0.00    35.36
112413  112010  3.00    79.90
112413  112495  10.00   17.27
112422  112772  0.00    61.72
112422  112107  11.20   121.36
112429  111786  1.00    125.71
112438  112673  3.00    42.83
112445  112948  10.00   85.64
112450  112422  0.00    9.02
112457  112015  10.29   109.86
112457  112371  11.29   15.37
112491  113217  0.00    122.11
112495  111994  15.33   79.61
112533  112015  8.10    86.34
112533  111953  8.67    121.88
112544  112580  0.00    9.34
112544  112865  0.00    61.08
112550  112450  0.00    34.91
112550  113133  6.43    98.53
112566  112159  10.50   75.74
112567  113401  8.00    129.55
112567  113203  5.47    104.07
112580  112139  3.00    83.82
112580  112627  0.00    12.53
112589  112550  3.00    14.59
112612  113388  5.30    126.69
112619  113134  8.00    140.10
112619  112288  9.13    53.40
112629  112775  11.74   82.78
112629  113016  8.06    133.61
112634  112438  3.00    65.71
112643  112747  9.44    24.52
112643  112676  0.00    23.49
112648  113134  5.67    95.13
112653  112413  3.00    60.22
112657  112533  11.50   23.78
112657  112727  3.00    42.11
112670  112078  9.83    109.07
112670  112388  2.82    110.92
112673  113583  7.45    144.06
112673  112198  11.50   79.23
112676  112670  20.00   2.54
112704  112189  0.00    97.50
112727  112796  5.33    37.49
112732  113355  12.67   93.19
112738  113499  6.00    141.66
112743  112963  8.67    60.64
112747  112676  7.56    39.77
112747  112815  5.64    17.84
112751  112457  6.40    48.24
112751  112865  0.00    34.92
112772  113266  0.00    79.54
112772  112634  6.50    56.97
112775  112589  9.50    82.96
112796  112751  0.00    7.48
112815  112823  8.08    2.22
112823  113332  8.30    136.85
112823  113323  14.06   97.22
112865  113294  2.33    77.79
112887  112495  8.67    60.93
112918  112619  0.00    51.59
112948  112653  5.90    75.36
112948  113362  7.80    64.69
112963  112211  8.10    124.13
112964  112364  6.75    107.88
112964  112657  6.93    88.85
112968  112738  0.00    61.30
112968  112566  14.33   75.74
113009  112727  20.00   46.52
113013  112815  6.55    134.13
113015  113725  5.13    119.39
113016  113556  5.83    135.45
113123  113013  5.33    72.53
113132  112964  4.50    47.71
113132  112429  6.80    125.26
113133  113752  0.00    100.04
113134  113445  14.33   53.70
113136  113307  9.07    76.77
113144  112634  2.00    84.74
113163  113943  5.13    129.82
113177  112388  9.65    146.48
113177  113123  8.67    40.78
113190  113318  7.56    84.83
113190  113132  3.00    14.66
113198  112409  5.60    129.46
113203  113836  9.40    104.65
113217  113198  0.00    8.15
113217  113875  14.33   112.14
113237  112796  3.00    70.49
113242  112704  20.00   97.47
113242  112968  11.00   71.22
113245  112918  11.50   53.78
113245  113217  7.80    8.37
113266  113763  6.50    80.23
113294  113237  0.00    18.83
113307  113541  6.75    77.78
113318  113009  8.67    85.70
113323  113786  9.30    97.22
113332  113417  6.50    22.86
113332  113684  3.00    145.40
113355  113583  50.00   69.24
113355  112948  5.33    100.67
113362  112887  8.71    124.47
113372  113190  4.86    58.89
113372  113584  6.40    77.39
113388  113535  0.00    63.00
113399  113255  15.00   77.57
113401  114174  9.80    128.24
113404  113372  0.00    8.25
113404  112755  0.00    147.23
113417  113725  8.56    68.53
113417  112963  10.00   74.08
113429  113177  8.50    48.17
113445  112918  12.00   140.36
113445  113736  0.00    52.49
113454  113671  10.25   110.63
113498  113242  9.50    71.95
113498  113429  0.00    14.98
113499  113294  8.67    54.48
113535  113198  8.00    61.03
113553  113879  7.40    85.79
113553  113245  3.00    53.84
113556  113585  8.17    11.80
113556  113924  3.00    55.44
113570  112887  6.64    109.51
113571  113404  20.00   45.26
113571  113855  3.00    79.56
113582  113828  0.00    77.97
113583  113668  11.50   64.74
113584  113818  1.00    77.39
113585  113955  0.00    74.78
113585  112813  3.00    120.13
113666  113136  8.55    89.31
113666  114271  19.57   141.68
113668  113763  8.67    59.57
113668  113144  11.50   85.81
113671  112900  5.00    129.71
113671  113943  2.00    110.02
113684  114252  0.00    92.05
113684  113399  0.00    79.57
113692  113821  12.78   29.59
113692  113532  7.80    47.53
113706  113499  11.50   59.89
113706  112968  9.80    142.86
113711  113666  0.00    42.71
113719  113692  10.50   7.63
113719  113571  8.13    34.06
113725  114038  2.25    45.76
113736  113245  15.75   140.08
113736  114209  13.67   66.83
113752  113136  6.86    127.48
113763  113752  11.20   81.72
113786  113013  16.60   121.56
113790  113009  1.00    132.48
113821  113532  2.33    49.15
113821  113996  10.76   37.30
113823  113570  7.07    84.48
113828  113711  0.00    77.47
113836  114067  12.38   34.66
113836  114016  7.40    32.33
113855  114052  3.00    78.63
113875  114562  0.00    112.20
113879  114209  11.00   85.72
113886  113786  11.50   12.15
113886  113915  6.50    69.59
113892  113237  0.00    109.50
113914  113553  0.00    58.94
113914  114356  8.00    114.92
113915  113957  3.00    71.90
113915  113123  7.33    123.52
113943  114602  3.00    104.31
113943  114205  11.00   107.59
113952  113823  8.25    126.54
113952  113362  9.40    148.59
113955  114433  3.00    76.64
113957  113429  7.25    82.12
113979  113719  10.64   62.07
113979  114666  6.75    102.65
114016  114233  8.21    37.01
114024  113242  11.17   147.81
114038  114495  5.80    69.62
114063  113498  9.80    101.85
114067  114016  3.00    30.10
114082  114894  13.13   123.64
114082  114067  0.00    9.14
114098  113454  14.33   104.44
114109  113952  16.17   113.33
114109  113668  0.00    63.33
114135  113871  11.50   111.11
114135  113211  11.50   149.84
114174  114082  8.63    78.74
114205  113388  8.00    131.64
114209  114775  0.00    95.99
114233  114038  6.75    47.70
114254  113914  3.00    53.01
114256  114375  11.00   54.91
114265  113996  0.00    55.54
114267  113706  9.80    101.80
114268  113570  5.77    110.87
114268  114174  7.80    73.43
114271  114109  10.00   96.00
114271  114570  7.00    127.39
114275  113979  6.89    85.92
114275  114992  9.29    116.83
114295  113725  8.90    142.97
114295  114778  15.40   75.60
114351  113671  11.13   104.61
114356  114775  14.33   114.82
114374  113535  13.56   137.70
114375  114493  6.50    56.91
114379  114486  5.50    24.60
114385  114732  14.00   98.44
114407  113823  5.69    126.05
114407  114268  14.33   124.19
114433  114417  0.00    72.83
114433  114846  15.75   61.48
114480  114275  10.19   71.86
114486  115391  7.00    146.32
114486  114778  0.00    64.30
114492  114265  9.80    55.76
114493  114739  6.75    110.56
114493  114135  3.00    59.76
114495  114233  7.13    49.61
114495  115012  6.00    81.83
114500  114338  11.50   27.02
114500  114295  9.80    63.97
114520  114063  11.50   84.40
114562  115169  11.29   111.81
114566  115001  6.98    142.75
114570  114407  6.33    125.80
114573  114480  6.17    27.38
114573  113892  9.00    109.22
114602  115194  10.29   104.32
114606  114500  3.00    26.10
114606  114392  0.00    32.62
114617  115089  9.86    132.36
114617  114254  0.00    62.28
114654  114888  7.14    94.49
114654  114538  7.80    94.44
114666  114911  3.00    38.58
114666  114492  7.13    37.86
114675  114268  7.14    62.99
114675  114654  5.80    22.06
114703  115079  0.00    112.98
114732  114806  8.67    14.46
114732  113990  7.00    116.94
114739  114981  4.75    110.40
114739  114098  7.00    104.44
114750  114254  6.75    131.79
114766  114675  10.22   81.91
114775  115067  20.00   59.85
114778  115370  8.33    96.83
114783  114573  7.09    69.55
114783  115043  2.75    54.88
114783  114267  11.52   101.90
114793  114492  20.00   60.87
114793  114974  0.00    43.31
114795  114256  3.00    84.24
114806  115220  10.14   132.61
114806  115079  3.00    56.28
114821  113886  7.80    140.25
114821  114606  15.75   100.32
114846  115471  5.62    115.19
114846  114943  0.00    125.60
114851  114566  5.46    142.27
114859  113915  7.25    141.34
114859  114821  8.67    69.11
114874  114407  6.14    83.15
114874  114766  3.00    81.91
114888  115429  6.50    99.78
114892  114375  4.00    81.68
114905  113957  2.50    142.54
114905  114859  11.29   71.93
114911  115329  6.90    73.00
114918  115196  12.33   57.79
114918  114265  9.03    136.47
114929  114905  8.17    71.57
114929  114063  8.67    132.17
114953  114617  10.08   59.28
114962  114480  2.33    74.77
114969  115343  2.33    99.41
114973  114520  0.00    84.40
114973  114929  6.40    109.58
114974  114911  5.33    47.72
114981  114351  7.00    104.59
114981  115194  6.40    109.75
114984  115408  5.43    77.70
114984  114953  0.00    8.98
114988  114874  10.57   103.56
114992  115695  10.20   116.80
114998  114783  5.87    53.22
115005  114500  6.50    78.91
115012  115511  0.00    78.35
115024  114859  0.00    29.43
115043  114962  12.44   62.51
115046  115147  11.33   35.60
115046  114205  13.53   142.72
115067  115280  7.86    63.22
115067  114750  1.00    88.63
115069  114606  3.00    75.31
115077  114973  5.14    75.63
115079  115250  0.00    32.86
115089  114750  9.80    59.61
115089  115280  0.00    55.38
115091  115427  0.00    129.53
115092  115243  7.31    145.47
115110  114892  3.00    77.46
115110  114493  6.53    99.51
115147  115169  20.00   10.71
115147  114374  4.57    137.51
115159  115348  0.00    52.89
115169  115833  11.50   117.88
115169  115226  13.35   13.83
115186  115093  3.00    17.37
115186  115232  8.50    61.73
115196  115720  0.00    91.21
115196  114793  6.00    93.76
115220  114795  7.86    82.66
115220  115448  5.07    82.92
115223  115001  11.50   56.23
115226  114953  8.88    50.85
115226  115342  11.50   21.61
115232  115272  6.56    78.68
115243  114874  9.00    63.35
115243  115452  16.13   79.41
115247  115644  6.50    62.62
115247  115223  0.00    3.86
115272  115302  3.00    78.68
115280  115852  0.00    98.00
115299  115434  13.43   29.38
115299  114739  6.55    97.01
115302  115414  2.00    144.58
115302  115526  0.00    75.18
115311  115299  20.00   29.86
115311  115110  3.00    46.10
115329  115825  7.00    101.80
115329  116025  3.00    140.70
115333  115505  20.00   139.24
115342  115864  12.18   84.42
115342  115797  50.00   76.21
115343  115250  12.67   31.42
115343  115610  0.00    91.85
115348  115570  4.00    59.40
115348  114784  3.00    114.62
115370  115982  8.86    96.69
115391  116331  19.00   146.86
115408  115849  20.00   77.51
115414  115478  0.00    46.40
115414  115648  11.50   90.71
115427  115937  5.13    79.76
115427  114851  3.94    144.96
115429  115092  7.05    148.55
115429  116083  14.33   105.46
115429  115506  0.00    68.34
115434  115687  0.00    40.70
115434  114981  11.20   145.29
115438  115046  12.63   68.00
115438  115194  10.79   99.48
115448  115311  11.50   38.22
115448  115687  6.29    99.81
115449  115089  8.00    61.45
115449  114984  0.00    126.32
115452  115476  0.00    5.03
115452  115001  7.29    133.40
115471  116020  7.60    113.99
115476  115711  6.86    59.17
115478  114998  6.42    114.05
115478  116037  9.00    89.04
115494  115495  0.00    131.81
115495  115816  11.50   133.09
115504  115005  0.00    78.91
115504  115537  0.00    27.13
115505  115851  0.00    140.25
115506  115511  4.54    10.38
115506  115012  6.27    79.07
115511  116201  9.22    108.03
115521  115092  15.00   66.90
115521  115664  6.73    126.72
115526  115831  2.00    111.30
115536  115968  9.80    66.79
115537  115069  0.00    75.16
115537  115972  11.20   90.06
115543  115333  13.20   139.48
115558  115504  14.33   11.95
115570  114969  11.00   115.07
115571  115223  8.86    79.94
115578  115961  8.75    59.38
115583  114962  3.56    100.46
115597  115043  3.00    90.87
115599  114974  10.14   103.30
115610  115834  0.00    91.32
115615  115427  3.00    76.06
115623  114998  3.00    103.09
115633  116561  7.00    146.07
115633  115521  15.14   72.61
115634  115988  8.07    52.93
115644  115945  3.00    77.08
115644  116259  10.00   94.01
115648  115908  6.40    90.71
115664  115243  9.44    66.21
115687  115832  5.00    56.73
115690  115194  9.40    100.65
115695  115825  7.80    18.63
115695  115583  0.00    63.73
115711  115247  6.00    123.84
115711  115945  3.00    57.93
115711  116532  10.60   137.01
115720  115599  14.33   87.76
115762  115944  0.00    139.33
115770  115143  6.50    114.32
115770  115586  0.00    51.35
115782  116172  8.80    62.82
115789  115478  8.67    73.12
115797  115864  3.00    72.73
115804  115494  20.00   132.97
115815  115091  20.00   130.66
115815  115615  5.75    75.94
115816  116017  20.00   132.41
115825  116544  12.12   120.28
115831  116005  5.80    66.76
115831  115232  4.00    90.43
115832  116028  6.74    145.64
115832  115690  8.17    96.66
115833  116229  0.00    114.21
115834  115570  3.00    45.85
115849  115449  3.00    64.30
115850  116126  6.33    47.09
115851  116101  2.20    139.89
115852  116466  0.00    100.21
115860  116377  11.00   132.87
115864  116210  11.50   60.36
115871  115770  0.00    17.71
115871  115689  6.50    120.08
115878  115834  3.00    76.95
115878  115348  10.75   95.52
115878  115871  5.86    67.57
115891  115147  11.00   145.70
115903  115543  3.00    140.37
115905  116280  7.67    74.71
115905  115815  10.00   17.55
115908  116103  11.50   81.49
115908  115526  5.60    74.64
115927  115673  3.00    79.72
115928  115521  7.25    64.20
115932  116391  9.38    72.38
115941  115476  8.67    75.82
115944  115903  2.00    138.87
115945  116694  6.40    124.28
115945  116152  8.67    58.33
115961  115968  0.00    55.91
115961  116518  2.78    88.00
115968  115988  0.00    56.20
115968  116492  0.00    82.31
115972  115186  3.00    121.56
115982  115558  0.00    96.65
115982  116902  3.00    144.58
115988  116454  8.10    73.03
116005  116055  0.00    98.40
116005  115972  0.00    5.79
116008  115740  9.53    132.78
116017  116008  0.00    131.68
116020  115905  8.57    23.87
116025  116108  7.33    105.61
116025  115599  10.50   104.45
116025  116490  0.00    137.02
116028  115438  23.41   149.47
116037  116585  5.33    89.09
116050  115664  10.69   60.15
116050  115928  20.00   108.11
116055  115558  20.00   77.18
116069  115789  5.33    74.65
116080  115928  0.00    26.93
116080  116515  11.17   91.48
116083  115633  7.25    90.97
116083  116920  9.83    130.13
116101  115891  10.44   139.91
116103  116330  7.40    81.49
116108  115914  2.00    56.18
116124  115804  0.00    133.25
116126  116210  3.00    135.28
116126  116512  0.00    59.88
116129  115583  9.60    89.22
116145  116124  0.00    6.84
116145  116670  9.80    110.82
116150  115571  9.64    114.11
116152  116830  7.80    112.30
116152  116259  0.00    26.72
116154  115597  9.80    90.87
116154  116365  0.00    36.90
116171  115927  0.00    79.81
116171  116020  9.17    39.26
116172  116348  13.33   27.13
116172  116195  7.88    110.91
116195  116692  7.40    79.96
116195  116145  3.83    60.99
116198  115506  5.50    108.40
116198  116083  4.50    78.01
116198  116201  0.00    9.82
116201  116536  6.88    55.30
116205  116154  1.00    7.02
116210  116447  9.80    39.87
116229  116279  0.00    82.69
116229  116758  7.50    89.75
116259  116370  11.50   31.10
116267  116005  0.00    39.85
116279  116124  0.00    83.07
116280  116541  7.25    54.89
116281  116267  0.00    67.22
116287  116251  13.20   4.93
116287  116325  9.33    58.39
116297  115623  11.00   103.37
116297  116205  3.00    26.36
116303  116205  9.80    15.65
116305  116069  3.00    56.73
116305  115908  9.00    80.59
116319  116785  9.80    75.01
116325  116362  10.82   53.55
116330  115831  2.33    79.41
116331  117008  3.00    104.28
116331  115982  14.71   84.62
116335  116050  6.50    51.25
116335  116777  6.75    69.99
116348  116403  0.00    8.61
116362  116391  9.00    57.56
116362  116622  0.00    41.95
116364  116305  2.00    18.95
116365  116303  8.67    26.72
116367  116766  8.17    97.85
116368  115789  2.33    92.34
116370  116988  10.10   100.29
116370  116446  0.00    34.74
116377  116171  3.00    74.01
116384  115913  2.00    140.55
116391  117090  10.88   107.97
116391  116422  13.20   53.22
116396  115941  0.00    75.82
116396  116335  2.33    22.45
116403  116598  3.00    32.59
116418  116990  0.00    122.98
116422  115766  8.50    102.84
116422  116454  0.00    56.59
116446  115571  9.18    135.56
116447  116564  0.00    21.02
116454  117156  6.43    109.50
116454  116492  0.00    55.30
116466  115849  13.67   125.79
116466  116676  0.00    33.47
116474  116267  3.00    33.61
116484  116364  6.67    63.16
116490  117328  3.00    143.60
116492  116518  11.50   54.47
116492  117192  2.33    109.01
116493  116055  0.00    67.84
116493  116474  0.00    98.27
116512  116542  5.00    88.51
116512  116818  4.75    48.22
116515  116955  11.50   91.62
116516  116108  14.33   82.84
116518  116598  1.00    110.60
116518  117209  8.33    109.92
116532  116396  5.44    54.74
116535  116198  6.05    55.90
116536  116535  6.00    9.67
116536  117079  4.46    81.25
116536  116331  0.00    72.19
116541  116800  8.67    50.50
116541  116797  8.67    90.64
116542  116547  7.43    48.35
116542  116885  7.56    51.83
116544  117296  6.40    120.66
116547  116447  0.00    23.69
116554  116280  10.00   108.90
116561  117361  5.14    143.95
116564  116547  0.00    20.97
116564  116702  20.00   22.35
116576  116484  5.80    64.82
116585  117517  7.83    148.15
116585  116297  6.00    67.65
116587  116377  9.57    79.35
116587  116814  0.00    35.77
116598  116976  4.75    56.82
116598  116692  4.25    110.59
116641  116576  5.33    61.65
116641  116330  4.67    50.76
116643  116587  11.91   26.48
116649  116418  0.00    119.40
116650  116643  0.00    4.77
116667  116650  0.00    14.00
116669  116069  2.50    95.23
116670  116690  0.00    2.10
116673  116129  4.43    89.22
116673  116365  4.17    57.02
116676  116667  0.00    6.46
116690  116764  0.00    11.97
116692  116794  5.50    111.19
116692  117354  3.00    108.48
116694  116532  10.42   58.66
116702  116676  3.00    70.53
116720  116641  2.00    62.49
116720  116474  3.00    39.04
116736  117136  0.00    80.98
116758  116670  16.67   109.54
116758  117314  6.40    90.32
116764  116794  0.00    4.44
116766  117278  5.22    130.20
116777  116955  0.00    26.43
116785  116758  1.00    52.61
116785  117394  9.00    99.93
116794  117114  0.00    47.20
116797  117088  9.00    90.96
116800  117058  0.00    51.64
116800  117220  6.67    141.40
116807  116446  8.67    60.44
116807  116150  4.67    115.73
116809  117341  8.27    90.41
116809  117121  7.56    128.52
116810  117336  11.50   100.82
116810  116303  1.00    83.02
116814  116841  3.00    4.40
116814  116643  5.14    32.21
116816  117733  8.00    149.54
116816  116720  9.00    80.54
116818  116785  11.50   57.46
116818  117212  7.67    63.69
116830  116694  3.00    54.55
116836  116816  10.00   22.74
116836  116493  3.00    54.44
116840  116807  0.00    5.49
116840  116809  6.33    113.69
116841  116938  6.67    47.09
116841  117226  8.16    61.66
116869  116364  6.46    81.53
116885  117527  3.86    102.90
116885  116818  7.86    91.37
116901  117034  8.33    33.98
116902  116836  7.21    57.80
116902  117556  11.00   105.32
116920  117015  7.08    96.80
116920  117432  10.44   148.12
116925  116080  2.00    130.40
116938  116554  3.00    109.88
116938  117088  7.33    63.67
116948  117053  20.00   61.95
116951  116368  5.00    92.34
116951  116585  3.00    79.86
116955  117474  10.00   85.01
116969  116984  16.67   18.51
116976  117046  0.00    86.05
116976  117272  6.50    50.51
116979  116484  10.00   76.68
116984  116287  5.50    108.56
116984  117023  11.50   47.21
116988  116830  9.57    55.06
116990  117147  5.35    25.27
116990  117057  7.80    51.78
117008  116902  9.00    68.43
117008  117388  7.00    66.68
117011  117114  5.20    67.86
117015  116535  6.27    70.63
117023  116325  20.00   106.99
117023  117090  15.38   110.75
117034  117150  5.23    34.49
117034  116766  2.00    77.01
117053  116516  6.35    85.15
117053  117147  5.92    65.75
117057  117078  3.00    18.82
117057  116736  0.00    80.07
117058  117121  0.00    13.22
117078  117096  20.67   9.17
117079  117688  5.89    99.94
117079  117008  8.09    66.52
117088  117220  9.57    74.57
117090  117757  20.00   109.67
117090  117125  11.00   54.98
117094  117079  10.00   10.95
117094  117015  6.92    12.49
117096  117401  12.00   99.66
117114  117218  0.00    20.91
117114  117208  6.75    56.26
117117  116777  15.00   124.36
117121  117532  8.86    74.22
117125  116422  0.00    109.74
117125  117156  0.00    54.54
117147  117642  6.09    84.68
117150  117359  6.00    74.86
117150  117317  2.94    47.32
117156  117192  0.00    55.29
117156  117836  7.25    110.53
117161  116840  6.50    50.06
117161  116988  10.54   73.95
117192  117209  10.00   54.42
117208  117692  14.33   77.33
117208  117314  10.00   55.42
117209  117904  5.33    109.85
117209  117272  13.71   109.08
117218  117404  0.00    32.10
117218  117081  11.50   87.16
117220  117396  6.95    94.19
117226  117372  20.00   75.59
117226  118082  6.00    133.31
117244  117568  5.33    90.58
117262  116669  11.00   95.23
117262  116951  20.00   76.81
117272  117987  11.20   109.79
117272  117354  10.00   111.36
117278  117632  8.50    58.16
117278  117299  0.00    40.12
117296  116673  7.17    111.91
117296  117912  5.57    97.44
117314  117394  1.00    59.30
117314  118249  8.57    143.39
117317  117851  9.47    88.21
117328  117296  9.80    33.32
117336  117912  15.00   100.97
117341  117161  7.33    103.22
117341  117726  2.00    59.91
117353  116869  20.00   81.65
117353  117262  15.00   65.72
117354  118074  9.20    109.20
117354  117404  11.00   109.38
117359  117317  6.67    29.43
117359  117606  5.19    54.65
117361  116925  2.00    77.21
117372  117537  7.62    75.54
117386  117328  11.50   52.39
117386  116649  0.00    126.24
117388  117646  0.00    39.04
117390  117094  6.15    54.46
117393  117117  17.20   124.36
117394  118190  8.00    119.42
117394  117479  8.67    54.12
117395  116702  20.00   114.04
117396  117058  1.75    92.82
117396  117532  5.50    111.63
117401  118058  13.93   103.94
117404  118149  9.00    113.14
117419  116810  2.00    99.08
117425  116979  5.83    76.68
117425  117353  10.00   63.61
117432  117679  5.43    75.35
117432  117480  10.00   15.70
117474  117664  3.00    29.38
117474  116925  7.56    134.06
117479  118244  7.95    116.93
117479  117541  8.67    46.11
117480  117516  20.00   11.20
117480  117361  0.00    17.29
117488  117390  3.00    32.24
117488  118065  9.20    107.47
117507  117425  4.00    64.98
117507  116576  7.17    149.34
117516  117666  1.67    99.77
117517  117419  5.80    27.33
117527  117622  10.00   78.12
117527  117551  6.50    3.66
117532  117932  8.86    62.24
117532  117341  8.15    119.17
117535  117390  3.00    19.78
117535  117488  7.00    33.36
117537  117673  8.00    63.51
117537  118290  6.50    116.18
117538  117910  4.43    101.56
117541  118284  14.60   115.51
117541  117619  3.00    51.71
117546  117053  4.42    84.15
117551  117598  3.00    8.94
117556  118246  20.00   105.35
117565  117393  5.20    79.67
117566  117646  0.00    25.54
117566  117388  0.00    36.13
117568  117851  1.00    90.00
117573  117507  11.50   65.25
117573  116641  2.38    149.17
117591  116836  10.00   121.43
117593  117956  2.60    60.78
117593  117419  7.25    26.70
117598  117619  11.50   3.51
117606  118016  13.83   61.33
117619  117845  5.44    33.21
117622  118010  3.14    81.79
117632  117606  9.64    41.90
117642  118192  7.38    84.68
117644  117573  20.00   63.10
117644  116720  8.17    148.44
117646  118421  19.11   116.48
117664  117715  0.00    7.35
117664  117666  0.00    12.89
117666  117715  0.00    14.16
117673  117795  18.00   62.34
117679  118277  6.54    117.85
117679  118065  0.00    74.46
117688  117977  1.00    45.08
117688  118044  8.00    52.94
117692  118206  11.00   77.33
117699  117632  0.00    88.10
117715  117853  5.50    68.46
117726  118406  8.50    106.31
117726  117565  18.71   79.63
117733  117644  7.25    71.76
117733  118649  3.00    143.82
117757  117836  9.40    110.44
117757  117699  3.95    88.10
117757  118091  10.00   51.55
117761  117096  26.50   112.43
117794  117664  5.88    70.79
117795  118327  8.00    80.29
117795  117940  3.00    63.91
117807  117078  11.84   121.98
117817  117726  13.20   58.30
117817  118514  12.20   105.62
117836  118172  10.75   50.55
117836  117904  7.38    111.28
117845  118040  3.00    28.52
117851  118191  11.50   50.84
117852  117845  10.50   72.74
117853  118061  3.00    94.77
117853  118554  13.71   114.04
117853  117794  3.00    9.88
117861  117353  6.90    79.04
117862  116951  7.80    148.73
117862  117517  1.00    80.24
117875  117393  0.00    89.40
117904  118654  3.00    110.37
117904  117987  11.17   107.35
117910  118240  9.82    100.95
117912  118574  8.50    98.96
117932  118637  10.40   106.89
117932  117817  11.50   62.05
117940  117932  11.50   61.66
117956  117983  6.40    28.69
117956  118574  9.00    105.96
117961  117535  5.95    65.80
117974  117425  8.25    82.52
117977  117961  0.00    7.00
117977  118763  6.90    126.57
117983  117593  8.67    57.48
117983  118433  5.40    103.50
117987  118344  2.50    56.67
117987  118074  4.67    110.01
117998  117794  12.00   91.59
118016  118042  0.00    38.71
118016  118340  10.00   52.41
118040  118213  0.00    36.99
118040  118583  4.10    80.26
118044  118437  7.35    60.25
118044  117977  0.00    18.36
118046  117507  2.00    82.12
118058  118215  0.00    74.17
118058  118884  6.80    132.72
118061  118253  0.00    94.77
118065  118608  7.40    103.29
118074  118432  14.33   54.09
118074  118106  2.00    52.95
118077  117984  12.92   66.09
118077  117546  8.18    84.15
118082  118072  0.00    96.45
118082  118530  9.83    64.73
118091  118485  7.25    58.90
118104  117573  3.00    82.34
118106  118831  6.44    109.26
118106  118149  5.00    58.39
118121  117516  8.67    104.43
118149  118206  3.00    53.76
118149  118862  9.00    108.96
118172  118585  7.25    59.60
118172  118091  15.00   110.51
118174  117637  9.80    98.07
118174  117998  8.73    91.58
118180  117644  8.00    81.94
118182  117862  11.00   71.67
118182  118513  1.00    68.77
118182  117262  9.44    144.55
118183  118174  0.00    5.23
118190  118946  11.50   119.41
118191  118240  11.50   8.77
118192  118748  7.35    85.27
118192  118077  6.50    65.45
118206  118249  3.00    54.85
118206  118887  8.80    107.33
118213  118645  14.33   66.36
118213  118214  20.00   47.82
118214  118750  0.00    79.89
118214  118237  20.00   48.97
118215  117386  20.00   130.43
118240  118538  2.60    48.50
118244  118985  7.00    116.94
118246  118405  11.50   24.04
118246  117566  4.40    113.92
118249  118912  3.92    104.66
118253  118447  2.60    102.70
118253  118183  0.00    10.91
118260  119133  10.75   136.59
118260  118191  14.20   14.28
118277  118860  9.13    117.35
118284  119018  10.50   115.47
118290  119038  50.00   116.18
118304  117673  4.67    97.72
118327  118859  2.00    80.28
118340  118699  7.64    51.61
118344  118432  11.00   108.49
118344  118723  5.33    55.59
118355  118183  8.91    97.62
118355  117875  10.25   89.29
118372  118355  0.00    4.50
118387  118399  0.00    13.80
118387  117861  2.50    78.92
118399  118513  0.00    18.25
118399  118182  10.00   61.86
118401  117591  8.67    121.48
118401  118405  3.00    65.90
118405  118717  50.00   47.01
118406  118372  0.00    18.81
118409  118387  2.33    5.75
118414  118893  11.50   75.66
118414  118340  6.09    88.19
118421  119096  9.40    106.21
118427  118409  0.00    2.86
118432  118803  7.67    55.32
118433  118901  5.00    103.90
118437  118947  7.43    82.16
118437  118421  3.00    71.04
118447  118372  0.00    11.17
118447  118581  3.00    112.88
118448  118414  7.60    49.92
118448  119016  11.00   92.33
118477  118427  8.67    33.60
118477  118521  3.20    28.70
118482  118490  3.00    25.93
118482  117761  9.13    112.44
118485  119166  5.33    109.74
118485  118448  6.50    48.20
118490  119004  3.00    84.24
118490  118733  2.00    45.66
118506  118427  8.00    11.91
118506  118477  0.00    33.73
118513  118551  0.00    6.02
118514  118406  6.25    60.91
118521  117974  4.75    82.52
118521  118594  3.00    64.15
118530  119132  9.45    99.05
118530  118523  0.00    85.00
118535  118506  0.00    3.00
118538  118275  10.00   75.73
118538  119056  4.88    97.47
118551  118633  6.88    15.53
118551  118535  0.00    15.02
118554  118121  3.00    100.77
118574  118676  6.40    17.14
118581  118514  20.00   31.97
118583  119064  5.38    80.26
118585  119261  8.67    110.13
118585  118485  3.00    110.67
118594  118669  0.00    63.37
118594  118046  5.33    82.11
118608  119075  10.50   103.29
118623  117807  9.44    121.96
118633  118535  3.00    15.67
118633  118674  0.00    10.08
118636  118554  0.00    18.16
118636  118860  7.33    78.44
118637  118581  4.86    28.51
118637  119119  3.00    88.82
118637  118777  13.20   95.22
118645  118750  0.00    34.80
118649  118905  14.25   45.55
118651  118215  4.81    65.33
118651  118574  3.00    69.79
118654  118585  5.73    110.42
118654  119336  7.83    110.25
118658  118077  9.88    86.56
118669  118722  26.50   63.72
118669  118104  7.00    82.34
118674  119327  4.83    149.41
118676  119061  3.00    94.40
118676  119380  6.15    111.82
118698  117983  10.25   113.62
118699  119199  8.00    84.05
118699  118260  6.27    94.86
118717  119579  4.88    129.64
118718  118636  8.86    41.69
118718  118305  20.00   66.22
118722  118736  3.00    7.18
118722  118180  15.00   81.94
118723  119412  3.83    107.83
118723  118654  6.00    109.83
118733  119196  4.22    81.23
118736  118649  0.00    46.59
118736  118905  11.50   49.89
118748  119256  5.80    85.07
118750  119740  16.67   147.44
118757  117961  7.34    128.32
118763  119542  7.98    126.47
118766  118723  8.33    54.20
118777  118817  14.20   32.34
118777  117940  7.67    125.67
118803  119519  8.17    109.30
118803  118766  7.00    55.24
118817  119374  8.00    88.74
118817  118859  12.52   33.29
118831  118803  3.00    54.38
118831  119561  6.50    109.39
118838  118718  6.10    48.46
118859  118892  0.00    28.47
118860  119075  12.80   72.02
118862  118831  5.40    55.67
118862  119597  4.86    109.34
118869  118699  5.93    69.09
118884  119796  6.27    132.98
118887  118862  3.00    53.87
118887  119637  11.20   109.42
118892  119371  0.00    73.41
118892  118930  20.00   32.55
118893  118869  3.00    11.36
118901  119263  2.33    81.68
118901  118633  2.33    65.93
118905  119657  6.50    110.08
118912  119684  9.80    110.37
118912  118887  6.67    53.65
118930  118304  0.00    97.73
118930  119038  0.00    64.67
118940  118237  13.67   112.67
118946  118912  3.00    65.15
118947  119526  7.67    82.16
118948  118401  11.00   88.22
118985  119322  3.00    50.81
118985  118946  3.00    50.35
118998  118893  3.00    44.58
119004  119594  0.00    84.16
119016  118998  0.00    5.36
119018  118985  3.00    50.62
119036  118838  13.07   93.27
119036  119351  12.46   95.22
119038  119060  0.00    16.39
119040  118482  1.00    90.46
119056  119133  10.00   74.34
119056  119137  6.40    12.59
119058  119165  3.00    41.04
119058  119016  4.00    10.05
119060  119381  0.00    45.45
119060  119132  0.00    94.76
119061  119535  7.25    94.50
119064  119422  7.67    51.71
119064  119018  7.25    52.23
119075  119538  10.25   135.65
119075  119369  3.00    79.22
119087  118838  8.32    84.44
119096  119383  5.50    41.50
119119  119377  0.00    121.96
119119  119818  13.13   107.74
119122  118645  8.00    80.71
119132  119393  9.80    41.37
119133  119859  20.00   101.78
119133  119199  7.25    67.69
119149  118717  8.67    81.27
119149  119096  3.00    30.53
119161  118658  7.56    86.56
119161  119043  5.47    88.69
119164  118698  7.80    109.88
119164  118901  7.80    62.03
119165  119179  7.87    22.43
119166  119165  10.00   2.45
119179  119058  16.48   24.17
119196  119375  4.75    76.66
119197  119179  11.00   3.89
119197  119575  0.00    51.78
119199  119875  1.00    94.24
119210  119166  5.33    55.94
119210  118896  1.00    50.38
119224  118651  5.81    96.84
119256  119737  10.24   70.77
119256  119161  4.67    62.19
119261  119210  4.75    55.66
119261  119656  8.67    53.37
119263  119693  5.33    81.62
119273  118961  0.00    99.41
119273  118915  0.00    86.06
119274  119036  11.25   82.04
119314  118722  3.00    95.39
119322  119269  0.00    94.19
119322  119754  8.00    57.66
119327  119499  2.00    67.07
119327  118594  7.45    119.91
119336  119748  3.00    55.04
119336  119261  12.71   110.63
119351  119698  8.67    95.22
119360  118869  3.00    75.31
119365  118998  6.50    53.37
119369  119698  5.50    81.18
119369  119087  7.00    84.44
119371  119381  0.00    124.36
119374  119371  0.00    63.69
119375  119256  10.08   75.62
119375  118623  12.86   121.90
119377  119374  0.00    27.45
119377  119470  9.80    14.03
119379  119336  9.80    55.16
119379  120150  7.40    111.90
119380  119942  8.75    116.28
119380  120168  8.79    116.58
119381  119393  11.50   75.74
119383  119149  20.00   40.81
119383  120015  7.43    89.23
119393  119558  0.00    26.60
119412  120194  11.50   111.77
119412  119379  3.00    54.92
119422  119672  0.00    33.16
119422  119322  11.00   106.35
119455  118733  6.95    117.44
119456  119274  7.42    50.43
119456  119273  0.00    29.26
119459  118766  20.00   109.00
119459  119412  11.00   55.02
119467  119470  0.00    57.24
119470  120091  4.75    90.94
119472  119467  0.00    62.80
119496  119472  0.00    58.97
119499  119889  0.00    62.08
119499  118669  2.50    132.22
119519  119459  0.00    54.22
119519  120269  8.00    108.63
119526  119557  7.25    78.89
119526  120547  8.61    148.05
119535  119164  1.67    67.52
119535  119903  11.80   75.78
119538  118757  6.36    128.13
119538  119542  11.18   10.88
119542  119746  2.00    44.16
119557  119542  13.25   33.13
119557  120392  6.79    121.05
119558  119496  8.67    99.91
119558  120097  7.80    136.70
119561  120306  11.50   107.78
119561  119519  10.00   55.46
119567  118948  0.00    88.23
119574  119575  0.00    8.98
119574  119197  5.19    50.12
119575  119956  0.00    56.24
119575  119656  11.50   123.24
119579  119567  6.00    64.84
119579  120609  4.44    148.68
119591  119456  2.00    34.10
119591  119652  15.57   14.11
119594  119890  0.00    42.97
119594  120116  0.00    82.47
119597  120351  23.68   109.24
119597  119561  8.67    55.34
119602  119164  5.33    82.09
119609  119464  7.86    71.96
119637  119597  5.00    53.07
119637  120391  11.50   109.43
119638  119567  0.00    53.52
119643  119638  0.00    13.00
119646  119274  8.67    101.37
119652  120082  10.56   71.00
119652  119986  5.57    97.76
119655  119369  10.56   80.21
119656  119748  9.00    111.08
119656  120036  3.00    55.61
119657  120261  4.29    110.75
119657  119643  20.00   17.16
119672  119831  0.00    22.61
119676  119796  7.86    80.20
119676  119040  27.67   90.56
119684  119637  3.00    54.65
119684  120436  18.54   109.71
119693  119327  5.33    64.50
119693  119889  9.40    145.24
119698  119985  11.00   89.21
119698  120004  11.50   77.30
119706  119672  3.00    56.07
119706  119122  0.00    80.74
119737  119609  12.27   68.36
119737  120237  8.94    81.25
119740  119706  0.00    50.13
119743  118940  9.80    112.83
119743  119740  0.00    49.08
119746  119538  0.00    36.88
119746  119921  0.00    36.98
119748  120115  0.00    55.02
119754  119684  5.43    111.40
119754  120495  5.40    109.65
119795  119754  11.50   54.18
119796  120587  2.56    116.87
119796  119907  5.13    73.77
119800  120102  1.00    53.46
119800  119591  8.57    56.43
119818  119800  0.00    6.33
119831  120574  2.50    108.80
119831  119795  9.13    54.14
119832  119676  0.00    22.36
119832  119890  0.00    72.80
119859  119842  3.00    63.19
119859  120475  10.00   89.87
119875  119859  9.00    61.42
119875  120489  5.50    90.24
119878  120265  9.80    57.69
119878  119875  15.00   28.90
119889  119314  11.50   93.43
119889  120261  4.00    64.27
119890  120071  0.00    30.43
119894  119878  8.67    43.89
119894  119360  3.00    75.36
119903  120254  20.00   75.53
119907  119224  6.50    96.84
119921  119655  10.00   80.28
119921  119962  11.00   6.59
119941  119574  5.58    54.04
119941  119894  11.00   100.58
119941  119956  5.93    11.68
119942  120491  7.80    116.19
119956  120139  20.00   35.42
119956  120036  7.25    108.16
119962  120275  5.75    65.28
119962  120465  0.00    75.67
119981  119693  2.00    60.24
119981  119602  5.60    81.55
119985  120275  3.00    89.38
119986  120308  9.83    97.76
120004  120308  11.23   80.51
120004  119646  9.22    101.37
120015  120631  20.00   89.21
120024  119941  5.50    13.20
120036  120569  3.00    77.42
120036  120115  4.88    113.08
120045  119832  0.00    33.19
120045  120071  0.00    91.17
120053  119375  50.50   106.27
120071  120116  0.00    12.65
120082  120102  0.00    2.98
120089  120090  7.09    19.88
120089  119385  0.00    117.84
120090  120610  6.83    76.14
120090  119818  10.30   82.12
120091  120089  20.00   47.66
120096  120091  6.50    79.72
120096  119467  9.20    89.48
120097  120100  0.00    60.65
120097  119496  1.00    86.41
120100  120096  0.00    58.90
120100  119472  11.00   89.80
120101  119567  0.00    81.29
120102  120620  3.00    76.78
120115  120150  6.40    54.42
120115  120899  3.00    108.71
120116  120326  0.00    32.51
120139  120024  2.33    32.28
120139  120569  6.15    99.60
120150  120194  6.50    55.21
120150  120939  3.00    108.30
120152  119907  15.00   38.02
120168  121012  6.75    116.21
120168  120152  3.00    73.17
120194  120234  8.67    55.07
120194  120991  30.00   108.04
120209  119455  9.83    116.68
120234  120269  11.00   53.92
120234  119459  7.80    109.87
120237  120781  5.70    81.26
120254  119981  8.67    69.32
120261  120307  0.00    6.29
120265  120336  12.38   134.59
120265  120505  0.00    34.80
120268  120359  16.00   119.67
120269  121082  10.00   109.45
120269  120306  5.33    55.29
120275  120581  6.92    61.49
120306  121131  7.25    110.68
120306  120351  10.00   54.07
120307  120450  0.00    20.82
120308  120347  3.00    11.73
120308  120658  3.00    106.15
120316  120004  14.33   96.06
120326  121118  0.00    114.12
120327  120307  8.67    92.52
120336  120024  0.00    46.41
120344  120082  13.20   78.34
120347  120607  6.78    66.49
120351  120767  3.00    56.06
120351  120391  0.00    54.03
120358  120664  3.00    111.42
120359  120358  11.50   108.48
120391  120436  0.00    55.83
120392  121264  4.70    120.18
120396  120815  0.00    123.11
120396  120268  10.00   124.53
120406  120490  0.00    93.19
120434  119981  4.70    71.70
120434  120327  3.00    92.49
120436  120850  20.00   54.34
120436  120495  3.00    109.73
120450  120490  0.00    7.24
120450  120447  0.00    103.59
120465  121264  7.38    113.95
120471  119609  8.67    137.80
120475  120489  10.80   57.04
120489  120505  7.25    58.09
120490  120721  13.13   63.21
120491  120254  6.75    64.12
120495  120532  0.00    53.70
120495  121339  7.25    109.83
120502  120406  1.00    93.26
120502  120434  0.00    10.34
120505  120670  20.00   22.77
120532  119795  7.25    108.33
120532  120574  10.56   56.52
120547  121282  5.33    98.84
120547  120631  7.80    76.70
120569  120836  6.92    40.10
120569  120806  8.67    30.29
120574  120601  3.00    53.64
120574  121406  8.33    108.89
120581  120949  0.00    58.24
120581  120641  7.00    11.92
120583  120721  0.00    64.26
120587  121370  8.86    115.05
120601  120640  30.00   55.51
120607  120344  10.00   78.34
120609  120101  0.00    80.53
120610  121083  7.00    62.26
120610  120664  0.00    35.24
120620  121333  13.63   94.31
120620  120974  7.40    94.76
120631  120708  0.00    66.11
120631  121427  3.00    111.13
120640  120668  6.00    50.37
120641  121057  5.67    71.14
120641  120316  7.25    96.06
120658  121057  9.08    106.13
120664  120794  4.00    86.11
120670  120729  10.42   120.19
120670  121306  0.00    81.68
120708  120609  0.00    12.70
120721  120770  0.00    9.33
120729  120336  0.00    53.28
120729  120806  11.20   111.63
120745  121108  11.20   97.25
120745  120347  0.00    58.66
120754  120053  5.67    106.22
120759  120168  5.00    119.23
120759  120491  3.00    65.11
120767  121185  10.00   54.56
120767  120850  3.00    111.60
120770  121504  2.33    116.35
120772  121146  7.71    83.46
120781  121146  7.26    70.67
120781  120471  10.00   68.27
120794  120859  1.00    86.00
120806  121234  10.00   54.85
120815  120851  0.00    92.41
120836  121597  3.82    128.97
120836  120899  0.00    89.21
120841  120152  9.76    94.03
120841  121206  3.00    50.79
120850  121268  3.00    55.18
120851  120359  0.00    64.67
120851  120859  10.00   18.13
120859  121007  0.00    111.72
120868  120925  3.00    97.65
120883  121306  8.67    99.49
120890  120326  0.00    113.92
120890  121118  7.29    132.60
120899  121624  8.67    97.63
120899  120939  3.83    54.38
120913  120890  0.00    27.58
120913  120045  2.00    125.05
120925  120502  1.67    60.27
120925  121141  0.00    65.28
120939  121949  10.33   144.19
120939  120991  11.50   57.44
120949  121882  6.00    142.49
120949  121346  9.00    62.11
120963  120607  3.78    48.35
120963  120745  3.00    33.81
120974  121332  7.67    94.77
120991  121650  9.50    90.11
120991  121030  7.25    54.44
121002  120209  11.50   116.75
121007  120815  0.00    25.31
121007  121056  0.00    92.26
121012  121818  8.41    116.21
121030  121082  5.00    54.62
121030  120234  6.40    107.90
121056  120396  0.00    98.60
121057  121452  10.75   73.63
121082  121746  15.75   93.24
121082  121131  3.60    54.25
121083  121190  11.00   58.24
121083  121321  11.50   32.08
121108  121452  1.00    97.28
121118  121804  7.25    121.21
121118  121002  0.00    45.84
121131  121781  11.00   92.74
121131  121185  6.50    50.54
121141  121310  3.00    61.52
121141  120254  8.44    126.44
121146  121289  5.83    31.69
121182  120868  13.67   98.80
121182  120770  20.00   66.41
121185  121268  5.00    112.34
121185  121803  3.00    90.75
121206  121608  4.00    65.54
121206  121219  10.00   26.47
121219  120841  6.50    49.88
121234  121184  9.38    86.13
121234  121577  4.75    48.14
121264  121907  11.50   107.18
121264  121856  7.88    92.77
121267  120913  7.25    80.90
121268  121309  4.25    56.71
121268  121581  10.33   43.44
121282  121907  2.60    98.79
121289  121464  8.09    59.46
121306  121975  10.00   105.69
121309  122133  11.50   126.59
121309  121339  3.00    53.40
121310  120491  3.00    113.90
121311  121489  13.92   26.34
121321  121333  5.33    83.24
121321  121800  11.64   88.02
121323  121394  11.50   78.47
121332  120963  20.00   47.89
121332  121603  10.56   79.64
121333  121642  8.67    93.97
121339  122053  11.89   109.33
121339  121375  0.00    54.04
121346  120465  9.43    121.46
121354  120759  7.25    83.79
121360  121212  0.00    77.38
121360  121323  9.57    14.04
121370  121682  13.20   95.59
121370  120913  26.67   82.37
121375  120532  13.25   110.26
121375  121406  5.33    55.57
121376  120925  3.00    62.00
121376  121517  0.00    131.74
121381  121002  5.50    54.61
121394  121453  3.00    78.46
121406  121437  3.00    55.17
121406  122093  8.91    107.24
121427  122089  9.80    110.87
121437  120601  7.69    109.41
121437  121461  3.00    56.04
121452  121618  5.80    30.17
121453  121864  5.67    63.17
121453  121489  18.00   55.13
121461  121493  20.00   54.59
121461  120640  9.20    108.35
121464  121471  5.33    11.09
121471  121381  7.57    91.00
121471  120754  6.75    106.12
121489  121935  12.38   67.97
121489  121523  0.00    37.17
121493  121531  11.00   49.82
121504  122140  7.56    116.44
121510  120729  9.38    104.96
121517  121182  10.00   59.79
121517  122078  3.00    106.63
121531  121534  0.00    5.64
121531  121161  0.00    78.48
121534  121562  20.00   23.71
121536  120708  7.00    119.78
121542  121510  3.00    56.91
121577  121933  3.00    56.78
121577  121542  8.00    59.12
121581  121862  3.00    45.22
121581  121545  1.00    36.74
121595  121267  6.25    80.99
121595  122045  5.33    78.38
121597  121631  0.00    6.01
121597  121624  3.00    5.75
121603  121847  10.00   79.64
121608  122240  7.00    99.08
121608  121883  4.38    66.84
121618  121882  7.33    108.67
121618  121847  5.60    40.86
121624  121949  5.15    72.43
121631  121577  4.00    111.01
121631  121983  6.75    56.09
121639  121182  0.00    89.21
121642  121930  10.00   93.92
121650  122182  6.50    84.91
121682  122045  14.00   96.62
121684  121776  0.00    86.50
121684  121360  4.95    48.11
121689  120772  7.25    129.09
121689  121289  1.00    85.92
121699  121650  9.20    54.51
121699  121030  11.00   92.39
121735  121376  2.60    56.58
121746  122611  4.25    128.33
121746  121699  0.00    54.99
121776  121864  6.75    86.50
121781  121746  0.00    54.00
121781  122741  11.89   141.32
121800  122055  10.09   84.88
121803  122576  17.40   114.76
121803  121781  0.00    51.49
121804  122315  0.00    118.88
121818  122312  9.39    78.20
121834  121346  10.73   77.39
121840  121381  7.33    89.83
121847  121891  3.00    8.40
121856  122437  7.71    92.76
121862  122700  8.57    120.99
121862  121803  9.40    113.28
121864  122123  6.50    41.70
121864  121935  0.00    64.48
121868  121354  15.75   83.93
121868  121818  12.20   102.00
121882  121919  3.00    7.02
121883  121370  6.33    79.10
121883  121928  7.56    16.56
121891  122211  8.89    60.10
121907  122365  5.07    73.82
121915  121310  6.50    97.66
121915  121868  0.00    71.02
121919  122888  10.00   149.52
121928  122394  8.70    134.35
121930  121332  9.64    92.31
121933  121983  1.00    112.16
121933  122282  3.00    53.74
121935  122899  6.50    140.22
121949  122182  3.00    63.68
121951  121141  7.56    128.32
121951  121915  7.80    69.10
121955  121464  9.92    119.85
121955  121689  6.86    49.35
121983  122342  20.00   54.75
121989  121595  3.00    90.26
121990  122432  0.00    109.84
121997  121735  3.00    45.34
121997  121951  3.46    72.89
122045  122522  9.40    99.21
122045  122394  11.00   71.30
122051  121997  3.83    83.59
122051  121735  2.50    117.57
122053  122101  0.00    9.39
122055  122219  10.50   47.17
122055  122205  6.56    97.62
122078  122051  8.00    65.45
122078  122572  6.09    74.68
122085  122648  7.81    88.49
122089  122365  11.50   88.51
122089  122754  18.67   112.15
122093  122456  20.00   52.70
122093  122053  9.00    108.43
122101  122213  11.50   16.40
122102  121219  10.75   136.21
122123  121990  0.00    105.21
122123  122767  4.81    91.59
122128  122078  8.67    87.83
122128  121639  7.92    90.45
122133  123027  2.60    126.63
122139  122093  1.00    55.44
122139  121437  4.67    108.91
122140  122656  5.43    76.44
122140  122145  6.50    8.85
122145  122128  3.00    44.68
122164  122139  0.00    55.78
122164  121461  6.78    108.79
122182  122392  6.92    53.14
122182  122417  10.00   33.46
122190  121818  9.25    79.51
122190  122102  0.00    41.16
122199  121493  5.83    109.61
122199  122164  8.00    55.85
122201  121536  3.00    118.92
122205  122364  8.52    97.59
122207  121840  4.17    88.70
122208  122243  7.80    49.72
122208  121510  9.40    110.97
122211  122604  6.64    64.01
122213  122801  10.00   81.43
122217  122199  3.00    55.81
122217  121534  6.56    107.46
122219  122493  15.75   45.52
122240  122830  7.00    96.90
122243  122282  11.92   58.67
122243  121542  8.34    109.76
122269  121834  7.45    76.36
122282  122342  4.71    112.88
122282  123057  7.86    107.38
122309  122312  15.00   35.80
122309  122994  3.00    102.31
122312  123095  4.36    109.81
122315  122207  4.00    37.15
122320  122309  0.00    66.59
122320  121868  20.00   71.53
122327  121891  10.61   81.84
122342  122385  20.00   52.58
122342  123137  15.00   109.63
122359  123175  4.11    114.16
122364  122898  0.00    76.50
122364  122445  6.47    54.44
122365  122877  13.20   75.67
122382  122320  0.00    77.17
122385  122417  9.89    57.02
122392  122418  11.50   7.16
122394  122891  3.00    82.53
122417  123222  14.30   110.30
122418  121699  10.75   111.23
122418  122558  8.33    45.24
122419  121955  3.00    85.11
122419  121787  6.88    102.39
122420  121834  9.30    107.09
122420  121919  3.00    76.15
122422  122649  0.00    51.58
122422  122474  0.00    7.27
122426  123194  11.00   112.19
122426  122382  0.00    69.19
122431  121928  5.00    76.45
122437  122269  7.86    26.94
122440  121989  9.75    90.62
122440  122315  1.00    55.43
122445  121684  9.25    120.68
122456  122586  11.50   16.67
122474  122561  5.60    60.30
122474  123487  9.00    132.44
122477  121997  8.67    75.58
122477  122426  0.00    76.88
122492  121930  7.69    86.46
122492  122641  1.40    30.16
122493  122613  9.00    78.76
122493  122930  11.50   61.92
122522  122914  7.10    79.84
122522  123235  5.50    124.35
122529  122477  13.20   78.17
122558  122611  11.50   15.17
122561  122422  10.50   62.87
122572  122529  12.60   68.36
122573  122440  0.00    23.13
122576  122561  1.00    5.06
122586  123126  11.00   75.68
122604  122641  9.38    6.10
122611  122741  3.50    53.80
122613  122716  20.00   78.76
122635  122572  8.27    78.42
122641  122737  5.47    20.98
122648  122419  8.52    34.02
122649  122700  0.00    10.87
122649  122474  5.60    47.15
122656  123461  9.89    113.50
122656  122635  7.26    67.86
122661  122139  0.00    72.53
122700  122707  0.00    2.77
122707  123517  5.00    106.01
122707  123027  4.78    66.84
122730  122190  9.08    76.17
122736  122211  3.00    78.57
122737  122867  8.20    30.54
122737  122492  4.64    32.88
122741  122576  11.00   59.97
122753  122437  7.00    46.75
122754  123145  2.67    74.72
122767  122899  7.80    96.53
122767  123279  8.67    71.55
122770  122661  0.00    15.54
122788  123426  20.00   91.77
122792  122315  0.00    116.41
122801  123425  10.00   81.43
122830  122102  7.00    106.00
122867  123171  5.06    60.37
122877  123145  8.33    37.75
122878  122753  0.00    22.15
122878  122877  8.67    29.44
122888  122963  0.00    12.75
122888  122327  11.40   83.23
122891  123549  5.91    84.23
122898  122975  0.00    54.39
122898  123715  9.00    109.10
122899  123506  8.33    75.30
122907  122320  16.67   88.23
122914  123447  9.54    94.64
122914  122573  8.67    64.11
122930  123118  11.50   114.23
122930  123171  9.50    34.17
122940  122164  15.00   109.76
122971  123115  6.40    85.63
122971  122431  7.80    76.39
122972  122199  10.00   109.76
122975  122445  5.33    76.84
122975  123050  3.00    35.93
122994  123738  0.00    102.20
122997  123057  9.83    78.52
122998  123238  0.00    63.50
123003  122754  0.00    76.83
123003  122201  3.00    120.12
123007  122217  0.00    110.13
123009  122477  6.37    79.09
123009  123194  5.00    69.87
123027  123066  3.50    6.67
123030  122997  11.29   78.69
123050  123175  3.00    83.74
123057  123137  11.50   109.97
123057  123367  3.00    39.86
123066  123425  3.00    62.87
123095  123923  7.84    109.85
123113  122420  2.00    96.60
123113  122269  11.13   142.34
123115  123278  5.75    101.32
123115  122830  0.00    41.86
123118  123234  5.14    62.01
123126  123712  3.38    75.68
123137  123173  14.33   53.56
123137  123570  1.00    52.44
123145  123158  0.00    2.12
123158  123213  10.50   5.55
123158  122878  8.67    43.88
123171  123763  7.67    115.53
123173  123222  3.00    56.79
123173  122385  9.00    109.14
123175  123964  0.00    112.52
123175  123279  0.00    61.29
123194  123368  6.40    62.12
123194  123927  10.67   101.63
123213  123530  8.67    37.65
123222  124060  10.88   110.02
123222  123254  3.00    48.10
123224  122573  9.00    132.14
123234  123013  7.14    28.78
123235  123288  0.00    13.64
123235  123371  0.00    17.87
123246  122963  3.00    48.42
123246  122736  9.57    78.57
123254  123283  10.00   45.59
123254  122392  9.13    118.24
123272  122753  11.50   88.23
123278  122730  10.85   76.39
123279  123506  9.93    117.24
123283  123304  3.00    18.27
123283  122558  0.00    99.46
123288  123238  0.00    17.05
123304  123309  0.00    5.17
123309  123426  11.50   105.75
123309  122788  11.50   141.85
123351  122529  9.00    118.26
123367  123490  3.00    12.95
123367  123284  7.80    110.71
123368  123573  8.50    68.34
123368  122382  0.00    141.80
123371  123514  3.00    17.02
123371  123288  0.00    21.54
123382  122572  7.80    116.45
123398  122971  6.59    72.06
123406  122867  3.00    77.15
123425  123495  2.00    8.33
123426  123487  3.00    54.69
123426  123829  3.00    53.93
123436  122635  20.00   114.51
123461  124248  11.50   113.81
123487  123517  50.00   56.23
123490  123570  8.07    112.01
123490  123717  0.00    33.70
123495  124392  5.83    124.66
123495  123683  7.25    31.07
123506  124025  20.00   74.62
123511  123213  7.43    41.98
123511  123530  13.63   20.75
123517  123915  7.50    54.34
123530  124412  8.36    121.86
123544  122963  8.80    72.17
123549  123838  6.23    42.98
123570  123988  10.00   58.13
123573  122907  5.33    88.39
123573  123738  11.50   64.35
123612  123398  5.33    123.19
123617  123246  10.00   61.88
123617  122604  10.93   147.77
123652  123549  5.00    26.62
123652  123398  8.89    46.84
123667  123003  7.25    86.86
123683  124607  6.13    131.20
123704  123683  4.40    58.18
123712  123704  4.45    32.47
123712  124581  6.71    115.50
123713  123066  11.20   84.84
123714  123009  6.38    97.84
123715  124496  10.46   108.88
123717  123653  10.43   102.29
123717  123926  0.00    26.92
123728  123304  7.33    55.27
123728  123853  11.50   68.73
123738  123923  3.00    66.75
123738  124492  1.00    108.20
123745  123712  4.67    54.46
123745  122770  0.00    131.21
123763  123883  1.00    17.85
123785  123745  6.40    54.68
123785  122940  3.00    109.76
123787  123612  7.71    123.14
123787  123278  8.08    66.86
123789  123855  16.60   113.29
123789  123171  10.14   87.03
123828  122972  4.67    109.76
123828  123785  3.00    56.23
123829  124229  1.00    54.99
123829  123728  12.17   110.75
123840  123234  12.29   78.77
123842  123113  4.40    93.93
123842  123272  10.50   88.23
123855  123763  0.00    11.85
123861  122975  9.80    115.02
123866  123007  3.00    110.13
123866  123828  0.00    56.07
123874  123926  10.35   95.64
123883  124398  6.67    86.99
123883  123118  0.00    100.43
123915  124307  0.00    54.35
123915  123829  3.00    110.82
123923  124061  11.00   69.25
123923  124746  7.65    112.94
123926  123969  8.86    76.77
123927  124636  7.20    101.63
123940  123617  0.00    60.49
123940  123406  6.00    77.15
123951  123213  7.77    113.25
123962  123050  0.00    122.51
123964  124591  10.00   92.96
123969  123988  8.00    35.19
123975  123652  6.40    85.56
123988  124060  8.78    109.14
123991  123511  9.57    80.71
124025  124470  10.50   61.77
124036  124025  7.10    129.02
124036  124111  0.00    63.30
124060  124104  7.40    60.29
124061  123787  7.25    37.77
124094  123368  0.00    104.06
124104  124138  4.67    51.05
124111  123279  12.29   119.94
124111  124786  9.00    99.51
124111  123964  0.00    64.43
124138  124229  13.53   109.34
124138  123728  3.00    56.58
124144  124258  0.00    22.67
124144  124061  3.00    12.63
124162  124263  8.67    106.33
124174  123351  3.00    118.20
124174  124396  3.00    73.26
124205  124174  3.00    64.88
124205  123382  3.00    116.55
124205  124325  8.67    17.52
124224  123436  7.64    114.45
124224  124205  0.00    75.19
124229  124237  11.50   10.12
124237  124600  3.00    48.68
124237  124307  8.67    100.92
124238  123789  11.40   65.62
124238  124268  9.86    86.15
124248  124358  2.00    15.41
124248  124224  17.57   58.39
124248  124271  9.63    49.27
124258  124078  8.47    122.92
124263  124304  0.00    60.94
124263  124416  2.00    20.37
124268  123855  12.44   90.02
124271  124274  15.75   11.85
124274  124311  7.92    26.91
124275  123940  0.00    62.88
124275  124238  0.00    6.14
124278  123842  8.47    60.81
124278  123544  8.86    134.67
124285  124295  6.54    34.07
124285  123991  3.00    40.21
124295  124278  8.14    22.09
124295  123991  10.53   56.58
124299  123573  9.80    106.83
124304  124376  1.00    97.59
124304  123969  0.00    45.17
124307  125119  5.50    111.52
124307  124341  2.00    53.46
124311  123667  12.00   87.00
124311  124340  7.47    43.60
124325  124344  0.00    74.95
124325  124898  6.50    80.55
124329  124325  0.00    65.39
124340  123951  11.50   53.91
124340  124346  0.00    47.84
124341  124392  0.00    54.63
124341  123713  8.00    84.85
124344  124358  0.00    47.52
124344  124224  0.00    17.96
124358  124771  7.00    57.05
124364  123544  10.29   113.26
124364  123617  8.67    139.86
124369  124144  3.00    29.43
124369  124258  2.33    23.98
124376  124454  11.00   97.59
124392  124563  3.00    22.54
124396  123714  5.30    97.84
124396  124636  0.00    69.63
124398  123840  11.50   78.77
124398  124559  6.43    24.82
124411  124036  1.67    55.34
124412  125280  7.06    121.86
124414  125232  7.20    114.45
124414  124367  4.67    48.60
124416  124414  14.33   6.79
124436  123940  7.00    91.60
124440  124411  14.33   78.09
124448  124908  11.29   60.25
124448  124416  7.25    41.80
124454  124462  2.00    7.51
124462  124514  11.50   84.15
124462  124104  0.00    47.00
124470  125005  3.00    81.76
124470  124440  11.50   78.09
124492  125215  2.50    108.16
124495  124275  8.67    30.07
124496  124500  0.00    21.14
124496  124559  0.00    56.91
124500  123861  11.50   112.89
124505  124448  8.50    78.44
124514  124600  0.00    84.19
124518  124369  3.00    20.32
124542  124396  15.00   19.99
124542  124329  0.00    70.93
124543  123828  2.33    96.84
124543  123866  9.80    143.47
124557  124543  15.00   55.51
124557  123785  5.00    103.58
124559  124610  10.00   7.59
124563  125187  3.00    86.80
124564  124505  27.67   78.44
124568  124557  5.33    54.12
124568  123745  8.00    109.32
124571  124340  10.25   29.80
124571  124612  0.00    48.34
124581  125174  3.00    84.51
124581  124568  2.33    56.03
124591  125197  13.25   93.63
124591  123962  0.00    119.51
124600  124735  10.00   18.32
124607  124710  0.00    15.19
124607  124563  0.00    72.95
124609  124564  10.33   54.91
124609  124454  0.00    19.97
124610  124850  5.77    48.60
124610  124833  10.00   62.12
124612  124629  0.00    15.08
124612  124311  8.17    40.91
124636  124830  3.00    60.91
124636  124752  0.00    16.41
124663  124557  0.00    14.35
124682  124609  15.00   89.97
124710  123704  6.00    135.11
124710  125062  7.25    50.99
124720  124682  0.00    53.00
124733  124624  7.67    126.56
124733  124495  3.00    32.34
124735  124720  18.50   31.82
124752  125312  8.67    88.86
124752  124542  2.00    70.09
124767  124500  0.00    36.16
124767  124815  0.00    13.28
124771  125538  5.00    119.81
124771  125138  20.00   92.00
124777  124735  1.00    61.76
124786  125388  8.30    99.39
124815  124850  0.00    15.99
124830  125032  0.00    68.09
124830  124094  10.00   103.97
124850  125084  5.36    76.31
124856  124815  0.00    13.66
124856  124767  0.00    12.08
124898  125538  7.26    107.53
124908  124950  8.33    88.03
124908  125089  1.00    28.47
124925  124495  9.71    92.86
124934  124411  14.33   75.80
124934  124957  10.00   66.07
124942  124364  12.73   77.52
124942  124436  12.38   91.50
124948  125552  0.00    99.22
124948  124752  0.00    60.59
124948  124830  3.00    17.13
124950  125106  10.00   25.56
124957  125279  3.00    53.31
124957  125005  2.33    138.90
124960  124329  7.88    90.19
124963  124564  10.50   53.78
124963  124950  0.00    54.11
125019  124963  11.50   89.23
125032  125215  8.50    64.99
125032  124299  7.25    106.77
125045  124278  9.69    104.12
125060  124942  0.00    19.37
125062  125187  6.28    104.31
125062  125174  4.50    16.47
125067  124682  8.67    54.49
125067  125019  5.33    55.39
125084  125197  2.88    38.31
125084  124856  1.00    53.65
125089  125424  4.67    75.38
125106  125424  0.00    51.92
125119  125245  3.00    18.92
125121  124612  12.69   70.30
125126  125232  14.33   55.20
125131  125067  7.30    12.31
125138  125355  50.00   92.73
125145  125032  0.00    16.78
125145  124948  1.67    68.33
125156  124285  7.75    118.73
125158  124720  7.67    60.46
125158  125131  0.00    43.36
125168  125158  14.33   15.87
125174  125299  7.60    21.16
125182  125168  7.67    27.79
125182  125751  10.50   103.32
125187  125665  7.14    73.84
125187  125119  6.67    108.91
125197  125388  5.50    58.48
125206  125768  0.00    84.44
125206  125182  6.75    44.43
125229  125089  3.00    48.92
125229  125692  11.50   104.53
125232  125229  10.00   2.38
125245  125961  3.00    107.31
125245  125206  0.00    45.32
125251  125679  10.29   66.84
125251  124571  5.91    95.58
125280  126016  9.14    119.84
125284  125807  0.00    86.24
125299  125492  10.51   28.91
125299  125530  0.00    38.82
125312  125877  10.56   88.82
125388  125440  1.50    8.15
125396  124542  7.00    132.85
125400  125106  8.86    73.00
125400  124963  10.00   67.31
125424  125731  3.00    85.93
125424  125692  3.00    47.70
125432  125771  0.00    100.86
125433  124925  8.50    95.25
125433  125060  0.00    64.14
125440  124934  20.00   130.78
125440  125513  15.86   12.62
125469  125698  0.00    103.62
125469  124733  20.00   114.57
125492  125914  8.48    71.59
125492  125665  7.88    106.70
125511  124960  3.00    90.18
125511  124898  8.33    99.16
125513  125689  6.50    28.78
125530  125492  7.32    23.91
125538  125627  3.00    12.32
125580  124850  6.48    129.88
125601  125019  9.43    88.35
125601  125400  6.80    93.02
125605  125986  7.80    81.89
125625  125432  0.00    100.62
125627  126146  20.00   116.35
125627  125849  4.00    33.11
125647  125601  3.00    20.83
125665  126233  9.80    85.45
125665  125843  8.79    61.30
125679  126200  3.00    75.52
125689  126013  7.82    54.33
125689  125610  0.00    83.16
125692  126085  6.50    105.48
125692  125986  0.00    49.59
125702  125131  11.50   89.05
125702  125647  3.75    42.83
125712  125702  10.00   10.94
125723  125045  9.83    104.12
125723  125060  7.09    124.25
125731  125400  3.00    49.26
125731  126007  8.57    115.01
125746  125712  0.00    47.47
125746  125168  11.00   88.87
125751  125746  0.00    8.47
125767  126098  0.00    56.00
125767  125580  0.00    46.62
125768  125990  13.33   79.16
125771  125953  0.00    26.28
125771  125625  0.00    135.99
125772  125469  11.08   47.60
125772  126029  0.00    101.95
125807  125823  6.50    10.97
125843  126767  10.00   137.44
125843  125899  6.20    24.00
125878  125807  10.80   79.90
125899  125961  7.83    35.19
125914  126222  8.80    143.03
125914  126273  7.68    62.76
125940  125723  8.80    63.60
125940  125156  3.00    118.73
125952  125767  0.00    45.38
125952  126292  0.00    59.57
125953  125878  0.00    79.90
125961  126170  4.38    118.66
125986  126283  10.50   55.67
125986  126439  11.50   131.41
125990  125751  10.00   33.35
126007  125647  3.00    50.54
126013  125953  8.77    69.33
126013  126497  9.16    99.38
126015  125433  0.00    100.44
126016  125940  0.00    23.52
126016  126301  10.30   58.53
126021  126093  0.00    14.61
126021  125530  9.75    100.82
126038  125433  16.67   91.69
126085  126353  7.00    115.92
126085  125731  0.00    48.26
126093  126206  1.00    22.71
126114  126021  20.00   15.53
126117  126145  0.00    76.26
126145  125513  10.50   103.92
126170  126227  7.33    20.45
126170  125990  2.33    26.48
126184  126444  0.00    41.43
126184  125952  0.00    46.43
126200  126846  15.06   92.35
126200  126239  20.00   60.03
126206  126463  0.00    38.66
126222  126114  13.20   18.68
126227  126485  14.90   52.47
126229  126114  7.29    21.59
126229  126206  0.00    7.03
126233  126814  10.00   85.44
126239  126246  0.00    10.90
126246  125679  4.89    100.84
126246  126276  14.33   28.92
126251  125396  9.25    132.90
126251  125511  10.00   112.47
126265  126402  3.00    106.06
126265  126013  5.00    57.47
126273  126658  7.85    63.27
126273  126483  7.67    80.57
126276  126301  4.91    74.25
126282  125580  7.74    123.95
126301  126749  7.14    84.39
126301  126015  16.14   96.73
126317  126145  3.00    53.23
126317  126265  0.00    8.38
126319  126038  20.00   57.14
126323  125823  10.00   79.33
126323  126913  11.50   94.42
126325  126613  6.14    139.96
126325  125899  0.00    62.78
126327  126222  11.20   14.60
126327  126229  0.00    22.74
126329  126860  0.00    145.13
126341  126673  10.00   90.82
126341  126187  0.00    23.86
126353  126007  11.00   49.98
126403  126038  3.00    103.61
126407  126038  3.38    77.10
126439  126085  11.50   48.84
126439  126695  6.22    114.24
126463  126586  0.00    29.47
126483  126635  1.00    80.55
126485  126736  6.11    57.76
126485  125712  10.27   105.76
126497  126894  2.00    100.51
126497  126760  10.22   53.45
126522  126229  5.50    43.66
126526  126184  0.00    52.07
126538  126317  2.33    33.33
126538  126747  1.00    56.36
126571  126341  14.33   33.49
126571  126282  13.20   71.15
126572  125772  8.33    121.54
126572  126282  8.82    48.07
126585  126276  8.91    44.86
126586  126913  5.64    95.76
126606  126802  0.00    80.92
126613  126736  17.67   111.97
126613  126227  15.00   55.38
126629  126522  8.39    26.36
126635  126327  11.00   45.89
126646  126826  0.00    27.78
126646  126629  0.00    4.27
126658  126854  10.53   33.62
126658  126851  0.00    88.45
126673  126738  3.00    34.31
126673  127313  20.00   100.58
126685  126572  8.72    20.65
126695  126353  11.00   48.58
126708  126644  0.00    21.99
126708  127100  6.11    63.65
126723  126325  0.00    58.91
126723  126767  0.00    18.88
126733  126319  11.70   87.79
126736  126837  2.75    22.70
126738  126597  20.00   20.27
126749  127035  10.56   55.10
126749  126407  8.50    77.10
126758  126646  9.80    30.25
126758  126826  13.20   36.60
126760  127286  7.93    99.31
126760  126445  20.00   139.44
126767  126814  3.00    48.50
126774  126708  4.67    24.41
126802  126439  7.25    55.42
126802  126989  3.00    99.34
126814  126854  20.00   28.22
126820  126733  11.00   63.79
126820  127275  9.80    103.56
126826  127330  10.29   77.88
126833  126685  7.00    88.32
126833  126571  20.00   40.69
126837  126695  8.00    21.69
126837  126989  8.00    28.24
126843  126239  11.50   85.78
126850  126723  3.00    100.95
126850  126613  0.00    39.17
126851  127038  11.00   88.41
126854  127009  8.67    27.12
126860  127108  3.00    115.51
126860  127121  0.00    47.18
126864  126820  3.00    22.63
126864  126319  6.00    86.44
126912  126403  13.33   105.06
126912  126685  8.17    43.17
126913  126968  0.00    12.97
126950  126913  10.00   5.50
126950  126758  7.39    64.41
126950  127861  11.50   144.82
126964  127312  8.17    78.71
126964  126864  12.67   63.58
126968  126950  0.00    12.93
126978  126538  11.20   67.39
126978  127290  3.00    125.76
126989  127016  0.00    3.76
126996  126912  3.00    19.93
126996  127356  0.00    57.94
126996  126964  3.83    22.30
127009  127204  0.00    36.55
127009  127244  0.00    41.23
127016  127080  0.00    11.28
127016  127091  0.00    128.56
127035  126733  10.60   66.04
127038  126635  7.33    60.20
127080  127108  0.00    5.78
127091  127130  0.00    128.53
127100  126968  9.41    51.32
127108  127209  10.08   19.61
127130  127154  0.00    23.57
127154  127009  0.00    57.57
127154  127204  2.56    33.99
127162  126996  14.33   114.94
127162  126833  3.00    52.93
127177  127080  0.00    101.60
127177  127265  14.33   43.08
127204  127329  20.00   21.89
127204  127244  0.00    21.62
127209  127504  8.00    146.90
127209  127543  7.65    56.25
127221  127177  0.00    80.60
127222  127898  15.00   112.02
127222  127162  0.00    36.94
127244  127473  0.00    88.96
127258  127357  0.00    43.60
127258  126978  3.00    46.08
127265  127568  20.00   139.13
127273  127221  0.00    80.60
127273  127130  0.00    25.71
127286  127100  10.27   95.58
127286  127675  8.24    63.41
127286  127863  11.65   82.94
127290  127333  0.00    13.00
127290  127535  0.00    43.31
127313  127222  11.50   58.02
127329  127691  4.25    62.16
127329  127273  11.50   47.17
127330  127874  4.75    78.06
127357  127507  0.00    51.78
127357  127581  0.00    34.01
127385  127258  11.50   16.72
127385  127508  4.00    54.70
127398  127313  3.00    33.96
127398  126738  8.50    103.60
127458  127356  0.00    81.57
127473  127689  0.00    89.02
127504  127638  3.00    60.18
127504  127265  0.00    35.53
127507  127739  0.00    41.15
127507  127535  0.00    7.01
127508  127398  12.11   55.86
127508  126705  5.33    122.34
127535  127589  0.00    17.36
127543  127121  5.50    116.54
127543  127764  23.33   37.82
127558  127329  0.00    104.11
127568  127273  3.00    43.47
127638  128018  0.00    56.16
127638  127801  12.00   81.04
127675  127970  8.73    46.48
127675  127333  11.00   100.07
127689  127889  0.00    51.06
127689  127038  10.50   103.39
127691  127801  15.00   20.03
127691  127568  10.00   18.55
127729  127871  0.00    95.64
127729  127972  20.00   33.63
127746  128124  3.00    97.56
127746  127385  4.86    54.73
127764  128467  5.89    103.58
127801  128605  8.39    105.48
127801  127937  13.20   57.68
127804  127764  3.00    15.37
127835  127313  3.00    102.40
127857  127689  0.00    25.66
127859  127861  15.14   86.98
127861  128343  6.40    60.87
127861  127874  10.00   86.57
127863  127859  11.20   86.98
127863  128331  11.00   56.82
127871  128018  10.50   59.07
127871  127504  6.50    55.16
127874  128346  10.50   58.73
127889  128073  0.00    36.78
127937  128932  16.60   129.22
127937  128097  6.30    59.78
127950  127857  0.00    12.78
127950  127558  11.50   105.69
127970  127589  11.50   101.99
127970  128046  11.00   11.67
127972  128120  3.00    18.57
127972  127804  3.00    61.11
128018  128484  3.20    60.53
128046  128500  10.20   64.65
128055  127746  3.00    44.12
128073  128596  20.00   80.84
128097  128205  14.33   45.42
128097  128955  8.13    114.01
128120  128579  2.60    59.41
128124  128500  11.00   97.56
128130  127162  4.75    140.90
128205  128368  22.60   66.15
128297  127857  0.00    71.08
128297  127950  0.00    63.93
128331  128753  20.00   54.35
128331  128337  11.00   78.38
128337  128343  11.50   78.38
128343  128775  8.00    59.07
128343  128346  7.00    93.63
128346  128596  10.00   32.14
128354  127871  8.67    61.44
128354  128120  17.67   91.37
128368  127950  8.67    51.31
128368  128673  20.00   61.22
128481  128297  0.00    26.46
128481  128673  0.00    36.49
128484  128354  3.00    58.43
128484  128937  8.67    59.92
128500  128915  12.29   64.44
128553  128205  0.00    46.51
128553  128690  0.00    50.62
128579  128799  8.67    90.08
128579  129013  10.00   59.80
128581  127804  5.33    101.92
128596  128777  20.00   27.47
128605  129445  7.74    105.90
128673  128809  3.00    30.28
128673  129147  23.25   78.05
128690  128809  0.00    53.33
128753  129226  8.29    57.54
128753  128775  9.86    139.67
128775  129238  9.80    58.83
128775  128777  10.33   90.81
128777  129258  12.44   63.40
128799  128354  0.00    59.88
128799  128937  1.00    59.31
128809  128881  0.00    15.00
128881  129337  8.44    89.16
128932  130036  8.86    129.14
128937  129448  10.50   60.99
128955  129069  0.00    44.58
128955  130157  8.93    140.39
129035  128690  0.00    83.61
129035  128553  0.00    66.11
129069  129035  0.00    3.08
129138  129394  0.00    44.48
129138  128881  0.00    43.01
129147  129417  8.67    36.13
129220  128046  11.00   145.01
129258  129238  11.50   83.71
129258  129765  10.29   62.31
129283  128799  0.00    60.49
129283  129013  8.11    90.68
129307  129258  0.00    15.06
129337  129709  2.00    73.17
129394  129632  0.00    44.05
129394  129636  0.00    33.24
129398  129138  0.00    34.20
129398  129147  11.50   44.41
129417  128481  8.80    119.75
129445  130036  10.13   70.92
129448  129283  11.00   58.60
129448  129996  10.50   61.96
129450  129307  0.00    40.92
129499  129450  0.00    12.34
129499  129417  0.00    10.25
129561  129774  15.50   89.02
129632  129885  1.00    42.78
129632  129337  15.00   43.14
129636  129398  0.00    45.91
129636  129986  0.00    44.32
129690  129448  7.67    93.60
129690  129445  15.00   31.79
129709  129809  0.00    15.13
129709  129069  14.33   75.22
129774  129283  3.00    58.97
129774  129996  5.33    60.71
129809  130059  11.50   42.55
129885  130132  0.00    44.74
129996  130219  4.25    93.07
129996  130441  3.00    61.36
130036  130411  6.50    55.29
130059  130157  0.00    21.77
130124  129885  0.00    32.33
130132  129809  0.00    44.25
130157  130438  6.50    50.03
130192  129632  0.00    77.05
130219  129690  11.20   60.99
130219  130411  9.57    86.10
130320  130132  0.00    32.11
130412  130059  10.00   60.28
130441  130931  11.50   69.47
130441  130649  14.33   92.64
130649  130219  0.00    61.57
130691  129774  7.60    119.46
107337  107994  7.80    104.93
107484  107497  8.33    93.00
107497  107337  12.29   31.12
107887  108148  50.00   49.54
107887  108091  0.00    47.71
107994  107970  0.00    138.52
107994  108147  7.00    26.45
108004  107994  12.44   75.69
108004  107497  10.24   107.41
108007  108004  8.63    55.34
108007  107484  11.50   96.20
108091  108007  2.00    14.74
108147  108417  11.20   40.06
108148  108552  7.90    56.66
108148  107627  7.86    125.70
108187  108652  9.38    106.30
108215  107776  12.75   96.89
108271  108398  10.59   143.46
108345  108999  9.80    109.88
108398  108417  3.00    25.70
108398  108147  0.00    36.00
108417  108435  11.63   141.63
108417  108702  8.00    47.51
108435  108091  11.50   58.40
108448  108969  3.70    111.03
108538  109075  8.78    94.11
108552  108215  4.00    95.87
108652  108969  8.67    67.32
108662  108927  8.13    42.93
108681  108398  3.00    46.36
108681  108570  18.00   136.56
108702  108864  7.91    30.19
108702  108681  20.00   26.93
108837  108681  10.00   24.86
108843  108113  10.75   111.78
108864  109372  9.81    106.96
108927  109270  3.71    64.05
108927  109421  3.00    128.60
108928  109352  0.00    101.49
108969  109098  0.00    21.73
108999  109568  10.00   109.36
109024  109599  7.88    100.97
109024  109321  7.00    81.01
109075  109610  7.22    95.03
109098  108928  3.00    99.34
109098  109322  9.00    52.08
109098  108662  3.00    143.40
109147  109322  0.00    76.42
109197  108435  7.06    123.65
109197  109301  2.33    85.36
109270  109543  9.80    55.32
109301  109510  0.00    81.60
109301  108864  8.67    83.68
109321  109610  8.13    81.05
109322  109543  4.67    64.73
109322  109603  8.62    107.60
109372  109850  8.68    107.24
109421  109270  0.00    28.15
109461  109197  11.50   43.81
109461  109512  0.00    24.54
109508  109461  11.50   8.31
109508  109555  7.00    32.15
109510  109888  0.00    83.63
109512  109147  0.00    78.43
109512  109603  20.00   23.47
109530  110132  20.00   108.27
109543  109697  3.00    60.48
109555  109606  7.63    36.44
109568  108843  8.00    112.09
109599  110176  6.22    100.75
109603  109849  3.00    55.93
109606  109301  0.00    56.68
109606  109888  6.00    65.30
109610  109661  5.33    83.97
109610  110220  9.86    99.19
109661  109568  0.00    14.31
109679  110081  0.00    100.92
109690  110132  3.00    114.46
109697  110576  11.50   143.53
109697  109849  11.50   58.49
109726  110003  3.00    88.13
109737  109105  8.44    101.95
109821  109508  3.00    47.74
109826  109421  0.00    66.72
109849  110102  0.00    50.00
109849  110631  0.00    126.22
109850  110411  11.20   124.52
109888  109973  0.00    19.81
109973  110081  0.00    25.51
109973  110089  2.00    108.04
110003  110624  2.00    92.05
110081  110411  10.00   67.78
110089  109555  2.33    108.79
110102  109821  12.67   73.75
110102  110565  8.19    73.91
110117  110583  0.00    76.03
110132  110481  10.00   51.98
110176  110803  11.50   100.73
110180  110687  6.57    110.85
110205  109619  15.80   100.89
110205  110377  3.00    57.74
110220  110882  10.29   99.26
110265  109661  20.00   92.56
110277  110629  0.00    58.07
110289  109543  7.83    124.01
110316  109438  10.73   136.53
110335  109737  6.32    100.82
110355  110205  0.00    24.15
110377  110024  0.00    84.45
110377  110491  11.67   97.36
110411  110687  9.80    62.58
110481  110609  6.43    103.36
110485  111069  6.00    134.01
110491  109982  0.00    82.54
110491  110545  5.33    21.35
110495  109821  10.73   100.14
110545  110716  0.00    26.67
110545  110583  0.00    24.10
110549  111046  8.67    95.11
110560  110481  8.42    41.74
110561  110635  0.00    23.15
110565  110495  9.50    43.32
110576  111491  9.30    143.43
110583  110561  1.00    24.82
110588  110888  2.33    85.67
110597  110588  0.00    4.54
110629  110597  0.00    24.73
110635  110629  0.00    2.25
110635  110702  0.00    20.29
110646  110753  0.00    32.83
110646  110316  3.00    48.71
110651  111233  27.20   93.81
110687  110784  9.00    20.70
110702  110597  0.00    16.98
110716  110892  0.00    46.53
110725  111320  0.00    92.36
110766  110335  6.18    97.51
110766  110803  3.00    41.25
110767  110533  0.00    35.13
110776  110560  8.67    100.83
110784  111069  8.00    53.59
110784  111088  7.62    62.17
110803  110882  7.25    62.07
110819  110316  9.38    104.05
110826  110702  0.00    20.40
110826  110981  1.00    44.60
110848  111392  5.00    90.21
110857  111414  16.00   87.63
110875  110928  3.00    36.75
110875  111549  0.00    106.89
110882  111524  15.75   98.27
110882  110908  5.83    29.49
110888  110326  13.67   95.18
110892  110561  3.00    52.97
110892  111075  0.00    44.32
110898  111135  12.76   95.05
110898  110560  0.00    51.03
110901  110533  20.00   108.75
110901  110767  0.00    92.70
110908  111080  8.58    40.99
110908  110265  8.67    92.58
110928  110898  8.67    4.53
110977  110646  20.00   49.27
110981  111295  1.00    51.99
111023  111504  1.00    79.91
111046  111618  3.00    96.48
111069  111337  7.21    43.72
111075  111295  0.00    45.97
111075  110826  1.00    41.81
111080  110289  9.20    124.05
111080  111491  8.64    69.76
111088  110901  8.67    63.03
111088  111397  8.27    45.17
111102  111369  21.89   45.19
111102  110776  0.00    101.78
111135  111369  15.75   94.95
111191  111986  11.50   149.01
111219  110875  5.60    112.90
111233  111751  20.00   93.81
111283  111552  3.00    117.03
111283  110928  0.00    52.87
111295  111464  0.00    44.75
111309  111102  13.52   57.06
111320  111857  9.44    92.33
111337  111953  9.07    132.55
111337  111845  6.25    98.79
111369  111662  9.83    56.44
111383  111531  0.00    107.85
111392  111870  4.67    90.21
111397  111224  2.00    133.07
111397  111527  2.33    18.62
111414  111784  11.50   65.61
111445  110819  14.33   106.27
111448  111309  11.20   40.45
111464  110888  11.50   95.46
111464  111618  0.00    60.42
111485  110766  8.15    106.66
111491  111857  8.67    71.99
111504  111893  4.00    79.98
111524  112189  7.80    133.05
111524  112078  10.50   109.47
111524  111080  8.67    69.04
111527  111728  7.25    35.49
111531  111527  0.00    24.16
111549  112211  5.14    124.37
111549  111650  7.67    52.71
111551  111531  0.00    91.61
111552  111662  10.25   53.03
111594  111485  2.00    17.81
111618  111751  14.33   51.33
111629  111448  1.00    59.61
111629  111464  0.00    30.42
111636  111629  0.00    2.68
111650  111789  7.45    54.79
111650  111283  2.00    57.66
111662  112010  6.50    79.99
111676  111219  9.00    114.25
111728  112015  5.91    59.91
111728  111868  7.33    124.23
111751  111870  0.00    57.98
111761  111353  8.67    75.96
111784  112159  9.60    73.01
111786  112429  1.00    125.71
111789  111994  0.00    45.62
111830  111636  9.83    62.25
111845  112364  0.00    107.88
111857  112000  6.50    38.22
111868  112371  6.78    87.23
111868  111999  0.00    48.90
111870  111893  0.00    57.34
111893  111986  3.00    55.63
111934  111559  0.00    66.46
111934  111676  13.63   112.72
111950  111549  5.90    127.38
111953  112533  8.67    121.88
111967  111309  4.50    133.57
111979  111448  2.50    105.98
111979  112198  20.00   59.95
111986  112111  19.00   44.94
111989  111830  9.40    76.31
111994  111552  6.17    97.38
111994  112495  15.33   79.61
111999  112139  0.00    36.24
112000  112189  3.00    73.18
112000  112159  9.33    30.74
112010  112413  3.00    79.90
112015  112457  10.29   109.86
112015  112533  8.10    86.34
112078  112670  9.83    109.07
112107  112422  11.20   121.36
112107  111830  3.00    60.26
112111  111761  9.80    75.68
112139  111414  0.00    148.65
112139  112580  3.00    83.82
112149  111950  7.75    77.88
112159  112566  10.50   75.74
112175  111989  3.00    76.31
112189  112704  0.00    97.50
112189  112388  10.80   75.36
112198  112673  11.50   79.23
112198  111636  15.22   115.75
112211  112963  8.10    124.13
112229  111784  9.08    95.56
112282  111650  6.65    119.42
112288  112619  9.13    53.40
112297  112149  13.83   77.42
112297  111934  0.00    61.72
112314  112175  0.00    52.81
112337  112297  6.14    59.60
112337  111594  11.69   127.26
112364  112964  6.75    107.88
112365  112002  16.71   111.72
112371  112457  11.29   15.37
112388  113177  9.65    146.48
112388  112670  2.82    110.92
112410  112371  0.00    15.04
112410  111999  0.00    78.76
112413  112653  3.00    60.22
112422  112450  0.00    9.02
112429  113132  6.80    125.26
112438  112107  11.50   62.22
112438  112634  3.00    65.71
112445  111979  7.00    85.50
112450  112175  5.75    65.03
112450  112550  0.00    34.91
112457  112751  6.40    48.24
112495  112413  10.00   17.27
112495  112887  8.67    60.93
112533  112657  11.50   23.78
112544  112410  0.00    35.36
112550  112589  3.00    14.59
112566  112968  14.33   75.74
112567  111789  8.54    139.40
112580  112544  0.00    9.34
112589  112775  9.50    82.96
112589  112314  10.00   66.27
112619  112918  0.00    51.59
112627  112580  0.00    12.53
112629  112314  11.65   113.28
112634  113144  2.00    84.74
112634  112772  6.50    56.97
112643  112337  6.48    49.91
112648  112288  7.31    92.64
112653  112948  5.90    75.36
112653  111967  9.57    133.43
112657  112964  6.93    88.85
112670  112676  20.00   2.54
112673  112438  3.00    42.83
112676  112747  7.56    39.77
112676  112643  0.00    23.49
112704  113242  20.00   97.47
112727  113009  20.00   46.52
112727  112657  3.00    42.11
112732  112198  8.07    91.84
112738  112968  0.00    61.30
112738  112229  1.67    95.56
112743  112297  7.25    122.07
112743  111950  13.90   135.56
112747  112643  9.44    24.52
112751  112796  0.00    7.48
112755  113404  0.00    147.23
112772  112422  0.00    61.72
112775  112629  11.74   82.78
112796  112727  5.33    37.49
112796  113237  3.00    70.49
112813  113585  3.00    120.13
112815  113013  6.55    134.13
112815  112747  5.64    17.84
112823  112815  8.08    2.22
112865  112751  0.00    34.92
112865  112544  0.00    61.08
112887  113570  6.64    109.51
112887  113362  8.71    124.47
112900  113671  5.00    129.71
112918  113245  11.50   53.78
112918  113445  12.00   140.36
112948  112445  10.00   85.64
112948  113355  5.33    100.67
112963  113417  10.00   74.08
112963  112743  8.67    60.64
112964  113132  4.50    47.71
112968  113706  9.80    142.86
112968  113242  11.00   71.22
113009  113318  8.67    85.70
113009  113790  1.00    132.48
113013  113786  16.60   121.56
113013  113123  5.33    72.53
113015  112282  8.58    119.38
113016  112629  8.06    133.61
113123  113177  8.67    40.78
113123  113915  7.33    123.52
113132  113190  3.00    14.66
113133  112550  6.43    98.53
113134  112648  5.67    95.13
113134  112619  8.00    140.10
113136  113666  8.55    89.31
113136  113752  6.86    127.48
113144  113668  11.50   85.81
113163  112363  6.78    129.82
113177  113429  8.50    48.17
113190  113372  4.86    58.89
113203  112567  5.47    104.07
113211  114135  11.50   149.84
113237  113294  0.00    18.83
113237  113892  0.00    109.50
113242  113498  9.50    71.95
113242  114024  11.17   147.81
113245  113553  3.00    53.84
113255  113399  15.00   77.57
113266  112772  0.00    79.54
113294  112865  2.33    77.79
113294  113499  8.67    54.48
113307  113136  9.07    76.77
113318  113190  7.56    84.83
113323  112823  14.06   97.22
113332  112823  8.30    136.85
113355  112732  12.67   93.19
113362  112948  7.80    64.69
113362  113952  9.40    148.59
113372  113404  0.00    8.25
113388  112612  5.30    126.69
113388  114205  8.00    131.64
113399  113684  0.00    79.57
113401  112567  8.00    129.55
113404  113571  20.00   45.26
113417  113332  6.50    22.86
113429  113498  0.00    14.98
113429  113957  7.25    82.12
113445  113134  14.33   53.70
113454  114098  14.33   104.44
113498  114063  9.80    101.85
113499  112738  6.00    141.66
113499  113706  11.50   59.89
113532  113692  7.80    47.53
113532  113821  2.33    49.15
113535  113388  0.00    63.00
113541  113307  6.75    77.78
113553  113914  0.00    58.94
113556  113016  5.83    135.45
113570  113823  7.07    84.48
113570  114268  5.77    110.87
113571  113719  8.13    34.06
113583  112673  7.45    144.06
113583  113355  50.00   69.24
113584  113372  6.40    77.39
113585  113556  8.17    11.80
113666  113711  0.00    42.71
113668  113583  11.50   64.74
113668  114109  0.00    63.33
113671  114351  11.13   104.61
113671  113454  10.25   110.63
113684  113332  3.00    145.40
113692  113719  10.50   7.63
113711  113828  0.00    77.47
113719  113979  10.64   62.07
113725  114295  8.90    142.97
113725  113015  5.13    119.39
113725  113417  8.56    68.53
113736  113445  0.00    52.49
113752  113763  11.20   81.72
113752  113133  0.00    100.04
113763  113668  8.67    59.57
113763  113266  6.50    80.23
113786  113323  9.30    97.22
113786  113886  11.50   12.15
113818  113584  1.00    77.39
113821  113692  12.78   29.59
113823  113952  8.25    126.54
113823  114407  5.69    126.05
113828  113582  0.00    77.97
113836  113203  9.40    104.65
113855  113571  3.00    79.56
113871  114135  11.50   111.11
113879  113553  7.40    85.79
113886  114821  7.80    140.25
113892  114573  9.00    109.22
113914  114254  3.00    53.01
113915  113886  6.50    69.59
113915  114859  7.25    141.34
113924  113556  3.00    55.44
113943  113163  5.13    129.82
113943  113671  2.00    110.02
113952  114109  16.17   113.33
113955  113585  0.00    74.78
113957  113915  3.00    71.90
113957  114905  2.50    142.54
113979  114275  6.89    85.92
113990  114732  7.00    116.94
113996  114265  0.00    55.54
113996  113821  10.76   37.30
114016  113836  7.40    32.33
114016  114067  3.00    30.10
114038  113725  2.25    45.76
114052  113855  3.00    78.63
114063  114520  11.50   84.40
114063  114929  8.67    132.17
114067  113836  12.38   34.66
114067  114082  0.00    9.14
114082  114174  8.63    78.74
114098  114739  7.00    104.44
114109  114271  10.00   96.00
114135  114493  3.00    59.76
114174  113401  9.80    128.24
114174  114268  7.80    73.43
114205  115046  13.53   142.72
114205  113943  11.00   107.59
114209  113736  13.67   66.83
114209  113879  11.00   85.72
114233  114016  8.21    37.01
114252  113684  0.00    92.05
114254  114617  0.00    62.28
114254  114750  6.75    131.79
114256  114795  3.00    84.24
114265  114492  9.80    55.76
114265  114918  9.03    136.47
114268  114675  7.14    62.99
114268  114407  14.33   124.19
114271  113666  19.57   141.68
114275  114480  10.19   71.86
114295  114500  9.80    63.97
114338  114500  11.50   27.02
114351  114981  7.00    104.59
114356  113914  8.00    114.92
114375  114256  11.00   54.91
114375  114892  4.00    81.68
114392  114606  0.00    32.62
114407  114570  6.33    125.80
114407  114874  6.14    83.15
114417  114433  0.00    72.83
114433  113955  3.00    76.64
114480  114962  2.33    74.77
114480  114573  6.17    27.38
114486  114379  5.50    24.60
114492  114793  20.00   60.87
114492  114666  7.13    37.86
114493  114375  6.50    56.91
114493  115110  6.53    99.51
114495  114038  5.80    69.62
114500  115005  6.50    78.91
114500  114606  3.00    26.10
114520  114973  0.00    84.40
114538  114654  7.80    94.44
114566  114851  5.46    142.27
114570  114271  7.00    127.39
114573  114783  7.09    69.55
114602  113943  3.00    104.31
114606  114821  15.75   100.32
114606  115069  3.00    75.31
114617  114953  10.08   59.28
114654  114675  5.80    22.06
114666  113979  6.75    102.65
114675  114766  10.22   81.91
114732  114385  14.00   98.44
114739  114493  6.75    110.56
114739  115299  6.55    97.01
114750  115089  9.80    59.61
114750  115067  1.00    88.63
114766  114874  3.00    81.91
114775  114356  14.33   114.82
114775  114209  0.00    95.99
114778  114295  15.40   75.60
114778  114486  0.00    64.30
114783  114998  5.87    53.22
114784  115348  3.00    114.62
114793  115196  6.00    93.76
114795  115220  7.86    82.66
114806  114732  8.67    14.46
114821  114859  8.67    69.11
114846  114433  15.75   61.48
114851  115427  3.94    144.96
114859  115024  0.00    29.43
114859  114905  11.29   71.93
114874  115243  9.00    63.35
114874  114988  10.57   103.56
114888  114654  7.14    94.49
114892  115110  3.00    77.46
114894  114082  13.13   123.64
114905  114929  8.17    71.57
114911  114666  3.00    38.58
114911  114974  5.33    47.72
114929  114973  6.40    109.58
114943  114846  0.00    125.60
114953  114984  0.00    8.98
114953  115226  8.88    50.85
114962  115583  3.56    100.46
114962  115043  12.44   62.51
114969  115570  11.00   115.07
114973  115077  5.14    75.63
114974  114793  0.00    43.31
114974  115599  10.14   103.30
114981  114739  4.75    110.40
114981  115434  11.20   145.29
114984  115449  0.00    126.32
114992  114275  9.29    116.83
114998  115478  6.42    114.05
114998  115623  3.00    103.09
115001  115452  7.29    133.40
115001  115223  11.50   56.23
115001  114566  6.98    142.75
115005  115504  0.00    78.91
115012  114495  6.00    81.83
115043  115597  3.00    90.87
115043  114783  2.75    54.88
115046  115438  12.63   68.00
115067  114775  20.00   59.85
115069  115537  0.00    75.16
115079  114806  3.00    56.28
115079  114703  0.00    112.98
115089  115449  8.00    61.45
115089  114617  9.86    132.36
115091  115815  20.00   130.66
115092  115521  15.00   66.90
115092  115429  7.05    148.55
115093  115186  3.00    17.37
115110  115311  3.00    46.10
115143  115770  6.50    114.32
115147  115046  11.33   35.60
115169  115147  20.00   10.71
115186  115972  3.00    121.56
115194  114981  6.40    109.75
115194  114602  10.29   104.32
115194  115690  9.40    100.65
115196  114918  12.33   57.79
115220  114806  10.14   132.61
115223  115247  0.00    3.86
115223  115571  8.86    79.94
115226  115169  13.35   13.83
115232  115831  4.00    90.43
115232  115186  8.50    61.73
115243  115092  7.31    145.47
115243  115664  9.44    66.21
115247  115711  6.00    123.84
115250  115343  12.67   31.42
115250  115079  0.00    32.86
115272  115232  6.56    78.68
115280  115089  0.00    55.38
115280  115067  7.86    63.22
115302  115272  3.00    78.68
115329  114911  6.90    73.00
115342  115226  11.50   21.61
115343  114969  2.33    99.41
115348  115878  10.75   95.52
115348  115159  0.00    52.89
115370  114778  8.33    96.83
115391  114486  7.00    146.32
115408  114984  5.43    77.70
115414  115302  2.00    144.58
115427  115615  3.00    76.06
115427  115091  0.00    129.53
115429  114888  6.50    99.78
115438  116028  23.41   149.47
115448  115220  5.07    82.92
115449  115849  3.00    64.30
115452  115243  16.13   79.41
115471  114846  5.62    115.19
115476  115941  8.67    75.82
115476  115452  0.00    5.03
115478  115789  8.67    73.12
115478  115414  0.00    46.40
115504  115558  14.33   11.95
115506  115429  0.00    68.34
115511  115506  4.54    10.38
115521  115633  15.14   72.61
115521  115928  7.25    64.20
115526  115302  0.00    75.18
115526  115908  5.60    74.64
115537  115504  0.00    27.13
115558  116055  20.00   77.18
115558  115982  0.00    96.65
115570  115348  4.00    59.40
115570  115834  3.00    45.85
115571  116446  9.18    135.56
115571  116150  9.64    114.11
115583  115695  0.00    63.73
115583  116129  9.60    89.22
115586  115770  0.00    51.35
115597  116154  9.80    90.87
115599  116025  10.50   104.45
115599  115720  14.33   87.76
115610  115343  0.00    91.85
115615  115815  5.75    75.94
115623  116297  11.00   103.37
115633  116083  7.25    90.97
115644  115247  6.50    62.62
115648  115414  11.50   90.71
115664  116050  10.69   60.15
115664  115521  6.73    126.72
115673  115927  3.00    79.72
115687  115448  6.29    99.81
115689  115871  6.50    120.08
115690  115832  8.17    96.66
115695  114992  10.20   116.80
115711  115476  6.86    59.17
115720  115196  0.00    91.21
115766  116422  8.50    102.84
115770  115871  0.00    17.71
115789  116069  5.33    74.65
115789  116368  2.33    92.34
115815  115905  10.00   17.55
115825  115329  7.00    101.80
115825  115695  7.80    18.63
115831  116330  2.33    79.41
115831  115526  2.00    111.30
115832  115687  5.00    56.73
115834  115878  3.00    76.95
115834  115610  0.00    91.32
115849  116466  13.67   125.79
115849  115408  20.00   77.51
115852  115280  0.00    98.00
115864  115342  12.18   84.42
115871  115878  5.86    67.57
115905  116020  8.57    23.87
115908  116305  9.00    80.59
115908  115648  6.40    90.71
115913  116384  2.00    140.55
115914  116108  2.00    56.18
115927  116171  0.00    79.81
115928  116080  0.00    26.93
115928  116050  20.00   108.11
115937  115427  5.13    79.76
115941  116396  0.00    75.82
115945  115644  3.00    77.08
115945  115711  3.00    57.93
115961  115578  8.75    59.38
115968  115536  9.80    66.79
115968  115961  0.00    55.91
115972  116005  0.00    5.79
115972  115537  11.20   90.06
115982  116331  14.71   84.62
115982  115370  8.86    96.69
115988  115968  0.00    56.20
115988  115634  8.07    52.93
116005  116267  0.00    39.85
116005  115831  5.80    66.76
116020  116171  9.17    39.26
116020  115471  7.60    113.99
116025  115329  3.00    140.70
116028  115832  6.74    145.64
116037  115478  9.00    89.04
116050  116335  6.50    51.25
116055  116493  0.00    67.84
116055  116005  0.00    98.40
116069  116669  2.50    95.23
116069  116305  3.00    56.73
116080  116925  2.00    130.40
116083  116198  4.50    78.01
116083  115429  14.33   105.46
116103  115908  11.50   81.49
116108  116025  7.33    105.61
116108  116516  14.33   82.84
116124  116145  0.00    6.84
116126  115850  6.33    47.09
116129  116673  4.43    89.22
116145  116195  3.83    60.99
116150  116807  4.67    115.73
116152  115945  8.67    58.33
116154  116205  1.00    7.02
116171  116377  3.00    74.01
116172  115782  8.80    62.82
116195  116172  7.88    110.91
116201  116198  0.00    9.82
116205  116303  9.80    15.65
116205  116297  3.00    26.36
116210  115864  11.50   60.36
116210  116126  3.00    135.28
116251  116287  13.20   4.93
116259  115644  10.00   94.01
116259  116152  0.00    26.72
116267  116281  0.00    67.22
116267  116474  3.00    33.61
116280  116554  10.00   108.90
116280  115905  7.67    74.71
116287  116984  5.50    108.56
116297  116585  6.00    67.65
116303  116810  1.00    83.02
116305  116364  2.00    18.95
116325  116287  9.33    58.39
116325  117023  20.00   106.99
116330  116103  7.40    81.49
116330  116641  4.67    50.76
116331  116536  0.00    72.19
116331  115391  19.00   146.86
116335  116396  2.33    22.45
116348  116172  13.33   27.13
116362  116325  10.82   53.55
116364  116869  6.46    81.53
116364  116484  6.67    63.16
116365  116673  4.17    57.02
116368  116951  5.00    92.34
116370  116259  11.50   31.10
116377  115860  11.00   132.87
116377  116587  9.57    79.35
116391  115932  9.38    72.38
116391  116362  9.00    57.56
116396  116532  5.44    54.74
116403  116348  0.00    8.61
116418  116649  0.00    119.40
116422  116391  13.20   53.22
116422  117125  0.00    109.74
116446  116807  8.67    60.44
116446  116370  0.00    34.74
116447  116210  9.80    39.87
116454  115988  8.10    73.03
116454  116422  0.00    56.59
116466  115852  0.00    100.21
116474  116720  3.00    39.04
116474  116493  0.00    98.27
116484  116979  10.00   76.68
116484  116576  5.80    64.82
116490  116025  0.00    137.02
116492  116454  0.00    55.30
116492  115968  0.00    82.31
116493  116836  3.00    54.44
116512  116126  0.00    59.88
116515  116080  11.17   91.48
116516  117053  6.35    85.15
116518  115961  2.78    88.00
116518  116492  11.50   54.47
116532  116694  10.42   58.66
116532  115711  10.60   137.01
116535  116536  6.00    9.67
116541  116280  7.25    54.89
116542  116512  5.00    88.51
116544  115825  12.12   120.28
116547  116542  7.43    48.35
116547  116564  0.00    20.97
116554  116938  3.00    109.88
116561  115633  7.00    146.07
116564  116447  0.00    21.02
116576  117507  7.17    149.34
116576  116641  5.33    61.65
116585  116951  3.00    79.86
116585  116037  5.33    89.09
116587  116643  11.91   26.48
116598  116518  1.00    110.60
116598  116403  3.00    32.59
116622  116362  0.00    41.95
116641  117573  2.38    149.17
116641  116720  2.00    62.49
116643  116814  5.14    32.21
116643  116650  0.00    4.77
116649  117386  0.00    126.24
116650  116667  0.00    14.00
116667  116676  0.00    6.46
116669  117262  11.00   95.23
116670  116758  16.67   109.54
116670  116145  9.80    110.82
116673  117296  7.17    111.91
116676  116466  0.00    33.47
116676  116702  3.00    70.53
116690  116670  0.00    2.10
116692  116598  4.25    110.59
116692  116195  7.40    79.96
116694  115945  6.40    124.28
116694  116830  3.00    54.55
116702  117395  20.00   114.04
116702  116564  20.00   22.35
116720  116816  9.00    80.54
116720  117644  8.17    148.44
116736  117057  0.00    80.07
116758  116229  7.50    89.75
116758  116785  1.00    52.61
116764  116690  0.00    11.97
116766  116367  8.17    97.85
116766  117034  2.00    77.01
116777  116335  6.75    69.99
116777  117117  15.00   124.36
116785  116319  9.80    75.01
116785  116818  11.50   57.46
116794  116764  0.00    4.44
116794  116692  5.50    111.19
116797  116541  8.67    90.64
116800  116541  8.67    50.50
116807  116840  0.00    5.49
116809  116840  6.33    113.69
116810  117419  2.00    99.08
116816  116836  10.00   22.74
116818  116885  7.86    91.37
116818  116512  4.75    48.22
116830  116152  7.80    112.30
116830  116988  9.57    55.06
116836  116902  7.21    57.80
116836  117591  10.00   121.43
116840  117161  6.50    50.06
116841  116814  3.00    4.40
116869  117353  20.00   81.65
116885  116542  7.56    51.83
116902  117008  9.00    68.43
116902  115982  3.00    144.58
116920  116083  9.83    130.13
116925  117361  2.00    77.21
116925  117474  7.56    134.06
116938  116841  6.67    47.09
116951  117262  20.00   76.81
116951  117862  7.80    148.73
116955  116515  11.50   91.62
116955  116777  0.00    26.43
116976  116598  4.75    56.82
116979  117425  5.83    76.68
116984  116969  16.67   18.51
116988  116370  10.10   100.29
116988  117161  10.54   73.95
116990  116418  0.00    122.98
117008  116331  3.00    104.28
117008  117079  8.09    66.52
117015  116920  7.08    96.80
117023  116984  11.50   47.21
117034  116901  8.33    33.98
117046  116976  0.00    86.05
117053  116948  20.00   61.95
117053  117546  4.42    84.15
117057  116990  7.80    51.78
117058  117396  1.75    92.82
117058  116800  0.00    51.64
117078  117807  11.84   121.98
117078  117057  3.00    18.82
117079  117094  10.00   10.95
117081  117218  11.50   87.16
117088  116938  7.33    63.67
117088  116797  9.00    90.96
117090  117023  15.38   110.75
117090  116391  10.88   107.97
117096  117761  26.50   112.43
117096  117078  20.67   9.17
117114  116794  0.00    47.20
117114  117011  5.20    67.86
117117  117393  17.20   124.36
117121  117058  0.00    13.22
117121  116809  7.56    128.52
117125  117090  11.00   54.98
117136  116736  0.00    80.98
117147  116990  5.35    25.27
117147  117053  5.92    65.75
117150  117034  5.23    34.49
117156  116454  6.43    109.50
117156  117125  0.00    54.54
117161  117341  7.33    103.22
117192  116492  2.33    109.01
117192  117156  0.00    55.29
117208  117114  6.75    56.26
117209  116518  8.33    109.92
117209  117192  10.00   54.42
117212  116818  7.67    63.69
117218  117114  0.00    20.91
117220  117088  9.57    74.57
117220  116800  6.67    141.40
117226  116841  8.16    61.66
117262  117353  15.00   65.72
117262  118182  9.44    144.55
117272  116976  6.50    50.51
117272  117209  13.71   109.08
117278  116766  5.22    130.20
117296  117328  9.80    33.32
117296  116544  6.40    120.66
117299  117278  0.00    40.12
117314  116758  6.40    90.32
117314  117208  10.00   55.42
117317  117150  2.94    47.32
117328  116490  3.00    143.60
117328  117386  11.50   52.39
117336  116810  11.50   100.82
117341  117532  8.15    119.17
117341  116809  8.27    90.41
117353  117425  10.00   63.61
117353  117861  6.90    79.04
117354  116692  3.00    108.48
117354  117272  10.00   111.36
117361  116561  5.14    143.95
117361  117480  0.00    17.29
117372  117226  20.00   75.59
117386  118215  20.00   130.43
117388  117008  7.00    66.68
117388  117566  0.00    36.13
117393  117875  0.00    89.40
117393  117565  5.20    79.67
117394  117314  1.00    59.30
117394  116785  9.00    99.93
117396  117220  6.95    94.19
117401  117096  12.00   99.66
117404  117218  0.00    32.10
117404  117354  11.00   109.38
117419  117517  5.80    27.33
117419  117593  7.25    26.70
117425  117507  4.00    64.98
117425  117974  8.25    82.52
117432  116920  10.44   148.12
117474  116955  10.00   85.01
117479  117394  8.67    54.12
117480  117432  10.00   15.70
117507  117573  11.50   65.25
117507  118046  2.00    82.12
117516  117480  20.00   11.20
117516  118121  8.67    104.43
117517  117862  1.00    80.24
117517  116585  7.83    148.15
117527  116885  3.86    102.90
117532  117121  8.86    74.22
117532  117396  5.50    111.63
117537  117372  7.62    75.54
117541  117479  8.67    46.11
117546  118077  8.18    84.15
117551  117527  6.50    3.66
117556  116902  11.00   105.32
117565  117726  18.71   79.63
117566  118246  4.40    113.92
117568  117244  5.33    90.58
117573  118104  3.00    82.34
117573  117644  20.00   63.10
117591  118401  8.67    121.48
117593  117983  8.67    57.48
117598  117551  3.00    8.94
117606  117359  5.19    54.65
117619  117541  3.00    51.71
117619  117598  11.50   3.51
117622  117527  10.00   78.12
117632  117278  8.50    58.16
117637  118174  9.80    98.07
117642  117147  6.09    84.68
117644  118180  8.00    81.94
117644  117733  7.25    71.76
117646  117388  0.00    39.04
117646  117566  0.00    25.54
117664  117474  3.00    29.38
117666  117516  1.67    99.77
117673  117537  8.00    63.51
117673  118304  4.67    97.72
117679  117432  5.43    75.35
117692  117208  14.33   77.33
117715  117664  0.00    7.35
117726  117817  13.20   58.30
117726  117341  2.00    59.91
117733  116816  8.00    149.54
117757  117090  20.00   109.67
117761  118482  9.13    112.44
117794  117853  3.00    9.88
117795  117673  18.00   62.34
117807  118623  9.44    121.96
117817  117932  11.50   62.05
117836  117156  7.25    110.53
117836  117757  9.40    110.44
117845  117619  5.44    33.21
117845  117852  10.50   72.74
117851  117317  9.47    88.21
117851  117568  1.00    90.00
117861  118387  2.50    78.92
117862  118182  11.00   71.67
117875  118355  10.25   89.29
117904  117836  7.38    111.28
117904  117209  5.33    109.85
117910  117538  4.43    101.56
117912  117336  15.00   100.97
117912  117296  5.57    97.44
117932  117532  8.86    62.24
117932  117940  11.50   61.66
117940  118777  7.67    125.67
117940  117795  3.00    63.91
117956  117593  2.60    60.78
117974  118521  4.75    82.52
117983  118698  10.25   113.62
117983  117956  6.40    28.69
117984  118077  12.92   66.09
117987  117904  11.17   107.35
117987  117272  11.20   109.79
118010  117622  3.14    81.79
118016  117606  13.83   61.33
118040  117845  3.00    28.52
118042  118016  0.00    38.71
118046  118594  5.33    82.11
118058  117401  13.93   103.94
118065  117679  0.00    74.46
118065  117488  9.20    107.47
118072  118082  0.00    96.45
118074  117354  9.20    109.20
118074  117987  4.67    110.01
118077  118192  6.50    65.45
118077  118658  9.88    86.56
118082  117226  6.00    133.31
118091  117757  10.00   51.55
118091  118172  15.00   110.51
118104  118669  7.00    82.34
118106  118074  2.00    52.95
118121  118554  3.00    100.77
118149  117404  9.00    113.14
118149  118106  5.00    58.39
118172  117836  10.75   50.55
118180  118722  15.00   81.94
118183  118253  0.00    10.91
118190  117394  8.00    119.42
118191  117851  11.50   50.84
118191  118260  14.20   14.28
118192  117642  7.38    84.68
118206  118149  3.00    53.76
118206  117692  11.00   77.33
118213  118040  0.00    36.99
118214  118213  20.00   47.82
118215  118651  4.81    65.33
118215  118058  0.00    74.17
118237  118214  20.00   48.97
118237  118940  13.67   112.67
118240  117910  9.82    100.95
118240  118191  11.50   8.77
118244  117479  7.95    116.93
118246  117556  20.00   105.35
118249  117314  8.57    143.39
118249  118206  3.00    54.85
118260  118699  6.27    94.86
118275  118538  10.00   75.73
118277  117679  6.54    117.85
118284  117541  14.60   115.51
118290  117537  6.50    116.18
118304  118930  0.00    97.73
118305  118718  20.00   66.22
118327  117795  8.00    80.29
118340  118016  10.00   52.41
118340  118414  6.09    88.19
118344  117987  2.50    56.67
118372  118447  0.00    11.17
118401  118948  11.00   88.22
118405  118246  11.50   24.04
118405  118401  3.00    65.90
118406  117726  8.50    106.31
118414  118448  7.60    49.92
118421  117646  19.11   116.48
118421  118437  3.00    71.04
118432  118074  14.33   54.09
118432  118344  11.00   108.49
118433  117983  5.40    103.50
118437  118044  7.35    60.25
118448  118485  6.50    48.20
118482  119040  1.00    90.46
118485  118585  3.00    110.67
118485  118091  7.25    58.90
118490  118482  3.00    25.93
118514  117817  12.20   105.62
118521  118477  3.20    28.70
118523  118530  0.00    85.00
118530  118082  9.83    64.73
118538  118240  2.60    48.50
118554  118636  0.00    18.16
118554  117853  13.71   114.04
118574  117912  8.50    98.96
118574  117956  9.00    105.96
118574  118651  3.00    69.79
118581  118637  4.86    28.51
118583  118040  4.10    80.26
118585  118654  5.73    110.42
118585  118172  7.25    59.60
118594  119327  7.45    119.91
118594  118521  3.00    64.15
118608  118065  7.40    103.29
118623  119375  12.86   121.90
118633  118901  2.33    65.93
118636  118718  8.86    41.69
118637  117932  10.40   106.89
118645  118213  14.33   66.36
118645  119122  8.00    80.71
118649  118736  0.00    46.59
118649  117733  3.00    143.82
118651  119224  5.81    96.84
118654  117904  3.00    110.37
118654  118723  6.00    109.83
118658  119161  7.56    86.56
118669  119499  2.50    132.22
118669  118594  0.00    63.37
118676  118574  6.40    17.14
118698  119164  7.80    109.88
118699  118340  7.64    51.61
118699  118869  5.93    69.09
118717  118405  50.00   47.01
118717  119149  8.67    81.27
118718  118838  6.10    48.46
118722  118669  26.50   63.72
118722  119314  3.00    95.39
118723  118766  8.33    54.20
118723  118344  5.33    55.59
118733  118490  2.00    45.66
118733  119455  6.95    117.44
118736  118722  3.00    7.18
118748  118192  7.35    85.27
118750  118645  0.00    34.80
118750  118214  0.00    79.89
118766  119459  20.00   109.00
118766  118803  7.00    55.24
118777  118637  13.20   95.22
118803  118831  3.00    54.38
118803  118432  7.67    55.32
118817  118777  14.20   32.34
118831  118862  5.40    55.67
118831  118106  6.44    109.26
118838  119087  8.32    84.44
118838  119036  13.07   93.27
118859  118817  12.52   33.29
118859  118327  2.00    80.28
118860  118277  9.13    117.35
118860  118636  7.33    78.44
118862  118887  3.00    53.87
118862  118149  9.00    108.96
118869  118893  3.00    11.36
118869  119360  3.00    75.31
118884  118058  6.80    132.72
118887  118912  6.67    53.65
118887  118206  8.80    107.33
118892  118859  0.00    28.47
118893  118414  11.50   75.66
118893  118998  3.00    44.58
118896  119210  1.00    50.38
118901  118433  5.00    103.90
118901  119164  7.80    62.03
118905  118736  11.50   49.89
118905  118649  14.25   45.55
118912  118946  3.00    65.15
118912  118249  3.92    104.66
118915  119273  0.00    86.06
118930  118892  20.00   32.55
118940  119743  9.80    112.83
118946  118190  11.50   119.41
118946  118985  3.00    50.35
118947  118437  7.43    82.16
118948  119567  0.00    88.23
118961  119273  0.00    99.41
118985  118244  7.00    116.94
118985  119018  3.00    50.62
118998  119016  0.00    5.36
118998  119365  6.50    53.37
119004  118490  3.00    84.24
119016  118448  11.00   92.33
119016  119058  4.00    10.05
119018  118284  10.50   115.47
119018  119064  7.25    52.23
119036  119274  11.25   82.04
119038  118290  50.00   116.18
119038  118930  0.00    64.67
119040  119676  27.67   90.56
119043  119161  5.47    88.69
119056  118538  4.88    97.47
119058  119179  16.48   24.17
119060  119038  0.00    16.39
119061  118676  3.00    94.40
119064  118583  5.38    80.26
119075  118860  12.80   72.02
119075  118608  10.50   103.29
119087  119369  7.00    84.44
119096  119149  3.00    30.53
119096  118421  9.40    106.21
119119  118637  3.00    88.82
119122  119706  0.00    80.74
119132  119060  0.00    94.76
119132  118530  9.45    99.05
119133  118260  10.75   136.59
119133  119056  10.00   74.34
119137  119056  6.40    12.59
119149  119383  20.00   40.81
119161  119256  4.67    62.19
119164  119602  5.33    82.09
119164  119535  1.67    67.52
119165  119166  10.00   2.45
119166  119210  5.33    55.94
119166  118485  5.33    109.74
119179  119197  11.00   3.89
119196  118733  4.22    81.23
119199  118699  8.00    84.05
119199  119133  7.25    67.69
119210  119261  4.75    55.66
119224  119907  6.50    96.84
119256  119375  10.08   75.62
119256  118748  5.80    85.07
119261  118585  8.67    110.13
119261  119336  12.71   110.63
119263  118901  2.33    81.68
119269  119322  0.00    94.19
119273  119456  0.00    29.26
119274  119646  8.67    101.37
119274  119456  7.42    50.43
119314  119889  11.50   93.43
119322  119422  11.00   106.35
119322  118985  3.00    50.81
119327  119693  5.33    64.50
119336  119379  9.80    55.16
119336  118654  7.83    110.25
119351  119036  12.46   95.22
119360  119894  3.00    75.36
119369  119655  10.56   80.21
119369  119075  3.00    79.22
119371  119374  0.00    63.69
119371  118892  0.00    73.41
119374  118817  8.00    88.74
119374  119377  0.00    27.45
119375  119196  4.75    76.66
119375  120053  50.50   106.27
119377  119119  0.00    121.96
119379  119412  3.00    54.92
119380  118676  6.15    111.82
119381  119060  0.00    45.45
119381  119371  0.00    124.36
119383  119096  5.50    41.50
119385  120089  0.00    117.84
119393  119381  11.50   75.74
119393  119132  9.80    41.37
119412  119459  11.00   55.02
119412  118723  3.83    107.83
119422  119064  7.67    51.71
119455  120209  9.83    116.68
119456  119591  2.00    34.10
119459  120234  7.80    109.87
119459  119519  0.00    54.22
119464  119609  7.86    71.96
119467  120096  9.20    89.48
119467  119472  0.00    62.80
119470  119377  9.80    14.03
119470  119467  0.00    57.24
119472  120100  11.00   89.80
119472  119496  0.00    58.97
119496  119558  8.67    99.91
119496  120097  1.00    86.41
119499  119327  2.00    67.07
119519  118803  8.17    109.30
119519  119561  10.00   55.46
119526  118947  7.67    82.16
119535  119061  7.25    94.50
119538  119075  10.25   135.65
119542  119538  11.18   10.88
119542  119557  13.25   33.13
119557  119526  7.25    78.89
119558  119393  0.00    26.60
119561  119597  8.67    55.34
119561  118831  6.50    109.39
119567  119638  0.00    53.52
119567  119579  6.00    64.84
119567  120101  0.00    81.29
119575  119574  0.00    8.98
119579  118717  4.88    129.64
119591  119800  8.57    56.43
119594  119004  0.00    84.16
119597  118862  4.86    109.34
119597  119637  5.00    53.07
119602  119981  5.60    81.55
119609  119737  12.27   68.36
119609  120471  8.67    137.80
119637  118887  11.20   109.42
119637  119684  3.00    54.65
119638  119643  0.00    13.00
119643  119657  20.00   17.16
119646  120004  9.22    101.37
119652  119591  15.57   14.11
119655  119921  10.00   80.28
119656  119575  11.50   123.24
119656  119261  8.67    53.37
119657  118905  6.50    110.08
119672  119706  3.00    56.07
119672  119422  0.00    33.16
119676  119832  0.00    22.36
119684  119754  5.43    111.40
119684  118912  9.80    110.37
119693  119981  2.00    60.24
119693  119263  5.33    81.62
119698  119351  8.67    95.22
119698  119369  5.50    81.18
119706  119740  0.00    50.13
119737  119256  10.24   70.77
119740  119743  0.00    49.08
119740  118750  16.67   147.44
119748  119336  3.00    55.04
119748  119656  9.00    111.08
119754  119322  8.00    57.66
119754  119795  11.50   54.18
119795  119831  9.13    54.14
119795  120532  7.25    108.33
119796  118884  6.27    132.98
119796  119676  7.86    80.20
119800  119818  0.00    6.33
119818  120090  10.30   82.12
119818  119119  13.13   107.74
119831  119672  0.00    22.61
119832  120045  0.00    33.19
119842  119859  3.00    63.19
119859  119875  9.00    61.42
119859  119133  20.00   101.78
119875  119199  1.00    94.24
119875  119878  15.00   28.90
119878  119894  8.67    43.89
119889  119693  9.40    145.24
119889  119499  0.00    62.08
119890  119832  0.00    72.80
119890  119594  0.00    42.97
119894  119941  11.00   100.58
119903  119535  11.80   75.78
119907  119796  5.13    73.77
119907  120152  15.00   38.02
119921  119746  0.00    36.98
119942  119380  8.75    116.28
119956  119941  5.93    11.68
119962  119921  11.00   6.59
119981  120254  8.67    69.32
119981  120434  4.70    71.70
119985  119698  11.00   89.21
119986  119652  5.57    97.76
120004  120316  14.33   96.06
120004  119698  11.50   77.30
120015  119383  7.43    89.23
120024  120336  0.00    46.41
120036  119656  3.00    55.61
120036  119956  7.25    108.16
120045  120913  2.00    125.05
120053  120754  5.67    106.22
120071  120045  0.00    91.17
120071  119890  0.00    30.43
120082  119652  10.56   71.00
120082  120344  13.20   78.34
120089  120091  20.00   47.66
120090  120089  7.09    19.88
120091  119470  4.75    90.94
120091  120096  6.50    79.72
120096  120100  0.00    58.90
120097  119558  7.80    136.70
120100  120097  0.00    60.65
120101  120609  0.00    80.53
120102  120082  0.00    2.98
120102  119800  1.00    53.46
120115  119748  0.00    55.02
120115  120036  4.88    113.08
120116  119594  0.00    82.47
120116  120071  0.00    12.65
120150  119379  7.40    111.90
120150  120115  6.40    54.42
120152  120841  9.76    94.03
120152  120168  3.00    73.17
120168  119380  8.79    116.58
120168  120759  5.00    119.23
120194  119412  11.50   111.77
120194  120150  6.50    55.21
120209  121002  11.50   116.75
120234  121030  6.40    107.90
120234  120194  8.67    55.07
120237  119737  8.94    81.25
120254  119903  20.00   75.53
120254  121141  8.44    126.44
120254  120491  6.75    64.12
120261  119889  4.00    64.27
120261  119657  4.29    110.75
120265  119878  9.80    57.69
120268  120396  10.00   124.53
120269  120234  11.00   53.92
120269  119519  8.00    108.63
120275  119985  3.00    89.38
120275  119962  5.75    65.28
120306  120269  5.33    55.29
120306  119561  11.50   107.78
120307  120261  0.00    6.29
120307  120327  8.67    92.52
120308  120004  11.23   80.51
120308  119986  9.83    97.76
120316  120641  7.25    96.06
120326  120116  0.00    32.51
120326  120890  0.00    113.92
120327  120434  3.00    92.49
120336  120265  12.38   134.59
120336  120729  0.00    53.28
120344  120607  10.00   78.34
120347  120308  3.00    11.73
120347  120745  0.00    58.66
120351  119597  23.68   109.24
120351  120306  10.00   54.07
120358  120359  11.50   108.48
120359  120851  0.00    64.67
120359  120268  16.00   119.67
120391  119637  11.50   109.43
120391  120351  0.00    54.03
120392  119557  6.79    121.05
120396  121056  0.00    98.60
120406  120502  1.00    93.26
120434  120502  0.00    10.34
120436  119684  18.54   109.71
120436  120391  0.00    55.83
120447  120450  0.00    103.59
120450  120307  0.00    20.82
120465  121346  9.43    121.46
120465  119962  0.00    75.67
120471  120781  10.00   68.27
120475  119859  10.00   89.87
120489  119875  5.50    90.24
120489  120475  10.80   57.04
120490  120406  0.00    93.19
120490  120450  0.00    7.24
120491  120759  3.00    65.11
120491  119942  7.80    116.19
120491  121310  3.00    113.90
120495  120436  3.00    109.73
120495  119754  5.40    109.65
120502  120925  1.67    60.27
120505  120489  7.25    58.09
120505  120265  0.00    34.80
120532  120495  0.00    53.70
120532  121375  13.25   110.26
120547  119526  8.61    148.05
120569  120139  6.15    99.60
120569  120036  3.00    77.42
120574  119831  2.50    108.80
120574  120532  10.56   56.52
120581  120275  6.92    61.49
120587  119796  2.56    116.87
120601  120574  3.00    53.64
120601  121437  7.69    109.41
120607  120347  6.78    66.49
120607  120963  3.78    48.35
120609  119579  4.44    148.68
120609  120708  0.00    12.70
120610  120090  6.83    76.14
120620  120102  3.00    76.78
120631  120015  20.00   89.21
120631  120547  7.80    76.70
120640  121461  9.20    108.35
120640  120601  30.00   55.51
120641  120581  7.00    11.92
120658  120308  3.00    106.15
120664  120610  0.00    35.24
120664  120358  3.00    111.42
120668  120640  6.00    50.37
120670  120505  20.00   22.77
120708  121536  7.00    119.78
120708  120631  0.00    66.11
120721  120490  13.13   63.21
120721  120583  0.00    64.26
120729  121510  9.38    104.96
120729  120670  10.42   120.19
120745  120963  3.00    33.81
120754  121471  6.75    106.12
120759  121354  7.25    83.79
120767  120351  3.00    56.06
120770  120721  0.00    9.33
120770  121182  20.00   66.41
120772  121689  7.25    129.09
120781  120237  5.70    81.26
120794  120664  4.00    86.11
120806  120569  8.67    30.29
120806  120729  11.20   111.63
120815  121007  0.00    25.31
120815  120396  0.00    123.11
120836  120569  6.92    40.10
120841  121219  6.50    49.88
120850  120436  20.00   54.34
120850  120767  3.00    111.60
120851  120815  0.00    92.41
120859  120851  10.00   18.13
120859  120794  1.00    86.00
120868  121182  13.67   98.80
120890  120913  0.00    27.58
120899  120836  0.00    89.21
120899  120115  3.00    108.71
120913  121370  26.67   82.37
120913  121267  7.25    80.90
120925  121376  3.00    62.00
120925  120868  3.00    97.65
120939  120899  3.83    54.38
120939  120150  3.00    108.30
120949  120581  0.00    58.24
120963  121332  20.00   47.89
120974  120620  7.40    94.76
120991  120194  30.00   108.04
120991  120939  11.50   57.44
121002  121381  5.50    54.61
121002  121118  0.00    45.84
121007  120859  0.00    111.72
121012  120168  6.75    116.21
121030  121699  11.00   92.39
121030  120991  7.25    54.44
121056  121007  0.00    92.26
121057  120641  5.67    71.14
121057  120658  9.08    106.13
121082  120269  10.00   109.45
121082  121030  5.00    54.62
121083  120610  7.00    62.26
121108  120745  11.20   97.25
121118  120326  0.00    114.12
121118  120890  7.29    132.60
121131  120306  7.25    110.68
121131  121082  3.60    54.25
121141  120925  0.00    65.28
121141  121951  7.56    128.32
121146  120781  7.26    70.67
121146  120772  7.71    83.46
121161  121531  0.00    78.48
121182  121639  0.00    89.21
121182  121517  10.00   59.79
121184  121234  9.38    86.13
121185  121131  6.50    50.54
121185  120767  10.00   54.56
121190  121083  11.00   58.24
121206  120841  3.00    50.79
121212  121360  0.00    77.38
121219  121206  10.00   26.47
121219  122102  10.75   136.21
121234  120806  10.00   54.85
121264  120392  4.70    120.18
121264  120465  7.38    113.95
121267  121595  6.25    80.99
121268  121185  5.00    112.34
121268  120850  3.00    55.18
121282  120547  5.33    98.84
121289  121689  1.00    85.92
121289  121146  5.83    31.69
121306  120883  8.67    99.49
121306  120670  0.00    81.68
121309  121268  4.25    56.71
121310  121141  3.00    61.52
121310  121915  6.50    97.66
121321  121083  11.50   32.08
121323  121360  9.57    14.04
121332  120974  7.67    94.77
121332  121930  9.64    92.31
121333  121321  5.33    83.24
121333  120620  13.63   94.31
121339  121309  3.00    53.40
121339  120495  7.25    109.83
121346  121834  10.73   77.39
121346  120949  9.00    62.11
121354  121868  15.75   83.93
121360  121684  4.95    48.11
121370  121883  6.33    79.10
121370  120587  8.86    115.05
121375  121339  0.00    54.04
121376  121735  2.60    56.58
121381  121840  7.33    89.83
121381  121471  7.57    91.00
121394  121323  11.50   78.47
121406  120574  8.33    108.89
121406  121375  5.33    55.57
121427  120631  3.00    111.13
121437  121406  3.00    55.17
121437  122139  4.67    108.91
121452  121057  10.75   73.63
121452  121108  1.00    97.28
121453  121394  3.00    78.46
121461  122164  6.78    108.79
121461  121437  3.00    56.04
121464  121289  8.09    59.46
121464  121955  9.92    119.85
121471  121464  5.33    11.09
121489  121453  18.00   55.13
121489  121311  13.92   26.34
121493  121461  20.00   54.59
121493  122199  5.83    109.61
121504  120770  2.33    116.35
121510  122208  9.40    110.97
121510  121542  3.00    56.91
121517  121376  0.00    131.74
121523  121489  0.00    37.17
121531  121493  11.00   49.82
121534  121531  0.00    5.64
121534  122217  6.56    107.46
121536  122201  3.00    118.92
121542  121577  8.00    59.12
121542  122243  8.34    109.76
121545  121581  1.00    36.74
121562  121534  20.00   23.71
121577  121234  4.75    48.14
121577  121631  4.00    111.01
121581  121268  10.33   43.44
121595  121989  3.00    90.26
121597  120836  3.82    128.97
121603  121332  10.56   79.64
121608  121206  4.00    65.54
121618  121452  5.80    30.17
121624  121597  3.00    5.75
121624  120899  8.67    97.63
121631  121597  0.00    6.01
121639  122128  7.92    90.45
121642  121333  8.67    93.97
121650  120991  9.50    90.11
121650  121699  9.20    54.51
121682  121370  13.20   95.59
121684  122445  9.25    120.68
121689  121955  6.86    49.35
121699  122418  10.75   111.23
121699  121746  0.00    54.99
121735  122051  2.50    117.57
121735  121997  3.00    45.34
121746  121781  0.00    54.00
121746  121082  15.75   93.24
121776  121684  0.00    86.50
121781  121131  11.00   92.74
121781  121803  0.00    51.49
121787  122419  6.88    102.39
121800  121321  11.64   88.02
121803  121862  9.40    113.28
121803  121185  3.00    90.75
121804  121118  7.25    121.21
121818  122190  9.25    79.51
121818  121012  8.41    116.21
121818  121868  12.20   102.00
121834  122269  7.45    76.36
121834  122420  9.30    107.09
121840  122207  4.17    88.70
121847  121618  5.60    40.86
121847  121603  10.00   79.64
121856  121264  7.88    92.77
121862  121581  3.00    45.22
121864  121453  5.67    63.17
121864  121776  6.75    86.50
121868  122320  20.00   71.53
121868  121915  0.00    71.02
121882  121618  7.33    108.67
121882  120949  6.00    142.49
121883  121608  4.38    66.84
121891  121847  3.00    8.40
121891  122327  10.61   81.84
121907  121282  2.60    98.79
121907  121264  11.50   107.18
121915  121951  7.80    69.10
121919  122420  3.00    76.15
121919  121882  3.00    7.02
121928  121883  7.56    16.56
121928  122431  5.00    76.45
121930  122492  7.69    86.46
121930  121642  10.00   93.92
121933  121577  3.00    56.78
121935  121864  0.00    64.48
121935  121489  12.38   67.97
121949  121624  5.15    72.43
121949  120939  10.33   144.19
121951  121997  3.46    72.89
121955  122419  3.00    85.11
121975  121306  10.00   105.69
121983  121933  1.00    112.16
121983  121631  6.75    56.09
121989  122440  9.75    90.62
121990  122123  0.00    105.21
121997  122051  3.83    83.59
121997  122477  8.67    75.58
122045  121682  14.00   96.62
122045  121595  5.33    78.38
122051  122078  8.00    65.45
122053  121339  11.89   109.33
122053  122093  9.00    108.43
122055  121800  10.09   84.88
122078  121517  3.00    106.63
122078  122128  8.67    87.83
122089  121427  9.80    110.87
122093  121406  8.91    107.24
122093  122139  1.00    55.44
122101  122053  0.00    9.39
122102  122190  0.00    41.16
122102  122830  7.00    106.00
122123  121864  6.50    41.70
122128  122145  3.00    44.68
122133  121309  11.50   126.59
122139  122164  0.00    55.78
122139  122661  0.00    72.53
122140  121504  7.56    116.44
122145  122140  6.50    8.85
122164  122199  8.00    55.85
122164  122940  15.00   109.76
122182  121650  6.50    84.91
122182  121949  3.00    63.68
122190  122730  9.08    76.17
122199  122972  10.00   109.76
122199  122217  3.00    55.81
122201  123003  3.00    120.12
122205  122055  6.56    97.62
122207  122315  4.00    37.15
122211  122736  3.00    78.57
122211  121891  8.89    60.10
122213  122101  11.50   16.40
122217  123007  0.00    110.13
122219  122055  10.50   47.17
122240  121608  7.00    99.08
122243  122208  7.80    49.72
122269  122437  7.86    26.94
122269  123113  11.13   142.34
122282  121933  3.00    53.74
122282  122243  11.92   58.67
122309  122320  0.00    66.59
122312  122309  15.00   35.80
122312  121818  9.39    78.20
122315  122440  1.00    55.43
122315  122792  0.00    116.41
122315  121804  0.00    118.88
122320  122907  16.67   88.23
122320  122382  0.00    77.17
122327  122888  11.40   83.23
122342  121983  20.00   54.75
122342  122282  4.71    112.88
122364  122205  8.52    97.59
122365  121907  5.07    73.82
122365  122089  11.50   88.51
122382  122426  0.00    69.19
122382  123368  0.00    141.80
122385  122342  20.00   52.58
122385  123173  9.00    109.14
122392  123254  9.13    118.24
122392  122182  6.92    53.14
122394  122045  11.00   71.30
122394  121928  8.70    134.35
122417  122182  10.00   33.46
122417  122385  9.89    57.02
122418  122392  11.50   7.16
122419  122648  8.52    34.02
122420  123113  2.00    96.60
122426  122477  0.00    76.88
122431  122971  7.80    76.39
122432  121990  0.00    109.84
122437  122753  7.00    46.75
122437  121856  7.71    92.76
122440  122573  0.00    23.13
122445  122364  6.47    54.44
122445  122975  5.33    76.84
122456  122093  20.00   52.70
122474  122422  0.00    7.27
122477  123009  6.37    79.09
122477  122529  13.20   78.17
122492  122737  4.64    32.88
122493  122219  15.75   45.52
122522  122045  9.40    99.21
122529  122572  12.60   68.36
122529  123351  9.00    118.26
122558  122418  8.33    45.24
122558  123283  0.00    99.46
122561  122576  1.00    5.06
122572  123382  7.80    116.45
122572  122635  8.27    78.42
122572  122078  6.09    74.68
122573  123224  9.00    132.14
122573  122914  8.67    64.11
122576  122741  11.00   59.97
122576  121803  17.40   114.76
122586  122456  11.50   16.67
122604  122211  6.64    64.01
122604  123617  10.93   147.77
122611  121746  4.25    128.33
122611  122558  11.50   15.17
122613  122493  9.00    78.76
122635  123436  20.00   114.51
122635  122656  7.26    67.86
122641  122604  9.38    6.10
122648  122085  7.81    88.49
122656  122140  5.43    76.44
122661  122770  0.00    15.54
122700  122649  0.00    10.87
122700  121862  8.57    120.99
122707  122700  0.00    2.77
122716  122613  20.00   78.76
122730  123278  10.85   76.39
122736  123246  9.57    78.57
122737  122641  5.47    20.98
122741  121781  11.89   141.32
122741  122611  3.50    53.80
122753  123272  11.50   88.23
122753  122878  0.00    22.15
122754  123003  0.00    76.83
122754  122089  18.67   112.15
122767  122123  4.81    91.59
122770  123745  0.00    131.21
122788  123309  11.50   141.85
122801  122213  10.00   81.43
122830  122240  7.00    96.90
122830  123115  0.00    41.86
122867  123406  3.00    77.15
122867  122737  8.20    30.54
122877  122878  8.67    29.44
122877  122365  13.20   75.67
122878  123158  8.67    43.88
122888  121919  10.00   149.52
122891  122394  3.00    82.53
122898  122364  0.00    76.50
122899  121935  6.50    140.22
122899  122767  7.80    96.53
122907  123573  5.33    88.39
122914  122522  7.10    79.84
122930  122493  11.50   61.92
122940  123785  3.00    109.76
122963  123544  8.80    72.17
122963  123246  3.00    48.42
122963  122888  0.00    12.75
122971  123398  6.59    72.06
122972  123828  4.67    109.76
122975  123861  9.80    115.02
122975  122898  0.00    54.39
122994  122309  3.00    102.31
122997  123030  11.29   78.69
123003  123667  7.25    86.86
123007  123866  3.00    110.13
123009  123714  6.38    97.84
123013  123234  7.14    28.78
123027  122133  2.60    126.63
123027  122707  4.78    66.84
123050  123962  0.00    122.51
123050  122975  3.00    35.93
123057  122282  7.86    107.38
123057  122997  9.83    78.52
123066  123713  11.20   84.84
123066  123027  3.50    6.67
123095  122312  4.36    109.81
123113  123842  4.40    93.93
123115  122971  6.40    85.63
123118  122930  11.50   114.23
123118  123883  0.00    100.43
123126  122586  11.00   75.68
123137  123057  11.50   109.97
123137  122342  15.00   109.63
123145  122754  2.67    74.72
123145  122877  8.33    37.75
123158  123145  0.00    2.12
123171  123789  10.14   87.03
123171  122867  5.06    60.37
123171  122930  9.50    34.17
123173  123137  14.33   53.56
123175  123050  3.00    83.74
123175  122359  4.11    114.16
123194  122426  11.00   112.19
123194  123009  5.00    69.87
123213  123158  10.50   5.55
123213  123951  7.77    113.25
123213  123511  7.43    41.98
123222  123173  3.00    56.79
123222  122417  14.30   110.30
123234  123840  12.29   78.77
123234  123118  5.14    62.01
123235  122522  5.50    124.35
123238  122998  0.00    63.50
123238  123288  0.00    17.05
123246  123617  10.00   61.88
123254  123222  3.00    48.10
123272  123842  10.50   88.23
123278  123787  8.08    66.86
123278  123115  5.75    101.32
123279  123175  0.00    61.29
123279  122767  8.67    71.55
123279  124111  12.29   119.94
123283  123254  10.00   45.59
123284  123367  7.80    110.71
123288  123235  0.00    13.64
123288  123371  0.00    21.54
123304  123283  3.00    18.27
123304  123728  7.33    55.27
123309  123304  0.00    5.17
123351  124174  3.00    118.20
123367  123057  3.00    39.86
123368  124094  0.00    104.06
123368  123194  6.40    62.12
123371  123235  0.00    17.87
123382  124205  3.00    116.55
123398  123652  8.89    46.84
123398  123612  5.33    123.19
123406  123940  6.00    77.15
123425  122801  10.00   81.43
123425  123066  3.00    62.87
123426  123309  11.50   105.75
123426  122788  20.00   91.77
123436  124224  7.64    114.45
123447  122914  9.54    94.64
123461  122656  9.89    113.50
123487  123426  3.00    54.69
123487  122474  9.00    132.44
123490  123367  3.00    12.95
123495  123425  2.00    8.33
123506  122899  8.33    75.30
123506  123279  9.93    117.24
123511  123991  9.57    80.71
123514  123371  3.00    17.02
123517  122707  5.00    106.01
123517  123487  50.00   56.23
123530  123511  13.63   20.75
123530  123213  8.67    37.65
123544  124278  8.86    134.67
123544  124364  10.29   113.26
123549  122891  5.91    84.23
123549  123652  5.00    26.62
123570  123490  8.07    112.01
123570  123137  1.00    52.44
123573  124299  9.80    106.83
123573  123368  8.50    68.34
123612  123787  7.71    123.14
123617  123940  0.00    60.49
123617  124364  8.67    139.86
123652  123975  6.40    85.56
123653  123717  10.43   102.29
123667  124311  12.00   87.00
123683  123495  7.25    31.07
123683  123704  4.40    58.18
123704  124710  6.00    135.11
123704  123712  4.45    32.47
123712  123745  4.67    54.46
123712  123126  3.38    75.68
123713  124341  8.00    84.85
123714  124396  5.30    97.84
123715  122898  9.00    109.10
123717  123490  0.00    33.70
123728  124138  3.00    56.58
123728  123829  12.17   110.75
123738  123573  11.50   64.35
123738  122994  0.00    102.20
123745  123785  6.40    54.68
123745  124568  8.00    109.32
123763  123855  0.00    11.85
123763  123171  7.67    115.53
123785  124557  5.00    103.58
123785  123828  3.00    56.23
123787  124061  7.25    37.77
123789  124238  11.40   65.62
123828  124543  2.33    96.84
123828  123866  0.00    56.07
123829  123426  3.00    53.93
123829  123915  3.00    110.82
123838  123549  6.23    42.98
123840  124398  11.50   78.77
123842  124278  8.47    60.81
123853  123728  11.50   68.73
123855  124268  12.44   90.02
123855  123789  16.60   113.29
123861  124500  11.50   112.89
123866  124543  9.80    143.47
123883  123763  1.00    17.85
123915  123517  7.50    54.34
123923  123738  3.00    66.75
123923  123095  7.84    109.85
123926  123717  0.00    26.92
123927  123194  10.67   101.63
123940  124436  7.00    91.60
123940  124275  0.00    62.88
123951  124340  11.50   53.91
123962  124591  0.00    119.51
123964  123175  0.00    112.52
123964  124111  0.00    64.43
123969  124304  0.00    45.17
123988  123570  10.00   58.13
123991  124295  10.53   56.58
123991  124285  3.00    40.21
124025  123506  20.00   74.62
124025  124036  7.10    129.02
124036  124411  1.67    55.34
124060  123222  10.88   110.02
124061  123923  11.00   69.25
124061  124144  3.00    12.63
124078  124258  8.47    122.92
124094  124830  10.00   103.97
124104  124462  0.00    47.00
124111  124036  0.00    63.30
124144  124369  3.00    29.43
124224  124344  0.00    17.96
124229  123829  1.00    54.99
124238  124275  0.00    6.14
124248  123461  11.50   113.81
124258  124144  0.00    22.67
124258  124369  2.33    23.98
124268  124238  9.86    86.15
124271  124248  9.63    49.27
124274  124271  15.75   11.85
124275  124495  8.67    30.07
124278  124295  8.14    22.09
124278  125045  9.69    104.12
124285  125156  7.75    118.73
124295  124285  6.54    34.07
124299  125032  7.25    106.77
124307  123915  0.00    54.35
124311  124274  7.92    26.91
124311  124612  8.17    40.91
124325  124205  8.67    17.52
124329  124960  7.88    90.19
124340  124311  7.47    43.60
124340  124571  10.25   29.80
124346  124340  0.00    47.84
124358  124248  2.00    15.41
124364  124942  12.73   77.52
124369  124518  3.00    20.32
124392  123495  5.83    124.66
124396  124542  15.00   19.99
124398  123883  6.67    86.99
124411  124934  14.33   75.80
124411  124440  14.33   78.09
124412  123530  8.36    121.86
124416  124263  2.00    20.37
124436  124942  12.38   91.50
124440  124470  11.50   78.09
124454  124609  0.00    19.97
124470  124025  10.50   61.77
124492  123738  1.00    108.20
124495  124925  9.71    92.86
124495  124733  3.00    32.34
124496  123715  10.46   108.88
124500  124767  0.00    36.16
124500  124496  0.00    21.14
124542  125396  7.00    132.85
124543  124557  15.00   55.51
124557  124663  0.00    14.35
124557  124568  5.33    54.12
124559  124398  6.43    24.82
124559  124496  0.00    56.91
124563  124392  3.00    22.54
124563  124607  0.00    72.95
124564  124963  10.50   53.78
124568  124581  2.33    56.03
124571  125251  5.91    95.58
124581  123712  6.71    115.50
124591  123964  10.00   92.96
124600  124237  3.00    48.68
124607  123683  6.13    131.20
124610  124559  10.00   7.59
124612  125121  12.69   70.30
124612  124571  0.00    48.34
124624  124733  7.67    126.56
124629  124612  0.00    15.08
124636  123927  7.20    101.63
124682  125067  8.67    54.49
124710  124607  0.00    15.19
124720  125158  7.67    60.46
124733  125469  20.00   114.57
124735  124777  1.00    61.76
124735  124600  10.00   18.32
124746  123923  7.65    112.94
124752  124636  0.00    16.41
124771  124358  7.00    57.05
124830  124948  3.00    17.13
124833  124610  10.00   62.12
124850  125580  6.48    129.88
124850  124610  5.77    48.60
124898  124325  6.50    80.55
124898  125511  8.33    99.16
124908  124448  11.29   60.25
124925  125433  8.50    95.25
124934  125440  20.00   130.78
124942  125060  0.00    19.37
124950  124963  0.00    54.11
124950  124908  8.33    88.03
124957  124934  10.00   66.07
124960  125511  3.00    90.18
124963  125400  10.00   67.31
124963  125019  11.50   89.23
125005  124957  2.33    138.90
125005  124470  3.00    81.76
125019  125601  9.43    88.35
125019  125067  5.33    55.39
125032  125145  0.00    16.78
125045  125723  9.83    104.12
125060  125433  0.00    64.14
125060  125723  7.09    124.25
125062  124710  7.25    50.99
125067  125131  7.30    12.31
125084  124850  5.36    76.31
125089  125229  3.00    48.92
125089  124908  1.00    28.47
125106  125400  8.86    73.00
125106  124950  10.00   25.56
125119  124307  5.50    111.52
125119  125187  6.67    108.91
125131  125158  0.00    43.36
125131  125702  11.50   89.05
125138  124771  20.00   92.00
125156  125940  3.00    118.73
125158  125168  14.33   15.87
125168  125746  11.00   88.87
125168  125182  7.67    27.79
125174  125062  4.50    16.47
125182  125206  6.75    44.43
125187  124563  3.00    86.80
125187  125062  6.28    104.31
125197  124591  13.25   93.63
125197  125084  2.88    38.31
125206  125245  0.00    45.32
125215  124492  2.50    108.16
125229  125232  10.00   2.38
125232  124414  7.20    114.45
125232  125126  14.33   55.20
125245  125119  3.00    18.92
125279  124957  3.00    53.31
125280  124412  7.06    121.86
125299  125174  7.60    21.16
125312  124752  8.67    88.86
125355  125138  50.00   92.73
125388  125197  5.50    58.48
125396  126251  9.25    132.90
125400  125601  6.80    93.02
125400  125731  3.00    49.26
125424  125106  0.00    51.92
125424  125089  4.67    75.38
125432  125625  0.00    100.62
125433  126038  16.67   91.69
125433  126015  0.00    100.44
125440  125388  1.50    8.15
125469  125772  11.08   47.60
125492  125299  10.51   28.91
125492  125530  7.32    23.91
125511  126251  10.00   112.47
125513  126145  10.50   103.92
125513  125440  15.86   12.62
125530  126021  9.75    100.82
125538  124771  5.00    119.81
125538  124898  7.26    107.53
125552  124948  0.00    99.22
125580  126282  7.74    123.95
125580  125767  0.00    46.62
125601  125647  3.00    20.83
125610  125689  0.00    83.16
125625  125771  0.00    135.99
125627  125538  3.00    12.32
125647  126007  3.00    50.54
125647  125702  3.75    42.83
125665  125187  7.14    73.84
125665  125492  7.88    106.70
125679  126246  4.89    100.84
125679  125251  10.29   66.84
125689  125513  6.50    28.78
125692  125229  11.50   104.53
125692  125424  3.00    47.70
125698  125469  0.00    103.62
125702  125712  10.00   10.94
125712  126485  10.27   105.76
125712  125746  0.00    47.47
125723  125940  8.80    63.60
125731  125424  3.00    85.93
125731  126085  0.00    48.26
125746  125751  0.00    8.47
125751  125182  10.50   103.32
125751  125990  10.00   33.35
125767  125952  0.00    45.38
125768  125206  0.00    84.44
125771  125432  0.00    100.86
125772  126572  8.33    121.54
125807  125284  0.00    86.24
125807  125878  10.80   79.90
125823  126323  10.00   79.33
125823  125807  6.50    10.97
125843  125665  8.79    61.30
125849  125627  4.00    33.11
125877  125312  10.56   88.82
125878  125953  0.00    79.90
125899  126325  0.00    62.78
125899  125843  6.20    24.00
125914  125492  8.48    71.59
125940  126016  0.00    23.52
125952  126184  0.00    46.43
125953  126013  8.77    69.33
125953  125771  0.00    26.28
125961  125245  3.00    107.31
125961  125899  7.83    35.19
125986  125605  7.80    81.89
125986  125692  0.00    49.59
125990  125768  13.33   79.16
125990  126170  2.33    26.48
126007  125731  8.57    115.01
126007  126353  11.00   49.98
126013  125689  7.82    54.33
126013  126265  5.00    57.47
126015  126301  16.14   96.73
126016  125280  9.14    119.84
126029  125772  0.00    101.95
126038  126407  3.38    77.10
126038  126319  20.00   57.14
126038  126403  3.00    103.61
126085  125692  6.50    105.48
126085  126439  11.50   48.84
126098  125767  0.00    56.00
126145  126317  3.00    53.23
126145  126117  0.00    76.26
126146  125627  20.00   116.35
126170  125961  4.38    118.66
126184  126526  0.00    52.07
126187  126341  0.00    23.86
126200  125679  3.00    75.52
126222  125914  8.80    143.03
126227  126170  7.33    20.45
126227  126613  15.00   55.38
126233  125665  9.80    85.45
126239  126200  20.00   60.03
126239  126843  11.50   85.78
126246  126239  0.00    10.90
126265  126317  0.00    8.38
126273  125914  7.68    62.76
126276  126246  14.33   28.92
126276  126585  8.91    44.86
126282  126571  13.20   71.15
126282  126572  8.82    48.07
126283  125986  10.50   55.67
126292  125952  0.00    59.57
126301  126016  10.30   58.53
126301  126276  4.91    74.25
126317  126538  2.33    33.33
126319  126733  11.70   87.79
126319  126864  6.00    86.44
126325  126723  0.00    58.91
126341  126571  14.33   33.49
126353  126085  7.00    115.92
126353  126695  11.00   48.58
126402  126265  3.00    106.06
126403  126912  13.33   105.06
126407  126749  8.50    77.10
126439  125986  11.50   131.41
126439  126802  7.25    55.42
126444  126184  0.00    41.43
126445  126760  20.00   139.44
126483  126273  7.67    80.57
126485  126227  14.90   52.47
126497  126013  9.16    99.38
126538  126978  11.20   67.39
126571  126833  20.00   40.69
126572  126685  8.72    20.65
126597  126738  20.00   20.27
126613  126850  0.00    39.17
126613  126325  6.14    139.96
126635  126483  1.00    80.55
126644  126708  0.00    21.99
126658  126273  7.85    63.27
126673  126341  10.00   90.82
126685  126833  7.00    88.32
126685  126912  8.17    43.17
126695  126837  8.00    21.69
126695  126439  6.22    114.24
126705  127508  5.33    122.34
126708  126774  4.67    24.41
126723  126850  3.00    100.95
126733  126820  11.00   63.79
126733  127035  10.60   66.04
126736  126613  17.67   111.97
126736  126485  6.11    57.76
126738  127398  8.50    103.60
126738  126673  3.00    34.31
126747  126538  1.00    56.36
126749  126301  7.14    84.39
126760  126497  10.22   53.45
126767  125843  10.00   137.44
126767  126723  0.00    18.88
126802  126606  0.00    80.92
126814  126233  10.00   85.44
126814  126767  3.00    48.50
126820  126864  3.00    22.63
126833  127162  3.00    52.93
126837  126736  2.75    22.70
126846  126200  15.06   92.35
126851  126658  0.00    88.45
126854  126658  10.53   33.62
126854  126814  20.00   28.22
126860  126329  0.00    145.13
126864  126964  12.67   63.58
126894  126497  2.00    100.51
126912  126996  3.00    19.93
126913  126950  10.00   5.50
126964  126996  3.83    22.30
126968  127100  9.41    51.32
126978  127258  3.00    46.08
126989  126802  3.00    99.34
126989  126837  8.00    28.24
126996  127162  14.33   114.94
127009  126854  8.67    27.12
127016  126989  0.00    3.76
127035  126749  10.56   55.10
127038  126851  11.00   88.41
127080  127016  0.00    11.28
127100  126708  6.11    63.65
127100  127286  10.27   95.58
127108  127080  0.00    5.78
127108  126860  3.00    115.51
127121  127543  5.50    116.54
127121  126860  0.00    47.18
127162  128130  4.75    140.90
127162  127222  0.00    36.94
127209  127108  10.08   19.61
127222  127313  11.50   58.02
127258  127385  11.50   16.72
127265  127177  14.33   43.08
127265  127504  0.00    35.53
127275  126820  9.80    103.56
127286  126760  7.93    99.31
127290  126978  3.00    125.76
127312  126964  8.17    78.71
127313  127398  3.00    33.96
127313  126673  20.00   100.58
127313  127835  3.00    102.40
127333  127675  11.00   100.07
127333  127290  0.00    13.00
127356  126996  0.00    57.94
127356  127458  0.00    81.57
127357  127258  0.00    43.60
127385  127746  4.86    54.73
127398  127508  12.11   55.86
127504  127209  8.00    146.90
127504  127871  6.50    55.16
127507  127357  0.00    51.78
127508  127385  4.00    54.70
127535  127507  0.00    7.01
127535  127290  0.00    43.31
127543  127209  7.65    56.25
127568  127265  20.00   139.13
127581  127357  0.00    34.01
127589  127535  0.00    17.36
127589  127970  11.50   101.99
127638  127504  3.00    60.18
127739  127507  0.00    41.15
127746  128055  3.00    44.12
127764  127543  23.33   37.82
127764  127804  3.00    15.37
127801  127638  12.00   81.04
127801  127691  15.00   20.03
127804  128581  5.33    101.92
127804  127972  3.00    61.11
127859  127863  11.20   86.98
127861  127859  15.14   86.98
127861  126950  11.50   144.82
127863  127286  11.65   82.94
127871  128354  8.67    61.44
127871  127729  0.00    95.64
127874  127861  10.00   86.57
127898  127222  15.00   112.02
127937  127801  13.20   57.68
127972  127729  20.00   33.63
128018  127638  0.00    56.16
128018  127871  10.50   59.07
128046  129220  11.00   145.01
128097  127937  6.30    59.78
128120  127972  3.00    18.57
128120  128354  17.67   91.37
128124  127746  3.00    97.56
128205  128553  0.00    46.51
128205  128097  14.33   45.42
128331  127863  11.00   56.82
128337  128331  11.00   78.38
128343  127861  6.40    60.87
128343  128337  11.50   78.38
128346  128343  7.00    93.63
128354  128799  0.00    59.88
128354  128484  3.00    58.43
128368  128205  22.60   66.15
128467  127764  5.89    103.58
128484  128018  3.20    60.53
128500  128124  11.00   97.56
128553  129035  0.00    66.11
128579  128120  2.60    59.41
128605  127801  8.39    105.48
128673  128481  0.00    36.49
128673  128368  20.00   61.22
128690  128553  0.00    50.62
128690  129035  0.00    83.61
128753  128331  20.00   54.35
128775  128343  8.00    59.07
128775  128753  9.86    139.67
128777  128775  10.33   90.81
128799  128579  8.67    90.08
128799  129283  0.00    60.49
128809  128673  3.00    30.28
128809  128690  0.00    53.33
128881  129138  0.00    43.01
128881  128809  0.00    15.00
128932  127937  16.60   129.22
128937  128799  1.00    59.31
128937  128484  8.67    59.92
128955  128097  8.13    114.01
129013  129283  8.11    90.68
129013  128579  10.00   59.80
129035  129069  0.00    3.08
129069  128955  0.00    44.58
129069  129709  14.33   75.22
129138  129398  0.00    34.20
129147  129398  11.50   44.41
129147  128673  23.25   78.05
129226  128753  8.29    57.54
129238  128775  9.80    58.83
129283  129448  11.00   58.60
129283  129774  3.00    58.97
129337  129632  15.00   43.14
129337  128881  8.44    89.16
129394  129138  0.00    44.48
129398  129636  0.00    45.91
129417  129147  8.67    36.13
129445  128605  7.74    105.90
129445  129690  15.00   31.79
129448  128937  10.50   60.99
129448  129690  7.67    93.60
129632  130192  0.00    77.05
129632  129394  0.00    44.05
129636  129394  0.00    33.24
129690  130219  11.20   60.99
129709  129337  2.00    73.17
129774  130691  7.60    119.46
129774  129561  15.50   89.02
129809  130132  0.00    44.25
129809  129709  0.00    15.13
129885  130124  0.00    32.33
129885  129632  1.00    42.78
129986  129636  0.00    44.32
129996  129774  5.33    60.71
129996  129448  10.50   61.96
130036  129445  10.13   70.92
130036  128932  8.86    129.14
130059  130412  10.00   60.28
130059  129809  11.50   42.55
130132  129885  0.00    44.74
130132  130320  0.00    32.11
130157  128955  8.93    140.39
130157  130059  0.00    21.77
130219  129996  4.25    93.07
130219  130649  0.00    61.57
130411  130219  9.57    86.10
130411  130036  6.50    55.29
130438  130157  6.50    50.03
130441  129996  3.00    61.36
130649  130441  14.33   92.64
130931  130441  11.50   69.47
1 2 123283 123304 125492 125914
2 1 118585 119261
3 2 121935 122899 120359 120358
4 4 123009 123194 120168 121012 118182 117862 117328 117296
