3209 8595 3 15 4 3 6356.24 2341.77
123904  70
124634  37
124807  70
125411  37
125778  70
125919  37
125991  70
126130  70
126300  70
126832  37
126959  70
127171  70
127844  37
127865  70
128476  37
128539  37
128675  70
128802  70
128949  37
128973  70
129210  37
129736  37
129751  37
130095  37
130587  37
130693  8
130835  37
130937  37
131050  37
131188  8
131223  70
131411  8
131485  70
131816  8
132051  37
132409  70
132514  8
132545  37
132955  8
133025  8
133033  8
133575  8
134681  37
134713  37
135017  37
135167  37
135172  8
135210  37
135784  37
135873  37
135967  37
136107  37
136267  37
136404  37
136527  37
136637  37
137231  37
137246  37
137667  37
137883  37
137975  37
138034  37
138391  8
138507  37
138702  37
138899  8
138944  8
139294  37
139316  8
139787  8
139825  37
140009  8
140014  8
140129  8
140251  8
140274  8
140331  37
140403  8
140428  37
140459  8
140758  37
140813  37
140907  8
140942  8
141018  37
141076  37
141260  8
141361  8
141385  8
141443  8
141572  8
141633  37
141658  8
141952  8
142056  37
142389  8
142491  37
143141  37
143893  8
144034  37
144242  37
144346  37
144652  37
144659  8
145211  37
145520  37
145931  8
146177  8
146652  8
147120  8
147279  37
147590  8
147647  8
147669  8
147697  8
147830  37
147841  37
148005  8
148091  8
148259  8
148527  8
148788  8
149238  37
149306  37
149517  8
149583  37
149674  8
149686  37
149735  8
149757  37
149869  8
150073  8
150221  8
150590  8
151682  8
151848  8
151853  37
151997  8
152105  8
152136  8
152212  37
152283  8
152286  8
152311  37
152424  8
152554  8
152682  8
152730  8
153194  8
153216  8
153453  8
153664  8
154131  8
124134  70
124160  70
124397  70
124404  70
124626  70
124637  70
124649  37
124726  70
124772  70
124780  70
124793  70
124811  37
124824  70
124858  70
124938  70
125022  37
125142  70
125153  70
125208  37
125314  70
125427  70
125442  70
125457  70
125496  70
125597  70
125603  37
125614  70
125626  70
125653  70
125769  70
125794  37
125837  37
125962  37
125982  70
125993  70
126002  70
126018  70
126020  70
126064  70
126125  70
126142  70
126209  70
126224  70
126247  37
126248  37
126254  70
126272  70
126278  70
126279  70
126280  70
126294  37
126305  70
126343  37
126381  37
126420  70
126456  37
126457  37
126529  70
126545  70
126546  70
126562  70
126566  37
126577  37
126634  37
126643  70
126653  37
126654  70
126659  37
126660  70
126710  37
126740  37
126787  37
126810  70
126852  37
126869  70
126888  37
126902  37
126909  37
126922  37
126944  37
126955  70
126956  70
126957  37
126979  70
126990  70
127017  37
127022  37
127067  70
127081  37
127083  37
127088  70
127094  70
127115  37
127176  37
127230  37
127234  70
127251  37
127264  70
127310  37
127320  70
127331  70
127347  70
127352  70
127407  70
127431  70
127463  70
127477  37
127484  37
127540  37
127594  37
127601  70
127602  70
127610  37
127613  37
127621  70
127687  37
127700  70
127705  37
127707  37
127722  70
127750  37
127770  70
127771  70
127797  70
127821  37
127842  70
127843  70
127860  37
127926  37
127936  37
127957  37
127962  37
127973  70
127987  70
128009  70
128025  37
128093  37
128105  37
128116  37
128144  70
128172  70
128204  37
128219  70
128229  37
128237  70
128279  37
128334  70
128342  70
128370  37
128384  70
128459  37
128477  70
128525  70
128544  37
128562  37
128578  37
128589  70
128630  37
128637  37
128654  70
128680  70
128688  70
128718  70
128730  70
128740  70
128764  37
128767  70
128771  37
128792  70
128866  70
128870  70
128877  70
128882  37
128925  37
128966  37
128968  37
128969  70
128981  37
128987  37
128992  70
129020  70
129038  70
129113  70
129119  70
129132  37
129146  70
129181  37
129194  37
129200  37
129227  37
129236  37
129237  37
129254  70
129317  37
129367  37
129374  70
129391  70
129392  37
129410  70
129419  37
129430  37
129465  70
129502  37
129552  70
129555  70
129564  70
129586  37
129592  37
129607  70
129611  37
129634  37
129704  70
129717  37
129724  70
129753  37
129760  37
129761  70
129825  37
129831  37
129834  70
129835  37
129853  37
129863  70
129896  70
129903  37
129912  37
129966  70
129987  37
130029  70
130039  37
130072  37
130079  37
130081  70
130100  70
130116  37
130140  70
130148  37
130170  37
130173  37
130193  70
130201  37
130202  70
130203  70
130211  37
130237  70
130243  37
130286  37
130288  37
130289  37
130302  70
130330  37
130336  70
130338  37
130345  37
130389  37
130399  37
130424  70
130437  70
130498  70
130505  37
130519  37
130521  70
130567  37
130575  37
130578  37
130607  37
130621  70
130626  37
130631  70
130656  70
130657  8
130660  37
130662  37
130665  37
130682  8
130708  70
130741  70
130750  37
130753  37
130809  70
130813  37
130821  37
130832  37
130855  70
130864  8
130868  37
130873  37
130901  37
130906  70
130908  37
130936  70
130944  70
130949  37
130962  70
130974  37
131046  37
131048  37
131067  70
131074  37
131107  8
131120  37
131122  37
131131  8
131156  8
131163  8
131171  37
131175  8
131183  70
131186  37
131203  37
131235  37
131261  37
131263  37
131275  70
131287  37
131301  37
131315  37
131333  37
131338  37
131353  70
131357  70
131379  37
131389  70
131402  37
131406  70
131408  37
131412  37
131414  37
131471  70
131493  37
131499  37
131515  8
131517  37
131522  8
131525  37
131526  37
131528  37
131543  8
131558  70
131561  8
131568  8
131597  70
131621  37
131629  70
131637  70
131647  8
131656  8
131663  37
131667  37
131669  37
131678  37
131705  37
131711  37
131712  37
131717  70
131735  37
131744  37
131759  37
131763  8
131797  37
131798  37
131808  37
131857  8
131860  37
131867  37
131872  70
131907  8
131908  70
131919  8
131946  8
131967  8
131974  37
131978  8
131979  37
131982  8
131988  8
132000  37
132013  37
132021  8
132032  37
132036  37
132066  37
132096  37
132117  70
132118  37
132124  37
132167  37
132174  8
132175  37
132179  37
132196  70
132201  8
132203  37
132210  37
132261  8
132274  37
132287  8
132292  8
132301  37
132312  8
132326  8
132330  8
132333  8
132346  8
132354  8
132356  8
132366  8
132403  8
132416  37
132425  37
132471  37
132477  37
132481  8
132485  70
132506  8
132518  37
132561  37
132565  37
132567  37
132570  8
132578  8
132588  37
132592  37
132632  37
132633  8
132639  37
132640  37
132642  37
132647  37
132669  8
132683  37
132697  37
132723  8
132731  37
132735  8
132738  37
132750  8
132756  37
132760  8
132778  8
132783  8
132785  37
132786  8
132805  8
132810  8
132814  37
132818  37
132840  37
132854  37
132871  37
132894  37
132896  37
132898  37
132902  8
132907  37
132926  8
132928  37
132930  37
132936  37
132938  37
132945  8
132946  37
132959  37
132962  8
132964  37
132975  8
132995  8
133004  37
133006  8
133015  8
133045  8
133053  8
133054  8
133060  8
133073  37
133080  37
133086  37
133092  37
133093  37
133100  37
133125  8
133126  37
133134  37
133137  8
133140  37
133147  37
133156  8
133160  37
133170  8
133172  8
133184  8
133187  8
133188  37
133191  8
133199  37
133201  37
133204  8
133255  37
133271  8
133297  37
133301  8
133312  8
133320  8
133344  8
133351  37
133353  37
133367  8
133392  37
133396  8
133397  37
133419  37
133425  37
133432  37
133436  37
133441  37
133450  37
133456  8
133458  37
133461  8
133464  8
133488  37
133490  8
133492  8
133505  37
133522  8
133529  8
133546  8
133551  37
133566  8
133574  8
133585  8
133586  8
133588  8
133594  8
133596  8
133602  8
133613  37
133618  8
133623  8
133627  8
133637  37
133657  8
133670  37
133677  8
133686  8
133687  37
133692  37
133694  37
133706  37
133721  8
133728  8
133729  37
133735  8
133742  37
133772  37
133773  37
133780  37
133787  37
133788  37
133790  37
133798  8
133801  8
133808  8
133810  8
133815  37
133837  37
133849  8
133868  37
133870  37
133891  37
133912  37
133916  37
133921  8
133937  37
133943  37
133960  8
133978  8
133992  8
134004  37
134007  8
134019  37
134020  8
134022  8
134049  8
134055  8
134060  8
134083  8
134085  37
134091  37
134092  8
134097  8
134098  37
134099  37
134110  8
134116  37
134129  37
134131  37
134160  8
134170  37
134176  8
134187  37
134197  8
134200  8
134204  8
134207  37
134214  8
134232  37
134255  8
134267  8
134277  37
134280  37
134283  37
134286  8
134287  37
134296  37
134301  8
134336  8
134358  8
134366  37
134369  37
134379  37
134388  8
134397  8
134400  8
134404  37
134409  8
134418  8
134439  8
134448  8
134458  8
134459  37
134471  8
134473  37
134476  8
134477  8
134483  37
134491  37
134492  37
134495  37
134510  8
134521  37
134528  37
134530  37
134538  37
134544  37
134552  8
134560  8
134570  37
134576  8
134590  8
134592  37
134625  37
134628  37
134633  37
134641  8
134642  8
134698  37
134699  8
134707  37
134712  8
134722  8
134726  37
134729  8
134755  37
134777  37
134781  8
134790  8
134792  37
134797  8
134807  37
134836  8
134838  37
134839  8
134841  8
134864  8
134868  8
134869  8
134880  8
134885  37
134894  8
134906  37
134926  8
134945  8
134951  37
134952  37
134969  37
134984  37
134989  8
134995  37
134996  37
135008  8
135010  8
135013  37
135015  8
135019  37
135025  37
135028  37
135035  37
135042  37
135055  8
135066  8
135111  37
135112  37
135119  37
135135  8
135141  37
135164  8
135169  37
135171  37
135175  8
135185  8
135200  37
135202  8
135226  37
135233  37
135250  8
135257  37
135259  8
135262  8
135266  8
135269  37
135292  8
135294  37
135305  8
135318  37
135340  8
135344  37
135357  37
135365  8
135373  8
135377  37
135379  8
135391  37
135399  37
135406  8
135409  8
135413  8
135424  8
135432  37
135434  37
135440  8
135442  37
135450  8
135454  37
135456  8
135462  8
135465  37
135467  37
135477  37
135485  8
135494  37
135501  37
135502  37
135504  37
135506  37
135510  37
135515  8
135517  37
135519  8
135524  8
135532  8
135539  37
135548  37
135555  37
135570  37
135572  8
135609  8
135618  8
135632  8
135639  37
135648  8
135649  8
135660  8
135664  8
135685  37
135696  8
135706  37
135720  37
135721  8
135733  37
135746  8
135750  8
135751  37
135762  8
135777  37
135788  8
135791  8
135802  37
135805  8
135818  8
135825  8
135827  37
135828  8
135831  37
135834  37
135840  37
135842  8
135868  8
135898  37
135910  8
135911  37
135929  8
135934  37
135940  8
135941  37
135961  37
135962  8
135965  37
135968  37
135982  8
135985  37
135993  8
135995  8
136001  37
136013  8
136021  8
136028  37
136036  8
136053  8
136065  8
136070  8
136096  8
136111  8
136115  37
136116  8
136123  37
136137  37
136139  37
136167  37
136168  37
136194  8
136201  8
136202  8
136235  37
136252  37
136256  37
136270  37
136288  37
136289  8
136294  37
136296  37
136297  8
136303  37
136309  37
136311  8
136314  37
136315  8
136330  37
136340  8
136368  8
136371  37
136375  37
136391  8
136397  8
136408  37
136417  37
136419  37
136422  8
136432  37
136435  37
136438  37
136440  8
136452  37
136457  37
136458  8
136460  37
136475  8
136479  8
136491  8
136497  8
136515  37
136532  8
136548  37
136559  37
136561  8
136562  37
136579  8
136581  8
136583  37
136586  37
136598  8
136599  8
136609  37
136612  37
136614  8
136617  8
136621  37
136627  37
136633  37
136640  37
136641  37
136657  37
136698  37
136699  8
136720  8
136733  8
136740  37
136758  37
136762  37
136779  8
136788  37
136790  8
136797  8
136802  37
136815  37
136818  8
136821  8
136825  37
136830  37
136831  8
136834  8
136839  8
136844  37
136846  8
136852  8
136858  8
136859  8
136864  37
136874  37
136875  37
136880  8
136884  8
136900  37
136934  8
136940  8
136942  37
136943  37
136954  8
136983  37
136996  37
137011  37
137014  37
137018  8
137021  37
137026  8
137037  37
137072  37
137084  8
137103  37
137112  37
137113  37
137123  8
137128  37
137129  37
137160  8
137169  8
137173  8
137183  37
137185  37
137194  37
137202  37
137206  37
137219  8
137224  8
137226  8
137227  8
137239  37
137251  37
137253  8
137261  8
137262  37
137276  8
137280  37
137284  37
137289  37
137303  37
137305  37
137309  8
137313  8
137316  8
137318  37
137328  8
137335  37
137352  37
137368  37
137376  37
137397  37
137418  37
137422  37
137433  37
137434  8
137469  8
137470  37
137473  8
137483  37
137487  37
137492  37
137497  8
137516  37
137517  37
137523  8
137524  37
137527  37
137528  37
137537  8
137540  8
137546  8
137549  37
137553  37
137576  37
137577  37
137578  8
137579  37
137580  8
137588  37
137599  8
137601  8
137618  37
137624  37
137629  37
137652  8
137666  37
137668  37
137683  37
137689  37
137692  8
137718  37
137722  8
137726  8
137738  37
137739  8
137760  8
137761  8
137765  8
137768  37
137770  37
137773  8
137778  37
137780  37
137787  37
137789  8
137791  8
137792  37
137800  8
137813  37
137823  37
137824  37
137829  37
137838  8
137848  37
137862  37
137890  37
137896  37
137902  8
137908  37
137909  37
137926  37
137931  37
137937  8
137939  37
137952  8
137957  37
137963  37
137965  8
137966  37
137970  37
137978  37
137987  8
137993  37
137997  8
138018  8
138036  37
138049  37
138076  37
138086  37
138113  37
138127  8
138131  8
138145  8
138160  37
138161  8
138168  8
138175  37
138177  37
138180  37
138184  37
138187  8
138192  37
138193  37
138205  8
138207  37
138208  8
138221  8
138225  37
138230  8
138232  37
138244  8
138248  8
138253  37
138266  37
138269  37
138273  8
138285  8
138288  8
138299  37
138308  8
138343  8
138347  37
138351  37
138354  37
138357  8
138358  37
138365  8
138367  8
138370  37
138373  8
138380  8
138386  37
138395  8
138409  8
138410  8
138411  8
138416  8
138417  8
138420  37
138430  8
138439  37
138441  37
138454  8
138459  8
138467  37
138472  8
138474  8
138480  8
138486  37
138498  37
138503  37
138519  8
138528  37
138538  37
138540  37
138553  37
138566  8
138585  37
138588  8
138595  8
138604  37
138609  37
138610  8
138612  8
138613  8
138621  37
138622  8
138625  37
138641  37
138648  8
138659  8
138664  37
138669  8
138670  8
138687  37
138696  37
138713  8
138714  37
138724  37
138739  8
138748  37
138756  37
138757  37
138764  37
138779  8
138787  8
138796  8
138809  8
138813  8
138823  37
138824  37
138849  8
138850  37
138884  8
138889  37
138901  37
138907  8
138910  8
138912  8
138917  37
138924  8
138927  37
138934  8
138945  37
138950  8
138951  37
138956  37
138962  37
138968  8
138969  8
138970  8
138974  37
138977  8
138979  37
138984  37
139009  8
139013  37
139018  37
139021  8
139026  8
139029  8
139030  8
139032  8
139036  37
139053  8
139061  8
139065  37
139075  37
139082  37
139086  8
139101  8
139113  8
139126  37
139131  8
139136  37
139154  37
139164  37
139171  37
139174  37
139184  8
139200  37
139204  37
139225  37
139237  8
139250  37
139252  8
139254  37
139265  8
139268  8
139272  8
139274  8
139284  37
139288  37
139296  37
139315  37
139321  37
139348  8
139355  37
139358  8
139361  37
139368  37
139383  37
139392  8
139399  37
139403  8
139418  37
139420  8
139429  8
139434  8
139435  37
139441  37
139446  8
139453  8
139463  8
139474  8
139476  8
139482  8
139483  8
139484  37
139487  37
139499  8
139500  8
139502  8
139506  8
139507  37
139510  8
139515  37
139522  8
139534  8
139536  8
139537  8
139552  8
139557  8
139558  8
139564  8
139566  37
139567  8
139568  37
139571  37
139575  37
139582  37
139598  8
139599  8
139604  37
139607  37
139609  8
139620  8
139622  8
139625  37
139627  37
139637  8
139651  8
139662  8
139665  37
139667  37
139668  37
139670  37
139676  8
139679  8
139681  8
139682  8
139689  37
139693  37
139702  8
139712  37
139720  8
139726  37
139728  37
139730  8
139734  8
139740  37
139759  8
139777  8
139779  8
139781  8
139782  8
139785  37
139812  37
139814  37
139818  8
139829  37
139832  8
139834  37
139851  37
139852  37
139865  37
139866  8
139878  8
139879  37
139898  8
139900  8
139907  8
139923  8
139926  37
139930  37
139947  37
139950  8
139952  37
139961  8
139962  37
139963  37
139966  8
139970  8
139975  8
139984  37
139992  37
140000  37
140003  37
140004  8
140011  8
140016  37
140027  37
140029  37
140037  37
140043  8
140054  8
140067  37
140079  8
140086  37
140092  8
140095  8
140109  37
140113  8
140114  8
140115  37
140123  37
140135  37
140144  37
140149  8
140153  37
140157  8
140159  37
140168  37
140170  37
140174  8
140176  37
140195  8
140196  8
140197  37
140208  8
140211  8
140214  8
140223  8
140226  8
140232  8
140241  8
140252  37
140260  37
140270  8
140278  8
140281  37
140284  37
140286  37
140290  8
140292  37
140295  37
140310  8
140316  37
140319  8
140322  8
140329  37
140335  8
140337  8
140340  8
140348  8
140349  8
140360  8
140365  37
140367  8
140372  8
140375  8
140376  8
140377  8
140382  8
140386  8
140390  37
140391  8
140393  8
140394  8
140396  37
140399  8
140410  8
140412  37
140424  8
140429  8
140434  8
140444  8
140453  8
140457  37
140462  8
140471  8
140474  8
140486  37
140513  8
140516  8
140517  37
140519  37
140521  37
140522  8
140528  37
140535  8
140554  37
140555  37
140557  37
140558  8
140559  37
140590  8
140601  37
140609  8
140616  37
140618  8
140638  8
140647  8
140668  37
140678  8
140683  8
140685  8
140694  37
140701  37
140709  37
140712  8
140732  37
140737  8
140738  37
140741  8
140743  8
140747  8
140749  8
140754  8
140768  37
140772  8
140782  37
140789  8
140807  8
140809  37
140812  37
140815  8
140819  37
140824  37
140826  37
140830  8
140844  8
140852  37
140855  37
140856  8
140859  8
140871  8
140879  8
140882  37
140892  8
140901  8
140913  37
140915  8
140917  37
140922  8
140926  8
140936  37
140953  37
140957  8
140960  37
140978  37
140980  37
140981  8
140984  8
140985  8
140989  8
140996  8
141001  37
141007  8
141013  37
141016  8
141023  8
141035  8
141037  37
141042  8
141048  37
141062  37
141071  8
141084  8
141087  37
141089  37
141107  8
141108  37
141113  37
141128  8
141141  37
141142  8
141146  8
141152  37
141153  8
141164  8
141174  37
141188  8
141191  37
141204  37
141206  37
141211  37
141219  8
141236  8
141262  37
141263  37
141292  8
141296  8
141298  8
141307  37
141318  8
141325  37
141341  37
141353  8
141356  37
141359  37
141370  37
141371  37
141377  37
141382  37
141387  37
141392  8
141426  8
141430  37
141455  37
141469  8
141471  37
141484  8
141487  8
141491  37
141492  37
141493  8
141506  8
141523  8
141539  8
141540  37
141545  37
141564  8
141571  8
141575  8
141584  37
141590  37
141592  37
141611  37
141616  8
141619  8
141623  8
141626  37
141628  37
141629  37
141631  37
141634  8
141640  8
141641  8
141643  8
141650  8
141651  8
141657  37
141659  8
141663  37
141665  8
141671  37
141674  8
141675  37
141676  8
141681  8
141684  8
141685  8
141686  8
141690  8
141691  37
141695  37
141699  8
141703  8
141704  37
141706  37
141707  37
141717  8
141718  37
141725  8
141729  37
141732  8
141733  37
141746  37
141749  8
141761  37
141771  37
141777  8
141778  37
141802  37
141804  37
141814  8
141823  37
141829  37
141835  37
141852  37
141856  37
141868  8
141874  37
141892  8
141902  37
141911  37
141913  37
141921  37
141927  8
141944  37
141946  37
141949  8
141959  37
141962  8
141976  37
141985  8
142000  37
142034  8
142036  8
142037  37
142047  37
142053  8
142068  37
142069  37
142074  37
142075  37
142085  8
142100  37
142107  37
142112  37
142131  37
142138  8
142142  37
142144  37
142152  8
142160  37
142162  37
142188  8
142189  8
142194  37
142196  37
142205  37
142206  37
142211  37
142217  8
142231  8
142236  37
142243  37
142255  8
142256  8
142259  8
142263  8
142270  8
142272  8
142275  37
142282  8
142300  8
142304  37
142307  8
142317  8
142318  8
142330  37
142336  37
142341  37
142342  8
142343  37
142349  8
142352  37
142356  37
142357  8
142358  8
142364  8
142377  8
142386  37
142393  8
142411  8
142414  37
142425  8
142432  37
142434  8
142456  8
142460  8
142470  37
142472  37
142475  8
142477  8
142481  37
142482  8
142484  8
142486  8
142487  8
142489  8
142490  8
142500  8
142502  8
142505  8
142510  8
142517  8
142518  37
142521  37
142530  37
142532  37
142542  8
142543  37
142556  8
142572  37
142584  37
142602  37
142606  37
142611  37
142625  37
142637  37
142642  37
142675  37
142681  37
142695  8
142706  37
142714  8
142722  8
142723  37
142726  37
142732  37
142743  37
142753  37
142757  37
142763  37
142769  8
142772  37
142786  8
142795  37
142799  37
142821  8
142841  8
142855  8
142859  8
142863  8
142880  8
142902  37
142920  8
142934  37
142946  37
142949  8
142958  8
142972  37
142976  37
142982  37
142988  8
143000  37
143012  37
143016  8
143020  37
143049  8
143061  37
143079  8
143084  8
143088  8
143089  37
143094  8
143110  8
143112  37
143123  8
143124  37
143140  37
143147  8
143148  8
143150  8
143160  37
143163  8
143166  8
143173  8
143185  8
143186  8
143187  8
143189  8
143191  8
143193  37
143194  37
143204  8
143225  8
143231  37
143237  37
143238  8
143240  8
143243  8
143244  8
143246  8
143248  8
143252  37
143264  37
143269  37
143296  37
143303  8
143312  37
143323  8
143329  37
143347  37
143354  8
143368  37
143379  37
143381  8
143385  8
143395  37
143403  8
143410  37
143418  8
143419  8
143425  37
143440  8
143447  8
143448  8
143454  37
143457  8
143478  8
143497  37
143512  37
143525  37
143533  37
143544  8
143545  37
143546  37
143549  37
143563  8
143573  8
143578  8
143588  37
143605  37
143629  8
143635  37
143653  8
143678  8
143690  8
143693  8
143694  37
143702  8
143703  8
143716  8
143719  8
143733  37
143741  37
143742  37
143743  37
143758  37
143760  37
143765  37
143768  8
143787  8
143788  37
143799  37
143810  37
143811  37
143814  8
143817  8
143832  8
143834  8
143843  8
143844  8
143849  37
143851  37
143855  37
143860  8
143870  8
143876  8
143879  8
143887  8
143892  37
143915  37
143919  8
143920  37
143925  37
143941  8
143942  8
143954  37
143959  8
143968  8
143969  8
143971  37
143975  37
143977  8
143988  8
143989  8
143991  8
143993  8
143994  8
143995  8
143998  8
144004  8
144007  8
144008  8
144009  37
144010  8
144012  8
144014  8
144016  8
144019  8
144021  8
144022  8
144028  8
144029  37
144032  8
144038  8
144048  8
144050  8
144058  8
144059  37
144067  8
144077  37
144082  8
144097  37
144112  37
144124  37
144125  8
144127  37
144144  8
144157  8
144186  37
144190  8
144192  8
144203  37
144228  8
144243  37
144244  37
144249  37
144251  8
144254  37
144275  37
144277  8
144300  8
144301  37
144304  37
144310  37
144339  37
144354  37
144384  37
144388  37
144394  37
144411  37
144428  8
144434  37
144435  8
144437  8
144438  8
144448  8
144454  8
144465  37
144472  37
144477  8
144511  37
144523  8
144527  8
144538  37
144549  8
144555  37
144576  37
144580  37
144583  8
144592  8
144595  8
144612  8
144626  8
144627  37
144648  37
144649  8
144650  8
144660  8
144661  8
144668  8
144682  8
144687  8
144689  37
144693  8
144697  8
144704  37
144709  8
144713  8
144715  8
144716  8
144726  37
144733  8
144745  8
144754  8
144770  8
144771  8
144788  8
144790  37
144806  37
144809  37
144812  8
144830  37
144832  8
144860  37
144874  8
144882  8
144883  8
144889  37
144894  8
144895  8
144896  8
144901  8
144907  8
144908  8
144925  37
144929  37
144942  37
144954  8
144957  8
144962  8
144972  37
144973  8
144994  37
145015  8
145027  37
145034  37
145058  8
145074  37
145081  37
145101  37
145102  37
145126  37
145127  37
145130  37
145147  8
145154  37
145169  37
145178  8
145181  8
145186  37
145190  8
145238  8
145248  8
145258  8
145283  8
145285  8
145295  37
145299  37
145304  8
145314  37
145322  8
145333  8
145338  8
145349  37
145352  8
145353  37
145355  37
145360  8
145365  8
145371  37
145375  8
145381  8
145386  8
145389  8
145393  8
145395  8
145398  8
145399  37
145400  8
145401  37
145402  8
145404  8
145405  8
145406  8
145407  8
145408  37
145419  8
145420  37
145422  8
145425  37
145429  37
145431  8
145443  8
145449  8
145468  37
145471  8
145472  8
145489  8
145497  8
145507  8
145510  8
145511  37
145524  8
145533  37
145545  8
145553  37
145562  37
145571  8
145578  8
145586  37
145596  37
145604  8
145608  8
145631  8
145646  8
145677  37
145679  8
145694  37
145717  8
145728  8
145734  37
145737  37
145765  37
145766  8
145772  8
145780  37
145784  37
145790  8
145793  37
145804  8
145811  37
145837  8
145838  8
145851  37
145876  8
145882  37
145915  37
145934  37
145938  8
145949  37
145955  8
145959  37
145960  37
145971  8
145973  37
145974  8
145980  8
146003  37
146009  37
146028  37
146035  8
146039  37
146044  8
146049  8
146057  8
146059  8
146063  37
146064  8
146068  8
146070  8
146072  8
146074  8
146075  8
146076  8
146077  8
146078  8
146090  8
146117  8
146133  37
146134  8
146156  8
146191  8
146197  37
146201  37
146206  8
146212  8
146229  37
146236  8
146237  37
146242  8
146254  37
146261  8
146264  37
146273  8
146286  37
146296  8
146299  8
146300  37
146312  8
146319  37
146328  8
146337  8
146348  37
146357  37
146367  8
146369  8
146397  8
146410  37
146412  37
146422  8
146440  37
146444  37
146448  37
146458  37
146460  37
146471  8
146483  37
146494  37
146505  37
146507  8
146529  37
146573  37
146590  8
146606  8
146628  8
146636  8
146643  37
146644  37
146655  8
146658  37
146660  37
146667  37
146671  8
146686  8
146687  8
146699  8
146702  8
146705  8
146706  8
146707  8
146708  8
146711  8
146712  8
146714  8
146715  8
146718  8
146721  8
146722  8
146724  8
146725  37
146726  8
146729  8
146768  8
146780  37
146790  37
146800  8
146816  37
146834  37
146835  8
146836  8
146837  8
146859  8
146864  8
146865  37
146869  37
146882  37
146892  37
146894  8
146899  8
146905  37
146920  8
146939  37
146942  8
146950  8
146969  8
146976  37
146978  8
146979  8
146981  37
146995  37
146999  8
147004  37
147016  37
147017  37
147025  8
147040  37
147050  8
147053  8
147062  8
147079  8
147125  37
147128  37
147144  8
147152  37
147163  37
147165  37
147168  8
147172  37
147179  37
147202  8
147203  8
147206  8
147207  8
147208  8
147209  8
147210  8
147211  8
147214  8
147219  8
147244  37
147249  37
147254  37
147261  8
147265  8
147281  8
147283  8
147287  37
147299  8
147305  8
147309  8
147312  37
147314  8
147322  37
147341  8
147350  8
147360  8
147362  8
147385  37
147386  37
147394  8
147409  37
147425  8
147433  37
147441  8
147449  37
147464  37
147472  37
147477  8
147483  37
147507  8
147516  37
147517  37
147528  8
147549  37
147550  8
147556  37
147566  8
147576  37
147587  37
147592  8
147593  8
147608  8
147612  37
147615  8
147629  8
147634  8
147652  8
147657  8
147661  8
147665  8
147666  8
147667  8
147668  8
147671  8
147673  8
147675  37
147676  8
147677  8
147678  37
147679  8
147682  8
147684  8
147687  8
147690  8
147691  8
147695  8
147700  37
147708  8
147713  8
147723  8
147725  8
147732  8
147735  8
147737  37
147744  8
147754  37
147759  8
147806  37
147809  8
147831  8
147839  37
147846  37
147857  8
147860  8
147877  8
147886  37
147907  37
147908  37
147916  8
147930  8
147935  37
147936  37
147938  8
147946  8
147967  8
147969  37
147980  8
147983  8
147987  37
147993  8
148015  37
148033  8
148040  8
148047  8
148068  8
148077  37
148089  37
148090  37
148095  8
148096  37
148104  8
148113  8
148126  8
148128  8
148130  37
148134  37
148140  8
148154  8
148158  8
148160  37
148162  8
148171  37
148185  8
148187  8
148199  8
148209  8
148216  37
148225  8
148229  8
148260  8
148262  37
148279  8
148287  8
148289  8
148291  37
148300  37
148305  8
148325  37
148330  37
148331  8
148334  37
148336  8
148343  8
148349  37
148353  8
148354  8
148368  37
148372  8
148373  37
148386  8
148391  8
148393  37
148401  8
148402  8
148405  8
148408  8
148409  37
148416  8
148418  8
148421  8
148435  8
148447  8
148450  37
148452  8
148464  37
148479  37
148485  8
148500  8
148503  8
148505  8
148510  8
148521  8
148524  8
148537  8
148548  8
148555  8
148558  8
148567  8
148582  8
148584  37
148585  37
148587  37
148605  37
148608  37
148613  8
148617  37
148640  8
148648  8
148651  8
148660  37
148668  8
148669  8
148673  37
148681  8
148687  8
148691  8
148711  37
148714  8
148723  8
148726  37
148749  37
148752  8
148765  8
148777  8
148782  8
148783  37
148786  8
148796  37
148802  37
148804  8
148811  8
148817  37
148836  37
148847  8
148852  37
148866  37
148894  37
148907  8
148911  8
148969  37
148983  8
148984  8
148990  8
148991  8
149001  37
149007  37
149013  8
149029  8
149041  8
149045  8
149054  37
149055  37
149061  8
149062  8
149065  37
149074  8
149075  8
149083  8
149091  8
149094  8
149099  8
149108  8
149118  8
149121  8
149127  8
149128  37
149141  8
149143  8
149144  37
149152  8
149159  8
149166  8
149167  8
149170  37
149175  8
149176  37
149191  37
149208  8
149215  8
149216  8
149225  8
149227  8
149235  8
149236  8
149248  37
149254  8
149255  8
149259  8
149272  37
149274  37
149281  8
149314  8
149323  37
149341  37
149348  8
149358  8
149370  37
149371  8
149379  8
149390  8
149421  8
149442  37
149449  8
149452  37
149456  8
149457  37
149502  37
149505  37
149526  8
149554  8
149559  8
149563  8
149566  8
149571  37
149589  8
149599  37
149604  8
149623  8
149629  8
149631  8
149647  37
149649  37
149654  8
149666  37
149673  37
149682  37
149696  8
149702  8
149719  37
149733  37
149741  37
149744  8
149751  8
149756  8
149769  8
149773  8
149785  8
149789  37
149796  8
149799  37
149810  8
149812  8
149827  8
149828  37
149829  37
149831  37
149837  8
149849  37
149851  37
149859  8
149864  8
149888  8
149895  8
149898  37
149912  37
149921  37
149926  8
149929  8
149930  8
149942  37
149943  8
149950  37
149961  8
149962  8
149964  8
149966  37
149986  8
149987  8
149989  8
149990  37
149992  8
149994  37
150013  8
150016  37
150033  8
150034  8
150035  37
150052  37
150059  8
150061  8
150065  8
150068  8
150078  8
150079  37
150085  8
150086  8
150101  8
150110  37
150112  37
150119  8
150128  37
150145  8
150150  8
150158  8
150178  37
150192  8
150201  37
150206  37
150208  8
150218  8
150231  8
150235  8
150243  8
150248  8
150252  8
150275  8
150297  37
150314  8
150318  8
150320  8
150321  8
150322  8
150325  37
150329  8
150333  8
150353  8
150383  8
150389  37
150407  8
150417  37
150424  37
150443  8
150457  37
150458  8
150459  8
150467  8
150474  8
150478  8
150488  37
150492  8
150510  8
150511  37
150514  8
150516  8
150533  8
150541  8
150546  8
150554  8
150556  8
150559  8
150561  37
150569  37
150586  8
150593  8
150611  8
150627  8
150644  8
150674  8
150681  8
150686  37
150691  8
150693  8
150703  8
150705  8
150721  37
150726  37
150727  8
150734  8
150738  37
150739  8
150750  8
150761  8
150767  8
150771  8
150783  8
150801  8
150818  8
150824  8
150825  8
150826  37
150828  8
150838  37
150840  8
150858  8
150887  8
150900  8
150908  8
150914  8
150930  37
150933  8
150947  37
150949  37
150958  8
150964  8
150983  8
150988  37
150992  8
151001  8
151007  8
151009  8
151015  8
151027  8
151033  8
151034  8
151036  37
151038  8
151039  8
151040  37
151041  8
151043  8
151071  37
151079  8
151087  8
151090  8
151094  8
151100  8
151135  8
151150  37
151177  8
151183  8
151184  37
151190  8
151192  8
151207  8
151213  8
151219  8
151222  8
151240  8
151243  37
151260  8
151273  37
151284  37
151285  8
151288  37
151302  8
151308  8
151312  37
151314  8
151326  8
151331  8
151332  8
151334  8
151344  8
151351  8
151358  8
151362  8
151365  8
151370  8
151372  8
151385  8
151387  37
151390  8
151399  8
151416  37
151422  8
151424  8
151425  8
151427  8
151433  8
151442  8
151452  8
151453  8
151455  8
151456  8
151458  8
151459  37
151461  8
151468  8
151499  8
151500  8
151516  8
151523  37
151524  8
151525  8
151530  8
151537  8
151550  37
151554  8
151567  8
151573  8
151578  8
151580  8
151597  8
151598  8
151611  8
151621  8
151625  8
151631  8
151637  37
151645  8
151680  8
151693  8
151705  8
151720  37
151746  8
151750  8
151751  8
151753  37
151757  8
151758  8
151761  8
151762  8
151765  8
151773  8
151800  8
151806  8
151821  37
151823  8
151825  8
151827  8
151844  8
151849  8
151850  37
151852  37
151858  8
151866  37
151868  8
151871  8
151920  8
151944  8
151955  8
151975  8
151987  8
151991  8
151998  8
151999  37
152002  8
152005  8
152015  8
152024  8
152033  8
152048  8
152050  8
152051  8
152052  37
152060  8
152062  8
152064  8
152070  8
152081  8
152106  8
152112  8
152115  37
152118  8
152121  8
152127  8
152138  8
152150  8
152168  8
152202  37
152207  8
152220  8
152248  8
152258  8
152259  8
152287  8
152292  8
152293  8
152299  8
152304  8
152307  8
152315  8
152319  8
152324  8
152347  8
152377  8
152416  8
152445  8
152448  8
152449  37
152463  8
152464  8
152466  8
152468  8
152478  8
152489  8
152493  8
152499  8
152511  8
152515  8
152518  8
152524  8
152525  8
152528  8
152551  8
152566  8
152575  8
152582  8
152620  8
152623  8
152630  8
152634  8
152635  8
152657  8
152686  8
152692  8
152700  8
152701  8
152706  8
152714  8
152716  8
152721  8
152738  8
152760  8
152767  8
152770  8
152784  8
152815  8
152818  8
152841  8
152847  8
152858  8
152871  8
152874  8
152881  8
152887  8
152908  8
152909  8
152910  8
152919  8
152926  8
152934  8
152945  8
152959  8
153003  8
153007  8
153010  8
153012  8
153017  8
153030  8
153042  8
153048  8
153065  8
153082  8
153118  8
153120  8
153135  8
153141  8
153159  8
153164  8
153199  8
153201  8
153266  8
153278  8
153281  8
153308  8
153321  8
153357  8
153372  8
153377  8
153418  8
153437  8
153440  8
153471  8
153473  8
153516  8
153522  8
153533  8
153575  8
153597  8
153641  8
153673  8
153689  8
153696  8
153772  8
153774  8
153802  8
153858  8
153859  8
153862  8
153879  8
153885  8
153896  8
153937  8
153945  8
153966  8
153975  8
154028  8
154049  8
154055  8
154060  8
154140  8
154282  8
123904  124134  8.67    46.78
124134  124637  11.50   89.92
124160  124134  4.75    92.25
124397  124160  10.46   31.42
124404  124397  1.67    137.81
124634  125208  0.00    103.09
124637  124772  20.00   25.01
124637  124649  3.00    149.01
124772  124938  4.36    32.09
124772  124811  7.25    126.53
124780  124858  15.14   80.16
124793  124780  3.00    56.42
124793  124404  0.00    51.21
124807  124793  3.71    47.77
124807  125153  0.00    48.32
124858  124397  6.93    60.38
124938  124858  3.00    10.78
125142  124780  10.00   78.51
125153  125442  0.00    45.44
125153  125142  0.00    74.78
125208  125022  20.00   100.57
125314  124626  3.00    100.45
125411  125603  6.56    43.87
125496  124726  6.75    113.33
125597  125614  7.00    85.39
125597  124938  5.67    111.89
125603  126248  4.88    114.25
125614  125626  3.00    85.39
125626  124824  0.00    119.79
125769  125597  1.00    27.78
125778  125626  0.00    21.86
125794  125837  3.00    110.52
125837  125603  6.50    53.10
125919  125769  13.33   61.74
125962  126294  14.33   53.23
125982  125457  11.17   75.75
125991  126279  0.00    41.76
125993  126002  15.75   54.39
125993  125769  0.00    35.08
126002  126018  3.00    81.03
126018  126020  0.00    81.03
126020  125314  4.67    100.45
126064  125993  0.00    8.87
126064  126294  4.63    129.03
126130  126643  0.00    109.08
126142  126125  8.67    4.25
126209  126142  6.46    20.86
126224  126209  3.00    5.36
126224  126562  0.00    62.63
126224  125427  0.00    120.20
126247  125837  11.50   66.67
126248  125962  3.00    130.78
126248  126457  0.00    26.15
126254  126272  6.40    123.38
126254  126002  1.00    37.83
126272  126654  11.50   53.56
126272  126280  8.67    39.31
126278  126305  7.80    25.06
126278  125496  3.00    113.33
126279  126278  3.00    26.89
126280  126020  0.00    39.25
126280  126279  4.67    47.57
126294  126566  6.14    136.02
126300  126643  11.50   58.14
126381  126064  4.67    50.49
126420  126224  7.78    47.51
126420  126869  8.31    83.92
126456  126247  6.00    51.15
126456  125794  10.80   129.24
126457  126659  10.67   66.62
126529  125982  8.63    75.75
126529  126420  5.92    25.90
126545  125653  9.83    125.02
126545  126546  0.00    33.95
126546  126305  5.33    33.47
126562  126869  20.00   54.86
126562  126979  3.00    99.70
126566  126457  4.00    19.39
126577  126381  5.61    111.63
126577  126909  0.00    52.61
126634  126254  0.00    52.68
126634  126654  9.29    123.48
126643  126990  0.00    88.97
126653  126343  10.29   65.84
126653  126456  0.00    65.32
126654  126660  0.00    76.67
126659  126957  8.13    91.80
126659  126247  3.00    64.32
126660  126546  5.29    77.90
126710  126577  5.67    80.69
126740  126381  11.50   58.39
126740  126634  11.73   15.74
126787  126740  10.24   8.23
126787  126902  6.27    110.98
126810  127347  8.00    122.75
126832  126653  5.33    53.97
126852  126710  10.32   80.72
126852  126566  7.70    43.48
126869  127234  3.00    104.00
126888  126852  0.00    4.82
126902  127176  0.00    47.19
126902  126909  0.00    7.62
126909  127017  7.25    83.53
126944  126787  5.32    26.08
126955  126944  8.67    121.07
126956  126955  5.50    121.07
126957  127230  14.33   91.80
126959  126956  0.00    13.56
126979  127234  1.00    49.70
126990  127431  5.50    90.58
127017  127115  5.67    83.53
127022  126944  3.00    12.06
127067  126529  6.18    88.46
127067  126545  15.12   120.86
127081  127022  0.00    9.68
127083  126888  8.67    63.99
127083  127750  11.50   107.51
127088  127081  50.00   116.15
127094  126956  3.00    20.83
127094  127088  7.80    116.15
127115  126888  2.33    36.72
127171  127347  0.00    65.14
127176  127022  11.50   110.09
127230  126922  10.00   51.29
127234  127407  7.00    124.29
127251  127962  11.50   105.27
127251  127083  7.74    59.82
127310  127081  9.84    41.38
127320  127310  8.82    107.99
127331  127094  3.00    37.29
127331  127602  6.40    39.51
127331  127320  9.80    107.99
127347  127700  15.00   62.23
127352  127331  8.58    52.50
127352  128144  9.31    107.67
127431  127463  11.50   36.36
127463  126810  8.00    108.38
127477  127926  13.33   67.43
127477  127310  9.31    131.15
127484  127251  4.31    64.69
127484  128204  8.00    102.74
127540  127477  7.25    47.70
127594  127601  3.00    96.82
127594  127310  9.80    46.26
127601  127602  2.60    96.83
127613  128116  9.80    68.68
127613  127540  6.50    50.86
127687  127230  12.54   68.15
127687  127484  8.67    63.50
127700  127621  2.00    84.16
127700  128172  11.50   66.21
127705  126922  11.50   126.39
127705  127936  3.00    33.91
127707  127115  7.41    93.00
127707  127613  7.69    67.39
127722  127264  12.11   79.31
127750  128562  2.00    107.55
127770  127797  10.00   105.31
127797  127067  11.80   140.10
127821  127860  0.00    23.63
127821  127594  4.36    36.54
127843  128792  7.75    118.00
127843  127352  11.15   102.47
127844  127705  0.00    60.02
127860  127957  0.00    61.79
127860  127610  0.00    37.13
127865  128384  0.00    76.66
127926  128025  8.14    50.81
127936  128637  8.82    103.69
127936  127687  11.50   76.72
127962  128764  3.00    105.28
127973  127770  0.00    105.13
128009  127987  0.00    16.61
128009  128525  8.50    65.19
128009  127463  7.25    84.28
128025  127540  11.00   68.63
128025  128116  11.50   51.27
128093  127687  7.93    56.38
128105  127821  6.81    37.73
128116  128229  2.60    60.91
128144  128981  10.69   107.67
128172  128009  8.67    109.58
128172  128654  6.00    76.32
128204  128966  8.00    102.77
128219  127797  7.27    60.14
128229  127707  6.11    69.35
128237  127722  12.80   79.20
128237  128172  5.50    58.71
128279  128105  32.43   103.52
128334  128219  8.00    90.05
128342  127771  6.61    84.34
128342  128237  3.00    63.93
128370  128105  9.92    31.48
128459  128279  0.00    103.57
128476  127936  8.33    137.87
128477  128334  12.40   90.15
128477  127973  3.00    63.49
128525  129038  0.00    66.31
128539  128544  0.00    77.80
128544  128370  3.00    78.76
128562  129419  8.11    107.60
128578  128370  9.05    27.25
128578  128771  10.30   148.14
128589  129113  10.63   107.65
128589  127842  3.00    108.55
128630  128229  4.40    53.13
128630  128459  10.00   103.50
128637  128987  8.67    99.83
128654  129146  7.39    67.33
128654  128525  8.67    65.98
128675  129555  8.60    105.46
128680  128589  11.50   65.22
128688  128718  20.00   22.84
128688  128219  8.22    62.54
128718  127843  8.64    148.60
128718  128877  3.00    37.04
128730  128342  6.69    55.40
128730  128237  5.91    129.31
128740  128688  0.00    8.51
128764  129611  3.50    105.28
128767  128680  1.67    61.79
128771  128968  8.42    148.14
128802  129564  4.25    89.79
128866  128740  2.00    79.65
128870  128767  4.88    62.41
128877  128740  8.82    17.76
128882  129132  20.00   129.07
128882  128578  6.50    38.07
128925  128093  7.78    118.84
128949  128981  20.00   26.30
128966  129835  3.00    102.67
128968  128630  5.29    48.19
128969  128866  1.00    79.64
128969  128477  6.00    63.80
128973  128870  8.57    64.44
128973  130237  3.00    142.09
128981  130211  7.90    137.45
128981  129119  14.13   78.50
128987  129430  2.33    99.84
128992  128969  2.20    13.01
129020  128992  11.20   19.78
129038  129020  0.00    7.10
129113  129863  6.50    81.82
129113  129552  8.00    77.50
129119  129254  2.50    67.63
129132  129317  20.00   129.47
129146  129038  2.60    45.18
129181  128093  6.45    143.64
129194  128925  13.50   36.73
129200  128968  8.86    28.06
129210  129236  0.00    86.70
129236  129237  0.00    86.70
129237  128882  9.67    43.51
129254  129374  10.75   69.23
129317  129237  0.00    8.56
129367  129227  0.00    15.24
129374  129410  50.00   18.34
129392  128925  6.50    112.90
129410  129607  8.80    110.39
129410  128877  11.24   67.59
129419  129200  10.38   60.56
129465  129146  7.00    122.92
129465  128730  7.83    97.82
129552  129465  6.00    75.18
129555  130437  11.19   105.46
129564  130336  9.08    89.78
129586  129825  2.80    143.48
129586  129367  0.00    25.30
129592  129367  1.00    147.56
129592  129200  5.62    46.79
129607  130656  6.75    129.03
129607  129704  8.67    58.57
129611  129419  6.15    59.83
129634  129181  8.18    60.02
129634  129194  0.00    97.55
129717  129592  6.80    15.68
129724  128589  6.58    139.79
129736  129586  0.00    18.40
129736  129831  0.00    45.78
129751  129753  8.22    89.06
129753  129760  4.67    89.06
129760  129317  5.83    50.50
129825  129717  1.00    10.72
129831  129987  0.00    15.29
129831  130072  0.00    73.43
129835  129611  11.50   60.80
129853  129194  10.76   82.34
129896  129724  6.00    75.75
129896  128680  8.38    142.15
129903  129392  3.00    112.90
129903  129430  14.43   64.92
129912  129760  1.80    15.06
129912  130039  0.00    94.41
129966  130962  7.40    135.45
129966  129761  2.00    97.07
130029  129896  9.71    63.05
130029  128767  12.38   142.56
130079  129835  7.83    66.27
130079  129181  7.33    102.38
130081  129966  0.00    66.40
130095  130813  9.64    116.97
130100  129410  6.16    86.17
130140  128870  7.91    143.74
130140  130029  2.33    63.61
130148  130079  11.50   17.35
130173  129502  5.96    93.56
130173  129903  7.25    62.18
130193  131183  7.25    135.50
130193  130081  4.75    69.35
130201  129717  5.75    135.35
130202  129391  7.40    89.93
130202  130203  13.20   123.69
130203  130657  7.25    64.70
130211  130753  17.00   72.44
130211  130330  9.00    114.49
130237  130140  22.17   62.56
130243  129634  3.00    80.97
130286  129853  10.50   88.75
130288  130211  0.00    47.46
130288  129119  11.50   134.93
130289  129825  6.09    55.89
130302  129724  20.00   72.36
130302  130193  11.00   70.09
130330  130338  8.44    113.14
130336  130237  12.91   65.23
130338  129912  11.69   52.59
130345  130148  4.25    38.62
130389  129254  9.86    134.24
130389  130288  10.22   72.41
130399  130519  46.71   88.45
130424  130302  7.67    80.70
130424  131353  9.20    132.34
130437  130336  8.39    65.44
130437  130936  7.33    67.00
130498  130389  9.00    71.63
130498  129374  9.00    134.59
130505  130201  6.40    109.63
130519  130289  6.67    33.45
130521  130424  7.80    69.26
130567  130575  0.00    8.09
130567  130338  12.44   31.67
130575  130578  0.00    2.76
130578  130607  0.00    25.47
130587  130813  16.60   76.18
130607  130116  0.00    66.94
130607  130170  0.00    105.16
130621  130521  7.50    69.76
130621  131558  9.82    134.54
130626  129853  7.44    109.17
130631  130202  20.00   59.95
130656  130100  7.53    86.17
130657  131131  8.11    63.30
130657  130631  6.40    104.87
130660  130505  3.00    51.62
130660  130345  10.50   45.91
130662  130289  8.11    128.40
130662  130201  10.00   67.51
130665  130173  5.79    84.40
130665  130286  9.44    88.80
130682  130657  9.38    113.91
130693  130682  5.70    73.79
130708  130656  7.25    6.41
130708  130498  10.29   130.76
130741  130621  11.50   69.79
130741  131656  6.78    134.67
130750  130243  6.75    80.90
130750  131261  3.00    77.36
130753  130901  3.00    111.15
130753  131203  5.14    60.20
130809  129834  18.67   123.72
130809  130708  11.10   67.83
130813  130665  18.84   77.66
130821  130519  5.49    40.57
130832  130345  11.50   75.09
130835  131186  5.00    60.59
130855  130741  10.18   69.66
130868  130662  8.17    66.01
130873  130567  6.36    39.35
130873  130908  0.00    106.91
130901  131048  8.80    111.15
130906  130809  14.73   67.46
130908  131046  0.00    134.93
130936  131857  7.47    135.53
130936  130855  10.33   60.53
130937  131402  3.00    96.07
130944  130906  10.50   24.87
130949  130873  5.33    98.19
130949  130399  0.00    93.48
130962  130944  1.00    13.58
130974  130868  10.00   43.20
130974  130505  11.20   68.17
131048  131338  8.91    84.62
131050  130908  0.00    19.07
131067  130962  7.25    67.95
131067  130081  2.71    135.75
131074  130821  7.67    93.55
131107  130631  6.40    62.52
131120  130660  11.00   67.17
131120  130974  0.00    50.68
131122  130626  9.69    105.36
131131  131107  5.83    103.59
131131  131522  9.22    59.13
131156  131131  12.00   115.22
131156  130682  8.45    63.15
131163  131156  11.20   113.29
131163  130864  9.80    41.64
131171  130873  20.00   40.79
131171  131235  5.50    89.54
131175  131163  6.20    59.12
131183  131067  8.86    71.44
131186  131525  6.73    68.42
131188  131988  6.77    121.51
131188  131175  9.80    61.35
131203  131621  8.61    63.83
131203  131333  3.00    112.89
131223  131389  0.00    30.32
131235  130949  3.00    38.08
131235  131287  0.00    23.26
131261  131860  10.50   98.94
131261  130832  11.50   70.95
131275  130302  0.00    135.55
131275  131183  8.06    69.45
131301  130821  6.58    72.07
131315  130868  0.00    71.68
131315  131074  6.14    93.54
131333  131499  11.09   112.89
131338  131629  8.38    87.61
131353  131275  3.11    81.85
131379  130750  0.00    107.67
131389  131357  3.00    49.75
131402  131186  10.00   50.71
131406  131389  0.00    4.06
131411  131982  3.00    83.47
131412  130974  3.00    69.55
131412  131315  0.00    47.04
131414  131402  0.00    2.15
131471  131353  11.50   68.33
131471  130521  6.50    135.16
131485  131637  1.00    122.04
131493  131414  3.00    14.19
131499  131048  11.25   66.99
131515  131522  9.83    103.29
131515  131107  8.86    60.75
131517  131171  9.13    53.84
131517  131528  1.00    116.64
131522  131919  3.00    60.37
131522  131543  10.29   113.47
131525  131122  13.25   104.90
131525  131798  6.46    53.95
131525  131712  0.00    46.88
131526  131301  6.63    88.55
131528  131621  17.20   116.93
131543  131156  8.10    59.86
131543  131561  3.00    115.85
131558  132021  3.00    70.94
131558  131471  12.80   70.15
131561  131568  9.50    57.61
131561  131163  3.00    61.08
131568  131175  11.20   61.12
131597  132196  0.00    132.27
131597  131406  0.00    37.50
131621  131711  3.00    15.01
131629  130708  8.28    141.89
131629  131597  14.00   17.33
131637  132485  1.00    133.57
131637  131717  20.00   60.09
131656  131558  10.25   69.76
131663  131120  0.00    84.47
131667  130832  10.50   134.47
131669  131493  3.00    37.95
131669  131408  3.00    59.14
131678  131808  0.00    67.98
131678  131517  0.00    23.65
131705  131261  7.90    80.38
131711  132301  7.06    93.52
131711  131867  7.25    111.18
131717  131275  0.00    69.82
131717  131872  6.75    110.55
131744  131301  7.19    70.70
131759  131315  11.50   72.24
131759  131526  5.33    88.55
131763  130855  11.00   136.06
131763  131656  17.67   71.80
131797  131669  3.00    23.07
131797  132639  7.25    141.06
131798  131263  8.83    140.73
131798  132066  10.80   54.93
131816  132366  9.80    88.74
131857  131763  12.89   82.33
131857  132330  4.65    72.85
131860  131667  11.50   63.71
131867  132013  10.64   111.18
131872  132021  3.00    110.55
131907  131515  11.50   59.69
131907  131857  9.57    67.39
131908  131629  5.35    44.05
131919  131907  14.00   103.02
131919  132312  7.94    61.02
131946  131543  9.20    59.87
131946  131919  8.31    114.35
131967  131561  9.60    59.48
131967  131946  6.90    115.49
131974  131744  10.60   85.95
131978  131967  8.00    56.41
131978  131568  3.00    60.47
131979  131412  8.00    82.41
131979  131759  1.00    81.85
131982  132506  0.00    83.49
131988  132481  1.00    77.65
131988  131978  7.38    64.05
132000  131379  11.50   107.67
132013  131499  9.11    76.61
132021  132403  0.00    61.35
132021  132174  14.33   118.27
132032  132274  8.17    132.36
132032  131678  7.86    54.76
132036  131338  5.22    104.19
132051  132896  6.06    129.65
132066  132124  0.00    9.69
132066  132477  0.00    78.18
132096  131735  11.00   60.66
132096  131797  20.00   66.89
132117  131717  0.00    62.60
132118  132000  7.56    23.95
132118  132066  11.50   51.57
132124  132425  4.70    50.55
132167  131705  8.10    80.77
132167  131860  11.50   119.81
132174  132330  10.59   118.28
132175  131663  0.00    84.30
132175  131667  18.89   85.63
132179  131974  6.86    85.95
132179  131759  3.00    71.62
132196  132945  7.69    134.12
132210  131744  8.85    75.41
132210  132416  6.72    83.36
132261  132117  0.00    110.74
132274  132210  0.00    10.70
132292  132312  8.80    103.82
132292  131907  7.25    59.06
132301  132471  12.20   133.18
132301  132756  7.00    65.53
132312  132333  20.00   115.22
132312  132735  2.60    60.70
132326  131647  13.64   110.69
132330  132778  7.50    63.48
132333  132346  10.09   113.99
132333  131946  6.75    60.68
132346  132354  8.23    58.59
132346  131967  4.50    60.55
132354  131978  8.67    60.08
132356  131647  8.63    110.81
132366  132975  7.80    88.76
132403  132926  1.00    74.29
132403  132261  3.00    110.74
132409  132485  8.00    50.92
132416  132632  6.95    83.36
132425  132118  10.00   52.57
132425  132731  10.18   47.37
132471  132567  6.00    66.50
132471  132203  6.50    41.96
132477  132928  5.14    71.00
132481  133015  3.00    77.65
132485  132570  20.00   58.30
132506  132786  5.20    36.25
132514  133045  6.75    79.11
132518  132588  11.50   63.34
132545  132592  3.00    6.59
132545  132175  9.44    61.29
132545  131979  0.00    97.47
132561  132959  9.00    149.66
132561  132179  5.43    61.54
132565  132179  5.78    146.77
132565  132592  0.00    7.86
132567  132013  3.83    85.57
132570  132750  11.50   110.09
132570  132117  0.00    69.87
132578  132403  5.62    124.70
132588  132871  6.00    66.11
132592  132647  0.00    19.26
132632  132561  3.00    11.89
132633  133006  9.44    60.43
132639  133147  11.92   96.54
132642  132032  6.96    93.80
132642  132640  0.00    37.41
132647  132518  3.00    54.56
132669  132506  1.00    28.01
132669  132786  3.00    20.37
132683  132274  7.95    62.88
132683  132907  5.86    80.49
132697  132000  11.20   115.87
132723  132292  7.80    62.40
132731  133551  8.06    129.77
132735  132723  9.86    103.36
132735  133170  11.33   63.06
132738  132036  8.33    104.19
132750  132926  8.67    110.09
132756  133092  7.80    50.85
132756  132898  11.00   99.32
132760  132333  11.25   61.26
132760  132735  11.13   114.76
132778  133271  6.35    73.70
132778  132578  6.83    124.70
132783  132346  8.00    61.09
132783  132760  9.67    115.63
132785  131908  6.30    142.46
132786  133686  10.38   131.82
132805  132354  8.82    61.50
132805  132783  5.40    58.94
132810  132201  11.90   88.70
132810  132633  10.50   85.63
132814  132096  9.20    108.20
132814  132639  11.50   65.81
132818  131908  9.07    138.61
132840  132683  5.33    20.60
132840  132642  7.70    94.04
132854  132565  14.00   39.63
132854  132647  8.67    43.36
132871  132167  9.22    110.01
132871  133432  20.00   87.07
132871  133392  8.33    85.42
132896  133694  7.25    120.25
132896  132894  9.13    66.06
132898  133004  6.33    99.32
132902  132287  8.00    88.83
132902  132810  11.50   55.95
132907  133086  10.78   80.49
132926  132995  12.44   59.28
132928  133126  6.25    32.24
132936  132930  0.00    91.41
132938  132642  3.00    39.14
132938  132936  1.00    91.41
132945  132785  20.00   106.69
132955  132945  0.00    7.01
132959  132854  11.50   18.18
132964  132632  9.00    48.76
132975  133586  18.67   89.78
132975  132902  14.60   56.07
132995  133137  3.00    102.45
133004  132567  3.00    62.45
133006  133367  6.70    59.84
133006  133187  8.67    101.70
133015  133054  2.33    5.39
133025  133546  0.00    82.53
133033  133015  8.67    66.70
133045  133464  0.00    77.98
133053  132805  3.00    40.31
133054  133053  0.00    60.68
133054  133461  11.50   56.95
133060  132975  6.50    56.28
133060  132326  11.50   111.13
133073  133092  5.50    83.45
133073  133419  8.67    46.54
133080  133073  7.00    97.27
133086  132964  6.50    22.49
133092  133160  3.00    8.14
133093  133080  13.20   97.27
133093  132938  8.67    25.51
133100  132477  6.50    98.58
133125  132356  11.06   110.76
133125  132669  17.73   85.49
133126  133916  15.00   124.74
133134  133126  0.00    21.13
133137  133271  7.43    102.45
133140  133134  0.00    16.08
133147  133140  0.00    10.08
133156  133170  10.67   104.00
133156  132723  16.17   62.40
133160  133692  8.60    76.07
133170  133588  8.08    59.05
133170  133184  7.11    115.24
133172  132962  10.04   135.95
133184  133204  11.78   114.81
133184  132760  0.00    61.57
133187  132810  20.00   58.35
133188  132588  12.67   92.71
133191  133125  0.00    9.46
133191  133060  6.40    59.52
133199  133397  11.00   77.16
133199  132840  7.21    55.85
133201  132518  11.13   103.85
133204  132783  9.63    61.62
133271  133320  0.00    30.93
133271  133808  6.00    73.56
133297  133160  5.22    102.74
133301  133546  20.00   59.70
133312  133172  6.40    105.58
133344  132785  8.66    103.55
133351  132964  9.36    146.73
133351  132959  15.75   64.73
133353  133772  6.83    144.94
133353  133086  11.50   40.43
133367  133594  9.83    116.50
133367  133798  17.17   66.66
133392  133937  7.56    85.42
133396  133344  8.67    52.24
133397  133613  11.14   77.16
133419  133787  3.00    51.82
133425  133419  6.40    98.54
133432  134232  12.00   128.51
133432  132697  8.25    115.87
133436  133093  8.08    47.71
133436  133425  0.00    98.54
133441  132738  3.00    103.73
133441  133488  3.00    54.37
133450  133297  6.00    102.74
133450  133706  0.00    55.42
133456  133312  8.77    105.58
133456  132995  0.00    67.38
133458  133450  3.00    7.31
133458  133004  10.67   66.17
133461  133596  9.80    18.36
133461  133464  3.00    72.45
133488  133706  6.63    31.05
133488  133458  3.00    21.49
133490  132902  6.40    89.77
133492  133344  9.38    33.37
133492  133396  0.00    30.78
133522  134160  21.00   99.73
133522  133396  9.00    71.96
133529  133522  0.00    2.65
133546  133798  10.43   65.14
133546  134204  11.85   113.35
133551  134379  6.45    132.07
133551  133742  7.90    67.94
133566  133529  2.00    26.16
133574  133588  8.33    105.24
133574  133156  8.00    58.92
133575  133627  3.00    38.51
133575  133566  0.00    7.31
133585  133596  0.00    58.82
133585  133053  8.67    73.94
133586  134176  10.00   89.77
133588  133602  9.83    114.08
133588  133992  2.00    60.02
133594  133187  3.00    60.05
133596  134510  16.43   132.94
133602  133618  10.50   114.66
133602  133184  6.00    59.70
133613  133353  7.25    38.81
133618  133204  8.67    60.05
133623  133456  8.27    109.69
133627  133735  5.50    68.64
133627  133172  15.75   66.93
133637  133441  4.40    108.71
133637  132818  6.00    137.12
133670  132814  10.75   140.69
133677  133060  10.85   89.23
133686  134336  13.20   95.85
133686  134552  11.50   133.88
133687  133868  9.50    61.19
133687  133351  6.50    50.14
133692  134098  9.79    58.73
133694  134521  12.20   120.78
133706  134091  8.27    57.90
133721  133492  7.75    51.80
133721  133810  13.20   23.60
133728  133960  9.43    63.09
133729  134131  6.94    149.76
133729  133199  7.21    81.04
133735  134197  10.00   70.74
133735  133921  10.25   141.90
133742  133100  0.00    98.62
133742  133916  11.50   59.84
133772  133687  3.00    13.82
133773  133613  9.33    57.21
133780  133937  0.00    62.77
133780  133188  9.83    92.71
133787  133912  20.00   18.55
133788  133787  8.67    100.56
133790  133788  2.50    100.56
133790  133436  6.94    49.95
133798  134448  1.00    114.80
133801  133191  11.63   89.04
133808  134255  10.10   68.80
133808  133623  7.57    109.69
133810  133637  3.82    131.56
133810  133849  8.00    34.97
133815  133692  9.86    21.13
133815  133943  10.38   100.72
133837  132894  9.82    146.65
133849  133721  7.43    23.19
133868  134019  16.67   59.92
133868  133201  11.50   103.85
133870  133147  0.00    108.35
133891  133837  3.00    21.14
133891  132946  8.63    144.31
133916  134483  11.50   88.72
133921  133456  20.00   67.55
133921  134092  9.92    115.85
133937  134473  3.00    83.99
133943  134091  9.91    100.72
133960  134083  9.32    29.38
133960  133301  11.50   113.17
133978  133574  9.00    60.69
133992  134418  11.20   59.47
133992  133978  9.64    104.40
134004  133891  0.00    35.18
134004  134698  11.36   110.14
134007  133798  12.86   135.80
134007  133594  11.88   61.46
134019  133780  3.00    38.86
134020  133602  5.33    60.90
134020  133992  6.40    114.83
134022  134007  4.25    10.40
134022  134409  20.00   95.56
134049  134020  4.67    114.52
134049  133618  13.20   62.11
134055  134049  2.50    60.06
134055  133585  5.33    67.96
134083  134204  9.79    33.82
134085  133790  8.74    44.44
134085  133729  3.56    57.76
134091  134492  7.78    59.26
134091  134187  19.11   71.82
134092  134255  10.64   115.85
134097  134022  11.33   44.44
134097  133490  15.75   89.78
134098  134538  7.67    64.40
134098  134099  9.82    143.81
134099  134129  7.52    143.83
134116  133255  9.87    125.73
134116  134004  10.00   33.19
134129  134085  0.00    7.35
134131  133613  10.86   81.86
134160  133849  9.50    49.20
134170  134116  2.33    20.56
134176  134097  3.00    55.49
134187  134369  9.45    104.43
134197  134894  7.25    114.07
134197  134110  2.50    73.67
134200  134560  2.00    85.67
134200  134176  6.75    17.06
134204  134448  7.55    58.96
134207  134129  9.45    15.75
134232  135013  6.55    128.51
134255  134722  10.11   70.52
134255  134301  0.00    36.14
134267  133677  9.80    89.23
134267  134200  7.86    39.68
134277  133815  5.40    92.39
134280  134473  11.50   61.55
134280  134019  3.00    42.57
134283  133742  10.09   88.41
134286  133728  8.96    100.48
134287  133773  8.27    82.66
134296  133505  9.57    118.90
134296  134170  8.67    39.73
134336  134945  7.06    95.73
134358  133657  9.00    101.15
134366  133837  6.62    89.25
134369  134642  7.00    102.52
134379  134628  10.08   41.47
134379  135013  7.55    146.78
134388  134267  13.38   58.13
134388  133801  9.60    89.04
134397  133978  12.67   59.13
134397  134418  15.75   104.96
134400  133921  2.00    70.81
134400  134197  12.90   142.30
134404  133772  10.69   100.45
134409  134699  10.78   80.73
134418  134439  13.25   114.69
134418  134797  8.33    61.18
134439  134458  12.80   114.29
134439  134020  5.60    59.76
134448  134471  0.00    4.00
134448  134699  8.93    75.38
134458  134049  26.50   58.71
134458  134476  6.67    58.96
134459  133670  7.53    139.14
134471  135066  2.71    97.04
134471  134989  10.83   98.71
134473  135344  9.81    149.82
134476  134055  15.14   60.35
134477  134160  9.87    43.64
134477  135055  13.25   113.89
134483  134995  8.26    88.65
134491  134207  8.17    91.82
134492  134885  7.43    62.95
134492  134277  12.00   128.17
134495  134296  7.45    59.05
134510  135373  3.83    132.94
134521  134984  7.39    115.31
134528  133870  11.50   107.72
134530  133868  7.25    107.04
134538  134592  10.00   7.86
134538  134544  8.50    123.34
134544  134570  12.00   123.38
134552  135409  3.00    134.64
134560  134869  11.20   85.61
134570  134207  4.79    59.43
134576  134400  7.92    121.73
134592  134707  9.00    21.07
134592  134755  9.40    106.98
134625  134491  8.06    59.27
134628  135169  9.66    94.02
134633  134131  9.00    81.98
134633  134625  6.50    4.61
134641  134083  13.20   100.78
134642  134712  0.00    19.51
134642  134060  12.40   94.44
134681  135042  10.67   56.15
134698  135226  5.85    108.19
134699  134880  7.67    118.09
134699  135066  15.00   98.81
134707  135019  6.40    46.86
134712  135266  11.00   106.33
134713  134707  0.00    45.61
134722  134576  10.22   121.73
134722  135135  5.16    65.17
134726  134170  10.00   84.73
134726  134296  19.00   77.96
134755  134885  9.31    85.96
134755  134277  0.00    78.56
134777  134633  7.00    57.60
134777  134287  10.50   82.53
134781  134397  6.20    60.90
134781  134797  11.50   104.41
134790  134841  10.47   114.70
134790  134439  6.75    57.09
134792  134280  6.50    85.95
134797  135185  11.50   60.57
134797  134790  12.71   115.25
134807  134283  3.00    88.24
134807  134628  0.00    64.56
134836  134476  11.20   57.42
134838  134495  5.98    60.36
134839  134286  9.63    100.48
134841  134836  12.29   59.22
134841  134458  10.46   60.42
134868  134590  8.71    116.97
134868  134214  8.22    102.26
134869  134880  0.00    3.21
134869  134409  6.75    88.47
134880  135379  3.00    93.68
134880  135292  5.14    107.63
134885  135269  6.67    60.94
134885  134969  12.40   71.93
134894  135532  0.00    113.19
134906  134570  6.14    62.04
134926  134388  8.44    120.75
134945  135406  12.44   119.10
134945  134388  12.25   107.83
134951  134366  10.29   90.69
134952  134491  13.20   77.17
134969  135042  11.25   49.87
134969  134187  5.43    119.65
134984  135357  9.00    89.99
134989  135524  9.60    98.71
134995  134807  0.00    63.24
134996  134404  8.60    100.45
134996  134777  10.33   82.27
135008  134839  4.75    32.76
135008  134358  7.88    101.15
135010  134864  0.00    23.45
135013  135391  4.65    86.82
135015  134400  7.19    95.99
135017  135467  8.11    71.55
135017  134570  7.42    96.86
135019  135028  9.09    99.60
135019  135442  8.29    63.30
135025  134459  13.22   136.84
135025  134528  1.40    90.50
135028  135035  9.75    99.60
135035  134906  5.45    25.80
135042  135112  11.23   54.01
135055  135791  20.00   116.05
135066  135696  10.29   93.16
135111  134528  11.33   109.29
135112  134369  8.25    118.52
135112  135413  9.33    119.02
135119  134755  7.00    56.36
135135  135572  8.11    62.62
135135  135010  5.60    108.83
135141  134530  9.80    107.02
135141  134996  14.86   63.59
135164  134641  10.60   100.78
135164  134839  10.62   92.39
135167  134807  0.00    65.75
135169  135454  8.47    43.84
135169  135502  0.00    121.50
135171  134984  3.00    73.50
135171  134951  10.82   79.91
135172  136096  15.56   135.54
135175  135185  8.50    102.89
135175  134781  14.33   61.83
135185  135202  6.50    114.95
135185  135618  7.45    62.52
135200  135111  15.18   23.54
135202  135250  22.88   115.10
135202  134790  10.50   62.62
135210  134838  53.83   125.83
135226  135233  3.00    69.80
135226  134726  8.13    83.33
135233  135504  5.85    95.08
135233  134838  6.74    68.31
135250  134841  6.67    63.09
135250  135259  10.00   61.65
135259  134836  5.50    65.07
135262  135008  11.90   38.54
135266  135515  0.00    42.14
135269  135399  3.00    86.83
135269  135706  2.33    62.81
135292  135721  9.68    107.54
135294  135965  17.86   117.64
135294  135035  6.86    46.78
135305  134868  9.14    76.08
135305  135262  0.00    23.29
135318  134792  7.73    85.95
135318  135141  13.22   59.48
135340  134477  9.83    135.52
135340  135266  0.00    23.82
135344  135391  10.50   26.19
135344  135465  8.67    20.11
135357  135025  11.36   51.16
135365  135259  11.50   16.02
135365  135373  3.00    58.94
135373  135456  15.00   70.26
135377  135357  0.00    7.95
135377  135548  0.00    48.34
135379  135868  11.50   89.97
135379  134926  9.05    119.39
135391  135570  0.00    37.66
135391  135501  3.00    25.79
135399  135517  8.17    86.83
135406  135868  6.73    119.10
135409  135424  12.75   54.44
135413  134712  7.00    108.33
135413  136036  9.46    138.45
135432  135377  0.00    18.48
135432  135200  0.00    75.54
135440  135340  8.39    13.99
135442  136296  7.56    125.48
135450  135010  1.67    65.93
135454  135733  17.63   42.87
135454  135827  20.00   134.84
135456  135825  14.33   54.11
135462  135305  8.23    29.41
135462  135262  0.00    29.45
135465  135318  11.13   58.29
135467  134952  11.50   77.74
135477  134777  9.94    107.85
135485  134945  7.56    88.58
135485  135409  0.00    34.99
135494  134625  8.00    134.64
135501  135465  5.33    14.47
135501  135985  6.10    112.29
135504  135802  3.00    95.21
135506  135510  6.64    124.40
135506  135233  4.24    46.55
135510  135171  9.83    107.32
135510  134951  11.00   89.75
135515  135440  9.86    11.29
135517  135112  10.00   60.55
135519  135485  0.00    5.66
135524  136070  8.67    98.56
135524  135164  13.67   91.71
135532  136194  7.67    98.89
135532  135649  3.00    60.35
135539  135432  11.50   16.97
135548  135257  1.00    46.46
135548  135685  3.00    44.11
135570  135013  0.00    92.62
135572  135450  7.00    104.88
135572  135982  9.77    63.50
135609  135175  12.67   62.42
135618  136021  7.80    62.06
135618  135609  3.00    104.12
135632  135202  18.50   63.05
135632  135618  7.67    114.15
135648  135750  7.67    24.82
135648  135515  8.50    19.08
135649  135664  7.57    5.86
135660  135250  8.67    59.19
135660  135632  9.82    114.63
135664  135015  7.55    95.93
135664  135746  11.00   65.07
135685  135840  0.00    47.41
135685  135434  0.00    40.44
135696  135721  0.00    3.35
135696  135524  10.88   118.89
135706  136633  7.25    136.11
135706  135119  14.60   117.08
135720  134906  9.76    140.41
135721  136202  11.13   71.41
135733  136252  7.46    81.01
135733  136028  0.00    116.56
135746  134729  9.80    149.39
135750  135440  2.33    47.56
135750  136579  10.62   133.58
135751  135294  5.13    77.18
135762  135164  8.00    103.03
135762  135462  6.78    61.23
135777  136583  7.86    136.20
135784  135200  0.00    95.50
135788  135660  7.56    19.98
135791  136579  9.13    116.92
135805  135788  14.92   60.93
135805  135365  4.25    64.23
135818  136779  7.88    141.95
135818  135805  3.00    61.22
135825  135818  9.50    61.89
135825  136699  3.00    127.77
135828  135379  9.60    112.24
135831  135506  7.72    52.18
135831  136123  9.71    94.29
135834  135706  9.30    82.32
135840  135555  0.00    47.06
135842  135450  20.00   58.15
135868  136614  7.85    149.97
135868  136397  11.50   90.38
135873  136139  14.33   89.61
135898  134996  6.51    146.93
135910  135462  5.64    68.65
135910  136340  13.25   75.66
135911  135119  6.23    125.63
135911  135442  10.17   88.71
135929  135519  14.54   107.91
135934  135517  6.14    65.57
135934  135834  2.33    82.25
135940  135649  8.91    47.83
135941  135432  20.00   96.81
135961  135467  8.27    79.24
135962  135940  6.75    21.82
135962  135664  15.75   49.27
135965  136762  14.12   118.93
135967  136627  6.40    101.72
135968  135570  11.50   67.22
135982  136289  8.14    38.35
135982  135842  12.29   97.69
135985  135141  6.73    145.23
135985  136288  6.73    62.03
135993  135632  3.00    56.40
135993  136021  8.67    114.78
135995  135609  9.20    59.95
136001  135941  0.00    19.24
136001  135539  0.00    80.34
136013  135519  3.00    76.49
136021  136475  9.80    60.20
136021  135995  14.33   104.17
136036  135648  7.61    60.41
136053  136065  12.69   61.15
136053  135805  11.50   39.17
136065  135788  4.00    42.50
136065  135993  10.22   115.28
136070  135762  11.23   93.57
136096  137026  8.81    135.75
136107  136408  11.50   98.73
136111  136070  9.50    11.27
136111  136479  8.27    63.02
136115  136001  0.00    29.22
136115  136235  0.00    14.76
136116  135413  10.56   106.28
136116  135934  9.72    116.32
136123  136438  11.50   94.29
136137  135751  6.83    70.85
136139  135941  0.00    29.34
136167  135898  11.38   74.02
136167  135477  5.45    107.31
136168  136115  3.00    13.76
136168  135548  34.33   103.69
136194  136818  13.20   98.89
136201  136479  11.50   40.34
136201  136111  11.00   45.19
136202  136297  10.02   36.83
136252  136740  6.80    80.97
136256  136548  12.38   95.39
136256  136139  3.00    16.78
136267  136844  0.00    97.34
136270  135831  6.38    70.07
136288  136698  6.84    123.57
136288  135898  8.41    64.09
136289  136831  8.00    84.45
136294  135751  9.35    93.38
136296  136452  7.83    35.91
136297  136422  0.00    20.85
136297  135828  8.04    112.24
136303  136168  0.00    34.68
136303  136375  0.00    14.03
136309  136167  3.75    37.95
136311  136289  11.50   61.15
136311  135995  2.50    39.18
136314  135840  2.00    71.43
136315  136116  9.33    118.09
136315  136036  6.50    35.61
136330  135685  11.50   105.34
136330  136303  0.00    11.95
136340  136733  9.82    75.66
136368  136202  11.05   35.27
136368  136201  10.58   114.12
136371  135494  8.95    134.00
136371  136309  10.00   24.34
136391  135842  11.50   89.38
136397  135929  9.44    107.91
136397  136859  7.80    87.72
136404  136844  0.00    124.46
136408  136256  8.00    31.42
136417  136621  5.96    35.97
136417  136137  5.03    45.35
136419  136314  0.00    25.20
136422  136599  5.86    45.69
136432  135777  3.00    126.32
136435  135911  7.83    73.74
136435  136296  9.23    89.99
136438  135802  13.25   103.46
136438  136627  5.33    61.42
136440  136311  8.00    20.29
136452  136417  6.63    26.44
136452  136621  5.64    26.46
136457  136408  0.00    8.96
136457  136609  3.00    42.38
136458  135993  7.25    61.45
136458  136475  13.25   113.77
136460  135639  11.50   133.38
136460  136419  6.50    12.10
136475  136440  9.00    104.95
136475  136839  10.63   58.65
136479  136858  11.00   77.76
136491  136053  6.75    58.97
136491  136497  6.63    60.11
136497  136458  9.00    115.41
136497  136065  9.80    59.19
136515  135961  4.20    79.11
136515  136371  4.50    64.71
136527  136330  10.00   48.39
136532  136368  3.60    25.78
136532  136858  7.33    91.36
136548  136830  3.00    95.39
136559  135968  8.50    88.19
136561  136852  11.70   79.66
136561  136013  19.67   76.42
136562  136460  6.75    36.23
136562  137072  3.00    85.78
136579  136797  6.25    34.58
136581  135910  15.61   95.66
136583  136562  0.00    9.84
136586  136270  10.80   54.84
136586  136432  0.00    49.33
136598  135746  15.00   138.04
136599  136532  15.88   23.92
136599  137523  8.94    137.82
136609  136758  2.00    49.03
136614  137160  10.86   131.62
136614  136422  8.92    134.52
136617  137018  7.82    76.13
136617  136614  9.00    3.16
136621  137206  6.93    102.16
136627  136864  2.00    83.13
136633  136435  8.24    125.53
136633  137528  9.44    136.47
136637  136432  3.00    34.34
136640  136515  9.24    60.98
136640  135720  10.00   141.95
136641  135968  8.67    147.50
136641  136288  7.50    65.47
136657  136270  7.67    137.36
136698  136815  8.88    48.67
136698  136309  9.92    65.95
136699  137226  9.43    78.45
136720  136617  7.89    81.49
136720  136397  3.00    83.06
136733  136940  0.00    54.47
136733  137219  3.00    93.30
136740  137011  8.90    44.76
136758  137527  7.80    143.26
136758  136900  0.00    47.34
136762  136640  9.42    60.59
136779  137773  8.58    141.95
136788  135934  6.00    125.41
136788  136633  9.15    120.18
136790  137084  20.00   44.76
136790  135962  6.55    131.47
136797  137469  8.67    101.61
136797  137123  8.97    126.12
136802  136457  9.20    69.34
136802  136612  0.00    72.14
136815  136942  6.43    48.39
136815  136996  7.38    106.92
136818  136934  6.40    68.40
136818  137652  7.80    121.44
136821  136440  10.00   60.27
136825  136740  0.00    41.27
136830  136419  0.00    72.90
136831  136391  8.17    88.12
136831  137537  7.17    101.92
136834  136839  15.14   111.77
136834  136458  10.30   60.45
136839  136821  3.00    103.74
136839  137276  10.50   62.49
136844  136825  0.00    9.39
136846  137497  12.46   131.37
136846  136720  8.00    112.60
136852  136859  2.33    36.62
136858  137219  5.50    88.09
136858  137540  20.00   124.98
136859  136846  3.00    7.66
136864  137128  2.60    83.13
136874  136586  11.50   51.37
136874  137202  12.73   104.43
136875  136294  13.29   94.88
136875  136762  8.27    60.17
136880  136491  12.00   61.95
136880  136884  8.17    59.98
136884  136834  9.83    117.28
136884  136497  6.67    60.96
136900  136830  11.50   98.84
136900  137527  2.00    102.40
136934  135940  8.61    146.30
136934  137084  11.50   96.38
136940  137224  14.60   70.20
136940  137434  13.25   94.06
136942  137251  0.00    48.16
136942  136515  6.84    68.12
136942  137112  6.23    84.28
136943  136586  0.00    119.51
136954  136116  8.83    125.33
136954  136788  6.00    115.29
136983  136825  0.00    23.46
136983  137185  0.00    74.26
136996  137103  5.17    143.28
136996  136641  8.67    101.84
137011  137113  0.00    42.19
137011  137194  7.73    29.70
137014  136137  10.00   142.80
137014  136875  11.00   59.56
137018  137497  3.00    89.40
137018  137580  9.80    131.17
137021  136657  0.00    88.04
137026  137902  9.93    133.92
137037  137021  0.00    87.85
137037  136657  15.13   121.19
137084  137473  10.00   58.21
137084  137173  6.40    58.36
137103  136559  6.40    88.18
137103  136641  0.00    83.14
137112  137280  6.74    84.28
137113  136983  0.00    21.21
137113  137553  0.00    107.98
137123  136315  11.13   126.08
137123  136954  6.15    118.47
137129  136417  6.96    113.40
137129  137014  8.09    63.17
137160  137523  17.50   90.86
137160  137580  11.29   80.77
137169  136852  0.00    62.34
137169  136561  9.78    95.09
137173  137316  9.50    97.02
137173  136790  7.64    73.74
137183  137470  3.00    90.72
137183  136874  7.40    50.36
137194  137553  0.00    108.46
137194  137576  6.29    61.57
137202  137524  11.50   104.52
137206  137433  7.44    57.96
137219  137434  11.82   55.67
137219  137726  11.25   91.19
137224  136581  9.22    95.63
137226  137789  6.17    78.46
137227  136699  3.00    84.49
137231  137778  11.00   129.40
137239  137251  6.64    86.00
137246  136609  10.67   107.14
137251  137262  10.97   9.59
137251  137284  0.00    4.83
137253  136821  11.00   61.25
137261  137276  12.44   114.63
137261  136834  4.00    61.49
137262  137284  0.00    9.15
137276  137722  8.67    61.44
137276  137253  9.38    103.15
137280  137239  8.73    86.01
137284  137335  9.67    141.80
137303  137376  20.00   16.65
137303  136583  3.00    125.74
137305  136802  6.40    78.43
137309  136884  6.88    60.01
137309  137261  12.29   115.02
137313  137309  7.10    62.14
137313  136880  3.00    61.25
137316  136598  10.78   135.59
137318  136943  0.00    119.60
137328  136934  3.00    60.05
137328  137473  3.00    99.06
137335  137577  15.57   142.45
137352  136435  7.13    139.40
137368  138036  0.00    103.96
137368  137303  0.00    42.40
137376  137517  12.80   45.95
137397  137262  7.32    97.71
137418  137128  9.82    74.63
137418  137037  14.30   125.28
137422  137280  5.89    78.97
137433  137629  2.00    44.73
137433  137352  9.00    27.02
137433  137909  7.14    100.39
137434  137791  15.75   81.03
137469  138230  6.75    101.61
137470  137792  0.00    90.72
137473  137937  7.25    62.16
137487  137368  4.83    65.69
137492  137305  3.75    28.90
137492  137289  0.00    69.29
137497  137952  5.50    76.15
137497  138145  8.57    133.36
137516  137780  3.00    77.17
137516  137492  20.00   3.31
137517  137183  10.92   54.69
137517  137966  9.52    121.65
137523  137540  0.00    7.34
137523  138410  7.12    117.70
137524  137896  0.00    104.57
137527  137487  0.00    86.80
137528  137352  7.66    141.65
137537  137599  0.00    9.33
137537  137316  20.00   42.61
137540  137726  20.00   94.56
137546  137169  11.92   84.00
137549  137305  11.00   81.14
137553  137618  0.00    13.62
137576  137103  11.50   78.91
137576  137957  8.19    53.74
137577  137689  3.00    43.05
137577  137588  11.50   48.47
137578  137173  8.00    74.69
137580  137997  8.21    86.44
137580  138145  10.00   87.99
137588  137129  8.36    67.81
137588  137422  10.08   79.03
137599  138288  8.70    88.82
137599  137601  3.00    61.04
137601  137253  12.80   51.50
137624  136788  9.59    125.00
137624  137528  8.93    66.48
137629  137683  0.00    13.22
137629  137848  5.12    29.02
137652  138131  9.83    78.83
137666  137689  8.76    46.00
137667  137397  3.00    39.19
137668  138370  9.80    96.43
137668  137666  7.59    80.84
137683  137823  0.00    19.15
137683  137206  7.00    71.03
137689  137718  7.38    10.06
137692  137601  3.00    10.42
137718  137926  5.06    80.31
137722  138187  10.29   60.09
137722  137692  11.07   103.35
137726  138127  3.00    86.47
137726  138454  20.00   123.33
137739  137261  8.67    65.69
137739  137722  11.38   114.00
137760  137328  11.50   60.38
137760  137652  0.00    69.11
137761  137309  5.43    62.83
137761  137739  10.20   114.96
137765  137313  9.38    62.97
137765  137761  7.41    63.74
137768  137397  8.46    133.25
137768  137957  9.75    59.41
137770  137813  0.00    87.20
137773  137765  6.14    58.82
137778  138358  6.50    129.28
137780  138049  9.50    77.24
137787  137483  0.00    82.77
137787  137516  7.40    36.72
137789  137773  5.40    59.24
137791  137224  10.55   94.57
137791  138367  9.31    120.67
137792  137829  0.00    11.48
137800  137789  8.24    63.41
137800  137227  7.00    84.54
137813  137890  3.00    58.31
137813  138225  3.00    73.89
137823  137588  9.79    87.16
137824  137517  5.13    44.57
137829  138086  0.00    34.92
137829  138207  0.00    111.64
137838  137624  11.11   116.39
137838  136954  3.33    127.50
137848  137823  4.75    9.19
137848  137963  3.00    16.33
137862  137549  2.00    81.17
137862  138049  2.33    30.76
137883  138347  6.00    91.48
137890  137738  8.67    21.92
137896  137318  3.00    122.04
137902  137965  8.80    84.98
137902  138367  13.83   62.34
137909  138266  8.94    50.34
137909  137978  0.00    55.15
137926  137963  4.57    13.55
137926  137823  3.00    13.74
137931  137787  3.00    17.93
137937  137760  7.00    100.88
137937  138373  11.00   57.92
137939  137376  11.50   86.23
137952  138669  10.93   100.07
137952  137546  8.00    83.56
137957  138439  11.15   144.28
137963  138269  3.60    97.66
137965  138018  15.88   84.98
137966  138113  11.50   83.82
137970  138358  10.00   62.39
137970  137418  9.71    126.48
137975  138299  10.80   63.90
137987  137123  8.05    127.30
137987  137838  10.86   103.95
137993  137770  11.50   64.77
137993  137668  8.67    85.22
137997  138410  6.42    86.44
138034  138467  10.50   134.20
138036  137487  0.00    102.25
138049  138420  0.00    54.77
138076  137862  3.00    47.68
138086  137792  0.00    45.07
138113  137824  8.82    82.22
138127  137791  8.00    107.78
138127  138595  8.67    116.67
138131  138380  9.44    75.99
138145  138409  12.38   61.11
138161  137692  16.36   59.66
138161  138187  11.50   101.65
138168  137937  10.22   139.38
138168  137578  12.70   76.56
138177  138192  0.00    15.97
138177  137666  9.00    66.22
138180  137768  7.41    106.03
138184  137579  6.00    127.16
138187  138205  8.10    113.80
138187  138613  7.00    60.70
138192  137718  10.00   68.01
138193  137848  5.86    107.39
138205  138221  8.45    115.18
138205  137739  7.67    60.09
138207  137970  14.33   51.38
138208  137760  3.00    59.85
138221  137761  9.83    60.35
138221  138248  8.33    65.32
138225  137770  11.17   78.74
138230  138244  0.00    4.58
138230  137987  12.32   111.37
138232  137931  8.50    85.34
138244  138343  0.00    17.64
138248  137765  7.50    63.04
138253  137908  1.00    50.13
138266  138193  6.50    24.70
138269  138193  0.00    12.60
138269  138528  2.96    83.07
138273  138248  8.91    58.59
138285  139237  9.79    139.78
138285  138273  5.69    59.35
138288  138968  8.67    98.28
138288  138168  8.58    68.12
138299  137624  7.00    89.39
138299  138417  5.73    45.01
138308  139265  6.50    141.55
138308  138285  7.91    58.54
138343  138380  14.33   9.11
138347  138724  0.00    91.02
138354  138192  0.00    23.86
138354  138177  20.00   24.78
138357  137800  5.90    75.49
138357  138308  8.86    27.07
138357  139274  0.00    137.50
138358  138714  0.00    62.81
138358  138664  10.00   76.11
138365  138357  0.00    7.94
138367  138779  10.77   75.53
138367  138416  8.44    20.77
138370  138696  3.00    77.23
138370  139036  11.11   112.26
138373  138787  8.67    63.45
138373  138208  8.80    102.34
138380  138411  0.00    8.40
138386  137939  26.00   84.51
138386  137824  10.29   84.57
138391  138365  5.43    22.34
138391  138395  0.00    1.32
138409  138713  11.72   69.04
138410  138480  5.17    11.02
138416  138459  11.09   20.84
138417  138796  3.60    57.79
138420  139254  10.00   140.39
138420  138232  0.00    52.20
138430  137952  8.94    104.96
138439  138927  14.45   144.74
138441  138192  7.50    83.38
138441  137926  20.75   76.32
138454  138127  10.22   148.50
138459  138595  14.60   61.10
138467  137931  9.18    73.49
138472  138373  8.50    75.04
138480  138454  3.00    15.60
138480  138809  8.38    49.10
138486  138253  0.00    35.86
138498  138086  20.00   66.35
138498  138207  6.00    72.20
138503  138180  7.54    102.44
138507  138917  10.45   139.76
138519  138395  9.13    85.48
138528  138884  7.68    125.50
138538  138441  0.00    32.80
138540  138266  5.80    91.85
138553  138386  8.00    27.66
138553  138850  4.25    95.76
138566  138417  5.62    82.29
138585  138498  7.29    21.81
138585  138160  0.00    109.23
138588  138472  9.00    75.04
138588  138168  11.00   60.30
138595  138849  9.63    129.03
138604  138585  20.00   5.20
138609  138076  11.00   149.50
138609  138553  2.50    8.44
138610  138409  0.00    33.17
138610  138430  11.05   102.49
138613  139009  7.60    59.83
138621  138225  2.00    74.51
138621  137890  11.18   108.60
138622  138205  2.00    59.52
138622  138613  8.17    114.99
138625  138175  3.00    92.28
138641  138180  2.00    93.91
138648  138208  0.00    63.12
138648  138411  8.80    142.77
138659  138221  7.33    60.51
138659  138622  10.00   113.65
138664  138951  6.50    76.11
138669  138519  6.86    85.48
138669  138924  11.83   41.10
138670  138659  16.00   66.93
138670  138248  12.80   57.90
138687  138538  10.00   44.10
138696  139075  11.50   78.25
138702  139361  0.00    133.54
138713  138610  10.00   71.80
138714  138184  9.80    127.02
138724  139171  0.00    113.93
138739  137987  7.55    109.75
138739  138566  14.33   82.35
138748  137993  9.11    138.29
138748  139075  10.00   75.91
138757  138351  6.00    101.21
138764  138687  0.00    31.15
138764  138269  13.17   78.49
138779  138970  6.67    65.00
138779  139101  13.00   60.25
138787  139131  5.50    53.75
138787  138648  7.46    104.28
138796  138540  5.04    91.85
138796  138884  3.81    14.32
138809  139476  6.65    94.65
138809  138713  10.57   91.61
138813  138161  11.50   96.30
138823  138503  10.57   102.53
138823  139383  10.50   119.10
138824  138467  9.33    52.93
138849  138809  11.05   128.58
138850  139174  7.14    95.88
138884  139113  2.19    83.31
138884  139403  3.24    81.37
138899  138588  8.42    47.86
138899  138907  0.00    5.63
138899  138968  8.44    67.00
138901  138824  8.67    17.57
138907  138950  15.00   50.70
138907  139030  12.67   22.57
138910  139734  7.80    113.76
138910  138969  8.67    79.51
138917  138609  8.33    52.68
138917  139154  10.05   75.42
138924  138910  10.80   79.56
138924  139682  9.38    105.95
138927  139321  5.80    77.75
138927  138901  0.00    2.81
138934  138739  5.50    109.84
138934  138230  14.68   109.84
138944  138380  0.00    99.87
138944  139026  8.19    137.62
138945  138486  10.00   73.91
138945  138625  6.50    91.20
138950  138787  6.73    109.26
138950  139030  10.60   40.19
138951  138604  0.00    62.88
138951  139515  4.67    137.45
138956  138824  3.00    20.52
138956  138901  9.00    22.03
138962  138748  0.00    40.93
138962  139484  6.40    83.35
138968  139429  8.50    67.16
138969  138474  2.00    71.89
138970  139268  12.05   106.36
138970  139720  15.00   106.47
138974  138956  0.00    3.99
138974  138232  5.00    121.37
138977  138612  0.00    57.24
138977  138912  3.00    23.95
138979  138441  7.53    86.65
138979  139082  10.00   36.80
138984  138823  10.13   37.08
138984  138927  0.00    8.10
139009  139021  2.00    114.99
139009  139599  6.50    81.42
139013  138528  2.50    78.64
139013  138764  8.60    83.98
139018  138621  6.53    66.79
139018  138962  7.25    15.33
139021  139032  8.00    53.64
139021  138622  7.25    61.65
139026  139131  8.58    137.64
139029  138796  7.24    84.06
139030  139358  11.50   47.86
139036  139284  6.75    37.29
139053  138659  8.33    61.59
139053  139061  6.50    65.73
139061  138670  4.75    61.29
139065  138641  2.00    93.91
139075  139136  0.00    15.40
139082  139200  0.00    57.60
139086  138924  11.53   124.71
139101  138977  3.00    60.00
139101  139536  11.50   70.73
139113  139348  3.61    83.28
139126  138889  14.33   49.88
139131  139420  9.70    40.24
139136  139036  6.45    138.47
139136  139575  6.55    77.43
139154  139399  13.20   75.39
139164  138757  16.67   101.21
139164  138724  5.40    67.24
139171  139668  0.00    113.93
139174  139515  2.43    63.94
139174  138604  10.23   147.93
139184  138273  4.67    133.88
139200  139082  0.00    57.60
139204  138756  7.80    115.60
139225  138354  3.00    133.46
139225  138979  5.33    42.04
139237  140270  5.33    139.78
139250  138714  6.36    140.62
139252  139086  12.71   124.71
139254  139321  3.00    14.13
139254  138974  0.00    54.97
139265  140310  3.55    141.53
139268  139598  7.17    106.27
139272  138739  7.64    81.81
139272  139029  7.60    84.06
139274  140290  0.00    137.54
139284  139607  12.67   55.11
139284  139740  4.80    62.68
139288  139568  7.78    75.17
139288  138917  11.50   62.61
139294  139368  6.40    37.83
139294  139018  6.14    66.44
139294  138945  3.00    57.85
139294  139484  3.00    101.12
139296  138764  3.33    88.36
139296  139200  5.40    33.85
139315  139174  10.30   34.61
139315  139571  0.00    32.47
139316  139536  0.00    87.81
139321  140000  9.15    110.64
139321  139355  6.75    9.66
139348  139558  3.63    74.41
139348  139272  10.00   13.02
139355  138984  10.71   74.16
139355  139963  13.64   121.82
139358  139453  3.00    11.38
139358  139420  8.47    141.78
139361  139441  8.21    15.41
139368  139879  1.00    73.93
139368  139435  3.00    20.98
139383  139126  3.00    47.79
139383  139930  20.00   107.84
139399  139315  10.50   34.89
139403  139013  5.59    123.81
139403  139832  3.38    67.12
139418  139361  8.50    13.99
139420  139482  6.32    105.23
139429  139358  9.82    93.11
139434  139252  10.14   116.52
139435  139065  9.00    89.01
139441  139065  12.40   72.30
139446  139021  7.40    58.21
139453  139463  5.60    42.07
139463  140367  1.33    124.27
139463  139506  3.82    53.78
139474  139446  8.30    113.51
139474  139053  11.33   58.07
139476  139434  14.33   25.47
139476  139966  9.57    67.81
139482  139537  4.42    105.23
139483  139453  9.36    86.08
139487  139418  12.38   16.89
139499  139474  9.70    66.98
139499  139061  10.25   60.06
139500  139429  7.45    60.07
139500  138813  5.14    96.30
139502  139483  5.50    36.72
139506  139557  4.13    44.61
139506  140424  2.00    125.77
139507  138889  10.08   112.48
139507  139487  9.80    5.47
139510  139272  7.50    96.03
139510  138934  9.14    85.25
139515  139851  1.00    62.62
139522  139510  3.00    5.07
139534  139252  0.00    37.64
139534  139434  8.57    122.54
139536  139651  0.00    62.94
139537  139552  7.73    105.24
139552  139522  3.00    12.21
139557  139676  3.56    115.38
139558  139620  11.50   28.72
139564  139502  5.79    116.55
139566  139164  8.67    91.30
139567  139392  6.78    75.31
139568  139812  11.50   75.16
139571  140003  0.00    64.36
139575  139484  11.43   17.40
139582  139296  5.33    83.41
139582  139013  4.00    87.11
139598  139866  0.00    38.15
139598  139476  8.67    129.95
139599  139500  4.57    99.62
139599  139676  2.60    11.22
139607  139785  6.40    133.93
139609  139534  10.42   115.81
139620  139637  0.00    12.67
139622  139975  2.20    50.28
139622  139564  6.75    116.55
139625  139441  8.67    35.15
139625  139728  0.00    31.47
139637  139622  3.24    105.33
139651  139681  3.00    16.01
139662  139403  8.00    80.12
139665  139126  7.86    107.41
139665  139507  7.80    30.63
139667  139355  16.63   48.72
139668  140029  5.50    84.77
139670  140197  3.00    109.18
139670  139383  6.50    54.01
139676  139759  1.46    89.73
139679  139567  4.13    75.06
139679  139651  0.00    4.20
139681  139679  3.87    16.11
139682  139609  7.53    115.81
139682  140195  8.13    70.19
139689  139204  12.00   115.51
139689  139164  0.00    71.71
139693  139225  9.00    64.53
139693  139984  8.17    52.53
139702  139446  6.00    35.18
139702  139599  9.00    110.97
139712  139288  8.60    62.24
139712  139992  7.42    84.47
139720  139681  6.54    43.07
139726  139604  11.80   81.12
139730  139720  3.00    13.59
139734  139682  11.13   82.10
139740  140153  7.00    82.07
139740  139607  3.00    55.86
139759  139702  5.60    21.04
139759  139907  5.00    85.06
139777  138969  8.00    113.88
139777  139734  6.00    77.14
139779  139730  7.99    68.82
139779  140590  4.75    115.81
139781  139558  3.61    34.39
139782  139781  0.00    50.01
139785  139575  20.00   39.73
139787  139348  4.06    66.55
139787  139923  3.21    21.94
139787  139782  0.00    37.50
139812  139399  12.60   65.65
139814  140170  8.67    74.04
139814  139785  3.00    5.92
139818  139779  4.65    64.86
139825  139667  0.00    31.58
139829  139582  2.00    81.66
139832  140011  7.57    24.32
139834  139726  4.21    81.04
139851  139250  10.57   140.62
139852  139984  0.00    18.43
139852  139693  3.00    37.40
139865  139834  8.71    21.59
139865  140738  8.09    146.34
139866  139818  5.73    56.47
139878  139866  3.25    10.26
139878  140337  6.40    63.60
139879  140329  8.67    66.71
139879  140252  3.00    116.49
139898  139878  8.00    32.42
139900  139702  7.17    119.55
139900  139474  9.25    58.92
139907  140079  8.33    85.18
139923  139662  5.52    80.12
139926  139625  7.00    60.40
139926  139435  9.77    86.99
139930  139665  5.77    49.48
139947  139689  3.00    35.86
139947  139865  6.29    50.82
139950  140558  11.00   86.97
139950  139898  5.89    63.32
139952  139668  11.33   53.09
139952  139566  3.00    91.30
139961  139923  4.06    86.97
139962  139852  5.80    30.24
139962  139296  3.00    101.12
139963  140486  7.50    108.54
139963  139670  6.50    54.54
139966  139950  2.50    20.95
139970  139900  5.07    36.16
139975  140095  4.36    119.65
139984  140159  5.78    22.62
139984  140144  0.00    30.56
139992  140281  3.00    84.47
140000  140555  9.06    109.41
140003  140365  6.50    56.04
140003  140396  12.09   76.13
140004  139966  7.31    39.66
140009  139781  7.67    31.45
140011  139961  4.69    86.97
140014  139782  0.00    31.90
140016  140528  8.50    108.27
140016  139667  6.75    59.42
140027  139947  8.67    31.49
140027  139689  5.17    52.01
140029  140286  3.00    83.69
140037  140011  2.18    47.30
140037  139829  8.29    36.47
140043  139499  7.25    75.13
140043  139970  6.36    33.15
140054  140004  6.77    82.81
140067  139834  14.33   86.25
140079  140113  5.73    16.48
140079  140208  0.00    20.98
140086  140027  6.67    12.29
140086  140521  11.50   79.76
140092  140113  3.31    43.86
140092  140043  1.00    22.63
140095  140196  2.75    119.59
140109  140037  1.53    143.12
140109  139962  7.67    54.88
140113  139970  0.00    21.84
140113  140208  0.00    13.66
140113  140157  5.73    16.88
140114  140054  4.82    82.81
140114  140149  0.00    84.92
140115  139851  8.00    55.56
140115  139571  5.67    106.77
140123  140153  5.61    93.01
140129  140226  6.40    147.39
140135  140109  7.14    38.48
140135  140168  0.00    83.47
140144  140135  0.00    15.97
140149  140195  7.43    90.41
140149  140214  6.30    9.34
140153  140168  6.28    5.50
140157  140340  2.00    107.38
140159  140144  8.50    18.56
140168  140159  5.33    40.04
140170  140123  4.78    92.88
140174  139184  11.13   133.86
140174  140092  20.00   33.92
140176  139814  10.00   49.11
140195  140223  7.41    70.56
140196  139502  8.50    94.79
140197  140694  3.00    108.33
140197  139930  11.00   49.27
140208  140232  0.00    2.85
140211  140157  0.00    16.82
140211  140113  0.00    12.91
140214  140114  3.24    85.96
140214  140322  1.67    14.69
140223  140376  3.63    38.49
140223  140278  5.53    91.00
140226  139679  6.33    74.43
140232  140892  2.50    103.05
140241  140211  0.00    3.61
140251  140196  0.00    6.99
140252  140554  6.43    46.85
140252  140176  3.75    74.39
140260  140170  0.00    37.31
140260  140176  0.00    14.99
140270  140174  9.41    64.16
140274  139483  10.00   107.74
140278  140290  6.18    18.95
140278  139777  21.40   67.95
140281  140365  3.00    28.29
140284  139952  9.00    59.04
140286  140519  20.00   65.58
140286  140732  11.48   112.55
140290  140310  6.65    58.57
140292  139952  8.06    75.34
140295  139627  8.86    91.70
140295  140067  10.25   86.19
140295  140316  0.00    99.45
140310  140270  6.11    56.38
140319  140386  7.00    110.67
140322  140985  3.90    103.09
140329  140252  2.33    64.12
140331  141211  8.50    148.11
140335  140214  4.00    92.68
140335  140348  0.00    36.16
140337  140683  0.00    52.50
140337  140360  0.00    33.36
140340  140393  7.86    106.92
140348  140322  0.00    55.21
140348  141016  0.00    102.94
140349  140335  0.00    13.66
140360  139898  6.50    62.73
140365  140517  9.74    53.71
140372  140195  4.37    94.10
140372  140377  0.00    21.47
140375  140372  0.00    5.59
140376  140375  0.00    10.72
140377  140349  1.00    47.42
140382  140319  9.52    116.78
140386  140391  11.50   5.67
140391  140394  11.50   13.21
140393  140376  0.00    106.87
140394  140399  3.00    5.35
140396  140115  11.06   59.94
140399  140410  6.75    40.22
140403  140474  1.67    149.91
140410  140429  8.67    40.68
140412  140086  14.60   69.60
140412  140284  0.00    26.02
140428  140260  8.67    25.73
140429  140996  0.00    88.94
140429  140462  4.61    101.49
140444  139557  3.00    122.66
140444  140434  1.00    14.77
140453  140522  0.00    42.93
140453  140382  5.00    116.77
140457  139930  14.33   108.15
140459  140444  0.00    37.71
140462  140741  7.67    43.93
140462  140513  10.99   138.07
140471  140522  0.00    7.65
140471  140453  6.62    42.07
140474  140226  1.00    37.37
140474  140516  0.00    72.89
140486  140197  13.25   58.82
140486  140960  8.67    108.24
140513  141107  14.57   92.69
140513  140557  9.35    108.41
140516  139730  7.50    110.60
140517  140396  10.13   35.06
140519  140826  10.24   68.34
140519  140980  8.23    115.91
140521  140882  10.75   79.52
140522  140609  7.00    66.75
140522  140922  5.47    63.73
140528  141001  10.22   107.82
140528  139963  20.00   108.93
140535  140609  6.29    11.93
140535  140471  4.10    66.09
140555  141048  2.33    104.24
140555  139712  9.96    136.17
140557  140616  8.19    105.14
140557  141152  4.63    91.78
140558  141128  2.33    86.97
140559  139879  17.20   116.46
140559  140329  8.67    63.23
140590  140638  3.00    65.51
140590  141469  3.00    128.04
140601  140016  10.39   113.95
140601  140555  8.73    8.08
140609  141506  9.56    130.27
140609  140647  10.91   63.19
140616  140668  4.47    104.65
140618  140535  9.88    122.67
140618  140685  3.00    10.16
140638  140683  3.00    67.59
140638  139818  9.00    116.66
140647  140685  6.06    58.66
140668  140709  8.84    104.65
140678  140618  11.50   86.57
140683  141188  12.67   76.33
140685  141571  7.92    127.39
140685  140712  1.00    40.82
140694  140457  8.47    49.40
140709  140768  6.55    85.62
140712  140743  4.00    46.18
140732  140782  10.00   24.09
140732  140292  9.80    77.90
140737  140319  5.44    65.09
140737  140754  3.00    40.29
140738  140295  3.00    138.69
140738  141141  8.67    79.46
140741  141042  10.00   46.87
140743  140772  5.83    54.79
140743  140678  0.00    10.29
140747  140004  3.93    110.45
140749  140678  19.00   109.75
140754  140789  9.80    67.19
140758  140559  5.33    51.33
140768  141371  30.75   85.23
140768  140855  7.75    57.30
140772  141681  7.86    125.35
140772  140807  5.76    55.70
140782  140284  0.00    133.32
140782  140978  5.25    81.24
140789  140386  8.67    64.98
140807  140749  0.00    10.07
140807  140844  4.00    57.06
140812  140559  0.00    71.94
140812  139926  9.80    137.97
140813  141108  3.00    86.43
140815  140749  11.17   112.29
140815  140879  0.00    10.24
140819  140281  3.00    96.74
140824  140812  0.00    3.15
140826  141359  10.25   77.60
140844  140879  2.00    54.73
140844  141686  13.20   113.99
140852  140295  10.45   88.62
140855  140701  0.00    28.19
140855  140913  3.00    18.71
140856  140737  5.33    20.70
140859  141634  6.88    104.10
140859  140856  12.27   41.81
140871  140859  5.83    69.86
140879  140926  9.00    55.23
140879  141684  10.00   107.72
140882  140738  11.50   51.10
140892  140981  0.00    11.90
140892  140815  4.43    111.23
140901  140892  0.00    9.47
140901  140241  3.00    103.11
140907  140375  10.00   83.89
140913  140953  3.00    14.00
140915  140871  6.68    92.09
140917  140316  6.00    95.02
140922  141699  4.86    103.92
140922  140915  9.13    74.87
140926  141690  5.43    102.45
140926  140981  3.00    56.20
140936  140457  7.00    77.05
140942  140377  3.00    89.22
140953  140809  0.00    23.20
140953  141191  7.57    68.40
140957  140349  0.00    95.51
140960  140694  8.13    58.93
140960  141492  9.83    107.03
140978  141062  8.92    76.49
140978  140412  5.50    105.03
140980  141037  25.50   15.65
140981  141640  2.33    88.00
140981  140989  0.00    9.63
140984  140410  5.40    91.05
140984  140399  9.83    127.16
140985  141016  5.30    55.98
140989  140901  0.00    12.10
140989  141035  11.00   54.40
140996  140984  7.08    21.50
141001  140486  11.08   107.29
141001  141628  9.57    115.67
141001  141263  5.43    54.46
141007  140901  9.00    137.02
141013  140601  11.00   92.47
141016  140957  10.00   50.12
141018  141382  3.00    52.22
141018  140824  5.75    47.42
141023  140741  10.00   93.20
141023  140996  9.80    57.62
141035  141084  4.84    84.41
141035  141616  3.00    77.21
141037  141370  10.70   76.26
141037  140732  20.00   63.10
141042  141023  6.47    62.26
141042  141717  0.00    89.19
141048  140390  1.00    115.87
141048  141211  0.00    31.83
141062  141089  3.00    76.48
141071  141007  7.50    90.21
141076  140824  20.00   49.33
141084  141007  0.00    11.64
141084  141146  4.00    90.18
141087  140528  10.75   116.14
141087  141013  0.00    16.73
141089  140412  7.45    145.04
141089  140882  0.00    65.42
141107  141042  9.50    140.25
141107  141777  10.82   89.64
141108  141707  9.20    87.77
141113  140601  6.77    109.44
141128  140747  8.67    105.71
141141  141455  3.00    54.28
141142  141071  7.63    90.27
141146  141219  3.00    90.18
141152  141107  6.55    107.05
141152  141835  11.50   90.19
141153  140754  6.75    64.10
141153  141484  3.00    44.04
141164  140360  2.00    123.05
141164  141128  0.00    58.18
141174  141141  5.13    76.15
141188  141392  5.21    27.01
141188  141164  0.00    33.09
141191  141387  7.25    40.71
141204  141152  7.57    104.83
141204  140616  13.33   89.74
141206  141174  3.00    76.14
141206  141089  3.00    16.21
141211  141430  4.67    41.25
141219  141142  7.65    10.10
141236  141292  9.00    73.83
141236  140474  5.36    116.00
141260  141814  20.00   71.86
141262  141204  11.50   105.55
141263  141540  9.20    54.31
141292  141318  6.00    26.05
141292  140516  11.50   115.29
141298  140830  0.00    64.07
141298  141236  0.00    58.99
141307  140980  0.00    61.00
141307  140826  7.57    113.68
141325  140709  5.44    90.46
141325  141262  8.67    105.55
141341  141206  3.00    16.85
141353  141296  2.72    8.52
141356  141341  10.00   78.13
141359  141307  3.00    116.34
141359  141902  12.08   72.71
141361  141298  0.00    90.33
141370  141733  8.33    76.46
141371  142000  1.00    85.41
141371  141325  20.00   67.33
141377  141356  14.33   78.02
141377  140978  6.31    55.18
141385  141725  6.14    43.34
141387  141746  5.69    62.22
141387  141802  10.50   71.56
141426  141153  20.00   41.55
141430  141707  7.50    51.41
141430  140819  0.00    96.74
141443  140638  8.67    117.72
141455  141491  0.00    18.84
141471  141371  7.40    50.02
141471  140913  11.50   82.21
141484  141426  0.00    19.75
141484  142317  2.00    117.75
141487  141523  4.75    85.72
141487  141219  3.00    36.72
141491  140852  9.13    88.63
141492  142074  7.53    107.74
141492  140936  7.56    77.14
141492  141675  11.20   34.04
141493  140789  7.00    113.12
141506  142425  4.00    130.27
141523  141564  3.00    85.72
141539  140647  20.15   128.49
141540  142074  12.00   107.43
141540  140960  4.25    107.31
141564  141084  2.20    64.35
141564  141616  6.14    89.84
141571  142460  4.67    127.38
141572  141236  2.10    44.27
141575  140871  8.06    96.06
141584  140917  4.75    94.73
141584  141545  9.95    101.79
141590  141611  3.00    12.04
141590  141491  3.00    12.24
141592  141590  0.00    6.54
141592  141455  3.00    20.45
141611  141626  0.00    12.36
141611  141584  22.00   67.46
141616  141985  7.09    52.23
141619  141651  4.86    78.89
141623  140856  1.80    104.34
141626  141590  3.00    4.33
141626  141631  0.00    3.65
141628  141087  11.94   106.18
141629  141592  20.00   91.77
141631  141663  7.50    89.23
141631  141592  0.00    5.25
141633  141746  0.00    22.45
141634  142349  2.67    104.10
141640  142255  0.00    88.00
141641  142036  7.48    54.54
141641  141619  2.50    69.08
141643  140984  11.83   90.34
141650  140989  9.01    87.68
141651  141659  3.71    32.88
141657  141341  0.00    44.15
141657  141629  15.00   91.77
141658  141665  0.00    16.44
141659  141703  9.00    47.82
141663  141704  17.38   89.23
141665  141674  3.00    46.63
141665  140712  9.44    133.89
141671  141471  10.00   65.45
141671  141191  20.00   73.47
141674  140743  5.60    130.11
141674  141681  1.00    54.53
141675  142236  8.67    108.20
141675  141823  3.00    26.04
141676  140915  6.31    103.51
141681  141685  3.00    55.76
141681  142477  6.00    116.76
141684  141690  10.00   55.09
141684  142489  3.00    117.76
141685  140807  7.42    119.81
141685  141686  10.00   53.36
141686  141684  0.00    54.52
141686  142487  3.00    117.27
141690  142502  14.89   117.86
141691  141657  11.33   81.50
141695  141113  10.73   109.27
141699  142411  7.67    103.92
141703  141749  4.00    50.13
141704  141706  0.00    6.93
141706  141657  11.50   5.37
141706  141718  9.00    21.32
141707  142162  0.00    101.28
141717  141643  9.11    136.29
141718  141771  11.25   141.27
141725  142085  10.00   53.50
141725  141641  8.05    113.98
141729  141691  8.52    81.50
141729  141377  8.21    45.16
141732  141353  2.00    48.82
141733  141729  8.23    21.82
141733  141778  13.25   7.41
141746  142069  0.00    51.14
141749  142138  7.00    94.05
141761  141733  9.67    85.74
141771  141729  5.70    6.58
141771  141778  9.38    19.06
141771  142330  8.75    134.37
141777  142695  12.06   134.96
141777  141717  9.92    145.12
141778  141804  0.00    87.77
141778  142304  11.00   95.24
141802  141671  3.00    28.33
141804  142037  5.73    88.98
141814  142217  9.81    61.68
141814  141868  6.40    111.23
141829  141718  10.80   23.75
141829  141704  0.00    19.01
141835  141777  10.25   105.31
141852  141902  11.50   135.20
141852  141307  7.08    73.80
141856  142356  13.20   106.56
141856  141540  9.00    56.31
141868  141487  6.90    49.99
141868  141927  3.00    81.17
141874  141204  7.25    89.83
141874  141835  10.33   104.02
141902  142352  8.67    67.34
141911  141628  9.22    56.32
141911  141263  6.43    115.53
141913  141746  6.56    38.03
141921  141874  11.82   84.48
141927  141949  6.25    81.02
141944  142543  11.50   87.29
141944  141921  5.33    62.42
141949  141985  2.56    94.55
141949  141564  5.50    52.73
141952  141962  0.00    1.79
141959  141761  8.10    86.78
141959  141852  10.08   17.36
141962  142034  3.00    76.75
141962  142358  9.00    57.47
141976  141944  3.00    65.91
141976  141325  2.00    90.74
141985  142357  9.00    54.42
142000  141976  9.83    49.23
142036  142841  6.48    119.66
142036  142053  10.07   53.07
142037  141959  0.00    9.36
142037  142530  6.90    119.55
142047  142000  6.67    101.24
142047  141802  2.33    48.82
142053  142085  6.47    59.90
142056  142243  4.09    37.89
142068  141913  0.00    33.08
142068  142047  20.00   71.02
142069  142196  0.00    19.26
142069  142160  0.00    22.29
142074  142356  15.80   57.75
142074  142236  10.00   34.28
142075  142068  0.00    3.85
142085  142880  6.17    116.49
142085  142152  4.91    115.97
142100  142075  11.50   12.15
142107  141584  9.44    78.32
142131  142100  1.00    7.03
142138  142714  3.00    82.76
142142  141913  0.00    36.29
142142  142131  0.00    12.87
142144  141856  5.60    58.73
142144  141911  9.31    52.84
142152  142189  5.10    58.55
142152  141732  5.25    62.35
142160  142142  0.00    17.00
142162  142341  11.00   40.50
142188  142786  9.80    86.95
142188  142138  11.00   76.94
142189  142217  5.35    57.29
142189  142988  4.78    114.64
142194  141695  11.54   110.81
142194  142799  8.02    127.54
142196  141946  3.00    56.03
142196  142211  0.00    2.80
142205  141628  5.83    113.02
142205  142472  20.00   57.31
142206  142160  10.85   19.63
142206  142196  0.00    2.85
142211  142206  0.00    2.79
142217  142256  8.67    60.83
142217  143016  7.73    113.83
142231  141892  3.00    50.43
142231  142188  6.75    62.62
142236  142343  3.00    25.06
142243  142799  6.50    108.91
142243  142753  7.79    108.11
142243  141695  9.90    114.31
142255  143187  2.00    132.80
142256  142270  6.14    49.21
142256  143049  6.38    114.99
142259  141650  5.28    87.68
142263  141575  4.25    96.06
142263  142364  0.00    25.29
142270  142272  0.00    14.01
142272  141868  8.67    59.57
142272  142300  5.33    96.44
142275  142131  1.00    26.95
142275  142142  0.00    19.78
142282  141493  5.33    114.51
142282  142307  1.00    61.41
142300  142542  1.00    34.99
142300  142318  7.80    54.76
142304  143140  5.91    146.67
142307  141426  2.00    131.80
142307  142317  11.50   51.54
142317  142342  3.00    60.42
142317  143148  3.00    116.22
142318  142357  10.59   97.88
142318  141949  5.83    54.91
142330  142946  12.27   145.30
142330  141829  0.00    93.73
142336  142206  5.24    28.03
142336  142275  11.50   14.19
142341  142532  4.83    35.43
142341  142352  20.00   14.93
142342  142349  10.00   50.61
142342  141623  13.33   104.34
142349  142364  3.00    54.58
142349  143110  3.00    105.94
142352  142470  1.00    34.47
142356  142637  7.07    53.94
142357  142769  10.89   58.78
142358  142231  12.67   142.34
142358  143163  10.33   113.98
142364  142456  6.50    16.84
142377  142393  7.40    70.35
142377  142263  0.00    27.53
142386  142194  11.25   40.14
142389  142358  3.00    44.54
142393  142411  6.75    77.41
142393  141676  6.82    103.51
142411  142425  7.25    63.80
142411  143166  8.80    106.06
142414  141829  11.70   147.39
142414  141626  8.80    134.96
142425  142434  0.00    63.71
142425  143186  8.67    105.96
142432  142112  4.89    136.02
142432  141545  7.95    129.75
142434  141539  12.40   128.49
142434  142460  6.50    59.82
142456  142486  0.00    11.27
142460  142475  0.00    45.26
142460  143225  2.33    105.23
142470  142611  14.33   17.03
142470  141959  9.15    132.44
142472  142723  6.50    50.45
142472  141911  1.00    114.30
142475  141665  2.67    118.07
142475  142482  3.00    47.48
142477  142484  20.00   51.99
142477  143238  3.00    104.43
142481  141874  3.00    91.49
142482  142477  11.50   55.14
142482  141674  11.67   118.29
142484  142487  3.00    54.39
142484  141685  7.00    117.36
142486  142377  20.00   27.71
142487  142489  8.00    53.90
142487  143246  11.00   104.25
142489  143248  1.00    104.38
142489  142502  5.83    54.19
142490  141651  0.00    125.79
142491  142763  3.00    55.26
142500  141659  4.55    121.71
142502  143173  13.57   93.96
142505  141703  1.00    117.65
142510  141619  2.00    128.75
142517  141749  8.00    112.64
142518  142047  13.33   93.95
142521  142481  5.83    65.17
142521  141921  4.67    88.11
142530  142611  0.00    16.79
142532  142642  5.33    19.71
142542  143123  7.00    80.04
142543  142521  11.50   63.78
142556  142272  0.00    41.69
142556  142542  5.50    89.67
142572  142386  12.44   35.87
142584  142543  6.75    85.27
142584  141976  8.73    88.66
142602  142681  0.00    13.17
142602  142144  9.20    94.23
142606  142037  3.00    83.28
142611  142642  6.00    7.95
142625  142107  8.00    78.09
142637  142602  0.00    12.90
142637  142681  0.00    7.55
142642  142743  0.00    16.88
142642  142675  0.00    6.83
142675  142572  10.27   18.65
142681  143020  8.80    66.74
142681  142732  0.00    13.18
142695  143629  22.00   134.96
142706  142637  0.00    14.95
142714  143303  17.78   82.74
142722  142769  17.50   102.91
142722  142318  5.17    57.51
142723  143252  6.42    108.16
142723  142144  11.50   114.55
142726  142336  0.00    80.90
142732  143368  0.00    134.06
142743  142675  11.00   15.99
142753  142205  10.75   107.60
142753  143269  11.00   106.50
142757  143237  9.86    80.14
142763  143296  8.40    108.35
142763  142211  7.00    106.47
142769  143189  2.60    58.00
142772  142432  5.13    109.30
142772  142625  6.50    43.31
142786  143419  3.00    86.96
142795  142625  4.17    36.02
142795  142414  13.43   92.03
142799  143379  13.71   107.27
142799  143312  3.00    106.75
142821  142307  11.50   76.15
142841  142855  8.58    42.69
142841  143478  13.71   86.02
142855  142859  7.67    8.82
142859  142053  0.00    118.34
142859  142863  3.00    14.30
142863  142880  3.86    46.14
142880  142949  4.76    113.77
142880  143716  5.71    117.39
142902  142304  6.00    145.30
142902  142330  6.00    101.96
142920  142282  5.33    106.05
142946  143347  7.00    93.41
142946  142414  9.18    93.82
142949  142152  5.25    113.71
142949  142988  2.60    63.03
142958  142231  11.00   104.95
142972  142753  2.00    41.96
142976  142743  13.00   38.20
142982  142772  6.50    38.02
142988  143016  7.00    56.04
142988  143787  7.22    115.17
143012  142584  3.00    62.20
143012  142518  6.00    93.97
143016  143049  10.29   59.22
143016  143817  8.13    114.65
143020  143252  8.91    41.38
143049  143843  3.00    112.85
143049  143079  3.00    50.33
143061  142723  8.67    65.40
143079  143084  2.33    6.82
143079  142270  5.83    116.11
143084  143094  3.00    27.42
143084  143879  14.33   113.82
143088  142342  11.50   104.61
143089  142757  9.00    130.63
143089  142432  6.83    97.56
143094  143123  3.00    77.30
143094  142556  0.00    75.74
143110  143844  11.50   105.94
143112  143742  3.00    92.22
143123  143147  0.00    54.14
143123  143941  3.00    115.93
143124  143193  6.29    146.51
143124  142481  3.00    88.71
143140  143194  8.17    11.04
143141  143425  12.41   114.19
143147  142722  10.60   58.36
143147  143189  10.13   107.93
143148  143989  0.00    116.22
143150  142393  2.20    105.73
143160  142976  12.50   48.75
143160  143112  11.88   44.36
143163  143993  4.50    113.98
143166  143919  11.50   106.06
143173  144012  9.00    113.75
143185  142259  8.33    132.00
143186  143942  8.60    105.96
143187  143995  6.40    110.79
143187  143173  11.50   54.74
143189  143185  4.89    56.47
143191  142486  6.43    97.08
143193  143588  11.50   82.25
143193  143012  9.13    72.61
143194  142606  9.13    83.28
143204  142434  10.75   105.81
143225  143988  3.00    105.23
143231  143743  14.33   108.39
143231  142763  21.36   87.12
143237  143694  5.13    80.14
143238  143998  11.50   104.43
143240  142475  20.00   105.32
143243  142484  2.50    104.29
143244  142482  11.50   104.53
143246  144007  10.00   104.25
143248  144010  0.00    104.38
143252  143788  11.50   108.82
143264  142726  10.06   107.69
143264  143000  8.16    47.33
143269  143061  11.00   38.91
143269  143525  3.00    51.97
143296  142726  9.45    107.93
143303  143653  7.80    50.67
143312  143811  8.67    106.34
143312  142972  0.00    64.50
143323  143303  7.33    48.99
143323  142517  20.00   112.64
143329  143231  8.67    19.13
143329  142706  0.00    132.70
143347  143454  6.00    23.81
143347  142795  6.45    93.71
143354  143323  6.50    46.81
143354  142505  0.00    117.65
143368  143329  1.00    6.76
143368  143760  20.00   90.45
143381  143354  3.00    47.19
143381  142500  5.50    121.70
143385  143381  0.00    8.30
143395  142982  7.72    93.07
143395  143089  8.13    92.67
143403  142490  1.00    126.18
143403  143385  8.00    40.61
143410  143368  8.67    8.46
143410  143920  4.63    109.26
143418  142821  0.00    84.40
143419  143563  3.00    20.83
143419  143702  15.00   80.31
143425  143694  7.98    110.47
143425  142934  5.43    84.13
143440  142510  2.00    128.75
143440  143403  8.17    63.70
143447  143440  0.00    9.45
143448  142920  6.00    103.69
143454  143546  7.80    25.95
143454  144029  7.56    97.66
143457  142821  3.00    116.04
143478  143447  5.33    60.05
143478  143678  7.00    30.86
143497  143269  3.00    44.05
143497  142972  14.33   106.25
143512  144059  0.00    108.12
143512  143296  5.13    41.09
143525  143061  10.75   85.01
143525  143788  3.00    57.92
143533  142902  7.32    145.92
143533  142946  4.85    101.86
143544  143147  7.00    56.11
143544  143573  1.67    84.65
143545  143497  11.50   9.65
143546  143925  7.67    91.00
143546  142982  5.24    94.82
143549  143020  8.67    97.72
143573  143578  9.00    84.63
143578  143185  2.00    55.37
143588  143849  9.00    81.23
143605  142976  12.64   94.11
143629  144583  10.82   134.96
143635  142902  8.12    128.22
143635  143140  9.00    148.53
143653  143690  3.00    75.40
143653  144157  1.00    64.75
143678  144125  7.10    57.59
143678  143693  9.55    43.16
143690  143719  0.00    75.40
143693  142855  3.00    117.39
143693  143703  10.00   22.70
143694  143855  6.41    31.06
143702  142958  3.60    104.95
143703  142863  10.00   117.66
143703  143716  6.18    43.85
143716  143768  9.43    115.75
143716  144192  11.50   61.08
143719  143385  11.00   50.43
143733  143160  0.00    84.46
143741  143329  0.00    93.52
143742  144726  0.00    140.15
143742  143733  1.00    62.09
143743  143512  10.65   47.35
143758  144301  5.40    107.64
143758  143743  0.00    2.71
143760  143892  0.00    20.05
143765  143264  5.00    108.85
143768  142949  5.33    118.04
143768  143787  6.18    63.06
143768  144048  9.20    32.29
143787  143817  5.71    56.37
143787  144626  7.80    117.15
143788  144077  6.00    46.08
143788  144112  9.40    54.32
143799  143296  9.80    108.23
143799  143264  2.88    107.66
143810  143741  0.00    15.35
143810  143758  11.00   11.20
143811  143545  20.00   55.04
143811  144127  0.00    54.41
143814  143834  1.00    40.17
143814  143088  3.00    104.61
143817  143843  6.50    60.91
143817  144661  7.67    117.94
143834  143844  3.00    20.50
143843  143879  8.67    55.76
143843  144687  11.50   119.95
143844  143860  2.00    68.06
143849  143124  0.00    107.92
143851  143312  4.17    109.26
143851  143379  7.40    102.54
143855  144411  7.86    94.93
143855  143395  11.33   116.93
143860  143191  9.50    97.08
143860  143876  3.00    65.49
143870  143447  0.00    63.76
143870  143832  0.00    55.07
143876  144527  20.00   90.30
143876  143887  3.00    25.91
143879  143941  7.80    104.93
143879  144709  8.67    117.57
143887  143150  4.63    105.73
143887  143919  3.00    74.69
143892  143810  8.00    14.57
143893  143993  5.33    117.60
143919  144660  6.75    105.86
143919  143942  11.50   63.89
143920  143892  0.00    3.52
143920  144434  2.67    107.71
143925  144411  7.31    117.32
143925  143395  8.44    94.64
143941  143968  2.50    54.37
143941  144754  15.00   117.32
143942  143959  0.00    63.91
143942  144668  2.00    105.42
143954  144472  5.58    108.96
143954  143410  6.75    105.59
143959  143204  6.50    105.81
143959  143988  0.00    59.80
143968  143994  10.50   55.12
143968  143544  4.67    58.77
143969  143578  4.36    53.22
143969  143995  0.00    18.03
143975  144384  13.67   82.46
143975  143733  0.00    32.97
143977  144144  20.00   125.53
143977  143418  0.00    83.76
143988  144697  15.00   105.30
143988  144016  0.00    49.50
143989  143977  20.00   87.13
143991  143969  0.00    2.11
143993  144082  7.83    138.03
143993  144771  7.90    115.93
143994  144788  3.00    118.83
143994  144022  5.33    63.06
143995  144032  6.00    3.81
143998  144004  3.00    50.35
144004  144007  5.44    54.38
144004  143243  18.75   104.29
144007  144010  4.67    53.75
144007  144895  3.00    133.42
144008  143244  3.00    104.54
144008  143998  10.00   53.10
144009  143194  3.00    112.46
144010  144448  3.00    66.99
144010  144012  5.17    54.38
144012  144032  8.11    55.79
144014  144008  0.00    17.16
144016  144019  0.00    20.69
144016  143240  4.25    105.32
144019  144014  0.00    9.09
144021  143991  1.00    15.87
144022  144021  7.80    39.94
144028  143814  0.00    22.74
144028  143989  2.00    60.25
144029  144555  7.15    97.43
144029  143533  7.73    117.00
144032  144058  0.00    3.76
144034  144310  12.86   57.06
144038  143448  9.20    104.63
144048  144595  6.13    82.82
144050  143991  6.75    6.49
144050  144021  0.00    15.54
144058  144454  0.00    61.90
144058  144067  0.00    18.27
144059  143799  20.00   39.81
144067  144050  3.00    2.62
144077  144097  11.50   5.08
144082  144157  3.00    138.46
144082  143702  11.50   47.53
144097  143549  0.00    97.76
144097  144203  6.50    20.45
144112  143545  8.50    108.58
144112  144354  14.33   52.68
144124  143971  3.00    25.92
144124  143915  0.00    24.94
144125  144192  3.00    107.88
144125  144300  7.25    27.60
144127  144354  7.45    52.93
144144  143457  3.00    116.92
144144  144038  0.00    83.73
144157  144190  12.38   76.34
144157  144907  3.00    115.68
144186  143635  9.50    147.88
144186  143533  9.36    108.90
144190  144228  7.25    76.34
144192  144549  3.00    55.36
144228  144251  3.00    63.34
144228  143719  14.33   65.93
144242  144809  3.00    108.14
144243  144009  8.33    57.83
144243  143605  10.08   93.99
144244  143915  10.56   126.18
144249  144009  6.81    71.67
144249  143635  8.20    101.32
144251  144649  8.50    61.32
144251  144277  3.00    48.37
144254  143975  0.00    41.95
144254  145027  0.00    133.87
144275  144243  0.00    5.72
144275  144465  11.50   47.69
144277  143870  2.00    52.19
144277  144300  2.00    61.99
144300  144477  3.00    28.55
144301  144059  7.86    50.60
144310  143765  7.54    107.11
144310  144830  7.21    107.95
144339  143765  4.28    107.51
144339  143799  3.00    108.08
144346  143851  14.33   89.96
144354  144576  12.33   46.89
144354  144889  3.00    108.96
144384  144726  7.25    82.76
144388  143851  5.54    108.29
144388  143811  3.00    108.31
144394  144029  12.44   117.36
144394  143925  5.83    84.41
144411  144580  20.00   38.91
144411  144790  4.89    68.83
144428  143887  4.83    76.34
144434  144301  11.50   30.27
144434  144942  6.15    108.66
144435  144019  0.00    65.05
144437  144435  0.00    8.86
144437  144014  0.00    65.27
144438  144004  0.00    66.10
144438  144437  3.00    119.23
144448  144896  10.00   66.25
144454  144901  2.00    66.09
144454  144448  20.00   111.43
144465  144275  11.50    47.69
144472  144972  4.17    108.77
144472  143920  7.71    108.31
144477  144713  6.33    33.81
144477  144549  6.63    107.35
144511  144304  0.00    45.59
144511  143954  4.17    109.87
144527  144954  0.00    88.11
144549  144957  3.00    61.03
144549  144595  11.50   118.81
144555  145081  9.08    99.82
144555  144186  5.18    119.20
144576  144689  15.57   27.01
144576  144077  4.08    105.18
144580  144244  6.40    126.55
144580  145127  0.00    143.52
144583  145431  15.47   134.98
144592  143834  7.43    104.99
144595  144626  4.67    63.10
144595  145360  3.24    118.91
144612  143860  6.00    104.92
144626  145381  7.50    116.83
144626  144661  10.00   57.83
144627  144124  8.44    95.32
144648  144388  6.00    55.70
144648  144127  11.36   108.12
144649  144713  3.00    110.95
144650  144028  14.83   94.43
144652  145074  0.00    70.36
144652  144254  0.00    64.37
144659  144693  8.00    81.07
144660  145338  3.00    105.86
144661  145400  5.71    115.41
144661  144687  5.43    58.34
144668  145352  1.67    105.42
144682  143959  5.40    105.61
144687  144709  2.33    56.20
144687  145422  7.29    114.64
144693  144228  2.00    72.72
144697  145375  10.00   105.29
144704  144249  9.88    148.32
144704  144186  4.74    99.95
144709  145449  3.00    115.86
144709  144733  6.75    58.06
144713  144908  1.67    30.09
144715  144016  0.00    104.99
144726  144860  14.33   22.00
144733  144754  7.57    47.05
144745  144067  2.00    103.01
144754  144770  20.00   54.18
144754  145489  2.00    115.61
144770  143968  4.76    117.77
144770  144788  3.00    54.84
144771  145507  7.09    114.74
144771  144716  11.50   116.69
144788  145147  3.00    54.49
144788  144812  3.00    74.63
144790  145295  8.86    97.42
144790  144394  9.44    119.67
144806  144465  7.27    80.97
144809  145371  10.60   108.14
144812  144022  7.75    120.36
144830  144339  9.54    107.64
144830  145399  7.86    120.07
144832  144082  3.00    115.81
144832  144771  20.00   138.14
144860  145355  14.33   79.03
144874  145608  3.00    114.88
144874  144832  20.00   71.32
144882  144894  5.50    126.52
144882  144435  0.00    65.75
144883  144874  3.00    18.77
144883  144523  0.00    54.33
144889  145401  11.50   108.76
144889  144648  3.00    52.59
144894  144895  11.00   55.30
144894  144438  9.80    67.30
144895  144896  3.00    54.07
144896  144901  7.83    111.83
144901  145404  0.00    78.57
144907  144883  0.00    49.07
144907  145181  1.00    43.90
144908  145058  10.00   23.18
144925  144555  7.80    116.20
144925  144394  11.15   96.38
144929  144538  9.00    84.60
144929  144388  7.67    108.52
144942  145399  6.40    107.80
144942  144339  6.00    120.77
144954  144428  11.50   76.34
144957  145304  6.50    55.91
144957  144908  7.67    108.02
144962  144907  8.67    110.69
144962  145283  11.50   52.71
144972  145429  8.67    107.76
144972  144434  6.78    108.06
144973  144962  0.00    41.72
144973  144693  3.00    42.30
144994  144511  7.00    109.55
144994  144472  9.29    107.50
145015  144973  0.00    92.90
145027  145694  8.00    114.83
145027  144860  3.00    63.15
145034  144511  8.05    107.77
145034  145511  3.00    108.32
145058  145238  5.17    30.37
145058  145015  5.33    81.90
145074  145154  0.00    18.95
145081  145562  7.70    92.74
145081  144704  6.38    118.16
145101  144889  5.50    48.57
145101  144576  0.00    107.81
145102  144929  0.00    39.61
145126  145186  3.19    24.40
145126  144806  11.50   80.80
145127  145371  0.00    66.84
145127  144627  3.00    95.18
145130  144580  8.67    89.56
145147  145524  6.50    59.05
145147  145178  10.22   79.53
145154  145027  5.50    43.15
145154  145299  0.00    23.47
145169  145102  4.00    15.99
145169  144648  3.00    108.89
145178  144812  1.00    56.12
145181  145190  0.00    36.46
145181  145631  4.25    70.83
145186  144704  6.73    91.52
145186  145314  0.00    39.21
145211  145101  0.00    27.60
145238  145304  9.67    108.33
145238  145604  3.00    55.26
145248  145258  1.00    45.17
145248  144650  8.25    94.45
145258  144592  2.00    104.99
145258  145285  3.00    90.89
145285  145322  3.00    89.91
145285  144612  5.00    104.92
145295  144925  6.50    119.72
145295  145780  11.00   94.84
145299  145074  0.00    44.47
145299  145734  3.00    74.35
145304  145646  3.00    54.84
145304  145333  8.67    55.96
145314  145353  0.00    7.68
145314  145562  10.33   79.17
145322  145338  20.00   74.95
145322  144954  2.00    58.58
145333  145360  6.67    62.41
145338  146044  0.00    108.69
145338  145352  0.00    65.10
145352  145365  0.00    62.37
145352  146049  19.38   107.89
145353  145126  10.18   63.81
145360  145381  3.60    63.18
145365  144682  8.33    105.61
145365  145375  0.00    60.71
145371  145949  7.31    109.28
145371  146009  7.60    134.38
145375  145386  11.50   51.68
145375  146064  0.00    106.02
145381  146117  5.00    114.11
145381  145400  8.60    57.43
145386  144715  2.00    104.99
145386  145389  0.00    22.54
145389  144882  0.00    79.49
145389  145395  10.00   19.20
145393  145398  0.00    52.63
145395  145393  5.60    53.82
145395  146074  11.50   104.61
145398  144894  0.00    79.14
145398  145402  3.00    56.75
145399  145915  7.27    108.09
145400  145422  5.33    57.28
145400  146134  7.00    115.05
145401  145169  11.50   52.88
145401  145882  8.67    102.04
145402  146075  11.50   103.48
145402  145405  3.00    53.44
145404  145407  0.00    15.72
145404  146078  6.67    103.63
145405  145406  6.67    54.22
145406  146076  8.00    103.22
145406  145404  7.00    56.07
145407  144745  8.86    103.01
145408  144925  8.00    95.88
145408  145081  8.96    116.47
145420  145353  0.00    22.69
145420  146133  5.13    136.61
145422  145449  0.00    57.48
145422  146156  7.00    115.21
145425  145677  9.44    143.10
145425  145127  8.64    59.09
145429  144942  2.60    108.16
145429  145915  7.13    108.62
145431  145838  14.33   61.21
145449  146191  3.00    115.66
145449  145471  2.00    58.71
145468  144972  2.64    107.47
145468  144994  6.00    108.75
145471  144733  6.30    115.96
145471  145489  5.08    45.52
145472  145443  5.80    59.42
145472  145837  0.00    55.37
145489  145497  0.00    10.38
145497  145510  4.67    44.60
145507  145472  0.00    56.62
145507  146236  7.31    114.82
145510  144770  5.00    114.82
145510  145524  8.00    54.76
145511  146003  13.33   108.71
145511  144994  13.14   108.42
145520  145102  3.00    90.27
145524  145545  3.00    84.32
145533  145349  3.00    43.55
145533  145034  5.83    106.51
145545  145178  10.33   56.90
145545  145571  10.00   57.96
145562  145934  0.00    117.95
145571  145407  6.52    25.22
145578  144832  5.40    114.87
145578  145507  6.50    139.23
145586  145355  0.00    36.15
145586  145553  0.00    10.67
145596  145562  10.00   6.64
145596  145420  12.21   56.57
145596  146286  6.74    135.91
145604  145804  0.00    30.95
145604  145646  4.75    108.24
145608  145578  7.00    72.85
145631  145608  6.00    66.77
145631  145971  7.57    50.66
145646  146035  20.00   57.85
145677  145130  9.40    89.69
145677  145780  6.40    138.09
145679  145631  11.00   82.37
145694  145737  1.00    7.90
145694  145765  0.00    26.27
145717  145679  10.50   69.93
145717  144973  1.67    116.05
145728  145717  0.00    33.05
145728  145419  0.00    47.98
145734  145784  0.00    8.13
145737  145793  0.00    9.64
145737  145586  0.00    53.50
145765  145784  0.00    6.86
145766  145015  3.00    116.17
145766  145728  3.00    60.24
145772  146471  8.86    110.71
145772  145766  14.33   13.70
145780  146300  5.64    100.32
145780  145408  8.00    117.83
145784  145960  3.00    28.97
145790  145248  0.00    81.91
145793  145765  0.00    34.18
145793  146264  2.43    82.77
145804  145974  3.00    25.37
145804  145772  20.00   70.03
145811  145511  5.33    63.79
145811  146229  0.00    93.06
145851  145425  9.00    78.27
145876  145510  6.13    58.04
145876  145938  3.20    143.79
145915  146410  8.78    108.95
145931  145971  3.00    68.79
145934  145408  6.88    97.09
145934  146201  6.99    82.32
145938  145545  11.50   59.84
145949  146494  4.67    109.28
145959  145429  4.31    107.61
145959  145468  5.41    107.97
145960  145734  0.00    41.15
145960  146348  11.50   70.90
145971  146369  14.33   64.20
145973  145934  8.67    6.69
145973  145596  8.17    118.42
145974  146328  2.50    56.54
145974  146035  6.53    107.35
145980  145285  8.67    105.34
146003  145468  5.42    107.87
146003  146444  3.42    107.52
146009  146667  3.00    135.77
146028  145811  20.00   44.50
146028  145533  5.00    108.19
146035  146057  6.50    56.20
146035  146367  8.67    54.37
146039  145533  5.95    107.51
146044  146715  3.00    108.69
146049  146714  5.89    107.89
146057  146090  5.80    63.52
146057  145333  6.89    112.68
146059  145365  2.33    107.02
146063  146039  3.00    8.15
146064  146721  5.75    106.02
146068  145386  0.00    105.10
146070  145393  4.17    104.52
146072  145398  3.00    103.86
146074  146722  13.33   104.61
146075  146702  20.00   103.47
146076  146699  8.67    103.22
146077  145405  12.38   103.48
146078  146707  0.00    103.63
146090  145360  4.96    112.59
146090  146117  3.67    62.28
146117  146835  9.40    114.51
146117  146134  11.00   57.13
146133  146816  9.13    131.94
146133  146319  6.40    53.23
146134  146156  11.50   57.60
146134  146859  8.17    114.67
146156  146894  3.75    115.29
146156  146191  8.50    58.24
146177  146236  6.86    116.00
146191  146212  7.25    58.05
146191  146920  8.17    115.47
146197  146063  6.56    28.10
146201  145973  11.39   81.87
146206  145322  1.80    139.07
146212  146242  7.80    55.79
146212  145471  8.67    115.69
146229  146028  3.00    49.81
146236  146686  6.38    74.72
146236  146296  13.25   140.21
146237  145677  7.94    91.50
146242  145497  5.14    116.74
146242  146261  4.67    45.74
146254  145851  9.81    78.27
146261  145876  7.25    60.06
146261  146273  0.00    54.86
146273  146312  2.00    94.00
146286  146319  2.33    4.85
146286  146644  5.93    119.19
146296  146369  14.60   140.04
146296  145578  8.17    114.11
146299  145955  0.00    115.90
146299  145790  0.00    81.78
146300  146201  10.45   35.48
146312  146337  4.75    59.21
146312  145938  0.00    59.83
146319  146976  7.18    127.43
146328  146507  18.67   29.04
146337  145571  3.60    120.30
146357  146658  2.33    56.88
146357  146063  8.50    125.18
146367  146328  16.67   107.53
146367  146729  12.17   57.68
146369  146397  7.00    84.46
146369  146837  14.00   74.38
146397  145679  20.00   113.36
146397  146422  2.00    67.63
146410  145959  11.44   107.22
146410  146905  6.00    107.34
146412  146448  0.00    11.86
146422  146471  6.00    107.39
146422  145717  5.50    112.71
146440  146357  6.40    32.66
146444  145959  2.56    108.31
146444  146905  5.14    107.79
146448  146458  0.00    13.17
146458  146440  0.00    10.67
146458  146882  3.00    76.51
146460  145973  7.11    97.56
146471  146507  0.00    70.48
146483  146003  4.31    108.32
146483  146229  11.71   58.80
146494  146254  3.00    61.29
146494  147040  10.41   107.76
146505  146028  4.50    106.57
146505  146039  3.00    109.53
146507  146671  9.00    28.71
146529  146995  5.43    107.21
146529  146197  6.00    71.23
146573  146412  6.03    89.15
146606  146296  0.00    49.39
146606  146590  8.67    42.28
146628  145980  8.15    105.34
146628  146299  3.00    149.65
146636  146655  5.33    98.50
146636  146273  9.64    57.89
146643  146300  10.19   114.50
146643  147179  4.86    100.07
146644  146460  5.83    37.73
146652  146686  2.33    116.78
146655  146312  0.00    56.73
146658  146529  3.00    32.05
146660  146197  7.86    107.69
146660  146505  2.00    37.68
146667  146494  50.00   50.56
146667  147125  25.38   87.54
146671  146978  7.25    46.91
146686  147168  11.50   75.58
146687  146671  8.57    52.85
146699  146706  3.00    52.92
146699  147214  10.00   81.30
146702  146705  7.33    55.27
146702  147203  0.00    80.04
146705  146711  6.50    54.12
146705  146072  1.00    103.86
146706  146077  3.00    103.48
146706  146702  3.00    55.12
146707  147210  0.00    80.30
146707  146699  35.00   55.48
146708  146712  0.00    4.53
146708  146068  0.00    105.08
146711  146070  7.83    104.52
146711  146722  1.67    54.22
146712  146721  3.00    42.39
146714  146715  5.33    64.32
146715  147050  0.00    51.33
146718  146726  0.00    44.03
146721  146718  3.00    12.03
146722  146708  1.00    46.41
146722  147211  11.50   79.86
146724  146707  3.00    16.40
146724  146337  3.00    61.97
146725  146573  5.74    48.74
146726  146714  2.20    69.03
146726  146059  10.45   107.00
146729  146768  11.29   58.66
146729  146687  9.73    56.12
146729  147477  6.38    123.31
146768  146800  6.50    60.30
146768  146057  7.00    113.04
146780  146644  10.00   24.86
146790  146237  10.00   91.50
146790  146643  7.68    45.19
146800  146835  7.00    63.34
146800  146090  3.88    114.51
146816  146865  7.67    14.94
146834  146460  10.27   121.10
146835  147550  8.57    119.40
146835  146859  3.00    55.64
146837  147281  16.60   74.86
146837  146864  3.00    76.24
146859  147566  4.43    118.70
146859  146894  0.00    58.14
146864  146899  3.00    76.24
146865  146976  7.50    35.10
146869  146725  5.56    47.39
146869  147312  6.25    89.84
146882  146658  3.00    46.20
146892  146254  8.96    123.23
146892  146790  9.00    30.84
146894  147592  11.00   118.32
146894  146920  3.00    57.84
146899  146942  14.33   88.73
146899  146422  0.00    75.57
146905  147128  5.29    53.53
146905  147385  4.15    108.42
146920  147608  12.30   117.87
146920  146950  50.00   57.29
146939  146483  8.67    105.54
146939  146444  2.60    108.77
146942  146978  3.00    88.74
146950  146212  0.00    115.73
146950  146969  20.00   56.94
146969  146242  12.71   115.34
146969  146979  0.00    44.70
146976  147172  6.28    100.87
146978  147425  5.46    75.50
146979  146999  0.00    55.91
146979  146261  10.00   114.53
146981  146505  5.13    109.55
146981  146483  2.56    108.52
146995  146660  2.00    70.98
146995  147433  9.40    109.40
146999  147025  11.50   103.05
146999  146636  3.00    56.55
147004  146882  0.00    26.59
147016  147675  0.00    119.13
147016  146892  20.00   50.42
147017  146869  5.14    48.30
147025  147062  10.00   60.90
147025  146655  10.00   57.86
147040  147016  7.00    10.02
147050  147053  3.00    132.86
147050  147283  3.00    41.47
147053  146726  4.75    51.04
147062  146724  5.33    53.73
147079  146206  11.50   139.07
147120  147144  7.61    51.49
147125  147040  17.44   57.15
147128  147322  7.95    47.89
147144  147168  7.63    65.69
147152  146780  7.02    125.05
147163  147017  9.11    50.58
147163  147612  4.00    96.26
147165  146725  4.75    87.00
147168  147860  11.86   117.86
147168  147219  8.56    140.56
147172  146780  7.36    103.52
147179  147449  8.67    92.24
147179  147516  9.33    63.39
147179  146834  9.00    121.01
147202  146706  3.00    79.81
147203  147671  11.50   80.04
147206  146712  0.00    79.58
147207  146718  8.67    79.34
147208  146705  10.50   80.16
147209  146711  3.00    79.85
147210  147687  0.00    80.30
147211  147684  11.00   79.86
147214  147695  5.33    81.30
147219  146606  6.00    100.89
147219  147261  9.41    82.21
147244  147125  12.55   89.88
147244  147254  0.00    15.05
147249  146412  3.14    139.79
147249  146573  7.06    139.13
147261  147265  1.00    14.05
147261  146836  0.00    70.95
147265  147281  7.75    44.29
147279  147244  11.50   16.09
147281  147993  11.00   117.16
147281  147314  6.58    76.15
147287  147163  7.59    49.42
147287  147549  8.67    52.05
147299  146628  7.33    110.85
147305  146999  11.00   53.27
147305  147341  3.00    84.42
147309  147283  2.00    57.92
147309  147690  0.00    64.12
147312  147754  5.50    89.84
147314  147350  8.58    76.15
147341  147362  10.00   84.41
147350  146899  11.00   74.42
147350  147394  7.66    92.67
147360  147053  13.50   52.06
147360  147309  0.00    74.94
147362  147062  7.33    49.93
147385  147846  3.00    108.02
147385  146939  4.86    109.78
147386  147287  5.14    31.16
147386  148090  4.33    117.71
147394  147425  6.55    85.66
147409  146981  5.67    107.08
147409  146939  7.25    107.88
147425  147441  8.18    55.09
147425  148140  8.67    116.88
147433  146981  2.60    106.89
147433  147886  2.67    110.09
147441  147477  7.86    57.30
147441  146687  0.00    122.66
147464  147004  4.41    110.16
147464  146995  44.29   107.27
147472  147017  14.33   92.98
147477  147507  7.95    58.19
147477  148162  30.00   113.74
147507  146768  10.43   121.60
147507  147528  7.42    59.36
147507  147857  5.50    61.62
147516  147152  6.75    125.13
147517  147249  5.33    45.49
147517  147969  9.62    79.45
147528  147550  7.21    62.24
147528  146800  6.55    119.74
147549  148130  6.40    95.34
147549  147987  8.17    89.58
147550  148229  8.20    114.34
147550  147566  8.12    57.76
147556  147386  5.21    60.40
147566  147592  6.09    56.48
147576  147165  0.00    87.00
147576  147517  11.50   21.66
147587  147128  5.13    108.55
147587  147385  4.55    52.70
147590  147265  3.00    55.40
147592  147593  0.00    5.53
147593  148287  6.00    114.80
147593  147608  6.73    51.25
147608  147615  11.00   8.11
147612  148096  20.00   96.23
147615  147629  3.13    49.12
147615  148305  8.38    115.13
147629  147634  0.00    11.15
147629  146950  20.00   118.01
147634  148331  11.20   115.33
147634  147652  3.00    44.19
147647  147665  3.00    31.32
147652  147657  12.60   15.91
147652  146969  7.40    119.09
147657  148354  10.00   115.41
147657  147677  6.56    31.18
147661  147362  1.67    54.40
147661  147687  0.00    18.32
147665  147690  3.00    44.57
147665  147946  0.00    42.30
147666  147207  1.00    79.34
147667  147206  0.00    79.59
147667  147666  5.61    50.89
147668  147671  4.86    55.83
147668  147202  3.00    79.81
147669  147684  0.00    25.02
147669  147667  0.00    26.71
147671  147679  2.60    54.15
147673  147360  20.00   56.23
147673  147666  0.00    36.83
147675  148349  20.00   119.13
147676  147209  6.40    79.85
147676  147679  3.00    55.18
147677  146979  7.15    119.48
147677  147708  7.09    54.82
147678  147464  3.00    51.57
147678  147483  3.00    49.83
147679  147208  9.00    80.16
147684  147676  9.75    54.73
147687  147713  8.67    3.83
147690  147691  3.00    58.97
147690  148510  0.00    136.27
147691  147673  3.00    20.76
147695  147668  50.00   52.80
147697  147735  11.50   57.07
147700  148464  2.00    140.28
147700  147556  4.75    50.11
147708  147305  3.00    66.87
147708  147723  6.11    49.17
147713  147744  0.00    5.18
147713  147695  6.95    56.40
147723  147732  7.76    71.81
147725  147661  11.15   7.36
147732  148047  6.30    50.14
147732  147725  6.07    51.74
147735  147394  10.00   56.81
147737  147576  10.00   41.39
147744  148289  11.00   91.42
147744  147759  0.00    18.86
147754  147737  14.33   7.32
147759  147725  6.60    6.77
147806  147587  5.60    54.47
147806  147322  8.55    109.78
147809  147831  8.67    53.03
147830  147516  6.50    109.00
147831  147144  9.83    118.09
147831  147860  8.14    63.78
147839  147700  8.27    50.23
147841  148171  2.60    64.02
147841  147678  11.50   37.51
147846  148325  6.73    108.39
147846  147409  4.15    108.33
147860  147877  3.00    36.68
147860  148421  6.72    92.85
147877  147938  3.00    104.60
147886  148325  3.00    107.18
147886  147409  1.00    107.98
147907  147433  22.00   106.92
147907  147464  7.29    107.55
147908  147754  14.33   40.43
147916  147079  13.50   139.07
147930  147916  3.00    55.94
147936  147908  3.00    7.49
147936  147472  6.75    92.98
147938  147219  6.88    117.93
147938  147967  2.33    76.91
147946  147930  5.86    36.04
147946  148524  8.67    99.57
147967  147993  11.50   63.03
147980  147983  10.00   91.31
147980  147299  4.67    110.85
147983  147916  3.00    11.36
147987  148216  8.67    50.16
147993  148668  2.00    117.39
147993  148033  10.00   74.21
148005  147666  3.00    52.49
148015  148711  7.40    135.82
148015  147839  5.50    54.68
148033  148068  3.75    78.74
148033  147682  10.00   54.67
148040  147723  3.00    49.84
148040  148047  0.00    74.25
148047  148199  0.00    28.49
148068  148104  9.00    91.23
148068  147350  3.60    118.78
148077  147587  9.50    108.29
148077  147846  6.40    52.98
148089  147936  2.33    42.90
148089  148617  9.80    121.86
148090  148393  2.33    53.46
148090  147556  7.67    95.75
148091  148095  11.50   20.99
148095  148401  0.00    53.21
148095  148126  2.00    78.31
148096  148089  0.00    2.78
148104  147735  0.00    61.41
148104  148140  1.00    88.21
148113  147684  3.00    68.60
148126  148040  0.00    16.27
148128  148113  0.00    26.94
148128  148447  0.00    55.54
148130  148673  3.00    95.34
148134  148585  2.00    108.24
148134  147907  3.00    53.44
148140  148154  7.40    58.76
148140  148558  7.56    74.77
148154  147441  7.75    115.26
148154  148162  10.29   53.13
148158  148128  2.33    100.73
148158  147673  2.00    77.97
148160  148866  3.00    132.61
148160  148015  11.50   51.60
148162  149041  7.40    148.35
148162  148187  5.80    60.43
148171  147935  0.00    54.19
148171  148368  0.00    54.22
148185  148126  0.00    10.36
148185  148199  10.00   74.71
148187  149062  11.00   148.28
148187  148209  5.00    60.07
148199  148405  2.00    35.96
148209  149091  4.67    148.54
148209  147528  4.19    114.45
148209  148229  7.67    60.36
148216  148262  0.00    9.21
148225  147759  20.00   78.09
148229  149118  6.15    149.03
148229  148260  8.67    58.44
148259  147967  0.00    49.98
148260  148287  2.00    61.02
148260  149141  7.91    149.49
148260  147566  6.00    115.16
148262  148660  3.00    86.22
148262  148096  0.00    47.68
148279  148289  9.20    59.23
148287  148305  10.00   59.32
148287  149175  6.25    149.51
148289  148648  0.00    61.91
148291  148077  3.00    54.64
148291  147806  6.55    107.84
148300  149001  4.17    128.31
148300  148160  3.45    52.81
148305  149208  8.67    149.30
148305  148331  0.00    59.99
148325  148749  6.78    107.88
148325  148783  4.67    107.76
148330  148134  3.00    54.16
148330  147886  1.67    104.81
148331  149159  5.40    139.42
148331  148354  7.14    60.13
148334  147737  10.00   125.26
148343  148279  14.33   80.93
148353  148336  11.50   52.27
148353  147938  11.00   73.20
148354  148391  20.00   52.55
148368  148585  3.00    53.61
148368  147907  2.60    108.96
148372  148343  14.75   80.74
148372  147679  0.00    116.57
148373  148216  3.00    46.55
148373  147987  0.00    68.74
148391  148401  15.00   9.58
148393  148817  2.00    73.15
148402  147809  6.75    98.36
148405  148765  0.00    62.81
148408  147676  20.00   121.13
148408  148372  5.33    53.35
148409  148373  20.00   6.55
148416  148669  5.14    101.44
148416  148391  0.00    4.01
148418  148185  0.00    39.93
148418  148405  0.00    74.87
148421  148386  14.33   54.26
148421  148555  2.33    24.89
148435  148113  50.00   56.06
148435  148408  3.00    55.19
148447  148786  0.00    59.79
148447  148435  0.00    22.07
148450  148300  5.83    49.37
148452  148401  1.00    80.55
148452  148418  0.00    6.24
148464  148393  0.00    26.21
148464  148817  8.67    66.76
148479  148334  3.00    47.34
148479  147908  5.54    118.70
148485  148068  4.25    72.64
148485  148521  1.00    90.20
148500  148447  11.50   99.24
148500  148158  0.00    59.14
148503  147691  0.00    135.04
148503  148500  1.00    35.19
148505  148503  0.00    31.10
148510  148505  0.00    32.71
148510  149235  0.00    120.43
148521  148558  11.50   90.20
148524  148510  0.00    53.47
148524  148907  0.00    62.46
148527  148524  0.00    26.63
148527  147930  0.00    102.68
148527  148537  0.00    61.68
148537  147983  3.00    96.57
148548  147980  2.33    98.63
148555  148567  11.50   36.82
148555  149083  7.67    86.99
148558  148804  11.50   42.44
148567  148582  4.75    33.45
148567  147877  10.80   117.67
148582  148613  10.86   71.49
148582  149127  10.00   88.95
148584  148450  16.67   53.74
148585  148802  0.00    53.56
148587  148464  9.00    50.45
148587  147839  3.00    138.63
148605  148409  20.00   53.75
148608  148836  0.00    52.60
148608  148291  3.00    75.21
148613  148640  6.50    74.35
148613  148353  6.50    44.38
148617  148479  20.00   42.34
148640  148668  2.33    66.58
148640  149225  4.40    95.45
148648  148651  10.75   57.59
148651  148687  3.00    77.40
148651  148279  3.00    64.85
148660  148852  20.00   52.83
148660  149007  4.67    70.24
148668  149255  0.00    95.27
148668  148691  6.67    76.32
148669  148811  9.75    57.28
148669  148452  3.00    38.10
148673  148605  0.00    19.29
148681  148225  0.00    78.09
148681  148648  2.00    22.02
148687  148714  4.29    77.40
148691  148723  9.20    76.32
148711  149191  3.00    82.84
148711  148587  2.33    53.16
148714  148786  7.50    128.78
148714  148372  22.90   59.19
148723  148485  20.00   43.64
148723  148752  5.33    63.31
148726  148584  7.25    54.78
148749  148608  6.40    34.10
148752  148777  20.00   58.34
148765  148681  3.89    57.09
148777  149554  20.00   131.04
148777  148804  9.80    59.34
148782  148416  8.50    86.95
148783  148330  3.00    110.44
148783  149274  1.00    106.62
148786  148847  2.33    99.28
148788  148991  9.75    54.79
148796  148673  8.00    34.28
148802  148330  5.43    109.28
148802  149274  11.50   110.18
148804  148984  7.75    27.20
148811  148990  1.00    81.38
148811  148765  6.33    26.93
148817  149505  7.25    120.20
148847  148500  3.00    60.21
148852  149065  10.00   54.68
148852  148409  10.00   94.55
148866  148711  3.00    53.02
148866  149341  3.00    83.84
148894  148726  0.00    53.67
148907  148911  0.00    86.45
148907  149216  0.00    51.18
148911  148537  0.00    59.40
148969  148894  5.55    32.08
148969  149502  4.25    100.71
148983  149358  8.67    138.57
148984  149013  6.92    62.37
148984  149744  9.15    133.60
148990  149029  3.00    80.64
148991  148402  10.57   98.36
148991  149094  6.67    28.59
149001  149442  14.33   83.73
149001  148866  0.00    50.66
149013  149041  8.08    49.93
149013  148154  3.00    147.11
149029  148651  3.00    61.27
149029  149061  3.00    77.02
149041  149045  3.00    15.95
149045  149062  8.67    44.28
149045  149796  6.14    133.04
149054  148969  0.00    46.85
149054  149733  7.25    129.55
149055  148587  7.25    83.63
149055  149191  3.00    54.26
149061  149099  20.00   77.02
149062  149074  13.20   21.22
149065  149272  4.75    58.13
149065  148605  3.00    92.55
149074  149091  6.62    38.66
149074  149827  7.88    132.96
149083  149449  8.27    63.71
149091  149108  4.40    40.93
149094  149379  6.82    84.21
149099  148714  0.00    60.15
149099  149152  0.00    127.97
149108  149118  6.57    18.92
149118  149141  8.00    58.25
149121  148723  3.00    63.30
149127  149083  5.33    70.50
149128  149001  0.00    51.47
149128  148450  11.50   125.21
149141  149895  8.67    131.99
149141  149175  6.50    61.59
149143  148548  5.33    98.63
149144  149599  7.25    85.25
149144  149054  5.83    49.11
149152  149215  0.00    99.25
149152  149075  0.00    15.04
149159  148782  11.50   86.82
149159  149227  10.00   8.65
149166  148911  1.00    44.62
149166  149143  0.00    92.62
149167  149127  7.20    72.23
149167  148613  8.00    91.41
149170  149128  0.00    7.57
149170  149323  20.00   53.46
149175  149785  6.22    108.96
149175  149208  2.00    60.94
149176  148726  0.00    78.46
149191  149741  4.44    108.69
149191  149341  3.00    54.17
149208  149227  8.33    58.81
149208  149810  7.00    108.67
149215  149236  5.25    76.91
149215  148847  0.00    58.28
149216  149166  20.00   83.71
149225  149751  7.80    95.45
149227  149986  35.00   133.38
149227  149254  8.57    60.78
149235  149216  0.00    59.65
149236  149235  7.25    32.75
149236  148505  1.00    121.06
149238  148852  7.25    72.72
149238  149682  0.00    85.62
149248  148783  2.83    108.16
149248  148749  3.56    107.95
149254  149259  1.00    7.66
149254  150013  3.00    133.63
149255  149769  1.00    95.00
149259  148983  3.00    140.18
149259  149281  1.00    52.86
149272  148796  3.00    91.12
149272  149505  8.00    67.40
149274  149649  1.00    102.19
149281  149314  22.00   66.31
149306  149144  11.50   73.19
149306  149452  0.00    29.71
149314  150059  6.50    134.02
149314  149348  7.56    74.37
149323  148584  5.83    131.11
149341  149442  0.00    50.02
149341  149719  2.50    75.96
149348  149358  8.00    41.25
149348  150086  5.20    133.35
149358  149390  12.29   113.59
149370  148894  1.67    89.93
149371  149121  10.75   111.23
149379  149449  11.17   18.60
149390  149421  6.25    76.70
149390  149029  15.40   62.44
149421  149456  7.60    76.70
149442  149831  3.00    76.14
149449  149696  5.83    55.50
149452  149789  9.00    97.11
149452  149666  10.29   37.64
149456  149526  5.87    127.17
149456  149099  4.63    63.55
149457  149055  0.00    76.68
149502  149921  9.00    80.14
149502  149733  5.22    56.44
149505  150079  11.50   132.25
149517  149702  0.00    83.56
149526  149152  20.00   63.08
149526  149559  10.13   87.40
149554  150329  1.00    141.39
149559  149563  3.00    8.41
149563  149566  3.00    3.23
149566  149604  3.00    81.08
149566  149929  0.00    63.84
149571  149828  3.00    107.77
149571  149323  6.40    50.99
149583  149176  0.00    78.45
149589  149554  0.00    61.35
149589  148752  5.00    141.78
149599  150052  5.33    85.20
149604  149236  0.00    66.91
149604  149631  3.00    90.52
149623  149589  8.67    65.99
149623  149121  3.00    89.98
149629  149166  6.50    81.46
149631  149629  0.00    90.50
149647  149248  3.00    99.94
149649  149647  11.50   6.70
149654  149143  10.33   89.23
149666  149898  8.67    41.10
149673  149666  0.00    7.85
149674  149167  9.80    88.34
149682  149065  2.00    132.81
149682  150325  3.00    140.72
149686  149673  0.00    14.48
149696  149812  11.11   89.78
149702  149888  3.73    81.13
149702  149094  2.33    116.89
149719  150110  1.67    75.96
149733  150052  8.41    65.11
149735  149756  0.00    34.46
149741  149851  3.00    18.51
149744  150407  6.47    125.09
149744  149773  11.50   63.74
149751  149943  11.50   32.34
149757  149799  0.00    21.50
149769  149751  0.00    64.78
149773  149796  0.00    63.61
149773  149013  10.67   132.93
149785  149930  0.00    23.11
149789  150297  5.33    98.73
149796  150467  8.67    129.91
149796  149827  8.67    66.06
149799  149950  11.50   53.47
149799  149170  1.00    122.70
149810  149785  0.00    61.33
149812  149943  9.00    89.80
149827  149864  6.50    79.33
149827  150492  13.25   128.78
149828  149370  0.00    89.90
149828  149921  3.00    34.19
149829  149851  0.00    12.30
149829  149741  0.00    19.47
149831  150206  1.00    76.14
149837  149696  8.13    30.10
149849  149457  3.00    76.42
149849  149942  0.00    30.57
149851  150035  0.00    32.20
149859  149456  2.00    70.25
149859  149926  9.83    127.65
149864  149895  16.43   75.64
149864  149108  7.00    132.67
149869  150061  0.00    54.40
149888  149379  7.00    98.77
149895  149930  10.00   62.81
149895  150478  9.20    114.83
149898  150016  6.00    19.89
149898  149994  0.00    17.93
149921  150178  7.50    52.66
149926  149526  11.00   70.20
149926  149962  3.00    77.33
149929  150275  11.50   67.89
149929  149987  0.00    62.55
149930  150065  6.40    24.68
149930  149961  0.00    61.89
149942  149829  2.33    33.59
149943  149992  4.69    75.67
149943  150235  3.00    58.67
149950  149571  10.00   72.22
149961  149810  0.00    23.76
149961  149986  8.67    60.22
149964  150231  1.00    81.25
149966  149272  3.00    149.01
149986  150013  20.00   58.92
149986  150644  8.63    128.83
149987  149989  0.00    61.46
149989  149964  0.00    76.92
149990  149799  0.00    33.77
149990  150112  2.50    53.90
149992  150034  4.22    75.69
149994  150511  12.75   112.42
149994  150016  0.00    14.14
150013  150033  20.00   61.28
150013  150674  6.75    129.32
150016  150417  13.20   80.32
150033  150059  20.00   64.86
150033  149281  9.40    133.94
150034  150068  1.67    25.11
150034  149371  3.00    116.89
150035  150128  3.00    41.68
150035  150110  4.75    30.36
150052  150297  2.45    57.26
150059  150086  3.00    75.10
150059  150727  6.14    128.90
150061  150078  0.00    61.73
150065  150085  0.00    61.45
150065  150586  2.33    104.04
150068  150119  4.86    41.33
150073  149702  15.75   70.68
150078  149756  0.00    56.67
150078  150150  20.00   88.39
150079  149966  1.00    59.43
150085  149961  8.38    24.32
150085  150611  15.00   104.21
150086  150761  14.86   129.47
150086  150101  0.00    42.53
150110  150457  6.75    77.45
150110  150206  20.00   46.66
150112  149950  3.00    33.53
150112  150424  20.00   141.08
150119  149623  9.80    88.83
150119  150218  16.50   62.37
150128  149942  2.50    36.33
150128  150726  3.38    124.93
150145  149837  8.92    65.33
150145  150235  9.30    113.36
150150  150208  20.00   89.04
150150  149654  3.00    89.23
150158  150681  3.00    116.92
150158  149837  10.00   73.34
150178  149912  3.00    113.58
150178  150424  9.00    55.06
150192  149859  2.00    60.16
150201  150079  14.33   57.91
150201  149849  3.00    71.70
150206  150561  3.00    77.19
150208  149629  16.67   105.06
150208  150231  12.60   44.94
150218  149589  7.43    115.88
150218  150329  7.57    63.44
150221  149888  0.00    68.43
150231  150243  0.00    22.38
150231  150964  16.83   141.55
150235  150383  10.50   127.24
150235  150546  3.00    61.61
150243  150252  0.00    8.75
150248  149926  10.25   63.73
150248  150192  22.25   130.33
150252  150559  3.00    66.98
150275  150333  11.00   58.75
150275  150322  20.00   7.03
150297  150511  5.85    56.45
150314  150248  1.00    76.53
150318  150314  0.00    7.34
150320  150145  0.00    38.18
150320  150681  5.50    81.87
150322  150318  0.00    3.09
150322  150458  3.00    31.11
150325  151036  0.00    143.63
150329  150407  7.90    62.17
150329  150900  6.50    110.78
150333  149987  0.00    68.05
150333  150353  3.00    70.28
150353  150252  15.75   87.23
150353  149989  0.00    69.77
150383  151034  10.33   135.81
150389  150721  11.00   140.07
150389  150112  11.50   60.21
150407  150443  51.00   21.57
150407  150933  6.50    100.95
150417  150826  3.00    79.68
150424  150721  7.25    60.32
150443  150459  5.07    47.99
150443  150908  13.21   101.08
150457  150838  3.00    77.45
150458  150510  3.00    96.53
150458  150767  0.00    56.43
150459  150467  4.17    62.22
150459  149773  8.67    130.61
150467  150492  7.86    68.62
150467  150908  20.00   100.10
150474  150320  8.36    41.37
150474  150546  12.60   61.26
150488  149990  3.00    112.43
150492  150516  7.83    44.66
150510  150559  0.00    96.52
150511  150826  11.50   70.41
150514  150541  0.00    60.52
150514  150150  11.50   73.31
150516  150533  7.52    34.93
150533  149864  4.17    128.96
150533  150586  4.87    140.64
150533  150627  10.25   19.81
150541  150554  0.00    28.93
150541  150321  0.00    46.10
150546  150556  21.83   10.81
150554  150078  0.00    94.31
150556  150705  10.00   90.69
150559  150887  0.00    60.65
150561  150930  5.83    77.19
150569  150726  0.00    55.34
150569  150201  13.40   80.49
150586  150611  4.17    60.07
150590  150061  0.00    105.30
150593  150158  2.00    88.68
150611  150644  5.33    60.04
150627  150516  3.00    32.40
150644  150674  3.60    59.87
150674  150693  26.60   49.09
150681  150983  8.33    66.96
150686  150738  0.00    19.86
150686  150389  0.00    62.69
150691  151240  14.33   123.27
150691  150474  9.00    38.53
150693  151027  18.80   79.13
150693  150703  2.00    12.59
150703  150727  6.50    61.37
150703  150033  11.50   129.27
150705  151034  4.17    106.46
150721  150988  7.25    59.18
150726  150838  2.00    54.10
150726  151071  8.67    76.04
150727  151207  8.00    117.68
150727  150761  3.00    75.45
150734  150248  0.00    89.62
150734  150771  0.00    64.19
150738  150947  0.00    48.93
150738  150988  0.00    120.74
150739  150705  0.00    77.37
150739  150556  50.00   32.61
150750  150243  3.00    94.17
150761  150783  6.75    55.82
150767  151043  0.00    55.73
150767  150825  0.00    98.61
150783  150914  10.75   27.84
150801  150691  0.00    20.29
150801  150739  3.00    66.11
150818  150119  2.60    133.21
150818  150858  20.00   61.54
150824  151094  12.71   88.84
150824  150739  10.29   17.33
150825  150887  0.00    98.64
150828  150627  4.67    63.16
150828  151365  8.00    135.19
150838  150930  0.00    47.73
150838  151184  3.83    76.12
150840  150208  11.29   125.11
150858  150900  11.50   63.79
150858  150218  20.00   121.88
150887  151177  10.00   58.07
150900  150933  2.60    61.31
150908  151213  11.92   71.05
150914  151260  1.00    82.01
150914  151452  7.67    103.99
150930  151284  3.00    76.39
150930  151040  0.00    51.33
150933  151219  2.00    56.41
150947  151288  5.23    89.16
150949  150569  7.25    77.23
150958  150554  0.00    76.73
150964  151567  0.00    139.51
150983  150593  0.00    86.94
150983  151087  11.50   24.85
150988  151288  8.67    65.42
150992  150734  0.00    52.35
150992  151033  0.00    58.40
151001  151038  0.00    47.12
151001  150958  0.00    7.49
151007  151190  6.79    63.71
151007  150492  10.57   113.32
151009  150828  5.50    61.94
151015  151433  0.00    84.67
151015  150958  0.00    50.44
151027  151455  9.40    103.36
151033  151039  0.00    11.08
151034  151135  6.40    30.48
151036  151720  0.00    143.13
151038  151100  0.00    50.96
151039  151043  0.00    2.39
151040  150488  7.25    112.43
151040  151150  8.67    51.04
151041  150514  2.33    98.61
151041  151015  0.00    36.03
151043  151344  0.00    62.16
151043  151090  0.00    99.15
151071  151416  1.00    76.04
151079  150761  3.00    78.27
151087  151425  0.00    75.15
151087  151240  0.00    62.56
151090  151177  3.00    99.27
151094  151372  9.40    88.94
151100  151326  0.00    79.74
151100  151358  0.00    53.26
151135  151332  7.25    65.32
151135  150818  11.50   64.57
151150  151273  0.00    58.99
151150  150686  15.00   100.27
151177  151222  0.00    43.45
151177  151422  0.00    51.22
151183  151598  0.00    93.06
151183  150801  5.33    78.10
151184  151550  3.00    76.12
151190  150627  6.50    133.63
151190  151365  14.68   63.25
151192  151009  5.17    62.53
151192  151751  18.57   136.21
151207  151631  12.71   103.45
151207  151027  3.00    63.72
151213  151007  0.00    52.34
151213  151525  3.00    70.01
151219  151385  11.42   131.03
151219  151424  3.00    44.76
151222  150750  0.00    94.16
151240  151453  20.00   47.27
151243  150826  0.00    137.03
151260  151597  0.00    82.01
151273  150947  0.00    72.22
151273  151459  0.00    82.16
151284  151637  3.00    76.39
151285  151001  0.00    57.07
151285  151334  0.00    38.48
151288  151459  0.00    37.31
151302  150824  8.67    99.98
151312  150949  9.80    77.42
151314  150992  0.00    64.43
151314  151331  0.00    56.91
151332  151385  0.00    18.78
151332  150858  9.40    100.06
151334  151399  0.00    44.45
151334  151038  0.00    60.25
151344  151370  0.00    95.03
151344  151442  0.00    16.69
151351  151326  0.00    6.33
151358  151399  0.00    8.68
151358  151351  0.00    49.09
151362  151192  0.00    61.35
151365  151800  9.83    105.58
151365  151578  3.14    61.93
151370  151422  0.00    95.08
151372  151135  2.00    65.09
151372  151757  20.00   118.21
151385  151680  1.00    90.15
151387  151040  6.56    78.15
151390  151207  0.00    65.02
151390  151079  9.00    78.27
151399  151461  0.00    9.33
151416  151312  8.67    46.70
151422  151645  0.00    44.83
151424  151746  1.00    101.88
151424  151680  9.00    63.87
151425  151758  3.00    75.31
151427  151041  4.92    76.58
151433  151427  0.00    47.15
151433  151458  0.00    36.87
151442  151524  0.00    14.86
151442  151456  11.00   4.41
151452  151944  3.00    103.79
151453  152033  0.00    131.64
151453  151598  0.00    64.14
151455  151573  0.00    27.38
151455  151631  0.00    63.63
151458  151285  0.00    31.98
151461  151351  0.00    70.99
151461  151625  0.00    72.76
151468  150840  12.60   125.57
151499  151219  16.86   109.61
151500  151456  0.00    10.96
151516  151314  0.00    37.45
151516  151530  0.00    56.82
151523  151150  0.00    78.52
151524  151537  0.00    69.12
151524  152005  0.00    97.41
151525  151190  7.43    78.30
151525  151750  8.13    55.48
151530  151500  0.00    8.43
151550  151416  5.33    54.63
151550  151999  4.88    101.12
151554  151468  3.00    47.69
151554  151308  6.50    47.79
151567  151849  0.00    62.95
151567  151554  0.00    11.41
151573  151823  2.00    97.11
151573  152118  7.88    138.19
151573  151362  0.00    63.03
151578  151751  7.80    63.66
151578  151009  0.00    136.28
151580  151183  11.50   84.60
151597  152121  8.57    129.99
151597  151390  0.00    63.21
151598  151871  10.00   68.67
151611  151844  0.00    53.79
151611  151458  0.00    33.61
151621  151302  0.00    96.06
151621  151372  5.00    62.09
151625  151334  0.00    56.36
151625  151611  0.00    19.98
151631  151806  1.00    61.90
151637  151550  0.00    48.92
151637  152115  10.33   103.22
151645  151693  0.00    61.99
151645  152060  0.00    84.02
151680  151858  20.00   59.51
151682  151705  0.00    70.10
151693  151222  0.00    93.91
151705  151645  0.00    34.77
151720  152202  5.43    139.04
151746  152081  7.14    101.88
151750  151800  9.00    13.72
151751  151920  3.00    60.31
151753  151637  20.00   51.02
151753  151387  4.75    78.07
151757  152138  9.18    118.21
151758  152033  4.67    62.70
151758  151991  0.00    55.90
151761  151530  0.00    49.46
151762  151580  13.67   60.19
151765  151516  0.00    57.66
151765  151761  0.00    67.98
151773  151597  3.00    62.58
151773  151944  0.00    60.67
151800  152051  10.00   50.93
151806  151390  3.00    105.33
151806  152002  1.00    39.02
151821  152052  0.00    136.30
151825  151773  0.00    15.77
151825  152070  11.50   81.08
151827  151499  6.78    110.99
151827  151750  10.29   24.75
151848  151991  0.00    44.42
151850  151523  0.00    78.52
151850  151753  0.00    50.24
151852  151243  0.00    141.73
151853  151416  4.96    95.52
151858  152106  3.00    71.73
151866  151821  0.00    135.16
151868  151621  11.50   68.55
151868  151762  4.75    37.82
151871  152324  1.67    99.38
151871  151975  3.75    33.65
151920  151362  9.50    137.21
151920  152118  11.50   63.10
151955  151868  4.57    24.66
151975  152062  6.00    34.08
151987  152259  0.00    99.36
151987  151825  0.00    33.54
151991  152112  0.00    31.43
151997  152112  0.00    56.37
151998  151621  9.20    118.79
152002  152307  14.33   63.39
152002  152121  0.00    42.17
152005  152150  0.00    31.09
152005  152015  1.00    75.10
152015  152050  0.00    75.15
152033  152324  0.00    71.29
152033  152220  0.00    46.46
152048  152064  0.00    70.67
152048  151765  0.00    53.83
152050  151705  3.00    67.78
152051  151827  6.50    58.24
152052  151852  0.00    137.37
152060  152463  0.00    84.24
152062  151580  8.13    111.56
152062  152207  3.00    60.80
152064  151761  0.00    58.37
152081  151827  20.00   59.69
152105  151578  17.17   134.60
152105  152051  7.64    14.47
152105  152551  9.00    117.16
152106  152319  11.50   69.47
152112  152248  0.00    33.82
152118  152258  11.50   47.65
152121  152287  30.75   62.71
152127  152466  20.00   118.36
152127  151987  0.00    34.89
152136  152248  0.00    45.30
152138  151858  11.50   65.86
152150  152445  0.00    76.00
152150  152304  0.00    148.00
152168  151955  3.36    62.19
152168  152499  3.00    76.73
152202  152449  4.71    134.81
152207  151762  3.75    99.21
152207  152347  0.00    60.65
152212  151753  8.23    98.60
152248  152299  0.00    14.42
152258  152582  0.00    87.00
152258  152515  9.63    87.66
152283  152304  0.00    6.22
152283  152050  0.00    47.69
152286  152292  0.00    37.65
152287  152575  3.00    107.26
152287  152127  1.00    40.40
152292  152048  0.00    51.04
152292  152293  0.00    82.92
152293  152064  0.00    48.35
152307  152525  1.00    43.56
152307  152493  0.00    91.56
152311  151850  0.00    99.77
152315  152168  8.23    50.53
152319  152081  1.00    63.11
152319  152551  10.25   71.69
152324  152489  11.00   39.36
152347  152499  0.00    61.75
152347  151955  0.00    87.89
152377  151998  0.00    118.87
152377  152138  3.00    60.81
152424  151693  0.00    146.51
152424  152448  0.00    4.92
152445  152634  0.00    74.86
152448  152463  0.00    25.32
152448  152635  0.00    47.17
152448  152416  0.00    35.61
152449  151866  0.00    140.75
152463  152657  0.00    97.00
152464  152445  0.00    5.45
152468  152207  0.00    61.63
152478  152106  9.82    95.27
152489  151975  0.00    117.44
152489  152738  0.00    95.16
152493  152760  1.00    92.74
152499  152620  4.60    49.88
152499  152770  0.00    62.46
152511  152767  0.00    59.93
152511  152315  8.22    63.28
152515  152524  0.00    3.61
152515  152784  2.00    77.22
152518  152464  0.00    14.65
152524  152701  1.00    65.39
152524  152024  25.50   121.66
152525  152815  0.00    127.47
152525  152714  0.00    38.29
152528  152293  0.00    63.41
152528  152518  0.00    3.33
152551  152959  9.40    107.52
152551  152686  8.67    40.02
152554  152566  0.00    145.82
152566  152528  0.00    9.26
152620  152767  5.50    61.69
152620  152315  20.00   68.41
152623  152347  0.00    62.96
152623  152468  3.00    59.58
152630  152377  0.00    64.91
152630  152511  13.20   39.50
152635  152721  20.00   78.69
152635  152818  0.00    38.24
152657  152634  0.00    10.84
152682  152881  0.00    51.06
152700  152630  20.18   22.16
152706  152319  8.50    97.33
152714  152871  0.00    110.49
152714  152910  0.00    40.79
152716  152692  0.00    35.10
152716  153007  0.00    64.71
152721  152657  0.00    20.95
152730  152858  0.00    78.12
152738  152874  13.67   60.70
152738  152468  5.29    62.28
152767  153017  0.00    62.86
152767  152908  0.00    59.45
152770  152623  6.25    62.78
152770  152934  11.50   41.69
152784  152716  11.50   73.77
152815  152871  0.00    17.29
152815  152919  0.00    41.74
152841  152478  14.33   95.27
152841  152700  2.33    50.03
152847  152566  0.00    58.54
152847  152909  20.00   53.20
152858  153030  0.00    78.76
152871  152926  0.00    30.91
152874  152934  3.50    65.20
152874  152623  11.00   58.85
152881  152721  0.00    53.54
152887  152620  0.00    62.63
152887  152770  0.00    51.26
152908  152700  9.50    49.91
152910  153082  0.00    37.74
152910  152945  0.00    79.40
152934  153003  0.00    54.68
152945  153048  0.00    79.69
152959  153372  5.91    107.52
153003  153120  0.00    101.16
153003  152887  0.00    28.20
153007  153308  0.00    66.09
153007  153012  0.00    63.45
153017  152887  0.00    58.98
153030  153141  0.00    58.26
153030  152847  0.00    41.16
153065  152706  7.40    97.33
153065  152841  7.63    68.87
153082  153164  0.00    127.43
153118  152738  0.00    89.13
153120  153017  0.00    41.29
153120  153135  6.50    22.88
153135  152908  2.50    57.70
153159  153281  0.00    86.40
153194  153321  0.00    91.08
153199  152686  3.00    129.03
153201  153042  0.00    37.72
153201  153377  0.00    40.45
153216  153266  0.00    44.61
153216  153159  3.00    85.87
153278  153201  0.00    53.78
153278  153516  0.00    50.43
153281  153437  0.00    30.73
153281  153030  0.00    62.59
153321  153440  0.00    91.10
153357  153533  0.00    92.13
153357  153135  10.00   47.00
153372  153065  7.86    79.36
153377  153473  0.00    46.35
153377  153802  0.00    98.47
153418  153278  0.00    107.01
153440  153357  0.00    18.10
153453  153575  2.00    39.26
153471  153118  5.23    88.62
153471  153010  0.00    114.48
153473  153641  0.00    41.69
153473  153516  0.00    25.02
153516  153597  0.00    106.61
153522  153418  0.00    106.90
153522  153440  0.00    18.68
153575  153471  0.00    31.43
153575  153802  0.00    84.24
153597  153696  0.00    106.72
153641  153772  0.00    118.78
153641  153937  0.00    106.35
153664  153575  3.00    26.01
153673  153522  0.00    104.90
153689  153199  0.00    128.66
153696  153862  6.50    38.73
153696  153885  0.00    125.58
153696  153522  0.00    38.83
153772  153858  0.00    118.65
153774  153372  11.00   97.70
153802  153859  0.00    15.66
153802  154049  0.00    133.43
153858  153862  0.00    3.90
153862  153896  0.00    57.02
153879  153689  0.00    122.74
153879  153774  11.50   31.29
153937  153945  0.00    103.08
153966  153774  0.00    85.26
153966  153673  0.00    107.39
153975  153879  0.00    23.36
154028  154282  0.00    137.45
154028  153966  0.00    140.53
154049  154060  0.00    81.50
154049  154140  0.00    31.67
154055  154028  0.00    77.87
154055  153858  11.50   50.59
154060  154055  0.00    81.34
154131  153975  0.00    41.95
154282  154140  0.00    135.08
124134  123904  8.67    46.78
124134  124160  4.75    92.25
124160  124397  10.46   31.42
124397  124404  1.67    137.81
124397  124858  6.93    60.38
124404  124793  0.00    51.21
124626  125314  3.00    100.45
124637  124134  11.50   89.92
124649  124637  3.00    149.01
124726  125496  6.75    113.33
124772  124637  20.00   25.01
124780  124793  3.00    56.42
124780  125142  10.00   78.51
124793  124807  3.71    47.77
124811  124772  7.25    126.53
124824  125626  0.00    119.79
124858  124780  15.14   80.16
124858  124938  3.00    10.78
124938  125597  5.67    111.89
124938  124772  4.36    32.09
125022  125208  20.00   100.57
125142  125153  0.00    74.78
125153  124807  0.00    48.32
125208  124634  0.00    103.09
125314  126020  4.67    100.45
125427  126224  0.00    120.20
125442  125153  0.00    45.44
125457  125982  11.17   75.75
125496  126278  3.00    113.33
125597  125769  1.00    27.78
125603  125411  6.56    43.87
125603  125837  6.50    53.10
125614  125597  7.00    85.39
125626  125778  0.00    21.86
125626  125614  3.00    85.39
125653  126545  9.83    125.02
125769  125919  13.33   61.74
125769  125993  0.00    35.08
125794  126456  10.80   129.24
125837  125794  3.00    110.52
125837  126247  11.50   66.67
125962  126248  3.00    130.78
125982  126529  8.63    75.75
125993  126064  0.00    8.87
126002  125993  15.75   54.39
126002  126254  1.00    37.83
126018  126002  3.00    81.03
126020  126280  0.00    39.25
126020  126018  0.00    81.03
126064  126381  4.67    50.49
126125  126142  8.67    4.25
126142  126209  6.46    20.86
126209  126224  3.00    5.36
126224  126420  7.78    47.51
126247  126659  3.00    64.32
126247  126456  6.00    51.15
126248  125603  4.88    114.25
126254  126634  0.00    52.68
126272  126254  6.40    123.38
126278  126279  3.00    26.89
126279  125991  0.00    41.76
126279  126280  4.67    47.57
126280  126272  8.67    39.31
126294  125962  14.33   53.23
126294  126064  4.63    129.03
126305  126278  7.80    25.06
126305  126546  5.33    33.47
126343  126653  10.29   65.84
126381  126577  5.61    111.63
126381  126740  11.50   58.39
126420  126529  5.92    25.90
126456  126653  0.00    65.32
126457  126566  4.00    19.39
126457  126248  0.00    26.15
126529  127067  6.18    88.46
126545  127067  15.12   120.86
126546  126545  0.00    33.95
126546  126660  5.29    77.90
126562  126224  0.00    62.63
126566  126852  7.70    43.48
126566  126294  6.14    136.02
126577  126710  5.67    80.69
126634  126740  11.73   15.74
126643  126130  0.00    109.08
126643  126300  11.50   58.14
126653  126832  5.33    53.97
126654  126634  9.29    123.48
126654  126272  11.50   53.56
126659  126457  10.67   66.62
126660  126654  0.00    76.67
126710  126852  10.32   80.72
126740  126787  10.24   8.23
126787  126944  5.32    26.08
126810  127463  8.00    108.38
126852  126888  0.00    4.82
126869  126562  20.00   54.86
126869  126420  8.31    83.92
126888  127083  8.67    63.99
126888  127115  2.33    36.72
126902  126787  6.27    110.98
126909  126577  0.00    52.61
126909  126902  0.00    7.62
126922  127230  10.00   51.29
126922  127705  11.50   126.39
126944  126955  8.67    121.07
126944  127022  3.00    12.06
126955  126956  5.50    121.07
126956  127094  3.00    20.83
126956  126959  0.00    13.56
126957  126659  8.13    91.80
126979  126562  3.00    99.70
126990  126643  0.00    88.97
127017  126909  7.25    83.53
127022  127081  0.00    9.68
127022  127176  11.50   110.09
127067  127797  11.80   140.10
127081  127088  50.00   116.15
127081  127310  9.84    41.38
127083  127251  7.74    59.82
127088  127094  7.80    116.15
127094  127331  3.00    37.29
127115  127707  7.41    93.00
127115  127017  5.67    83.53
127176  126902  0.00    47.19
127230  126957  14.33   91.80
127230  127687  12.54   68.15
127234  126869  3.00    104.00
127234  126979  1.00    49.70
127251  127484  4.31    64.69
127264  127722  12.11   79.31
127310  127477  9.31    131.15
127310  127320  8.82    107.99
127310  127594  9.80    46.26
127320  127331  9.80    107.99
127331  127352  8.58    52.50
127347  127171  0.00    65.14
127347  126810  8.00    122.75
127352  127843  11.15   102.47
127407  127234  7.00    124.29
127431  126990  5.50    90.58
127463  127431  11.50   36.36
127463  128009  7.25    84.28
127477  127540  7.25    47.70
127484  127687  8.67    63.50
127540  128025  11.00   68.63
127540  127613  6.50    50.86
127594  127821  4.36    36.54
127601  127594  3.00    96.82
127602  127331  6.40    39.51
127602  127601  2.60    96.83
127610  127860  0.00    37.13
127613  127707  7.69    67.39
127621  127700  2.00    84.16
127687  128093  7.93    56.38
127687  127936  11.50   76.72
127700  127347  15.00   62.23
127705  127844  0.00    60.02
127707  128229  6.11    69.35
127722  128237  12.80   79.20
127750  127083  11.50   107.51
127770  127973  0.00    105.13
127771  128342  6.61    84.34
127797  128219  7.27    60.14
127797  127770  10.00   105.31
127821  128105  6.81    37.73
127842  128589  3.00    108.55
127843  128718  8.64    148.60
127860  127821  0.00    23.63
127926  127477  13.33   67.43
127936  127705  3.00    33.91
127936  128476  8.33    137.87
127957  127860  0.00    61.79
127962  127251  11.50   105.27
127973  128477  3.00    63.49
127987  128009  0.00    16.61
128009  128172  8.67    109.58
128025  127926  8.14    50.81
128093  129181  6.45    143.64
128093  128925  7.78    118.84
128105  128370  9.92    31.48
128105  128279  32.43   103.52
128116  127613  9.80    68.68
128116  128025  11.50   51.27
128144  127352  9.31    107.67
128172  128237  5.50    58.71
128172  127700  11.50   66.21
128204  127484  8.00    102.74
128219  128334  8.00    90.05
128219  128688  8.22    62.54
128229  128116  2.60    60.91
128229  128630  4.40    53.13
128237  128730  5.91    129.31
128237  128342  3.00    63.93
128279  128459  0.00    103.57
128334  128477  12.40   90.15
128342  128730  6.69    55.40
128370  128544  3.00    78.76
128370  128578  9.05    27.25
128384  127865  0.00    76.66
128459  128630  10.00   103.50
128477  128969  6.00    63.80
128525  128654  8.67    65.98
128525  128009  8.50    65.19
128544  128539  0.00    77.80
128562  127750  2.00    107.55
128578  128882  6.50    38.07
128589  129724  6.58    139.79
128589  128680  11.50   65.22
128630  128968  5.29    48.19
128637  127936  8.82    103.69
128654  128172  6.00    76.32
128680  128767  1.67    61.79
128680  129896  8.38    142.15
128688  128740  0.00    8.51
128730  129465  7.83    97.82
128740  128877  8.82    17.76
128740  128866  2.00    79.65
128764  127962  3.00    105.28
128767  130029  12.38   142.56
128767  128870  4.88    62.41
128771  128578  10.30   148.14
128792  127843  7.75    118.00
128866  128969  1.00    79.64
128870  128973  8.57    64.44
128870  130140  7.91    143.74
128877  129410  11.24   67.59
128882  129237  9.67    43.51
128925  129392  6.50    112.90
128925  129194  13.50   36.73
128966  128204  8.00    102.77
128968  129200  8.86    28.06
128968  128771  8.42    148.14
128969  128992  2.20    13.01
128981  128949  20.00   26.30
128981  128144  10.69   107.67
128987  128637  8.67    99.83
128992  129020  11.20   19.78
129020  129038  0.00    7.10
129038  129146  2.60    45.18
129038  128525  0.00    66.31
129113  128589  10.63   107.65
129119  128981  14.13   78.50
129119  130288  11.50   134.93
129132  128882  20.00   129.07
129146  128654  7.39    67.33
129146  129465  7.00    122.92
129181  129634  8.18    60.02
129181  130079  7.33    102.38
129194  129634  0.00    97.55
129194  129853  10.76   82.34
129200  129592  5.62    46.79
129200  129419  10.38   60.56
129227  129367  0.00    15.24
129236  129210  0.00    86.70
129237  129317  0.00    8.56
129237  129236  0.00    86.70
129254  130389  9.86    134.24
129254  129119  2.50    67.63
129317  129132  20.00   129.47
129317  129760  5.83    50.50
129367  129586  0.00    25.30
129367  129592  1.00    147.56
129374  130498  9.00    134.59
129374  129254  10.75   69.23
129391  130202  7.40    89.93
129392  129903  3.00    112.90
129410  130100  6.16    86.17
129410  129374  50.00   18.34
129419  128562  8.11    107.60
129419  129611  6.15    59.83
129430  129903  14.43   64.92
129430  128987  2.33    99.84
129465  129552  6.00    75.18
129502  130173  5.96    93.56
129552  129113  8.00    77.50
129555  128675  8.60    105.46
129564  128802  4.25    89.79
129586  129736  0.00    18.40
129592  129717  6.80    15.68
129607  129410  8.80    110.39
129611  128764  3.50    105.28
129611  129835  11.50   60.80
129634  130243  3.00    80.97
129704  129607  8.67    58.57
129717  129825  1.00    10.72
129717  130201  5.75    135.35
129724  130302  20.00   72.36
129724  129896  6.00    75.75
129753  129751  8.22    89.06
129760  129912  1.80    15.06
129760  129753  4.67    89.06
129761  129966  2.00    97.07
129825  130289  6.09    55.89
129825  129586  2.80    143.48
129831  129736  0.00    45.78
129834  130809  18.67   123.72
129835  130079  7.83    66.27
129835  128966  3.00    102.67
129853  130286  10.50   88.75
129853  130626  7.44    109.17
129863  129113  6.50    81.82
129896  130029  9.71    63.05
129903  130173  7.25    62.18
129912  130338  11.69   52.59
129966  130081  0.00    66.40
129987  129831  0.00    15.29
130029  130140  2.33    63.61
130039  129912  0.00    94.41
130072  129831  0.00    73.43
130079  130148  11.50   17.35
130081  130193  4.75    69.35
130081  131067  2.71    135.75
130100  130656  7.53    86.17
130116  130607  0.00    66.94
130140  130237  22.17   62.56
130148  130345  4.25    38.62
130170  130607  0.00    105.16
130173  130665  5.79    84.40
130193  130302  11.00   70.09
130201  130662  10.00   67.51
130201  130505  6.40    109.63
130202  130631  20.00   59.95
130203  130202  13.20   123.69
130211  128981  7.90    137.45
130211  130288  0.00    47.46
130237  130336  12.91   65.23
130237  128973  3.00    142.09
130243  130750  6.75    80.90
130286  130665  9.44    88.80
130288  130389  10.22   72.41
130289  130519  6.67    33.45
130289  130662  8.11    128.40
130302  130424  7.67    80.70
130302  131275  0.00    135.55
130330  130211  9.00    114.49
130336  130437  8.39    65.44
130336  129564  9.08    89.78
130338  130567  12.44   31.67
130338  130330  8.44    113.14
130345  130660  10.50   45.91
130345  130832  11.50   75.09
130389  130498  9.00    71.63
130399  130949  0.00    93.48
130424  130521  7.80    69.26
130437  129555  11.19   105.46
130498  130708  10.29   130.76
130505  130660  3.00    51.62
130505  130974  11.20   68.17
130519  130821  5.49    40.57
130519  130399  46.71   88.45
130521  130621  7.50    69.76
130521  131471  6.50    135.16
130567  130873  6.36    39.35
130575  130567  0.00    8.09
130578  130575  0.00    2.76
130607  130578  0.00    25.47
130621  130741  11.50   69.79
130626  131122  9.69    105.36
130631  130657  6.40    104.87
130631  131107  6.40    62.52
130656  130708  7.25    6.41
130656  129607  6.75    129.03
130657  130682  9.38    113.91
130657  130203  7.25    64.70
130660  131120  11.00   67.17
130662  130868  8.17    66.01
130665  130813  18.84   77.66
130682  131156  8.45    63.15
130682  130693  5.70    73.79
130708  131629  8.28    141.89
130708  130809  11.10   67.83
130741  130855  10.18   69.66
130750  131379  0.00    107.67
130753  130211  17.00   72.44
130809  130906  14.73   67.46
130813  130095  9.64    116.97
130813  130587  16.60   76.18
130821  131074  7.67    93.55
130821  131301  6.58    72.07
130832  131261  11.50   70.95
130832  131667  10.50   134.47
130855  130936  10.33   60.53
130855  131763  11.00   136.06
130864  131163  9.80    41.64
130868  130974  10.00   43.20
130868  131315  0.00    71.68
130873  131171  20.00   40.79
130873  130949  5.33    98.19
130901  130753  3.00    111.15
130906  130944  10.50   24.87
130908  131050  0.00    19.07
130908  130873  0.00    106.91
130936  130437  7.33    67.00
130944  130962  1.00    13.58
130949  131235  3.00    38.08
130962  129966  7.40    135.45
130962  131067  7.25    67.95
130974  131412  3.00    69.55
130974  131120  0.00    50.68
131046  130908  0.00    134.93
131048  130901  8.80    111.15
131048  131499  11.25   66.99
131067  131183  8.86    71.44
131074  131315  6.14    93.54
131107  131515  8.86    60.75
131107  131131  5.83    103.59
131120  131663  0.00    84.47
131122  131525  13.25   104.90
131131  130657  8.11    63.30
131131  131156  12.00   115.22
131156  131543  8.10    59.86
131156  131163  11.20   113.29
131163  131561  3.00    61.08
131163  131175  6.20    59.12
131171  131517  9.13    53.84
131175  131568  11.20   61.12
131175  131188  9.80    61.35
131183  130193  7.25    135.50
131183  131275  8.06    69.45
131186  131402  10.00   50.71
131186  130835  5.00    60.59
131203  130753  5.14    60.20
131235  131171  5.50    89.54
131261  131705  7.90    80.38
131261  130750  3.00    77.36
131263  131798  8.83    140.73
131275  131717  0.00    69.82
131275  131353  3.11    81.85
131287  131235  0.00    23.26
131301  131744  7.19    70.70
131301  131526  6.63    88.55
131315  131759  11.50   72.24
131315  131412  0.00    47.04
131333  131203  3.00    112.89
131338  131048  8.91    84.62
131338  132036  5.22    104.19
131353  131471  11.50   68.33
131353  130424  9.20    132.34
131357  131389  3.00    49.75
131379  132000  11.50   107.67
131389  131406  0.00    4.06
131389  131223  0.00    30.32
131402  130937  3.00    96.07
131402  131414  0.00    2.15
131406  131597  0.00    37.50
131408  131669  3.00    59.14
131412  131979  8.00    82.41
131414  131493  3.00    14.19
131471  131558  12.80   70.15
131493  131669  3.00    37.95
131499  131333  11.09   112.89
131499  132013  9.11    76.61
131515  131907  11.50   59.69
131517  131678  0.00    23.65
131522  131515  9.83    103.29
131522  131131  9.22    59.13
131525  131186  6.73    68.42
131526  131759  5.33    88.55
131528  131517  1.00    116.64
131543  131522  10.29   113.47
131543  131946  9.20    59.87
131558  130621  9.82    134.54
131558  131656  10.25   69.76
131561  131967  9.60    59.48
131561  131543  3.00    115.85
131568  131561  9.50    57.61
131568  131978  3.00    60.47
131597  131629  14.00   17.33
131621  131528  17.20   116.93
131621  131203  8.61    63.83
131629  131338  8.38    87.61
131629  131908  5.35    44.05
131637  131485  1.00    122.04
131647  132326  13.64   110.69
131647  132356  8.63    110.81
131656  130741  6.78    134.67
131656  131763  17.67   71.80
131663  132175  0.00    84.30
131667  132175  18.89   85.63
131667  131860  11.50   63.71
131669  131797  3.00    23.07
131678  132032  7.86    54.76
131705  132167  8.10    80.77
131711  131621  3.00    15.01
131712  131525  0.00    46.88
131717  131637  20.00   60.09
131717  132117  0.00    62.60
131735  132096  11.00   60.66
131744  132210  8.85    75.41
131744  131974  10.60   85.95
131759  132179  3.00    71.62
131759  131979  1.00    81.85
131763  131857  12.89   82.33
131797  132096  20.00   66.89
131798  131525  6.46    53.95
131808  131678  0.00    67.98
131857  131907  9.57    67.39
131857  130936  7.47    135.53
131860  131261  10.50   98.94
131860  132167  11.50   119.81
131867  131711  7.25    111.18
131872  131717  6.75    110.55
131907  132292  7.25    59.06
131907  131919  14.00   103.02
131908  132785  6.30    142.46
131908  132818  9.07    138.61
131919  131522  3.00    60.37
131919  131946  8.31    114.35
131946  131967  6.90    115.49
131946  132333  6.75    60.68
131967  131978  8.00    56.41
131967  132346  4.50    60.55
131974  132179  6.86    85.95
131978  131988  7.38    64.05
131978  132354  8.67    60.08
131979  132545  0.00    97.47
131982  131411  3.00    83.47
131988  131188  6.77    121.51
132000  132118  7.56    23.95
132000  132697  11.20   115.87
132013  131867  10.64   111.18
132013  132567  3.83    85.57
132021  131558  3.00    70.94
132021  131872  3.00    110.55
132032  132642  6.96    93.80
132036  132738  8.33    104.19
132066  131798  10.80   54.93
132066  132118  11.50   51.57
132096  132814  9.20    108.20
132117  132570  0.00    69.87
132117  132261  0.00    110.74
132118  132425  10.00   52.57
132124  132066  0.00    9.69
132167  132871  9.22    110.01
132174  132021  14.33   118.27
132175  132545  9.44    61.29
132179  132565  5.78    146.77
132179  132561  5.43    61.54
132196  131597  0.00    132.27
132201  132810  11.90   88.70
132203  132471  6.50    41.96
132210  132274  0.00    10.70
132261  132403  3.00    110.74
132274  132032  8.17    132.36
132274  132683  7.95    62.88
132287  132902  8.00    88.83
132292  132723  7.80    62.40
132301  131711  7.06    93.52
132312  132292  8.80    103.82
132312  131919  7.94    61.02
132326  133060  11.50   111.13
132330  131857  4.65    72.85
132330  132174  10.59   118.28
132333  132760  11.25   61.26
132333  132312  20.00   115.22
132346  132783  8.00    61.09
132346  132333  10.09   113.99
132354  132805  8.82    61.50
132354  132346  8.23    58.59
132356  133125  11.06   110.76
132366  131816  9.80    88.74
132403  132021  0.00    61.35
132403  132578  5.62    124.70
132416  132210  6.72    83.36
132425  132124  4.70    50.55
132471  132301  12.20   133.18
132477  133100  6.50    98.58
132477  132066  0.00    78.18
132481  131988  1.00    77.65
132485  131637  1.00    133.57
132485  132409  8.00    50.92
132506  132669  1.00    28.01
132506  131982  0.00    83.49
132518  133201  11.13   103.85
132518  132647  3.00    54.56
132561  132632  3.00    11.89
132565  132854  14.00   39.63
132567  132471  6.00    66.50
132567  133004  3.00    62.45
132570  132485  20.00   58.30
132578  132778  6.83    124.70
132588  132518  11.50   63.34
132588  133188  12.67   92.71
132592  132545  3.00    6.59
132592  132565  0.00    7.86
132632  132964  9.00    48.76
132632  132416  6.95    83.36
132633  132810  10.50   85.63
132639  132814  11.50   65.81
132639  131797  7.25    141.06
132640  132642  0.00    37.41
132642  132938  3.00    39.14
132642  132840  7.70    94.04
132647  132854  8.67    43.36
132647  132592  0.00    19.26
132669  133125  17.73   85.49
132683  132840  5.33    20.60
132697  133432  8.25    115.87
132723  132735  9.86    103.36
132723  133156  16.17   62.40
132731  132425  10.18   47.37
132735  132760  11.13   114.76
132735  132312  2.60    60.70
132738  133441  3.00    103.73
132750  132570  11.50   110.09
132756  132301  7.00    65.53
132760  132783  9.67    115.63
132760  133184  0.00    61.57
132778  132330  7.50    63.48
132783  132805  5.40    58.94
132783  133204  9.63    61.62
132785  132945  20.00   106.69
132785  133344  8.66    103.55
132786  132506  5.20    36.25
132786  132669  3.00    20.37
132805  133053  3.00    40.31
132810  132902  11.50   55.95
132810  133187  20.00   58.35
132814  133670  10.75   140.69
132818  133637  6.00    137.12
132840  133199  7.21    55.85
132854  132959  11.50   18.18
132871  132588  6.00    66.11
132894  133837  9.82    146.65
132894  132896  9.13    66.06
132896  132051  6.06    129.65
132898  132756  11.00   99.32
132902  132975  14.60   56.07
132902  133490  6.40    89.77
132907  132683  5.86    80.49
132926  132403  1.00    74.29
132926  132750  8.67    110.09
132928  132477  5.14    71.00
132930  132936  0.00    91.41
132936  132938  1.00    91.41
132938  133093  8.67    25.51
132945  132196  7.69    134.12
132945  132955  0.00    7.01
132946  133891  8.63    144.31
132959  132561  9.00    149.66
132959  133351  15.75   64.73
132962  133172  10.04   135.95
132964  133086  6.50    22.49
132964  133351  9.36    146.73
132975  133060  6.50    56.28
132975  132366  7.80    88.76
132995  132926  12.44   59.28
132995  133456  0.00    67.38
133004  132898  6.33    99.32
133004  133458  10.67   66.17
133006  132633  9.44    60.43
133015  133033  8.67    66.70
133015  132481  3.00    77.65
133045  132514  6.75    79.11
133053  133585  8.67    73.94
133053  133054  0.00    60.68
133054  133015  2.33    5.39
133060  133191  6.40    59.52
133060  133677  10.85   89.23
133073  133080  7.00    97.27
133080  133093  13.20   97.27
133086  132907  10.78   80.49
133086  133353  11.50   40.43
133092  132756  7.80    50.85
133092  133073  5.50    83.45
133093  133436  8.08    47.71
133100  133742  0.00    98.62
133125  133191  0.00    9.46
133126  133134  0.00    21.13
133126  132928  6.25    32.24
133134  133140  0.00    16.08
133137  132995  3.00    102.45
133140  133147  0.00    10.08
133147  133870  0.00    108.35
133147  132639  11.92   96.54
133156  133574  8.00    58.92
133160  133092  3.00    8.14
133160  133297  5.22    102.74
133170  133156  10.67   104.00
133170  132735  11.33   63.06
133172  133627  15.75   66.93
133172  133312  6.40    105.58
133184  133602  6.00    59.70
133184  133170  7.11    115.24
133187  133594  3.00    60.05
133187  133006  8.67    101.70
133188  133780  9.83    92.71
133191  133801  11.63   89.04
133199  133729  7.21    81.04
133201  133868  11.50   103.85
133204  133184  11.78   114.81
133204  133618  8.67    60.05
133255  134116  9.87    125.73
133271  133137  7.43    102.45
133271  132778  6.35    73.70
133297  133450  6.00    102.74
133301  133960  11.50   113.17
133312  133456  8.77    105.58
133320  133271  0.00    30.93
133344  133492  9.38    33.37
133351  133687  6.50    50.14
133353  133613  7.25    38.81
133367  133006  6.70    59.84
133392  132871  8.33    85.42
133396  133522  9.00    71.96
133397  133199  11.00   77.16
133419  133425  6.40    98.54
133419  133073  8.67    46.54
133425  133436  0.00    98.54
133432  132871  20.00   87.07
133436  133790  6.94    49.95
133441  133637  4.40    108.71
133450  133458  3.00    7.31
133456  133921  20.00   67.55
133456  133623  8.27    109.69
133458  133488  3.00    21.49
133461  133054  11.50   56.95
133464  133045  0.00    77.98
133464  133461  3.00    72.45
133488  133441  3.00    54.37
133490  134097  15.75   89.78
133492  133721  7.75    51.80
133505  134296  9.57    118.90
133522  133529  0.00    2.65
133529  133566  2.00    26.16
133546  133301  20.00   59.70
133546  133025  0.00    82.53
133551  132731  8.06    129.77
133566  133575  0.00    7.31
133574  133978  9.00    60.69
133585  134055  5.33    67.96
133586  132975  18.67   89.78
133588  133170  8.08    59.05
133588  133574  8.33    105.24
133594  134007  11.88   61.46
133594  133367  9.83    116.50
133596  133461  9.80    18.36
133596  133585  0.00    58.82
133602  133588  9.83    114.08
133602  134020  5.33    60.90
133613  133773  9.33    57.21
133613  134131  10.86   81.86
133613  133397  11.14   77.16
133618  133602  10.50   114.66
133618  134049  13.20   62.11
133623  133808  7.57    109.69
133627  133575  3.00    38.51
133637  133810  3.82    131.56
133657  134358  9.00    101.15
133670  134459  7.53    139.14
133677  134267  9.80    89.23
133686  132786  10.38   131.82
133687  133772  3.00    13.82
133692  133815  9.86    21.13
133692  133160  8.60    76.07
133694  132896  7.25    120.25
133706  133450  0.00    55.42
133706  133488  6.63    31.05
133721  133849  7.43    23.19
133728  134286  8.96    100.48
133729  134085  3.56    57.76
133735  133627  5.50    68.64
133742  133551  7.90    67.94
133742  134283  10.09   88.41
133772  133353  6.83    144.94
133772  134404  10.69   100.45
133773  134287  8.27    82.66
133780  134019  3.00    38.86
133787  133788  8.67    100.56
133787  133419  3.00    51.82
133788  133790  2.50    100.56
133790  134085  8.74    44.44
133798  133367  17.17   66.66
133798  134007  12.86   135.80
133798  133546  10.43   65.14
133801  134388  9.60    89.04
133808  133271  6.00    73.56
133815  134277  5.40    92.39
133837  134366  6.62    89.25
133837  133891  3.00    21.14
133849  134160  9.50    49.20
133868  133687  9.50    61.19
133868  134530  7.25    107.04
133870  134528  11.50   107.72
133891  134004  0.00    35.18
133912  133787  20.00   18.55
133916  133742  11.50   59.84
133916  133126  15.00   124.74
133921  133735  10.25   141.90
133921  134400  2.00    70.81
133937  133780  0.00    62.77
133937  133392  7.56    85.42
133943  133815  10.38   100.72
133960  133728  9.43    63.09
133978  133992  9.64    104.40
133978  134397  12.67   59.13
133992  133588  2.00    60.02
133992  134020  6.40    114.83
134004  134116  10.00   33.19
134007  134022  4.25    10.40
134019  133868  16.67   59.92
134019  134280  3.00    42.57
134020  134439  5.60    59.76
134020  134049  4.67    114.52
134022  134097  11.33   44.44
134049  134458  26.50   58.71
134049  134055  2.50    60.06
134055  134476  15.14   60.35
134060  134642  12.40   94.44
134083  133960  9.32    29.38
134083  134641  13.20   100.78
134085  134129  0.00    7.35
134091  133706  8.27    57.90
134091  133943  9.91    100.72
134092  133921  9.92    115.85
134097  134176  3.00    55.49
134098  133692  9.79    58.73
134099  134098  9.82    143.81
134110  134197  2.50    73.67
134116  134170  2.33    20.56
134129  134207  9.45    15.75
134129  134099  7.52    143.83
134131  133729  6.94    149.76
134131  134633  9.00    81.98
134160  133522  21.00   99.73
134160  134477  9.87    43.64
134170  134296  8.67    39.73
134170  134726  10.00   84.73
134176  133586  10.00   89.77
134176  134200  6.75    17.06
134187  134969  5.43    119.65
134187  134091  19.11   71.82
134197  133735  10.00   70.74
134197  134400  12.90   142.30
134200  134267  7.86    39.68
134204  134083  9.79    33.82
134204  133546  11.85   113.35
134207  134570  4.79    59.43
134207  134491  8.17    91.82
134214  134868  8.22    102.26
134232  133432  12.00   128.51
134255  134092  10.64   115.85
134255  133808  10.10   68.80
134267  134388  13.38   58.13
134277  134755  0.00    78.56
134277  134492  12.00   128.17
134280  134792  6.50    85.95
134283  134807  3.00    88.24
134286  134839  9.63    100.48
134287  134777  10.50   82.53
134296  134495  7.45    59.05
134296  134726  19.00   77.96
134301  134255  0.00    36.14
134336  133686  13.20   95.85
134358  135008  7.88    101.15
134366  134951  10.29   90.69
134369  135112  8.25    118.52
134369  134187  9.45    104.43
134379  133551  6.45    132.07
134388  134945  12.25   107.83
134388  134926  8.44    120.75
134397  134781  6.20    60.90
134400  134576  7.92    121.73
134400  135015  7.19    95.99
134404  134996  8.60    100.45
134409  134022  20.00   95.56
134409  134869  6.75    88.47
134418  134397  15.75   104.96
134418  133992  11.20   59.47
134439  134418  13.25   114.69
134439  134790  6.75    57.09
134448  134204  7.55    58.96
134448  133798  1.00    114.80
134458  134439  12.80   114.29
134458  134841  10.46   60.42
134459  135025  13.22   136.84
134471  134448  0.00    4.00
134473  134280  11.50   61.55
134473  133937  3.00    83.99
134476  134458  6.67    58.96
134476  134836  11.20   57.42
134477  135340  9.83    135.52
134483  133916  11.50   88.72
134491  134625  8.06    59.27
134491  134952  13.20   77.17
134492  134091  7.78    59.26
134495  134838  5.98    60.36
134510  133596  16.43   132.94
134521  133694  12.20   120.78
134528  135025  1.40    90.50
134528  135111  11.33   109.29
134530  135141  9.80    107.02
134538  134098  7.67    64.40
134544  134538  8.50    123.34
134552  133686  11.50   133.88
134560  134200  2.00    85.67
134570  135017  7.42    96.86
134570  134544  12.00   123.38
134570  134906  6.14    62.04
134576  134722  10.22   121.73
134590  134868  8.71    116.97
134592  134538  10.00   7.86
134625  134633  6.50    4.61
134625  135494  8.00    134.64
134628  134807  0.00    64.56
134628  134379  10.08   41.47
134633  134777  7.00    57.60
134641  135164  10.60   100.78
134642  134369  7.00    102.52
134698  134004  11.36   110.14
134699  134448  8.93    75.38
134699  134409  10.78   80.73
134707  134592  9.00    21.07
134707  134713  0.00    45.61
134712  134642  0.00    19.51
134712  135413  7.00    108.33
134722  134255  10.11   70.52
134726  135226  8.13    83.33
134729  135746  9.80    149.39
134755  134592  9.40    106.98
134755  135119  7.00    56.36
134777  134996  10.33   82.27
134777  135477  9.94    107.85
134781  135175  14.33   61.83
134790  135202  10.50   62.62
134790  134797  12.71   115.25
134792  135318  7.73    85.95
134797  134781  11.50   104.41
134797  134418  8.33    61.18
134807  134995  0.00    63.24
134807  135167  0.00    65.75
134836  134841  12.29   59.22
134836  135259  5.50    65.07
134838  135233  6.74    68.31
134838  135210  53.83   125.83
134839  135008  4.75    32.76
134839  135164  10.62   92.39
134841  134790  10.47   114.70
134841  135250  6.67    63.09
134864  135010  0.00    23.45
134868  135305  9.14    76.08
134869  134560  11.20   85.61
134880  134869  0.00    3.21
134880  134699  7.67    118.09
134885  134492  7.43    62.95
134885  134755  9.31    85.96
134894  134197  7.25    114.07
134906  135720  9.76    140.41
134906  135035  5.45    25.80
134926  135379  9.05    119.39
134945  135485  7.56    88.58
134945  134336  7.06    95.73
134951  135510  11.00   89.75
134951  135171  10.82   79.91
134952  135467  11.50   77.74
134969  134885  12.40   71.93
134984  135171  3.00    73.50
134984  134521  7.39    115.31
134989  134471  10.83   98.71
134995  134483  8.26    88.65
134996  135141  14.86   63.59
134996  135898  6.51    146.93
135008  135262  11.90   38.54
135010  135450  1.67    65.93
135010  135135  5.60    108.83
135013  134232  6.55    128.51
135013  135570  0.00    92.62
135013  134379  7.55    146.78
135015  135664  7.55    95.93
135019  134707  6.40    46.86
135025  135357  11.36   51.16
135028  135019  9.09    99.60
135035  135294  6.86    46.78
135035  135028  9.75    99.60
135042  134681  10.67   56.15
135042  134969  11.25   49.87
135055  134477  13.25   113.89
135066  134699  15.00   98.81
135066  134471  2.71    97.04
135111  135200  15.18   23.54
135112  135517  10.00   60.55
135112  135042  11.23   54.01
135119  135706  14.60   117.08
135119  135911  6.23    125.63
135135  134722  5.16    65.17
135141  135318  13.22   59.48
135141  135985  6.73    145.23
135164  135762  8.00    103.03
135164  135524  13.67   91.71
135169  134628  9.66    94.02
135171  135510  9.83    107.32
135175  135609  12.67   62.42
135185  134797  11.50   60.57
135185  135175  8.50    102.89
135200  135432  0.00    75.54
135200  135784  0.00    95.50
135202  135185  6.50    114.95
135202  135632  18.50   63.05
135226  134698  5.85    108.19
135233  135506  4.24    46.55
135233  135226  3.00    69.80
135250  135202  22.88   115.10
135250  135660  8.67    59.19
135257  135548  1.00    46.46
135259  135250  10.00   61.65
135259  135365  11.50   16.02
135262  135305  0.00    23.29
135262  135462  0.00    29.45
135266  134712  11.00   106.33
135269  134885  6.67    60.94
135292  134880  5.14    107.63
135294  135751  5.13    77.18
135305  135462  8.23    29.41
135318  135465  11.13   58.29
135340  135440  8.39    13.99
135344  134473  9.81    149.82
135357  135377  0.00    7.95
135357  134984  9.00    89.99
135365  135805  4.25    64.23
135373  135365  3.00    58.94
135373  134510  3.83    132.94
135377  135432  0.00    18.48
135379  135828  9.60    112.24
135379  134880  3.00    93.68
135391  135013  4.65    86.82
135391  135344  10.50   26.19
135399  135269  3.00    86.83
135406  134945  12.44   119.10
135409  135485  0.00    34.99
135409  134552  3.00    134.64
135413  135112  9.33    119.02
135413  136116  10.56   106.28
135424  135409  12.75   54.44
135432  135539  11.50   16.97
135432  135941  20.00   96.81
135434  135685  0.00    40.44
135440  135515  9.86    11.29
135442  135019  8.29    63.30
135442  135911  10.17   88.71
135450  135842  20.00   58.15
135450  135572  7.00    104.88
135454  135169  8.47    43.84
135456  135373  15.00   70.26
135462  135910  5.64    68.65
135462  135762  6.78    61.23
135465  135501  5.33    14.47
135465  135344  8.67    20.11
135467  135961  8.27    79.24
135467  135017  8.11    71.55
135477  136167  5.45    107.31
135485  135519  0.00    5.66
135494  136371  8.95    134.00
135501  135391  3.00    25.79
135502  135169  0.00    121.50
135504  135233  5.85    95.08
135506  135831  7.72    52.18
135510  135506  6.64    124.40
135515  135648  8.50    19.08
135517  135934  6.14    65.57
135517  135399  8.17    86.83
135519  136013  3.00    76.49
135519  135929  14.54   107.91
135524  135696  10.88   118.89
135524  134989  9.60    98.71
135532  134894  0.00    113.19
135539  136001  0.00    80.34
135548  136168  34.33   103.69
135548  135377  0.00    48.34
135555  135840  0.00    47.06
135570  135968  11.50   67.22
135570  135391  0.00    37.66
135572  135135  8.11    62.62
135609  135618  3.00    104.12
135609  135995  9.20    59.95
135618  135632  7.67    114.15
135618  135185  7.45    62.52
135632  135660  9.82    114.63
135632  135993  3.00    56.40
135639  136460  11.50   133.38
135648  136036  7.61    60.41
135649  135940  8.91    47.83
135649  135532  3.00    60.35
135660  135788  7.56    19.98
135664  135962  15.75   49.27
135664  135649  7.57    5.86
135685  136330  11.50   105.34
135685  135548  3.00    44.11
135696  135066  10.29   93.16
135706  135269  2.33    62.81
135706  135834  9.30    82.32
135720  136640  10.00   141.95
135721  135292  9.68    107.54
135721  135696  0.00    3.35
135733  135454  17.63   42.87
135746  136598  15.00   138.04
135746  135664  11.00   65.07
135751  136137  6.83    70.85
135751  136294  9.35    93.38
135762  136070  11.23   93.57
135777  136432  3.00    126.32
135788  135805  14.92   60.93
135788  136065  4.00    42.50
135791  135055  20.00   116.05
135802  135504  3.00    95.21
135802  136438  13.25   103.46
135805  136053  11.50   39.17
135805  135818  3.00    61.22
135818  135825  9.50    61.89
135825  135456  14.33   54.11
135827  135454  20.00   134.84
135828  136297  8.04    112.24
135831  136270  6.38    70.07
135834  135934  2.33    82.25
135840  135685  0.00    47.41
135840  136314  2.00    71.43
135842  136391  11.50   89.38
135842  135982  12.29   97.69
135868  135379  11.50   89.97
135868  135406  6.73    119.10
135898  136288  8.41    64.09
135898  136167  11.38   74.02
135910  136581  15.61   95.66
135911  136435  7.83    73.74
135929  136397  9.44    107.91
135934  136788  6.00    125.41
135934  136116  9.72    116.32
135940  136934  8.61    146.30
135940  135962  6.75    21.82
135941  136139  0.00    29.34
135941  136001  0.00    19.24
135961  136515  4.20    79.11
135962  136790  6.55    131.47
135965  135294  17.86   117.64
135968  136559  8.50    88.19
135968  136641  8.67    147.50
135982  135572  9.77    63.50
135985  135501  6.10    112.29
135993  136065  10.22   115.28
135993  136458  7.25    61.45
135995  136021  14.33   104.17
135995  136311  2.50    39.18
136001  136115  0.00    29.22
136013  136561  19.67   76.42
136021  135618  7.80    62.06
136021  135993  8.67    114.78
136028  135733  0.00    116.56
136036  136315  6.50    35.61
136036  135413  9.46    138.45
136053  136491  6.75    58.97
136065  136497  9.80    59.19
136065  136053  12.69   61.15
136070  135524  8.67    98.56
136070  136111  9.50    11.27
136096  135172  15.56   135.54
136111  136201  11.00   45.19
136115  136168  3.00    13.76
136116  136315  9.33    118.09
136116  136954  8.83    125.33
136123  135831  9.71    94.29
136137  136417  5.03    45.35
136139  136256  3.00    16.78
136139  135873  14.33   89.61
136167  136309  3.75    37.95
136168  136303  0.00    34.68
136194  135532  7.67    98.89
136201  136368  10.58   114.12
136202  136368  11.05   35.27
136202  135721  11.13   71.41
136235  136115  0.00    14.76
136252  135733  7.46    81.01
136256  136408  8.00    31.42
136270  136657  7.67    137.36
136270  136586  10.80   54.84
136288  136641  7.50    65.47
136288  135985  6.73    62.03
136289  135982  8.14    38.35
136289  136311  11.50   61.15
136294  136875  13.29   94.88
136296  135442  7.56    125.48
136297  136202  10.02   36.83
136303  136330  0.00    11.95
136309  136371  10.00   24.34
136309  136698  9.92    65.95
136311  136440  8.00    20.29
136314  136419  0.00    25.20
136315  137123  11.13   126.08
136330  136527  10.00   48.39
136340  135910  13.25   75.66
136368  136532  3.60    25.78
136371  136515  4.50    64.71
136375  136303  0.00    14.03
136391  136831  8.17    88.12
136397  136720  3.00    83.06
136397  135868  11.50   90.38
136408  136457  0.00    8.96
136408  136107  11.50   98.73
136419  136460  6.50    12.10
136419  136830  0.00    72.90
136422  136614  8.92    134.52
136422  136297  0.00    20.85
136432  136637  3.00    34.34
136432  136586  0.00    49.33
136435  136633  8.24    125.53
136438  136123  11.50   94.29
136440  136821  10.00   60.27
136440  136475  9.00    104.95
136457  136802  9.20    69.34
136458  136834  10.30   60.45
136458  136497  9.00    115.41
136460  136562  6.75    36.23
136475  136021  9.80    60.20
136475  136458  13.25   113.77
136479  136201  11.50   40.34
136479  136111  8.27    63.02
136491  136880  12.00   61.95
136497  136884  6.67    60.96
136497  136491  6.63    60.11
136515  136942  6.84    68.12
136515  136640  9.24    60.98
136532  136599  15.88   23.92
136548  136256  12.38   95.39
136559  137103  6.40    88.18
136561  137169  9.78    95.09
136562  136583  0.00    9.84
136579  135791  9.13    116.92
136579  135750  10.62   133.58
136581  137224  9.22    95.63
136583  137303  3.00    125.74
136583  135777  7.86    136.20
136586  136943  0.00    119.51
136586  136874  11.50   51.37
136598  137316  10.78   135.59
136599  136422  5.86    45.69
136609  136457  3.00    42.38
136609  137246  10.67   107.14
136612  136802  0.00    72.14
136614  135868  7.85    149.97
136614  136617  9.00    3.16
136617  136720  7.89    81.49
136627  135967  6.40    101.72
136627  136438  5.33    61.42
136633  135706  7.25    136.11
136633  136788  9.15    120.18
136640  136762  9.42    60.59
136641  136996  8.67    101.84
136641  137103  0.00    83.14
136657  137037  15.13   121.19
136657  137021  0.00    88.04
136698  136288  6.84    123.57
136699  135825  3.00    127.77
136699  137227  3.00    84.49
136720  136846  8.00    112.60
136733  136340  9.82    75.66
136740  136825  0.00    41.27
136740  136252  6.80    80.97
136758  136609  2.00    49.03
136762  136875  8.27    60.17
136762  135965  14.12   118.93
136779  135818  7.88    141.95
136788  136954  6.00    115.29
136788  137624  9.59    125.00
136790  137173  7.64    73.74
136797  136579  6.25    34.58
136802  137305  6.40    78.43
136815  136698  8.88    48.67
136818  136194  13.20   98.89
136821  136839  3.00    103.74
136821  137253  11.00   61.25
136825  136844  0.00    9.39
136825  136983  0.00    23.46
136830  136548  3.00    95.39
136830  136900  11.50   98.84
136831  136289  8.00    84.45
136834  136884  9.83    117.28
136834  137261  4.00    61.49
136839  136475  10.63   58.65
136839  136834  15.14   111.77
136844  136404  0.00    124.46
136844  136267  0.00    97.34
136846  136859  3.00    7.66
136852  136561  11.70   79.66
136852  137169  0.00    62.34
136858  136532  7.33    91.36
136858  136479  11.00   77.76
136859  136397  7.80    87.72
136859  136852  2.33    36.62
136864  136627  2.00    83.13
136874  137183  7.40    50.36
136875  137014  11.00   59.56
136880  137313  3.00    61.25
136884  136880  8.17    59.98
136884  137309  6.88    60.01
136900  136758  0.00    47.34
136934  137328  3.00    60.05
136934  136818  6.40    68.40
136940  136733  0.00    54.47
136942  136815  6.43    48.39
136943  137318  0.00    119.60
136954  137123  6.15    118.47
136954  137838  3.33    127.50
136983  137113  0.00    21.21
136996  136815  7.38    106.92
137011  136740  8.90    44.76
137014  137129  8.09    63.17
137018  136617  7.82    76.13
137021  137037  0.00    87.85
137026  136096  8.81    135.75
137037  137418  14.30   125.28
137072  136562  3.00    85.78
137084  136790  20.00   44.76
137084  136934  11.50   96.38
137103  136996  5.17    143.28
137103  137576  11.50   78.91
137112  136942  6.23    84.28
137113  137011  0.00    42.19
137123  137987  8.05    127.30
137123  136797  8.97    126.12
137128  137418  9.82    74.63
137128  136864  2.60    83.13
137160  136614  10.86   131.62
137169  137546  11.92   84.00
137173  137578  8.00    74.69
137173  137084  6.40    58.36
137183  137517  10.92   54.69
137185  136983  0.00    74.26
137194  137011  7.73    29.70
137202  136874  12.73   104.43
137219  136858  5.50    88.09
137219  136733  3.00    93.30
137224  136940  14.60   70.20
137224  137791  10.55   94.57
137226  136699  9.43    78.45
137227  137800  7.00    84.54
137253  137276  9.38    103.15
137253  137601  12.80   51.50
137261  137309  12.29   115.02
137261  137739  8.67    65.69
137262  137397  7.32    97.71
137276  137261  12.44   114.63
137276  136839  10.50   62.49
137280  137112  6.74    84.28
137289  137492  0.00    69.29
137303  137368  0.00    42.40
137305  137549  11.00   81.14
137305  137492  3.75    28.90
137309  137761  5.43    62.83
137309  137313  7.10    62.14
137313  137765  9.38    62.97
137316  137173  9.50    97.02
137316  137537  20.00   42.61
137318  137896  3.00    122.04
137328  137760  11.50   60.38
137352  137528  7.66    141.65
137368  137487  4.83    65.69
137376  137939  11.50   86.23
137376  137303  20.00   16.65
137397  137768  8.46    133.25
137397  137667  3.00    39.19
137418  137970  9.71    126.48
137434  136940  13.25   94.06
137434  137219  11.82   55.67
137469  136797  8.67    101.61
137470  137183  3.00    90.72
137473  137328  3.00    99.06
137473  137084  10.00   58.21
137483  137787  0.00    82.77
137487  138036  0.00    102.25
137487  137527  0.00    86.80
137492  137516  20.00   3.31
137497  136846  12.46   131.37
137497  137018  3.00    89.40
137516  137787  7.40    36.72
137517  137376  12.80   45.95
137517  137824  5.13    44.57
137523  137160  17.50   90.86
137523  136599  8.94    137.82
137524  137202  11.50   104.52
137527  136758  7.80    143.26
137527  136900  2.00    102.40
137528  137624  8.93    66.48
137528  136633  9.44    136.47
137537  136831  7.17    101.92
137540  137523  0.00    7.34
137540  136858  20.00   124.98
137546  137952  8.00    83.56
137549  137862  2.00    81.17
137553  137194  0.00    108.46
137553  137113  0.00    107.98
137576  137194  6.29    61.57
137578  138168  12.70   76.56
137579  138184  6.00    127.16
137580  137018  9.80    131.17
137580  137160  11.29   80.77
137599  137537  0.00    9.33
137601  137692  3.00    10.42
137601  137599  3.00    61.04
137618  137553  0.00    13.62
137624  137838  11.11   116.39
137624  138299  7.00    89.39
137652  137760  0.00    69.11
137652  136818  7.80    121.44
137666  137668  7.59    80.84
137666  138177  9.00    66.22
137668  137993  8.67    85.22
137689  137666  8.76    46.00
137692  137722  11.07   103.35
137692  138161  16.36   59.66
137718  138192  10.00   68.01
137722  137276  8.67    61.44
137722  137739  11.38   114.00
137726  137540  20.00   94.56
137726  137219  11.25   91.19
137738  137890  8.67    21.92
137739  138205  7.67    60.09
137739  137761  10.20   114.96
137760  137937  7.00    100.88
137760  138208  3.00    59.85
137761  137765  7.41    63.74
137761  138221  9.83    60.35
137765  138248  7.50    63.04
137765  137773  6.14    58.82
137770  137993  11.50   64.77
137770  138225  11.17   78.74
137773  136779  8.58    141.95
137773  137789  5.40    59.24
137778  137231  11.00   129.40
137780  137516  3.00    77.17
137787  137931  3.00    17.93
137789  137800  8.24    63.41
137789  137226  6.17    78.46
137791  137434  15.75   81.03
137791  138127  8.00    107.78
137792  138086  0.00    45.07
137792  137470  0.00    90.72
137800  138357  5.90    75.49
137813  137770  0.00    87.20
137823  137926  3.00    13.74
137824  138113  8.82    82.22
137824  138386  10.29   84.57
137829  137792  0.00    11.48
137838  137987  10.86   103.95
137862  138076  3.00    47.68
137890  138621  11.18   108.60
137890  137813  3.00    58.31
137896  137524  0.00    104.57
137902  137026  9.93    133.92
137908  138253  1.00    50.13
137909  137433  7.14    100.39
137926  138441  20.75   76.32
137931  138467  9.18    73.49
137931  138232  8.50    85.34
137937  138168  10.22   139.38
137937  137473  7.25    62.16
137939  138386  26.00   84.51
137952  138430  8.94    104.96
137952  137497  5.50    76.15
137957  137576  8.19    53.74
137965  137902  8.80    84.98
137966  137517  9.52    121.65
137970  138207  14.33   51.38
137978  137909  0.00    55.15
137987  138230  12.32   111.37
137987  138739  7.55    109.75
137993  138748  9.11    138.29
137997  137580  8.21    86.44
138018  137965  15.88   84.98
138036  137368  0.00    103.96
138049  137862  2.33    30.76
138049  137780  9.50    77.24
138076  138609  11.00   149.50
138086  137829  0.00    34.92
138086  138498  20.00   66.35
138113  137966  11.50   83.82
138127  137726  3.00    86.47
138127  138454  10.22   148.50
138131  137652  9.83    78.83
138145  137580  10.00   87.99
138145  137497  8.57    133.36
138160  138585  0.00    109.23
138161  138813  11.50   96.30
138168  138288  8.58    68.12
138168  138588  11.00   60.30
138175  138625  3.00    92.28
138177  138354  20.00   24.78
138180  138641  2.00    93.91
138184  138714  9.80    127.02
138187  138161  11.50   101.65
138187  137722  10.29   60.09
138192  138177  0.00    15.97
138192  138354  0.00    23.86
138192  138441  7.50    83.38
138193  138269  0.00    12.60
138205  138187  8.10    113.80
138205  138622  2.00    59.52
138207  137829  0.00    111.64
138207  138498  6.00    72.20
138208  138648  0.00    63.12
138208  138373  8.80    102.34
138221  138659  7.33    60.51
138221  138205  8.45    115.18
138225  137813  3.00    73.89
138225  138621  2.00    74.51
138230  138934  14.68   109.84
138230  137469  6.75    101.61
138232  138420  0.00    52.20
138232  138974  5.00    121.37
138244  138230  0.00    4.58
138248  138273  8.91    58.59
138248  138221  8.33    65.32
138248  138670  12.80   57.90
138253  138486  0.00    35.86
138266  137909  8.94    50.34
138273  138285  5.69    59.35
138273  139184  4.67    133.88
138285  138308  7.91    58.54
138288  137599  8.70    88.82
138299  137975  10.80   63.90
138308  138357  8.86    27.07
138343  138244  0.00    17.64
138347  137883  6.00    91.48
138351  138757  6.00    101.21
138354  139225  3.00    133.46
138357  138365  0.00    7.94
138358  137778  6.50    129.28
138358  137970  10.00   62.39
138365  138391  5.43    22.34
138367  137791  9.31    120.67
138367  137902  13.83   62.34
138370  137668  9.80    96.43
138373  137937  11.00   57.92
138373  138472  8.50    75.04
138380  138131  9.44    75.99
138380  138343  14.33   9.11
138380  138944  0.00    99.87
138386  138553  8.00    27.66
138395  138391  0.00    1.32
138395  138519  9.13    85.48
138409  138145  12.38   61.11
138409  138610  0.00    33.17
138410  137997  6.42    86.44
138410  137523  7.12    117.70
138411  138648  8.80    142.77
138411  138380  0.00    8.40
138416  138367  8.44    20.77
138417  138299  5.73    45.01
138420  138049  0.00    54.77
138430  138610  11.05   102.49
138441  138538  0.00    32.80
138441  138979  7.53    86.65
138454  138480  3.00    15.60
138454  137726  20.00   123.33
138459  138416  11.09   20.84
138467  138034  10.50   134.20
138467  138824  9.33    52.93
138472  138588  9.00    75.04
138474  138969  2.00    71.89
138480  138410  5.17    11.02
138486  138945  10.00   73.91
138498  138585  7.29    21.81
138519  138669  6.86    85.48
138538  138687  10.00   44.10
138553  138609  2.50    8.44
138585  138604  20.00   5.20
138588  138899  8.42    47.86
138595  138127  8.67    116.67
138595  138459  14.60   61.10
138604  139174  10.23   147.93
138604  138951  0.00    62.88
138609  138917  8.33    52.68
138610  138713  10.00   71.80
138612  138977  0.00    57.24
138613  138187  7.00    60.70
138613  138622  8.17    114.99
138621  139018  6.53    66.79
138622  139021  7.25    61.65
138622  138659  10.00   113.65
138625  138945  6.50    91.20
138641  139065  2.00    93.91
138648  138787  7.46    104.28
138659  139053  8.33    61.59
138659  138670  16.00   66.93
138664  138358  10.00   76.11
138669  137952  10.93   100.07
138670  139061  4.75    61.29
138696  138370  3.00    77.23
138713  138409  11.72   69.04
138713  138809  10.57   91.61
138714  138358  0.00    62.81
138714  139250  6.36    140.62
138724  139164  5.40    67.24
138724  138347  0.00    91.02
138739  138934  5.50    109.84
138748  138962  0.00    40.93
138756  139204  7.80    115.60
138757  139164  16.67   101.21
138764  139296  3.33    88.36
138779  138367  10.77   75.53
138787  138373  8.67    63.45
138787  138950  6.73    109.26
138809  138849  11.05   128.58
138809  138480  8.38    49.10
138813  139500  5.14    96.30
138824  138901  8.67    17.57
138824  138956  3.00    20.52
138849  138595  9.63    129.03
138850  138553  4.25    95.76
138889  139126  14.33   49.88
138889  139507  10.08   112.48
138901  138956  9.00    22.03
138901  138927  0.00    2.81
138907  138899  0.00    5.63
138910  138924  10.80   79.56
138912  138977  3.00    23.95
138917  138507  10.45   139.76
138917  139288  11.50   62.61
138924  138669  11.83   41.10
138924  139086  11.53   124.71
138927  138984  0.00    8.10
138934  139510  9.14    85.25
138945  139294  3.00    57.85
138951  138664  6.50    76.11
138956  138974  0.00    3.99
138962  139018  7.25    15.33
138968  138288  8.67    98.28
138968  138899  8.44    67.00
138969  139777  8.00    113.88
138969  138910  8.67    79.51
138970  138779  6.67    65.00
138974  139254  0.00    54.97
138977  139101  3.00    60.00
138979  139225  5.33    42.04
139009  138613  7.60    59.83
139013  139582  4.00    87.11
139018  139294  6.14    66.44
139021  139009  2.00    114.99
139021  139446  7.40    58.21
139026  138944  8.19    137.62
139030  138907  12.67   22.57
139032  139021  8.00    53.64
139036  139136  6.45    138.47
139036  138370  11.11   112.26
139053  139474  11.33   58.07
139061  139053  6.50    65.73
139061  139499  10.25   60.06
139065  139441  12.40   72.30
139065  139435  9.00    89.01
139075  138696  11.50   78.25
139075  138748  10.00   75.91
139082  138979  10.00   36.80
139086  139252  12.71   124.71
139101  138779  13.00   60.25
139126  139383  3.00    47.79
139126  139665  7.86    107.41
139131  139026  8.58    137.64
139131  138787  5.50    53.75
139136  139075  0.00    15.40
139154  138917  10.05   75.42
139164  139689  0.00    71.71
139164  139566  8.67    91.30
139171  138724  0.00    113.93
139174  139315  10.30   34.61
139174  138850  7.14    95.88
139184  140174  11.13   133.86
139204  139689  12.00   115.51
139225  139693  9.00    64.53
139237  138285  9.79    139.78
139250  139851  10.57   140.62
139252  139534  0.00    37.64
139252  139434  10.14   116.52
139254  138420  10.00   140.39
139265  138308  6.50    141.55
139268  138970  12.05   106.36
139274  138357  0.00    137.50
139284  139036  6.75    37.29
139288  139712  8.60    62.24
139296  139962  3.00    101.12
139315  139399  10.50   34.89
139321  139254  3.00    14.13
139355  139321  6.75    9.66
139358  139030  11.50   47.86
139361  138702  0.00    133.54
139361  139418  8.50    13.99
139368  139294  6.40    37.83
139383  138823  10.50   119.10
139383  139670  6.50    54.01
139399  139154  13.20   75.39
139399  139812  12.60   65.65
139418  139487  12.38   16.89
139420  139131  9.70    40.24
139429  138968  8.50    67.16
139434  139476  14.33   25.47
139434  139534  8.57    122.54
139435  139926  9.77    86.99
139435  139368  3.00    20.98
139441  139361  8.21    15.41
139441  139625  8.67    35.15
139446  139474  8.30    113.51
139446  139702  6.00    35.18
139474  139900  9.25    58.92
139474  139499  9.70    66.98
139476  139598  8.67    129.95
139476  138809  6.65    94.65
139483  140274  10.00   107.74
139484  139575  11.43   17.40
139484  139294  3.00    101.12
139484  138962  6.40    83.35
139487  139507  9.80    5.47
139499  140043  7.25    75.13
139502  140196  8.50    94.79
139507  139665  7.80    30.63
139515  139174  2.43    63.94
139515  138951  4.67    137.45
139534  139609  10.42   115.81
139536  139101  11.50   70.73
139557  140444  3.00    122.66
139558  139781  3.61    34.39
139566  139952  3.00    91.30
139568  139288  7.78    75.17
139571  140115  5.67    106.77
139571  139315  0.00    32.47
139575  139785  20.00   39.73
139575  139136  6.55    77.43
139598  139268  7.17    106.27
139599  139009  6.50    81.42
139604  139726  11.80   81.12
139607  139740  3.00    55.86
139607  139284  12.67   55.11
139609  139682  7.53    115.81
139625  139926  7.00    60.40
139627  140295  8.86    91.70
139651  139679  0.00    4.20
139665  139930  5.77    49.48
139667  139825  0.00    31.58
139668  139952  11.33   53.09
139668  139171  0.00    113.93
139670  139963  6.50    54.54
139676  139599  2.60    11.22
139679  140226  6.33    74.43
139681  139720  6.54    43.07
139682  139734  11.13   82.10
139682  138924  9.38    105.95
139689  140027  5.17    52.01
139689  139947  3.00    35.86
139712  140555  9.96    136.17
139720  139730  3.00    13.59
139720  138970  15.00   106.47
139726  139834  4.21    81.04
139728  139625  0.00    31.47
139730  139779  7.99    68.82
139730  140516  7.50    110.60
139734  138910  7.80    113.76
139734  139777  6.00    77.14
139740  139284  4.80    62.68
139777  140278  21.40   67.95
139779  139818  4.65    64.86
139781  140009  7.67    31.45
139781  139782  0.00    50.01
139782  140014  0.00    31.90
139782  139787  0.00    37.50
139785  139607  6.40    133.93
139785  139814  3.00    5.92
139812  139568  11.50   75.16
139814  140176  10.00   49.11
139818  140638  9.00    116.66
139818  139866  5.73    56.47
139834  140067  14.33   86.25
139834  139865  8.71    21.59
139851  139515  1.00    62.62
139851  140115  8.00    55.56
139865  139947  6.29    50.82
139866  139598  0.00    38.15
139866  139878  3.25    10.26
139878  139898  8.00    32.42
139879  139368  1.00    73.93
139879  140559  17.20   116.46
139898  140360  6.50    62.73
139898  139950  5.89    63.32
139923  139787  3.21    21.94
139926  140812  9.80    137.97
139930  140457  14.33   108.15
139930  140197  11.00   49.27
139930  139383  20.00   107.84
139947  140027  8.67    31.49
139950  139966  2.50    20.95
139952  140292  8.06    75.34
139952  140284  9.00    59.04
139963  140528  20.00   108.93
139963  139355  13.64   121.82
139966  140004  7.31    39.66
139975  139622  2.20    50.28
139992  139712  7.42    84.47
140003  139571  0.00    64.36
140004  140747  3.93    110.45
140004  140054  6.77    82.81
140027  140086  6.67    12.29
140029  139668  5.50    84.77
140054  140114  4.82    82.81
140067  140295  10.25   86.19
140086  140412  14.60   69.60
140095  139975  4.36    119.65
140115  140396  11.06   59.94
140153  139740  7.00    82.07
140168  140135  0.00    83.47
140170  140260  0.00    37.31
140170  139814  8.67    74.04
140176  140252  3.75    74.39
140176  140260  0.00    14.99
140195  139682  8.13    70.19
140196  140095  2.75    119.59
140196  140251  0.00    6.99
140197  139670  3.00    109.18
140197  140486  13.25   58.82
140214  140149  6.30    9.34
140226  140129  6.40    147.39
140226  140474  1.00    37.37
140252  139879  3.00    116.49
140252  140329  2.33    64.12
140260  140428  8.67    25.73
140270  139237  5.33    139.78
140281  140819  3.00    96.74
140281  139992  3.00    84.47
140284  140782  0.00    133.32
140284  140412  0.00    26.02
140286  140029  3.00    83.69
140290  139274  0.00    137.54
140292  140732  9.80    77.90
140295  140852  10.45   88.62
140295  140738  3.00    138.69
140310  139265  3.55    141.53
140316  140917  6.00    95.02
140316  140295  0.00    99.45
140319  140382  9.52    116.78
140319  140737  5.44    65.09
140322  140214  1.67    14.69
140322  140348  0.00    55.21
140329  140559  8.67    63.23
140329  139879  8.67    66.71
140337  139878  6.40    63.60
140348  140335  0.00    36.16
140349  140957  0.00    95.51
140360  140337  0.00    33.36
140360  141164  2.00    123.05
140365  140003  6.50    56.04
140365  140281  3.00    28.29
140367  139463  1.33    124.27
140375  140907  10.00   83.89
140377  140942  3.00    89.22
140382  140453  5.00    116.77
140386  140789  8.67    64.98
140386  140319  7.00    110.67
140390  141048  1.00    115.87
140391  140386  11.50   5.67
140394  140391  11.50   13.21
140396  140003  12.09   76.13
140396  140517  10.13   35.06
140399  140984  9.83    127.16
140399  140394  3.00    5.35
140410  140399  6.75    40.22
140410  140984  5.40    91.05
140412  141089  7.45    145.04
140412  140978  5.50    105.03
140424  139506  2.00    125.77
140429  140410  8.67    40.68
140434  140444  1.00    14.77
140444  140459  0.00    37.71
140457  140936  7.00    77.05
140457  140694  8.47    49.40
140462  140429  4.61    101.49
140474  141236  5.36    116.00
140486  141001  11.08   107.29
140486  139963  7.50    108.54
140513  140462  10.99   138.07
140516  141292  11.50   115.29
140517  140365  9.74    53.71
140519  140286  20.00   65.58
140521  140086  11.50   79.76
140522  140471  0.00    7.65
140528  141087  10.75   116.14
140528  140016  8.50    108.27
140554  140252  6.43    46.85
140555  140601  8.73    8.08
140557  140513  9.35    108.41
140558  139950  11.00   86.97
140559  140758  5.33    51.33
140559  140812  0.00    71.94
140590  139779  4.75    115.81
140601  141013  11.00   92.47
140609  140535  6.29    11.93
140616  141204  13.33   89.74
140616  140557  8.19    105.14
140638  141443  8.67    117.72
140638  140590  3.00    65.51
140647  141539  20.15   128.49
140668  140616  4.47    104.65
140678  140743  0.00    10.29
140683  140638  3.00    67.59
140683  140337  0.00    52.50
140685  140618  3.00    10.16
140694  140197  3.00    108.33
140694  140960  8.13    58.93
140701  140855  0.00    28.19
140709  140668  8.84    104.65
140712  141665  9.44    133.89
140732  141037  20.00   63.10
140732  140286  11.48   112.55
140737  140856  5.33    20.70
140738  139865  8.09    146.34
140738  140882  11.50   51.10
140741  140462  7.67    43.93
140741  141023  10.00   93.20
140743  141674  5.60    130.11
140747  141128  8.67    105.71
140749  140807  0.00    10.07
140754  141153  6.75    64.10
140754  140737  3.00    40.29
140782  140732  10.00   24.09
140789  140754  9.80    67.19
140789  141493  7.00    113.12
140807  141685  7.42    119.81
140809  140953  0.00    23.20
140812  140824  0.00    3.15
140819  141430  0.00    96.74
140824  141076  20.00   49.33
140824  141018  5.75    47.42
140826  140519  10.24   68.34
140826  141307  7.57    113.68
140830  141298  0.00    64.07
140852  141491  9.13    88.63
140856  140859  12.27   41.81
140856  141623  1.80    104.34
140859  140871  5.83    69.86
140871  141575  8.06    96.06
140871  140915  6.68    92.09
140879  140815  0.00    10.24
140882  141089  0.00    65.42
140882  140521  10.75   79.52
140913  141471  11.50   82.21
140915  140922  9.13    74.87
140915  141676  6.31    103.51
140917  141584  4.75    94.73
140922  140522  5.47    63.73
140936  141492  7.56    77.14
140957  141016  10.00   50.12
140960  140486  8.67    108.24
140960  141540  4.25    107.31
140978  141377  6.31    55.18
140978  140782  5.25    81.24
140980  140519  8.23    115.91
140980  141307  0.00    61.00
140984  141643  11.83   90.34
140984  140996  7.08    21.50
140985  140322  3.90    103.09
140996  140429  0.00    88.94
140996  141023  9.80    57.62
141001  140528  10.22   107.82
141007  141084  0.00    11.64
141013  141087  0.00    16.73
141016  140348  0.00    102.94
141016  140985  5.30    55.98
141023  141042  6.47    62.26
141037  140980  25.50   15.65
141042  141107  9.50    140.25
141042  140741  10.00   46.87
141062  140978  8.92    76.49
141084  141564  2.20    64.35
141087  141628  11.94   106.18
141089  141206  3.00    16.21
141089  141062  3.00    76.48
141107  140513  14.57   92.69
141107  141152  6.55    107.05
141108  140813  3.00    86.43
141128  141164  0.00    58.18
141128  140558  2.33    86.97
141141  140738  8.67    79.46
141141  141174  5.13    76.15
141152  141204  7.57    104.83
141152  140557  4.63    91.78
141153  141426  20.00   41.55
141164  141188  0.00    33.09
141174  141206  3.00    76.14
141188  140683  12.67   76.33
141191  141671  20.00   73.47
141204  141874  7.25    89.83
141204  141262  11.50   105.55
141206  141341  3.00    16.85
141211  140331  8.50    148.11
141219  141487  3.00    36.72
141236  141572  2.10    44.27
141236  141298  0.00    58.99
141262  141325  8.67    105.55
141263  141911  6.43    115.53
141263  141001  5.43    54.46
141292  141236  9.00    73.83
141296  141353  2.72    8.52
141298  141361  0.00    90.33
141307  141852  7.08    73.80
141307  141359  3.00    116.34
141318  141292  6.00    26.05
141325  141371  20.00   67.33
141325  141976  2.00    90.74
141341  141356  10.00   78.13
141341  141657  0.00    44.15
141353  141732  2.00    48.82
141356  141377  14.33   78.02
141359  140826  10.25   77.60
141370  141037  10.70   76.26
141371  141471  7.40    50.02
141371  140768  30.75   85.23
141377  141729  8.21    45.16
141382  141018  3.00    52.22
141392  141188  5.21    27.01
141426  141484  0.00    19.75
141426  142307  2.00    131.80
141455  141141  3.00    54.28
141469  140590  3.00    128.04
141471  141671  10.00   65.45
141484  141153  3.00    44.04
141487  141868  6.90    49.99
141491  141590  3.00    12.24
141492  140960  9.83    107.03
141493  142282  5.33    114.51
141506  140609  9.56    130.27
141523  141487  4.75    85.72
141539  142434  12.40   128.49
141540  141856  9.00    56.31
141540  141263  9.20    54.31
141545  141584  9.95    101.79
141545  142432  7.95    129.75
141564  141949  5.50    52.73
141564  141523  3.00    85.72
141571  140685  7.92    127.39
141575  142263  4.25    96.06
141584  141611  22.00   67.46
141584  142107  9.44    78.32
141590  141626  3.00    4.33
141616  141564  6.14    89.84
141616  141035  3.00    77.21
141619  142510  2.00    128.75
141619  141641  2.50    69.08
141623  142342  13.33   104.34
141626  142414  8.80    134.96
141628  142205  5.83    113.02
141628  141911  9.22    56.32
141634  140859  6.88    104.10
141641  141725  8.05    113.98
141643  141717  9.11    136.29
141651  142490  0.00    125.79
141651  141619  4.86    78.89
141657  141706  11.50   5.37
141659  141651  3.71    32.88
141659  142500  4.55    121.71
141665  142475  2.67    118.07
141665  141658  0.00    16.44
141671  141802  3.00    28.33
141674  141665  3.00    46.63
141674  142482  11.67   118.29
141675  141492  11.20   34.04
141676  142393  6.82    103.51
141681  140772  7.86    125.35
141681  141674  1.00    54.53
141684  140879  10.00   107.72
141684  141686  0.00    54.52
141685  141681  3.00    55.76
141685  142484  7.00    117.36
141686  141685  10.00   53.36
141686  140844  13.20   113.99
141690  140926  5.43    102.45
141690  141684  10.00   55.09
141699  140922  4.86    103.92
141703  141659  9.00    47.82
141703  142505  1.00    117.65
141704  141829  0.00    19.01
141707  141108  9.20    87.77
141717  141042  0.00    89.19
141717  141777  9.92    145.12
141718  141829  10.80   23.75
141725  141385  6.14    43.34
141729  141771  5.70    6.58
141732  142152  5.25    62.35
141733  141370  8.33    76.46
141746  141633  0.00    22.45
141749  142517  8.00    112.64
141749  141703  4.00    50.13
141777  141835  10.25   105.31
141777  141107  10.82   89.64
141778  141733  13.25   7.41
141802  141387  10.50   71.56
141802  142047  2.33    48.82
141814  141260  20.00   71.86
141823  141675  3.00    26.04
141829  142330  0.00    93.73
141829  142414  11.70   147.39
141835  141152  11.50   90.19
141835  141874  10.33   104.02
141852  141959  10.08   17.36
141856  142144  5.60    58.73
141868  141814  6.40    111.23
141868  142272  8.67    59.57
141874  142481  3.00    91.49
141874  141921  11.82   84.48
141892  142231  3.00    50.43
141902  141359  12.08   72.71
141902  141852  11.50   135.20
141911  142472  1.00    114.30
141911  142144  9.31    52.84
141921  142521  4.67    88.11
141921  141944  5.33    62.42
141927  141868  3.00    81.17
141944  141976  3.00    65.91
141946  142196  3.00    56.03
141949  142318  5.83    54.91
141949  141927  6.25    81.02
141959  142037  0.00    9.36
141962  141952  0.00    1.79
141976  142584  8.73    88.66
141985  141616  7.09    52.23
141985  141949  2.56    94.55
142000  141371  1.00    85.41
142000  142047  6.67    101.24
142034  141962  3.00    76.75
142036  141641  7.48    54.54
142037  142606  3.00    83.28
142047  142518  13.33   93.95
142053  142859  0.00    118.34
142053  142036  10.07   53.07
142074  141540  12.00   107.43
142074  141492  7.53    107.74
142085  142053  6.47    59.90
142085  141725  10.00   53.50
142107  142625  8.00    78.09
142112  142432  4.89    136.02
142138  141749  7.00    94.05
142138  142188  11.00   76.94
142144  142602  9.20    94.23
142152  142949  5.25    113.71
142152  142085  4.91    115.97
142188  142231  6.75    62.62
142189  142152  5.10    58.55
142196  142206  0.00    2.85
142205  142753  10.75   107.60
142206  142336  5.24    28.03
142211  142763  7.00    106.47
142217  141814  9.81    61.68
142217  142189  5.35    57.29
142231  142958  11.00   104.95
142231  142358  12.67   142.34
142236  141675  8.67    108.20
142236  142074  10.00   34.28
142243  142056  4.09    37.89
142256  142217  8.67    60.83
142263  142377  0.00    27.53
142270  142256  6.14    49.21
142270  143079  5.83    116.11
142272  142556  0.00    41.69
142272  142270  0.00    14.01
142282  142920  5.33    106.05
142300  142272  5.33    96.44
142304  142902  6.00    145.30
142304  141778  11.00   95.24
142307  142821  11.50   76.15
142307  142282  1.00    61.41
142317  142307  11.50   51.54
142317  141484  2.00    117.75
142318  142722  5.17    57.51
142318  142300  7.80    54.76
142330  141771  8.75    134.37
142330  142902  6.00    101.96
142336  142726  0.00    80.90
142342  143088  11.50   104.61
142342  142317  3.00    60.42
142343  142236  3.00    25.06
142349  141634  2.67    104.10
142349  142342  10.00   50.61
142352  141902  8.67    67.34
142356  142074  15.80   57.75
142356  141856  13.20   106.56
142357  142318  10.59   97.88
142357  141985  9.00    54.42
142358  142389  3.00    44.54
142358  141962  9.00    57.47
142364  142349  3.00    54.58
142364  142263  0.00    25.29
142377  142486  20.00   27.71
142393  142377  7.40    70.35
142393  143150  2.20    105.73
142411  141699  7.67    103.92
142411  142393  6.75    77.41
142414  142795  13.43   92.03
142414  142946  9.18    93.82
142425  141506  4.00    130.27
142425  142411  7.25    63.80
142432  142772  5.13    109.30
142432  143089  6.83    97.56
142434  143204  10.75   105.81
142434  142425  0.00    63.71
142456  142364  6.50    16.84
142460  141571  4.67    127.38
142460  142434  6.50    59.82
142472  142205  20.00   57.31
142475  142460  0.00    45.26
142475  143240  20.00   105.32
142477  142482  11.50   55.14
142477  141681  6.00    116.76
142481  142521  5.83    65.17
142481  143124  3.00    88.71
142482  143244  11.50   104.53
142482  142475  3.00    47.48
142484  142477  20.00   51.99
142484  143243  2.50    104.29
142486  143191  6.43    97.08
142486  142456  0.00    11.27
142487  142484  3.00    54.39
142487  141686  3.00    117.27
142489  141684  3.00    117.76
142489  142487  8.00    53.90
142490  143403  1.00    126.18
142500  143381  5.50    121.70
142502  142489  5.83    54.19
142502  141690  14.89   117.86
142505  143354  0.00    117.65
142510  143440  2.00    128.75
142517  143323  20.00   112.64
142518  143012  6.00    93.97
142521  142543  11.50   63.78
142542  142300  1.00    34.99
142542  142556  5.50    89.67
142543  142584  6.75    85.27
142543  141944  11.50   87.29
142556  143094  0.00    75.74
142584  143012  3.00    62.20
142606  143194  9.13    83.28
142625  142772  6.50    43.31
142625  142795  4.17    36.02
142637  142356  7.07    53.94
142681  142637  0.00    7.55
142695  141777  12.06   134.96
142714  142138  3.00    82.76
142722  143147  10.60   58.36
142723  142472  6.50    50.45
142723  143061  8.67    65.40
142726  143264  10.06   107.69
142726  143296  9.45    107.93
142743  142976  13.00   38.20
142753  142243  7.79    108.11
142753  142972  2.00    41.96
142757  143089  9.00    130.63
142763  143231  21.36   87.12
142763  142491  3.00    55.26
142769  142357  10.89   58.78
142769  142722  17.50   102.91
142772  142982  6.50    38.02
142786  142188  9.80    86.95
142795  143347  6.45    93.71
142799  142243  6.50    108.91
142799  142194  8.02    127.54
142821  143457  3.00    116.04
142821  143418  0.00    84.40
142841  142036  6.48    119.66
142855  143693  3.00    117.39
142855  142841  8.58    42.69
142859  142855  7.67    8.82
142863  142859  3.00    14.30
142863  143703  10.00   117.66
142880  142863  3.86    46.14
142880  142085  6.17    116.49
142902  143635  8.12    128.22
142902  143533  7.32    145.92
142920  143448  6.00    103.69
142934  143425  5.43    84.13
142946  142330  12.27   145.30
142946  143533  4.85    101.86
142949  143768  5.33    118.04
142949  142880  4.76    113.77
142958  143702  3.60    104.95
142972  143497  14.33   106.25
142972  143312  0.00    64.50
142976  143160  12.50   48.75
142976  143605  12.64   94.11
142982  143395  7.72    93.07
142982  143546  5.24    94.82
142988  142189  4.78    114.64
142988  142949  2.60    63.03
143000  143264  8.16    47.33
143012  143193  9.13    72.61
143016  142217  7.73    113.83
143016  142988  7.00    56.04
143020  143549  8.67    97.72
143020  142681  8.80    66.74
143049  143016  10.29   59.22
143049  142256  6.38    114.99
143061  143269  11.00   38.91
143061  143525  10.75   85.01
143079  143049  3.00    50.33
143084  143079  2.33    6.82
143088  143814  3.00    104.61
143089  143395  8.13    92.67
143094  143084  3.00    27.42
143110  142349  3.00    105.94
143112  143160  11.88   44.36
143123  143094  3.00    77.30
143123  142542  7.00    80.04
143124  143849  0.00    107.92
143140  142304  5.91    146.67
143140  143635  9.00    148.53
143147  143544  7.00    56.11
143147  143123  0.00    54.14
143148  142317  3.00    116.22
143150  143887  4.63    105.73
143160  143733  0.00    84.46
143163  142358  10.33   113.98
143166  142411  8.80    106.06
143173  142502  13.57   93.96
143173  143187  11.50   54.74
143185  143189  4.89    56.47
143186  142425  8.67    105.96
143189  143147  10.13   107.93
143189  142769  2.60    58.00
143191  143860  9.50    97.08
143193  143124  6.29    146.51
143194  143140  8.17    11.04
143194  144009  3.00    112.46
143204  143959  6.50    105.81
143225  142460  2.33    105.23
143231  143329  8.67    19.13
143237  142757  9.86    80.14
143238  142477  3.00    104.43
143240  144016  4.25    105.32
143243  144004  18.75   104.29
143244  144008  3.00    104.54
143246  142487  11.00   104.25
143248  142489  1.00    104.38
143252  143020  8.91    41.38
143252  142723  6.42    108.16
143264  143765  5.00    108.85
143264  143799  2.88    107.66
143269  142753  11.00   106.50
143269  143497  3.00    44.05
143296  142763  8.40    108.35
143296  143512  5.13    41.09
143296  143799  9.80    108.23
143303  143323  7.33    48.99
143303  142714  17.78   82.74
143312  143851  4.17    109.26
143312  142799  3.00    106.75
143323  143354  6.50    46.81
143329  143368  1.00    6.76
143347  142946  7.00    93.41
143354  143381  3.00    47.19
143368  143410  8.67    8.46
143379  142799  13.71   107.27
143379  143851  7.40    102.54
143381  143385  0.00    8.30
143385  143403  8.00    40.61
143385  143719  11.00   50.43
143395  143855  11.33   116.93
143395  143925  8.44    94.64
143403  143440  8.17    63.70
143410  143954  6.75    105.59
143418  143977  0.00    83.76
143419  142786  3.00    86.96
143425  143141  12.41   114.19
143440  143447  0.00    9.45
143447  143870  0.00    63.76
143447  143478  5.33    60.05
143448  144038  9.20    104.63
143454  143347  6.00    23.81
143457  144144  3.00    116.92
143478  142841  13.71   86.02
143497  143545  11.50   9.65
143512  143743  10.65   47.35
143525  143269  3.00    51.97
143533  144029  7.73    117.00
143533  144186  9.36    108.90
143544  143968  4.67    58.77
143545  144112  8.50    108.58
143545  143811  20.00   55.04
143546  143454  7.80    25.95
143549  144097  0.00    97.76
143563  143419  3.00    20.83
143573  143544  1.67    84.65
143578  143573  9.00    84.63
143588  143193  11.50   82.25
143605  144243  10.08   93.99
143629  142695  22.00   134.96
143635  144249  8.20    101.32
143635  144186  9.50    147.88
143653  143303  7.80    50.67
143678  143478  7.00    30.86
143690  143653  3.00    75.40
143693  143678  9.55    43.16
143694  143425  7.98    110.47
143694  143237  5.13    80.14
143702  143419  15.00   80.31
143702  144082  11.50   47.53
143703  143693  10.00   22.70
143716  142880  5.71    117.39
143716  143703  6.18    43.85
143719  144228  14.33   65.93
143719  143690  0.00    75.40
143733  143975  0.00    32.97
143733  143742  1.00    62.09
143742  143112  3.00    92.22
143743  143758  0.00    2.71
143758  143810  11.00   11.20
143765  144339  4.28    107.51
143765  144310  7.54    107.11
143768  143716  9.43    115.75
143787  142988  7.22    115.17
143787  143768  6.18    63.06
143788  143252  11.50   108.82
143788  143525  3.00    57.92
143799  144339  3.00    108.08
143799  144059  20.00   39.81
143810  143892  8.00    14.57
143811  144388  3.00    108.31
143811  143312  8.67    106.34
143814  144028  0.00    22.74
143817  143016  8.13    114.65
143817  143787  5.71    56.37
143832  143870  0.00    55.07
143834  143814  1.00    40.17
143834  144592  7.43    104.99
143843  143049  3.00    112.85
143843  143817  6.50    60.91
143844  143110  11.50   105.94
143844  143834  3.00    20.50
143849  143588  9.00    81.23
143851  144388  5.54    108.29
143851  144346  14.33   89.96
143855  143694  6.41    31.06
143860  144612  6.00    104.92
143860  143844  2.00    68.06
143870  144277  2.00    52.19
143876  143860  3.00    65.49
143879  143843  8.67    55.76
143879  143084  14.33   113.82
143887  144428  4.83    76.34
143887  143876  3.00    25.91
143892  143920  0.00    3.52
143915  144244  10.56   126.18
143915  144124  0.00    24.94
143919  143887  3.00    74.69
143919  143166  11.50   106.06
143920  144472  7.71    108.31
143925  144394  5.83    84.41
143925  143546  7.67    91.00
143941  143879  7.80    104.93
143941  143123  3.00    115.93
143942  143919  11.50   63.89
143942  143186  8.60    105.96
143954  144511  4.17    109.87
143959  144682  5.40    105.61
143959  143942  0.00    63.91
143968  144770  4.76    117.77
143968  143941  2.50    54.37
143969  143991  0.00    2.11
143971  144124  3.00    25.92
143975  144254  0.00    41.95
143977  143989  20.00   87.13
143988  143959  0.00    59.80
143988  143225  3.00    105.23
143989  144028  2.00    60.25
143989  143148  0.00    116.22
143991  144050  6.75    6.49
143993  143163  4.50    113.98
143993  143893  5.33    117.60
143994  143968  10.50   55.12
143995  143969  0.00    18.03
143998  143238  11.50   104.43
143998  144008  10.00   53.10
144004  144438  0.00    66.10
144004  143998  3.00    50.35
144007  144004  5.44    54.38
144007  143246  10.00   104.25
144008  144014  0.00    17.16
144009  144243  8.33    57.83
144009  144249  6.81    71.67
144010  144007  4.67    53.75
144010  143248  0.00    104.38
144012  144010  5.17    54.38
144014  144019  0.00    9.09
144014  144437  0.00    65.27
144016  143988  0.00    49.50
144016  144715  0.00    104.99
144019  144016  0.00    20.69
144019  144435  0.00    65.05
144021  144022  7.80    39.94
144022  143994  5.33    63.06
144022  144812  7.75    120.36
144028  144650  14.83   94.43
144029  143454  7.56    97.66
144029  144394  12.44   117.36
144032  143995  6.00    3.81
144032  144012  8.11    55.79
144038  144144  0.00    83.73
144048  143768  9.20    32.29
144050  144067  3.00    2.62
144058  144032  0.00    3.76
144059  143512  0.00    108.12
144059  144301  7.86    50.60
144067  144058  0.00    18.27
144077  144576  4.08    105.18
144077  143788  6.00    46.08
144082  143993  7.83    138.03
144082  144832  3.00    115.81
144097  144077  11.50   5.08
144112  143788  9.40    54.32
144124  144627  8.44    95.32
144125  143678  7.10    57.59
144127  144648  11.36   108.12
144127  143811  0.00    54.41
144144  143977  20.00   125.53
144157  144082  3.00    138.46
144157  143653  1.00    64.75
144186  144704  4.74    99.95
144186  144555  5.18    119.20
144190  144157  12.38   76.34
144192  143716  11.50   61.08
144192  144125  3.00    107.88
144203  144097  6.50    20.45
144228  144190  7.25    76.34
144228  144693  2.00    72.72
144243  144275  0.00    5.72
144244  144580  6.40    126.55
144249  144704  9.88    148.32
144251  144228  3.00    63.34
144254  144652  0.00    64.37
144277  144251  3.00    48.37
144300  144125  7.25    27.60
144300  144277  2.00    61.99
144301  144434  11.50   30.27
144301  143758  5.40    107.64
144304  144511  0.00    45.59
144310  144034  12.86   57.06
144339  144830  9.54    107.64
144339  144942  6.00    120.77
144354  144112  14.33   52.68
144354  144127  7.45    52.93
144384  143975  13.67   82.46
144388  144929  7.67    108.52
144388  144648  6.00    55.70
144394  144790  9.44    119.67
144394  144925  11.15   96.38
144411  143925  7.31    117.32
144411  143855  7.86    94.93
144428  144954  11.50   76.34
144434  144972  6.78    108.06
144435  144437  0.00    8.86
144435  144882  0.00    65.75
144437  144438  3.00    119.23
144438  144894  9.80    67.30
144448  144010  3.00    66.99
144448  144454  20.00   111.43
144465  144806  7.27    80.97
144472  143954  5.58    108.96
144472  144994  9.29    107.50
144477  144300  3.00    28.55
144511  145034  8.05    107.77
144511  144994  7.00    109.55
144523  144883  0.00    54.33
144527  143876  20.00   90.30
144538  144929  9.00    84.60
144549  144477  6.63    107.35
144549  144192  3.00    55.36
144555  144925  7.80    116.20
144555  144029  7.15    97.43
144576  144354  12.33   46.89
144576  145101  0.00    107.81
144580  145130  8.67    89.56
144580  144411  20.00   38.91
144583  143629  10.82   134.96
144592  145258  2.00    104.99
144595  144549  11.50   118.81
144595  144048  6.13    82.82
144612  145285  5.00    104.92
144626  143787  7.80    117.15
144626  144595  4.67    63.10
144627  145127  3.00    95.18
144648  145169  3.00    108.89
144648  144889  3.00    52.59
144649  144251  8.50    61.32
144650  145248  8.25    94.45
144660  143919  6.75    105.86
144661  144626  10.00   57.83
144661  143817  7.67    117.94
144668  143942  2.00    105.42
144682  145365  8.33    105.61
144687  144661  5.43    58.34
144687  143843  11.50   119.95
144689  144576  15.57   27.01
144693  144659  8.00    81.07
144693  144973  3.00    42.30
144697  143988  15.00   105.30
144704  145186  6.73    91.52
144704  145081  6.38    118.16
144709  143879  8.67    117.57
144709  144687  2.33    56.20
144713  144477  6.33    33.81
144713  144649  3.00    110.95
144715  145386  2.00    104.99
144716  144771  11.50   116.69
144726  144384  7.25    82.76
144726  143742  0.00    140.15
144733  145471  6.30    115.96
144733  144709  6.75    58.06
144754  144733  7.57    47.05
144754  143941  15.00   117.32
144770  145510  5.00    114.82
144770  144754  20.00   54.18
144771  144832  20.00   138.14
144771  143993  7.90    115.93
144788  144770  3.00    54.84
144788  143994  3.00    118.83
144790  144411  4.89    68.83
144806  145126  11.50   80.80
144809  144242  3.00    108.14
144812  145178  1.00    56.12
144812  144788  3.00    74.63
144830  144310  7.21    107.95
144832  144874  20.00   71.32
144832  145578  5.40    114.87
144860  144726  14.33   22.00
144860  145027  3.00    63.15
144874  144883  3.00    18.77
144882  145389  0.00    79.49
144883  144907  0.00    49.07
144889  145101  5.50    48.57
144889  144354  3.00    108.96
144894  144882  5.50    126.52
144894  145398  0.00    79.14
144895  144007  3.00    133.42
144895  144894  11.00   55.30
144896  144895  3.00    54.07
144896  144448  10.00   66.25
144901  144896  7.83    111.83
144907  144157  3.00    115.68
144907  144962  8.67    110.69
144908  144957  7.67    108.02
144908  144713  1.67    30.09
144925  145295  6.50    119.72
144925  145408  8.00    95.88
144929  145102  0.00    39.61
144942  145429  2.60    108.16
144954  145322  2.00    58.58
144954  144527  0.00    88.11
144957  144549  3.00    61.03
144962  144973  0.00    41.72
144972  144472  4.17    108.77
144972  145468  2.64    107.47
144973  145717  1.67    116.05
144973  145015  0.00    92.90
144994  145511  13.14   108.42
144994  145468  6.00    108.75
145015  145058  5.33    81.90
145015  145766  3.00    116.17
145027  145154  5.50    43.15
145027  144254  0.00    133.87
145034  145533  5.83    106.51
145058  144908  10.00   23.18
145074  144652  0.00    70.36
145074  145299  0.00    44.47
145081  144555  9.08    99.82
145081  145408  8.96    116.47
145101  145211  0.00    27.60
145102  145169  4.00    15.99
145102  145520  3.00    90.27
145127  145425  8.64    59.09
145127  144580  0.00    143.52
145130  145677  9.40    89.69
145147  144788  3.00    54.49
145154  145074  0.00    18.95
145169  145401  11.50   52.88
145178  145147  10.22   79.53
145178  145545  10.33   56.90
145181  144907  1.00    43.90
145190  145181  0.00    36.46
145238  145058  5.17    30.37
145248  145790  0.00    81.91
145258  145248  1.00    45.17
145283  144962  11.50   52.71
145285  145980  8.67    105.34
145285  145258  3.00    90.89
145295  144790  8.86    97.42
145299  145154  0.00    23.47
145304  144957  6.50    55.91
145322  146206  1.80    139.07
145322  145285  3.00    89.91
145333  146057  6.89    112.68
145338  144660  3.00    105.86
145338  145322  20.00   74.95
145349  145533  3.00    43.55
145352  144668  1.67    105.42
145352  145338  0.00    65.10
145353  145314  0.00    7.68
145355  144860  14.33   79.03
145355  145586  0.00    36.15
145360  146090  4.96    112.59
145360  144595  3.24    118.91
145365  145352  0.00    62.37
145365  146059  2.33    107.02
145371  144809  10.60   108.14
145371  145127  0.00    66.84
145375  145365  0.00    60.71
145375  144697  10.00   105.29
145381  144626  7.50    116.83
145386  146068  0.00    105.10
145386  145375  11.50   51.68
145389  145386  0.00    22.54
145393  146070  4.17    104.52
145393  145395  5.60    53.82
145395  145389  10.00   19.20
145398  145393  0.00    52.63
145398  146072  3.00    103.86
145399  144830  7.86    120.07
145400  144661  5.71    115.41
145401  144889  11.50   108.76
145402  145398  3.00    56.75
145404  145406  7.00    56.07
145405  146077  12.38   103.48
145405  145402  3.00    53.44
145406  145405  6.67    54.22
145407  145404  0.00    15.72
145408  145934  6.88    97.09
145408  145780  8.00    117.83
145419  145728  0.00    47.98
145422  144687  7.29    114.64
145425  145851  9.00    78.27
145429  145959  4.31    107.61
145429  144972  8.67    107.76
145431  144583  15.47   134.98
145443  145472  5.80    59.42
145449  144709  3.00    115.86
145468  145959  5.41    107.97
145468  146003  5.42    107.87
145471  146212  8.67    115.69
145472  145507  0.00    56.62
145489  144754  2.00    115.61
145497  146242  5.14    116.74
145507  144771  7.09    114.74
145507  145578  6.50    139.23
145510  145876  6.13    58.04
145511  145811  5.33    63.79
145511  145034  3.00    108.32
145524  145147  6.50    59.05
145533  146039  5.95    107.51
145533  146028  5.00    108.19
145545  145938  11.50   59.84
145553  145586  0.00    10.67
145562  145081  7.70    92.74
145562  145596  10.00   6.64
145578  145608  7.00    72.85
145578  146296  8.17    114.11
145586  145737  0.00    53.50
145604  145238  3.00    55.26
145608  145631  6.00    66.77
145608  144874  3.00    114.88
145631  145181  4.25    70.83
145631  145679  11.00   82.37
145646  145604  4.75    108.24
145646  145304  3.00    54.84
145677  146237  7.94    91.50
145677  145425  9.44    143.10
145679  146397  20.00   113.36
145679  145717  10.50   69.93
145694  145027  8.00    114.83
145717  146422  5.50    112.71
145717  145728  0.00    33.05
145728  145766  3.00    60.24
145734  145299  3.00    74.35
145734  145960  0.00    41.15
145737  145694  1.00    7.90
145765  145694  0.00    26.27
145765  145793  0.00    34.18
145766  145772  14.33   13.70
145772  145804  20.00   70.03
145780  145677  6.40    138.09
145780  145295  11.00   94.84
145784  145734  0.00    8.13
145784  145765  0.00    6.86
145790  146299  0.00    81.78
145793  145737  0.00    9.64
145804  145604  0.00    30.95
145811  146028  20.00   44.50
145837  145472  0.00    55.37
145838  145431  14.33   61.21
145851  146254  9.81    78.27
145876  146261  7.25    60.06
145882  145401  8.67    102.04
145915  145399  7.27    108.09
145915  145429  7.13    108.62
145934  145973  8.67    6.69
145938  145876  3.20    143.79
145938  146312  0.00    59.83
145949  145371  7.31    109.28
145955  146299  0.00    115.90
145959  146444  2.56    108.31
145959  146410  11.44   107.22
145960  145784  3.00    28.97
145971  145931  3.00    68.79
145971  145631  7.57    50.66
145973  146460  7.11    97.56
145974  145804  3.00    25.37
145980  146628  8.15    105.34
146003  145511  13.33   108.71
146003  146483  4.31    108.32
146009  145371  7.60    134.38
146028  146505  4.50    106.57
146028  146229  3.00    49.81
146035  145646  20.00   57.85
146035  145974  6.53    107.35
146039  146063  3.00    8.15
146039  146505  3.00    109.53
146044  145338  0.00    108.69
146049  145352  19.38   107.89
146057  146768  7.00    113.04
146057  146035  6.50    56.20
146059  146726  10.45   107.00
146063  146197  6.56    28.10
146063  146357  8.50    125.18
146064  145375  0.00    106.02
146068  146708  0.00    105.08
146070  146711  7.83    104.52
146072  146705  1.00    103.86
146074  145395  11.50   104.61
146075  145402  11.50   103.48
146076  145406  8.00    103.22
146077  146706  3.00    103.48
146090  146057  5.80    63.52
146090  146800  3.88    114.51
146117  146090  3.67    62.28
146117  145381  5.00    114.11
146134  145400  7.00    115.05
146134  146117  11.00   57.13
146156  145422  7.00    115.21
146156  146134  11.50   57.60
146191  146156  8.50    58.24
146191  145449  3.00    115.66
146197  146660  7.86    107.69
146197  146529  6.00    71.23
146201  146300  10.45   35.48
146206  147079  11.50   139.07
146212  146191  7.25    58.05
146212  146950  0.00    115.73
146229  145811  0.00    93.06
146229  146483  11.71   58.80
146236  146177  6.86    116.00
146236  145507  7.31    114.82
146237  146790  10.00   91.50
146242  146212  7.80    55.79
146242  146969  12.71   115.34
146254  146892  8.96    123.23
146254  146494  3.00    61.29
146261  146979  10.00   114.53
146261  146242  4.67    45.74
146264  145793  2.43    82.77
146273  146261  0.00    54.86
146273  146636  9.64    57.89
146286  145596  6.74    135.91
146296  146606  0.00    49.39
146296  146236  13.25   140.21
146299  146628  3.00    149.65
146300  145780  5.64    100.32
146300  146643  10.19   114.50
146312  146655  0.00    56.73
146312  146273  2.00    94.00
146319  146133  6.40    53.23
146319  146286  2.33    4.85
146328  146367  16.67   107.53
146328  145974  2.50    56.54
146337  146312  4.75    59.21
146348  145960  11.50   70.90
146357  146440  6.40    32.66
146367  146035  8.67    54.37
146369  146296  14.60   140.04
146369  145971  14.33   64.20
146397  146369  7.00    84.46
146410  145915  8.78    108.95
146412  146573  6.03    89.15
146412  147249  3.14    139.79
146422  146397  2.00    67.63
146422  146899  0.00    75.57
146440  146458  0.00    10.67
146444  146939  2.60    108.77
146444  146003  3.42    107.52
146448  146412  0.00    11.86
146458  146448  0.00    13.17
146460  146644  5.83    37.73
146460  146834  10.27   121.10
146471  146422  6.00    107.39
146471  145772  8.86    110.71
146483  146981  2.56    108.52
146483  146939  8.67    105.54
146494  145949  4.67    109.28
146494  146667  50.00   50.56
146505  146981  5.13    109.55
146505  146660  2.00    37.68
146507  146471  0.00    70.48
146507  146328  18.67   29.04
146529  146658  3.00    32.05
146573  147249  7.06    139.13
146573  146725  5.74    48.74
146590  146606  8.67    42.28
146606  147219  6.00    100.89
146628  147299  7.33    110.85
146636  146999  3.00    56.55
146643  146790  7.68    45.19
146644  146780  10.00   24.86
146644  146286  5.93    119.19
146655  146636  5.33    98.50
146655  147025  10.00   57.86
146658  146882  3.00    46.20
146658  146357  2.33    56.88
146660  146995  2.00    70.98
146667  146009  3.00    135.77
146671  146687  8.57    52.85
146671  146507  9.00    28.71
146686  146652  2.33    116.78
146686  146236  6.38    74.72
146687  146729  9.73    56.12
146687  147441  0.00    122.66
146699  146076  8.67    103.22
146699  146707  35.00   55.48
146702  146075  20.00   103.47
146702  146706  3.00    55.12
146705  147208  10.50   80.16
146705  146702  7.33    55.27
146706  147202  3.00    79.81
146706  146699  3.00    52.92
146707  146724  3.00    16.40
146708  146722  1.00    46.41
146711  146705  6.50    54.12
146711  147209  3.00    79.85
146712  147206  0.00    79.58
146712  146708  0.00    4.53
146714  146049  5.89    107.89
146714  146726  2.20    69.03
146715  146044  3.00    108.69
146715  146714  5.33    64.32
146718  147207  8.67    79.34
146718  146721  3.00    12.03
146721  146712  3.00    42.39
146721  146064  5.75    106.02
146722  146711  1.67    54.22
146722  146074  13.33   104.61
146725  146869  5.56    47.39
146725  147165  4.75    87.00
146726  147053  4.75    51.04
146726  146718  0.00    44.03
146729  146367  12.17   57.68
146768  147507  10.43   121.60
146768  146729  11.29   58.66
146780  147172  7.36    103.52
146780  147152  7.02    125.05
146790  146892  9.00    30.84
146800  147528  6.55    119.74
146800  146768  6.50    60.30
146834  147179  9.00    121.01
146835  146800  7.00    63.34
146835  146117  9.40    114.51
146836  147261  0.00    70.95
146837  146369  14.00   74.38
146859  146835  3.00    55.64
146859  146134  8.17    114.67
146864  146837  3.00    76.24
146869  147017  5.14    48.30
146882  146458  3.00    76.51
146882  147004  0.00    26.59
146892  147016  20.00   50.42
146894  146156  3.75    115.29
146894  146859  0.00    58.14
146899  147350  11.00   74.42
146899  146864  3.00    76.24
146905  146444  5.14    107.79
146905  146410  6.00    107.34
146920  146894  3.00    57.84
146920  146191  8.17    115.47
146939  147409  7.25    107.88
146939  147385  4.86    109.78
146942  146899  14.33   88.73
146950  146920  50.00   57.29
146950  147629  20.00   118.01
146969  147652  7.40    119.09
146969  146950  20.00   56.94
146976  146865  7.50    35.10
146976  146319  7.18    127.43
146978  146942  3.00    88.74
146978  146671  7.25    46.91
146979  146969  0.00    44.70
146979  147677  7.15    119.48
146981  147409  5.67    107.08
146981  147433  2.60    106.89
146995  147464  44.29   107.27
146995  146529  5.43    107.21
146999  147305  11.00   53.27
146999  146979  0.00    55.91
147004  147464  4.41    110.16
147016  147040  7.00    10.02
147017  147472  14.33   92.98
147017  147163  9.11    50.58
147025  146999  11.50   103.05
147040  146494  10.41   107.76
147040  147125  17.44   57.15
147050  146715  0.00    51.33
147053  147050  3.00    132.86
147053  147360  13.50   52.06
147062  147025  10.00   60.90
147079  147916  13.50   139.07
147125  146667  25.38   87.54
147125  147244  12.55   89.88
147128  147587  5.13    108.55
147128  146905  5.29    53.53
147144  147831  9.83    118.09
147144  147120  7.61    51.49
147152  147516  6.75    125.13
147163  147287  7.59    49.42
147165  147576  0.00    87.00
147168  147144  7.63    65.69
147168  146686  11.50   75.58
147172  146976  6.28    100.87
147179  146643  4.86    100.07
147202  147668  3.00    79.81
147203  146702  0.00    80.04
147206  147667  0.00    79.59
147207  147666  1.00    79.34
147208  147679  9.00    80.16
147209  147676  6.40    79.85
147211  146722  11.50   79.86
147214  146699  10.00   81.30
147219  147168  8.56    140.56
147219  147938  6.88    117.93
147249  147517  5.33    45.49
147261  147219  9.41    82.21
147265  147590  3.00    55.40
147265  147261  1.00    14.05
147281  146837  16.60   74.86
147281  147265  7.75    44.29
147283  147309  2.00    57.92
147283  147050  3.00    41.47
147287  147386  5.14    31.16
147299  147980  4.67    110.85
147305  147708  3.00    66.87
147309  147360  0.00    74.94
147312  146869  6.25    89.84
147314  147281  6.58    76.15
147322  147128  7.95    47.89
147322  147806  8.55    109.78
147341  147305  3.00    84.42
147350  148068  3.60    118.78
147350  147314  8.58    76.15
147360  147673  20.00   56.23
147362  147341  10.00   84.41
147385  147587  4.55    52.70
147385  146905  4.15    108.42
147386  147556  5.21    60.40
147394  147735  10.00   56.81
147394  147350  7.66    92.67
147409  147846  4.15    108.33
147409  147886  1.00    107.98
147425  147394  6.55    85.66
147433  146995  9.40    109.40
147433  147907  22.00   106.92
147441  148154  7.75    115.26
147441  147425  8.18    55.09
147449  147179  8.67    92.24
147464  147907  7.29    107.55
147464  147678  3.00    51.57
147472  147936  6.75    92.98
147477  146729  6.38    123.31
147477  147441  7.86    57.30
147483  147678  3.00    49.83
147507  147477  7.95    58.19
147516  147179  9.33    63.39
147516  147830  6.50    109.00
147517  147576  11.50   21.66
147528  147507  7.42    59.36
147549  147287  8.67    52.05
147550  147528  7.21    62.24
147550  146835  8.57    119.40
147556  147700  4.75    50.11
147556  148090  7.67    95.75
147566  147550  8.12    57.76
147566  146859  4.43    118.70
147576  147737  10.00   41.39
147587  148077  9.50    108.29
147587  147806  5.60    54.47
147592  147566  6.09    56.48
147592  146894  11.00   118.32
147593  147592  0.00    5.53
147608  146920  12.30   117.87
147608  147593  6.73    51.25
147612  147163  4.00    96.26
147615  147608  11.00   8.11
147629  147615  3.13    49.12
147634  147629  0.00    11.15
147652  147634  3.00    44.19
147657  147652  12.60   15.91
147661  147725  11.15   7.36
147665  147647  3.00    31.32
147666  147667  5.61    50.89
147666  147673  0.00    36.83
147666  148005  3.00    52.49
147667  147669  0.00    26.71
147668  147695  50.00   52.80
147671  147203  11.50   80.04
147671  147668  4.86    55.83
147673  147691  3.00    20.76
147673  148158  2.00    77.97
147675  147016  0.00    119.13
147676  148408  20.00   121.13
147676  147684  9.75    54.73
147677  147657  6.56    31.18
147678  147841  11.50   37.51
147679  147676  3.00    55.18
147679  148372  0.00    116.57
147679  147671  2.60    54.15
147682  148033  10.00   54.67
147684  148113  3.00    68.60
147684  147211  11.00   79.86
147684  147669  0.00    25.02
147687  147661  0.00    18.32
147690  147309  0.00    64.12
147690  147665  3.00    44.57
147691  148503  0.00    135.04
147691  147690  3.00    58.97
147695  147214  5.33    81.30
147695  147713  6.95    56.40
147700  147839  8.27    50.23
147708  147677  7.09    54.82
147713  147687  8.67    3.83
147723  147708  6.11    49.17
147723  148040  3.00    49.84
147725  147732  6.07    51.74
147725  147759  6.60    6.77
147732  147723  7.76    71.81
147735  147697  11.50   57.07
147735  148104  0.00    61.41
147737  148334  10.00   125.26
147737  147754  14.33   7.32
147744  147713  0.00    5.18
147754  147312  5.50    89.84
147754  147908  14.33   40.43
147759  147744  0.00    18.86
147806  148291  6.55    107.84
147809  148402  6.75    98.36
147831  147809  8.67    53.03
147839  148587  3.00    138.63
147839  148015  5.50    54.68
147846  147385  3.00    108.02
147846  148077  6.40    52.98
147857  147507  5.50    61.62
147860  147168  11.86   117.86
147860  147831  8.14    63.78
147877  147860  3.00    36.68
147877  148567  10.80   117.67
147886  147433  2.67    110.09
147886  148330  1.67    104.81
147907  148368  2.60    108.96
147907  148134  3.00    53.44
147908  147936  3.00    7.49
147908  148479  5.54    118.70
147916  147930  3.00    55.94
147916  147983  3.00    11.36
147930  147946  5.86    36.04
147930  148527  0.00    102.68
147935  148171  0.00    54.19
147936  148089  2.33    42.90
147938  147877  3.00    104.60
147938  148353  11.00   73.20
147946  147665  0.00    42.30
147967  148259  0.00    49.98
147967  147938  2.33    76.91
147969  147517  9.62    79.45
147980  148548  2.33    98.63
147983  147980  10.00   91.31
147983  148537  3.00    96.57
147987  147549  8.17    89.58
147987  148373  0.00    68.74
147993  147967  11.50   63.03
147993  147281  11.00   117.16
148015  148160  11.50   51.60
148033  147993  10.00   74.21
148040  148126  0.00    16.27
148047  148040  0.00    74.25
148047  147732  6.30    50.14
148068  148033  3.75    78.74
148068  148485  4.25    72.64
148077  148291  3.00    54.64
148089  148096  0.00    2.78
148090  147386  4.33    117.71
148095  148091  11.50   20.99
148096  147612  20.00   96.23
148096  148262  0.00    47.68
148104  148068  9.00    91.23
148113  148128  0.00    26.94
148113  148435  50.00   56.06
148126  148095  2.00    78.31
148126  148185  0.00    10.36
148128  148158  2.33    100.73
148130  147549  6.40    95.34
148134  148330  3.00    54.16
148140  148104  1.00    88.21
148140  147425  8.67    116.88
148154  149013  3.00    147.11
148154  148140  7.40    58.76
148158  148500  0.00    59.14
148160  148300  3.45    52.81
148162  148154  10.29   53.13
148162  147477  30.00   113.74
148171  147841  2.60    64.02
148185  148418  0.00    39.93
148187  148162  5.80    60.43
148199  148185  10.00   74.71
148199  148047  0.00    28.49
148209  148187  5.00    60.07
148216  148373  3.00    46.55
148216  147987  8.67    50.16
148229  148209  7.67    60.36
148260  148229  8.67    58.44
148262  148216  0.00    9.21
148279  148651  3.00    64.85
148279  148343  14.33   80.93
148287  148260  2.00    61.02
148289  148279  9.20    59.23
148291  148608  3.00    75.21
148300  148450  5.83    49.37
148305  147615  8.38    115.13
148305  148287  10.00   59.32
148325  147846  6.73    108.39
148325  147886  3.00    107.18
148330  148783  3.00    110.44
148330  148802  5.43    109.28
148331  148305  0.00    59.99
148331  147634  11.20   115.33
148334  148479  3.00    47.34
148336  148353  11.50   52.27
148343  148372  14.75   80.74
148349  147675  20.00   119.13
148353  148613  6.50    44.38
148354  148331  7.14    60.13
148354  147657  10.00   115.41
148368  148171  0.00    54.22
148372  148408  5.33    53.35
148372  148714  22.90   59.19
148373  148409  20.00   6.55
148386  148421  14.33   54.26
148391  148354  20.00   52.55
148391  148416  0.00    4.01
148393  148090  2.33    53.46
148393  148464  0.00    26.21
148401  148391  15.00   9.58
148401  148452  1.00    80.55
148401  148095  0.00    53.21
148402  148991  10.57   98.36
148405  148199  2.00    35.96
148405  148418  0.00    74.87
148408  148435  3.00    55.19
148409  148852  10.00   94.55
148409  148605  20.00   53.75
148416  148782  8.50    86.95
148418  148452  0.00    6.24
148421  147860  6.72    92.85
148435  148447  0.00    22.07
148447  148500  11.50   99.24
148447  148128  0.00    55.54
148450  148584  16.67   53.74
148450  149128  11.50   125.21
148452  148669  3.00    38.10
148464  147700  2.00    140.28
148464  148587  9.00    50.45
148479  148617  20.00   42.34
148485  148723  20.00   43.64
148500  148503  1.00    35.19
148500  148847  3.00    60.21
148503  148505  0.00    31.10
148505  149236  1.00    121.06
148505  148510  0.00    32.71
148510  148524  0.00    53.47
148510  147690  0.00    136.27
148521  148485  1.00    90.20
148524  148527  0.00    26.63
148524  147946  8.67    99.57
148537  148527  0.00    61.68
148537  148911  0.00    59.40
148548  149143  5.33    98.63
148555  148421  2.33    24.89
148558  148140  7.56    74.77
148558  148521  11.50   90.20
148567  148555  11.50   36.82
148582  148567  4.75    33.45
148584  149323  5.83    131.11
148584  148726  7.25    54.78
148585  148134  2.00    108.24
148585  148368  3.00    53.61
148587  148711  2.33    53.16
148587  149055  7.25    83.63
148605  148673  0.00    19.29
148605  149065  3.00    92.55
148608  148749  6.40    34.10
148613  148582  10.86   71.49
148613  149167  8.00    91.41
148617  148089  9.80    121.86
148640  148613  6.50    74.35
148648  148681  2.00    22.02
148651  148648  10.75   57.59
148651  149029  3.00    61.27
148660  148262  3.00    86.22
148668  148640  2.33    66.58
148668  147993  2.00    117.39
148669  148416  5.14    101.44
148673  148796  8.00    34.28
148673  148130  3.00    95.34
148681  148765  3.89    57.09
148687  148651  3.00    77.40
148691  148668  6.67    76.32
148711  148866  3.00    53.02
148711  148015  7.40    135.82
148714  149099  0.00    60.15
148714  148687  4.29    77.40
148723  148691  9.20    76.32
148723  149121  3.00    63.30
148726  149176  0.00    78.46
148726  148894  0.00    53.67
148749  148325  6.78    107.88
148749  149248  3.56    107.95
148752  148723  5.33    63.31
148752  149589  5.00    141.78
148765  148811  6.33    26.93
148765  148405  0.00    62.81
148777  148752  20.00   58.34
148782  149159  11.50   86.82
148783  149248  2.83    108.16
148783  148325  4.67    107.76
148786  148447  0.00    59.79
148786  148714  7.50    128.78
148796  149272  3.00    91.12
148802  148585  0.00    53.56
148804  148558  11.50   42.44
148804  148777  9.80    59.34
148811  148669  9.75    57.28
148817  148464  8.67    66.76
148817  148393  2.00    73.15
148836  148608  0.00    52.60
148847  148786  2.33    99.28
148847  149215  0.00    58.28
148852  148660  20.00   52.83
148852  149238  7.25    72.72
148866  148160  3.00    132.61
148866  149001  0.00    50.66
148894  148969  5.55    32.08
148894  149370  1.67    89.93
148907  148524  0.00    62.46
148911  149166  1.00    44.62
148911  148907  0.00    86.45
148969  149054  0.00    46.85
148983  149259  3.00    140.18
148984  148804  7.75    27.20
148990  148811  1.00    81.38
148991  148788  9.75    54.79
149001  149128  0.00    51.47
149001  148300  4.17    128.31
149007  148660  4.67    70.24
149013  149773  10.67   132.93
149013  148984  6.92    62.37
149029  149390  15.40   62.44
149029  148990  3.00    80.64
149041  149013  8.08    49.93
149041  148162  7.40    148.35
149045  149041  3.00    15.95
149054  149144  5.83    49.11
149055  149457  0.00    76.68
149061  149029  3.00    77.02
149062  148187  11.00   148.28
149062  149045  8.67    44.28
149065  149682  2.00    132.81
149065  148852  10.00   54.68
149074  149062  13.20   21.22
149075  149152  0.00    15.04
149083  148555  7.67    86.99
149083  149127  5.33    70.50
149091  148209  4.67    148.54
149091  149074  6.62    38.66
149094  149702  2.33    116.89
149094  148991  6.67    28.59
149099  149456  4.63    63.55
149099  149061  20.00   77.02
149108  149091  4.40    40.93
149118  149108  6.57    18.92
149121  149371  10.75   111.23
149121  149623  3.00    89.98
149127  149167  7.20    72.23
149127  148582  10.00   88.95
149128  149170  0.00    7.57
149141  148260  7.91    149.49
149141  149118  8.00    58.25
149143  149166  0.00    92.62
149143  149654  10.33   89.23
149144  149306  11.50   73.19
149152  149099  0.00    127.97
149152  149526  20.00   63.08
149159  148331  5.40    139.42
149166  149216  20.00   83.71
149166  149629  6.50    81.46
149167  149674  9.80    88.34
149170  149799  1.00    122.70
149175  149141  6.50    61.59
149176  149583  0.00    78.45
149191  149055  3.00    54.26
149191  148711  3.00    82.84
149208  149175  2.00    60.94
149208  148305  8.67    149.30
149215  149152  0.00    99.25
149216  149235  0.00    59.65
149216  148907  0.00    51.18
149225  148640  4.40    95.45
149227  149159  10.00   8.65
149227  149208  8.33    58.81
149235  148510  0.00    120.43
149235  149236  7.25    32.75
149236  149215  5.25    76.91
149236  149604  0.00    66.91
149248  149647  3.00    99.94
149254  149227  8.57    60.78
149255  148668  0.00    95.27
149259  149254  1.00    7.66
149272  149065  4.75    58.13
149272  149966  3.00    149.01
149274  148783  1.00    106.62
149274  148802  11.50   110.18
149281  149259  1.00    52.86
149281  150033  9.40    133.94
149314  149281  22.00   66.31
149323  149571  6.40    50.99
149323  149170  20.00   53.46
149341  149191  3.00    54.17
149341  148866  3.00    83.84
149348  149314  7.56    74.37
149358  148983  8.67    138.57
149358  149348  8.00    41.25
149370  149828  0.00    89.90
149371  150034  3.00    116.89
149379  149888  7.00    98.77
149379  149094  6.82    84.21
149390  149358  12.29   113.59
149421  149390  6.25    76.70
149442  149001  14.33   83.73
149442  149341  0.00    50.02
149449  149379  11.17   18.60
149449  149083  8.27    63.71
149452  149306  0.00    29.71
149456  149421  7.60    76.70
149456  149859  2.00    70.25
149457  149849  3.00    76.42
149502  148969  4.25    100.71
149505  148817  7.25    120.20
149505  149272  8.00    67.40
149526  149926  11.00   70.20
149526  149456  5.87    127.17
149554  149589  0.00    61.35
149554  148777  20.00   131.04
149559  149526  10.13   87.40
149563  149559  3.00    8.41
149566  149563  3.00    3.23
149571  149950  10.00   72.22
149589  150218  7.43    115.88
149589  149623  8.67    65.99
149599  149144  7.25    85.25
149604  149566  3.00    81.08
149623  150119  9.80    88.83
149629  150208  16.67   105.06
149629  149631  0.00    90.50
149631  149604  3.00    90.52
149647  149649  11.50   6.70
149649  149274  1.00    102.19
149654  150150  3.00    89.23
149666  149673  0.00    7.85
149666  149452  10.29   37.64
149673  149686  0.00    14.48
149682  149238  0.00    85.62
149696  149449  5.83    55.50
149696  149837  8.13    30.10
149702  149517  0.00    83.56
149702  150073  15.75   70.68
149719  149341  2.50    75.96
149733  149054  7.25    129.55
149733  149502  5.22    56.44
149741  149829  0.00    19.47
149741  149191  4.44    108.69
149744  148984  9.15    133.60
149751  149769  0.00    64.78
149751  149225  7.80    95.45
149756  149735  0.00    34.46
149756  150078  0.00    56.67
149769  149255  1.00    95.00
149773  149744  11.50   63.74
149773  150459  8.67    130.61
149785  149810  0.00    61.33
149789  149452  9.00    97.11
149796  149045  6.14    133.04
149796  149773  0.00    63.61
149799  149990  0.00    33.77
149799  149757  0.00    21.50
149810  149208  7.00    108.67
149810  149961  0.00    23.76
149812  149696  11.11   89.78
149827  149074  7.88    132.96
149827  149796  8.67    66.06
149828  149571  3.00    107.77
149829  149942  2.33    33.59
149831  149442  3.00    76.14
149837  150145  8.92    65.33
149837  150158  10.00   73.34
149849  150201  3.00    71.70
149851  149829  0.00    12.30
149851  149741  3.00    18.51
149859  150192  2.00    60.16
149864  149827  6.50    79.33
149888  149702  3.73    81.13
149888  150221  0.00    68.43
149895  149141  8.67    131.99
149895  149864  16.43   75.64
149898  149666  8.67    41.10
149912  150178  3.00    113.58
149921  149502  9.00    80.14
149921  149828  3.00    34.19
149926  149859  9.83    127.65
149926  150248  10.25   63.73
149929  149566  0.00    63.84
149930  149895  10.00   62.81
149942  149849  0.00    30.57
149942  150128  2.50    36.33
149943  149812  9.00    89.80
149943  149751  11.50   32.34
149950  149799  11.50   53.47
149950  150112  3.00    33.53
149961  150085  8.38    24.32
149961  149930  0.00    61.89
149962  149926  3.00    77.33
149964  149989  0.00    76.92
149966  150079  1.00    59.43
149986  149227  35.00   133.38
149986  149961  8.67    60.22
149987  149929  0.00    62.55
149987  150333  0.00    68.05
149989  149987  0.00    61.46
149989  150353  0.00    69.77
149990  150488  3.00    112.43
149992  149943  4.69    75.67
149994  149898  0.00    17.93
150013  149986  20.00   58.92
150013  149254  3.00    133.63
150016  149994  0.00    14.14
150016  149898  6.00    19.89
150033  150703  11.50   129.27
150033  150013  20.00   61.28
150034  149992  4.22    75.69
150035  149851  0.00    32.20
150052  149599  5.33    85.20
150052  149733  8.41    65.11
150059  150033  20.00   64.86
150059  149314  6.50    134.02
150061  149869  0.00    54.40
150061  150590  0.00    105.30
150068  150034  1.67    25.11
150078  150061  0.00    61.73
150078  150554  0.00    94.31
150079  149505  11.50   132.25
150079  150201  14.33   57.91
150085  150065  0.00    61.45
150086  149348  5.20    133.35
150086  150059  3.00    75.10
150101  150086  0.00    42.53
150110  150035  4.75    30.36
150110  149719  1.67    75.96
150112  149990  2.50    53.90
150112  150389  11.50   60.21
150119  150068  4.86    41.33
150119  150818  2.60    133.21
150128  150035  3.00    41.68
150145  150320  0.00    38.18
150150  150514  11.50   73.31
150150  150078  20.00   88.39
150158  150593  2.00    88.68
150178  149921  7.50    52.66
150192  150248  22.25   130.33
150201  150569  13.40   80.49
150206  150110  20.00   46.66
150206  149831  1.00    76.14
150208  150840  11.29   125.11
150208  150150  20.00   89.04
150218  150119  16.50   62.37
150218  150858  20.00   121.88
150231  149964  1.00    81.25
150231  150208  12.60   44.94
150235  150145  9.30    113.36
150235  149943  3.00    58.67
150243  150750  3.00    94.17
150243  150231  0.00    22.38
150248  150734  0.00    89.62
150248  150314  1.00    76.53
150252  150243  0.00    8.75
150252  150353  15.75   87.23
150275  149929  11.50   67.89
150297  150052  2.45    57.26
150297  149789  5.33    98.73
150314  150318  0.00    7.34
150318  150322  0.00    3.09
150320  150474  8.36    41.37
150321  150541  0.00    46.10
150322  150275  20.00   7.03
150325  149682  3.00    140.72
150329  150218  7.57    63.44
150329  149554  1.00    141.39
150333  150275  11.00   58.75
150353  150333  3.00    70.28
150383  150235  10.50   127.24
150389  150686  0.00    62.69
150407  150329  7.90    62.17
150407  149744  6.47    125.09
150417  150016  13.20   80.32
150424  150112  20.00   141.08
150424  150178  9.00    55.06
150443  150407  51.00   21.57
150457  150110  6.75    77.45
150458  150322  3.00    31.11
150459  150443  5.07    47.99
150467  149796  8.67    129.91
150467  150459  4.17    62.22
150474  150691  9.00    38.53
150478  149895  9.20    114.83
150488  151040  7.25    112.43
150492  149827  13.25   128.78
150492  150467  7.86    68.62
150492  151007  10.57   113.32
150510  150458  3.00    96.53
150511  149994  12.75   112.42
150511  150297  5.85    56.45
150514  151041  2.33    98.61
150516  150492  7.83    44.66
150516  150627  3.00    32.40
150533  150516  7.52    34.93
150541  150514  0.00    60.52
150546  150235  3.00    61.61
150546  150474  12.60   61.26
150554  150958  0.00    76.73
150554  150541  0.00    28.93
150556  150546  21.83   10.81
150556  150739  50.00   32.61
150559  150252  3.00    66.98
150559  150510  0.00    96.52
150561  150206  3.00    77.19
150569  150949  7.25    77.23
150586  150533  4.87    140.64
150593  150983  0.00    86.94
150611  150586  4.17    60.07
150611  150085  15.00   104.21
150627  150828  4.67    63.16
150627  150533  10.25   19.81
150644  150611  5.33    60.04
150644  149986  8.63    128.83
150674  150013  6.75    129.32
150674  150644  3.60    59.87
150681  150158  3.00    116.92
150681  150320  5.50    81.87
150686  151150  15.00   100.27
150691  150801  0.00    20.29
150693  150674  26.60   49.09
150703  150693  2.00    12.59
150705  150739  0.00    77.37
150705  150556  10.00   90.69
150721  150389  11.00   140.07
150721  150424  7.25    60.32
150726  150569  0.00    55.34
150726  150128  3.38    124.93
150727  150703  6.50    61.37
150727  150059  6.14    128.90
150734  150992  0.00    52.35
150738  150686  0.00    19.86
150739  150824  10.29   17.33
150739  150801  3.00    66.11
150750  151222  0.00    94.16
150761  151079  3.00    78.27
150761  150086  14.86   129.47
150761  150727  3.00    75.45
150767  150458  0.00    56.43
150771  150734  0.00    64.19
150783  150761  6.75    55.82
150801  151183  5.33    78.10
150818  151135  11.50   64.57
150824  151302  8.67    99.98
150825  150767  0.00    98.61
150826  150511  11.50   70.41
150826  150417  3.00    79.68
150826  151243  0.00    137.03
150828  151009  5.50    61.94
150838  150726  2.00    54.10
150838  150457  3.00    77.45
150840  151468  12.60   125.57
150858  151332  9.40    100.06
150858  150818  20.00   61.54
150887  150559  0.00    60.65
150887  150825  0.00    98.64
150900  150329  6.50    110.78
150900  150858  11.50   63.79
150908  150443  13.21   101.08
150908  150467  20.00   100.10
150914  150783  10.75   27.84
150930  150561  5.83    77.19
150930  150838  0.00    47.73
150933  150407  6.50    100.95
150933  150900  2.60    61.31
150947  151273  0.00    72.22
150947  150738  0.00    48.93
150949  151312  9.80    77.42
150958  151015  0.00    50.44
150958  151001  0.00    7.49
150964  150231  16.83   141.55
150983  150681  8.33    66.96
150988  150721  7.25    59.18
150988  150738  0.00    120.74
150992  151314  0.00    64.43
151001  151285  0.00    57.07
151007  151213  0.00    52.34
151009  151192  5.17    62.53
151009  151578  0.00    136.28
151015  151041  0.00    36.03
151027  151207  3.00    63.72
151027  150693  18.80   79.13
151033  150992  0.00    58.40
151034  150383  10.33   135.81
151034  150705  4.17    106.46
151036  150325  0.00    143.63
151038  151001  0.00    47.12
151038  151334  0.00    60.25
151039  151033  0.00    11.08
151040  150930  0.00    51.33
151040  151387  6.56    78.15
151041  151427  4.92    76.58
151043  150767  0.00    55.73
151043  151039  0.00    2.39
151071  150726  8.67    76.04
151079  151390  9.00    78.27
151087  150983  11.50   24.85
151090  151043  0.00    99.15
151094  150824  12.71   88.84
151100  151038  0.00    50.96
151135  151372  2.00    65.09
151135  151034  6.40    30.48
151150  151040  8.67    51.04
151150  151523  0.00    78.52
151177  151090  3.00    99.27
151177  150887  10.00   58.07
151183  151580  11.50   84.60
151184  150838  3.83    76.12
151190  151007  6.79    63.71
151192  151362  0.00    61.35
151207  151390  0.00    65.02
151207  150727  8.00    117.68
151213  150908  11.92   71.05
151219  151499  16.86   109.61
151219  150933  2.00    56.41
151222  151177  0.00    43.45
151222  151693  0.00    93.91
151240  150691  14.33   123.27
151240  151087  0.00    62.56
151243  151852  0.00    141.73
151260  150914  1.00    82.01
151273  151150  0.00    58.99
151284  150930  3.00    76.39
151285  151458  0.00    31.98
151288  150988  8.67    65.42
151288  150947  5.23    89.16
151302  151621  0.00    96.06
151308  151554  6.50    47.79
151312  151416  8.67    46.70
151314  151516  0.00    37.45
151326  151351  0.00    6.33
151326  151100  0.00    79.74
151331  151314  0.00    56.91
151332  151135  7.25    65.32
151334  151625  0.00    56.36
151334  151285  0.00    38.48
151344  151043  0.00    62.16
151351  151358  0.00    49.09
151351  151461  0.00    70.99
151358  151100  0.00    53.26
151362  151920  9.50    137.21
151362  151573  0.00    63.03
151365  151190  14.68   63.25
151370  151344  0.00    95.03
151372  151621  5.00    62.09
151372  151094  9.40    88.94
151385  151332  0.00    18.78
151385  151219  11.42   131.03
151387  151753  4.75    78.07
151390  151597  0.00    63.21
151390  151806  3.00    105.33
151399  151358  0.00    8.68
151399  151334  0.00    44.45
151416  151550  5.33    54.63
151416  151853  4.96    95.52
151416  151071  1.00    76.04
151422  151370  0.00    95.08
151422  151177  0.00    51.22
151424  151219  3.00    44.76
151425  151087  0.00    75.15
151427  151433  0.00    47.15
151433  151015  0.00    84.67
151442  151344  0.00    16.69
151452  150914  7.67    103.99
151453  151240  20.00   47.27
151455  151027  9.40    103.36
151456  151500  0.00    10.96
151456  151442  11.00   4.41
151458  151611  0.00    33.61
151458  151433  0.00    36.87
151459  151273  0.00    82.16
151459  151288  0.00    37.31
151461  151399  0.00    9.33
151468  151554  3.00    47.69
151499  151827  6.78    110.99
151500  151530  0.00    8.43
151516  151765  0.00    57.66
151523  151850  0.00    78.52
151524  151442  0.00    14.86
151525  151213  3.00    70.01
151530  151761  0.00    49.46
151530  151516  0.00    56.82
151537  151524  0.00    69.12
151550  151184  3.00    76.12
151550  151637  0.00    48.92
151554  151567  0.00    11.41
151567  150964  0.00    139.51
151573  151455  0.00    27.38
151578  152105  17.17   134.60
151578  151365  3.14    61.93
151580  151762  13.67   60.19
151580  152062  8.13    111.56
151597  151260  0.00    82.01
151597  151773  3.00    62.58
151598  151453  0.00    64.14
151598  151183  0.00    93.06
151611  151625  0.00    19.98
151621  151868  11.50   68.55
151621  151998  9.20    118.79
151625  151461  0.00    72.76
151631  151455  0.00    63.63
151631  151207  12.71   103.45
151637  151753  20.00   51.02
151637  151284  3.00    76.39
151645  151422  0.00    44.83
151645  151705  0.00    34.77
151680  151424  9.00    63.87
151680  151385  1.00    90.15
151693  151645  0.00    61.99
151693  152424  0.00    146.51
151705  152050  3.00    67.78
151705  151682  0.00    70.10
151720  151036  0.00    143.13
151746  151424  1.00    101.88
151750  151525  8.13    55.48
151751  151192  18.57   136.21
151751  151578  7.80    63.66
151753  151850  0.00    50.24
151753  152212  8.23    98.60
151757  151372  20.00   118.21
151758  151425  3.00    75.31
151761  151765  0.00    67.98
151761  152064  0.00    58.37
151762  151868  4.75    37.82
151765  152048  0.00    53.83
151773  151825  0.00    15.77
151800  151750  9.00    13.72
151806  151631  1.00    61.90
151821  151866  0.00    135.16
151823  151573  2.00    97.11
151825  151987  0.00    33.54
151827  152051  6.50    58.24
151844  151611  0.00    53.79
151849  151567  0.00    62.95
151850  152311  0.00    99.77
151852  152052  0.00    137.37
151858  151680  20.00   59.51
151858  152138  11.50   65.86
151866  152449  0.00    140.75
151868  151955  4.57    24.66
151871  151598  10.00   68.67
151920  151751  3.00    60.31
151944  151452  3.00    103.79
151944  151773  0.00    60.67
151955  152168  3.36    62.19
151955  152347  0.00    87.89
151975  152489  0.00    117.44
151975  151871  3.75    33.65
151987  152127  0.00    34.89
151991  151848  0.00    44.42
151991  151758  0.00    55.90
151998  152377  0.00    118.87
151999  151550  4.88    101.12
152002  151806  1.00    39.02
152005  151524  0.00    97.41
152015  152005  1.00    75.10
152024  152524  25.50   121.66
152033  151453  0.00    131.64
152033  151758  4.67    62.70
152048  152292  0.00    51.04
152050  152283  0.00    47.69
152050  152015  0.00    75.15
152051  152105  7.64    14.47
152051  151800  10.00   50.93
152052  151821  0.00    136.30
152060  151645  0.00    84.02
152062  151975  6.00    34.08
152064  152293  0.00    48.35
152064  152048  0.00    70.67
152070  151825  11.50   81.08
152081  151746  7.14    101.88
152106  152478  9.82    95.27
152106  151858  3.00    71.73
152112  151997  0.00    56.37
152112  151991  0.00    31.43
152115  151637  10.33   103.22
152118  151920  11.50   63.10
152118  151573  7.88    138.19
152121  151597  8.57    129.99
152121  152002  0.00    42.17
152127  152287  1.00    40.40
152138  152377  3.00    60.81
152138  151757  9.18    118.21
152150  152005  0.00    31.09
152168  152315  8.23    50.53
152202  151720  5.43    139.04
152207  152062  3.00    60.80
152220  152033  0.00    46.46
152248  152136  0.00    45.30
152248  152112  0.00    33.82
152258  152118  11.50   47.65
152259  151987  0.00    99.36
152287  152121  30.75   62.71
152292  152286  0.00    37.65
152293  152292  0.00    82.92
152293  152528  0.00    63.41
152299  152248  0.00    14.42
152304  152283  0.00    6.22
152304  152150  0.00    148.00
152307  152002  14.33   63.39
152315  152620  20.00   68.41
152315  152511  8.22    63.28
152319  152106  11.50   69.47
152324  152033  0.00    71.29
152324  151871  1.67    99.38
152347  152623  0.00    62.96
152347  152207  0.00    60.65
152377  152630  0.00    64.91
152416  152448  0.00    35.61
152445  152150  0.00    76.00
152445  152464  0.00    5.45
152448  152424  0.00    4.92
152449  152202  4.71    134.81
152463  152060  0.00    84.24
152463  152448  0.00    25.32
152464  152518  0.00    14.65
152466  152127  20.00   118.36
152468  152623  3.00    59.58
152478  152841  14.33   95.27
152489  152324  11.00   39.36
152493  152307  0.00    91.56
152499  152168  3.00    76.73
152499  152347  0.00    61.75
152511  152630  13.20   39.50
152515  152258  9.63    87.66
152518  152528  0.00    3.33
152524  152515  0.00    3.61
152525  152307  1.00    43.56
152528  152566  0.00    9.26
152551  152319  10.25   71.69
152566  152554  0.00    145.82
152566  152847  0.00    58.54
152575  152287  3.00    107.26
152582  152258  0.00    87.00
152620  152499  4.60    49.88
152620  152887  0.00    62.63
152623  152770  6.25    62.78
152623  152874  11.00   58.85
152630  152700  20.18   22.16
152634  152657  0.00    10.84
152634  152445  0.00    74.86
152635  152448  0.00    47.17
152657  152721  0.00    20.95
152657  152463  0.00    97.00
152686  152551  8.67    40.02
152686  153199  3.00    129.03
152692  152716  0.00    35.10
152700  152908  9.50    49.91
152700  152841  2.33    50.03
152701  152524  1.00    65.39
152714  152525  0.00    38.29
152716  152784  11.50   73.77
152721  152881  0.00    53.54
152721  152635  20.00   78.69
152738  152489  0.00    95.16
152738  153118  0.00    89.13
152760  152493  1.00    92.74
152767  152511  0.00    59.93
152767  152620  5.50    61.69
152770  152499  0.00    62.46
152770  152887  0.00    51.26
152784  152515  2.00    77.22
152815  152525  0.00    127.47
152818  152635  0.00    38.24
152841  153065  7.63    68.87
152847  153030  0.00    41.16
152858  152730  0.00    78.12
152871  152714  0.00    110.49
152871  152815  0.00    17.29
152874  152738  13.67   60.70
152881  152682  0.00    51.06
152887  153003  0.00    28.20
152887  153017  0.00    58.98
152908  153135  2.50    57.70
152908  152767  0.00    59.45
152909  152847  20.00   53.20
152910  152714  0.00    40.79
152919  152815  0.00    41.74
152926  152871  0.00    30.91
152934  152874  3.50    65.20
152934  152770  11.50   41.69
152945  152910  0.00    79.40
153003  152934  0.00    54.68
153007  152716  0.00    64.71
153010  153471  0.00    114.48
153012  153007  0.00    63.45
153017  153120  0.00    41.29
153017  152767  0.00    62.86
153030  152858  0.00    78.76
153030  153281  0.00    62.59
153042  153201  0.00    37.72
153048  152945  0.00    79.69
153065  153372  7.86    79.36
153082  152910  0.00    37.74
153118  153471  5.23    88.62
153120  153003  0.00    101.16
153135  153120  6.50    22.88
153135  153357  10.00   47.00
153141  153030  0.00    58.26
153159  153216  3.00    85.87
153164  153082  0.00    127.43
153199  153689  0.00    128.66
153201  153278  0.00    53.78
153266  153216  0.00    44.61
153278  153418  0.00    107.01
153281  153159  0.00    86.40
153308  153007  0.00    66.09
153321  153194  0.00    91.08
153357  153440  0.00    18.10
153372  153774  11.00   97.70
153377  153201  0.00    40.45
153418  153522  0.00    106.90
153437  153281  0.00    30.73
153440  153522  0.00    18.68
153440  153321  0.00    91.10
153471  153575  0.00    31.43
153473  153377  0.00    46.35
153516  153473  0.00    25.02
153516  153278  0.00    50.43
153522  153696  0.00    38.83
153522  153673  0.00    104.90
153533  153357  0.00    92.13
153575  153453  2.00    39.26
153575  153664  3.00    26.01
153597  153516  0.00    106.61
153641  153473  0.00    41.69
153673  153966  0.00    107.39
153689  153879  0.00    122.74
153696  153597  0.00    106.72
153772  153641  0.00    118.78
153774  153879  11.50   31.29
153774  153966  0.00    85.26
153802  153575  0.00    84.24
153802  153377  0.00    98.47
153858  153772  0.00    118.65
153858  154055  11.50   50.59
153859  153802  0.00    15.66
153862  153696  6.50    38.73
153862  153858  0.00    3.90
153879  153975  0.00    23.36
153885  153696  0.00    125.58
153896  153862  0.00    57.02
153937  153641  0.00    106.35
153945  153937  0.00    103.08
153966  154028  0.00    140.53
153975  154131  0.00    41.95
154028  154055  0.00    77.87
154049  153802  0.00    133.43
154055  154060  0.00    81.34
154060  154049  0.00    81.50
154140  154049  0.00    31.67
154140  154282  0.00    135.08
154282  154028  0.00    137.45
1 3 150900 150933 151578 151009 148485 148068
2 2 143817 143843 144901 145404
3 4 144889 144648 143252 143788 142799 143379 145511 146003
4 1 133735 134197
