2897 6979 2 11 3 5 5746.76 2117.23
18962 27
30755 83
16769 27
30097 83
19209 27
24800 27
18814 27
30754 83
30151 83
31425 83
21428 27
30601 83
19131 27
23265 27
22874 27
32085 83
17854 27
18668 27
18041 27
26764 83
27477 83
28191 83
20890 27
22422 27
24261 27
26946 83
18232 27
31215 83
18061 27
29883 83
18881 27
28669 83
24384 27
18187 27
30906 83
29799 83
26400 83
18818 27
23452 27
22449 27
23475 27
23700 27
21509 27
18877 27
29715 83
32951 83
29875 83
17267 27
30095 83
17601 27
20074 27
18604 27
25750 27
17981 27
26644 83
22680 27
16978 27
21600 27
31410 83
19477 27
17500 27
23784 27
19878 27
24010 27
29067 83
26929 83
21391 27
17617 27
19758 27
17496 27
17454 27
17393 27
22731 27
31439 83
30923 83
19414 27
29769 83
27391 83
25475 27
19994 27
20161 27
33891 83
31188 83
28364 83
19785 27
20153 27
27791 83
19664 27
17586 27
19046 27
25275 27
28092 83
26694 83
32348 83
24196 27
20147 27
26964 83
32965 83
19685 27
28049 83
16571 27
17814 27
25756 83
18624 27
20876 27
28973 83
19033 27
32475 83
25855 83
24371 27
20241 27
27494 83
19879 27
30562 83
17798 27
23664 27
22108 27
30296 83
19981 27
30160 83
19956 27
18018 27
28006 83
20838 27
20197 27
18869 27
26030 83
33349 83
21791 27
18089 27
28425 83
26628 83
33729 83
30342 83
32987 83
30996 83
31114 83
22924 27
30516 83
31841 83
15990 27
17274 27
26254 83
29102 83
30834 83
17216 27
23291 27
21598 27
16741 27
22686 27
18513 27
19087 27
25987 83
18038 27
20522 27
25168 27
20134 27
32169 83
18164 27
31957 83
19787 27
17678 27
26722 83
18662 27
28391 83
19992 27
18008 27
23364 27
18888 27
24583 27
21229 27
22803 27
23712 27
29175 83
22184 27
17984 27
25839 27
26950 83
16360 27
23119 27
27600 83
30007 83
26370 83
18669 27
30408 83
23579 27
17134 27
17239 27
20050 27
16349 27
28645 83
29324 83
27347 83
20235 27
21564 27
19533 27
21657 27
24121 27
30964 83
17850 27
18916 27
19903 27
18399 27
26660 83
19634 27
31376 83
17315 27
24107 27
27260 83
21154 27
19974 27
30837 83
27113 83
24432 27
21728 27
30899 83
19320 27
24471 27
28002 83
31116 83
20036 27
20714 27
26101 83
27752 83
27435 83
16721 27
32690 83
17936 27
17604 27
27156 83
17330 27
24321 27
25354 27
25833 27
32028 83
22450 27
19214 27
27060 83
16384 27
21430 27
24396 27
16908 27
21336 27
23551 27
21262 27
17509 27
29449 83
24832 27
26465 83
28992 83
25621 27
19193 27
17142 27
18491 27
20421 27
24780 27
32206 83
17667 27
22506 27
18742 27
31358 83
26787 83
17484 27
17997 27
28795 83
29646 83
17360 27
21683 27
17876 27
17733 27
25866 83
28231 83
33049 83
26249 83
23951 27
31021 83
31091 83
18441 27
21177 27
20730 27
17905 27
18586 27
17772 27
30627 83
20202 27
33601 83
17903 27
21704 27
25665 83
22180 27
32810 83
22651 27
18037 27
20870 27
26561 83
21230 27
22133 27
17556 27
19273 27
30685 83
18017 27
25430 27
28663 83
18302 27
27797 83
29255 83
28877 83
18445 27
24836 27
26496 83
19062 27
28971 83
31746 83
30752 83
28532 83
32318 83
30767 83
33804 83
23990 27
25156 27
19296 27
31034 83
17026 27
17728 27
18359 27
20978 27
27140 83
19741 27
22029 27
18415 27
28684 83
20172 27
17671 27
28588 83
28543 83
17930 27
18121 27
17644 27
21459 27
19972 27
20341 27
20089 27
18889 27
17459 27
19384 27
29244 83
20041 27
30366 83
33076 83
29131 83
26367 83
20311 27
25464 27
23140 27
18281 27
22181 27
28874 83
19020 27
18555 27
19497 27
32140 83
25299 27
17727 27
25220 27
31954 83
29524 83
17676 27
28776 83
20649 27
19912 27
30608 83
25799 83
29782 83
16810 27
16367 27
17517 27
22187 27
30188 83
27541 83
24544 27
18838 27
28457 83
30390 83
25017 27
26263 83
18287 27
26185 83
24486 27
26516 83
32035 83
30940 83
23279 27
27206 83
31822 83
31138 83
23738 27
18116 27
21943 27
30559 83
20256 27
29098 83
24008 27
17805 27
31631 83
20987 27
17215 27
32609 83
20203 27
25512 27
22175 27
22141 27
28716 83
30856 83
22045 27
24887 27
19984 27
30866 83
17165 27
25120 27
19075 27
23972 27
19161 27
32874 83
17692 27
18260 27
33400 83
29969 83
17145 27
32957 83
31990 83
19510 27
29237 83
20412 27
30731 83
27142 83
21386 27
17937 27
28736 83
25025 27
28194 83
23669 27
22347 27
19598 27
26064 83
28917 83
31619 83
21589 27
19857 27
30528 83
25370 27
17922 27
17355 27
29926 83
27331 83
20682 27
20821 27
32700 83
29125 83
18304 27
33164 83
20445 27
28181 83
18543 27
29052 83
21532 27
25596 83
31148 83
30558 83
17641 27
26172 83
30760 83
16504 27
27546 83
22406 27
27431 83
25683 27
26454 83
18056 27
20351 27
28215 83
17156 27
27710 83
24975 27
20630 27
20187 27
27030 83
17188 27
24260 27
25264 27
28709 83
19170 27
29097 83
31616 83
23054 27
32667 83
19280 27
17744 27
28267 83
18507 27
28824 83
20895 27
31274 83
17326 27
27805 83
17860 27
18526 27
32123 83
22525 27
19954 27
15734 27
25376 27
21898 27
25125 27
27062 83
26218 83
23503 27
19674 27
31236 83
23732 27
30982 83
18927 27
25604 27
33486 83
22555 27
29046 83
17963 27
23240 27
17589 27
19982 27
17756 27
31072 83
20834 27
18006 27
18953 27
19395 27
31009 83
18206 27
18574 27
21436 27
28318 83
29173 83
25223 27
17333 27
19102 27
19059 27
20974 27
32769 83
27295 83
27636 83
25216 27
31761 83
24732 27
29825 83
19334 27
30751 83
21132 27
21608 27
33028 83
30714 83
29948 83
17987 27
24187 27
22628 27
28295 83
30517 83
17036 27
27020 83
18479 27
24955 27
28138 83
31087 83
30009 83
29751 83
20080 27
18823 27
18660 27
26918 83
21266 27
17683 27
21283 27
25950 83
18356 27
19118 27
28926 83
19872 27
25760 83
21159 27
26448 83
30631 83
29231 83
20414 27
25256 27
31724 83
29971 83
32548 83
18789 27
17773 27
27784 83
19108 27
18489 27
28438 83
21088 27
18929 27
29059 83
19036 27
18875 27
20793 27
25492 27
30942 83
26327 83
18152 27
18740 27
25783 83
17549 27
17864 27
18113 27
30084 83
17534 27
25265 27
29737 83
26039 83
32289 83
18492 27
20189 27
22340 27
18446 27
22213 27
19659 27
22061 27
31210 83
18162 27
19684 27
19973 27
29515 83
30019 83
29616 83
20756 27
25846 83
27508 83
19077 27
17722 27
18213 27
19368 27
24539 27
19187 27
20168 27
18646 27
30265 83
32411 83
27772 83
19767 27
28605 83
28819 83
28829 83
19482 27
29334 83
26812 83
19703 27
17436 27
17656 27
22145 27
21290 27
19702 27
23471 27
33009 83
19700 27
25727 27
16267 27
26375 83
21538 27
21311 27
21201 27
19769 27
19898 27
19740 27
31705 83
27482 83
17620 27
22297 27
30354 83
25857 83
22788 27
20210 27
31522 83
19289 27
24848 27
30293 83
30356 83
28433 83
19220 27
26860 83
19307 27
20070 27
26857 83
17185 27
23190 27
27591 83
16689 27
23833 27
30961 83
18084 27
20480 27
23241 27
18539 27
26789 83
32015 83
33682 83
22633 27
25663 27
27044 83
28151 83
32309 83
19331 27
26107 83
20140 27
18228 27
19632 27
16481 27
27333 83
27116 83
20032 27
20283 27
27522 83
25127 27
29686 83
19716 27
17778 27
17552 27
33413 83
31437 83
26826 83
28035 83
29501 83
32819 83
19918 27
25343 27
16963 27
23744 27
21112 27
24920 27
32493 83
32966 83
30018 83
25778 83
19555 27
18451 27
29920 83
27517 83
19530 27
19038 27
20574 27
30397 83
19322 27
17606 27
23477 27
19962 27
23892 27
23525 27
18982 27
25523 27
26968 83
32293 83
30271 83
33342 83
30786 83
28337 83
21286 27
24867 27
22074 27
29018 83
19691 27
19572 27
33304 83
19128 27
21104 27
25277 27
18979 27
20072 27
23863 27
17663 27
24536 27
28484 83
29180 83
32838 83
30067 83
17820 27
27804 83
27615 83
26289 83
18130 27
17993 27
33363 83
20837 27
29219 83
19202 27
29121 83
29682 83
17410 27
20914 27
20021 27
18126 27
24718 27
32418 83
18108 27
16796 27
25128 27
22598 27
26369 83
28957 83
18657 27
27056 83
23563 27
26696 83
28748 83
19491 27
20907 27
29804 83
21431 27
19851 27
27310 83
33565 83
30684 83
26602 83
19429 27
31927 83
31993 83
26882 83
19366 27
32267 83
16452 27
21251 27
21263 27
28366 83
16368 27
18224 27
33403 83
26573 83
18665 27
18200 27
29404 83
25998 83
32427 83
27627 83
30331 83
24048 27
27024 83
31181 83
31953 83
20875 27
24561 27
25775 83
16492 27
20390 27
16830 27
29388 83
25392 27
17327 27
26232 83
31921 83
26538 83
19434 27
19012 27
26749 83
24450 27
30345 83
26259 83
19501 27
32816 83
21777 27
26341 83
17821 27
21941 27
30643 83
17493 27
19876 27
24817 27
25686 27
21790 27
21905 27
22879 27
32542 83
27318 83
22889 27
19541 27
17711 27
17386 27
29417 83
19252 27
26012 83
23945 27
18233 27
30424 83
32770 83
29477 83
29831 83
19629 27
28226 83
16772 27
29368 83
28459 83
28033 83
30491 83
18231 27
31546 83
19819 27
18167 27
22899 27
17506 27
19125 27
17416 27
30178 83
28692 83
19907 27
28240 83
27460 83
20363 27
26900 83
17794 27
16505 27
17898 27
18860 27
25915 83
30514 83
28264 83
27340 83
30087 83
30411 83
18016 27
29421 83
19228 27
24165 27
23566 27
20513 27
17473 27
28560 83
27952 83
30469 83
31328 83
20186 27
26895 83
24781 27
19771 27
21593 27
20312 27
19755 27
20092 27
25652 27
30732 83
23458 27
23317 27
17152 27
25556 27
16404 27
18092 27
19262 27
19604 27
21029 27
27438 83
22408 27
18475 27
31826 83
17547 27
31790 83
19693 27
16789 27
25074 27
20614 27
23638 27
17764 27
20613 27
23533 27
18915 27
28494 83
19049 27
21011 27
31641 83
24712 27
17879 27
28112 83
25548 83
25599 27
24357 27
29083 83
19204 27
28861 83
20306 27
29304 83
27867 83
18159 27
24654 27
20201 27
29560 83
24766 27
29744 83
17497 27
19399 27
28029 83
23401 27
31082 83
19792 27
23186 27
23843 27
28141 83
19347 27
17927 27
28025 83
32192 83
25822 27
28046 83
21915 27
28204 83
18290 27
18559 27
18134 27
16410 27
17597 27
25838 83
24374 27
25697 83
33454 83
19506 27
30726 83
18816 27
17463 27
27770 83
18109 27
30563 83
26238 83
19138 27
17228 27
21948 27
19951 27
19565 27
26153 83
20946 27
19229 27
32971 83
19631 27
20399 27
17097 27
21629 27
31512 83
27132 83
28892 83
16043 27
21415 27
17640 27
19517 27
20128 27
24249 27
20444 27
29000 83
17928 27
22223 27
16092 27
29846 83
18843 27
22474 27
24933 27
21672 27
17989 27
29797 83
18925 27
26791 83
19253 27
29878 83
32694 83
28828 83
18325 27
25961 83
17526 27
17880 27
19290 27
20817 27
24106 27
28580 83
22882 27
27265 83
28114 83
17366 27
22668 27
28733 83
31598 83
20156 27
19326 27
28644 83
20850 27
21642 27
18296 27
20937 27
21900 27
25384 27
22934 27
30624 83
28461 83
21116 27
21796 27
24795 27
18139 27
27771 83
19096 27
33129 83
26071 83
19100 27
17917 27
28566 83
29111 83
18073 27
24322 27
31026 83
22344 27
18019 27
16831 27
25675 27
15881 27
32304 83
30937 83
18853 27
20842 27
31736 83
19627 27
27991 83
29468 83
32061 83
20430 27
30038 83
18005 27
29192 83
28988 83
16621 27
31010 83
25497 27
31094 83
28274 83
29974 83
24216 27
18238 27
26703 83
27080 83
22579 27
26457 83
24661 27
18566 27
26306 83
19054 27
22354 27
25351 27
30209 83
21380 27
20296 27
19580 27
31932 83
17916 27
20877 27
20794 27
31861 83
19796 27
32854 83
18169 27
26647 83
31748 83
29229 83
17539 27
21609 27
30027 83
20826 27
17541 27
22985 27
20740 27
32664 83
18995 27
19055 27
31595 83
28232 83
32564 83
21813 27
23779 27
31493 83
20144 27
19270 27
21206 27
18570 27
21123 27
30879 83
24908 27
24062 27
29210 83
24818 27
17951 27
17602 27
21333 27
17282 27
16395 27
30180 83
25331 27
33358 83
31827 83
23072 27
31644 83
32946 83
31603 83
17193 27
17855 27
30343 83
31728 83
22376 27
26493 83
32746 83
24736 27
33067 83
20949 27
33107 83
32370 83
33385 83
19649 27
28044 83
30611 83
21330 27
19374 27
32582 83
27788 83
22574 27
20491 27
20257 27
16913 27
19424 27
25653 83
19325 27
22498 27
30757 83
17285 27
23004 27
22291 27
18468 27
19594 27
31068 83
20138 27
31573 83
17027 27
24942 27
17348 27
17709 27
26977 83
17621 27
18120 27
18721 27
25785 83
20972 27
29956 83
17470 27
21137 27
23102 27
17305 27
17815 27
18618 27
23511 27
23453 27
17181 27
18078 27
22378 27
25069 27
31118 83
31096 83
25409 27
18985 27
18700 27
26880 83
27731 83
30039 83
33451 83
25716 27
25308 27
24339 27
30991 83
20750 27
28328 83
17515 27
32911 83
29433 83
25032 27
28787 83
31649 83
25316 27
20540 27
26052 83
19742 27
19805 27
22176 27
17449 27
30753 83
19847 27
24723 27
22818 27
28182 83
18688 27
29939 83
15952 27
26930 83
26362 83
20481 27
17770 27
27971 83
31119 83
19846 27
24316 27
19191 27
32153 83
19420 27
24291 27
33048 83
30402 83
29170 83
24453 27
17558 27
28603 83
29286 83
29612 83
25779 27
26560 83
22928 27
17633 27
32349 83
32107 83
18333 27
19516 27
33562 83
30630 83
31613 83
28604 83
24318 27
29504 83
24230 27
17157 27
19257 27
25176 27
25108 27
25642 27
27873 83
26127 83
17599 27
19453 27
28890 83
30840 83
27790 83
24256 27
21965 27
32008 83
29671 83
19746 27
26068 83
19991 27
29546 83
28641 83
23245 27
28687 83
23967 27
32338 83
25463 27
24004 27
33084 83
19083 27
26273 83
26705 83
31209 83
17971 27
18914 27
19518 27
24270 27
28032 83
20295 27
19573 27
30889 83
31429 83
17008 27
22349 27
17206 27
17970 27
22527 27
23713 27
18607 27
17308 27
20224 27
25428 27
19210 27
28447 83
15943 27
19795 27
21363 27
30705 83
18243 27
19332 27
26686 83
17211 27
20040 27
21976 27
24798 27
30152 83
24390 27
26675 83
21024 27
33439 83
29470 83
22000 27
18895 27
17252 27
26089 83
32147 83
30314 83
25569 27
31129 83
30272 83
29994 83
18105 27
26120 83
24399 27
22561 27
19644 27
19287 27
30306 83
17999 27
26326 83
27413 83
17023 27
33548 83
16160 27
30689 83
31884 83
19607 27
29273 83
30053 83
23875 27
18368 27
27592 83
29359 83
29027 83
21827 27
24027 27
29492 83
19930 27
20952 27
19717 27
23043 27
19113 27
22958 27
24353 27
31908 83
17968 27
26356 83
21668 27
27069 83
18100 27
20143 27
28495 83
28538 83
30407 83
27921 83
28223 83
20407 27
31305 83
27196 83
21889 27
22173 27
23021 27
22250 27
25474 27
30524 83
31475 83
32811 83
20605 27
33005 83
17790 27
24275 27
18163 27
23989 27
31479 83
29781 83
17536 27
22237 27
20135 27
28904 83
20131 27
19836 27
19372 27
27962 83
24058 27
17591 27
17111 27
31925 83
28610 83
19329 27
17724 27
28595 83
20994 27
27495 83
26741 83
25255 27
19515 27
30193 83
30221 83
20288 27
19213 27
17358 27
17655 27
29348 83
20818 27
25702 83
29179 83
19333 27
29933 83
20615 27
19260 27
22255 27
32568 83
21580 27
27741 83
30060 83
30399 83
20663 27
25984 83
16756 27
18930 27
17155 27
17926 27
22718 27
20024 27
24827 27
28601 83
18905 27
20897 27
30520 83
18034 27
31880 83
17687 27
29251 83
28415 83
22808 27
28074 83
18374 27
21105 27
16762 27
29153 83
30793 83
27685 83
32511 83
24548 27
19437 27
23788 27
28462 83
32666 83
17370 27
23590 27
32292 83
17782 27
27272 83
19089 27
29679 83
17457 27
22272 27
27175 83
32273 83
17852 27
17148 27
22554 27
16752 27
18077 27
24295 27
18949 27
25990 83
18065 27
18096 27
31298 83
25747 27
24606 27
33287 83
24184 27
28764 83
28217 83
25471 27
17909 27
25350 27
32887 83
19915 27
29525 83
24262 27
23082 27
19641 27
17408 27
32657 83
33621 83
33885 83
30663 83
17720 27
28199 83
30055 83
33178 83
23408 27
29975 83
21291 27
17693 27
27367 83
19255 27
31503 83
24442 27
29063 83
20424 27
27624 83
30131 83
18091 27
32066 83
20287 27
19025 27
23188 27
18800 27
31190 83
28863 83
32853 83
19781 27
17822 27
25917 83
18746 27
30107 83
22687 27
22944 27
31569 83
17888 27
30089 83
17466 27
25472 27
17321 27
16514 27
21064 27
31121 83
16474 27
17736 27
24060 27
28832 83
26846 83
19006 27
26518 83
29771 83
26383 83
18841 27
29376 83
31284 83
16224 27
19662 27
21906 27
17674 27
31435 83
17827 27
29206 83
19060 27
29724 83
32127 83
23826 27
30739 83
30034 83
27766 83
19804 27
19622 27
33294 83
18099 27
27816 83
31433 83
18774 27
26295 83
28670 83
18322 27
24753 27
31108 83
28170 83
30787 83
32039 83
22873 27
17125 27
17468 27
30862 83
22117 27
24614 27
22906 27
24315 27
16974 27
31088 83
17374 27
18846 27
20141 27
16829 27
17479 27
19914 27
22877 27
19040 27
32252 83
18148 27
20487 27
23045 27
29786 83
20950 27
25126 27
31699 83
24265 27
17383 27
30030 83
18125 27
23365 27
19713 27
31931 83
18965 27
16557 27
21261 27
21806 27
25953 83
29796 83
18659 27
19023 27
24273 27
21787 27
21095 27
29183 83
18658 27
18297 27
18344 27
16866 27
26070 83
30560 83
26333 83
32561 83
22546 27
28090 83
24526 27
33714 83
32676 83
23367 27
18201 27
25703 83
20005 27
23041 27
19233 27
16587 27
17948 27
25553 27
32300 83
32312 83
20317 27
25555 27
30861 83
24564 27
28899 83
17761 27
29774 83
24379 27
26692 83
23211 27
24900 27
19940 27
19188 27
16761 27
19860 27
32552 83
18834 27
28410 83
21320 27
17431 27
21048 27
22148 27
29457 83
28113 83
20262 27
25393 27
27548 83
17521 27
19711 27
28576 83
19815 27
16138 27
19373 27
18600 27
27118 83
29866 83
29444 83
18966 27
20956 27
21366 27
30189 83
32329 83
29571 83
22581 27
29440 83
25930 83
25355 27
30244 83
19122 27
26416 83
23962 27
21550 27
18030 27
26840 83
20807 27
32227 83
21843 27
19297 27
27399 83
25278 27
17453 27
17512 27
16747 27
21622 27
17089 27
25615 27
16682 27
17649 27
19538 27
29445 83
17528 27
20240 27
31518 83
26016 83
17113 27
20067 27
17818 27
27561 83
26738 83
22897 27
19439 27
26377 83
24962 27
19449 27
18517 27
25830 83
29851 83
18879 27
27782 83
18813 27
32013 83
24597 27
28596 83
30468 83
27166 83
22576 27
27141 83
24517 27
22199 27
17878 27
25207 27
21099 27
20064 27
30277 83
17781 27
18640 27
19085 27
31486 83
20473 27
28558 83
32077 83
19377 27
17664 27
25766 27
25751 83
16945 27
30504 83
20874 27
30750 83
22293 27
29199 83
26168 83
16935 27
17957 27
30276 83
29292 83
22164 27
25453 27
19789 27
27968 83
17385 27
26776 83
21881 27
25973 83
18571 27
27730 83
17553 27
19473 27
17551 27
20218 27
20293 27
19095 27
29071 83
30216 83
32547 83
30169 83
21984 27
28082 83
32579 83
17639 27
17861 27
30455 83
19276 27
28299 83
19019 27
19727 27
31777 83
33745 83
29082 83
20633 27
31099 83
32595 83
25347 27
18028 27
23493 27
21044 27
30983 83
32942 83
24244 27
25610 27
24961 27
33879 83
17224 27
29051 83
32409 83
28013 83
28924 83
27172 83
29719 83
31715 83
22363 27
21268 27
30365 83
29307 83
30878 83
32057 83
26663 83
28521 83
19175 27
22046 27
20902 27
20122 27
27447 83
26510 83
30257 83
22921 27
17725 27
30710 83
17643 27
20049 27
18188 27
19966 27
21193 27
25399 27
24633 27
20467 27
30350 83
32786 83
30967 83
20062 27
23157 27
26291 83
28210 83
28365 83
27135 83
24601 27
19092 27
24135 27
19446 27
28435 83
19875 27
19948 27
26285 83
17962 27
28869 83
27827 83
20846 27
29748 83
26611 83
17269 27
18117 27
21595 27
17867 27
25368 27
28243 83
17942 27
20958 27
17828 27
19619 27
23780 27
19764 27
19227 27
19499 27
25431 27
31855 83
25768 83
19045 27
23762 27
18256 27
18523 27
33190 83
19620 27
19082 27
31757 83
29105 83
23648 27
22706 27
16285 27
17077 27
19701 27
27753 83
20183 27
28470 83
26657 83
21241 27
17555 27
30696 83
22915 27
18732 27
26486 83
30052 83
24414 27
27461 83
31519 83
31464 83
16604 27
20437 27
20995 27
32565 83
27866 83
20354 27
31771 83
18490 27
31133 83
27800 83
23318 27
21155 27
19754 27
21315 27
31469 83
31136 83
28010 83
29932 83
23619 27
21654 27
29113 83
31125 83
16914 27
26915 83
20482 27
25660 27
30205 83
22051 27
22031 27
19808 27
22134 27
19222 27
18682 27
29928 83
24993 27
27558 83
17975 27
22926 27
25296 27
16679 27
16940 27
25549 27
30050 83
26137 83
23709 27
29104 83
16890 27
27437 83
27049 83
24707 27
20234 27
26679 83
23196 27
29635 83
30140 83
25486 27
26173 83
20608 27
17406 27
28952 83
22033 27
24218 27
19382 27
22002 27
20047 27
19854 27
19080 27
24350 27
30884 83
32914 83
29411 83
23131 27
20867 27
28418 83
20324 27
32356 83
16113 27
24878 27
31241 83
27264 83
17529 27
21285 27
25151 27
30101 83
17476 27
18692 27
25361 27
20564 27
31311 83
19920 27
17713 27
24702 27
19699 27
19292 27
29509 83
22805 27
18987 27
20606 27
30109 83
25946 83
28379 83
28051 83
19554 27
25932 83
27271 83
26110 83
19621 27
17614 27
23522 27
22999 27
23552 27
17302 27
22414 27
20400 27
17911 27
20465 27
27258 83
19839 27
26293 83
18593 27
31071 83
18636 27
19199 27
25100 27
31661 83
21335 27
23207 27
31579 83
18353 27
18154 27
26105 83
30867 83
26239 83
24324 27
24935 27
26504 83
26953 83
26592 83
26564 83
27486 83
17840 27
27668 83
18340 27
22196 27
22775 27
17014 27
18961 27
27075 83
23792 27
28884 83
18137 27
17899 27
18180 27
22937 27
26680 83
30070 83
31734 83
19308 27
18132 27
29585 83
29511 83
20349 27
33326 83
28564 83
24219 27
17660 27
26140 83
17988 27
31053 83
32274 83
33186 83
26212 83
24381 27
26769 83
29166 83
16694 27
33314 83
18833 27
19061 27
23974 27
20859 27
24091 27
17838 27
19443 27
30720 83
26228 83
31930 83
27911 83
28918 83
17809 27
28834 83
17237 27
20478 27
25214 27
33310 83
20811 27
33426 83
19479 27
19141 27
17120 27
20862 27
18532 27
28745 83
31618 83
26147 83
31066 83
22350 27
21533 27
26149 83
26973 83
26095 83
25607 83
17953 27
19194 27
17498 27
20305 27
25412 27
19081 27
31257 83
31876 83
24229 27
18794 27
19323 27
19628 27
29049 83
25861 83
27339 83
20251 27
19413 27
22174 27
28903 83
29263 83
20786 27
20365 27
29008 83
24392 27
32896 83
29398 83
23470 27
27750 83
32639 83
21507 27
18756 27
20422 27
21325 27
29607 83
25629 27
18036 27
30539 83
17974 27
27355 83
19196 27
19651 27
20765 27
17784 27
18727 27
20964 27
19371 27
24242 27
27365 83
17906 27
19042 27
28207 83
18015 27
28817 83
17251 27
17758 27
19613 27
21013 27
19309 27
33291 83
18327 27
16299 27
19882 27
33649 83
18192 27
22256 27
18310 27
32646 83
25875 83
17560 27
29594 83
29810 83
19941 27
19503 27
17730 27
26478 83
25509 27
25112 27
18977 27
19793 27
31842 83
30380 83
31922 83
17703 27
25094 27
19485 27
32718 83
20933 27
25645 27
24825 27
20996 27
19707 27
20705 27
20966 27
21017 27
19426 27
26419 83
19498 27
18265 27
27898 83
29647 83
25310 27
16630 27
26364 83
29076 83
18217 27
29634 83
31377 83
29927 83
20446 27
20701 27
32658 83
18335 27
19469 27
29332 83
18821 27
29414 83
29506 83
24440 27
17218 27
18251 27
18819 27
20706 27
25421 27
26601 83
22839 27
22694 27
31483 83
28953 83
26903 83
25016 27
31399 83
24474 27
22986 27
27587 83
32347 83
20476 27
20198 27
23817 27
22563 27
18219 27
24100 27
20059 27
22160 27
26358 83
33709 83
21471 27
18129 27
17261 27
24301 27
16644 27
19867 27
24421 27
23764 27
18222 27
31984 83
18897 27
22720 27
17872 27
23696 27
24034 27
24397 27
22190 27
29019 83
27257 83
33361 83
19681 27
19481 27
19779 27
18229 27
26109 83
19704 27
26309 83
29081 83
17456 27
16916 27
17513 27
18773 27
30621 83
18854 27
23276 27
24347 27
31543 83
30360 83
16827 27
27999 83
30670 83
22785 27
31270 83
18142 27
18610 27
28841 83
25413 27
27463 83
18792 27
21770 27
28888 83
29760 83
31432 83
17870 27
20077 27
30305 83
22503 27
26527 83
32001 83
20170 27
17530 27
19409 27
26221 83
31998 83
24428 27
21946 27
21439 27
17717 27
20970 27
32527 83
32431 83
24991 27
26869 83
18724 27
19672 27
26275 83
27008 83
21764 27
28283 83
28547 83
30738 83
30496 83
22817 27
17361 27
18902 27
19648 27
25476 27
25864 83
22692 27
29587 83
29668 83
18642 27
28772 83
31327 83
23016 27
20804 27
18076 27
17908 27
34026 83
19189 27
28246 83
32857 83
33691 83
17721 27
29181 83
17810 27
18689 27
27775 83
25323 27
21968 27
23543 27
18070 27
19364 27
22469 27
20833 27
27850 83
25916 83
26902 83
29262 83
30681 83
29563 83
18998 27
19076 27
23250 27
22612 27
18011 27
17585 27
29729 83
20781 27
23898 27
22137 27
28602 83
19452 27
26363 83
33536 83
18932 27
20748 27
27500 83
29808 83
33227 83
28250 83
30403 83
20832 27
20278 27
21025 27
18924 27
26034 83
32116 83
17921 27
20347 27
29174 83
20923 27
19447 27
28511 83
18627 27
20013 27
20019 27
16650 27
30613 83
22445 27
26941 83
17795 27
23641 27
19835 27
30377 83
26277 83
17578 27
17580 27
17543 27
17550 27
31632 83
19816 27
25940 83
25993 83
20051 27
33159 83
18262 27
33250 83
18007 27
29603 83
22504 27
30325 83
28225 83
24131 27
31374 83
17295 27
24090 27
20632 27
28481 83
23311 27
29503 83
17800 27
23293 27
20625 27
31412 83
20825 27
26418 83
31203 83
18009 27
22310 27
27375 83
20803 27
27810 83
17912 27
22032 27
28233 83
32537 83
18057 27
19868 27
16320 27
21475 27
27538 83
16665 27
20242 27
25060 27
19354 27
23476 27
27222 83
28650 83
25724 83
27164 83
17445 27
25259 27
26999 83
29280 83
19997 27
30675 83
17598 27
25938 83
22896 27
20591 27
23433 27
20267 27
21594 27
18181 27
18040 27
26097 83
16252 27
22797 27
25752 27
28106 83
28341 83
19826 27
32176 83
18695 27
21113 27
22629 27
22394 27
30584 83
17093 27
28621 83
28907 83
28654 83
31640 83
32060 83
23975 27
17837 27
17689 27
20828 27
23056 27
28737 83
19162 27
19520 27
33597 83
18394 27
23575 27
17119 27
15992 27
23243 27
23616 27
30167 83
31494 83
31455 83
31404 83
20069 27
24672 27
27876 83
31152 83
32138 83
18288 27
18043 27
31789 83
21573 27
18673 27
24794 27
20244 27
20779 27
23532 27
27155 83
18012 27
18510 27
21662 27
19563 27
26380 83
30918 83
21080 27
19178 27
25885 83
27818 83
28400 83
19093 27
25172 27
30803 83
19219 27
30501 83
33596 83
21476 27
17652 27
24113 27
24083 27
31182 83
31511 83
19807 27
30579 83
24950 27
32249 83
28361 83
29178 83
18723 27
17368 27
25985 83
29574 83
19155 27
17325 27
18941 27
18074 27
27498 83
31668 83
17278 27
32602 83
30473 83
19953 27
24233 27
24896 27
16634 27
18616 27
27377 83
25056 27
32033 83
24362 27
33120 83
32332 83
20231 27
21603 27
29239 83
21635 27
27781 83
29807 83
18861 27
26558 83
19698 27
20060 27
21448 27
31692 83
20571 27
24336 27
19897 27
31787 83
19799 27
18115 27
18396 27
18637 27
18280 27
30712 83
19942 27
19165 27
20957 27
21027 27
21547 27
19710 27
24821 27
22615 27
21846 27
30239 83
26421 83
32422 83
29208 83
20505 27
31371 83
29644 83
19053 27
30668 83
17890 27
24224 27
19983 27
17718 27
16594 27
18530 27
22179 27
19777 27
22801 27
22862 27
22569 27
20181 27
22864 27
32606 83
27725 83
22434 27
31586 83
18706 27
22987 27
29902 83
32624 83
24591 27
30227 83
20856 27
19183 27
17235 27
17583 27
17593 27
30508 83
25819 83
32806 83
31097 83
25886 83
26912 83
21404 27
28205 83
17344 27
22023 27
26413 83
19606 27
19224 27
17052 27
26477 83
28050 83
30944 83
17319 27
29749 83
17531 27
19130 27
23402 27
33464 83
21082 27
26743 83
33787 83
29415 83
16828 27
21464 27
18797 27
21607 27
24653 27
21894 27
31218 83
22582 27
15813 27
25635 27
17312 27
17579 27
27570 83
17373 27
19261 27
19148 27
32091 83
28702 83
17897 27
31280 83
25026 27
27179 83
18185 27
22109 27
23768 27
17084 27
18050 27
18138 27
21869 27
17675 27
17986 27
20375 27
24120 27
30124 83
20081 27
29558 83
21317 27
30202 83
31261 83
21821 27
21004 27
21109 27
17103 27
23254 27
28965 83
19146 27
18938 27
23985 27
19794 27
20908 27
30326 83
28821 83
30502 83
23227 27
23006 27
23017 27
27269 83
17324 27
17637 27
19217 27
18943 27
27025 83
26959 83
17869 27
30665 83
19177 27
19367 27
27047 83
29605 83
17706 27
29050 83
28962 83
24191 27
18684 27
29453 83
18178 27
19127 27
33102 83
29823 83
18847 27
29220 83
19718 27
16221 27
20450 27
22201 27
23051 27
27805 27818 0.00 4.50
19038 19155 9.54 90.43
29251 29237 1.00 8.41
31927 32060 7.59 52.78
17773 17906 3.00 146.08
19102 19042 6.60 74.92
29647 29774 7.88 70.10
30559 30738 9.38 76.07
19764 19713 10.22 118.72
31734 31957 8.75 94.31
18721 18843 10.60 74.61
27413 27447 0.00 43.63
25766 25833 11.50 76.21
15992 15813 20.00 142.87
19409 19260 4.49 114.93
18841 18692 6.33 107.33
31437 31327 0.00 45.03
19334 19289 1.00 24.36
25760 25653 0.00 54.09
31998 32013 3.00 21.36
19033 19118 0.00 94.08
26930 26912 20.00 63.11
22628 22896 7.80 107.95
21764 21629 9.20 100.25
22808 22633 7.14 77.76
31298 31257 10.00 57.20
24242 24397 2.33 141.93
29220 29076 9.00 65.14
22133 22184 18.82 67.68
32066 32013 8.91 90.99
30613 30630 0.00 7.75
19189 19077 5.82 79.73
28328 28576 3.00 97.83
18290 18333 20.00 51.26
28207 28246 12.71 12.41
30169 30070 14.00 34.39
21290 21017 6.40 101.33
22882 22706 11.50 79.28
18600 18532 4.38 103.71
28415 28090 17.67 121.11
20267 20288 8.67 87.20
29082 29174 5.33 95.02
25308 25354 3.00 115.91
32942 33009 11.50 25.45
27355 27438 0.00 44.67
25702 25476 7.80 113.16
22033 22032 12.00 72.12
28457 28366 4.67 43.42
29492 29453 0.00 21.10
24887 24848 20.00 64.86
26356 26419 11.50 51.74
32293 32537 13.07 81.21
22310 22582 9.83 148.61
18394 18479 0.00 70.45
25368 25472 8.67 50.96
28953 28776 4.67 86.08
23471 23433 5.75 70.41
19196 19138 7.88 116.07
17591 17709 13.20 127.04
29948 30205 6.75 105.09
25930 25778 4.75 65.15
17906 17971 3.00 118.83
32942 33028 3.00 30.04
23533 23817 5.20 106.07
26903 26561 9.12 122.32
18657 18523 6.97 123.46
20706 20748 6.92 92.38
25074 24975 0.00 57.79
24601 24544 9.35 147.12
19368 19224 11.25 77.98
30408 30178 0.00 76.32
18232 18281 3.00 133.16
31116 30760 10.93 133.26
32370 32147 7.33 112.74
17360 17348 3.00 123.59
28595 28415 9.38 78.23
31305 31371 13.90 101.78
26977 26968 0.00 6.06
16914 17014 0.00 127.92
29102 29067 0.00 31.05
18843 18927 2.33 76.43
31921 31855 11.50 23.74
31188 31097 8.67 64.67
28112 27624 0.00 148.38
30760 30681 20.00 58.93
27056 27339 6.22 98.35
17506 17599 20.00 111.38
19816 19962 0.00 124.51
21116 20890 0.00 94.63
30366 30314 12.63 65.92
22201 22187 0.00 4.90
18262 18213 6.40 59.14
30560 30579 0.00 27.50
28684 28861 11.20 70.08
16908 17052 0.00 131.17
27080 26882 0.00 76.99
31503 31236 12.29 97.95
17408 17496 3.00 95.26
23318 23453 6.85 124.47
30221 30377 7.25 61.54
16481 16410 0.00 88.92
25431 25351 6.33 45.19
29181 29125 0.00 129.94
20833 20625 9.30 114.32
27331 27508 9.57 88.22
29206 29244 3.00 20.21
33385 33426 13.33 45.65
23863 23669 7.40 112.96
23713 23972 5.00 107.45
17709 17852 20.00 127.87
20987 20952 8.50 81.50
29926 30053 0.00 56.39
18296 18353 7.25 128.64
30579 30560 0.00 27.50
29411 29244 8.67 65.39
27968 27791 1.00 49.93
20122 20050 0.00 35.04
19323 19276 7.70 77.94
25775 25819 0.00 58.85
27030 26738 2.00 100.53
19631 19628 8.57 87.76
17614 17456 0.00 148.43
29782 29506 20.00 134.87
31099 31209 8.33 48.28
29560 29751 10.75 84.46
28962 28924 8.80 19.96
22615 22926 0.00 125.53
27482 27463 5.17 45.36
19118 19033 0.00 94.08
24107 23875 7.43 92.22
17911 17878 7.25 92.47
26999 27222 20.00 82.04
18539 18700 8.20 136.75
22924 22985 5.33 21.07
19649 19755 7.83 84.95
19012 19033 1.00 29.44
17880 17795 7.09 67.74
19659 19620 8.93 115.99
32957 32565 0.00 133.51
27624 27196 0.00 147.01
29682 29715 1.00 16.59
22546 22469 14.33 33.96
31925 31640 8.77 105.07
23975 24083 9.41 103.84
27741 27911 0.00 78.67
19443 19261 11.00 103.48
28702 28641 10.00 48.88
29199 29192 0.00 5.57
16634 16630 0.00 96.21
18034 17917 13.46 136.07
24301 24113 3.00 73.52
28090 28415 17.67 121.11
25855 25953 4.25 44.12
25973 26107 8.67 49.61
26110 26421 11.00 141.39
18061 18009 3.00 105.37
19598 19662 11.70 53.01
25752 25830 4.75 52.77
17725 17761 7.25 66.63
20069 20074 5.80 6.32
29605 29774 7.56 79.30
26510 26680 0.00 57.34
22272 22503 9.93 131.53
31728 31668 10.64 110.70
20465 20257 3.00 122.52
31066 31125 11.50 22.92
22612 22582 3.00 10.51
27132 27355 14.33 114.52
31579 31522 16.67 83.82
19758 19779 9.57 40.06
30937 30755 10.16 107.45
29307 29417 7.33 75.23
18008 17997 7.86 81.19
23072 23367 5.46 129.09
24008 23648 9.00 140.08
24315 24390 11.50 45.04
29503 29166 7.64 114.14
19914 19879 6.80 128.22
19930 19983 0.00 86.74
24597 24397 5.50 89.47
29292 29220 8.67 31.23
24597 24780 12.11 89.26
19857 19903 13.57 71.37
18618 18740 0.00 95.94
22862 23016 3.83 53.79
24712 24821 5.33 74.98
19122 19290 8.84 113.49
33548 33649 7.08 32.28
26289 26538 3.00 110.27
24229 24196 6.75 25.70
23157 23291 11.11 138.30
19308 19273 13.67 24.52
22250 22237 0.00 29.17
28596 28772 7.68 132.21
20134 20242 6.67 92.84
20876 20842 7.25 15.46
24010 24318 11.33 118.28
21608 21889 12.09 111.49
20781 20804 10.00 12.43
18941 18847 5.83 101.80
19036 19053 8.92 144.39
20210 20311 8.87 88.39
30517 30563 4.17 22.27
30342 29878 5.50 150.27
33464 33691 10.94 82.50
25277 25127 10.29 72.93
20837 20974 0.00 59.48
24975 24794 2.00 110.95
21193 21137 0.00 47.31
28736 28841 16.67 92.52
29804 30052 11.00 80.63
26289 26413 6.63 59.46
27118 27258 6.50 106.49
30055 30131 7.00 45.48
26846 26692 1.67 86.91
32690 32819 6.78 92.11
23311 22999 15.75 134.15
30152 30293 5.91 53.73
19981 20064 13.00 124.74
32951 32694 11.95 89.83
22051 21813 8.19 118.97
25172 25343 2.20 58.63
24184 24048 9.52 54.13
27060 27164 5.08 50.29
19076 18927 8.67 105.86
26212 26370 7.14 53.06
26592 26421 5.60 60.20
18523 18356 6.43 124.45
25785 26140 12.06 129.50
17416 17344 0.00 62.72
18706 18665 9.83 24.79
28861 28663 3.00 91.80
20895 20949 9.80 28.40
16761 16772 20.00 15.35
21662 21622 6.73 61.04
17782 17773 3.00 146.54
26946 27175 6.44 110.92
19260 19188 10.73 48.10
32595 32658 12.53 112.30
25168 25421 8.25 102.09
17093 17052 0.00 42.72
17809 17722 0.00 86.65
18099 17962 6.50 115.78
30345 30380 8.67 90.31
19322 19189 3.88 79.73
23945 23764 7.50 78.17
27049 27206 7.44 97.53
18532 18415 0.00 106.56
19373 19217 11.33 86.30
19020 18949 9.83 83.02
19443 19453 1.00 9.61
18507 18513 0.00 130.60
26749 26486 3.63 105.13
25697 25930 6.33 120.86
26120 26039 11.50 28.38
17155 17152 0.00 64.59
18881 18814 3.00 52.14
32542 32819 10.29 112.09
29571 29546 5.33 10.10
19020 19130 20.00 71.87
26789 27069 9.38 90.94
21266 21263 12.60 82.78
27069 27347 1.00 91.06
24322 24561 0.00 113.55
22598 22944 6.78 150.31
18126 18061 11.50 103.94
19155 19038 9.54 90.43
18017 18113 12.91 130.89
16604 16481 0.00 90.84
20400 20365 10.49 49.27
17689 17555 20.75 142.24
21064 20995 11.50 115.85
20946 20834 0.00 85.08
33159 32853 9.07 142.61
16267 16474 5.50 142.90
31503 31412 10.33 50.93
30731 30787 0.00 18.84
26696 26601 3.00 36.39
21330 21404 4.75 103.16
24753 24548 10.36 94.97
30710 30731 5.20 35.53
22498 22350 11.20 64.93
31789 31649 8.33 55.56
27541 27172 9.32 137.78
18929 18877 8.58 146.68
17457 17493 0.00 37.51
20966 21123 4.67 61.18
30731 30751 10.00 17.52
31464 31649 9.38 81.67
23072 23054 12.38 51.72
30424 30402 6.70 40.04
19847 19897 2.14 88.74
26448 26356 20.00 60.44
17693 17721 14.33 61.45
28106 27770 10.00 111.30
21728 21662 5.50 103.23
30696 30803 2.00 38.51
18041 17948 23.83 83.33
30109 29797 8.67 104.05
23157 23021 21.00 48.84
27172 27541 9.32 137.78
24191 24131 6.46 22.97
24539 24291 3.11 118.45
31209 31479 8.00 117.53
19446 19329 10.00 84.80
16945 16866 0.00 85.51
17237 17103 0.00 144.44
27710 28092 7.80 136.64
25783 26012 11.50 83.51
21946 21790 7.15 114.55
19162 19262 14.33 94.07
18658 18797 4.88 82.67
29411 29376 9.80 56.03
19781 19672 5.13 79.38
30944 31182 5.70 105.74
32887 33107 11.68 115.47
25428 25323 8.00 44.32
19130 19020 20.00 71.87
30060 30053 0.00 5.32
29686 29477 11.41 98.88
30663 30491 11.06 100.07
29956 29807 11.50 100.14
18065 18078 0.00 7.33
18700 18539 8.20 136.75
21608 21595 7.90 23.82
27164 27295 9.20 52.16
21471 21206 7.80 116.19
23563 23738 11.50 101.14
24817 24887 1.00 103.49
20952 21013 8.67 37.50
30193 30326 11.00 53.07
17828 17962 11.50 117.14
29180 29501 6.25 108.95
20786 20781 0.00 16.78
20765 20649 20.00 112.61
18684 18517 9.13 139.42
17142 17125 8.09 17.68
30380 30140 13.25 79.51
29560 29715 7.25 110.86
20750 20630 9.50 118.90
33358 33486 10.73 37.59
18468 18396 12.08 89.20
22612 22788 7.61 70.84
29050 29113 0.00 45.51
30685 30517 12.91 146.87
32987 32965 8.67 8.46
28874 28654 6.14 109.27
27592 27816 7.33 110.44
29804 29971 6.50 91.54
29971 29804 6.50 91.54
30189 29974 14.08 81.22
19233 19377 7.36 95.14
19222 19276 8.75 77.94
20756 20890 11.50 91.01
26137 26095 7.82 60.31
29634 29612 4.00 40.03
24993 24832 7.73 86.08
22839 22862 7.25 33.29
20156 20032 8.04 97.58
25675 25752 15.75 48.43
18941 19061 16.05 109.67
19006 18979 14.33 24.56
32838 32511 8.88 111.14
17633 17601 5.50 62.01
31661 31595 5.67 100.34
28610 28210 7.00 121.69
29121 29192 5.50 59.20
18773 18902 7.40 90.45
17879 17820 4.42 109.26
16831 16694 0.00 144.81
23533 23254 2.43 106.01
19270 19413 8.67 102.89
26293 26364 3.11 52.60
17344 17416 0.00 62.72
27911 28035 8.44 39.76
28462 28274 8.00 119.83
25278 25596 3.50 142.77
26741 26930 5.33 69.18
29113 29263 3.00 60.24
16940 16945 0.00 104.93
30942 30705 11.40 99.96
18669 18593 2.00 90.04
19795 19754 4.25 39.49
30767 30402 8.10 133.23
27486 27377 8.33 48.26
26285 26277 0.00 5.79
18800 18700 6.73 70.22
26902 26769 6.73 60.89
33451 33159 11.83 141.24
30276 30468 6.13 111.27
18860 18841 2.71 25.52
27866 28215 6.77 111.10
19477 19453 10.95 64.71
18243 18304 10.93 114.50
32602 32694 9.50 74.72
33186 32987 9.08 81.76
25127 25108 3.00 9.72
17558 17493 0.00 70.80
17606 17506 0.00 103.48
30095 29939 12.11 83.29
26504 26306 12.80 124.17
26895 26686 8.46 80.64
27461 27730 6.75 108.37
23713 23458 11.20 107.31
31641 31432 16.50 92.12
19148 19141 9.69 115.10
25220 25176 8.23 79.19
30675 30906 20.00 100.21
28484 28588 0.00 45.80
25172 25069 11.50 121.54
18078 18167 7.24 143.16
23186 23004 4.00 85.28
19804 19796 10.00 34.47
18034 17986 11.97 76.72
19187 19210 0.00 35.21
20412 20505 5.91 85.42
30227 30101 11.25 97.68
18657 18813 8.56 120.81
21154 21011 0.00 145.57
30326 30193 11.00 53.07
18526 18399 12.29 102.07
31668 31475 11.20 72.98
17089 17036 11.50 134.04
17333 17325 0.00 76.49
29470 29647 3.00 80.11
32147 32370 7.33 112.74
32140 32060 11.50 44.92
21044 20956 12.90 44.16
28046 28113 3.00 18.82
28232 28250 6.40 44.74
28884 28917 0.00 15.71
18050 18120 8.67 114.91
23054 23006 5.17 86.45
26109 26140 5.20 16.21
18895 18924 0.00 66.44
20312 20424 0.00 121.74
16367 16492 3.00 87.83
20424 20312 0.00 121.74
17905 17781 3.00 106.88
28596 28558 8.83 15.12
22474 22164 6.88 122.23
19165 19253 10.60 66.61
21044 20995 0.00 52.12
29292 29421 3.00 68.63
22801 22839 3.42 61.17
19835 19854 8.67 15.63
17733 17744 10.33 61.07
25112 25172 8.00 26.72
28033 28205 0.00 114.10
20306 20186 20.00 75.84
19973 20047 17.73 77.75
18163 18073 3.00 78.58
17620 17498 10.26 142.45
28776 28953 4.67 86.08
17498 17589 7.00 138.80
19395 19481 9.00 132.22
25421 25430 9.13 6.12
30732 30899 8.67 66.61
29933 30097 3.00 97.59
28050 27788 4.75 83.14
30665 30504 0.00 80.27
27804 27438 3.00 107.04
28400 28240 7.18 59.43
19130 19175 3.00 146.33
25642 25599 7.50 63.74
30940 31148 11.39 98.56
17512 17598 50.00 105.56
33048 32857 9.93 67.01
29920 30027 8.33 79.11
23898 23817 6.78 34.05
25766 25486 11.03 145.06
23712 24004 10.25 120.20
25569 25783 2.33 70.27
23293 23532 9.33 143.84
25017 25275 10.67 107.31
19879 19914 6.80 128.22
22718 22615 8.67 57.59
24027 23696 9.80 125.84
16789 16830 0.00 141.49
30089 30084 3.00 3.39
19807 19903 4.25 77.44
16474 16557 0.00 56.99
23318 23119 6.90 81.49
27477 27587 7.25 83.58
21241 21335 3.00 50.12
31998 31984 10.00 21.46
23962 23788 7.75 68.42
24440 24273 9.24 76.90
25702 25838 15.67 55.89
18050 18074 7.80 73.89
26929 27047 11.50 63.82
28435 28379 6.40 19.27
19702 19741 5.40 25.47
30151 30408 0.00 117.01
21533 21806 6.60 126.06
29994 30101 12.70 97.68
21004 20964 0.00 22.19
22378 22629 0.00 105.04
17355 17274 0.00 137.97
21787 21791 7.67 61.39
17782 17822 0.00 143.33
21311 21011 9.63 142.36
25973 25846 9.18 137.54
25343 25474 6.46 93.30
25778 25697 10.00 65.10
17725 17675 9.80 90.75
17410 17327 1.00 84.03
31613 31579 6.00 83.82
32138 31957 9.43 93.94
21261 21286 13.63 122.25
18819 18794 3.00 26.98
18888 18732 0.00 118.09
22915 23051 4.50 55.71
18555 18368 12.04 145.00
19040 19046 0.00 8.56
18446 18396 11.25 35.09
25354 25347 0.00 3.99
18774 18818 8.33 26.55
32857 33107 10.84 109.65
18192 18113 6.56 93.79
21608 21635 6.18 33.92
19497 19296 10.29 131.68
26601 26696 3.00 36.39
32658 32595 12.53 112.30
30961 30837 7.25 49.00
23744 23892 1.50 91.07
19189 19322 3.88 79.73
26071 25799 15.00 103.70
32896 32646 10.86 89.82
30752 30558 6.56 114.47
26968 26880 10.00 77.74
18287 18178 11.50 106.12
18167 18078 7.24 143.16
24131 23962 7.11 116.46
25347 25354 0.00 3.99
19177 19188 11.50 34.90
30089 30152 13.69 29.34
31433 31728 10.25 110.14
30684 30563 10.00 70.48
18164 18162 11.50 19.46
24471 24517 20.00 111.79
19506 19307 8.67 121.35
22223 22174 8.50 56.97
19912 19956 3.00 30.27
17876 17921 6.50 68.22
29605 29421 7.10 79.61
31009 31241 8.44 124.75
17598 17512 50.00 105.56
18570 18627 0.00 115.47
31493 31518 3.00 14.48
17597 17531 0.00 90.27
27962 27725 7.18 105.49
29067 29102 0.00 31.05
23709 24048 7.45 133.93
26285 26306 2.33 10.39
24218 24381 15.53 65.75
28841 28736 16.67 92.52
18468 18539 12.67 89.06
31429 31182 7.47 105.76
20706 20817 5.88 79.36
19793 19701 12.44 83.97
25275 25017 10.67 107.31
20144 20080 0.00 74.72
24165 24106 9.00 96.32
17999 17988 0.00 28.30
19491 19606 6.40 89.34
17794 17717 0.00 102.76
16650 16571 0.00 123.19
32664 32475 2.67 110.44
28044 28243 10.50 87.88
31410 31632 10.19 106.16
22629 22915 21.50 138.14
28246 28283 8.33 49.47
28141 28223 0.00 37.23
25032 25216 0.00 125.96
20013 20072 7.86 122.78
18695 18543 0.00 121.86
21600 21603 0.00 14.23
19634 19702 2.33 52.94
17457 17406 0.00 56.60
22928 22788 6.39 54.62
30726 30630 9.83 62.41
27166 27461 10.50 97.64
28240 28025 7.09 129.18
27486 27788 11.13 100.19
19289 19170 0.00 93.38
20365 20311 11.03 58.89
28232 28231 0.00 4.11
17725 17818 0.00 100.96
17827 17671 14.33 130.16
17852 17989 3.00 127.38
26107 25973 8.67 49.61
28194 28151 3.00 86.10
30097 30221 0.00 49.08
18742 18604 3.43 99.48
21635 21796 8.67 61.34
29751 29635 10.22 78.19
17113 17211 12.24 134.85
20062 20224 9.00 95.47
31649 31435 7.00 86.89
19897 19854 6.00 63.74
25653 25607 3.00 20.16
31953 31932 3.00 26.83
33682 33621 3.00 48.67
20833 20846 7.28 78.28
25987 26273 7.00 117.30
18178 18077 20.00 94.02
27140 27080 14.33 28.52
23619 23744 3.71 76.35
20957 21004 0.00 77.70
30643 30468 10.30 109.58
20804 20838 0.00 19.61
31493 31399 5.33 53.43
26413 26168 11.29 109.43
30991 30834 7.17 63.94
19025 19170 9.67 123.04
21113 21325 13.25 79.40
20256 20305 0.00 82.65
28223 28457 6.70 89.31
20522 20605 7.50 113.80
30714 31026 11.05 109.22
29440 29263 3.00 74.01
31133 31136 12.56 39.77
18288 18335 8.09 139.42
19915 19846 8.29 84.41
17880 17975 9.00 87.41
28415 28654 11.50 110.60
21262 21132 1.00 52.85
30360 30314 0.00 13.06
22546 22255 7.10 127.91
17643 17529 0.00 94.30
20876 20895 6.75 13.66
17840 17827 3.00 60.90
18902 18773 7.40 90.45
29546 29398 6.40 50.04
20867 20834 11.11 84.20
20933 21177 0.00 104.46
20571 20649 5.20 86.74
31469 31757 11.25 113.98
19364 19485 11.50 75.93
17084 17052 0.00 37.19
30803 31087 2.71 107.73
31464 31257 9.30 81.63
28832 28748 20.00 102.91
28205 28033 0.00 114.10
17854 17926 7.00 141.04
23764 23962 6.75 135.41
28588 28457 13.40 62.15
18281 18232 3.00 133.16
32657 32431 4.00 86.07
32700 32547 10.26 63.86
29251 29359 6.67 55.27
19742 19846 11.50 87.52
32561 32966 0.00 138.66
30167 30402 6.40 81.69
23017 22987 0.00 50.17
20950 21017 9.80 67.60
22629 22686 7.88 23.36
19482 19449 11.50 63.28
28605 28650 3.60 25.90
20036 19973 1.00 81.48
32274 32309 11.25 114.64
26692 26448 11.50 102.30
17468 17500 0.00 78.25
32911 32609 14.33 123.64
17023 17014 0.00 144.67
18593 18669 2.00 90.04
21137 21363 7.30 104.77
17543 17549 0.00 34.83
25779 26097 10.73 126.19
33454 33186 8.02 85.22
22924 22934 8.67 16.71
28207 28029 20.00 60.86
17937 18017 0.00 68.90
21123 21116 0.00 53.71
32639 32700 0.00 35.09
29724 29574 5.00 89.40
19954 19826 18.33 119.47
26249 26538 9.07 149.16
29263 29440 3.00 74.01
19754 19717 9.54 124.69
26679 26880 6.43 78.81
21230 21380 5.43 102.30
31429 31632 10.70 107.47
32666 32595 6.00 111.19
18077 18012 6.09 103.94
31715 31954 4.63 87.49
29587 29255 7.11 121.33
32077 32274 10.74 94.71
22174 22164 2.00 9.74
32409 32348 1.50 24.02
17820 17879 4.42 109.26
25930 25697 6.33 120.86
28044 28114 7.80 76.95
20021 20138 8.77 136.10
28532 28274 0.00 101.28
20256 20181 20.00 82.47
18905 19025 14.33 122.96
19857 19781 6.63 77.81
25953 25973 20.00 6.89
22680 22504 7.87 87.39
20224 20062 9.00 95.47
19209 19093 8.60 91.94
28181 28106 0.00 43.70
26592 26741 3.00 56.39
29179 29180 0.00 61.17
19672 19649 11.18 60.51
25846 25819 0.00 59.69
24270 24428 9.13 128.63
20779 20811 6.75 65.69
28365 28341 6.76 58.13
23243 23190 14.60 63.86
19382 19292 12.00 53.02
19087 19060 12.13 27.42
23696 24027 9.80 125.84
17052 16908 0.00 131.17
31026 30996 11.50 100.72
20834 20946 0.00 85.08
28006 27999 7.86 75.92
31649 31789 8.33 55.56
21603 21600 0.00 14.23
18814 18756 9.48 127.36
28692 28892 7.00 109.47
20051 19994 0.00 78.70
20235 20295 3.00 41.46
19769 19799 5.20 58.65
17454 17393 0.00 46.47
20540 20365 6.40 97.21
28025 28233 10.08 61.22
17724 17652 0.00 62.49
24374 24362 0.00 3.93
18074 17957 8.00 112.24
31569 31841 7.80 111.96
25946 26110 1.00 96.28
25946 25727 9.83 115.82
17327 17410 1.00 84.03
22561 22223 5.95 137.45
24993 25265 8.82 130.74
16504 16395 0.00 115.32
19764 19876 36.67 123.10
18224 18169 20.00 95.05
29468 29509 0.00 15.45
32700 32946 8.50 85.44
20375 20437 0.00 122.76
25702 25497 11.50 80.47
31412 31503 10.33 50.93
18869 18861 8.93 31.90
16866 16945 0.00 85.51
16831 16963 0.00 145.52
24187 24244 0.00 32.48
32786 32857 11.00 40.72
29051 29445 6.37 139.72
19794 19815 0.00 17.12
20748 20779 10.00 92.37
24244 24187 0.00 32.48
32338 32537 9.00 75.67
19727 19742 7.25 31.69
30403 30109 6.88 95.91
22061 22174 8.91 51.71
27020 27258 6.43 80.07
33159 33451 11.83 141.24
25431 25697 6.40 94.30
16604 16689 0.00 116.84
29262 29273 17.17 31.01
28462 28621 12.29 119.50
31618 31469 10.25 112.37
19175 19130 3.00 146.33
30160 30305 5.33 76.88
22797 23006 7.97 76.32
28151 28223 4.67 28.50
31569 31631 10.22 64.75
30095 29883 9.83 69.97
28687 28511 11.50 75.38
20793 20826 0.00 129.64
25766 25779 8.71 98.01
19948 19857 3.00 58.42
24230 24184 7.71 62.74
26168 25938 11.38 105.89
16505 16630 0.00 114.83
22718 22581 10.25 71.84
22668 22598 4.83 44.57
30684 30861 8.63 110.08
24908 24961 12.88 29.10
20324 20287 11.53 69.33
17948 18041 23.83 83.33
16810 16829 1.00 24.21
28532 28787 6.80 109.38
20478 20446 0.00 19.48
20005 19972 0.00 32.04
20172 20231 0.00 41.10
24836 25032 3.00 77.14
17456 17614 0.00 148.43
25990 26249 9.00 109.36
19915 20059 9.41 137.19
16267 16043 0.00 142.97
17282 17267 10.50 11.48
19632 19482 9.25 95.51
17781 17905 3.00 106.88
26380 26527 3.00 56.34
19287 19477 3.00 118.58
32542 32527 10.29 4.65
19699 19622 10.13 76.67
17534 17529 0.00 16.74
27431 27310 6.50 38.77
33787 33565 10.07 136.00
25984 25747 15.29 94.03
19634 19644 10.89 77.50
25492 25430 10.86 46.09
22924 22879 8.93 17.65
20354 20444 10.00 90.35
17215 17305 0.00 99.38
22817 22775 12.44 94.03
32147 32348 9.32 84.91
21109 21159 9.83 41.47
31641 31661 0.00 5.34
25275 25172 4.25 104.83
25112 25017 0.00 69.57
19219 19449 7.00 138.46
18251 18192 11.39 89.67
29104 29049 0.00 31.61
20080 20040 0.00 27.69
30942 31181 11.63 98.68
28863 28819 0.00 23.35
18256 18325 8.57 142.75
18167 18185 11.50 119.46
18368 18555 12.04 145.00
26527 26380 3.00 56.34
28267 28365 6.09 87.57
19146 19296 7.86 128.46
20606 20663 7.20 32.00
24548 24661 0.00 60.71
22133 21943 8.67 89.52
32475 32664 2.67 110.44
33536 33729 11.63 58.13
20202 20267 9.07 35.77
23367 23072 5.46 129.09
18065 18108 0.00 104.63
28459 28650 11.50 110.57
19325 19183 11.50 89.77
28521 28580 0.00 20.51
31068 31280 12.59 75.59
17541 17539 0.00 82.56
27431 27463 20.00 22.70
19787 19769 3.00 105.30
32348 32147 9.32 84.91
31616 31692 7.00 51.87
30345 30095 11.20 80.23
18041 18115 0.00 113.72
19555 19420 15.60 76.61
26741 26592 3.00 56.39
22108 21821 8.67 118.72
20311 20347 8.71 24.46
32475 32206 8.32 109.13
32013 32066 8.91 90.99
30996 30899 6.40 59.94
24950 25108 3.00 101.64
17459 17466 0.00 69.70
26538 26657 9.44 59.88
31257 31181 9.21 107.00
17285 17142 11.50 107.31
26364 26293 3.11 52.60
32911 32942 6.50 12.09
24291 24539 3.11 118.45
29477 29348 7.75 96.75
19918 19785 6.43 91.85
22692 22581 20.00 51.81
24848 24836 9.00 26.01
24440 24544 7.35 75.06
22934 22924 8.67 16.71
18823 18915 0.00 88.79
32300 32602 3.00 101.24
27118 27367 4.22 80.85
18006 18084 4.40 76.61
17984 18089 3.00 108.61
28834 28904 10.00 50.62
17593 17536 3.00 106.03
24249 24229 2.50 18.53
19629 19718 10.79 89.88
32819 32690 6.78 92.11
20305 20256 0.00 82.65
22310 22213 14.33 61.61
19541 19538 2.96 30.33
17206 17224 11.50 106.28
19449 19219 7.00 138.46
18889 18684 10.85 139.33
19395 19382 8.00 101.45
29799 30038 10.33 105.95
16908 16796 0.00 128.62
26840 26789 10.88 149.62
28952 29121 9.86 112.11
17683 17821 15.63 109.13
20663 20606 7.20 32.00
22164 22141 6.96 52.80
30793 30856 14.33 34.35
21415 21430 2.00 76.70
26358 26309 7.25 59.23
22805 23004 7.86 85.53
17970 18011 0.00 90.11
32527 32427 7.46 140.88
17023 17026 0.00 148.12
30613 30473 13.71 53.89
17470 17370 9.18 109.12
28817 29019 13.13 112.74
29524 29440 8.00 46.38
32348 32035 9.76 101.42
24058 24008 5.50 32.47
24083 23975 9.41 103.84
16916 16935 0.00 104.88
17795 17633 1.00 138.07
19876 20032 7.10 125.19
22862 22839 7.25 33.29
29737 29928 0.00 76.05
18125 18228 8.62 117.85
30343 30265 20.00 34.85
18877 18929 8.58 146.68
29616 29926 7.27 105.57
19477 19287 3.00 118.58
24233 24034 7.92 85.01
20614 20682 8.18 124.57
25032 25296 6.22 90.28
16368 16410 1.00 134.85
28547 28869 7.25 122.66
28907 28828 9.00 62.25
29797 29504 11.00 104.05
24390 24414 0.00 18.38
27222 27482 10.20 82.67
20349 20231 0.00 76.99
28745 28764 9.20 34.91
26692 26660 7.92 40.33
33804 33714 0.00 49.06
31734 31632 8.09 59.21
16644 16634 11.50 96.38
18446 18333 11.50 74.32
26660 26929 0.00 99.87
30899 30996 6.40 59.94
30732 30878 8.33 100.70
21946 21976 6.40 98.51
30675 30508 9.80 76.65
31908 32035 10.83 54.29
33178 33548 9.00 120.04
21283 21159 3.00 82.37
17553 17484 20.00 60.04
22223 22255 9.18 42.50
22775 22817 12.44 94.03
28013 27800 7.78 90.40
32138 32349 8.00 114.31
23056 23364 10.70 147.10
27546 27570 3.00 27.51
32718 33005 3.00 109.91
22445 22469 6.40 65.75
17383 17528 35.50 123.74
23551 23433 0.00 44.64
17975 18050 3.00 85.75
30837 30961 7.25 49.00
24318 24301 3.00 65.00
17805 17864 3.00 54.76
19741 19789 10.11 87.35
17551 17473 3.00 106.65
28971 28992 16.67 76.92
18297 18445 15.00 132.61
19580 19631 6.69 87.59
19835 19789 7.91 87.59
17156 17157 11.50 55.79
17664 17513 12.67 129.30
17358 17344 0.00 55.54
29927 30131 5.18 76.54
26454 26518 3.00 64.72
19076 19220 7.80 125.44
32008 32085 11.50 33.50
22184 22250 0.00 109.45
19081 19138 9.00 119.29
29511 29635 20.00 46.94
19598 19533 12.85 57.98
19210 19131 12.38 100.95
28318 28199 7.55 118.40
16043 16092 0.00 133.61
20923 20833 11.59 52.26
29635 29831 16.67 89.68
31522 31579 16.67 83.82
20838 20832 17.50 12.37
31728 31841 10.25 66.95
18073 17999 10.75 75.98
20399 20283 11.50 79.10
28641 28745 0.00 35.22
29097 28965 6.69 117.03
29398 29262 8.80 44.88
20952 20859 5.60 102.17
18507 18490 0.00 126.36
17805 17764 2.00 47.05
19382 19395 8.00 101.45
28641 28702 10.00 48.88
28033 28046 20.00 31.96
27044 26950 3.00 28.57
18006 17930 9.40 77.03
26218 26068 3.00 58.23
30608 30668 11.23 66.82
21642 21672 4.26 101.01
19093 19199 18.00 75.10
26375 26370 1.00 10.08
32746 32658 12.80 24.32
30087 30109 9.00 60.98
24261 24315 12.62 41.39
27024 27060 8.67 36.41
18673 18682 0.00 102.02
17770 17790 0.00 13.99
20828 20794 0.00 22.26
26416 26647 0.00 142.32
29210 29239 8.11 98.60
19684 19758 11.94 77.09
21573 21448 8.13 81.38
18164 18092 3.00 89.62
25308 25259 8.67 16.30
25752 25675 15.75 48.43
28863 28903 0.00 20.50
29774 29866 3.00 51.67
32493 32816 9.06 111.77
27347 27413 10.61 71.81
21109 21104 8.76 16.11
23712 23696 13.50 29.94
19367 19366 7.36 75.83
31097 31433 12.00 108.67
22889 22877 0.00 5.53
21580 21547 3.00 113.03
28907 28924 2.00 12.93
27164 27060 5.08 50.29
22896 22874 5.33 58.87
19217 19373 11.33 86.30
21088 20937 11.08 108.73
29546 29571 5.33 10.10
20198 20187 0.00 7.25
18228 18265 0.00 111.92
27399 27636 6.65 80.44
27866 27636 10.18 79.70
26218 25998 13.33 144.71
24196 24060 7.92 86.16
17727 17781 9.80 53.55
19703 19740 8.00 35.74
17515 17526 6.50 78.77
20267 20202 9.07 35.77
17282 17370 8.53 110.00
19573 19439 17.75 103.41
23254 23365 8.14 102.11
19006 19012 0.00 8.77
19131 19210 12.38 100.95
21984 22134 7.28 124.28
19175 19082 0.00 64.01
30034 30221 10.33 105.43
31026 30714 11.05 109.22
22141 21984 8.33 71.76
18356 18523 6.43 124.45
17814 17674 0.00 122.81
28090 28283 10.29 79.80
22199 22176 8.50 117.46
17476 17591 10.29 130.60
32657 32676 0.00 5.27
20186 20306 20.00 75.84
25838 25961 11.20 84.68
28828 28610 6.75 116.61
32273 31884 9.62 143.25
32028 32008 8.67 47.93
17761 17870 0.00 99.22
21193 21048 11.50 57.54
31511 31880 8.75 143.04
19860 19953 5.60 111.19
21363 21137 7.30 104.77
27438 27355 0.00 44.67
27062 27024 2.33 14.33
30754 30793 0.00 28.91
21431 21262 2.11 77.50
32646 32431 11.33 93.19
17906 17773 3.00 146.08
29192 29359 6.50 78.51
30753 30961 9.81 145.78
31152 30944 14.13 109.77
31241 31009 8.44 124.75
19329 19446 10.00 84.80
31412 31274 0.00 48.68
22190 22109 6.50 34.38
22934 23119 5.78 74.00
19194 19204 7.25 6.85
19868 19792 11.50 55.66
18036 17905 7.00 108.06
21609 21386 9.60 116.71
25151 25413 9.64 121.35
16741 16650 50.00 98.84
26107 26228 15.00 49.63
20902 21025 9.40 58.63
20400 20407 9.70 12.72
17111 17218 0.00 90.38
18813 18640 9.83 102.59
19572 19555 12.89 117.02
18018 18076 3.00 101.22
18028 17911 7.25 97.87
24544 24336 3.00 82.76
26787 26880 6.50 70.68
18206 18121 8.86 83.23
19414 19331 7.86 58.56
19477 19604 9.80 118.40
30739 30601 11.50 68.01
30630 30726 9.83 62.41
18232 18116 11.17 138.54
17730 17810 20.00 57.18
17386 17473 8.50 107.36
19413 19563 9.44 102.89
27269 27179 0.00 60.32
30668 30559 8.83 132.96
26496 26628 6.50 47.63
17736 17855 0.00 112.22
30787 30751 0.00 20.22
18998 18932 9.83 81.95
30923 30840 10.16 147.64
23669 23863 7.40 112.96
23452 23552 0.00 121.84
26929 27080 4.67 69.37
17601 17633 5.50 62.01
29170 29332 10.00 63.32
19307 19506 8.67 121.35
22576 22775 3.00 79.37
17185 17252 0.00 79.37
24275 24324 0.00 35.65
17971 17906 3.00 118.83
30050 30084 8.54 148.14
26486 26326 10.00 103.02
30084 30244 9.53 144.52
23792 24121 9.08 138.12
17120 17145 0.00 30.41
18061 18180 0.00 104.55
25476 25607 0.00 51.51
19025 18905 14.33 122.96
27113 26903 12.22 77.74
23140 23045 12.70 31.24
29280 29304 10.30 126.87
19384 19437 9.25 145.05
20818 20705 0.00 81.29
32547 32700 10.26 63.86
21025 20902 9.40 58.63
23265 23196 0.00 49.98
17674 17814 0.00 122.81
23972 23713 5.00 107.45
19409 19517 11.41 112.42
31771 31618 8.39 112.37
22937 22731 4.25 121.21
21728 21787 2.00 110.91
18624 18555 8.00 82.62
25839 25984 8.79 76.86
30087 30067 10.00 30.57
20730 20756 7.25 31.45
32176 31736 9.50 143.34
17484 17374 4.67 75.46
18034 18113 14.93 66.72
28669 29051 3.00 139.72
17876 17772 9.00 124.60
28461 28035 8.79 132.64
17327 17278 0.00 79.88
18219 18256 8.00 76.33
19781 19857 6.63 77.81
17597 17663 0.00 78.75
18040 18108 0.00 72.90
19194 19161 3.00 22.44
29398 29546 6.40 50.04
27494 27391 3.00 85.61
17649 17599 0.00 55.56
31957 32138 9.43 93.94
18492 18510 3.00 29.29
19255 19371 10.43 107.49
21029 21325 11.50 137.87
24955 24795 5.50 84.75
29646 29668 4.22 30.05
21268 21317 1.00 99.37
18925 19075 11.29 114.76
29975 29612 6.00 123.63
18187 18138 11.67 97.89
21155 21261 10.69 125.48
30455 30502 4.17 54.11
23254 23211 0.00 65.64
19983 19930 0.00 86.74
28225 28217 7.80 5.61
17664 17756 6.38 113.52
28834 28736 0.00 42.19
29807 30030 20.00 104.48
24471 24583 2.50 69.83
20312 20354 0.00 26.10
18732 18816 3.00 57.98
20862 20978 1.75 65.55
25100 25025 3.00 105.69
19332 19257 17.17 56.18
27222 26999 20.00 82.04
29810 30060 3.00 86.07
19972 20128 2.00 123.61
30563 30684 10.00 70.48
31632 31429 10.70 107.47
19479 19382 12.29 65.05
26857 26573 0.00 143.61
25985 26137 11.50 48.27
27781 27952 3.00 58.62
24766 24780 3.00 7.97
32028 32039 8.67 13.18
17497 17324 10.05 146.11
26107 25985 9.80 119.35
17267 17282 10.50 11.48
19262 19162 14.33 94.07
17555 17515 0.00 78.31
29076 28892 11.00 111.16
24432 24322 2.50 56.94
18924 18833 9.80 77.59
30982 31087 3.00 46.22
23082 23317 3.00 100.85
31632 31410 10.19 106.16
25727 25946 9.83 115.82
21116 21123 0.00 53.71
19920 20067 0.00 110.31
32746 32810 3.00 22.85
26448 26558 3.00 100.50
24321 24301 0.00 21.32
27668 27435 7.67 104.76
24633 24371 5.69 143.32
18280 18233 11.50 38.40
20970 20937 13.67 93.69
17374 17484 4.67 75.46
17599 17506 20.00 111.38
29808 29571 11.17 84.92
30752 30837 13.67 42.27
19469 19334 7.82 110.16
17640 17717 0.00 76.36
28379 28435 6.40 19.27
21027 20933 1.50 116.45
26628 26680 10.52 117.72
20649 20765 20.00 112.61
29111 29210 6.50 32.01
23433 23471 5.75 70.41
17148 17152 11.50 110.96
23119 22934 5.78 74.00
18756 18814 9.48 127.36
24548 24753 10.36 94.97
23493 23566 9.22 139.41
29414 29219 7.80 102.06
18200 18109 8.67 92.55
21532 21459 26.50 71.85
29786 29563 8.67 94.35
31692 31616 7.00 51.87
18559 18517 3.00 68.18
31699 32127 0.00 138.67
22899 22561 7.22 137.22
19857 19948 3.00 58.42
20156 20187 11.50 94.52
22873 22906 3.00 16.58
17975 17880 9.00 87.41
16789 16761 0.00 141.61
27784 27447 0.00 97.54
27818 27805 0.00 4.50
28400 28560 8.55 115.44
31305 31613 9.38 109.55
22864 22680 6.87 89.28
17358 17453 0.00 78.17
23006 22797 7.97 76.32
19329 19199 20.00 84.80
15943 15990 0.00 116.37
18325 18287 10.00 70.69
28283 28090 10.29 79.80
28863 28957 0.00 92.18
27260 27500 6.50 79.75
18076 18041 0.00 24.25
30050 30350 10.29 148.14
17014 16914 0.00 127.92
20122 20240 2.33 144.00
18566 18658 3.00 82.49
19876 19764 36.67 123.10
15734 15813 1.00 137.56
19096 19092 11.57 67.33
20143 20202 9.29 137.28
18985 18897 8.21 103.00
31096 31358 6.95 95.27
22350 22201 6.64 136.01
32057 31661 14.00 136.42
18624 18642 0.00 27.82
32274 32356 11.33 37.55
20347 20412 8.67 51.28
31954 31715 4.63 87.49
31133 31129 3.00 18.98
30996 31009 3.00 6.88
16935 16916 0.00 104.88
22000 22137 7.39 59.79
20224 20074 10.08 79.59
17917 18015 11.00 128.77
30390 30643 3.00 104.57
28092 27867 8.80 107.90
23619 23566 5.17 38.56
33486 33358 10.73 37.59
26789 26743 4.75 44.37
29594 29453 6.61 47.99
17027 16974 0.00 103.14
25025 25100 3.00 105.69
19368 19227 3.00 79.94
19213 19222 0.00 14.41
18134 18120 9.35 118.65
23131 23186 5.43 40.99
24120 24262 11.32 123.05
27810 27391 11.13 142.53
30097 29831 6.00 105.23
25384 25376 0.00 7.83
18296 18281 10.65 72.66
28588 28692 1.00 47.99
17368 17512 3.00 123.91
24357 24347 10.27 61.95
26510 26419 3.00 115.10
18688 18773 3.00 54.80
19954 19914 6.60 135.97
16505 16384 0.00 115.28
16113 16138 0.00 22.77
18924 18965 7.25 65.06
27771 27741 3.00 34.05
18007 17879 9.00 114.41
25635 25915 7.15 123.23
18231 18287 2.00 105.43
18070 18040 0.00 87.47
18117 18132 0.00 120.01
33164 33049 12.00 44.51
28341 28418 7.72 102.79
17583 17639 0.00 118.78
19851 19912 1.67 37.58
25108 24950 3.00 101.64
22785 22474 10.65 122.11
17036 17089 11.50 134.04
20197 20283 0.00 76.78
31270 31053 9.69 82.99
23157 23401 4.67 96.91
19122 19077 11.50 67.35
18011 18007 4.89 14.22
17026 17156 0.00 126.57
31116 31068 14.69 64.06
24249 24261 11.50 12.28
32690 32582 7.13 91.99
31479 31209 8.00 117.53
19320 19309 9.80 84.50
33596 33314 11.39 99.23
25265 25125 10.35 64.68
33745 33596 10.64 89.33
17814 17930 12.14 109.67
21598 21704 3.00 71.04
31998 31931 10.50 21.10
16621 16571 0.00 35.30
25074 25156 10.86 51.99
29751 29948 6.50 108.75
17855 17736 0.00 112.22
31328 31148 6.40 60.44
19292 19325 0.00 73.60
20995 21064 11.50 115.85
24390 24712 10.00 126.37
30193 30034 9.92 62.00
31728 32066 9.74 109.19
19141 19081 8.44 115.91
22921 22694 11.50 94.96
25412 25607 3.75 104.14
20630 20491 1.40 121.10
32329 32427 11.62 140.34
28892 28692 7.00 109.47
29398 29453 9.24 113.35
30087 30455 7.11 120.94
23402 23563 4.75 100.81
29199 29220 7.00 57.95
22651 22525 6.22 49.04
25652 25839 4.40 77.93
25108 25127 3.00 9.72
22879 22899 3.00 14.06
28092 28240 6.40 68.57
21177 20933 0.00 104.46
22051 22109 20.00 26.92
19260 19214 9.73 48.23
17185 17215 1.00 58.62
29414 29237 11.50 79.62
17530 17586 0.00 89.38
21431 21415 3.00 76.74
24867 24707 8.42 69.33
28745 28702 6.90 59.91
29926 29574 9.08 124.61
20908 20964 0.00 53.30
22864 23043 8.86 74.00
16349 16384 0.00 100.21
32057 32304 7.94 81.53
31757 32091 10.00 113.98
18012 17951 5.50 103.91
17606 17711 0.00 103.87
27166 27265 7.40 75.62
19973 20036 1.00 81.48
20978 21132 0.00 60.80
31757 31469 11.25 113.98
18665 18627 2.00 28.99
28795 28918 11.27 124.99
18682 18794 11.50 105.11
26504 26812 14.33 128.12
18593 18559 0.00 66.68
18105 18057 3.00 54.15
25176 25255 7.36 79.47
29751 29560 10.75 84.46
19777 19681 9.43 101.59
21095 21082 0.00 13.83
21330 21607 7.61 115.89
29219 29414 7.80 102.06
21607 21683 6.63 76.39
18924 19077 8.44 121.44
23696 23780 10.20 113.38
31855 31790 0.00 51.66
19075 19020 2.60 92.23
22414 22445 4.08 56.75
17500 17639 9.00 131.83
18977 18982 0.00 7.63
18178 18126 11.50 103.98
25779 25652 11.00 144.89
31993 32091 8.97 79.07
24950 24942 3.00 6.99
31842 32001 9.00 63.68
25783 25569 2.33 70.27
31728 31433 10.25 110.14
33413 33129 8.91 112.11
28595 28645 0.00 20.79
31437 31512 0.00 37.79
29634 29594 20.00 12.33
30631 30754 9.25 49.39
18238 18260 10.00 31.17
19367 19414 7.40 38.52
16299 16404 0.00 121.05
20224 20422 8.41 120.77
31469 31429 6.00 17.59
31148 31328 6.40 60.44
18038 17987 21.80 53.37
18105 18129 20.00 26.19
24010 24113 7.58 82.34
31826 31546 9.22 106.18
22915 22718 4.88 114.79
19420 19555 15.60 76.61
25223 25259 10.00 38.96
21320 21550 7.33 101.43
20574 20793 0.00 146.37
27971 28025 0.00 17.57
31586 31404 12.92 79.90
19854 19835 8.67 15.63
30202 30169 1.00 17.02
21603 21657 1.00 39.94
22928 23016 6.83 138.29
19308 19482 3.14 109.09
21704 21598 3.00 71.04
25126 24942 0.00 91.49
28182 27772 10.95 121.34
19006 18982 14.33 34.80
28204 28194 0.00 4.24
22250 22184 0.00 109.45
29646 29515 1.67 46.90
18860 18998 1.00 117.18
16452 16384 0.00 94.61
32658 32746 12.80 24.32
20288 20267 8.67 87.20
19443 19326 5.50 82.99
19698 19659 8.76 116.02
30879 30923 3.00 23.43
18833 18742 8.67 76.86
24661 24548 0.00 60.71
17589 17498 7.00 138.80
20437 20375 0.00 122.76
23364 23477 14.33 46.73
17903 17948 0.00 86.16
18616 18756 8.30 131.04
18640 18813 9.83 102.59
24121 24474 6.41 138.13
28904 29000 11.50 76.26
17641 17703 7.86 100.10
17509 17580 11.50 59.72
25453 25556 10.00 42.21
21790 21704 6.77 78.03
18335 18491 12.08 115.73
19012 19006 0.00 8.77
29525 29563 9.29 79.35
18532 18600 4.38 103.71
18296 18265 9.38 111.91
18441 18530 8.93 128.92
19042 19019 14.33 30.08
29724 29851 9.00 88.49
31429 31469 6.00 17.59
26516 26413 5.20 61.47
18181 18187 7.55 27.02
17528 17674 10.00 125.29
18610 18800 9.97 135.32
17784 17810 0.00 58.15
30305 30124 20.00 70.72
19541 19580 1.00 34.84
22256 22376 5.91 86.06
31236 31096 9.55 82.53
19836 19698 10.23 100.16
26486 26749 3.63 105.13
31661 31922 8.13 96.23
31377 31138 10.89 106.34
30786 31021 10.67 98.99
26173 26030 0.00 81.17
28210 28610 7.00 121.69
28447 28521 0.00 21.15
25350 25399 6.75 38.82
24242 24322 0.00 47.85
22986 23265 3.20 122.88
26601 26477 10.56 56.08
18154 18260 11.50 86.94
24712 24390 10.00 126.37
23475 23458 8.86 74.85
18941 18905 5.33 60.36
16634 16644 11.50 96.38
22450 22720 3.00 132.99
29587 29558 0.00 19.81
21459 21436 0.00 96.00
33426 33536 7.48 41.80
20937 21088 11.08 108.73
23291 23243 12.13 57.75
19019 18966 13.18 117.08
16285 16395 0.00 86.59
27375 27206 26.50 88.02
19718 19769 9.38 64.47
30403 30455 0.00 62.53
29926 29616 7.27 105.57
25128 25151 0.00 12.55
31399 31215 8.00 75.45
32033 32138 7.00 49.78
29059 28971 0.00 75.60
21105 20949 7.40 74.83
18742 18792 0.00 56.72
18333 18446 11.50 74.32
26680 26558 4.40 100.47
27971 27810 3.00 96.29
21011 21311 9.63 142.36
22889 22805 7.33 109.09
16914 16829 0.00 127.64
25354 25308 3.00 115.91
20966 20978 0.00 79.53
31094 31257 3.00 59.77
17500 17348 10.00 130.03
24991 24962 0.00 12.71
30879 30738 11.50 56.45
27600 27770 9.33 80.84
19915 19839 10.55 54.75
29180 29179 0.00 61.17
30714 30684 5.13 20.88
24100 24291 6.00 109.76
18056 18070 0.00 13.09
30140 29975 9.83 55.87
18914 18727 16.09 134.32
20172 20341 23.20 119.74
24517 24471 20.00 111.79
30856 30793 14.33 34.35
18897 18985 8.21 103.00
26326 26486 10.00 103.02
17963 17953 0.00 80.26
32292 32347 12.78 46.09
21538 21813 8.67 119.85
26249 25990 9.00 109.36
26679 26454 9.50 79.10
18756 18616 8.30 131.04
22651 22576 8.21 130.92
30067 30502 11.50 141.56
28410 28566 9.00 115.50
17674 17528 10.00 125.29
25331 25277 10.00 27.33
32564 32332 7.50 86.36
32770 32746 11.50 28.30
23875 23780 9.68 113.57
21317 21315 26.50 75.56
19716 19631 8.35 65.30
18627 18600 3.00 31.00
24339 24471 4.75 41.65
32624 32370 13.90 112.95
22803 23043 8.38 110.67
21593 21622 6.00 67.26
17547 17558 3.00 20.60
18510 18446 11.50 58.71
16452 16587 0.00 111.09
24379 24392 0.00 4.50
30124 30305 20.00 70.72
32431 32227 9.60 77.84
27818 28074 2.00 70.45
28002 27766 0.00 81.47
33107 33363 11.50 117.81
18038 18019 0.00 123.66
28267 28231 7.07 86.81
26034 26232 11.50 103.97
31125 31203 0.00 22.35
31439 31475 3.00 51.98
18800 18877 11.38 82.78
19538 19541 2.96 30.33
26478 26611 9.00 84.51
18489 18539 17.50 44.58
18089 18181 0.00 87.30
30326 30501 3.00 104.41
19702 19717 10.29 114.12
18005 17926 1.00 140.90
28341 28365 6.76 58.13
20825 20846 7.75 27.36
26105 26259 3.75 138.59
32537 32338 9.00 75.67
25125 25265 10.35 64.68
30942 31021 11.50 48.91
18668 18660 11.50 25.81
23119 22785 8.44 121.92
25961 25838 11.20 84.68
18479 18394 0.00 70.45
31425 31519 9.06 55.91
32914 33227 8.40 112.06
18636 18732 3.00 62.08
22196 22000 5.60 82.41
27062 27271 8.16 99.41
17798 17942 0.00 129.78
20491 20630 1.40 121.10
17251 17360 0.00 96.04
18206 18288 3.00 108.40
32273 32309 7.29 112.95
31613 31777 7.25 61.26
27522 27781 9.10 113.62
21683 21564 10.46 83.72
20024 19868 6.59 105.27
30407 30326 5.83 35.49
25846 25642 11.50 70.98
26558 26448 3.00 100.50
25663 25855 11.50 79.15
29180 29173 0.00 25.71
30631 30601 9.80 89.97
19033 19102 11.50 50.56
25392 25074 4.25 141.46
20476 20481 10.00 122.65
29503 29324 0.00 129.23
28231 27968 7.38 138.57
28917 29008 6.95 81.31
24707 24867 8.42 69.33
28603 28687 1.00 76.88
31841 31569 7.80 111.96
28318 28050 10.33 83.14
27546 27495 9.40 57.99
29823 30189 9.87 140.34
26369 26275 8.67 46.14
26068 26172 7.25 82.60
20978 20966 0.00 79.53
28114 28044 7.80 76.95
20168 20244 6.00 101.45
28050 28318 10.33 83.14
32609 32911 14.33 123.64
29348 29307 6.75 37.62
32370 32624 13.90 112.95
27772 27331 10.29 144.65
25885 25621 8.28 102.04
21080 21104 7.87 36.41
26454 26679 9.50 79.10
22818 22651 8.88 80.58
31927 31631 5.67 113.66
22134 21984 7.28 124.28
27541 27333 8.78 101.01
20972 21291 6.43 127.57
26696 26869 3.00 94.92
27592 27460 11.50 60.51
17496 17531 0.00 88.76
18178 18287 11.50 106.12
16404 16299 0.00 121.05
28903 28670 10.20 103.52
21099 21004 8.90 78.63
23525 23784 7.46 103.97
17822 17974 0.00 150.17
31748 31880 11.38 42.94
29219 29388 8.33 77.04
30087 29781 9.92 99.56
18057 18105 3.00 54.15
17912 17997 7.14 85.87
32273 32329 0.00 18.96
27952 28207 3.71 109.20
20077 20141 0.00 43.11
22498 22422 7.24 125.31
21404 21330 4.75 103.16
20966 20856 10.00 64.23
23493 23211 5.24 107.01
18949 18881 7.25 84.01
30528 30862 6.00 124.63
19713 19620 9.80 72.18
18322 18451 3.00 98.24
19491 19648 8.43 105.38
17023 17152 1.00 97.97
31410 31152 8.86 106.13
18084 18006 4.40 76.61
17795 17880 7.09 67.74
30491 30189 10.73 103.20
23364 23056 10.70 147.10
31327 31215 9.50 57.49
17308 17373 1.20 77.43
18265 18296 9.38 111.91
17529 17534 0.00 16.74
28246 28328 12.43 46.34
24536 24517 5.00 111.51
21595 21608 7.90 23.82
19100 19187 5.33 129.83
19233 19270 5.50 65.41
16481 16604 0.00 90.84
26030 26277 6.50 83.78
24339 24233 9.45 75.05
29404 29063 5.42 122.81
27898 27850 20.00 14.93
17312 17327 0.00 69.70
27508 27375 20.25 89.50
20231 20349 0.00 76.99
24432 24614 11.50 110.19
16224 16368 0.00 137.49
27331 27113 12.22 77.41
25370 25323 5.33 58.99
18015 18037 12.71 125.62
27062 27172 11.29 39.79
19882 19795 11.08 105.90
20957 20807 11.50 107.07
27477 27463 20.00 11.97
33129 32854 10.63 109.83
32123 32292 6.67 97.27
30402 30767 8.10 133.23
27347 27265 5.79 75.39
17772 17720 0.00 66.14
26228 26107 15.00 49.63
22999 23311 15.75 134.15
20522 20481 8.41 43.14
18353 18513 8.67 134.29
19851 19879 9.08 22.75
25151 25094 1.00 69.91
23476 23241 9.11 89.08
16474 16267 5.50 142.90
22046 22031 7.38 138.41
31404 31543 0.00 61.77
29807 29686 9.98 64.08
29506 29504 3.00 59.77
24301 24321 0.00 21.32
33076 32770 6.63 137.87
19681 19573 7.00 103.81
24371 24414 5.03 15.43
29786 29823 9.88 137.99
27782 27752 0.00 9.21
17986 17937 0.00 75.67
20143 19997 8.99 139.90
29019 28874 10.25 71.76
16682 16514 0.00 134.59
34026 33745 8.00 110.88
19446 19473 8.67 21.11
24526 24486 7.72 82.25
31053 30983 12.07 60.58
27827 28082 12.38 110.23
28899 28817 10.00 45.04
20946 21095 11.17 86.50
27295 27164 9.20 52.16
32537 32293 13.07 81.21
25376 25370 3.00 13.08
17916 17921 10.00 101.07
17869 17840 9.80 60.37
33005 32718 3.00 109.91
24539 24794 8.13 118.55
18660 18668 11.50 25.81
27155 27030 20.25 106.93
26496 26510 6.50 69.29
33691 33885 11.04 99.45
24106 24224 7.10 79.72
18260 18238 10.00 31.17
32107 32332 9.92 87.97
23293 23318 5.48 59.09
22137 22000 7.39 59.79
19178 19332 10.73 111.91
27431 27477 11.50 16.15
18961 18834 7.14 122.80
16756 16916 1.00 135.14
33049 32951 8.09 103.41
29686 29587 10.05 55.31
18148 18262 7.83 94.98
25074 25392 4.25 141.46
20714 20837 0.00 75.89
32639 32552 3.00 56.97
30613 30524 6.50 58.37
19059 19253 6.50 146.41
29421 29292 3.00 68.63
18138 18187 11.67 97.89
17730 17620 12.15 115.15
33879 33601 12.21 119.37
29411 29449 3.00 17.57
29018 29102 7.00 85.50
29307 29348 6.75 37.62
32676 32667 9.80 12.02
28435 28415 11.50 81.63
27770 28106 10.00 111.30
17215 17181 0.00 66.34
30923 31118 5.75 86.40
30053 29926 0.00 56.39
25610 25663 9.30 38.69
18057 17999 0.00 69.49
26743 26722 8.00 30.58
33107 32857 10.84 109.65
17536 17593 3.00 106.03
19138 19196 7.88 116.07
20633 20445 2.33 111.52
21325 21439 5.22 80.04
23196 23265 0.00 49.98
17637 17656 0.00 41.53
17837 17713 7.90 100.31
19368 19452 14.76 61.25
19565 19516 3.00 54.30
31522 31616 13.29 58.71
32427 32527 7.46 140.88
25779 25766 8.71 98.01
31404 31284 0.00 50.53
21900 21894 6.83 141.60
17473 17386 8.50 107.36
24318 24347 12.08 60.75
18009 18061 3.00 105.37
29585 29771 3.00 66.53
17591 17733 11.00 131.25
26369 26254 10.29 40.74
22201 22422 6.62 84.33
24614 24794 4.67 108.24
18794 18819 3.00 26.98
19620 19555 0.00 46.08
18011 17970 0.00 90.11
26068 25930 19.20 44.62
22237 22148 6.00 30.35
22839 22801 3.42 61.17
26611 26478 9.00 84.51
19399 19220 10.92 125.42
24900 25100 7.33 80.73
30624 30469 2.33 75.18
17324 17366 9.26 86.57
29749 30019 8.25 87.89
30411 30504 3.00 47.04
25855 25756 2.60 79.23
29939 29748 12.71 78.52
30627 30755 11.50 59.46
31595 31748 13.27 60.41
18012 18077 6.09 103.94
18399 18327 9.62 117.71
19620 19659 8.93 115.99
29760 29902 9.68 110.20
27347 27069 1.00 91.06
26953 26903 0.00 23.06
20974 20837 0.00 59.48
32206 32418 12.22 109.91
18965 18924 7.25 65.06
23817 23875 8.33 49.55
28692 28588 1.00 47.99
32769 32609 13.25 81.59
31931 31998 10.50 21.10
30455 30403 0.00 62.53
22899 22934 3.00 12.67
19148 19162 3.00 14.26
18853 18965 8.67 90.26
16404 16557 3.00 125.03
21266 21229 0.00 22.76
27668 27438 3.00 85.93
19662 19651 9.18 79.03
27790 27558 6.50 118.16
22801 22569 8.67 94.64
30755 30627 11.50 59.46
19691 19627 7.90 53.84
29646 29607 8.67 78.62
29585 29457 11.08 98.46
30559 30668 8.83 132.96
27866 27753 5.73 83.02
22160 22002 7.33 71.45
16913 17008 0.00 123.13
24004 23712 10.25 120.20
19982 19920 1.00 88.40
25751 25866 2.00 64.67
29208 29307 3.00 63.31
27008 26964 10.00 34.08
30516 30501 11.50 6.51
30884 30643 8.67 104.92
20251 20067 0.00 109.88
33107 32887 11.68 115.47
18513 18507 0.00 130.60
29939 30095 12.11 83.29
28869 28547 7.25 122.66
24113 24010 7.58 82.34
30034 30193 9.92 62.00
26880 26968 10.00 77.74
19229 19228 10.70 38.96
31826 32015 21.00 73.39
20153 20072 8.10 62.47
26680 26840 3.00 68.09
32854 33129 10.63 109.83
28141 28151 7.25 48.30
20021 19951 6.78 136.05
19962 19816 0.00 124.51
20013 19914 6.10 125.30
29875 29771 10.33 91.99
19700 19785 11.50 131.37
27921 27517 20.00 130.89
26109 25885 8.38 76.92
27135 27399 8.11 83.10
27591 27725 8.57 50.25
17235 17302 0.00 58.95
28547 28226 8.67 120.85
23875 24010 11.08 106.71
18953 18966 3.00 115.29
21976 21846 7.05 98.64
28092 27710 7.80 136.64
17539 17541 0.00 82.56
21268 21230 9.97 98.81
23525 23240 9.42 104.63
19334 19469 7.82 110.16
21291 20972 6.43 127.57
24832 24993 7.73 86.08
25686 25660 0.00 11.15
18843 18916 6.50 76.83
20914 21113 10.00 79.40
31841 31728 10.25 66.95
28560 28641 3.00 60.32
30840 30923 10.16 147.64
26769 26902 6.73 60.89
27627 27517 8.67 54.06
19628 19631 8.57 87.76
25716 25686 0.00 10.79
26657 26902 10.08 111.58
25296 25032 6.22 90.28
19897 19966 8.86 107.32
32816 33102 11.71 116.56
18185 18222 15.75 118.52
30407 30345 9.40 23.35
29501 29781 6.78 99.56
18238 18162 9.80 144.56
19449 19621 9.38 115.37
27179 27269 0.00 60.32
29883 30095 9.83 69.97
24821 24962 7.21 76.78
17758 17730 12.76 73.62
30793 30754 0.00 28.91
26149 26034 15.75 101.88
24606 24718 8.21 80.17
19323 19297 6.90 71.55
26941 26776 13.25 106.62
19367 19255 13.71 108.50
28580 28603 3.00 21.56
19594 19698 8.78 83.90
25747 25555 7.40 110.63
27968 28250 11.00 81.90
25768 26070 6.38 127.94
28824 28988 9.37 142.48
31884 32077 8.53 94.63
28243 28433 8.44 88.34
20875 20765 7.17 75.89
32965 32676 8.79 107.16
18353 18296 7.25 128.64
29975 30140 9.83 55.87
19447 19518 3.00 52.03
29668 29994 10.33 112.05
17810 17784 0.00 58.15
26418 26611 4.40 74.51
30408 30528 20.00 40.03
28644 28604 0.00 104.07
17560 17445 3.00 97.70
18727 18914 16.09 134.32
17718 17764 0.00 39.33
30937 31034 6.00 40.05
32810 32746 3.00 22.85
31021 30942 11.50 48.91
21764 21827 8.58 57.65
24362 24315 0.00 30.63
18966 19019 13.18 117.08
29237 29414 11.50 79.62
20064 19981 13.00 124.74
33009 32942 11.50 25.45
17663 17597 0.00 78.75
29332 29231 0.00 81.48
22051 21915 6.95 67.19
20850 20937 8.67 67.57
22874 23045 6.85 79.73
19685 19517 0.00 118.31
26070 25932 6.30 107.11
18167 18233 4.95 68.02
20140 20197 0.00 44.82
27558 27318 6.81 118.70
17963 17987 0.00 59.40
19224 19087 11.98 106.71
28828 28601 9.11 75.44
20825 20793 10.26 55.64
29729 29933 5.33 101.59
33400 33164 10.91 83.96
18304 18340 6.75 114.18
19707 19796 9.44 80.25
15990 15943 0.00 116.37
26769 26694 9.13 49.25
25553 25523 6.33 20.43
25399 25128 20.00 110.40
21025 20987 8.80 81.47
24322 24432 2.50 56.94
27438 27804 3.00 107.04
26950 27075 0.00 82.90
17761 17725 7.25 66.63
28391 28560 8.10 56.57
18113 18192 6.56 93.79
30277 30239 20.00 137.24
18797 18861 6.92 44.61
23051 23227 8.60 97.10
27911 27500 9.25 123.36
20450 20407 11.11 119.05
17957 17880 9.44 87.03
18396 18344 6.43 40.64
17188 17324 11.20 138.83
26327 26377 7.67 17.66
19382 19479 12.29 65.05
29920 30070 0.00 56.34
28605 28733 6.50 47.32
27437 27460 11.00 15.66
22937 22687 13.25 146.07
27413 27752 12.33 100.45
30343 30397 11.50 36.21
22363 22310 7.47 117.89
16621 16769 0.00 145.02
29453 29280 9.87 85.97
24350 24100 24.33 119.27
29239 29210 8.11 98.60
23051 22915 4.50 55.71
26341 26153 0.00 140.65
20444 20354 10.00 90.35
16752 16630 0.00 113.82
19796 19804 10.00 34.47
17156 17026 0.00 126.57
20834 20867 11.11 84.20
29453 29398 9.24 113.35
20877 20897 0.00 76.21
26127 26070 4.57 51.20
32061 32267 10.00 66.52
22272 22033 9.70 131.24
21230 21268 9.97 98.81
19805 19746 13.63 74.69
29932 29506 9.00 143.70
26273 26259 0.00 51.29
32667 32676 9.80 12.02
16252 16360 0.00 122.54
24336 24381 9.05 88.36
30738 30584 12.71 90.88
33804 33596 7.88 72.73
27024 26902 3.00 56.51
20081 20064 0.00 8.99
22921 22896 15.00 59.24
33326 32951 10.09 132.02
24256 24219 3.00 20.96
25399 25350 6.75 38.82
17216 17119 0.00 80.09
19087 19128 0.00 80.04
30579 30624 6.75 73.17
32411 32582 15.11 145.67
29179 29504 11.50 109.90
32806 32810 0.00 77.53
20897 20877 0.00 76.21
29229 29083 11.50 81.87
27498 27258 4.85 80.09
22506 22344 6.15 94.77
26064 26016 4.25 59.62
29081 29153 20.00 40.20
33358 33287 7.00 25.98
20135 20317 17.50 123.00
19517 19409 11.41 112.42
24712 24564 3.00 87.59
21439 21600 9.13 80.85
29509 29749 14.33 87.77
29781 29501 6.78 99.56
30305 30160 5.33 76.88
28194 28204 0.00 4.24
32946 32700 8.50 85.44
17181 17134 6.50 98.40
30257 30528 0.00 121.87
18819 18838 11.63 93.22
17089 17188 21.00 135.10
23016 22862 3.83 53.79
17838 17720 3.00 107.21
31435 31649 7.00 86.89
16384 16349 0.00 100.21
22350 22498 11.20 64.93
28953 28829 10.00 94.93
27447 27413 0.00 43.63
26743 27008 6.50 98.70
26012 26263 3.00 83.35
23401 23157 4.67 96.91
29506 29183 0.00 110.47
19499 19607 5.00 78.14
26675 26369 9.26 115.58
25556 25453 10.00 42.21
27615 27753 7.25 103.96
29671 29804 20.00 48.83
33250 33358 9.41 97.05
29063 29404 5.42 122.81
30276 30018 11.23 106.11
19796 19914 10.46 123.00
26238 26380 3.00 106.92
21241 21193 0.00 46.08
31072 30750 0.00 110.00
18297 18181 9.11 131.61
18142 18137 0.00 26.61
30508 30305 1.00 116.82
28044 27999 7.80 45.20
20633 20846 0.00 110.67
29932 30366 10.33 143.70
24781 24583 24.33 74.41
28564 28605 6.50 23.35
28884 28716 8.97 147.44
22434 22376 4.89 92.50
19710 19716 9.87 142.46
29928 29737 0.00 76.05
26457 26477 9.86 10.36
28962 29000 7.59 75.70
26882 27080 0.00 76.99
31182 30944 5.70 105.74
26095 25819 9.00 100.63
28787 28892 0.00 53.18
30018 29751 8.00 106.11
30502 30520 14.31 22.73
19437 19384 9.25 145.05
17840 17693 3.00 122.78
17589 17597 3.00 136.75
19257 19332 17.17 56.18
29076 29220 9.00 65.14
30469 30517 11.18 58.12
33005 33129 9.69 111.20
32911 33048 3.00 74.12
24218 24165 10.93 96.25
18637 18566 0.00 77.15
20846 20633 0.00 110.67
17810 17730 20.00 57.18
20257 20147 0.00 83.28
23402 23293 9.10 42.81
26601 26791 6.40 109.91
18646 18792 8.17 101.20
18774 18915 3.00 100.07
23779 23843 11.50 34.17
19082 19175 0.00 64.01
29019 29219 2.00 108.91
18304 18243 10.93 114.50
20825 20970 11.17 96.65
17319 17333 8.00 76.26
22237 22250 0.00 29.17
23575 23522 0.00 36.09
31880 31748 11.38 42.94
21657 21564 12.44 83.09
24517 24536 5.00 111.51
19229 19227 15.50 9.99
22668 22408 3.00 106.13
29616 29525 4.40 80.07
24058 23768 6.40 138.71
26903 26953 0.00 23.06
17498 17408 14.60 79.65
26516 26275 10.11 110.08
19420 19323 9.27 58.66
20040 19912 16.22 139.82
19520 19308 10.33 136.48
29153 29081 20.00 40.20
19777 19740 3.00 69.49
26327 26095 10.83 77.67
29831 29635 16.67 89.68
27463 27477 20.00 11.97
17838 17916 1.00 103.89
17878 17756 9.38 113.91
18074 18050 7.80 73.89
21013 20952 8.67 37.50
23892 23951 8.00 35.18
19377 19501 11.33 95.14
25351 25060 9.17 127.53
26212 25950 10.50 88.10
17730 17758 12.76 73.62
20181 20256 20.00 82.47
19530 19518 10.08 78.01
22668 22706 11.00 26.52
32147 32035 10.33 64.85
17936 17790 3.00 132.17
24428 24270 9.13 128.63
23476 23458 10.29 21.41
27156 27132 1.00 12.62
30202 30473 9.91 140.66
17908 17917 0.00 8.67
27725 27591 8.57 50.25
18517 18559 3.00 68.18
19331 19193 10.00 84.53
19628 19619 9.96 87.77
28231 28267 7.07 86.81
29504 29797 11.00 104.05
27166 27047 8.00 106.10
18451 18322 3.00 98.24
20605 20765 7.58 78.90
22612 22527 0.00 87.01
21201 21099 6.09 36.36
23669 23779 4.00 60.54
19273 19199 8.08 45.51
29501 29433 9.10 130.66
16827 16829 0.00 76.01
18009 17948 0.00 105.64
24187 24058 2.33 72.70
29668 29760 2.60 94.11
18229 18162 11.17 83.34
28217 28194 9.80 39.43
21193 21241 0.00 46.08
18688 18593 0.00 73.65
26285 26173 8.50 81.08
18105 18142 0.00 80.86
27460 27437 11.00 15.66
26362 26457 11.00 34.16
19627 19691 7.90 53.84
28470 28576 3.00 50.79
24301 24318 3.00 65.00
19879 19851 9.08 22.75
21594 21642 0.00 52.76
31748 31787 0.00 52.04
20972 20914 10.67 67.37
22176 22199 8.50 117.46
23188 22937 4.88 93.11
21286 21285 0.00 6.70
19804 19777 7.00 58.20
31921 32015 7.83 48.44
30689 30937 7.80 104.95
29470 29605 7.00 70.02
18251 18213 20.00 62.87
25264 24975 7.88 129.79
19787 19664 20.00 109.37
28400 28566 11.20 56.19
17951 18012 5.50 103.91
27752 27782 0.00 9.21
20295 20235 3.00 41.46
19860 19819 2.33 109.41
18479 18492 6.40 72.09
25697 25778 10.00 65.10
32694 32548 10.73 52.77
19165 19059 9.40 149.06
32422 32289 11.63 95.69
24732 24654 8.36 43.90
27318 27558 6.81 118.70
32857 32786 11.00 40.72
28391 28170 3.00 69.52
26147 26277 10.83 110.98
28645 28595 0.00 20.79
26101 26259 12.67 71.81
24453 24707 4.55 110.44
29359 29251 6.67 55.27
17278 17327 0.00 79.88
29083 28988 10.99 42.46
25361 25120 6.95 92.24
25549 25885 7.10 123.95
19297 19323 6.90 71.55
19045 19077 9.54 63.82
21080 21048 4.67 50.24
24273 24440 9.24 76.90
22569 22563 4.67 62.24
18030 18028 15.56 104.44
32304 32548 11.88 81.53
30705 30643 5.17 50.38
20837 20591 0.00 126.79
25486 25766 11.03 145.06
22061 21796 8.70 111.59
20481 20412 7.75 67.91
23051 22986 1.00 78.10
26370 26375 1.00 10.08
28459 28737 50.00 111.17
19075 18925 11.29 114.76
28035 27866 9.32 115.39
27391 27494 3.00 85.61
17664 17676 11.50 16.70
19499 19384 12.09 79.01
23664 23552 0.00 124.35
22310 22363 7.47 117.89
32192 32289 8.00 77.50
25060 24794 2.33 127.56
32356 32527 14.06 64.68
18642 18660 12.38 44.56
31930 31724 9.80 94.62
29376 29411 9.80 56.03
32292 32123 6.67 97.27
28817 28595 4.67 108.87
28692 28952 2.00 131.76
29000 28904 11.50 76.26
17790 17872 3.00 118.09
17821 17683 15.63 109.13
25635 25413 4.86 119.95
29748 29605 4.00 78.10
23784 23543 7.00 100.11
20846 20833 7.28 78.28
22173 22297 6.12 56.48
18344 18396 6.43 40.64
20615 20821 10.58 110.61
20748 20706 6.92 92.38
19533 19452 11.00 57.53
31827 31632 8.44 88.81
17709 17591 13.20 127.04
24339 24321 8.33 25.87
17652 17724 0.00 62.49
26377 26327 7.67 17.66
20756 20862 5.20 116.20
18017 17937 0.00 68.90
17870 17927 0.00 58.79
18287 18325 10.00 70.69
18262 18148 7.83 94.98
28877 28764 9.42 101.95
19049 19131 11.75 100.95
29511 29729 9.71 128.38
23762 24048 7.40 121.04
29049 28918 7.13 123.01
29635 29751 10.22 78.19
20283 20218 3.00 44.18
24654 24442 12.00 81.08
20241 20161 0.00 101.98
18113 18017 12.91 130.89
26869 27060 8.00 94.92
25127 24878 6.88 124.31
26941 26882 8.00 105.01
18700 18530 3.00 133.33
18130 18076 1.00 103.45
19083 19082 2.00 36.45
32039 32028 8.67 13.18
31661 31641 0.00 5.34
19956 19912 3.00 30.27
18229 18310 8.13 84.09
20069 20134 3.00 25.96
29616 29417 5.21 78.00
23211 23254 0.00 65.64
17660 17821 9.35 145.34
25857 25703 10.56 102.62
21846 21889 3.00 46.10
19046 19053 4.81 75.16
19233 19202 6.50 64.36
27685 28191 0.00 148.80
17861 17794 36.67 113.62
20615 20421 8.90 146.19
31861 31668 3.71 64.96
22378 22414 9.00 88.79
31068 30681 8.95 145.64
20513 20606 6.80 123.94
21325 21113 13.25 79.40
19059 19093 5.69 63.25
20092 19951 5.16 106.13
17770 17800 5.60 138.27
26095 26327 10.83 77.67
26929 26812 20.00 77.55
20794 20786 0.00 4.33
24090 24100 3.00 6.49
19081 19141 8.44 115.91
17370 17282 8.53 110.00
31152 30866 10.00 135.26
17218 17111 0.00 90.38
32116 32338 9.00 76.31
29574 29926 9.08 124.61
31822 31644 0.00 64.08
19779 19758 9.57 40.06
28217 28225 7.80 5.61
28170 28092 7.10 68.64
17718 17614 0.00 106.12
30837 30752 13.67 42.27
31257 31464 9.30 81.63
26660 26692 7.92 40.33
18627 18665 2.00 28.99
32606 32666 0.00 91.71
23041 23250 7.14 81.67
25351 25331 0.00 9.92
23227 23265 7.00 75.90
31236 31546 8.31 105.73
19042 19102 6.60 74.92
16587 16452 0.00 111.09
19080 18987 14.33 73.20
31475 31371 13.20 35.81
30630 30613 0.00 7.75
31705 31644 8.67 98.68
18213 18129 3.00 95.67
21380 21230 5.43 102.30
19062 19127 4.75 38.43
17052 17093 0.00 42.72
18181 18297 9.11 131.61
32810 32806 0.00 77.53
25596 25916 5.22 142.90
19062 19083 3.00 62.31
29902 29760 9.68 110.20
17727 17580 5.22 132.34
26016 26064 4.25 59.62
24800 24795 8.00 95.92
20786 20750 8.67 28.94
17521 17530 5.60 70.25
26291 26418 7.00 42.92
28033 27731 5.50 86.65
23043 22803 8.38 110.67
21790 21846 5.43 73.47
19276 19222 8.75 77.94
22340 22350 7.29 79.67
29668 29646 4.22 30.05
18982 19006 14.33 34.80
18600 18479 12.17 128.65
21082 21044 13.63 11.34
19867 19920 0.00 37.03
18668 18774 11.04 97.55
32304 32057 7.94 81.53
24601 24653 9.12 147.00
31125 31119 11.50 18.82
17215 17185 1.00 58.62
17530 17547 8.67 76.13
19449 19482 11.50 63.28
17948 18009 0.00 105.64
31215 31108 11.50 35.67
18256 18187 7.25 112.87
19510 19424 10.73 64.81
20682 20842 7.92 100.39
26977 27116 1.00 48.77
21471 21509 6.15 58.56
31136 30967 0.00 78.79
31932 32293 6.63 119.38
18932 19036 10.50 146.75
30563 30517 4.17 22.27
23054 23276 8.78 98.90
21943 21869 11.50 84.47
26457 26362 11.00 34.16
23041 23207 0.00 131.33
21229 21266 0.00 22.76
29008 29170 9.03 144.11
15813 15992 20.00 142.87
21391 21593 7.44 86.70
20995 20956 0.00 77.72
20197 20140 0.00 44.82
31661 32057 14.00 136.42
21017 21290 6.40 101.33
18610 18510 7.86 132.65
24827 25069 14.17 126.25
16410 16594 0.00 126.17
26383 26364 0.00 18.95
17466 17459 0.00 69.70
17282 17361 10.61 93.81
20040 20161 0.00 103.42
21869 21943 11.50 84.47
31921 31842 11.09 46.76
18359 18344 12.50 75.16
22141 22256 7.51 58.99
18660 18721 11.50 35.05
22864 22687 10.67 144.45
19481 19395 9.00 132.22
19019 19040 14.33 14.01
17497 17660 11.06 147.14
23453 23318 6.85 124.47
18344 18359 12.50 75.16
31518 31437 0.00 28.93
25413 25151 9.64 121.35
28191 28669 0.00 149.94
19819 19878 7.00 38.74
23227 23051 8.60 97.10
17908 17864 13.53 39.73
26064 26095 3.00 60.67
24396 24399 0.00 2.92
29098 28952 4.57 71.49
29067 28957 0.00 92.11
32008 31930 7.89 25.92
19093 19059 5.69 63.25
24942 24950 3.00 6.99
18359 18441 0.00 76.36
23962 24196 4.88 86.67
27367 27615 7.90 80.85
31613 31668 7.10 104.60
27730 27750 8.00 89.92
29560 29440 2.00 49.38
25775 25645 1.00 44.80
16492 16474 1.00 75.96
18028 18030 15.56 104.44
17948 17855 0.00 87.72
30705 30942 11.40 99.96
18490 18475 0.00 126.28
16796 16721 0.00 82.17
22687 22937 13.25 146.07
30663 30940 11.82 101.73
31632 31734 8.09 59.21
23243 22897 9.58 129.66
26477 26457 9.86 10.36
24591 24295 8.68 120.01
19951 20092 5.16 106.13
29866 29969 3.00 50.87
30504 30675 9.00 114.28
25207 25474 8.67 105.58
17586 17530 0.00 89.38
27030 26977 1.00 37.94
27030 27260 4.67 79.71
21283 21029 6.94 108.01
18977 19049 8.67 100.95
24187 24062 3.00 55.44
20793 20825 10.26 55.64
19992 20059 9.00 104.63
19204 19228 11.00 24.28
28246 28207 12.71 12.41
27132 27047 20.00 45.26
18327 18260 10.50 117.86
19641 19718 20.00 82.10
19188 19177 11.50 34.90
20933 20850 4.67 85.94
30670 31066 5.50 139.70
29262 29220 5.83 95.65
26212 26263 6.50 59.36
18555 18689 0.00 116.00
20072 20013 7.86 122.78
22000 21948 4.58 24.70
31855 31921 11.50 23.74
21029 20974 2.33 35.76
21013 20958 11.00 67.54
16224 16092 0.00 137.55
31148 30940 11.39 98.56
18998 18860 1.00 117.18
29376 29644 11.64 90.51
29262 29398 8.80 44.88
29831 30097 6.00 105.23
20251 20324 0.00 56.57
27172 27333 3.00 72.51
26663 26564 7.57 77.01
27264 27685 0.00 147.33
16890 16796 0.00 98.65
23779 23669 4.00 60.54
33107 33403 12.78 123.07
20850 20933 4.67 85.94
18616 18574 8.00 128.57
21132 21123 10.25 74.24
21082 21095 0.00 13.83
17591 17476 10.29 130.60
20807 20895 0.00 104.05
31432 31641 16.50 92.12
17261 17155 0.00 112.08
24614 24878 5.44 124.29
18116 18121 0.00 81.63
20480 20450 6.53 118.93
29729 29511 9.71 128.38
25463 25747 5.73 121.83
32060 31927 7.59 52.78
31088 30906 11.50 99.11
17386 17330 6.56 106.84
29796 29603 0.00 89.68
27500 27260 6.50 79.75
31121 30991 11.50 71.39
23241 23476 9.11 89.08
17764 17718 0.00 39.33
29878 29444 0.00 150.28
31640 31715 8.70 59.72
17927 17870 0.00 58.79
25264 25548 6.50 129.52
20262 20287 7.11 51.45
17014 17023 0.00 144.67
24216 23990 8.67 129.08
30720 31091 7.53 146.53
26333 26110 0.00 81.53
31486 31631 11.33 62.53
18043 17984 1.00 107.04
19746 19632 8.25 94.11
17235 17274 0.00 136.66
17997 17912 7.14 85.87
18838 18819 11.63 93.22
33067 33294 12.20 85.63
26377 26496 2.33 51.16
24381 24336 9.05 88.36
17553 17552 14.09 32.54
25310 25108 10.00 81.26
33358 33250 9.41 97.05
21573 21598 6.93 79.31
17649 17730 10.61 71.15
20128 20172 0.00 38.32
19992 19882 10.56 107.01
17942 17872 11.29 117.65
19839 19711 9.08 99.08
24091 24242 0.00 126.96
32370 32609 6.54 119.35
24896 24933 50.00 95.70
29348 29477 7.75 96.75
31096 31236 9.55 82.53
20476 20564 2.50 124.63
25259 25100 6.25 51.45
19914 19796 10.46 123.00
26064 25775 20.00 100.27
20041 19982 0.00 88.31
19506 19477 3.00 64.42
22805 22889 7.33 109.09
29831 29729 8.67 69.15
22002 22045 3.00 63.79
32548 32304 11.88 81.53
22985 22924 5.33 21.07
25316 25275 2.00 43.33
30944 30739 10.79 107.09
26953 27365 8.22 143.30
17860 17903 0.00 86.10
26363 26644 10.69 114.30
17348 17500 10.00 130.03
20060 20024 11.68 44.87
24224 24249 3.00 16.43
29071 28829 10.20 134.81
17676 17692 6.00 130.72
20040 19997 10.11 36.34
17027 17119 0.00 79.60
17321 17239 0.00 81.42
18930 18818 6.73 105.09
31771 31993 10.36 82.72
17348 17360 3.00 123.59
18238 18290 3.00 42.16
17598 17683 17.50 104.70
17436 17456 0.00 53.35
30399 30276 11.00 47.71
21843 21668 4.88 78.20
16830 16789 0.00 141.49
19055 18987 3.00 82.42
20964 21004 0.00 22.19
30514 30272 12.20 93.88
27561 27500 7.19 45.86
25665 25861 6.40 104.06
29071 29113 0.00 21.07
33049 32838 8.23 73.38
17274 17355 0.00 137.97
19664 19787 20.00 109.37
26364 26071 7.25 103.72
29098 29237 11.50 104.28
25607 25412 3.75 104.14
30840 30668 10.87 151.17
25747 25984 15.29 94.03
23892 23744 1.50 91.07
19374 19491 6.90 76.44
25987 25830 12.27 114.01
19573 19681 7.00 103.81
19452 19228 12.50 132.41
28892 29076 11.00 111.16
17578 17496 0.00 104.90
21787 21965 9.83 78.53
26860 26602 8.86 106.39
30696 30621 0.00 125.45
19701 19674 6.40 89.70
28074 27818 2.00 70.45
20608 20564 10.42 123.00
28952 29098 4.57 71.49
29647 29729 9.00 51.91
19194 19280 9.14 134.00
20059 20064 10.68 10.18
29603 29796 0.00 89.68
19366 19371 4.00 75.84
30668 30840 10.87 151.17
17864 17805 3.00 54.76
32595 32666 6.00 111.19
21547 21580 3.00 113.03
18065 18040 0.00 25.35
25060 25351 9.17 127.53
31435 31218 10.46 86.67
17269 17224 9.00 107.05
17515 17555 0.00 78.31
18530 18441 8.93 128.92
25112 24867 8.08 111.56
28716 28558 7.78 115.29
32942 32769 9.38 78.00
16916 16978 0.00 84.66
27781 27522 9.10 113.62
32028 32085 0.00 34.39
19255 19367 13.71 108.50
17084 17193 0.00 99.65
21509 21290 8.26 101.01
19808 19755 5.67 81.69
31094 30918 8.60 85.06
21672 21642 4.26 101.01
30140 30380 13.25 79.51
19815 19867 0.00 38.06
23732 23833 7.73 71.57
22985 22921 9.08 121.72
17820 17687 11.50 110.73
29902 29927 20.75 12.64
25569 25553 8.13 19.02
31188 30983 7.86 78.60
17928 18030 3.00 107.57
24564 24712 3.00 87.59
28924 28841 7.00 91.89
19622 19699 10.13 76.67
16650 16741 50.00 98.84
19077 19122 11.50 67.35
21889 21846 3.00 46.10
21593 21391 7.44 86.70
20978 20862 1.75 65.55
29994 29668 10.33 112.05
20244 20168 6.00 101.45
17764 17864 15.38 76.59
23784 24131 6.13 131.53
29715 29560 7.25 110.86
31087 31511 11.00 148.89
25331 25351 0.00 9.92
19213 19322 6.59 68.69
33714 33804 0.00 49.06
15943 15952 0.00 115.69
31724 31619 11.20 78.45
16827 16828 0.00 76.00
21533 21291 7.69 125.80
19619 19707 11.50 80.77
22201 22350 6.64 136.01
20821 20615 10.58 110.61
20287 20324 11.53 69.33
19769 19787 3.00 105.30
24384 24766 7.00 142.71
23532 23779 9.40 143.92
17216 17312 0.00 81.48
21201 21448 6.06 112.70
17560 17649 0.00 75.61
19503 19333 8.08 105.66
30377 30221 7.25 61.54
28560 28391 8.10 56.57
18854 18746 7.50 102.58
20295 20189 0.00 70.89
26273 26295 0.00 40.55
19023 19128 11.50 81.56
31724 31930 9.80 94.62
23004 23186 4.00 85.28
19518 19619 11.50 85.43
17917 17908 0.00 8.67
20218 20201 10.25 96.98
30193 30377 7.33 106.48
29049 29178 9.69 116.93
17274 17235 0.00 136.66
28602 28112 0.00 149.47
29237 29251 1.00 8.41
18846 18689 0.00 114.43
29969 29866 3.00 50.87
28566 28764 11.38 148.44
20203 20141 0.00 47.22
32085 32192 9.20 77.64
19276 19323 7.70 77.94
19118 19188 11.29 94.08
25940 25857 0.00 62.76
22117 21843 11.50 117.24
28764 28745 9.20 34.91
21915 21905 10.60 84.64
18162 18229 11.17 83.34
25556 25727 9.40 113.32
20505 20412 5.91 85.42
19789 19835 7.91 87.59
23762 23475 5.43 121.25
32700 32639 0.00 35.09
17639 17500 9.00 131.83
17436 17468 0.00 78.12
31399 31493 5.33 53.43
16679 16557 14.33 98.63
20069 20060 7.84 20.15
16160 15990 0.00 122.75
33621 33891 11.74 137.37
32061 31998 0.00 21.50
22449 22527 0.00 86.89
31138 30991 4.86 55.39
33451 33596 11.50 84.55
17641 17551 7.80 107.83
25973 25953 20.00 6.89
28233 28410 8.11 56.15
28918 28971 0.00 23.15
17155 17261 0.00 112.08
28670 28903 10.20 103.52
19644 19634 10.89 77.50
19204 19372 20.00 99.50
21564 21683 10.46 83.72
31876 31822 9.31 79.60
25953 25855 4.25 44.12
23641 23732 5.76 73.20
29682 29927 1.00 86.98
30787 30866 3.00 38.72
28274 28532 0.00 101.28
27570 27546 3.00 27.51
20128 19972 2.00 123.61
19227 19368 3.00 79.94
33562 33310 14.87 135.32
19374 19280 25.50 55.91
23265 23227 7.00 75.90
21123 20966 4.67 61.18
25026 24955 7.00 81.08
17445 17560 3.00 97.70
30856 30754 3.00 31.29
17854 17909 7.89 51.33
20465 20480 11.90 11.28
28113 28114 9.40 72.35
20218 20283 3.00 44.18
20902 20779 14.33 56.91
32609 32370 6.54 119.35
30793 30767 5.17 39.83
32035 31908 10.83 54.29
20914 20972 10.67 67.37
33164 33361 9.80 135.64
28595 28817 4.67 108.87
17736 17621 0.00 114.01
22175 22180 11.50 129.18
25523 25492 10.50 17.44
30403 30366 3.00 61.49
23240 23006 8.90 93.82
19270 19280 3.17 19.95
33129 33413 8.91 112.11
17953 17963 0.00 80.26
26964 26722 0.00 101.04
28709 28821 0.00 140.45
24113 24027 6.09 61.50
17798 17689 21.00 126.59
31724 31746 10.00 95.41
30760 31116 10.93 133.26
21547 21538 0.00 112.71
20305 20473 17.20 98.80
24486 24526 7.72 82.25
19674 19805 3.00 94.85
19664 19497 11.50 112.39
29902 29719 8.67 59.70
24798 24795 10.25 92.99
30205 30468 6.14 104.97
19485 19598 10.60 75.85
21668 21843 4.88 78.20
27164 26959 10.08 101.15
33028 32942 3.00 30.04
19882 19992 10.56 107.01
18490 18507 0.00 126.36
32060 32206 14.90 55.98
19127 19062 4.75 38.43
30562 30360 3.00 90.20
26295 26228 10.50 28.86
22406 22108 5.35 118.68
25120 24935 7.96 91.94
20051 20131 0.00 78.45
29105 29415 13.00 125.91
25056 25361 5.90 104.77
31586 31734 7.25 79.90
26776 26941 13.25 106.62
32409 32624 10.27 116.12
24702 24653 8.70 108.64
18566 18543 0.00 43.46
28106 28181 0.00 43.70
26277 26030 6.50 83.78
17466 17305 2.00 129.46
18201 18132 18.56 125.09
27024 27062 2.33 14.33
22109 22051 20.00 26.92
32896 32564 8.78 114.46
28447 28425 9.78 146.98
20750 20781 0.00 39.93
22525 22354 6.67 76.87
17984 18043 1.00 107.04
16828 16769 3.00 137.87
25830 25683 13.71 58.73
23318 23293 5.48 59.09
18924 18895 0.00 66.44
19420 19481 8.00 130.79
19059 19165 9.40 149.06
28225 28250 5.39 92.09
30528 30408 20.00 40.03
27968 28231 7.38 138.57
22061 22117 8.42 90.71
18814 18669 9.94 92.50
23102 22803 8.15 111.99
19297 19309 12.32 84.50
22503 22498 7.06 103.31
20365 20540 6.40 97.21
26657 26918 8.21 139.08
17449 17493 0.00 56.53
18746 18797 12.09 133.89
31437 31518 0.00 28.93
20311 20210 8.87 88.39
28973 28877 9.73 101.96
27710 27538 7.67 53.72
18846 18962 0.00 113.93
19439 19447 3.00 8.16
31053 31096 10.41 68.60
22141 22164 6.96 52.80
29359 29470 5.33 54.35
21017 20950 9.80 67.60
20341 20354 20.00 20.60
17509 17526 9.40 34.73
22031 22173 11.93 82.99
20128 20005 0.00 73.65
19113 19307 10.25 122.03
28684 28576 26.50 46.55
26418 26291 7.00 42.92
27461 27166 10.50 97.64
18399 18526 12.29 102.07
21430 21415 2.00 76.70
23700 23616 5.26 65.28
25421 25785 8.41 129.17
21330 21283 2.00 22.79
23188 23433 7.45 92.96
19399 19530 8.88 102.78
21044 21082 13.63 11.34
30757 30712 0.00 44.44
26647 26915 0.00 143.60
18132 18117 0.00 120.01
17406 17457 0.00 56.60
24827 24818 20.00 4.94
30834 30710 6.58 41.18
18877 18813 7.15 52.36
31091 30720 7.53 146.53
24316 24230 7.59 62.36
19479 19554 16.00 118.84
19898 19948 11.00 75.17
24450 24396 3.00 25.82
29417 29616 5.21 78.00
32293 31932 6.63 119.38
29273 29280 8.80 14.19
28337 28379 11.50 52.39
25474 25512 5.50 48.36
27461 27600 7.86 80.18
30070 30239 7.45 138.21
33314 33596 11.39 99.23
28207 27952 3.71 109.20
23311 23511 5.44 130.65
32356 32091 19.90 103.50
17252 17185 0.00 79.37
24975 24723 10.75 118.19
16747 16828 0.00 103.33
17556 17652 9.60 110.14
27570 27310 2.50 118.81
19520 19703 22.00 136.83
20050 19994 0.00 38.37
24474 24121 6.41 138.13
20958 21013 11.00 67.54
29444 29027 20.00 150.28
24794 24975 2.00 110.95
28601 28361 8.80 75.54
20964 20996 0.00 37.34
28829 29071 10.20 134.81
18932 18998 9.83 81.95
18222 18185 15.75 118.52
33363 33107 11.50 117.81
16630 16634 0.00 96.21
19914 19954 6.60 135.97
24219 24191 7.08 63.05
20181 20251 1.00 36.09
22944 22598 6.78 150.31
19188 19118 11.29 94.08
19377 19233 7.36 95.14
22199 22213 8.13 117.47
23493 23648 8.44 57.78
28971 29059 0.00 75.60
26238 26291 9.80 17.00
17957 17837 8.67 100.63
28787 28532 6.80 109.38
25998 26218 13.33 144.71
19538 19530 5.75 79.06
27725 27962 7.18 105.49
20826 20850 3.00 46.03
29969 29933 10.50 20.18
31097 31188 8.67 64.67
29415 29105 13.00 125.91
32946 32816 7.38 137.36
19598 19485 10.60 75.85
32658 32329 9.80 112.66
26812 26929 20.00 77.55
17637 17620 7.25 120.87
20914 20907 0.00 4.79
32329 32273 0.00 18.96
27069 26789 9.38 90.94
30265 30343 20.00 34.85
31649 31464 9.38 81.67
26950 26860 6.67 37.62
27800 27615 7.95 60.14
32548 32579 0.00 40.09
18260 18154 11.50 86.94
25069 24827 14.17 126.25
25017 24825 9.00 88.67
17703 17770 9.33 99.33
17457 17373 0.00 77.36
31644 31705 8.67 98.68
16320 16367 0.00 35.34
27257 27355 7.33 130.58
19501 19563 7.08 60.24
17656 17722 0.00 86.48
19252 19384 6.79 69.06
17093 17084 0.00 44.81
27753 27498 8.00 79.89
22108 22406 5.35 118.68
24048 23709 7.45 133.93
16830 16682 0.00 132.54
17987 18007 14.00 114.56
32987 33186 9.08 81.76
25760 25866 23.25 52.37
23898 24008 5.67 69.39
18834 18659 8.67 123.69
21813 21538 8.67 119.85
28869 28709 0.00 141.82
27921 28337 4.00 130.89
23967 24106 7.50 96.41
27463 27482 5.17 45.36
17888 18037 8.23 133.34
19981 19799 8.26 131.61
24544 24440 7.35 75.06
29307 29104 13.25 97.80
27030 27155 20.25 106.93
17899 17937 0.00 35.86
30109 30087 9.00 60.98
29324 29503 0.00 129.23
19280 19374 25.50 55.91
17773 17782 3.00 146.54
22445 22414 4.08 56.75
17676 17828 3.00 116.70
29799 29563 7.96 114.43
30314 30360 0.00 13.06
20895 20807 0.00 104.05
20491 20287 0.00 125.52
30377 30193 7.33 106.48
20613 20821 9.69 118.43
31494 31210 0.00 92.67
27355 27257 7.33 130.58
17526 17536 50.00 12.64
16571 16514 0.00 128.74
27850 27898 20.00 14.93
19632 19746 8.25 94.11
23951 23843 3.00 77.68
18905 18789 3.00 105.93
17206 17267 12.53 59.73
17888 17890 0.00 81.89
17758 17897 10.57 104.66
28532 28670 10.80 68.59
24381 24218 15.53 65.75
29571 29612 6.75 89.97
25512 25610 7.78 91.99
23843 23738 10.00 58.17
27377 27591 7.14 107.36
24091 24260 3.00 79.67
21791 21787 7.67 61.39
31826 32147 8.51 141.70
25094 25151 1.00 69.91
27797 28295 20.00 144.22
22344 22506 6.15 94.77
20446 20478 0.00 19.48
23265 22986 3.20 122.88
22555 22525 7.36 133.54
20663 20608 9.57 123.13
24781 25056 9.80 104.56
29457 29585 11.08 98.46
32015 31921 7.83 48.44
19701 19700 0.00 39.67
21984 22141 8.33 71.76
30473 30053 9.57 145.27
18070 18056 0.00 13.09
30152 30089 13.69 29.34
28337 27921 4.00 130.89
18074 18159 6.83 112.97
27438 27668 3.00 85.93
30983 31188 7.86 78.60
19701 19793 12.44 83.97
30239 30277 20.00 137.24
17641 17602 4.00 95.60
26812 26882 20.00 32.77
20875 20862 14.33 10.78
17385 17556 0.00 146.69
19373 19368 12.60 70.13
31311 31374 0.00 91.14
18142 18105 0.00 80.86
19434 19331 5.22 78.04
31922 31661 8.13 96.23
18092 18164 3.00 89.62
18159 18074 6.83 112.97
18746 18854 7.50 102.58
26400 26486 3.00 56.64
17103 17077 0.00 140.42
22506 22598 6.00 55.06
31479 31771 9.00 119.78
18838 18724 3.00 98.14
24008 24058 5.50 32.47
20952 20987 8.50 81.50
16410 16368 1.00 134.85
27771 27810 5.43 49.19
20047 19973 17.73 77.75
27075 26950 0.00 82.90
17536 17526 50.00 12.64
17145 17218 10.00 81.98
32770 32658 6.25 43.83
29719 29902 8.67 59.70
20907 20914 0.00 4.79
16410 16481 0.00 88.92
19040 19019 14.33 14.01
26140 26293 9.79 57.31
16772 16761 20.00 15.35
26538 26769 3.83 109.27
19631 19580 6.69 87.59
20625 20445 3.00 114.61
19713 19764 10.22 118.72
21011 20972 8.67 38.24
28965 28884 8.09 82.70
32552 32312 10.07 80.13
20446 20424 0.00 40.21
19847 19808 11.38 83.69
32874 33120 14.29 109.94
17720 17838 3.00 107.21
17683 17598 17.50 104.70
19622 19414 8.23 139.50
30624 30753 8.92 144.06
19606 19711 12.50 89.34
18953 18888 3.00 116.89
19372 19204 20.00 99.50
30180 29782 8.50 137.17
27952 27781 3.00 58.62
33891 33621 11.74 137.37
22175 22029 8.62 84.74
26309 26016 9.00 98.03
23989 24244 12.33 121.31
22788 22801 8.80 45.26
22173 22176 6.40 117.45
17621 17736 0.00 114.01
21229 21251 3.00 16.29
24962 24908 9.10 55.88
26149 26097 1.00 29.47
26696 26959 4.22 104.72
18008 18120 9.83 82.99
29682 29449 11.50 97.05
17713 17837 7.90 100.31
20591 20467 0.00 121.28
20005 20128 0.00 73.65
31503 31855 11.41 125.40
17484 17553 20.00 60.04
30227 30131 6.86 49.86
32138 32033 7.00 49.78
18987 19055 3.00 82.42
30681 30760 20.00 58.93
21898 21900 8.54 95.44
27627 27522 6.06 34.14
17660 17497 11.06 147.14
27132 27156 1.00 12.62
24353 24379 0.00 11.29
26769 26538 3.83 109.27
20305 20317 0.00 7.98
27340 27049 9.36 91.80
22897 22775 8.67 49.10
26964 26860 0.00 81.03
19497 19664 11.50 112.39
29059 29104 3.00 23.60
22581 22718 10.25 71.84
18233 18167 4.95 68.02
18792 18895 0.00 79.69
30380 30402 8.08 59.60
17360 17251 0.00 96.04
17888 17897 20.00 59.15
17534 17543 6.75 30.93
23250 23470 5.80 81.63
22633 22554 3.00 149.29
27508 27331 9.57 88.22
17880 17912 5.50 118.87
31715 31519 0.00 81.30
32547 32475 6.56 29.76
22347 22349 6.00 84.13
20875 20958 9.80 77.49
31328 31108 10.62 106.28
24229 24219 11.25 26.94
24233 24442 9.88 80.78
19506 19629 9.18 93.66
17890 17993 10.00 115.76
26558 26680 4.40 100.47
30244 30084 9.53 144.52
29210 29111 6.50 32.01
19273 19308 13.67 24.52
18200 18139 0.00 90.27
17185 17145 0.00 55.30
20363 20347 5.00 121.74
29206 29181 1.67 66.79
17633 17795 1.00 138.07
27876 27546 6.38 90.99
18642 18789 2.00 105.73
18888 18953 3.00 116.89
22527 22612 0.00 87.01
19518 19530 10.08 78.01
19170 19289 0.00 93.38
19395 19320 0.00 44.08
33178 32946 5.50 79.08
17181 17215 0.00 66.34
20804 20874 11.59 143.48
29470 29292 10.00 80.57
25277 25331 10.00 27.33
25255 25176 7.36 79.47
33548 33178 9.00 120.04
30095 30140 4.40 90.09
20153 20024 7.56 126.01
30712 30757 0.00 44.44
32066 32312 11.00 80.39
25604 25861 6.21 89.73
17987 17963 0.00 59.40
26882 26812 20.00 32.77
29846 30271 0.00 139.73
23279 23241 6.78 142.79
28795 28907 9.31 50.80
22213 22199 8.13 117.47
21806 21770 10.54 119.72
31096 30961 14.33 47.83
24442 24654 12.00 81.08
19108 18985 8.75 104.83
26968 26977 0.00 6.06
28106 28002 7.40 78.59
24265 24273 9.33 7.23
17821 17878 8.65 88.84
30504 30665 0.00 80.27
17744 17733 10.33 61.07
21112 21116 10.00 47.41
29875 29994 23.33 92.03
32312 32552 10.07 80.13
22347 22344 11.07 84.13
17312 17216 0.00 81.48
17930 18006 9.40 77.03
17466 17547 19.17 65.93
22376 22134 6.87 127.52
20834 20828 11.50 47.12
19907 19793 12.43 85.53
21436 21459 0.00 96.00
21654 21311 5.80 145.55
26527 26787 5.00 102.63
23293 23402 9.10 42.81
20608 20663 9.57 123.13
31071 31094 7.81 99.94
22879 22924 8.93 17.65
18340 18310 3.00 114.41
17148 17142 20.00 88.66
21317 21268 1.00 99.37
26089 26109 6.91 9.99
29808 29883 10.00 25.59
18125 18038 7.94 114.82
19607 19499 5.00 78.14
26147 26363 2.50 111.69
29052 28904 5.33 56.53
32422 32542 7.00 95.89
22414 22628 4.46 82.44
23276 23543 8.92 101.02
31761 31455 8.09 119.12
31631 31927 5.67 113.66
17530 17521 5.60 70.25
18794 18682 11.50 105.11
23072 22882 6.40 77.68
21431 21595 3.00 63.44
23043 23241 6.58 79.45
31376 31136 9.00 76.26
19307 19113 10.25 122.03
22788 22928 6.39 54.62
25950 25783 8.80 85.49
16756 16621 11.50 132.59
23962 23764 6.75 135.41
26413 26657 10.85 108.46
20203 20218 0.00 6.10
30380 30345 8.67 90.31
19698 19836 10.23 100.16
26275 26369 8.67 46.14
22184 22133 18.82 67.68
18290 18238 3.00 42.16
18368 18251 10.00 125.68
30060 30169 5.83 62.94
26477 26601 10.56 56.08
17456 17506 0.00 94.98
24010 23875 11.08 106.71
23317 23186 4.89 80.20
19038 19042 0.00 21.77
32624 32857 9.68 113.17
29605 29470 7.00 70.02
33596 33451 11.50 84.55
29415 29404 0.00 64.50
18192 18142 20.00 43.59
18905 18941 5.33 60.36
22474 22785 10.65 122.11
28903 29018 9.00 85.95
32329 32658 9.80 112.66
29974 30189 14.08 81.22
24825 25017 9.00 88.67
26358 26064 11.20 100.87
24942 24780 0.00 99.76
22563 22555 8.21 74.30
25930 26068 19.20 44.62
21821 21507 6.25 118.75
30754 30631 9.25 49.39
29334 29376 4.25 100.28
18604 18742 3.43 99.48
21380 21642 14.50 106.61
17547 17530 8.67 76.13
18192 18251 11.39 89.67
31210 31129 0.00 22.02
17711 17678 0.00 106.20
27047 27166 8.00 106.10
18774 18668 11.04 97.55
28366 28457 4.67 43.42
18017 18057 0.00 66.05
32552 32547 13.20 23.11
26527 26418 10.00 107.96
31129 31072 0.00 23.12
23477 23364 14.33 46.73
19187 19108 11.50 58.95
19095 19213 5.67 83.74
22422 22293 5.93 75.11
22181 22160 8.89 77.62
24955 25026 7.00 81.08
26703 26738 0.00 43.90
26168 26275 17.45 60.14
17782 17867 10.43 109.72
17837 17957 8.67 100.63
19062 18889 8.63 139.47
30516 30739 12.07 116.01
19875 19940 0.00 87.39
27044 27075 2.00 114.89
17453 17358 0.00 78.17
21428 21791 13.08 135.04
19162 19148 3.00 14.26
28240 28391 7.25 102.57
27175 27377 6.08 93.62
24131 24191 6.46 22.97
30738 30879 11.50 56.45
27810 27971 3.00 96.29
32718 32667 7.75 29.56
17671 17827 14.33 130.16
25866 25990 12.71 57.43
20203 19973 0.00 127.24
22633 22808 7.14 77.76
26493 26249 8.67 109.15
30276 30399 11.00 47.71
20089 20262 4.00 123.80
29883 29744 11.50 122.83
25127 25277 10.29 72.93
17152 17023 1.00 97.97
18915 18823 0.00 88.79
17111 17120 0.00 88.32
29063 29059 6.86 16.98
25384 25464 0.00 56.98
19262 19196 8.67 116.07
32418 32206 12.22 109.91
26895 27118 5.73 80.64
17869 17876 11.50 19.65
23590 23470 7.19 83.82
32646 32896 10.86 89.82
18008 18043 8.67 103.20
20210 20081 9.50 78.00
21123 21132 10.25 74.24
30834 30803 0.00 23.23
19161 19127 11.00 29.26
30685 30889 8.97 146.81
32431 32646 11.33 93.19
19253 19165 10.60 66.61
17620 17560 11.68 88.76
17728 17717 0.00 12.53
29587 29686 10.05 55.31
24295 24004 8.60 120.05
30601 30631 9.80 89.97
30508 30296 14.33 70.88
31953 31984 3.00 55.91
23054 23072 12.38 51.72
26137 26239 11.50 39.32
26097 25779 10.73 126.19
23458 23475 8.86 74.85
20092 20168 7.87 101.44
18491 18335 12.08 115.73
30767 30751 8.67 22.55
19510 19651 11.61 111.13
19872 19771 4.10 125.97
22148 22237 6.00 30.35
28006 27750 11.07 93.07
18100 18224 7.58 126.64
20957 21229 6.20 108.90
18322 18280 10.00 93.28
17026 16945 0.00 72.43
24795 24955 5.50 84.75
23700 23408 6.30 128.20
20826 20574 0.00 146.83
30710 30424 7.70 108.32
21159 21283 3.00 82.37
18096 17930 7.80 135.16
18441 18359 0.00 76.36
24795 24800 8.00 95.92
17602 17555 20.00 96.48
19165 19289 8.44 82.27
25985 26107 9.80 119.35
26421 26185 0.00 100.30
17551 17641 7.80 107.83
32107 32431 6.43 103.59
27788 27486 11.13 100.19
18523 18657 6.97 123.46
29104 29307 13.25 97.80
18600 18627 3.00 31.00
26367 26377 10.55 78.84
23477 23511 8.97 129.03
19452 19533 11.00 57.53
18036 18100 3.00 51.36
19333 19146 0.00 105.77
21507 21283 6.45 115.91
21622 21662 6.73 61.04
30306 30038 11.59 107.49
24432 24260 25.50 79.68
23619 23402 5.53 81.15
31884 32273 9.62 143.25
19127 19161 11.00 29.26
22176 22173 6.40 117.45
31114 30884 9.93 104.83
33120 33314 9.23 108.11
22581 22692 20.00 51.81
15881 15734 0.00 140.48
31087 30982 3.00 46.22
32857 32624 9.68 113.17
27310 27179 4.40 45.30
28621 28365 10.25 122.31
28337 28318 7.00 19.44
18164 18096 7.25 129.61
17348 17321 20.00 122.96
26273 25987 7.00 117.30
32091 31757 10.00 113.98
32001 32123 11.22 49.57
24397 24244 13.86 72.62
18841 18792 20.00 61.09
28644 28670 3.00 11.98
21386 21095 6.50 119.34
28495 28299 9.50 80.45
31097 30861 8.17 89.69
20242 20134 6.67 92.84
26012 25783 11.50 83.51
29751 30018 8.00 106.11
18961 18977 3.00 14.71
18889 19062 8.63 139.47
32153 31736 0.00 133.51
16594 16410 0.00 126.17
24106 24165 9.00 96.32
22394 22450 7.25 65.43
32676 32965 8.79 107.16
16384 16505 0.00 115.28
28299 28495 9.50 80.45
23276 23054 8.78 98.90
25946 25875 14.60 111.95
26602 26860 8.86 106.39
16890 16963 0.00 96.44
30940 30663 11.82 101.73
29255 29587 7.11 121.33
20235 20144 0.00 54.63
25370 25256 3.00 39.57
17512 17479 0.00 118.35
21415 21431 3.00 76.74
29501 29180 6.25 108.95
17778 17675 0.00 120.59
23511 23311 5.44 130.65
18943 19089 6.56 113.48
19128 19087 0.00 80.04
31632 31827 8.44 88.81
25549 25296 8.00 90.26
21317 21594 4.38 117.93
28210 28264 14.60 25.50
19023 18915 6.50 84.13
31734 31586 7.25 79.90
22029 22074 7.83 123.22
23989 23744 0.00 121.23
27495 27447 11.14 51.65
29808 29748 3.00 33.87
18530 18700 3.00 133.33
22896 22987 4.67 31.94
31284 31152 11.11 58.93
19779 19799 9.80 40.80
29219 29098 6.40 56.06
20995 21044 0.00 52.12
27772 27592 13.20 83.58
28194 28217 9.80 39.43
17521 17454 0.00 63.11
29067 28926 2.00 107.30
20067 20251 0.00 109.88
23738 23892 6.50 79.28
19631 19716 8.35 65.30
28046 27668 7.25 126.13
25355 25299 8.00 20.77
32946 33178 5.50 79.08
28328 28366 8.67 19.08
19973 20203 0.00 127.24
17436 17325 11.50 128.14
24291 24100 6.00 109.76
18302 18201 9.43 95.67
26064 26358 11.20 100.87
30608 30244 8.98 151.13
19698 19594 8.78 83.90
23744 23619 3.71 76.35
17909 17854 7.89 51.33
22180 22175 11.50 129.18
20877 20740 0.00 84.12
22928 23041 8.62 39.07
20838 20956 7.86 67.02
19082 19075 20.00 37.97
31668 31861 3.71 64.96
27008 26743 6.50 98.70
17937 17899 0.00 35.86
17764 17805 2.00 47.05
31884 31789 10.04 35.93
23131 23119 5.84 77.23
21662 21728 5.50 103.23
21095 20946 11.17 86.50
22354 22363 10.00 116.45
31993 31771 10.36 82.72
17324 17188 11.20 138.83
20446 20295 6.75 85.17
32289 32192 8.00 77.50
27600 27461 7.86 80.18
27340 27141 3.00 81.88
19320 19325 3.00 49.69
18019 18038 0.00 123.66
29121 28892 9.64 120.23
28957 28863 0.00 92.18
23043 22864 8.86 74.00
17416 17374 11.00 98.34
22797 22706 5.27 58.05
29644 29760 20.00 43.03
27952 28090 20.00 50.80
26377 26367 10.55 78.84
16043 16267 0.00 142.97
33745 33691 8.67 17.86
26900 26840 6.40 19.08
17986 18034 11.97 76.72
23241 23043 6.58 79.45
24935 24961 3.85 17.48
23641 23590 4.43 18.88
29192 29199 0.00 5.57
21251 21004 8.67 131.46
21113 20914 10.00 79.40
32227 32039 6.77 77.84
31668 31728 10.64 110.70
24867 24825 2.33 86.03
18335 18288 8.09 139.42
31280 31376 9.48 106.17
20354 20341 20.00 20.60
27873 28138 9.08 82.05
26419 26510 3.00 115.10
21787 21550 5.31 86.37
17800 17770 5.60 138.27
21048 21193 11.50 57.54
19122 18965 8.30 118.96
28650 28737 13.25 47.98
25476 25310 3.00 81.26
32033 32091 9.06 62.77
24766 24384 7.00 142.71
20902 20859 10.29 100.01
16829 16914 0.00 127.64
30070 30169 14.00 34.39
17473 17551 3.00 106.65
17479 17512 0.00 118.35
31241 31522 10.09 143.80
26137 25985 11.50 48.27
27790 28226 7.32 123.86
25864 25953 0.00 64.46
20072 20153 8.10 62.47
18877 18961 9.10 80.87
29928 30178 0.00 117.99
31616 31522 13.29 58.71
17531 17496 0.00 88.76
30053 30060 0.00 5.32
28861 28684 11.20 70.08
18721 18847 10.25 101.27
22987 23017 0.00 50.17
33084 33190 7.86 42.29
21024 21048 8.88 48.97
19984 19836 10.22 101.39
24381 24421 9.26 72.39
20141 20197 0.00 39.43
30007 29634 6.83 127.34
30473 30613 13.71 53.89
24322 24242 0.00 47.85
19012 19085 0.00 101.31
20197 20141 0.00 39.43
19951 20021 6.78 136.05
21905 21915 10.60 84.64
19704 19807 7.67 78.19
17493 17449 0.00 56.53
20895 20876 6.75 13.66
30757 30867 9.69 130.53
19854 19951 3.00 58.78
31518 31493 3.00 14.48
25471 25409 0.00 26.88
26375 26383 3.00 23.96
30739 30516 12.07 116.01
28684 28283 6.86 143.27
31957 31734 8.75 94.31
28605 28564 6.50 23.35
17517 17583 0.00 119.88
28415 28595 9.38 78.23
25990 25886 7.91 50.62
18510 18610 7.86 132.65
24399 24453 0.00 20.04
18162 18238 9.80 144.56
21177 21230 6.19 49.93
29359 29192 6.50 78.51
18129 18213 3.00 95.67
27175 27142 3.00 17.78
20244 20138 5.75 59.98
27365 27797 20.00 143.62
21790 21946 7.15 114.55
26496 26377 2.33 51.16
26694 26791 7.25 56.05
18668 18823 0.00 90.28
25886 25990 7.91 50.62
30739 30944 10.79 107.09
18162 18164 11.50 19.46
28170 28391 3.00 69.52
30202 30265 1.00 36.65
29178 29049 9.69 116.93
32770 33076 6.63 137.87
17828 17676 3.00 116.70
27206 27049 7.44 97.53
31486 31358 15.75 47.31
19446 19354 6.00 66.23
16644 16504 10.00 116.91
17906 18005 9.83 88.36
20663 20779 6.40 60.78
32838 32694 7.29 104.09
27615 27800 7.95 60.14
31188 31483 10.22 108.36
21843 22117 11.50 117.24
17119 17027 0.00 79.60
26097 25993 6.00 59.79
31114 30937 10.89 111.21
23974 24316 7.26 145.13
19296 19146 7.86 128.46
28113 28205 11.50 112.69
22031 22046 7.38 138.41
33102 32816 11.71 116.56
22045 22002 3.00 63.79
25026 24920 13.25 75.60
17601 17713 6.40 100.23
19092 19287 8.27 119.42
24262 24421 8.62 58.24
18794 18662 9.43 111.92
21622 21363 11.50 105.56
22818 23006 7.56 79.75
28151 28141 7.25 48.30
23408 23452 0.00 122.76
33250 33129 10.31 97.17
17930 18096 7.80 135.16
16557 16679 14.33 98.63
17861 17922 6.33 113.60
28832 28687 9.50 52.44
21881 21654 5.92 92.41
26486 26400 3.00 56.64
18061 17951 0.00 97.54
32015 32169 12.00 60.30
22628 22579 0.00 83.16
19758 19742 5.33 24.33
33363 33601 10.61 113.77
20862 20875 14.33 10.78
22074 22023 7.00 121.95
24048 24184 9.52 54.13
18895 19045 0.00 120.75
18134 18188 9.14 110.93
31984 31998 10.00 21.46
22720 22999 0.00 133.40
17526 17509 9.40 34.73
18816 18879 11.00 61.00
25025 24887 1.00 110.19
20625 20833 9.30 114.32
30918 31094 8.60 85.06
29449 29411 3.00 17.57
20019 20138 5.44 59.65
16694 16831 0.00 144.81
21906 21941 8.27 108.51
28670 28532 10.80 68.59
30089 30331 15.00 79.57
29823 29786 9.88 137.99
29612 29634 4.00 40.03
23951 23892 8.00 35.18
32667 32411 7.88 104.04
19222 19213 0.00 14.41
18121 18206 8.86 83.23
24321 24339 8.33 25.87
32227 32431 9.60 77.84
28601 28828 9.11 75.44
20606 20513 6.80 123.94
23590 23641 4.43 18.88
28243 28044 10.50 87.88
31374 31119 14.60 92.49
19424 19426 1.00 62.86
31771 31479 9.00 119.78
19042 19038 0.00 21.77
22915 22629 21.50 138.14
26030 25917 2.00 45.38
24836 24672 11.00 62.41
29585 29607 14.00 69.52
26880 26787 6.50 70.68
17008 16913 0.00 123.13
20874 20804 11.59 143.48
18262 18368 12.60 90.94
20424 20234 0.00 117.98
25347 25126 8.57 91.28
29804 29671 20.00 48.83
21448 21573 8.13 81.38
30889 30918 9.06 17.69
18492 18479 6.40 72.09
25265 24993 8.82 130.74
23648 23768 8.67 101.27
20706 20605 8.10 135.62
18915 18774 3.00 100.07
28365 28267 6.09 87.57
26930 26741 5.33 69.18
19447 19429 9.83 77.77
19080 19202 6.88 139.28
19651 19510 11.61 111.13
17908 17897 5.40 134.23
21609 21475 6.64 146.33
26564 26663 7.57 77.01
28702 28745 6.90 59.91
31138 31377 10.89 106.34
17693 17671 3.00 60.48
19309 19320 9.80 84.50
17370 17470 9.18 109.12
30169 30060 5.83 62.94
21320 21104 6.89 99.45
26722 26743 8.00 30.58
25984 25915 4.50 120.03
30424 30007 6.36 138.29
28892 29121 9.64 120.23
16092 16224 0.00 137.55
18555 18624 8.00 82.62
17330 17386 6.56 106.84
17103 17237 0.00 144.44
20803 20870 22.80 143.82
17468 17436 0.00 78.12
20032 20156 8.04 97.58
19792 19907 8.67 137.49
23477 23365 6.50 102.46
26977 27030 1.00 37.94
24060 23945 6.81 86.18
27548 27482 4.00 24.08
25255 25094 11.88 67.63
19429 19347 9.57 80.33
26259 26105 3.75 138.59
16395 16285 0.00 86.59
24432 24548 7.80 59.04
32289 32582 14.27 109.47
32666 32606 0.00 91.71
17854 17794 3.00 55.11
22706 22882 11.50 79.28
29744 29883 11.50 122.83
31328 31455 9.76 43.83
16940 16935 0.00 105.06
28082 28210 6.71 55.09
18998 19095 5.25 80.60
18985 19108 8.75 104.83
29647 29470 3.00 80.11
21262 21431 2.11 77.50
30408 30151 0.00 117.01
29206 28953 9.42 108.52
18604 18646 34.33 87.71
18281 18296 10.65 72.66
17206 17165 3.00 31.73
20867 20907 11.10 84.47
18875 18861 13.20 98.75
19053 19036 8.92 144.39
19868 20024 6.59 105.27
28379 28337 11.50 52.39
22839 22563 9.55 111.51
17692 17676 6.00 130.72
30964 31209 10.00 104.87
28264 28361 7.63 44.24
21764 21704 8.67 34.07
19373 19371 11.50 29.96
26168 26413 11.29 109.43
29008 28965 0.00 15.15
26826 26968 2.00 50.27
19606 19491 6.40 89.34
29121 29251 7.00 57.80
27517 27921 20.00 130.89
29975 30007 7.62 64.14
23709 23475 5.42 145.78
18543 18695 0.00 121.86
17547 17466 19.17 65.93
20564 20608 10.42 123.00
16829 16827 0.00 76.01
33601 33879 12.21 119.37
17713 17601 6.40 100.23
22074 22029 7.83 123.22
26418 26527 10.00 107.96
22344 22297 9.80 26.64
20422 20224 8.41 120.77
32816 32493 9.06 111.77
23696 23712 13.50 29.94
28138 28379 9.86 82.07
31377 31284 11.50 43.53
25953 25864 0.00 64.46
18881 18949 7.25 84.01
17157 17155 0.00 86.16
29969 30034 6.50 30.88
32085 32008 11.50 33.50
31034 30937 6.00 40.05
19177 19085 7.00 101.46
26900 26846 9.38 59.95
25255 25463 7.91 119.81
17974 17822 0.00 150.17
17593 17687 0.00 107.57
17549 17543 0.00 34.83
31787 31748 0.00 52.04
21311 21654 5.80 145.55
18120 18134 9.35 118.65
28391 28240 7.25 102.57
27592 27772 13.20 83.58
25775 26064 20.00 100.27
19619 19518 11.50 85.43
23951 24091 0.00 84.26
17285 17278 0.00 78.19
23293 22985 5.65 112.23
20144 20005 0.00 82.07
28819 28863 0.00 23.35
17558 17601 0.00 46.22
26306 26504 12.80 124.17
23190 23243 14.60 63.86
17239 17321 0.00 81.42
20072 19974 8.42 90.38
23476 23638 6.09 60.08
20437 20513 8.57 122.76
19175 19127 4.75 97.69
31097 31026 10.05 108.48
33597 33787 0.00 109.27
24428 24421 10.29 10.32
21941 22137 7.32 113.10
17145 17120 0.00 30.41
18113 18034 14.93 66.72
19083 19062 3.00 62.31
31748 31595 13.27 60.41
27731 27435 3.00 86.65
21004 21251 8.67 131.46
20974 20907 5.55 52.86
20513 20437 8.57 122.76
21796 21843 8.67 96.11
18139 18200 0.00 90.27
19161 19194 3.00 22.44
30501 30516 11.50 6.51
21787 21728 2.00 110.91
20138 20021 8.77 136.10
29939 29866 2.60 27.82
31129 31125 0.00 28.22
30937 31114 10.89 111.21
17113 17036 9.83 134.34
25497 25331 3.00 80.28
30067 30087 10.00 30.57
17269 17330 2.50 107.82
17644 17543 0.00 87.77
26259 26101 12.67 71.81
17325 17436 11.50 128.14
27080 26929 4.67 69.37
22694 22445 7.80 94.93
23974 23638 7.00 145.05
32347 32292 12.78 46.09
18961 18877 9.10 80.87
31284 31377 11.50 43.53
32657 32987 11.50 139.05
20445 20293 6.75 83.78
20135 19942 3.00 123.02
20605 20522 7.50 113.80
20807 20957 11.50 107.07
20141 20203 0.00 47.22
32206 32060 14.90 55.98
17852 17709 20.00 127.87
31931 31861 11.50 25.03
18823 18668 0.00 90.28
17555 17602 20.00 96.48
32542 32422 7.00 95.89
20574 20826 0.00 146.83
22554 22633 3.00 149.29
32854 32582 12.67 108.51
25932 26070 6.30 107.11
24384 24008 5.83 142.71
27399 27135 8.11 83.10
25069 25172 11.50 121.54
28046 28033 20.00 31.96
23833 24218 8.47 145.99
31641 31376 9.43 100.67
16689 16829 0.00 120.51
22349 22354 7.67 65.68
19191 19061 11.58 109.67
29404 29415 0.00 64.50
33005 32965 8.67 35.09
29774 29605 7.56 79.30
20859 20902 10.29 100.01
20444 20478 5.25 88.88
16587 16665 0.00 108.62
33190 33287 11.50 34.40
17999 18073 10.75 75.98
19727 19604 9.74 118.80
20047 20201 6.50 79.69
17897 17908 5.40 134.23
20907 20974 5.55 52.86
23227 23364 0.00 63.89
18302 18399 16.33 94.62
29503 29825 11.00 114.60
17981 17850 5.33 103.59
18740 18618 0.00 95.94
22882 23072 6.40 77.68
19053 19046 4.81 75.16
19076 19193 2.33 84.72
18982 18977 0.00 7.63
24653 24832 9.22 85.04
20064 20070 3.00 120.08
19083 18914 8.75 134.29
29000 28962 7.59 75.70
19414 19622 8.23 139.50
24113 24301 3.00 73.52
28274 28462 8.00 119.83
22555 22576 3.00 26.60
32066 31728 9.74 109.19
17152 17155 0.00 64.59
25703 25760 0.00 26.24
19951 19854 3.00 58.78
21137 21193 0.00 47.31
32060 32140 11.50 44.92
20414 20324 4.44 81.13
18152 18037 12.11 123.84
17361 17476 8.67 128.87
25861 25604 6.21 89.73
26918 26675 7.86 109.84
32289 32422 11.63 95.69
28457 28223 6.70 89.31
19326 19443 5.50 82.99
31519 31715 0.00 81.30
25265 25486 8.53 110.49
20144 20235 0.00 54.63
21099 21201 6.09 36.36
30331 30089 15.00 79.57
28654 28874 6.14 109.27
21607 21330 7.61 115.89
18152 18109 6.97 129.29
20050 20170 0.00 134.43
20070 19962 3.00 122.24
18684 18889 10.85 139.33
16138 16299 0.00 126.05
24993 25016 10.71 132.15
19155 19292 5.13 90.33
20817 20958 6.84 79.52
19754 19693 7.86 44.56
20481 20476 10.00 122.65
16514 16682 0.00 134.59
26680 26510 0.00 57.34
24450 24606 9.62 81.65
30305 30508 1.00 116.82
19046 19040 0.00 8.56
30469 30624 2.33 75.18
18479 18600 12.17 128.65
19710 19851 9.60 148.15
24654 24583 9.57 42.28
27116 26977 1.00 48.77
17324 17497 10.05 146.11
30296 30508 14.33 70.88
26644 26660 0.00 21.49
29286 29334 9.50 100.28
19374 19498 3.00 96.22
33403 33107 12.78 123.07
19974 19868 3.00 90.35
21704 21790 6.77 78.03
29046 29181 0.00 65.58
27999 28044 7.80 45.20
21471 21431 8.00 61.84
24732 24591 7.67 73.31
31469 31618 10.25 112.37
19209 19354 0.00 91.94
20701 20682 13.09 26.03
20081 20210 9.50 78.00
19538 19434 6.09 78.01
27118 26895 5.73 80.64
23458 23713 11.20 107.31
22175 22340 7.60 82.75
20306 20430 0.00 75.04
24653 24702 8.70 108.64
20487 20482 10.14 82.33
18089 17984 3.00 108.61
19613 19469 8.30 110.91
20574 20351 13.20 139.04
29220 29292 8.67 31.23
19322 19290 10.41 82.82
24135 23898 8.44 88.74
17445 17319 3.00 97.71
19191 19170 0.00 20.70
29192 29121 5.50 59.20
26095 26137 7.82 60.31
19839 19767 9.11 62.51
19702 19634 2.33 52.94
25727 25556 9.40 113.32
24083 24262 5.25 66.15
17093 17125 10.00 110.54
19080 19096 14.33 9.67
26306 26285 2.33 10.39
30009 30160 11.50 65.09
19796 19707 9.44 80.25
19481 19420 8.00 130.79
32694 32951 11.95 89.83
28226 27790 7.32 123.86
33621 33349 10.27 111.67
19846 19742 11.50 87.52
19530 19538 5.75 79.06
23402 23619 5.53 81.15
25156 25074 10.86 51.99
19693 19754 7.86 44.56
22921 22985 9.08 121.72
18792 18742 0.00 56.72
30944 30856 11.67 46.14
18847 18941 5.83 101.80
27258 27498 4.85 80.09
17818 17898 0.00 100.96
20649 20571 5.20 86.74
23453 23669 5.24 126.51
31404 31586 12.92 79.90
25615 26016 7.80 142.27
22897 23243 9.58 129.66
29851 30039 9.10 120.90
16367 16320 0.00 35.34
24887 25025 1.00 110.19
25861 25665 6.40 104.06
16828 16747 0.00 103.33
29415 29457 15.14 59.88
30601 30407 7.80 66.94
19426 19424 1.00 62.86
17193 17084 0.00 99.65
24548 24432 7.80 59.04
17321 17348 20.00 122.96
18201 18302 9.43 95.67
23945 23826 7.13 84.53
30009 29796 0.00 89.68
18445 18571 11.50 132.42
31927 31841 10.08 59.55
31009 31305 2.00 97.38
16665 16587 0.00 108.62
28817 28654 9.00 73.93
25486 25265 8.53 110.49
32001 32169 9.60 97.76
17968 17870 2.00 120.18
27399 27500 9.13 89.07
30786 30705 7.56 50.16
28328 28246 12.43 46.34
24347 24357 10.27 61.95
27775 28049 11.00 77.24
30009 30124 0.00 67.62
21266 21251 8.00 30.53
19517 19685 0.00 118.31
20779 20663 6.40 60.78
21104 21109 8.76 16.11
20347 20311 8.71 24.46
33102 33178 12.80 110.65
17987 17942 3.00 48.16
32169 32292 3.00 49.29
22896 22628 7.80 107.95
25354 25412 8.67 25.87
19373 19424 5.75 39.67
17855 17948 0.00 87.72
26370 26465 8.40 112.64
20832 20794 0.00 20.77
29781 30087 9.92 99.56
29635 29511 20.00 46.94
24653 24601 9.12 147.00
28295 28538 6.91 138.38
18335 18280 9.00 48.62
30019 30325 21.00 99.95
19453 19443 1.00 9.61
18077 18091 0.00 17.36
17850 17733 3.00 101.88
17599 17678 11.50 107.68
22148 22250 10.50 40.19
33314 33464 11.90 89.25
22504 22506 5.13 71.33
21821 22108 8.67 118.72
25621 25361 8.06 101.41
19148 19046 10.50 116.16
19755 19808 5.67 81.69
30296 30124 10.50 97.22
30558 30752 6.56 114.47
21595 21598 8.19 134.09
29173 29368 18.00 110.26
26561 26232 10.29 121.41
17211 17315 9.38 136.24
30944 31152 14.13 109.77
22686 22874 12.94 82.45
20080 19956 3.00 129.65
26275 26168 17.45 60.14
17721 17869 6.40 116.46
25100 25259 6.25 51.45
29797 30109 8.67 104.05
21595 21431 3.00 63.44
27788 28050 4.75 83.14
29771 29875 10.33 91.99
23738 23563 11.50 101.14
32116 32293 7.57 103.94
23768 23566 4.67 98.58
32819 33084 9.61 109.56
20059 19915 9.41 137.19
18821 18949 9.20 102.37
17937 17986 0.00 75.67
19649 19622 8.56 62.52
24672 24836 11.00 62.41
33287 33358 7.00 25.98
18251 18368 10.00 125.68
23764 23945 7.50 78.17
17756 17878 9.38 113.91
30468 30205 6.14 104.97
26812 26504 14.33 128.12
19641 19503 10.00 84.99
21241 21080 14.33 68.74
23648 23493 8.44 57.78
18280 18335 9.00 48.62
30739 30964 8.67 104.87
26644 26812 5.33 102.51
21846 21790 5.43 73.47
17676 17664 11.50 16.70
22579 22686 0.00 41.40
19555 19572 12.89 117.02
18224 18100 7.58 126.64
28764 28877 9.42 101.95
29825 30178 3.00 114.70
19089 19252 6.50 113.40
22033 22272 9.70 131.24
21654 21881 5.92 92.41
24397 24242 2.33 141.93
29173 29180 0.00 25.71
20478 20444 5.25 88.88
19659 19698 8.76 116.02
32874 32664 8.27 108.03
18126 18178 11.50 103.98
26039 25861 5.59 84.12
24536 24357 4.50 67.24
29208 29178 10.70 10.74
30101 29994 12.70 97.68
17484 17416 50.00 115.43
28232 28274 11.50 13.52
20024 20153 7.56 126.01
19836 19984 10.22 101.39
25549 25509 5.80 44.58
16830 16913 0.00 122.67
28576 28684 26.50 46.55
18100 17989 9.82 125.50
25355 25512 16.60 72.11
20480 20482 6.79 82.29
25615 25569 2.00 56.24
30038 30306 11.59 107.49
24832 24653 9.22 85.04
17951 18061 0.00 97.54
18916 18843 6.50 76.83
28926 28819 3.75 106.71
23119 23131 5.84 77.23
22031 22032 11.50 10.28
17120 17111 0.00 88.32
17327 17312 0.00 69.70
18517 18684 9.13 139.42
19296 19497 10.29 131.68
19183 19162 11.00 84.64
20257 20183 0.00 36.19
30272 30356 9.14 127.16
25916 25778 9.92 148.26
18108 18065 0.00 104.63
25604 25549 9.80 109.66
32565 32153 0.00 133.51
22190 22179 0.00 8.53
23291 22958 12.91 123.44
20994 20818 14.33 83.25
30601 30739 11.50 68.01
20818 20994 14.33 83.25
20632 20571 0.00 59.32
25430 25421 9.13 6.12
28776 28737 13.67 24.61
27636 27399 6.65 80.44
21459 21476 9.20 97.09
29686 29807 9.98 64.08
27265 27166 7.40 75.62
22164 22174 2.00 9.74
18076 18018 3.00 101.22
21869 22002 15.00 60.71
30630 30752 10.00 50.27
20187 20390 0.00 132.43
22504 22503 6.59 14.64
21796 21635 8.67 61.34
20293 20445 6.75 83.78
30397 30579 3.00 82.95
22117 22255 6.34 54.79
22801 22788 8.80 45.26
19452 19368 14.76 61.25
24471 24339 4.75 41.65
19920 19867 0.00 37.03
19054 19178 11.36 111.79
16113 15881 20.00 145.91
19982 20041 0.00 88.31
19674 19701 6.40 89.70
19758 19684 11.94 77.09
17818 17725 0.00 100.96
16252 16160 0.00 121.94
23985 23779 18.80 120.78
19954 19907 0.00 123.57
29810 29769 11.00 16.82
31152 31410 8.86 106.13
32664 32874 8.27 108.03
25214 25316 0.00 29.97
26686 26787 11.00 108.34
22897 22862 11.33 64.47
19252 19290 9.89 72.62
31241 31305 11.00 81.14
17781 17815 7.43 79.96
23211 23493 5.24 107.01
22344 22347 11.07 84.13
31218 31181 11.50 11.05
33464 33403 11.50 15.19
24027 24034 8.67 22.44
20540 20705 8.67 96.03
24606 24450 9.62 81.65
28231 28232 0.00 4.11
19718 19629 10.79 89.88
27482 27548 4.00 24.08
26326 26592 11.73 104.75
30517 30469 11.18 58.12
31218 31114 11.50 49.77
22944 23279 4.61 148.58
18061 18126 11.50 103.94
17890 17888 0.00 81.89
27333 27172 3.00 72.51
20186 20153 11.20 23.24
24324 24256 1.00 51.39
20153 20186 11.20 23.24
18640 18526 12.07 102.62
27020 26787 14.00 79.94
30923 30879 3.00 23.43
23779 23532 9.40 143.92
27999 28341 9.44 97.74
20390 20615 0.00 133.60
30866 31152 10.00 135.26
19191 19257 9.25 61.16
19956 20080 3.00 129.65
22803 23102 8.15 111.99
27049 27025 0.00 7.53
32206 32066 11.00 80.53
25128 25399 20.00 110.40
30189 29823 9.87 140.34
24561 24322 0.00 113.55
27355 27132 14.33 114.52
30095 30345 11.20 80.23
18927 18843 2.33 76.43
19948 19898 11.00 75.17
30151 29928 0.00 116.89
26228 26295 10.50 28.86
24780 24766 3.00 7.97
28199 28318 7.55 118.40
19219 19273 12.58 42.83
30983 30861 8.74 101.97
18979 19006 14.33 24.56
18374 18310 0.00 64.65
24265 24249 9.54 42.97
25866 25751 2.00 64.67
28400 28233 5.58 114.87
21024 21137 0.00 45.51
18818 18938 11.27 105.72
24421 24262 8.62 58.24
17374 17302 0.00 65.13
18169 18206 8.67 94.52
19399 19347 8.62 50.01
18091 18005 1.00 73.50
24962 24991 0.00 12.71
28233 28025 10.08 61.22
23616 23590 5.46 14.04
22525 22555 7.36 133.54
30397 30469 7.92 73.05
28564 28438 11.50 46.90
28025 27971 0.00 17.57
19948 20019 3.00 58.24
28576 28470 3.00 50.79
31371 31026 10.39 112.67
30866 30834 9.11 21.24
20933 21027 1.50 116.45
19280 19194 9.14 134.00
31736 31494 0.00 92.67
22187 22023 6.50 125.97
33565 33385 10.53 135.25
19253 19059 6.50 146.41
25108 25310 10.00 81.26
21827 21764 8.58 57.65
24794 24539 8.13 118.55
26959 26696 4.22 104.72
31311 31699 0.00 138.70
30468 30643 10.30 109.58
28834 28776 8.17 34.86
26657 26413 10.85 108.46
18148 18057 11.13 92.13
29560 29388 6.80 76.95
30070 29920 0.00 56.34
27142 26918 8.75 112.74
23045 22987 14.33 20.50
17993 18109 8.67 116.47
17366 17361 0.00 11.92
31746 31619 2.00 55.08
25703 25857 10.56 102.62
32411 32667 7.88 104.04
21459 21532 26.50 71.85
19994 20050 0.00 38.37
22349 22347 6.00 84.13
21791 21968 7.57 78.03
18089 17974 0.00 122.71
17456 17436 0.00 53.35
17553 17550 3.00 104.68
23006 23054 5.17 86.45
24100 24090 3.00 6.49
31358 31412 3.00 34.75
31094 31021 10.80 49.61
18327 18399 9.62 117.71
31371 31475 13.20 35.81
19082 19083 2.00 36.45
31855 31503 11.41 125.40
28341 27999 9.44 97.74
20399 20465 7.64 76.02
20138 20244 5.75 59.98
19020 19075 2.60 92.23
19903 19807 4.25 77.44
25819 25599 4.31 70.78
28733 28605 6.50 47.32
22896 22921 15.00 59.24
17239 17157 20.00 81.62
30681 31068 8.95 145.64
17416 17484 50.00 115.43
20412 20347 8.67 51.28
16514 16452 0.00 141.91
23452 23408 0.00 122.76
20244 20262 4.67 22.26
30689 30468 9.22 104.95
28874 29019 10.25 71.76
30053 30473 9.57 145.27
25642 25846 11.50 70.98
18005 18091 1.00 73.50
19648 19767 9.19 103.74
28841 28924 7.00 91.89
30131 29927 5.18 76.54
28869 29166 7.80 114.02
31595 31280 11.64 108.30
18773 18688 3.00 54.80
25683 25830 13.71 58.73
20317 20341 1.67 33.78
32527 32542 10.29 4.65
31771 31789 8.20 108.02
29286 29607 10.00 110.37
26263 26012 3.00 83.35
27710 27867 13.22 106.61
32085 32411 2.50 111.72
28495 28692 22.60 80.55
32091 32033 9.06 62.77
21589 21594 3.00 20.42
28988 28832 7.77 67.60
24316 23974 7.26 145.13
30889 30685 8.97 146.81
17513 17664 12.67 129.30
24878 24614 5.44 124.29
19785 19700 11.50 131.37
20218 20203 0.00 6.10
33385 33294 11.50 61.26
22628 22414 4.46 82.44
28904 29052 5.33 56.53
31569 31483 10.25 60.40
17652 17556 9.60 110.14
18821 18688 5.50 99.16
22546 22879 6.56 142.55
29404 29574 11.50 71.66
28644 28824 7.13 142.12
30861 31097 8.17 89.69
31573 31486 3.00 55.99
29231 29332 0.00 81.48
17942 17798 0.00 129.78
18566 18637 0.00 77.15
22000 22196 5.60 82.41
28795 28596 6.79 73.61
25839 25652 4.40 77.93
21813 22051 8.19 118.97
27196 26857 8.48 145.13
27495 27546 9.40 57.99
19693 19662 8.67 36.98
22250 22148 10.50 40.19
28049 28141 5.73 61.77
32664 32853 12.32 99.88
17911 18028 7.25 97.87
25259 25223 10.00 38.96
33464 33314 11.90 89.25
19554 19572 20.00 118.38
25412 25665 4.53 105.57
24935 24633 7.55 145.16
18333 18492 12.16 144.28
27770 27600 9.33 80.84
16945 16940 0.00 104.93
27782 27791 0.00 2.31
28035 28461 8.79 132.64
28138 27873 9.08 82.05
19533 19372 11.25 99.92
20363 20375 10.50 121.67
28692 28495 22.60 80.55
18571 18574 11.50 127.22
18879 18816 11.00 61.00
26628 26465 4.40 113.61
19292 19155 5.13 90.33
16761 16752 0.00 16.52
22450 22394 7.25 65.43
23563 23402 4.75 100.81
31305 31009 2.00 97.38
19038 19040 0.00 4.37
17599 17649 0.00 55.56
31119 31125 11.50 18.82
19826 19804 14.63 115.18
18091 18138 5.50 98.08
18120 18050 8.67 114.91
22174 22223 8.50 56.97
18941 18995 11.50 61.27
26293 26560 7.56 100.81
23241 23279 6.78 142.79
27265 27347 5.79 75.39
28114 28113 9.40 72.35
28564 28435 9.80 72.36
30684 30714 5.13 20.88
21770 21806 10.54 119.72
32123 31927 6.65 108.26
18841 18860 2.71 25.52
22181 22184 11.50 4.54
18206 18169 8.67 94.52
19214 19102 6.24 139.32
17476 17361 8.67 128.87
29647 29414 4.67 118.32
20837 20714 0.00 75.89
19516 19565 3.00 54.30
26915 27264 3.65 145.54
21082 21315 0.00 91.25
28907 28992 11.29 77.85
22563 22839 9.55 111.51
28874 28861 3.00 6.00
15881 16113 20.00 145.91
28903 28863 0.00 20.50
25756 25642 8.67 79.39
21894 21881 5.91 143.10
28641 28560 3.00 60.32
26070 26127 4.57 51.20
26912 26930 20.00 63.11
25984 25839 8.79 76.86
31181 31257 9.21 107.00
25716 25629 0.00 33.30
32646 32332 10.79 110.65
19482 19308 3.14 109.09
30178 29928 0.00 117.99
19482 19632 9.25 95.51
19879 19997 10.32 132.58
26238 25932 5.64 108.59
26413 26289 6.63 59.46
17880 17957 9.44 87.03
24027 24113 6.09 61.50
25799 26071 15.00 103.70
25025 25032 11.50 7.63
23638 23974 7.00 145.05
28821 28709 0.00 140.45
20958 20875 9.80 77.49
20859 20952 5.60 102.17
20317 20135 17.50 123.00
18138 18091 5.50 98.08
19280 19270 3.17 19.95
18287 18231 2.00 105.43
29607 29585 14.00 69.52
17639 17614 0.00 84.95
20241 20267 0.00 100.90
18005 17906 9.83 88.36
25497 25702 11.50 80.47
19741 19699 7.88 73.91
28737 28776 13.67 24.61
18888 18816 14.33 102.00
20287 20262 7.11 51.45
17942 17987 3.00 48.16
26095 26064 3.00 60.67
30539 30621 3.00 125.45
18180 18061 0.00 104.55
18288 18281 14.33 64.76
22256 22291 2.00 63.01
25172 25112 8.00 26.72
22179 22145 0.00 27.92
28494 28596 9.33 76.83
29105 29111 2.33 12.01
29304 29229 8.60 40.75
18109 17993 8.67 116.47
16752 16761 0.00 16.52
30314 30180 0.00 44.25
26628 26496 6.50 47.63
26259 26273 0.00 51.29
26912 26776 14.33 93.35
30750 30342 0.00 150.27
25548 25431 7.00 63.41
22297 22173 6.12 56.48
18076 18130 1.00 103.45
29018 28903 9.00 85.95
25917 26105 9.00 136.05
17580 17536 0.00 46.00
28204 28364 6.40 63.51
31734 31930 7.25 70.67
21464 21436 0.00 96.26
23211 23245 7.11 95.95
25512 25355 16.60 72.11
20467 20591 0.00 121.28
19228 19204 11.00 24.28
26263 26309 7.08 51.81
30668 30608 11.23 66.82
22934 22899 3.00 12.67
18995 18916 4.75 77.09
17878 17821 8.65 88.84
31125 31129 0.00 28.22
23433 23188 7.45 92.96
28558 28410 6.19 50.60
19997 20040 10.11 36.34
21642 21777 0.00 146.17
20414 20473 8.53 93.23
19711 19606 12.50 89.34
20341 20172 23.20 119.74
33745 34026 8.00 110.88
18222 18356 5.43 124.13
19309 19297 12.32 84.50
33084 32819 9.61 109.56
16395 16349 0.00 100.02
32966 33304 0.00 120.05
19622 19649 8.56 62.52
31129 31133 3.00 18.98
21291 21533 7.69 125.80
18559 18593 0.00 66.68
22598 22668 4.83 44.57
18773 18925 7.25 114.77
19515 19510 12.00 97.59
29771 29851 11.50 29.98
17319 17285 0.00 32.96
20473 20414 8.53 93.23
24414 24564 6.05 90.14
24933 24896 50.00 95.70
17721 17693 14.33 61.45
30668 30496 6.56 77.38
17026 17023 0.00 148.12
18222 18099 9.88 115.53
19347 19399 8.62 50.01
29304 29368 10.18 25.83
30752 30630 10.00 50.27
26137 26228 14.33 104.50
19424 19373 5.75 39.67
22874 22686 12.94 82.45
17315 17312 8.67 13.14
29071 29244 10.00 109.42
32035 32147 10.33 64.85
28250 27968 11.00 81.90
18995 19125 3.00 111.71
26560 26764 7.65 85.59
18057 18017 0.00 66.05
26564 26400 3.00 77.84
20482 20480 6.79 82.29
32548 32694 10.73 52.77
18987 18881 8.67 76.47
17790 17936 3.00 132.17
30178 29825 3.00 114.70
28829 28953 10.00 94.93
26738 26703 0.00 43.90
21251 21229 3.00 16.29
19322 19213 6.59 68.69
27047 26929 11.50 63.82
27437 27435 11.50 89.59
32091 31993 8.97 79.07
31257 31298 10.00 57.20
20187 20198 0.00 7.25
22414 22378 9.00 88.79
20996 20964 0.00 37.34
20064 20059 10.68 10.18
29866 29939 2.60 27.82
17872 17942 11.29 117.65
18492 18333 12.16 144.28
29417 29307 7.33 75.23
22498 22503 7.06 103.31
32127 32561 11.86 138.68
32547 32552 13.20 23.11
29183 29506 0.00 110.47
20064 20081 0.00 8.99
29237 29098 11.50 104.28
22160 22181 8.89 77.62
20630 20750 9.50 118.90
17620 17637 7.25 120.87
25819 25775 0.00 58.85
17142 17148 20.00 88.66
19627 19498 9.50 96.22
29571 29808 11.17 84.92
30189 30491 10.73 103.20
19061 18941 16.05 109.67
26400 26564 3.00 77.84
18962 18846 0.00 113.93
20235 20234 0.00 32.04
30508 30675 9.80 76.65
16974 17027 0.00 103.14
17560 17620 11.68 88.76
32971 32854 9.41 88.18
31822 31876 9.31 79.60
19193 19076 2.33 84.72
19994 20051 0.00 78.70
26448 26692 11.50 102.30
21806 21533 6.60 126.06
18037 17888 8.23 133.34
31118 30923 5.75 86.40
31522 31241 10.09 143.80
21137 21024 0.00 45.51
20842 20876 7.25 15.46
19819 19860 2.33 109.41
29229 29174 10.00 94.02
29440 29560 2.00 49.38
26309 26263 7.08 51.81
23119 23318 6.90 81.49
18073 18163 3.00 78.58
32602 32914 10.25 111.91
26413 26516 5.20 61.47
25652 25822 11.00 61.14
24848 24887 20.00 64.86
25464 25384 0.00 56.98
26254 26120 0.00 49.19
29263 29113 3.00 60.24
25094 25255 11.88 67.63
21598 21595 8.19 134.09
31119 31088 15.14 42.77
19257 19125 9.94 111.74
19210 19177 5.83 135.73
16621 16756 11.50 132.59
19754 19795 4.25 39.49
25399 25472 0.00 48.16
21325 21029 11.50 137.87
23004 22805 7.86 85.53
26030 26173 0.00 81.17
17555 17689 20.75 142.24
21668 21635 10.41 58.87
23552 23452 0.00 121.84
17921 17912 6.40 42.69
30180 30314 0.00 44.25
25799 25492 11.20 103.67
17687 17820 11.50 110.73
17383 17368 11.50 119.95
30705 30514 10.18 93.88
21475 21609 6.64 146.33
30366 29932 10.33 143.70
27850 27495 8.67 102.81
31136 31376 9.00 76.26
31518 31598 15.00 49.14
24034 24233 7.92 85.01
19718 19641 20.00 82.10
32493 32267 7.50 75.57
18037 18152 12.11 123.84
23245 23211 7.11 95.95
18050 17975 3.00 85.75
30402 30424 6.70 40.04
16769 16828 3.00 137.87
26812 26644 5.33 102.51
18642 18624 0.00 27.82
20765 20605 7.58 78.90
26068 25961 5.86 83.48
21683 21404 7.86 107.89
22445 22181 0.00 100.09
32116 31822 11.50 103.32
20019 19966 8.11 107.36
30097 29933 3.00 97.59
20131 20051 0.00 78.45
19333 19503 8.08 105.66
16160 16285 0.00 87.98
19918 20060 9.79 91.94
17036 17113 9.83 134.34
30899 30714 6.25 94.28
18007 18011 4.89 14.22
30272 30514 12.20 93.88
25819 26095 9.00 100.63
30124 30009 0.00 67.62
31483 31188 10.22 108.36
29825 29503 11.00 114.60
17790 17770 0.00 13.99
32057 31990 8.96 82.69
27500 27561 7.19 45.86
32267 32493 7.50 75.57
18310 18374 0.00 64.65
22354 22349 7.67 65.68
29928 30151 0.00 116.89
26070 26380 15.25 110.21
19613 19703 6.00 108.33
22706 22668 11.00 26.52
20571 20505 5.74 83.83
19162 19183 11.00 84.64
19857 19808 8.50 88.85
28621 28462 12.29 119.50
20856 20966 10.00 64.23
19804 19826 14.63 115.18
19108 19187 11.50 58.95
20074 20224 10.08 79.59
16138 16113 0.00 22.77
16492 16604 0.00 86.91
32965 33005 8.67 35.09
18789 18905 3.00 105.93
17678 17711 0.00 106.20
25431 25548 7.00 63.41
30563 30732 11.11 110.91
30982 31082 0.00 49.12
18881 18987 8.67 76.47
24428 24486 10.69 82.25
26363 26147 2.50 111.69
17550 17553 3.00 104.68
32537 32816 12.67 130.07
28029 28207 20.00 60.86
19966 20019 8.11 107.36
28029 27781 8.00 106.63
32769 32942 9.38 78.00
22394 22615 7.33 106.61
16113 15992 0.00 136.86
17614 17718 0.00 106.12
19799 19981 8.26 131.61
17267 17206 12.53 59.73
29433 29501 9.10 130.66
32418 32568 7.83 85.82
31777 31705 12.50 98.58
23016 22928 6.83 138.29
27482 27222 10.20 82.67
28764 28884 5.42 49.87
30611 30696 0.00 36.63
26421 26592 5.60 60.20
25747 25463 5.73 121.83
32349 32138 8.00 114.31
25683 25556 10.00 46.68
27075 27044 2.00 114.89
27818 27791 0.00 30.86
29332 29170 10.00 63.32
19220 19399 10.92 125.42
20201 20047 6.50 79.69
20890 21116 0.00 94.63
23532 23293 9.33 143.84
30052 29804 11.00 80.63
28361 28494 8.19 77.42
19792 19785 10.56 57.73
24583 24654 9.57 42.28
19953 19860 5.60 111.19
20765 20875 7.17 75.89
30209 30052 20.00 92.58
24950 24753 11.06 94.82
27810 27771 5.43 49.19
30786 30889 10.93 60.39
18491 18586 5.50 112.37
17261 17321 0.00 83.31
31644 31616 0.00 12.14
19131 19049 11.75 100.95
29948 29715 9.38 91.29
23317 23082 3.00 100.85
19347 19332 20.00 11.59
33601 33403 11.50 81.03
25549 25604 9.80 109.66
23638 23792 10.00 74.32
27310 27570 2.50 118.81
28817 28899 10.00 45.04
22987 23045 14.33 20.50
29199 29292 11.50 49.34
18180 18130 40.60 103.42
22985 23293 5.65 112.23
30714 30899 6.25 94.28
18543 18659 3.00 123.58
31598 31518 15.00 49.14
21436 21464 0.00 96.26
31190 31088 0.00 31.26
19219 19252 12.62 107.55
19061 19191 11.58 109.67
19146 19113 15.25 68.73
27627 27873 10.55 78.59
21593 21550 6.81 90.80
22179 22190 0.00 8.53
31932 31876 10.93 79.54
30751 30731 10.00 17.52
28226 28547 8.67 120.85
29220 29262 5.83 95.65
24357 24135 5.00 88.74
29605 29748 4.00 78.10
19604 19477 9.80 118.40
26705 26560 11.20 79.29
23045 22874 6.85 79.73
22788 22612 7.61 70.84
17733 17591 11.00 131.25
17579 17692 3.00 136.62
22615 22394 7.33 106.61
18134 18181 11.75 141.24
19473 19446 8.67 21.11
20482 20487 10.14 82.33
31091 31511 9.41 147.50
18188 18159 7.46 109.86
29102 29018 7.00 85.50
17408 17498 14.60 79.65
17181 17295 0.00 106.01
20422 20613 9.61 118.74
17218 17145 10.00 81.98
21132 20978 0.00 60.80
30178 30408 0.00 76.32
30343 30558 0.00 114.31
22469 22546 14.33 33.96
32338 32116 9.00 76.31
31543 31404 0.00 61.77
25675 25399 13.23 107.12
23843 23951 3.00 77.68
29558 29587 0.00 19.81
18219 18178 8.67 76.13
32332 32646 10.79 110.65
22378 22237 0.00 59.51
29748 29808 3.00 33.87
19898 19847 9.80 75.21
17827 17840 3.00 60.90
26860 26950 6.67 37.62
24184 24191 2.33 40.28
19620 19713 9.80 72.18
21315 21317 26.50 75.56
24350 24614 10.29 119.53
22255 22223 9.18 42.50
29292 29470 10.00 80.57
32035 31761 9.34 116.02
21048 21080 4.67 50.24
20198 20421 11.41 148.62
30019 30067 6.42 117.75
23738 23843 10.00 58.17
19497 19503 13.59 49.19
20161 20241 0.00 101.98
33178 33102 12.80 110.65
20040 20080 0.00 27.69
17156 17251 0.00 94.50
27522 27627 6.06 34.14
29421 29605 7.10 79.61
17513 17366 7.92 128.47
19127 19175 4.75 97.69
31108 31010 9.60 76.91
27546 27876 6.38 90.99
17155 17157 0.00 86.16
18982 18979 0.00 36.14
29515 29646 1.67 46.90
29866 29774 3.00 51.67
18593 18688 0.00 73.65
18152 18243 7.40 117.91
29019 29081 3.00 36.34
22906 22889 1.67 16.59
30524 30613 6.50 58.37
29492 29304 6.91 81.63
25259 25308 8.67 16.30
21662 21668 6.00 11.15
26764 26946 9.50 78.89
26791 26694 7.25 56.05
21657 21600 0.00 21.59
27771 27971 0.00 61.72
31209 31099 8.33 48.28
22629 22406 7.15 110.49
19227 19224 17.19 41.37
30559 30331 11.50 79.62
19903 20089 8.57 126.48
29769 29810 11.00 16.82
31068 31116 14.69 64.06
30767 30793 5.17 39.83
32965 32987 8.67 8.46
23365 23477 6.50 102.46
31215 31399 8.00 75.45
18159 18188 7.46 109.86
16492 16367 3.00 87.83
25599 25645 11.00 59.96
22525 22651 6.22 49.04
24262 24083 5.25 66.15
28538 28580 4.02 134.83
21116 21112 10.00 47.41
26964 27008 10.00 34.08
26538 26289 3.00 110.27
29504 29179 11.50 109.90
27788 27725 6.00 36.52
22987 22896 4.67 31.94
29273 29076 10.22 106.34
19930 19867 0.00 86.83
31619 31746 2.00 55.08
18814 18881 3.00 52.14
27866 28035 9.32 115.39
19755 19649 7.83 84.95
17453 17549 10.00 78.30
20005 20144 0.00 82.07
29506 29782 20.00 134.87
19711 19691 9.64 15.04
21159 21428 3.00 133.26
25323 25316 0.00 8.06
19308 19520 10.33 136.48
19619 19628 9.96 87.77
26840 26900 6.40 19.08
21004 21099 8.90 78.63
25555 25475 8.13 110.33
19920 19982 1.00 88.40
17558 17547 3.00 20.60
25026 25128 7.25 52.70
26356 26448 20.00 60.44
18228 18125 8.62 117.85
23833 23967 1.80 96.40
28141 28049 5.73 61.77
19177 19210 5.83 135.73
18187 18181 7.55 27.02
18142 18192 20.00 43.59
22958 23291 12.91 123.44
33048 32911 3.00 74.12
27206 27375 26.50 88.02
16384 16452 0.00 94.61
16913 16830 0.00 122.67
19469 19613 8.30 110.91
17602 17641 4.00 95.60
17912 17880 5.50 118.87
18007 17987 14.00 114.56
18727 18559 2.60 134.18
32694 32602 9.50 74.72
28736 28834 0.00 42.19
24975 25264 7.88 129.79
30345 30407 9.40 23.35
17916 17838 1.00 103.89
19711 19839 9.08 99.08
28415 28435 11.50 81.63
30397 30343 11.50 36.21
27548 27781 5.27 85.09
19878 19819 7.00 38.74
28576 28328 3.00 97.83
29019 28817 13.13 112.74
20756 20730 7.25 31.45
32816 32537 12.67 130.07
29125 29181 0.00 129.94
21283 21507 6.45 115.91
27435 27437 11.50 89.59
26478 26362 0.00 84.23
17968 18109 8.67 123.11
18120 18008 9.83 82.99
24798 24718 9.83 93.60
20846 20825 7.75 27.36
17493 17457 0.00 37.51
19510 19515 12.00 97.59
30967 30750 0.00 81.17
20032 20049 13.21 102.82
32312 32066 11.00 80.39
20089 19903 8.57 126.48
32418 32664 9.79 108.55
19046 19148 10.50 116.16
19102 19033 11.50 50.56
31280 31595 11.64 108.30
31546 31826 9.22 106.18
30473 30202 9.91 140.66
18949 19020 9.83 83.02
21594 21589 3.00 20.42
18700 18800 6.73 70.22
20201 20218 10.25 96.98
19224 19227 17.19 41.37
18178 18219 8.67 76.13
17251 17156 0.00 94.50
28391 28543 6.09 109.44
27615 27367 7.90 80.85
19270 19233 5.50 65.41
21600 21657 0.00 21.59
32332 32107 9.92 87.97
21704 21764 8.67 34.07
29607 29646 8.67 78.62
21027 21064 3.00 115.20
31613 31305 9.38 109.55
19146 19333 0.00 105.77
29563 29799 7.96 114.43
19113 19092 12.56 60.14
27391 27810 11.13 142.53
22503 22272 9.93 131.53
25409 25471 0.00 26.88
32475 32547 6.56 29.76
17733 17850 3.00 101.88
30399 30354 0.00 31.07
24821 24712 5.33 74.98
20974 21029 2.33 35.76
19354 19209 0.00 91.94
28199 28082 13.38 54.33
24261 24353 4.60 37.71
23784 23525 7.46 103.97
26477 26493 9.80 9.91
21064 21027 3.00 115.20
21431 21471 8.00 61.84
18399 18302 16.33 94.62
17989 18100 9.82 125.50
17125 17093 10.00 110.54
22293 22422 5.93 75.11
31841 31927 10.08 59.55
20060 19918 9.79 91.94
29286 29239 10.75 98.60
17720 17655 0.00 138.75
33342 32957 0.00 133.56
28364 28223 3.00 75.13
24794 24614 4.67 108.24
25778 25930 4.75 65.15
31429 31209 9.71 112.99
17962 18099 6.50 115.78
21976 21946 6.40 98.51
31455 31327 8.30 70.69
21193 21391 3.00 86.50
27558 27790 6.50 118.16
20168 20092 7.87 101.44
31512 31437 0.00 37.79
16747 16650 6.50 104.63
17408 17315 10.29 73.55
27561 27741 3.00 53.07
26232 26034 11.50 103.97
24371 24324 1.00 27.46
20445 20625 3.00 114.61
32857 33048 9.93 67.01
21622 21593 6.00 67.26
20354 20312 0.00 26.10
33439 33186 9.64 135.95
31827 32033 8.75 88.69
27498 27753 8.00 79.89
20172 20128 0.00 38.32
22422 22498 7.24 125.31
16650 16747 6.50 104.63
26295 26273 0.00 40.55
23293 23245 7.40 84.25
18108 18070 0.00 25.63
25916 25596 5.22 142.90
20049 20062 11.85 102.81
19434 19538 6.09 78.01
22394 22196 9.47 82.61
21336 21201 2.33 145.59
25056 24781 9.80 104.56
17922 17861 6.33 113.60
25833 25766 11.50 76.21
17315 17211 9.38 136.24
18325 18256 8.57 142.75
17368 17383 11.50 119.95
18243 18152 7.40 117.91
32811 32769 14.11 25.43
21589 21609 5.40 15.73
23709 23367 7.06 131.00
22555 22563 8.21 74.30
24544 24601 9.35 147.12
17531 17597 0.00 90.27
29760 29644 20.00 43.03
21881 21906 8.10 108.77
17278 17285 0.00 78.19
17988 17999 0.00 28.30
22363 22354 10.00 116.45
17157 17156 11.50 55.79
30455 30087 7.11 120.94
25296 25549 8.00 90.26
20202 20153 8.83 46.32
19049 18977 8.67 100.95
25675 25663 4.67 11.91
28558 28461 10.00 69.74
30399 30627 5.00 97.41
24260 24432 25.50 79.68
29174 29082 5.33 95.02
29851 29771 11.50 29.98
19717 19702 10.29 114.12
25220 25475 13.38 113.88
16504 16644 10.00 116.91
30027 30107 10.33 78.48
17521 17529 4.38 105.58
29175 29286 20.00 39.65
19997 20143 8.99 139.90
19991 20032 8.82 104.94
17876 17869 11.50 19.65
30991 31121 11.50 71.39
26465 26370 8.40 112.64
21635 21668 10.41 58.87
28992 28971 16.67 76.92
29113 29050 0.00 45.51
16299 16138 0.00 126.05
33294 33426 10.80 42.18
30732 30563 11.11 110.91
19691 19727 9.20 62.34
28543 28391 6.09 109.44
18706 18618 0.00 108.35
18682 18673 0.00 102.02
27804 28114 9.13 103.84
27999 28006 7.86 75.92
26611 26686 8.67 23.89
25331 25497 3.00 80.28
28748 28604 7.40 103.24
28603 28888 4.84 123.43
23475 23762 5.43 121.25
29729 29831 8.67 69.15
28596 28795 6.79 73.61
22906 23131 6.40 79.34
24347 24107 5.91 92.65
26254 26109 6.50 52.01
28299 28225 0.00 26.82
19228 19452 12.50 132.41
24256 24229 7.05 22.27
27791 27968 1.00 49.93
23245 23045 11.04 112.47
25916 25932 2.00 9.34
26592 26326 11.73 104.75
21448 21201 6.06 112.70
18977 18961 3.00 14.71
19672 19704 9.24 62.70
21201 21336 2.33 145.59
18658 18566 3.00 82.49
17718 17711 0.00 8.46
25351 25431 6.33 45.19
18396 18446 11.25 35.09
28918 29049 7.13 123.01
30140 30167 11.50 51.94
19334 19439 6.79 67.66
21439 21325 5.22 80.04
18077 18178 20.00 94.02
33310 33076 7.00 136.04
18510 18492 3.00 29.29
26218 26362 3.00 49.63
33885 33691 11.04 99.45
16349 16395 0.00 100.02
29686 29799 9.84 88.10
29421 29546 20.00 62.23
27753 27615 7.25 103.96
33548 33562 0.00 25.55
30502 30455 4.17 54.11
29546 29421 20.00 62.23
31475 31439 3.00 51.98
17224 17269 9.00 107.05
18280 18322 10.00 93.28
25176 25220 8.23 79.19
31257 31094 3.00 59.77
18987 19080 14.33 73.20
28029 28049 9.60 18.71
24780 24597 12.11 89.26
26291 26172 0.00 83.16
25932 26238 5.64 108.59
25783 25950 8.80 85.49
19170 19191 0.00 20.70
21080 21241 14.33 68.74
27791 27818 0.00 30.86
25393 25384 0.00 23.02
21948 21607 6.45 139.18
17997 18008 7.86 81.19
24273 24336 9.18 146.72
18732 18636 3.00 62.08
18265 18228 0.00 111.92
19095 18998 5.25 80.60
20870 20803 22.80 143.82
17717 17794 0.00 102.76
29457 29210 10.00 92.99
18356 18222 5.43 124.13
23367 23709 7.06 131.00
24218 23833 8.47 145.99
30643 30705 5.17 50.38
24766 24933 7.23 61.40
27272 27561 12.27 104.01
26741 26749 6.20 99.52
23522 23575 0.00 36.09
31096 31053 10.41 68.60
21109 21025 7.86 31.55
17302 17344 3.00 125.30
32411 32085 2.50 111.72
23892 23738 6.50 79.28
29449 29263 8.80 107.54
24090 23990 0.00 59.83
28114 27804 9.13 103.84
21430 21598 0.00 61.31
17711 17606 0.00 103.87
22561 22899 7.22 137.22
30983 31053 12.07 60.58
26660 26644 0.00 21.49
17897 17888 20.00 59.15
17867 17971 9.20 112.41
24318 24010 11.33 118.28
17639 17583 0.00 118.78
26692 26846 1.67 86.91
29104 29059 3.00 23.60
18231 18180 10.00 105.56
20287 20491 0.00 125.52
21229 20957 6.20 108.90
30705 30786 7.56 50.16
30501 30326 3.00 104.41
25100 24900 7.33 80.73
25220 25265 8.00 145.62
20317 20305 0.00 7.98
22164 22474 6.88 122.23
25663 25675 4.67 11.91
24121 23792 9.08 138.12
18233 18280 11.50 38.40
30738 30559 9.38 76.07
24583 24471 2.50 69.83
26869 26696 3.00 94.92
17821 17660 9.35 145.34
27587 27991 0.00 108.91
21889 21984 4.67 42.56
19555 19620 0.00 46.08
27805 27784 0.00 8.94
18965 19122 8.30 118.96
20278 20312 20.00 28.67
31603 31493 1.00 53.20
30314 30366 12.63 65.92
25604 25308 8.10 106.07
18030 17928 3.00 107.57
18618 18706 0.00 108.35
24184 24230 7.71 62.74
19077 19045 9.54 63.82
18819 18897 7.87 102.43
19214 19260 9.73 48.23
20649 20730 7.67 106.28
19019 19042 14.33 30.08
22350 22340 7.29 79.67
16810 16741 0.00 97.13
31932 31777 13.20 50.94
31116 31136 17.57 39.97
29574 29724 5.00 89.40
22937 23188 4.88 93.11
30402 30167 6.40 81.69
19095 19045 11.50 40.97
16935 16940 0.00 105.06
22354 22525 6.67 76.87
24392 24396 11.00 3.20
23875 24107 7.43 92.22
26602 26722 6.50 79.63
17550 17549 0.00 11.65
32667 32718 7.75 29.56
31026 31371 10.39 112.67
30837 30726 10.00 34.85
30760 30562 20.00 91.28
17770 17703 9.33 99.33
24827 24920 8.64 75.41
19580 19541 1.00 34.84
21159 21109 9.83 41.47
30271 30670 0.00 139.70
22720 22450 3.00 132.99
32192 32085 9.20 77.64
23898 24135 8.44 88.74
17711 17718 0.00 8.46
17974 18089 0.00 122.71
22255 22546 7.10 127.91
17864 17764 15.38 76.59
28299 28204 20.00 35.98
18902 19020 8.67 90.67
19746 19805 13.63 74.69
22032 21900 5.33 58.49
33129 33005 9.69 111.20
19621 19449 9.38 115.37
19273 19219 12.58 42.83
18233 18224 3.00 39.78
29368 29433 3.00 27.51
22187 22180 9.00 129.19
29449 29682 11.50 97.05
32318 32249 0.00 47.62
28663 28457 9.00 86.48
20705 20540 8.67 96.03
29506 29932 9.00 143.70
29179 29183 20.00 58.60
25509 25549 5.80 44.58
33048 33314 6.05 109.04
30402 30380 8.08 59.60
29612 29571 6.75 89.97
30060 29810 3.00 86.07
19220 19076 7.80 125.44
29008 29178 10.98 67.91
19414 19367 7.40 38.52
27867 28092 8.80 107.90
19204 19194 7.25 6.85
24058 24187 2.33 72.70
19290 19122 8.84 113.49
18624 18723 0.00 78.82
19847 19898 9.80 75.21
28090 27952 20.00 50.80
21088 21177 14.33 105.92
17528 17383 35.50 123.74
21642 21380 14.50 106.61
19740 19703 8.00 35.74
23669 23503 5.14 81.74
17496 17408 3.00 95.26
30390 30131 6.22 104.57
20445 20633 2.33 111.52
18979 18869 9.63 134.61
28364 28204 6.40 63.51
17134 17181 6.50 98.40
31644 31822 0.00 64.08
17543 17534 6.75 30.93
19594 19479 10.89 83.93
17652 17727 9.43 84.60
20793 20574 0.00 146.37
17917 18034 13.46 136.07
33129 33250 10.31 97.17
17897 17758 10.57 104.66
27447 27495 11.14 51.65
28082 28199 13.38 54.33
32493 32293 11.14 112.13
19183 19325 11.50 89.77
16916 16756 1.00 135.14
29273 29262 17.17 31.01
21263 21266 12.60 82.78
23475 23709 5.42 145.78
18665 18746 8.00 62.08
26120 26089 9.00 25.60
29076 28903 5.33 91.65
26289 25990 6.67 149.37
33403 33601 11.50 81.03
22160 22469 4.83 121.85
22718 22915 4.88 114.79
28032 27873 8.10 66.91
18310 18229 8.13 84.09
20705 20818 0.00 81.29
31998 32061 0.00 21.50
28051 28006 0.00 18.34
30496 30365 9.38 74.86
19940 19875 0.00 87.39
33294 33067 12.20 85.63
21475 21154 3.00 151.36
18995 18941 11.50 61.27
24818 24827 20.00 4.94
30982 30757 3.00 106.09
31218 31435 10.46 86.67
26185 26421 0.00 100.30
17840 17869 9.80 60.37
27258 27118 6.50 106.49
32431 32107 6.43 103.59
25017 25112 0.00 69.57
18692 18841 6.33 107.33
31486 31573 3.00 55.99
16963 16831 0.00 145.52
28425 28182 13.20 117.14
30169 30202 1.00 17.02
19789 19741 10.11 87.35
23041 22928 8.62 39.07
33186 32896 8.19 105.10
27179 27044 9.00 51.21
17473 17326 0.00 135.13
23566 23619 5.17 38.56
19972 20005 0.00 32.04
28092 28170 7.10 68.64
18260 18327 10.50 117.86
28025 28240 7.09 129.18
31746 31715 0.00 70.42
28006 28051 0.00 18.34
19799 19769 5.20 58.65
31209 30964 10.00 104.87
30084 30089 3.00 3.39
25216 25032 0.00 125.96
19627 19563 10.18 64.45
16963 17027 0.00 60.24
31861 31931 11.50 25.03
26743 26789 4.75 44.37
22775 22576 3.00 79.37
19371 19373 11.50 29.96
29563 29525 9.29 79.35
32309 32274 11.25 114.64
20424 20446 0.00 40.21
30496 30668 6.56 77.38
19956 19972 1.00 12.29
18517 18607 0.00 133.74
21550 21787 5.31 86.37
24453 24374 0.00 24.48
31108 31328 10.62 106.28
23780 23875 9.68 113.57
19054 18927 11.50 111.76
27636 27866 10.18 79.70
21668 21509 9.02 58.94
17534 17431 0.00 86.88
22293 22450 4.75 73.65
27784 27805 0.00 8.94
18415 18532 0.00 106.56
28418 28433 2.70 21.27
31842 31631 10.56 121.87
23826 23700 8.88 84.65
28035 27911 8.44 39.76
19096 19261 8.58 104.00
19128 19023 11.50 81.56
20730 20649 7.67 106.28
24336 24544 3.00 82.76
25652 25779 11.00 144.89
24718 24606 8.21 80.17
17703 17641 7.86 100.10
16604 16492 0.00 86.91
28560 28400 8.55 115.44
18011 18116 0.00 75.55
21261 21155 10.69 125.48
18288 18206 3.00 108.40
17500 17468 0.00 78.25
31148 31010 11.50 76.20
25094 25016 7.08 131.57
20964 20908 0.00 53.30
22576 22555 3.00 26.60
18938 19060 10.71 104.06
21550 21320 7.33 101.43
26016 26309 9.00 98.03
17586 17585 0.00 87.65
26675 26516 7.95 75.39
31371 31305 13.90 101.78
28215 28264 0.00 15.13
25310 25476 3.00 81.26
25316 25214 0.00 29.97
25760 25703 0.00 26.24
32206 32475 8.32 109.13
19227 19229 15.50 9.99
20186 20060 8.88 139.82
29334 29286 9.50 100.28
19854 19897 6.00 63.74
28663 28861 3.00 91.80
15990 16160 0.00 122.75
30663 30608 7.53 28.99
25938 25760 7.75 105.72
18966 18953 3.00 115.29
17822 17782 0.00 143.33
17761 17814 11.50 48.38
17541 17552 10.25 82.69
16679 16810 15.75 98.70
22023 22074 7.00 121.95
30244 30608 8.98 151.13
33451 33621 7.00 100.17
28433 28447 0.00 14.86
32579 32548 0.00 40.09
18861 18869 8.93 31.90
28049 28029 9.60 18.71
30107 30027 10.33 78.48
17344 17302 3.00 125.30
19704 19716 4.86 28.25
28663 28952 6.29 121.92
29292 29199 11.50 49.34
24825 24867 2.33 86.03
18800 18610 9.97 135.32
30579 30397 3.00 82.95
20862 20756 5.20 116.20
18132 18201 18.56 125.09
18526 18640 12.07 102.62
17758 17805 9.00 104.61
29083 29102 11.50 105.49
17305 17466 2.00 129.46
29782 30180 8.50 137.17
18040 18065 0.00 25.35
29607 29286 10.00 110.37
27206 27257 6.50 130.26
30366 30403 3.00 61.49
19717 19754 9.54 124.69
28438 28564 11.50 46.90
22134 22376 6.87 127.52
19713 19819 7.31 74.60
18036 17970 0.00 92.71
32309 32273 7.29 112.95
18746 18637 16.22 76.54
16221 16138 0.00 114.32
23566 23493 9.22 139.41
29348 29208 10.71 53.85
19332 19347 20.00 11.59
18965 18853 8.67 90.26
28283 28684 6.86 143.27
17148 17261 0.00 133.12
18040 18070 0.00 87.47
17344 17358 0.00 55.54
18513 18353 8.67 134.29
25032 25025 11.50 7.63
19485 19364 11.50 75.93
33120 32874 14.29 109.94
17656 17675 0.00 41.89
17321 17261 0.00 83.31
32039 32227 6.77 77.84
19202 19326 11.50 82.99
22680 22864 6.87 89.28
19699 19741 7.88 73.91
17912 17921 6.40 42.69
20407 20400 9.70 12.72
32853 32946 9.65 63.61
22033 22029 8.80 87.27
20153 20202 8.83 46.32
24614 24432 11.50 110.19
27166 26900 4.50 97.16
31822 32116 11.50 103.32
18927 19076 8.67 105.86
21668 21662 6.00 11.15
22986 23051 1.00 78.10
19384 19499 12.09 79.01
20324 20251 0.00 56.57
26787 27020 14.00 79.94
21915 22051 6.95 67.19
28199 27962 7.80 105.49
20295 20446 6.75 85.17
32293 32116 7.57 103.94
24131 23784 6.13 131.53
26749 26741 6.20 99.52
19621 19700 2.50 110.32
25016 25094 7.08 131.57
17193 17216 10.50 94.62
23458 23476 10.29 21.41
24732 24935 9.50 118.93
20473 20305 17.20 98.80
22582 22569 7.72 71.26
18543 18566 0.00 43.46
19785 19792 10.56 57.73
28764 28566 11.38 148.44
17820 17815 4.55 79.60
29098 29219 6.40 56.06
33403 33464 11.50 15.19
22579 22628 0.00 83.16
19634 19622 9.29 121.05
30861 30684 8.63 110.08
19875 19815 0.00 87.39
29105 29063 10.29 126.37
22023 22187 6.50 125.97
18646 18604 34.33 87.71
27971 27771 0.00 61.72
18797 18746 12.09 133.89
17879 18007 9.00 114.41
24107 24347 5.91 92.65
19563 19501 7.08 60.24
27333 27271 9.43 33.43
19746 19740 11.10 24.80
32853 33159 9.07 142.61
31236 31503 12.29 97.95
27775 27548 0.00 75.67
17948 17903 0.00 86.16
19193 19331 10.00 84.53
18665 18706 9.83 24.79
28566 28400 11.20 56.19
21509 21668 9.02 58.94
26383 26375 3.00 23.96
32511 32176 11.50 111.14
32169 32001 9.60 97.76
19554 19479 16.00 118.84
25265 25220 8.00 145.62
16945 17026 0.00 72.43
21391 21193 3.00 86.50
23669 23453 5.24 126.51
17077 17103 0.00 140.42
20134 20069 3.00 25.96
26860 26964 0.00 81.03
24867 25112 8.08 111.56
19141 19148 9.69 115.10
24233 24339 9.45 75.05
18854 18875 3.00 99.01
31376 31280 9.48 106.17
19113 19146 15.25 68.73
18834 18961 7.14 122.80
31930 31734 7.25 70.67
29210 29457 10.00 92.99
25599 25819 4.31 70.78
31746 31724 10.00 95.41
30726 30837 10.00 34.85
19331 19434 5.22 78.04
24196 24224 0.00 15.63
27049 27340 9.36 91.80
23045 23245 11.04 112.47
29927 29682 1.00 86.98
31358 31486 15.75 47.31
32987 32657 11.50 139.05
19684 19629 9.36 76.78
21154 21475 3.00 151.36
32267 32061 10.00 66.52
20181 20122 0.00 38.65
22651 22818 8.88 80.58
20067 19920 0.00 110.31
28204 28299 20.00 35.98
17614 17639 0.00 84.95
16689 16604 0.00 116.84
17224 17206 11.50 106.28
31209 31429 9.71 112.99
18187 18256 7.25 112.87
31053 31270 9.69 82.99
19262 19297 6.50 32.41
25548 25264 6.50 129.52
24707 24818 9.33 73.86
18078 18065 0.00 7.33
31789 31884 10.04 35.93
21476 21459 9.20 97.09
16160 16252 0.00 121.94
17517 17360 0.00 127.21
28283 28246 8.33 49.47
19161 19229 0.00 117.45
28650 28459 11.50 110.57
25472 25399 0.00 48.16
32746 32770 11.50 28.30
25750 25683 20.00 47.13
17655 17604 0.00 137.84
30751 30767 8.67 22.55
18115 18041 0.00 113.72
28604 28748 7.40 103.24
28877 28973 9.73 101.96
17454 17463 0.00 34.23
28819 28926 3.75 106.71
18256 18219 8.00 76.33
19138 19222 3.00 61.62
28250 28232 6.40 44.74
21600 21439 9.13 80.85
17898 17818 0.00 100.96
19816 19795 15.75 34.39
19188 19260 10.73 48.10
19371 19255 10.43 107.49
30878 30732 8.33 100.70
26110 26333 0.00 81.53
29166 28869 7.80 114.02
19366 19367 7.36 75.83
25822 25652 11.00 61.14
31483 31433 0.00 31.08
24135 24357 5.00 88.74
25938 26168 11.38 105.89
19347 19429 9.57 80.33
17805 17758 9.00 104.61
25961 26068 5.86 83.48
31203 31311 20.00 34.85
20937 20850 8.67 67.57
27991 27587 0.00 108.91
27375 27340 10.00 9.54
27791 27782 0.00 2.31
21791 21428 13.08 135.04
16752 16665 0.00 108.69
20062 20049 11.85 102.81
19533 19598 12.85 57.98
21430 21448 9.65 144.23
19252 19219 12.62 107.55
29504 29506 3.00 59.77
27500 27399 9.13 89.07
17509 17385 6.43 142.17
26039 26089 4.92 28.67
19604 19727 9.74 118.80
19413 19270 8.67 102.89
24224 24265 13.25 32.47
32332 32564 7.50 86.36
28903 29076 5.33 91.65
19077 19189 5.82 79.73
25412 25354 8.67 25.87
26052 25993 0.00 19.84
27517 27486 3.00 14.99
30562 30760 20.00 91.28
15813 15734 1.00 137.56
30325 30611 1.00 99.88
33227 33291 8.22 20.11
25475 25555 8.13 110.33
23207 23041 0.00 131.33
33787 33597 0.00 109.27
21905 21898 7.90 95.45
22899 22879 3.00 14.06
23543 23784 7.00 100.11
28828 28907 9.00 62.25
32427 32329 11.62 140.34
18695 18869 0.00 120.99
30468 30276 6.13 111.27
16828 16866 0.00 82.98
27731 28033 5.50 86.65
27460 27816 14.33 112.79
19384 19252 6.79 69.06
17926 18005 1.00 140.90
19326 19202 11.50 82.99
29388 29560 6.80 76.95
33076 33310 7.00 136.04
31010 31108 9.60 76.91
31071 30878 6.40 102.31
23768 24058 6.40 138.71
26903 26741 8.79 74.32
19903 19857 13.57 71.37
23843 23779 11.50 34.17
20141 20077 0.00 43.11
17084 17093 0.00 44.81
29220 29199 7.00 57.95
19649 19672 11.18 60.51
19372 19533 11.25 99.92
18789 18642 2.00 105.73
28457 28588 13.40 62.15
25866 25760 23.25 52.37
21333 21366 0.00 103.51
30227 30272 3.00 19.54
29933 29729 5.33 101.59
20615 20390 0.00 133.60
31493 31603 1.00 53.20
24004 24295 8.60 120.05
17794 17854 3.00 55.11
27486 27517 3.00 14.99
17315 17408 10.29 73.55
18662 18586 19.57 110.73
20312 20278 20.00 28.67
19325 19320 3.00 49.69
29178 29208 10.70 10.74
25645 25615 4.67 64.58
24048 23762 7.40 121.04
32971 33084 12.73 88.25
26362 26218 3.00 49.63
25724 25392 4.60 141.81
19092 19096 11.57 67.33
19320 19395 0.00 44.08
25308 25604 8.10 106.07
19816 19835 6.79 23.45
19503 19497 13.59 49.19
24975 25074 0.00 57.79
25472 25752 5.86 105.81
25697 25431 6.40 94.30
20956 21044 12.90 44.16
29994 29875 23.33 92.03
25950 26212 10.50 88.10
23433 23551 0.00 44.64
18792 18841 20.00 61.09
31181 31218 11.50 11.05
17872 17790 3.00 118.09
20613 20422 9.61 118.74
31270 31188 11.50 59.06
18070 18108 0.00 25.63
17373 17457 0.00 77.36
19769 19718 9.38 64.47
33314 33120 9.23 108.11
16769 16621 0.00 145.02
28457 28663 9.00 86.48
30643 30390 3.00 104.57
22808 22873 7.25 22.97
17890 17778 0.00 120.83
31631 31842 10.56 121.87
21948 21770 7.70 122.81
19914 20013 6.10 125.30
28010 28217 5.33 58.07
19170 19025 9.67 123.04
27271 27062 8.16 99.41
19020 18902 8.67 90.67
22002 22160 7.33 71.45
19325 19292 0.00 73.60
20060 20069 7.84 20.15
18574 18616 8.00 128.57
26791 26601 6.40 109.91
26516 26675 7.95 75.39
24347 24318 12.08 60.75
19530 19399 8.88 102.78
28663 28366 20.00 103.26
20605 20706 8.10 135.62
17689 17798 21.00 126.59
19202 19233 6.50 64.36
30027 29920 8.33 79.11
18925 18773 7.25 114.77
25819 25846 0.00 59.69
28824 28644 7.13 142.12
16644 16762 20.00 111.69
21900 22032 5.33 58.49
18732 18888 0.00 118.09
18290 18217 0.00 105.33
33310 33562 14.87 135.32
18037 18015 12.71 125.62
26465 26628 4.40 113.61
20817 20706 5.88 79.36
26493 26694 9.39 99.64
22598 22506 6.00 55.06
26016 25615 7.80 142.27
32107 32039 8.57 125.07
18129 18105 20.00 26.19
21869 21728 11.50 56.63
23712 23792 8.88 84.03
27495 27850 8.67 102.81
24920 25026 13.25 75.60
16557 16474 0.00 56.99
25917 25875 0.00 24.60
19662 19598 11.70 53.01
19060 19087 12.13 27.42
22527 22449 0.00 86.89
16978 16916 0.00 84.66
24316 24474 6.75 66.36
17529 17521 4.38 105.58
31789 31771 8.20 108.02
22255 22117 6.34 54.79
26071 26364 7.25 103.72
25985 25846 3.00 50.84
24242 24091 0.00 126.96
19808 19847 11.38 83.69
17675 17656 0.00 41.89
32033 31827 8.75 88.69
22785 23119 8.44 121.92
17312 17315 8.67 13.14
17550 17667 28.60 102.06
24707 24453 4.55 110.44
27435 27731 3.00 86.65
20987 21025 8.80 81.47
19354 19253 6.00 63.14
17671 17693 3.00 60.48
27741 27771 3.00 34.05
18015 17917 11.00 128.77
31595 31661 5.67 100.34
31927 32123 6.65 108.26
19771 19872 4.10 125.97
18843 18721 10.60 74.61
19323 19420 9.27 58.66
20311 20365 11.03 58.89
16810 16679 15.75 98.70
20972 21011 8.67 38.24
18137 18142 0.00 26.61
20234 20235 0.00 32.04
17454 17521 0.00 63.11
26950 27044 3.00 28.57
32854 32971 9.41 88.18
21965 22133 3.00 77.36
28918 28795 11.27 124.99
24795 24798 10.25 92.99
24920 24827 8.64 75.41
24474 24316 6.75 66.36
18181 18089 0.00 87.30
20262 20089 4.00 123.80
17888 17810 16.60 66.43
21968 22148 8.33 77.90
17493 17558 0.00 70.80
17165 17206 3.00 31.73
22926 22615 0.00 125.53
19716 19704 4.86 28.25
18723 18624 0.00 78.82
19767 19693 11.20 62.22
30520 30502 14.31 22.73
17993 17890 10.00 115.76
28532 28299 4.25 108.32
19261 19443 11.00 103.48
24474 24591 10.42 62.87
19807 19704 7.67 78.19
28953 29206 9.42 108.52
19261 19096 8.58 104.00
19503 19506 10.08 74.60
17333 17319 8.00 76.26
17580 17509 11.50 59.72
20956 20995 0.00 77.72
30754 30856 3.00 31.29
18847 18721 10.25 101.27
27522 27339 9.83 60.62
28240 28092 6.40 68.57
29239 29286 10.75 98.60
31182 31429 7.47 105.76
19563 19413 9.44 102.89
27399 27258 10.50 105.46
30131 30390 6.22 104.57
28992 28907 11.29 77.85
17119 17216 0.00 80.09
32147 31826 8.51 141.70
20296 20414 0.00 72.33
27816 27592 7.33 110.44
19199 19093 18.00 75.10
18340 18304 6.75 114.18
19835 19816 6.79 23.45
31433 31097 12.00 108.67
17971 17867 9.20 112.41
17360 17517 0.00 127.21
32887 32624 10.69 115.37
16571 16650 0.00 123.19
21564 21657 12.44 83.09
22877 22873 0.00 5.54
17325 17333 0.00 76.49
21598 21573 6.93 79.31
27047 27132 20.00 45.26
16368 16224 0.00 137.49
17937 17999 8.91 141.39
30216 30039 5.56 120.91
17772 17721 6.80 89.34
20060 20186 8.88 139.82
19826 19954 18.33 119.47
31021 31094 10.80 49.61
29174 29229 10.00 94.02
21683 21607 6.63 76.39
19851 19710 9.60 148.15
23279 22944 4.61 148.58
24165 24218 10.93 96.25
27873 27627 10.55 78.59
18877 18800 11.38 82.78
27873 28032 8.10 66.91
28654 28817 9.00 73.93
25833 25716 0.00 62.60
19703 19520 22.00 136.83
18109 18200 8.67 92.55
31358 31096 6.95 95.27
25016 24993 10.71 132.15
26493 26477 9.80 9.91
26306 26400 0.00 48.41
22173 22031 11.93 82.99
20414 20296 0.00 72.33
31114 31218 11.50 49.77
20730 20705 6.00 38.52
31619 31519 10.75 78.63
29183 29179 20.00 58.60
29810 29920 10.35 62.46
18659 18834 8.67 123.69
17285 17319 0.00 32.96
19792 19868 11.50 55.66
32718 32854 11.00 115.04
25875 25830 6.00 95.82
22181 22445 0.00 100.09
31640 31425 8.81 81.85
26930 27141 0.00 82.75
20283 20197 0.00 76.78
25838 25702 15.67 55.89
22731 22937 4.25 121.21
24091 23951 0.00 84.26
31152 31284 11.11 58.93
26741 26903 8.79 74.32
27911 27741 0.00 78.67
31305 31241 11.00 81.14
19622 19634 9.29 121.05
24275 24371 6.47 37.26
24887 24817 1.00 103.49
18539 18489 17.50 44.58
26421 26110 11.00 141.39
33349 33178 10.32 109.36
18057 18148 11.13 92.13
19224 19368 11.25 77.98
26173 26285 8.50 81.08
23196 22926 8.67 122.05
32252 31925 8.30 106.06
20122 20181 0.00 38.65
31284 31404 0.00 50.53
26249 26493 8.67 109.15
24244 23989 12.33 121.31
27258 27020 6.43 80.07
30140 30095 4.40 90.09
32582 32854 12.67 108.51
25990 25866 12.71 57.43
20257 20465 3.00 122.52
17962 17828 11.50 117.14
19075 19082 20.00 37.97
19125 19257 9.94 111.74
26295 26356 8.67 34.33
30350 30050 10.29 148.14
20412 20481 7.75 67.91
17470 17556 3.00 109.05
25683 25750 20.00 47.13
19501 19377 11.33 95.14
30018 30276 11.23 106.11
27367 27118 4.22 80.85
27142 26902 9.72 121.69
20059 19992 9.00 104.63
24723 24975 10.75 118.19
17536 17580 0.00 46.00
26172 26068 7.25 82.60
17188 17089 21.00 135.10
17097 17008 3.00 123.09
21507 21821 6.25 118.75
17556 17385 0.00 146.69
21230 21177 6.19 49.93
31412 31358 3.00 34.75
18100 18036 3.00 51.36
21029 21283 6.94 108.01
17678 17599 11.50 107.68
23779 23985 18.80 120.78
28461 28215 8.21 128.48
25596 25278 3.50 142.77
21777 21642 0.00 146.17
31009 30996 3.00 6.88
29715 29948 9.38 91.29
28924 28962 8.80 19.96
32015 31826 21.00 73.39
24244 24397 13.86 72.62
24379 24450 0.00 26.75
28113 28046 3.00 18.82
29796 30009 0.00 89.68
26419 26367 3.00 79.53
25917 26030 2.00 45.38
22046 22051 8.06 138.42
28748 28832 20.00 102.91
18116 18011 0.00 75.55
30961 30753 9.81 145.78
32810 33067 7.75 86.07
22180 22187 9.00 129.19
31108 31215 11.50 35.67
30034 29969 6.50 30.88
30491 30663 11.06 100.07
30755 30937 10.16 107.45
30501 30377 3.00 47.66
19439 19334 6.79 67.66
20430 20306 0.00 75.04
18368 18262 12.60 90.94
19292 19382 12.00 53.02
30067 30019 6.42 117.75
18188 18134 9.14 110.93
18213 18251 20.00 62.87
27800 27541 8.78 122.08
17827 17795 3.00 61.01
27135 26880 13.25 83.45
20465 20399 7.64 76.02
29525 29616 4.40 80.07
18627 18570 0.00 115.47
18662 18794 9.43 111.92
21889 21608 12.09 111.49
26968 26826 2.00 50.27
33562 33649 14.33 37.55
29457 29415 15.14 59.88
20375 20363 10.50 121.67
22148 21968 8.33 77.90
26680 26628 10.52 117.72
28481 28425 0.00 61.15
16360 16252 0.00 122.54
16285 16160 0.00 87.98
18574 18571 11.50 127.22
17604 17655 0.00 137.84
17870 17761 0.00 99.22
15734 15881 0.00 140.48
20811 20779 6.75 65.69
19629 19506 9.18 93.66
21629 21764 9.20 100.25
17366 17324 9.26 86.57
31010 31148 11.50 76.20
25875 25917 0.00 24.60
17692 17579 3.00 136.62
19962 20070 3.00 122.24
19187 19100 5.33 129.83
32431 32657 4.00 86.07
26880 27135 13.25 83.45
24800 24832 8.25 96.41
18333 18290 20.00 51.26
27962 28199 7.80 105.49
21607 21948 6.45 139.18
23364 23227 0.00 63.89
31511 31091 9.41 147.50
27447 27784 0.00 97.54
29974 29786 10.71 80.01
22109 22190 6.50 34.38
28971 28918 0.00 23.15
23243 23291 12.13 57.75
22450 22293 4.75 73.65
22469 22160 4.83 121.85
29081 29131 11.50 28.86
16762 16644 20.00 111.69
18833 18924 9.80 77.59
29501 29504 11.50 62.74
25556 25472 1.00 53.31
29251 29121 7.00 57.80
32176 32057 10.50 102.21
19424 19510 10.73 64.81
17125 17142 8.09 17.68
19045 18895 0.00 120.75
16092 16043 0.00 133.61
17781 17727 9.80 53.55
28217 28010 5.33 58.07
17970 18036 0.00 92.71
29563 29786 8.67 94.35
18927 19054 11.50 111.76
30996 31026 11.50 100.72
18475 18490 0.00 126.28
20134 20351 4.25 139.37
19138 19081 9.00 119.29
18879 18860 0.00 34.01
17319 17445 3.00 97.71
29440 29524 8.00 46.38
26105 25917 9.00 136.05
28716 28566 8.78 51.12
30862 30528 6.00 124.63
24273 24265 9.33 7.23
17506 17606 0.00 103.48
16682 16830 0.00 132.54
20161 20040 0.00 103.42
18109 18152 6.97 129.29
21286 21261 13.63 122.25
28418 28341 7.72 102.79
32493 32639 10.25 85.64
17987 18038 21.80 53.37
25915 25984 4.50 120.03
28610 28828 6.75 116.61
22223 22561 5.95 137.45
22469 22445 6.40 65.75
22297 22344 9.80 26.64
21013 21024 20.00 24.90
19742 19758 5.33 24.33
25472 25368 8.67 50.96
19253 19354 6.00 63.14
17926 17854 7.00 141.04
26327 26358 9.38 65.73
33601 33363 10.61 113.77
31455 31328 9.76 43.83
31930 32008 7.89 25.92
30469 30397 7.92 73.05
17850 17981 5.33 103.59
17815 17820 4.55 79.60
19795 19882 11.08 105.90
16571 16621 0.00 35.30
25471 25610 11.20 51.56
26370 26212 7.14 53.06
17974 17971 8.00 44.46
22563 22569 4.67 62.24
23817 23533 5.20 106.07
26959 27164 10.08 101.15
25471 25355 15.00 90.82
22187 22201 0.00 4.90
17778 17890 0.00 120.83
22506 22504 5.13 71.33
21598 21430 0.00 61.31
22422 22201 6.62 84.33
17909 17951 0.00 76.24
21657 21603 1.00 39.94
20450 20480 6.53 118.93
17583 17517 0.00 119.88
25361 25056 5.90 104.77
27867 27710 13.22 106.61
20347 20363 5.00 121.74
18571 18445 11.50 132.42
32348 32409 1.50 24.02
19815 19794 0.00 17.12
28151 28194 3.00 86.10
31274 31412 0.00 48.68
26776 26912 14.33 93.35
31280 31068 12.59 75.59
33709 33682 12.80 18.31
27570 27587 10.50 24.73
27080 27140 14.33 28.52
25430 25393 6.00 48.80
18019 17936 3.00 127.39
16721 16796 0.00 82.17
22581 22406 26.50 69.52
24100 24350 24.33 119.27
31088 31119 15.14 42.77
18129 18137 0.00 16.15
17730 17649 10.61 71.15
33186 33227 6.00 26.95
30504 30411 3.00 47.04
20956 20838 7.86 67.02
25885 25549 7.10 123.95
27375 27508 20.25 89.50
31261 31114 11.50 54.55
32951 33326 10.09 132.02
18932 18879 9.44 100.99
20833 20923 11.59 52.26
18929 19108 11.81 152.13
32819 32542 10.29 112.09
24191 24275 7.00 32.31
29644 29376 11.64 90.51
21011 21154 0.00 145.57
26686 26611 8.67 23.89
28962 29111 11.00 95.27
20341 20317 1.67 33.78
17585 17586 0.00 87.65
27587 27570 10.50 24.73
29059 29063 6.86 16.98
17878 17911 7.25 92.47
17361 17282 10.61 93.81
22731 22498 5.50 121.04
19092 19113 12.56 60.14
31876 31932 10.93 79.54
21048 21024 8.88 48.97
17633 17671 8.67 58.69
28250 28225 5.39 92.09
27260 27030 4.67 79.71
20390 20187 0.00 132.43
23744 23989 0.00 121.23
28776 28834 8.17 34.86
24034 24027 8.67 22.44
22686 22579 0.00 41.40
27340 27375 10.00 9.54
29948 29751 6.50 108.75
27047 26846 20.00 101.09
17795 17827 3.00 61.01
29111 29105 2.33 12.01
26787 26527 5.00 102.63
18659 18543 3.00 123.58
28365 28621 10.25 122.31
19740 19777 3.00 69.49
20421 20615 8.90 146.19
28566 28716 8.78 51.12
19290 19322 10.41 82.82
18281 18288 14.33 64.76
31483 31569 10.25 60.40
26918 26946 20.00 15.80
31990 32057 8.96 82.69
24399 24374 16.67 9.83
30720 30360 8.00 147.86
19196 19262 8.67 116.07
24818 24707 9.33 73.86
18224 18233 3.00 39.78
31270 31569 9.90 107.52
17601 17558 0.00 46.22
18116 18232 11.17 138.54
24295 24591 8.68 120.01
17305 17215 0.00 99.38
18861 18797 6.92 44.61
30608 30663 7.53 28.99
29927 29902 20.75 12.64
32564 32252 7.57 105.81
21285 21286 0.00 6.70
25861 26039 5.59 84.12
19727 19691 9.20 62.34
30377 30501 3.00 47.66
27463 27431 20.00 22.70
29076 29273 10.22 106.34
20740 20877 0.00 84.12
18875 18854 3.00 99.01
23780 23696 10.20 113.38
32085 32028 0.00 34.39
32658 32770 6.25 43.83
27816 27460 14.33 112.79
19130 19055 8.00 82.49
19563 19627 10.18 64.45
31616 31644 0.00 12.14
26787 26686 11.00 108.34
25492 25799 11.20 103.67
31631 31569 10.22 64.75
29715 29682 1.00 16.59
19498 19374 3.00 96.22
32639 32493 10.25 85.64
31777 31613 7.25 61.26
19518 19447 3.00 52.03
18895 18792 0.00 79.69
21024 21013 20.00 24.90
19966 19897 8.86 107.32
20050 20122 0.00 35.04
25256 25370 3.00 39.57
19125 18995 3.00 111.71
32854 32718 11.00 115.04
24362 24353 9.57 6.45
21025 21109 7.86 31.55
29049 29104 0.00 31.61
22237 22378 0.00 59.51
30643 30884 8.67 104.92
18310 18340 3.00 114.41
19290 19252 9.89 72.62
29111 28962 11.00 95.27
19128 19217 9.80 83.96
31546 31236 8.31 105.73
28924 28907 2.00 12.93
22406 22581 26.50 69.52
30331 30559 11.50 79.62
19252 19089 6.50 113.40
19974 20072 8.42 90.38
22032 22031 11.50 10.28
29445 29846 0.00 139.73
19867 19930 0.00 86.83
18038 18125 7.94 114.82
21968 21791 7.57 78.03
21177 21088 14.33 105.92
19354 19446 6.00 66.23
21448 21430 9.65 144.23
31082 30982 0.00 49.12
32169 32015 12.00 60.30
30265 30524 8.67 133.12
18396 18468 12.08 89.20
19093 19209 8.60 91.94
29027 28602 0.00 150.25
18660 18642 12.38 44.56
23579 23764 11.50 138.96
30109 30403 6.88 95.91
21290 21509 8.26 101.01
19767 19839 9.11 62.51
22706 22797 5.27 58.05
19036 18932 10.50 146.75
30365 30496 9.38 74.86
22576 22651 8.21 130.92
17302 17374 0.00 65.13
26419 26356 11.50 51.74
18028 18201 12.71 145.39
18706 18740 9.39 92.46
19777 19804 7.00 58.20
30160 30009 11.50 65.09
17261 17148 0.00 133.12
16761 16789 0.00 141.61
22569 22582 7.72 71.26
30221 30097 0.00 49.08
28904 28834 10.00 50.62
19907 19792 8.67 137.49
18043 18008 8.67 103.20
20850 20826 3.00 46.03
19785 19918 6.43 91.85
23186 23317 4.89 80.20
29244 29206 3.00 20.21
24191 24184 2.33 40.28
26034 26149 15.75 101.88
24614 24350 10.29 119.53
24718 24544 10.38 69.85
22029 22175 8.62 84.74
28002 28106 7.40 78.59
28233 28400 5.58 114.87
24090 23951 7.58 86.35
24260 24091 3.00 79.67
17549 17453 10.00 78.30
26694 26493 9.39 99.64
27500 27911 9.25 123.36
19085 19012 0.00 101.31
30038 29799 10.33 105.95
26929 26660 0.00 99.87
18916 18995 4.75 77.09
19202 19080 6.88 139.28
26239 26137 11.50 39.32
22445 22694 7.80 94.93
20240 20122 2.33 144.00
30131 30055 7.00 45.48
22349 22574 5.18 100.33
16963 16890 0.00 96.44
30867 30757 9.69 130.53
18813 18657 8.56 120.81
28379 28138 9.86 82.07
20183 20257 0.00 36.19
33649 33548 7.08 32.28
24421 24428 10.29 10.32
17052 17084 0.00 37.19
32624 32887 10.69 115.37
30354 30399 0.00 31.07
20826 20793 0.00 129.64
32292 32169 3.00 49.29
17675 17778 0.00 120.59
26722 26602 6.50 79.63
19629 19684 9.36 76.78
33596 33745 10.64 89.33
25830 25987 12.27 114.01
17794 17861 36.67 113.62
28240 28400 7.18 59.43
32552 32639 3.00 56.97
26912 26973 0.00 25.37
15992 16113 0.00 136.86
29771 29585 3.00 66.53
17552 17553 14.09 32.54
33691 33464 10.94 82.50
21335 21241 3.00 50.12
21609 21589 5.40 15.73
23543 23276 8.92 101.02
24230 23972 5.50 107.33
22406 22629 7.15 110.49
26068 26218 3.00 58.23
26110 25946 1.00 96.28
17374 17416 11.00 98.34
17552 17541 10.25 82.69
32091 32356 19.90 103.50
27561 27272 12.27 104.01
17864 17908 13.53 39.73
24544 24718 10.38 69.85
17693 17840 3.00 122.78
29920 29810 10.35 62.46
22582 22310 9.83 148.61
30502 30067 11.50 141.56
21770 21948 7.70 122.81
16474 16492 1.00 75.96
27258 27399 10.50 105.46
18180 18231 10.00 105.56
20365 20400 10.49 49.27
28223 28141 0.00 37.23
17810 17888 16.60 66.43
17027 16963 0.00 60.24
33691 33745 8.67 17.86
19907 19954 0.00 123.57
25607 25476 0.00 51.51
19897 19847 2.14 88.74
29307 29208 3.00 63.31
20187 20156 11.50 94.52
28772 28917 9.03 132.20
27725 27788 6.00 36.52
26686 26895 8.46 80.64
26722 26964 0.00 101.04
18740 18706 9.39 92.46
29113 29071 0.00 21.07
17366 17513 7.92 128.47
30964 30739 8.67 104.87
26275 26516 10.11 110.08
30131 30227 6.86 49.86
23732 24083 0.00 138.71
22174 22061 8.91 51.71
30167 30140 11.50 51.94
31618 31771 8.39 112.37
23792 23638 10.00 74.32
29181 29046 0.00 65.58
17014 17125 4.67 100.57
17815 17781 7.43 79.96
19651 19644 9.41 77.51
22615 22718 8.67 57.59
17156 17077 0.00 140.99
23021 23157 21.00 48.84
22291 22256 2.00 63.01
30757 30982 3.00 106.09
25323 25428 8.00 44.32
26882 26941 8.00 105.01
19199 19273 8.08 45.51
23503 23669 5.14 81.74
19102 19214 6.24 139.32
26902 27024 3.00 56.51
29760 29668 2.60 94.11
32582 32690 7.13 91.99
30468 30689 9.22 104.95
19501 19453 11.95 54.08
17552 17617 0.00 118.91
31136 31133 12.56 39.77
26846 27047 20.00 101.09
22434 22633 6.20 97.22
28926 29067 2.00 107.30
25915 25635 7.15 123.23
19839 19915 10.55 54.75
21262 21263 7.56 82.77
18096 18164 7.25 129.61
20949 21105 7.40 74.83
30356 30272 9.14 127.16
20231 20172 0.00 41.10
18213 18262 6.40 59.14
31790 31855 0.00 51.66
24591 24732 7.67 73.31
21428 21159 3.00 133.26
28318 28337 7.00 19.44
32676 32657 0.00 5.27
22408 22668 3.00 106.13
17867 17782 10.43 109.72
17305 17295 1.00 101.80
19799 19779 9.80 40.80
21132 21262 1.00 52.85
21017 20958 6.56 29.17
31455 31761 8.09 119.12
29774 29647 7.88 70.10
17125 17014 4.67 100.57
21635 21608 6.18 33.92
31215 31327 9.50 57.49
25476 25702 7.80 113.16
25778 25916 9.92 148.26
17157 17239 20.00 81.62
20682 20701 13.09 26.03
29748 29939 12.71 78.52
22873 22808 7.25 22.97
19096 19080 14.33 9.67
30380 30631 3.00 88.69
31761 32035 9.34 116.02
17373 17308 1.20 77.43
31715 31640 8.70 59.72
21104 21320 6.89 99.45
23511 23477 8.97 129.03
29612 29975 6.00 123.63
20571 20632 0.00 59.32
26518 26454 3.00 64.72
17869 17721 6.40 116.46
30152 30188 11.20 29.19
26070 25768 6.38 127.94
17597 17589 3.00 136.75
22256 22141 7.51 58.99
19213 19095 5.67 83.74
32568 32418 7.83 85.82
28361 28601 8.80 75.54
17999 18057 0.00 69.49
17706 17637 0.00 92.28
24836 24781 10.71 104.18
18688 18821 5.50 99.16
20937 20970 13.67 93.69
28654 28415 11.50 110.60
21363 21622 11.50 105.56
30621 30696 0.00 125.45
22117 22061 8.42 90.71
26764 27056 7.40 98.81
21943 22133 8.67 89.52
19297 19262 6.50 32.41
30878 31071 6.40 102.31
17228 17330 11.50 92.67
17921 17876 6.50 68.22
23186 23131 5.43 40.99
21948 22000 4.58 24.70
26291 26238 9.80 17.00
20407 20450 11.11 119.05
20958 21017 6.56 29.17
22184 22181 11.50 4.54
17957 18074 8.00 112.24
30407 30601 7.80 66.94
30631 30380 3.00 88.69
18689 18555 0.00 116.00
25474 25207 8.67 105.58
24564 24736 5.90 79.60
31777 31932 13.20 50.94
23990 24090 0.00 59.83
17936 18019 3.00 127.39
17330 17228 11.50 92.67
25151 25128 0.00 12.55
17211 17113 12.24 134.85
30861 30983 8.74 101.97
26789 26840 10.88 149.62
28888 29173 8.57 124.36
21965 21787 9.83 78.53
20591 20837 0.00 126.79
33361 33164 9.80 135.64
24062 24187 3.00 55.44
26380 26070 15.25 110.21
27377 27486 8.33 48.26
17727 17652 9.43 84.60
30239 30070 7.45 138.21
26644 26363 10.69 114.30
22002 21869 15.00 60.71
26900 27166 4.50 97.16
31569 31270 9.90 107.52
18818 18774 8.33 26.55
20705 20730 6.00 38.52
20828 20834 11.50 47.12
19648 19491 8.43 105.38
19368 19373 12.60 70.13
32123 32318 10.91 76.18
30627 30516 0.00 79.33
23470 23250 5.80 81.63
26221 26416 0.00 140.90
32694 32838 7.29 104.09
31932 31953 3.00 26.83
26263 26212 6.50 59.36
28988 28824 9.37 142.48
17142 17285 11.50 107.31
32582 32289 14.27 109.47
32039 32107 8.57 125.07
22213 22310 14.33 61.61
31021 30786 10.67 98.99
32582 32411 15.11 145.67
32318 32418 9.00 36.01
29181 29206 1.67 66.79
19178 19054 11.36 111.79
17512 17368 3.00 123.91
24357 24536 4.50 67.24
29644 29679 15.00 99.69
32293 32493 11.14 112.13
20049 20032 13.21 102.82
33067 32810 7.75 86.07
30524 30265 8.67 133.12
22029 22033 8.80 87.27
27271 27142 10.13 59.49
30906 31088 11.50 99.11
29470 29359 5.33 54.35
17721 17772 6.80 89.34
19912 20040 16.22 139.82
28952 28692 2.00 131.76
27668 28046 7.25 126.13
26902 26657 10.08 111.58
24486 24428 10.69 82.25
24008 24384 5.83 142.71
30528 30257 0.00 121.87
20351 20134 4.25 139.37
19846 19915 8.29 84.41
27477 27431 11.50 16.15
23638 23476 6.09 60.08
18217 18290 0.00 105.33
33287 33190 11.50 34.40
27435 27668 7.67 104.76
18559 18727 2.60 134.18
19199 19329 20.00 84.80
21283 21330 2.00 22.79
28511 28418 11.94 32.32
20421 20198 11.41 148.62
22694 22921 11.50 94.96
30856 30944 11.67 46.14
31425 31138 9.95 100.76
28366 28328 8.67 19.08
25128 25026 7.25 52.70
23016 23190 12.71 67.96
17921 17916 10.00 101.07
18092 18016 8.67 88.99
22582 22612 3.00 10.51
17655 17720 0.00 138.75
17008 17097 3.00 123.09
27771 27494 10.27 89.18
18041 18076 0.00 24.25
22687 22864 10.67 144.45
20032 19876 7.10 125.19
28670 28644 3.00 11.98
25556 25683 10.00 46.68
30627 30399 5.00 97.41
16630 16752 0.00 113.82
28274 28232 11.50 13.52
19997 19879 10.32 132.58
32249 32318 0.00 47.62
30906 30675 20.00 100.21
22686 22629 7.88 23.36
18897 18819 7.87 102.43
25475 25220 13.38 113.88
23045 23140 12.70 31.24
18813 18877 7.15 52.36
17145 17185 0.00 55.30
26380 26238 3.00 106.92
28511 28447 6.41 39.30
29244 29411 8.67 65.39
15952 15943 0.00 115.69
30205 29948 6.75 105.09
20189 20295 0.00 70.89
29679 29644 15.00 99.69
30180 30052 8.00 46.44
19707 19619 11.50 80.77
19805 19674 3.00 94.85
21538 21547 0.00 112.71
18869 18695 0.00 120.99
17971 17974 8.00 44.46
27517 27627 8.67 54.06
18861 18875 13.20 98.75
17385 17509 6.43 142.17
31715 31746 0.00 70.42
22032 22033 12.00 72.12
33084 32971 12.73 88.25
25607 25653 3.00 20.16
16630 16505 0.00 114.83
18721 18660 11.50 35.05
17463 17454 0.00 34.23
27781 28029 8.00 106.63
27750 28006 11.07 93.07
29121 28952 9.86 112.11
19045 19095 11.50 40.97
19506 19503 10.08 74.60
17431 17534 0.00 86.88
20170 20050 0.00 134.43
18109 17968 8.67 123.11
31705 31777 12.50 98.58
19447 19439 3.00 8.16
26694 26769 9.13 49.25
18078 17981 3.00 100.95
19287 19092 8.27 119.42
18586 18491 5.50 112.37
17720 17772 0.00 66.14
26611 26418 4.40 74.51
32609 32769 13.25 81.59
19371 19366 4.00 75.84
25472 25556 1.00 53.31
19040 19038 0.00 4.37
18689 18846 0.00 114.43
24781 24836 10.71 104.18
19289 19165 8.44 82.27
20907 20867 11.10 84.47
19331 19414 7.86 58.56
22145 22179 0.00 27.92
26846 26900 9.38 59.95
29376 29334 4.25 100.28
17905 18036 7.00 108.06
23768 23648 8.67 101.27
21004 20957 0.00 77.70
28604 28644 0.00 104.07
27538 27710 7.67 53.72
19089 18943 6.56 113.48
18914 19083 8.75 134.29
23240 23525 9.42 104.63
25555 25747 7.40 110.63
25752 25472 5.86 105.81
17077 17156 0.00 140.99
25857 25940 0.00 62.76
27730 27461 6.75 108.37
30052 30180 8.00 46.44
28205 28113 11.50 112.69
24753 24950 11.06 94.82
27339 27522 9.83 60.62
31376 31641 9.43 100.67
32624 32409 10.27 116.12
25032 24836 3.00 77.14
19491 19374 6.90 76.44
19942 20135 3.00 123.02
17717 17640 0.00 76.36
22629 22378 0.00 105.04
19479 19594 10.89 83.93
30751 30787 0.00 20.22
30899 30732 8.67 66.61
21509 21471 6.15 58.56
22879 22546 6.56 142.55
25299 25355 8.00 20.77
17675 17725 9.80 90.75
29414 29647 4.67 118.32
23951 24090 7.58 86.35
20821 20613 9.69 118.43
30889 30786 10.93 60.39
27060 26869 8.00 94.92
22376 22434 4.89 92.50
26277 26147 10.83 110.98
22504 22680 7.87 87.39
32013 31998 3.00 21.36
27741 27561 3.00 53.07
16866 16828 0.00 82.98
25645 25775 1.00 44.80
29081 29019 3.00 36.34
20970 20825 11.17 96.65
31433 31483 0.00 31.08
27172 27062 11.29 39.79
28892 28787 0.00 53.18
21333 21286 0.00 104.55
20062 20074 11.04 86.75
19662 19693 8.67 36.98
17667 17550 28.60 102.06
24832 24800 8.25 96.41
25990 26289 6.67 149.37
31475 31668 11.20 72.98
28737 28459 50.00 111.17
22133 21965 3.00 77.36
17529 17643 0.00 94.30
17620 17730 12.15 115.15
28049 27775 11.00 77.24
26127 26454 7.00 112.90
27141 26930 0.00 82.75
32816 32946 7.38 137.36
19742 19727 7.25 31.69
17870 17968 2.00 120.18
17556 17470 3.00 109.05
20019 19948 3.00 58.24
30265 30202 1.00 36.65
19260 19409 4.49 114.93
32008 32028 8.67 47.93
17617 17552 0.00 118.91
24736 24908 8.86 79.62
28223 28151 4.67 28.50
30884 31114 9.93 104.83
18869 18979 9.63 134.61
25846 25985 3.00 50.84
31327 31455 8.30 70.69
23190 23016 12.71 67.96
18816 18732 3.00 57.98
18746 18665 8.00 62.08
27781 27548 5.27 85.09
22498 22731 5.50 121.04
30360 30720 8.00 147.86
31519 31425 9.06 55.91
17999 17937 8.91 141.39
17951 17909 0.00 76.24
16829 16810 1.00 24.21
18979 18982 0.00 36.14
24008 23898 5.67 69.39
17216 17193 10.50 94.62
23245 23293 7.40 84.25
23006 23240 8.90 93.82
31631 31486 11.33 62.53
24421 24381 9.26 72.39
26573 26341 0.00 142.09
17326 17473 0.00 135.13
30052 30209 20.00 92.58
30584 30738 12.71 90.88
29786 29974 10.71 80.01
24442 24233 9.88 80.78
29883 29808 10.00 25.59
20324 20414 4.44 81.13
29799 29686 9.84 88.10
20234 20424 0.00 117.98
28588 28484 0.00 45.80
19077 18924 8.44 121.44
31619 31724 11.20 78.45
22926 23196 8.67 122.05
26840 26680 3.00 68.09
24397 24597 5.50 89.47
27750 27730 8.00 89.92
20949 21099 3.21 59.32
21286 21333 0.00 104.55
18121 18116 0.00 81.63
28650 28605 3.60 25.90
24718 24798 9.83 93.60
17295 17181 0.00 106.01
16796 16890 0.00 98.65
28957 29067 0.00 92.11
25846 25973 9.18 137.54
19217 19128 9.80 83.96
24836 24848 9.00 26.01
19498 19627 9.50 96.22
19912 19851 1.67 37.58
17981 18078 3.00 100.95
17393 17454 0.00 46.47
29131 29081 11.50 28.86
17506 17456 0.00 94.98
26510 26496 6.50 69.29
21404 21683 7.86 107.89
18879 18932 9.44 100.99
26973 26912 0.00 25.37
27752 27413 12.33 100.45
18539 18468 12.67 89.06
31880 31990 8.67 36.06
22190 22213 5.39 9.44
19439 19573 17.75 103.41
27413 27347 10.61 71.81
27494 27771 10.27 89.18
22569 22801 8.67 94.64
27025 27049 0.00 7.53
29063 29105 10.29 126.37
23972 24230 5.50 107.33
21315 21589 3.71 143.76
20481 20522 8.41 43.14
30514 30705 10.18 93.88
20070 20064 3.00 120.08
30124 30296 10.50 97.22
24933 25347 7.39 145.89
26309 26358 7.25 59.23
31026 31097 10.05 108.48
19972 19956 1.00 12.29
30753 30624 8.92 144.06
19228 19229 10.70 38.96
19087 19224 11.98 106.71
19651 19662 9.18 79.03
23792 23712 8.88 84.03
22874 22896 5.33 58.87
23566 23768 4.67 98.58
19503 19641 10.00 84.99
30624 30579 6.75 73.17
20890 20756 11.50 91.01
29388 29219 8.33 77.04
23131 22906 6.40 79.34
29477 29686 11.41 98.88
28223 28364 3.00 75.13
18201 18028 12.71 145.39
19108 18929 11.81 152.13
27257 27206 6.50 130.26
19693 19767 11.20 62.22
17989 17852 3.00 127.38
22293 22137 6.21 59.78
22137 22293 6.21 59.78
26454 26380 9.80 68.74
21654 21777 3.00 145.10
18637 18746 16.22 76.54
17152 17148 11.50 110.96
25665 25412 4.53 105.57
24336 24273 9.18 146.72
18181 18134 11.75 141.24
21206 21471 7.80 116.19
26367 26419 3.00 79.53
31984 31953 3.00 55.91
22196 22394 9.47 82.61
32951 33049 8.09 103.41
24962 24821 7.21 76.78
20505 20571 5.74 83.83
31433 31371 3.00 112.36
32066 32206 11.00 80.53
19210 19187 0.00 35.21
30221 30034 10.33 105.43
22797 22574 5.80 100.10
19572 19554 20.00 118.38
22051 22046 8.06 138.42
20032 19991 8.82 104.94
25610 25471 11.20 51.56
17637 17706 0.00 92.28
21366 21333 0.00 103.51
17649 17560 0.00 75.61
26400 26306 0.00 48.41
18860 18879 0.00 34.01
24935 24732 9.50 118.93
28737 28650 13.25 47.98
24591 24474 10.42 62.87
32769 32811 14.11 25.43
29433 29468 0.00 11.25
19257 19191 9.25 61.16
29286 29175 20.00 39.65
20267 20241 0.00 100.90
18130 18180 40.60 103.42
28433 28243 8.44 88.34
22574 22797 5.80 100.10
19055 19130 8.00 82.49
28566 28410 9.00 115.50
28299 28532 4.25 108.32
24794 25060 2.33 127.56
28745 28641 0.00 35.22
30558 30343 0.00 114.31
19289 19334 1.00 24.36
20202 20143 9.29 137.28
17687 17593 0.00 107.57
30360 30562 3.00 90.20
28787 28890 3.00 59.92
20024 20060 11.68 44.87
20231 20234 0.00 30.84
29244 29071 10.00 109.42
26358 26327 9.38 65.73
17295 17305 1.00 101.80
33314 33048 6.05 109.04
26277 26285 0.00 5.79
29178 29008 10.98 67.91
16829 16689 0.00 120.51
21642 21594 0.00 52.76
26172 26291 0.00 83.16
26380 26454 9.80 68.74
18949 18821 9.20 102.37
18724 18838 3.00 98.14
21984 21889 4.67 42.56
27141 27340 3.00 81.88
17496 17578 0.00 104.90
23365 23254 8.14 102.11
25875 25946 14.60 111.95
20874 20870 23.25 143.28
26880 26679 6.43 78.81
20958 20817 6.84 79.52
27044 27179 9.00 51.21
31094 31071 7.81 99.94
18816 18888 14.33 102.00
21777 21654 3.00 145.10
25830 25875 6.00 95.82
18742 18833 8.67 76.86
30272 30227 3.00 19.54
20234 20231 0.00 30.84
17498 17620 10.26 142.45
23552 23664 0.00 124.35
23788 23962 7.75 68.42
19060 18930 13.67 104.54
30007 29975 7.62 64.14
19229 19161 0.00 117.45
21796 22061 8.70 111.59
25830 25752 4.75 52.77
29102 29083 11.50 105.49
29504 29501 11.50 62.74
17756 17664 6.38 113.52
31579 31613 6.00 83.82
21263 21262 7.56 82.77
25355 25471 15.00 90.82
30084 30050 8.54 148.14
23648 24008 9.00 140.08
22862 22897 11.33 64.47
27587 27477 7.25 83.58
20832 20828 4.67 22.96
18099 18222 9.88 115.53
30937 30689 7.80 104.95
20949 20895 9.80 28.40
17722 17656 0.00 86.48
31114 31261 11.50 54.55
27179 27310 4.40 45.30
19429 19447 9.83 77.77
29574 29404 11.50 71.66
29933 29969 10.50 20.18
27591 27827 7.00 110.22
28890 28787 3.00 59.92
28410 28233 8.11 56.15
19704 19672 9.24 62.70
27339 27175 8.66 74.25
30918 30889 9.06 17.69
29263 29449 8.80 107.54
23990 24216 8.67 129.08
26228 26137 14.33 104.50
19681 19777 9.43 101.59
18016 18092 8.67 88.99
29509 29492 0.00 25.73
26454 26127 7.00 112.90
16514 16571 0.00 128.74
18797 18658 4.88 82.67
31188 31270 11.50 59.06
18915 19023 6.50 84.13
26364 26383 0.00 18.95
16665 16752 0.00 108.69
31088 31190 0.00 31.26
18792 18646 8.17 101.20
19700 19621 2.50 110.32
23817 23898 6.78 34.05
18445 18297 15.00 132.61
30675 30504 9.00 114.28
28907 28795 9.31 50.80
21846 21976 7.05 98.64
19672 19781 5.13 79.38
19085 19177 7.00 101.46
27548 27775 0.00 75.67
30621 30539 3.00 125.45
17361 17366 0.00 11.92
21099 20949 3.21 59.32
19868 19974 3.00 90.35
16557 16404 3.00 125.03
19740 19746 11.10 24.80
25760 25938 7.75 105.72
30326 30407 5.83 35.49
19793 19907 12.43 85.53
21843 21796 8.67 96.11
19703 19613 6.00 108.33
31136 31116 17.57 39.97
20480 20465 11.90 11.28
32942 32911 6.50 12.09
16452 16514 0.00 141.91
21594 21317 4.38 117.93
19644 19651 9.41 77.51
21251 21266 8.00 30.53
24230 24316 7.59 62.36
23408 23700 6.30 128.20
23764 23579 11.50 138.96
20351 20574 13.20 139.04
19795 19816 15.75 34.39
20147 20257 0.00 83.28
25399 25675 13.23 107.12
19453 19501 11.95 54.08
21104 21080 7.87 36.41
29594 29492 13.20 35.93
20138 20019 5.44 59.65
21728 21869 11.50 56.63
20251 20181 1.00 36.09
23006 22818 7.56 79.75
19691 19711 9.64 15.04
17903 17860 0.00 86.10
30517 30685 12.91 146.87
18091 18077 0.00 17.36
30039 30216 5.56 120.91
25653 25760 0.00 54.09
26362 26478 0.00 84.23
29219 29019 2.00 108.91
22999 22720 0.00 133.40
30611 30710 10.38 50.75
28215 28013 7.40 90.37
16741 16810 0.00 97.13
21550 21593 6.81 90.80
16395 16504 0.00 115.32
24878 25127 6.88 124.31
30188 30152 11.20 29.19
30039 29851 9.10 120.90
19453 19477 10.95 64.71
29851 29724 9.00 88.49
18108 18040 0.00 72.90
29166 29503 7.64 114.14
17656 17637 0.00 41.53
24780 24942 0.00 99.76
27310 27431 6.50 38.77
20779 20748 10.00 92.37
17671 17633 8.67 58.69
19767 19648 9.19 103.74
22775 22897 8.67 49.10
18169 18224 20.00 95.05
20682 20614 8.18 124.57
28952 28663 6.29 121.92
24262 24120 11.32 123.05
17814 17761 11.50 48.38
19700 19701 0.00 39.67
20283 20399 11.50 79.10
26232 26149 11.90 49.69
31519 31619 10.75 78.63
19819 19713 7.31 74.60
18137 18129 0.00 16.15
17549 17550 0.00 11.65
19741 19702 5.40 25.47
31990 32300 8.50 101.52
23250 23041 7.14 81.67
17543 17644 0.00 87.77
17302 17235 0.00 58.95
22633 22434 6.20 97.22
31327 31437 0.00 45.03
29729 29647 9.00 51.91
17717 17728 0.00 12.53
28225 28299 0.00 26.82
19941 19779 11.25 136.52
19222 19138 3.00 61.62
23875 23817 8.33 49.55
17526 17515 6.50 78.77
18586 18662 19.57 110.73
30961 31096 14.33 47.83
24583 24781 24.33 74.41
22213 22190 5.39 9.44
20074 20062 11.04 86.75
19477 19506 3.00 64.42
23291 23157 11.11 138.30
27460 27592 11.50 60.51
24961 25168 5.60 101.44
20779 20902 14.33 56.91
28709 28869 0.00 141.82
19808 19857 8.50 88.85
22574 22349 5.18 100.33
17722 17809 0.00 86.65
18185 18167 11.50 119.46
31668 31613 7.10 104.60
31371 31433 3.00 112.36
28435 28564 9.80 72.36
17772 17876 9.00 124.60
25413 25635 4.86 119.95
16828 16827 0.00 76.00
20842 20682 7.92 100.39
19033 19012 1.00 29.44
27766 28002 0.00 81.47
24654 24732 8.36 43.90
18446 18510 11.50 58.71
20262 20244 4.67 22.26
28861 28874 3.00 6.00
33190 33084 7.86 42.29
31181 30942 11.63 98.68
20080 20144 0.00 74.72
26356 26295 8.67 34.33
16138 16221 0.00 114.32
31842 31921 11.09 46.76
33596 33804 7.88 72.73
22503 22504 6.59 14.64
19867 19815 0.00 38.06
16796 16908 0.00 128.62
17330 17269 2.50 107.82
23254 23533 2.43 106.01
19332 19178 10.73 111.91
29280 29273 8.80 14.19
25392 25724 4.60 141.81
26560 26705 11.20 79.29
18669 18814 9.94 92.50
25932 25916 2.00 9.34
20870 20874 23.25 143.28
17930 17814 12.14 109.67
25993 25833 9.04 105.42
17580 17727 5.22 132.34
19716 19710 9.87 142.46
20564 20476 2.50 124.63
26738 27030 2.00 100.53
27060 27024 8.67 36.41
30516 30627 0.00 79.33
20074 20069 5.80 6.32
19815 19875 0.00 87.39
30101 30227 11.25 97.68
22376 22256 5.91 86.06
22340 22175 7.60 82.75
18607 18517 0.00 133.74
19779 19941 11.25 136.52
25463 25255 7.91 119.81
1 7 23476 23241 22874 22686 24474 24121 24058 23768 24384 24766 24233 24339 22615 22926
2 8 30753 30624 30940 30663 32116 31822 31826 32015 31927 31631 31728 32066 30053 30060 30473 30053
3 6 26370 26465 27069 27347 27056 27339 28532 28787 29192 29121 28415 28090
