3454 7919 4 14 4 2 6737.24 2482.14
92998   46
93131   46
93487   46
93833   46
94482   46
94550   46
94761   46
94909   46
95444   46
95808   46
95815   46
95865   46
96579   46
96942   46
97087   46
97127   46
97510   46
97581   46
97790   46
98097   14
98426   46
98490   46
98591   46
98862   46
99355   46
99601   46
99736   46
100063  46
100368  46
100374  86
100420  86
100951  46
101011  14
101354  46
101383  86
101448  46
101608  46
102064  14
102652  46
103320  46
103465  86
103480  14
103745  46
103820  46
104360  46
104545  86
104792  46
104812  86
104922  86
105002  46
105096  14
105262  14
105482  86
105511  46
106079  14
106282  46
106500  46
106565  46
106662  14
106873  86
106942  46
107009  86
107225  86
107345  86
107456  14
107566  14
108426  86
108562  14
109019  86
109116  86
109274  86
109493  86
109626  86
109681  80
109874  86
109893  80
110122  80
110615  86
110780  80
110800  14
111009  80
111503  86
111511  86
111596  80
112009  14
112051  14
112132  80
112249  86
112523  80
112551  86
112631  86
112667  80
112742  86
113026  86
113235  86
113459  14
113881  80
114290  14
114411  86
114535  86
114537  86
114554  86
115108  86
115237  80
115481  80
115509  80
115632  86
116557  80
116792  80
117000  80
117207  80
117302  80
117561  80
117586  86
117997  80
118045  86
118137  80
118162  80
118222  80
118443  80
118602  80
118622  80
118642  80
118702  80
118707  80
119140  80
119936  80
120371  80
120514  80
120552  80
120595  80
120614  80
120657  80
120679  80
120855  80
121256  80
121563  80
121570  80
121575  80
121688  80
121693  80
122087  80
122141  80
122239  80
122415  80
122498  80
122507  80
122758  80
123112  80
123440  80
123995  80
124100  80
124133  80
124149  80
124490  80
124996  80
125179  80
125250  80
125591  80
125600  80
125621  80
126847  80
127187  80
127256  80
127467  80
128028  80
128199  80
128321  80
128869  80
128929  80
129188  80
129434  80
129947  80
130206  80
130494  80
130554  80
92774   46
92826   46
92929   46
93151   46
93297   46
93340   46
93462   46
93463   46
93535   46
93537   46
93671   46
93678   46
93700   46
93827   46
93851   46
94021   46
94044   46
94081   46
94121   46
94158   46
94164   46
94224   46
94384   46
94401   46
94411   46
94430   46
94431   46
94474   46
94603   46
94702   46
94709   46
94724   46
94730   46
94741   46
94751   46
94752   46
94758   46
94773   46
94937   46
94939   46
94951   46
94953   46
94962   46
94990   46
95077   46
95097   46
95104   46
95109   46
95123   46
95140   46
95142   46
95163   46
95230   46
95235   46
95265   46
95299   46
95300   46
95308   46
95322   46
95381   46
95461   46
95482   46
95492   46
95519   46
95545   46
95582   46
95596   46
95642   46
95681   46
95752   46
95756   46
95757   46
95772   46
95831   46
95880   46
95899   46
95910   46
95925   46
95933   46
95938   46
95945   46
95948   46
96054   46
96055   46
96093   46
96102   46
96119   46
96127   46
96147   46
96216   46
96235   46
96267   46
96275   46
96308   46
96319   46
96323   46
96341   46
96345   46
96372   46
96385   46
96388   46
96454   46
96537   46
96573   46
96581   46
96582   46
96605   46
96621   46
96626   46
96642   46
96643   46
96667   46
96683   46
96696   46
96726   46
96740   46
96769   46
96770   46
96805   46
96837   46
96839   46
96856   46
96869   46
96881   46
96888   46
96894   46
96933   46
96950   46
96958   46
96967   46
96985   46
96988   46
97011   46
97028   46
97058   46
97088   46
97094   46
97122   46
97141   46
97170   46
97172   46
97185   46
97192   46
97195   46
97224   46
97239   46
97274   46
97305   46
97319   46
97325   46
97336   46
97339   46
97357   46
97363   46
97368   46
97378   46
97385   46
97392   46
97397   46
97416   46
97434   46
97467   46
97469   46
97508   46
97537   46
97550   46
97551   46
97580   46
97597   46
97599   46
97608   46
97634   46
97660   46
97670   46
97678   46
97705   46
97710   46
97722   46
97775   46
97843   46
97864   46
97881   46
97894   46
97899   46
97900   46
97906   46
97938   46
97949   46
97958   46
97961   46
97973   46
97984   46
98008   46
98022   46
98032   46
98039   46
98046   46
98055   46
98064   46
98077   46
98112   46
98129   46
98156   46
98158   46
98191   46
98220   14
98232   46
98245   46
98247   46
98249   46
98253   46
98270   46
98289   46
98300   46
98311   46
98326   46
98327   46
98328   46
98332   46
98340   46
98342   46
98371   46
98388   46
98397   46
98402   46
98433   46
98441   46
98447   46
98455   46
98481   46
98485   46
98491   46
98494   46
98508   46
98539   46
98544   46
98547   46
98553   14
98574   46
98577   46
98589   46
98619   46
98630   46
98645   46
98648   46
98650   46
98652   46
98653   14
98666   46
98669   46
98683   46
98689   46
98693   46
98708   46
98717   46
98746   46
98748   46
98754   46
98786   46
98787   14
98790   46
98828   46
98853   46
98856   46
98865   46
98898   46
98918   46
98919   46
98956   14
98959   46
98965   46
98988   46
98989   46
98997   46
99012   46
99015   46
99025   46
99030   46
99040   46
99054   46
99072   46
99077   46
99111   46
99116   14
99119   46
99122   46
99131   46
99136   46
99140   46
99142   46
99151   14
99159   46
99160   46
99170   46
99207   46
99214   46
99231   46
99251   46
99262   46
99270   46
99294   46
99301   14
99303   46
99305   46
99335   46
99339   46
99345   46
99347   46
99364   46
99372   46
99381   46
99396   14
99403   46
99409   46
99411   46
99414   46
99428   14
99432   46
99441   46
99449   46
99455   46
99473   14
99479   46
99503   46
99504   46
99531   46
99547   46
99549   46
99561   46
99564   46
99575   46
99587   46
99589   46
99604   46
99633   46
99642   14
99666   46
99669   46
99674   46
99687   14
99691   46
99749   46
99757   46
99763   46
99768   46
99769   46
99784   46
99794   46
99803   46
99814   46
99818   46
99829   14
99831   46
99832   46
99835   14
99872   46
99882   14
99888   46
99916   46
99936   46
99953   46
99954   46
99981   46
99983   46
100001  46
100012  46
100037  46
100042  46
100044  46
100045  46
100053  46
100075  14
100082  46
100092  14
100093  46
100095  46
100099  46
100102  46
100143  14
100147  46
100150  46
100157  46
100163  46
100167  46
100192  46
100193  46
100195  46
100213  46
100221  46
100238  46
100239  46
100240  46
100242  46
100253  46
100302  46
100311  46
100312  14
100326  14
100327  46
100335  46
100336  46
100342  46
100356  46
100376  46
100383  46
100384  46
100387  14
100390  14
100391  14
100396  46
100408  46
100452  14
100484  46
100485  14
100486  46
100490  46
100494  46
100500  14
100529  46
100539  46
100546  14
100567  46
100572  46
100581  46
100602  46
100638  46
100656  46
100672  46
100685  46
100693  46
100694  86
100711  46
100713  46
100718  46
100726  46
100730  14
100737  46
100755  14
100765  46
100768  46
100770  46
100781  46
100782  14
100792  46
100807  46
100813  46
100819  14
100835  46
100843  86
100844  14
100876  46
100882  46
100888  46
100917  46
100936  46
100944  46
100962  46
100971  14
100972  46
100998  46
101008  46
101029  46
101040  46
101045  46
101065  46
101066  46
101071  46
101078  14
101094  46
101105  46
101108  46
101113  46
101139  46
101145  14
101147  46
101164  46
101169  46
101171  46
101182  46
101195  46
101201  46
101202  46
101231  46
101232  46
101233  46
101236  46
101263  46
101275  86
101278  14
101280  86
101281  14
101282  14
101295  46
101313  46
101333  14
101349  86
101351  46
101355  46
101360  14
101364  46
101371  46
101372  46
101377  86
101380  46
101381  86
101394  14
101407  14
101413  46
101418  46
101419  46
101423  46
101429  14
101443  86
101485  46
101486  46
101509  46
101526  86
101547  46
101548  46
101567  46
101592  46
101601  46
101632  46
101640  46
101647  46
101679  46
101706  46
101716  46
101721  14
101722  46
101727  46
101735  46
101768  46
101775  46
101787  46
101789  46
101795  46
101800  46
101807  14
101810  46
101812  14
101816  46
101827  46
101860  46
101873  14
101877  46
101878  46
101907  46
101919  46
101928  46
101932  46
101936  86
101937  46
101944  46
101950  46
101954  46
101955  14
101961  46
101962  46
101965  46
101969  46
101976  46
101978  46
101980  14
101981  46
101985  46
101991  46
102002  14
102007  14
102009  14
102013  14
102019  46
102038  46
102041  46
102042  14
102046  14
102048  46
102049  46
102065  46
102066  14
102081  46
102103  86
102113  86
102116  46
102135  46
102136  46
102150  46
102161  46
102163  46
102183  46
102185  46
102193  46
102195  46
102205  86
102208  46
102223  46
102245  86
102281  46
102285  14
102289  46
102290  46
102298  46
102309  46
102333  86
102345  46
102352  46
102365  86
102384  86
102416  46
102434  14
102437  14
102451  46
102471  46
102474  46
102479  46
102503  86
102505  46
102510  46
102518  46
102523  46
102530  46
102531  46
102546  46
102547  46
102571  46
102581  14
102596  86
102644  14
102667  46
102668  46
102681  14
102687  46
102696  46
102697  86
102713  46
102718  46
102728  46
102729  46
102733  14
102739  46
102742  46
102755  46
102763  14
102766  46
102769  86
102779  46
102783  14
102794  46
102802  14
102807  14
102819  46
102824  86
102832  46
102887  46
102893  46
102913  86
102919  14
102922  46
102939  46
102940  14
102944  46
102952  46
102954  46
102960  46
102963  46
102978  46
102979  86
102982  46
102986  46
102987  46
102989  86
102993  46
102998  46
103010  46
103054  14
103058  46
103075  46
103087  46
103093  46
103102  46
103119  14
103123  46
103133  86
103145  86
103162  46
103176  86
103183  46
103189  14
103204  46
103223  46
103233  46
103235  86
103257  14
103259  86
103278  46
103279  86
103282  46
103286  14
103289  46
103307  46
103314  46
103316  46
103321  46
103327  46
103338  46
103340  46
103343  86
103358  46
103366  14
103378  86
103391  46
103396  46
103407  86
103421  14
103431  14
103445  86
103455  46
103463  46
103469  46
103476  86
103489  46
103495  46
103519  46
103524  46
103527  14
103537  86
103540  46
103543  14
103558  46
103561  86
103564  46
103588  46
103603  86
103605  46
103613  46
103623  14
103624  46
103645  86
103652  46
103672  86
103678  14
103680  86
103689  46
103691  46
103708  46
103710  46
103724  86
103736  86
103737  46
103753  46
103765  46
103779  46
103788  46
103831  46
103841  86
103846  46
103848  14
103851  14
103852  46
103858  46
103869  86
103882  46
103892  46
103895  86
103906  46
103925  14
103930  46
103942  46
103944  14
103948  86
103956  46
103959  46
103961  46
103973  14
103975  46
103982  86
103987  46
103989  14
104007  86
104028  46
104030  46
104056  86
104060  46
104064  14
104071  46
104084  86
104087  46
104088  46
104099  46
104107  46
104116  46
104122  86
104131  46
104139  46
104149  46
104163  86
104177  46
104202  46
104203  14
104208  14
104211  46
104214  46
104222  46
104231  46
104239  46
104248  46
104256  86
104261  46
104286  86
104287  86
104295  14
104297  86
104302  46
104303  14
104312  46
104321  86
104332  46
104336  46
104344  46
104348  86
104351  86
104362  14
104371  86
104372  46
104385  46
104388  46
104397  46
104400  46
104408  46
104415  46
104416  46
104419  14
104429  46
104441  46
104443  46
104445  46
104449  86
104455  14
104462  46
104472  46
104473  46
104481  46
104483  46
104486  46
104492  46
104499  46
104502  46
104505  46
104511  46
104514  46
104515  46
104518  46
104522  14
104532  46
104533  14
104534  86
104539  46
104541  46
104550  46
104566  46
104569  46
104579  14
104585  46
104586  14
104594  86
104599  46
104609  14
104612  14
104620  46
104642  46
104651  46
104658  14
104667  86
104676  46
104698  14
104706  46
104709  86
104711  46
104726  46
104727  46
104732  46
104766  46
104770  86
104775  46
104790  46
104803  46
104808  46
104817  46
104820  86
104830  14
104868  46
104877  86
104884  86
104893  46
104894  46
104896  46
104912  14
104914  14
104915  14
104918  46
104930  46
104940  86
104966  46
104972  46
104973  46
104995  14
105016  14
105026  86
105036  46
105038  46
105044  46
105075  86
105097  86
105120  86
105130  46
105139  86
105145  46
105162  46
105172  14
105179  46
105193  46
105198  46
105201  46
105211  14
105218  14
105230  86
105234  14
105243  86
105245  14
105268  46
105276  86
105279  46
105293  86
105298  46
105299  46
105322  46
105342  46
105348  46
105360  86
105364  46
105366  46
105381  14
105394  46
105398  46
105435  46
105436  14
105439  14
105444  86
105450  14
105454  46
105456  14
105470  46
105473  86
105474  46
105486  46
105498  14
105506  46
105520  46
105529  46
105535  46
105541  46
105544  46
105561  86
105567  46
105571  86
105575  86
105613  46
105616  86
105627  46
105644  46
105651  46
105667  46
105683  46
105693  46
105697  14
105701  46
105709  14
105712  86
105731  86
105743  86
105745  14
105769  14
105777  46
105780  86
105781  46
105820  14
105821  46
105823  46
105843  46
105851  86
105869  46
105889  46
105906  46
105908  46
105928  46
105932  14
105935  86
105945  46
105948  46
105965  14
105976  46
105985  46
105995  86
106008  14
106017  86
106035  14
106057  46
106065  46
106075  46
106084  46
106093  46
106095  86
106097  46
106113  86
106118  86
106120  46
106122  46
106128  86
106166  14
106176  14
106192  86
106219  46
106222  46
106223  86
106226  46
106233  86
106238  46
106242  14
106244  46
106245  46
106255  86
106260  46
106264  46
106269  46
106270  14
106290  46
106305  14
106311  86
106340  46
106348  86
106362  46
106363  86
106366  14
106382  46
106392  46
106393  86
106407  46
106431  86
106436  46
106441  14
106474  86
106477  86
106488  46
106498  46
106502  86
106525  86
106528  86
106532  14
106533  86
106545  14
106547  46
106558  46
106559  46
106561  46
106568  86
106590  46
106606  14
106607  46
106609  46
106617  86
106623  46
106628  86
106636  14
106654  46
106658  14
106671  14
106675  46
106696  86
106707  86
106710  86
106711  46
106734  46
106736  86
106744  86
106766  86
106776  14
106794  14
106796  46
106801  86
106809  86
106811  46
106829  86
106838  86
106847  46
106872  86
106882  86
106884  86
106902  86
106921  46
106927  14
106931  46
106934  86
106935  86
106936  14
106943  86
106944  14
106955  14
106958  86
106963  46
106974  46
106989  86
107002  86
107011  86
107012  86
107014  46
107027  46
107028  86
107033  14
107034  46
107040  14
107060  14
107065  86
107073  86
107087  86
107091  46
107093  86
107112  46
107126  46
107127  14
107129  86
107131  86
107135  86
107156  86
107179  46
107195  86
107205  86
107209  86
107213  86
107222  86
107223  86
107233  14
107234  86
107235  14
107239  46
107241  86
107254  46
107258  86
107265  14
107274  86
107276  14
107281  46
107294  86
107295  14
107297  86
107305  14
107307  86
107328  86
107339  46
107358  46
107372  86
107387  14
107404  46
107430  86
107436  46
107437  46
107451  86
107459  86
107471  86
107500  14
107501  14
107509  14
107515  46
107525  86
107552  86
107555  86
107570  86
107576  46
107587  86
107595  46
107606  14
107613  86
107621  14
107633  86
107637  86
107646  86
107680  14
107683  14
107687  14
107691  86
107705  14
107709  86
107712  86
107725  14
107729  46
107730  46
107743  14
107748  46
107749  46
107769  14
107778  14
107783  46
107792  86
107794  86
107799  14
107809  86
107813  86
107814  46
107816  14
107825  14
107834  86
107835  86
107838  46
107851  86
107858  14
107868  46
107880  86
107885  46
107896  46
107898  46
107902  14
107904  14
107927  14
107928  86
107941  86
107942  86
107956  86
107960  86
107964  86
107966  46
107986  80
107992  14
108013  46
108014  86
108016  86
108021  86
108023  86
108027  14
108029  46
108034  86
108047  86
108050  86
108055  86
108073  86
108082  86
108086  86
108090  46
108108  86
108111  14
108115  14
108116  14
108119  86
108124  86
108129  86
108136  86
108137  14
108155  46
108169  46
108172  86
108181  86
108206  86
108209  86
108226  14
108234  14
108235  14
108237  46
108238  86
108248  46
108262  86
108269  14
108279  86
108288  80
108292  46
108295  86
108321  86
108322  14
108323  86
108328  14
108336  46
108347  14
108351  86
108371  86
108376  14
108387  14
108401  80
108402  14
108427  80
108447  86
108482  46
108485  86
108486  80
108502  46
108507  86
108508  86
108516  86
108520  86
108537  14
108546  80
108557  14
108573  80
108599  86
108613  86
108621  86
108625  86
108627  46
108630  46
108637  14
108650  86
108661  86
108668  80
108675  86
108691  86
108716  14
108717  86
108718  80
108720  86
108744  86
108748  86
108752  80
108782  80
108783  46
108792  86
108807  86
108808  86
108809  14
108815  86
108819  86
108826  80
108845  86
108846  86
108860  80
108873  86
108881  86
108890  86
108892  86
108950  46
108951  86
108958  14
108960  14
108966  80
108968  14
108971  86
108984  14
108985  14
108988  86
108995  80
109031  14
109034  14
109039  86
109045  14
109058  86
109061  86
109064  86
109067  86
109074  86
109076  80
109079  86
109081  14
109084  86
109091  80
109100  14
109104  80
109106  46
109111  80
109125  14
109126  86
109139  86
109157  86
109160  86
109189  80
109196  86
109214  86
109217  14
109222  46
109229  86
109234  14
109245  86
109253  80
109254  86
109294  14
109296  80
109302  86
109312  86
109319  14
109324  86
109329  86
109351  14
109361  46
109365  86
109384  14
109387  80
109394  86
109402  86
109411  86
109415  14
109423  80
109450  80
109454  14
109464  86
109466  14
109470  86
109485  14
109497  86
109505  14
109507  80
109524  86
109532  86
109536  86
109576  86
109583  80
109591  80
109602  14
109611  14
109614  86
109634  80
109643  80
109655  86
109658  14
109664  80
109666  86
109694  14
109700  86
109707  80
109717  86
109731  14
109736  14
109757  86
109758  14
109769  80
109774  80
109785  86
109795  86
109797  86
109800  80
109811  80
109863  14
109878  14
109882  80
109894  86
109900  80
109906  14
109909  80
109915  86
109918  86
109932  14
109935  14
109947  80
109954  80
109957  80
109959  86
109960  86
109961  14
109962  86
109970  86
109989  14
110006  80
110008  86
110020  86
110026  86
110043  86
110058  80
110059  86
110061  86
110069  86
110077  86
110093  80
110098  86
110105  14
110106  80
110112  86
110125  80
110131  80
110142  80
110149  86
110154  80
110174  86
110175  86
110188  80
110196  86
110207  80
110210  86
110219  86
110229  80
110235  14
110245  14
110251  86
110256  14
110258  86
110260  14
110276  14
110278  86
110295  80
110309  80
110318  86
110322  80
110333  86
110348  86
110385  80
110387  86
110388  86
110397  86
110405  80
110407  80
110418  86
110419  80
110441  86
110442  14
110447  86
110472  80
110499  86
110513  86
110514  86
110517  86
110553  80
110562  14
110566  86
110575  80
110581  80
110599  80
110600  86
110606  80
110616  80
110617  14
110625  86
110626  80
110630  86
110636  80
110641  80
110645  86
110650  80
110659  86
110661  86
110665  80
110667  14
110673  80
110701  80
110706  86
110719  86
110721  80
110723  80
110729  80
110730  80
110735  14
110737  80
110748  80
110759  80
110765  86
110770  80
110774  86
110779  80
110794  86
110807  86
110811  86
110821  86
110832  86
110835  14
110844  80
110845  86
110849  80
110851  86
110852  86
110853  14
110854  80
110861  14
110864  80
110867  86
110869  86
110876  14
110889  86
110893  14
110909  80
110912  80
110919  80
110934  86
110956  80
110961  86
110966  80
110967  14
110970  14
110975  80
110991  80
110992  80
110995  80
110999  86
111001  86
111003  14
111004  80
111010  86
111012  80
111019  80
111021  80
111026  80
111028  14
111030  80
111031  14
111033  80
111039  80
111060  80
111061  80
111066  80
111067  80
111079  86
111095  86
111096  80
111101  86
111105  86
111116  86
111122  86
111128  14
111129  80
111131  14
111133  86
111138  80
111147  80
111149  14
111151  86
111153  14
111165  14
111166  86
111172  80
111174  80
111181  14
111186  80
111189  86
111197  14
111205  80
111207  80
111237  80
111257  80
111279  80
111292  80
111311  86
111315  80
111328  80
111340  14
111363  80
111364  80
111373  86
111374  80
111380  80
111381  86
111385  14
111387  80
111394  80
111395  80
111400  80
111420  86
111429  80
111430  86
111432  86
111433  80
111438  80
111443  86
111468  86
111472  14
111473  86
111476  86
111478  80
111479  80
111480  80
111486  80
111492  14
111496  86
111497  80
111509  80
111516  80
111528  80
111532  86
111537  14
111543  80
111545  86
111546  14
111547  86
111548  86
111558  80
111562  86
111565  14
111571  86
111572  14
111576  86
111577  86
111585  14
111587  86
111589  86
111590  80
111595  80
111600  86
111604  86
111610  86
111612  80
111613  80
111614  80
111620  86
111626  86
111632  14
111633  86
111634  80
111641  86
111642  80
111644  14
111645  86
111652  14
111659  14
111665  86
111673  80
111674  80
111682  14
111684  86
111687  86
111689  80
111694  14
111697  80
111704  86
111716  14
111719  86
111721  80
111737  14
111738  86
111745  86
111758  80
111768  86
111771  14
111782  86
111791  86
111799  86
111812  86
111832  14
111846  86
111856  80
111867  86
111886  80
111897  80
111907  80
111908  80
111910  80
111911  80
111912  14
111913  86
111915  86
111920  80
111932  80
111936  80
111949  86
111952  14
111960  14
111964  80
111973  86
111978  80
112011  80
112014  80
112022  80
112031  86
112032  86
112036  80
112055  86
112070  14
112075  86
112086  80
112099  80
112117  14
112122  86
112124  86
112137  86
112138  86
112146  86
112151  80
112156  80
112160  80
112163  14
112164  80
112168  80
112174  86
112180  86
112182  86
112196  86
112197  86
112205  86
112214  80
112217  80
112221  86
112223  80
112225  80
112233  86
112246  86
112252  86
112255  86
112262  80
112274  80
112284  80
112293  80
112300  86
112305  80
112309  14
112317  80
112318  80
112320  80
112322  80
112329  80
112332  86
112341  80
112342  86
112345  80
112352  86
112356  80
112366  80
112372  80
112381  86
112382  14
112384  86
112387  86
112389  80
112391  86
112397  80
112412  86
112418  80
112421  80
112428  86
112437  14
112439  80
112451  80
112453  80
112454  80
112459  80
112462  80
112465  80
112468  80
112470  80
112474  80
112477  86
112481  86
112486  86
112493  86
112496  80
112510  80
112511  14
112524  86
112526  86
112527  14
112532  80
112536  86
112537  80
112540  86
112546  80
112547  14
112557  80
112558  14
112560  86
112572  80
112574  86
112576  86
112578  86
112582  86
112584  86
112595  14
112598  80
112599  86
112602  86
112618  80
112636  80
112642  80
112646  86
112649  86
112655  86
112662  86
112664  80
112675  14
112680  80
112685  80
112695  86
112706  86
112707  86
112712  86
112716  80
112722  86
112723  80
112725  80
112729  14
112739  80
112740  80
112745  86
112746  80
112749  86
112761  80
112770  80
112786  86
112791  86
112797  86
112798  86
112799  86
112802  80
112805  86
112806  86
112816  86
112818  86
112822  80
112830  80
112832  86
112839  80
112851  86
112867  86
112871  14
112873  86
112875  86
112897  80
112921  86
112924  86
112925  80
112927  14
112929  80
112932  14
112946  86
112952  86
112955  86
112956  86
112957  80
112986  86
112989  80
113005  80
113007  86
113014  86
113017  80
113029  14
113039  80
113043  80
113053  80
113054  80
113058  80
113067  86
113094  80
113109  80
113112  80
113113  86
113118  80
113139  86
113148  14
113167  86
113171  86
113179  14
113187  80
113201  14
113202  80
113204  86
113205  14
113210  80
113216  86
113221  80
113222  80
113224  86
113226  80
113228  86
113229  14
113254  86
113260  86
113265  80
113280  80
113284  86
113286  80
113297  80
113314  80
113320  86
113325  80
113327  86
113335  14
113338  80
113340  14
113342  86
113359  80
113361  80
113370  80
113374  80
113411  80
113413  86
113414  80
113416  86
113423  86
113430  14
113452  80
113460  80
113463  80
113477  86
113479  86
113481  80
113527  14
113542  80
113558  86
113562  80
113566  86
113579  86
113581  80
113588  80
113598  80
113601  80
113602  14
113606  86
113627  86
113648  14
113649  86
113654  86
113662  80
113673  80
113675  14
113680  80
113702  80
113724  80
113730  80
113743  80
113757  14
113762  86
113768  80
113794  80
113798  80
113800  80
113806  80
113833  14
113838  86
113839  80
113850  80
113867  14
113872  86
113884  80
113885  80
113887  80
113891  14
113898  80
113905  80
113932  80
113947  86
113954  80
113958  86
113966  14
113967  80
113969  80
113977  80
113984  14
113989  80
113993  86
114010  86
114013  14
114026  80
114030  86
114034  80
114056  80
114064  80
114070  80
114089  80
114097  86
114099  80
114106  86
114145  86
114183  80
114188  80
114213  86
114218  80
114222  80
114231  80
114234  80
114238  14
114240  86
114242  86
114244  80
114255  80
114258  80
114278  80
114283  80
114292  80
114307  80
114312  86
114324  80
114336  80
114350  80
114357  80
114359  80
114363  86
114381  80
114382  86
114388  86
114390  80
114394  86
114399  14
114403  86
114425  80
114441  80
114443  80
114449  80
114451  80
114464  80
114467  80
114498  86
114501  14
114504  80
114511  86
114521  80
114539  86
114541  86
114563  86
114578  80
114588  80
114592  80
114642  80
114651  80
114652  86
114653  80
114674  80
114679  86
114681  80
114699  86
114701  80
114706  80
114708  80
114720  86
114721  80
114724  80
114726  80
114734  86
114744  80
114749  80
114772  80
114776  86
114780  80
114800  80
114805  86
114808  86
114811  86
114812  80
114819  80
114824  80
114825  80
114829  80
114830  80
114844  80
114847  86
114849  14
114850  80
114855  80
114860  80
114865  80
114866  80
114881  86
114898  80
114958  80
114991  86
115021  86
115041  86
115047  80
115059  80
115062  80
115064  80
115071  80
115095  86
115096  80
115103  86
115119  86
115130  14
115138  80
115142  80
115144  80
115152  86
115155  86
115156  80
115158  80
115166  86
115184  86
115185  80
115189  80
115209  80
115211  80
115214  80
115215  80
115227  80
115231  86
115239  86
115254  80
115265  86
115269  80
115276  80
115284  80
115291  80
115301  80
115304  80
115316  86
115317  80
115318  86
115322  80
115334  80
115337  80
115363  80
115375  80
115378  80
115387  80
115389  86
115395  80
115400  80
115403  80
115409  80
115410  80
115412  80
115419  86
115435  80
115482  80
115486  86
115501  80
115533  80
115534  86
115545  80
115549  80
115582  86
115596  80
115607  80
115613  80
115627  80
115629  80
115641  80
115662  80
115671  80
115706  80
115719  86
115754  80
115759  80
115784  80
115791  80
115811  80
115826  86
115827  80
115835  80
115838  80
115841  86
115875  86
115885  80
115915  80
115919  80
115924  80
115930  86
115931  80
115933  80
115954  80
115957  80
115958  80
115962  80
115964  80
115981  80
115985  80
115991  80
115994  86
116001  80
116004  80
116009  80
116010  80
116032  80
116040  86
116041  80
116044  80
116054  80
116060  80
116063  80
116095  80
116098  86
116117  80
116120  80
116125  80
116158  80
116159  80
116168  80
116169  80
116180  80
116182  86
116183  80
116191  80
116202  86
116213  86
116230  80
116241  80
116252  80
116283  80
116290  80
116308  86
116310  80
116321  80
116324  80
116326  80
116369  80
116389  80
116395  80
116399  80
116410  86
116412  86
116417  80
116432  80
116445  80
116449  86
116470  80
116500  80
116514  80
116525  80
116528  80
116531  80
116533  80
116543  80
116548  80
116558  80
116601  86
116625  80
116638  80
116642  80
116656  80
116660  80
116662  80
116674  80
116709  80
116717  80
116724  80
116730  80
116735  80
116748  80
116752  80
116754  80
116767  80
116786  80
116811  80
116812  80
116817  80
116819  80
116823  86
116834  80
116842  80
116848  86
116850  80
116886  80
116894  86
116911  80
116922  80
116926  80
116961  80
116967  80
116973  80
116977  80
117018  80
117022  80
117052  80
117056  80
117059  80
117093  80
117095  80
117108  80
117119  80
117130  80
117135  80
117138  80
117143  80
117163  80
117171  80
117176  80
117196  80
117203  80
117204  80
117215  80
117235  86
117248  80
117253  80
117264  80
117280  80
117309  80
117320  80
117323  80
117340  80
117343  80
117352  80
117363  80
117370  80
117374  80
117384  80
117387  80
117392  80
117397  80
117406  80
117411  80
117414  80
117435  80
117438  80
117444  80
117457  80
117468  80
117471  80
117492  80
117495  80
117500  80
117519  80
117520  80
117523  80
117524  80
117533  80
117540  80
117544  80
117563  80
117570  80
117574  80
117579  86
117583  80
117590  80
117603  80
117630  80
117641  80
117651  80
117656  80
117657  80
117662  80
117740  80
117754  80
117782  80
117818  80
117826  80
117840  80
117846  80
117847  80
117859  80
117863  80
117887  80
117901  80
117924  80
117931  80
117939  80
117953  80
117966  80
117971  80
117976  80
117989  80
117995  80
118000  80
118003  80
118024  80
118031  80
118055  80
118068  80
118083  80
118086  80
118109  80
118128  80
118140  80
118145  80
118160  80
118169  80
118177  80
118186  80
118189  80
118195  80
118200  80
118203  80
118207  80
118219  80
118228  80
118230  80
118238  80
118281  80
118294  80
118307  80
118313  80
118362  80
118363  80
118383  80
118392  80
118422  80
118430  80
118431  80
118446  80
118451  80
118460  80
118463  80
118470  80
118478  80
118520  80
118528  80
118543  80
118562  80
118569  80
118570  80
118580  80
118593  80
118599  80
118603  80
118614  80
118627  80
118631  80
118632  80
118660  80
118681  80
118691  80
118694  80
118696  80
118705  80
118721  80
118726  80
118759  80
118770  80
118776  80
118778  80
118780  80
118850  80
118867  80
118882  80
118897  80
118913  80
118933  80
118936  80
118942  80
118960  80
118970  80
118977  80
118986  80
119001  80
119030  80
119031  80
119049  80
119071  80
119077  80
119105  80
119111  80
119141  80
119145  80
119146  80
119174  80
119183  80
119191  80
119200  80
119206  80
119208  80
119212  80
119239  80
119242  80
119276  80
119280  80
119283  80
119286  80
119292  80
119293  80
119302  80
119311  80
119333  80
119339  80
119355  80
119357  80
119358  80
119367  80
119390  80
119400  80
119405  80
119426  80
119430  80
119454  80
119460  80
119480  80
119484  80
119493  80
119498  80
119502  80
119529  80
119551  80
119568  80
119601  80
119603  80
119654  80
119663  80
119686  80
119696  80
119715  80
119726  80
119755  80
119763  80
119766  80
119771  80
119812  80
119820  80
119825  80
119856  80
119860  80
119863  80
119872  80
119876  80
119883  80
119896  80
119898  80
119959  80
119968  80
119977  80
119984  80
119996  80
120006  80
120010  80
120011  80
120012  80
120013  80
120021  80
120025  80
120044  80
120063  80
120064  80
120066  80
120086  80
120125  80
120127  80
120136  80
120153  80
120185  80
120187  80
120199  80
120200  80
120218  80
120223  80
120235  80
120238  80
120252  80
120278  80
120285  80
120320  80
120324  80
120335  80
120388  80
120389  80
120393  80
120402  80
120405  80
120407  80
120411  80
120428  80
120431  80
120445  80
120462  80
120485  80
120497  80
120511  80
120515  80
120523  80
120546  80
120554  80
120557  80
120567  80
120578  80
120597  80
120598  80
120602  80
120608  80
120622  80
120629  80
120637  80
120650  80
120662  80
120686  80
120688  80
120689  80
120693  80
120697  80
120725  80
120728  80
120731  80
120756  80
120771  80
120807  80
120816  80
120828  80
120833  80
120861  80
120865  80
120881  80
120884  80
120894  80
120904  80
120912  80
120920  80
120930  80
120941  80
120946  80
120981  80
120990  80
121014  80
121019  80
121028  80
121063  80
121079  80
121089  80
121107  80
121114  80
121128  80
121135  80
121154  80
121163  80
121167  80
121169  80
121172  80
121183  80
121197  80
121200  80
121210  80
121243  80
121246  80
121250  80
121252  80
121269  80
121280  80
121286  80
121313  80
121320  80
121325  80
121329  80
121340  80
121342  80
121401  80
121405  80
121414  80
121418  80
121420  80
121432  80
121442  80
121457  80
121474  80
121478  80
121514  80
121530  80
121541  80
121549  80
121553  80
121592  80
121596  80
121599  80
121607  80
121627  80
121648  80
121677  80
121678  80
121687  80
121714  80
121715  80
121733  80
121738  80
121742  80
121747  80
121756  80
121767  80
121768  80
121777  80
121799  80
121808  80
121817  80
121823  80
121836  80
121848  80
121855  80
121869  80
121885  80
121892  80
121927  80
121931  80
121940  80
121958  80
121973  80
121980  80
121987  80
122041  80
122050  80
122066  80
122068  80
122073  80
122075  80
122077  80
122098  80
122099  80
122109  80
122114  80
122125  80
122130  80
122150  80
122157  80
122160  80
122167  80
122187  80
122206  80
122236  80
122256  80
122257  80
122298  80
122313  80
122318  80
122362  80
122363  80
122374  80
122375  80
122376  80
122380  80
122388  80
122398  80
122402  80
122403  80
122407  80
122433  80
122442  80
122447  80
122453  80
122455  80
122467  80
122470  80
122481  80
122484  80
122488  80
122489  80
122527  80
122534  80
122565  80
122591  80
122605  80
122606  80
122610  80
122615  80
122617  80
122624  80
122632  80
122633  80
122640  80
122650  80
122659  80
122664  80
122667  80
122671  80
122714  80
122725  80
122727  80
122731  80
122740  80
122747  80
122764  80
122805  80
122810  80
122822  80
122839  80
122848  80
122851  80
122852  80
122873  80
122876  80
122890  80
122933  80
122938  80
122970  80
122978  80
122990  80
122992  80
123008  80
123010  80
123014  80
123031  80
123039  80
123044  80
123048  80
123063  80
123111  80
123116  80
123119  80
123120  80
123133  80
123143  80
123183  80
123196  80
123202  80
123233  80
123245  80
123247  80
123267  80
123290  80
123292  80
123303  80
123312  80
123313  80
123327  80
123330  80
123347  80
123350  80
123361  80
123362  80
123366  80
123375  80
123381  80
123389  80
123397  80
123412  80
123421  80
123422  80
123423  80
123430  80
123433  80
123441  80
123442  80
123469  80
123483  80
123496  80
123527  80
123532  80
123557  80
123559  80
123569  80
123575  80
123602  80
123614  80
123616  80
123624  80
123629  80
123645  80
123660  80
123669  80
123670  80
123676  80
123690  80
123693  80
123706  80
123724  80
123727  80
123767  80
123775  80
123790  80
123793  80
123811  80
123837  80
123841  80
123846  80
123858  80
123860  80
123865  80
123867  80
123875  80
123913  80
123914  80
123920  80
123936  80
123937  80
123954  80
123960  80
123977  80
123994  80
124015  80
124016  80
124039  80
124054  80
124074  80
124076  80
124091  80
124125  80
124139  80
124143  80
124150  80
124152  80
124163  80
124164  80
124169  80
124175  80
124201  80
124202  80
124203  80
124204  80
124230  80
124232  80
124257  80
124259  80
124265  80
124269  80
124272  80
124287  80
124300  80
124310  80
124327  80
124334  80
124348  80
124354  80
124377  80
124400  80
124421  80
124424  80
124431  80
124457  80
124459  80
124471  80
124488  80
124527  80
124538  80
124583  80
124585  80
124597  80
124618  80
124631  80
124641  80
124650  80
124657  80
124666  80
124684  80
124686  80
124696  80
124722  80
124725  80
124734  80
124761  80
124765  80
124787  80
124789  80
124806  80
124814  80
124831  80
124843  80
124846  80
124847  80
124869  80
124880  80
124889  80
124904  80
124912  80
124936  80
124958  80
125026  80
125035  80
125094  80
125105  80
125123  80
125127  80
125128  80
125136  80
125148  80
125159  80
125161  80
125176  80
125183  80
125191  80
125209  80
125213  80
125220  80
125223  80
125239  80
125247  80
125270  80
125275  80
125276  80
125287  80
125292  80
125296  80
125328  80
125335  80
125340  80
125356  80
125364  80
125377  80
125381  80
125387  80
125397  80
125405  80
125414  80
125430  80
125450  80
125504  80
125509  80
125522  80
125523  80
125529  80
125532  80
125535  80
125553  80
125566  80
125571  80
125572  80
125582  80
125632  80
125641  80
125656  80
125666  80
125695  80
125700  80
125708  80
125721  80
125722  80
125730  80
125732  80
125743  80
125750  80
125815  80
125821  80
125827  80
125828  80
125864  80
125870  80
125881  80
125896  80
125898  80
125945  80
125967  80
125970  80
125981  80
126031  80
126047  80
126061  80
126088  80
126090  80
126097  80
126101  80
126104  80
126132  80
126140  80
126144  80
126178  80
126179  80
126190  80
126221  80
126236  80
126290  80
126291  80
126293  80
126298  80
126318  80
126338  80
126376  80
126397  80
126409  80
126430  80
126431  80
126435  80
126436  80
126476  80
126487  80
126528  80
126539  80
126557  80
126558  80
126579  80
126600  80
126621  80
126627  80
126661  80
126664  80
126722  80
126769  80
126771  80
126779  80
126784  80
126809  80
126827  80
126849  80
126855  80
126873  80
126880  80
126903  80
126918  80
126934  80
126952  80
126966  80
126972  80
126981  80
126994  80
126995  80
127000  80
127001  80
127002  80
127004  80
127010  80
127014  80
127018  80
127027  80
127049  80
127064  80
127079  80
127084  80
127085  80
127086  80
127106  80
127116  80
127123  80
127131  80
127138  80
127143  80
127152  80
127207  80
127223  80
127224  80
127295  80
127303  80
127322  80
127323  80
127362  80
127363  80
127378  80
127388  80
127421  80
127489  80
127492  80
127515  80
127534  80
127569  80
127576  80
127593  80
127614  80
127619  80
127620  80
127626  80
127644  80
127660  80
127681  80
127684  80
127692  80
127696  80
127726  80
127734  80
127735  80
127762  80
127788  80
127854  80
127872  80
127879  80
127883  80
127890  80
127899  80
127922  80
127939  80
127941  80
127944  80
127956  80
127958  80
128016  80
128021  80
128085  80
128090  80
128154  80
128208  80
128209  80
128348  80
128366  80
128431  80
128475  80
128524  80
128556  80
128561  80
128568  80
128569  80
128571  80
128572  80
128583  80
128587  80
128626  80
128648  80
128649  80
128662  80
128824  80
128849  80
128905  80
128906  80
128960  80
128994  80
129006  80
129026  80
129076  80
129098  80
129133  80
129144  80
129145  80
129149  80
129161  80
129202  80
129208  80
129212  80
129224  80
129267  80
129273  80
129300  80
129302  80
129358  80
129416  80
129514  80
129608  80
129641  80
129776  80
129843  80
129933  80
129953  80
129976  80
130144  80
130158  80
130301  80
130495  80
130603  80
130617  80
131011  80
92998   93537   6.88    106.30
93131   93462   10.60   110.06
93151   92774   4.17    108.69
93151   92826   6.92    50.30
93340   93700   2.00    59.37
93462   93151   10.00   49.94
93462   93537   0.00    17.71
93487   94224   11.29   115.75
93535   92929   0.00    113.84
93537   93827   20.00   67.08
93678   93297   9.20    56.62
93678   93340   15.00   102.47
93700   93535   9.00    45.83
93700   94081   2.00    62.21
93827   93463   8.67    100.57
93827   94158   0.00    57.43
93833   94401   9.83    118.79
93833   94158   6.71    96.27
93851   94081   2.00    80.55
93851   93535   0.00    75.20
94044   93678   8.43    58.82
94044   93700   6.50    114.40
94081   94431   11.50   53.91
94158   94430   0.00    47.54
94164   94431   8.60    86.47
94164   93851   7.00    54.51
94224   94044   0.00    57.05
94401   94121   11.50   79.61
94411   93671   9.09    116.11
94411   94224   0.00    57.97
94430   94702   9.46    70.40
94431   94751   9.00    115.31
94431   94741   0.00    55.90
94474   94430   0.00    11.07
94474   94164   0.00    57.96
94482   94962   4.75    140.72
94550   95265   10.00   115.80
94702   94758   0.00    13.84
94702   94401   6.50    93.33
94702   94962   10.00   66.99
94724   94021   6.32    115.40
94724   94411   11.00   115.58
94730   94474   13.25   61.92
94741   94752   0.00    1.51
94751   94937   6.40    58.14
94751   94044   11.50   115.66
94752   95123   11.00   58.18
94752   94474   6.50    98.81
94758   94730   0.00    5.59
94761   95163   0.00    111.14
94773   95142   15.00   58.83
94773   94730   10.00   12.37
94909   94741   0.00    53.12
94937   94951   0.00    4.35
94937   95756   7.33    116.03
94939   94724   8.25    65.10
94939   95299   0.00    58.05
94951   95109   3.00    53.13
94951   94603   0.00    54.51
94953   95772   10.00   116.24
94953   94773   8.00    53.56
94962   95163   8.00    59.89
94990   94758   0.00    65.77
94990   95142   0.00    50.88
95097   94384   8.21    116.06
95097   94939   7.75    50.33
95104   94724   10.75   57.87
95109   95519   10.00   116.26
95109   94411   8.20    115.79
95123   95945   9.44    115.36
95123   94953   3.00    56.88
95142   95582   8.89    59.74
95163   95140   7.08    122.80
95230   95482   0.00    39.33
95230   95300   0.00    38.37
95235   94990   8.33    69.12
95265   95097   6.50    58.32
95299   95104   10.00   64.99
95299   95757   20.00   57.97
95300   95235   0.00    58.56
95308   96147   5.40    115.07
95308   95123   10.00   57.52
95322   95482   10.00   118.35
95322   95235   0.00    21.74
95381   95230   4.63    83.96
95444   95642   0.00    21.65
95482   95300   0.00    21.47
95492   94709   8.89    115.52
95492   95265   1.00    57.88
95519   95757   3.00    64.82
95519   95104   1.67    58.08
95545   94751   12.89   116.39
95545   95308   1.00    58.79
95582   96388   5.14    117.57
95582   95322   11.50   64.31
95642   95831   4.64    24.62
95642   95596   0.00    20.71
95752   95642   0.00    39.99
95752   95381   8.38    52.29
95756   95545   10.00   57.64
95757   95910   20.00   50.64
95772   95582   8.50    56.81
95772   96573   8.13    118.79
95808   95831   6.67    58.55
95808   95948   10.00   26.11
95815   95948   0.00    20.19
95831   95925   7.95    36.67
95831   96267   6.50    60.32
95865   96626   2.87    114.47
95899   95077   10.00   115.69
95899   95492   10.13   115.57
95910   96102   15.00   56.98
95910   95097   8.27    115.56
95925   95938   4.88    26.07
95925   95752   0.00    27.58
95933   95109   6.43    115.91
95933   95756   8.17    57.75
95938   96127   2.60    60.49
95945   95772   11.50   56.98
95945   96726   10.78   118.46
95948   96642   8.94    102.10
96054   95938   0.00    40.74
96054   95925   3.00    20.08
96055   95681   0.00    56.56
96055   95899   9.00    50.01
96093   95752   4.00    96.17
96093   96127   0.00    5.78
96102   96308   6.50    58.01
96102   96837   11.83   115.70
96127   96770   10.75   93.10
96127   96454   9.30    89.08
96147   95945   8.75    59.01
96267   96054   8.00    33.49
96275   96055   8.17    65.26
96275   95461   7.00    115.63
96308   96667   2.00    116.71
96308   95492   6.50    116.51
96323   95519   7.92    115.49
96323   95933   11.86   115.93
96341   96267   0.00    9.52
96345   95545   9.20    114.93
96345   96147   3.00    57.16
96372   96642   7.20    85.10
96385   96119   0.00    77.22
96385   95910   7.67    68.56
96388   96093   3.91    88.67
96388   96454   3.00    7.36
96454   96605   4.11    54.22
96454   97172   7.48    113.18
96537   96323   8.67    58.34
96537   97195   10.00   115.62
96573   96388   6.86    54.52
96573   96605   0.00    7.35
96579   97239   3.00    117.20
96581   96888   9.43    115.38
96581   96345   11.29   33.50
96605   96740   4.00    50.17
96621   96319   0.00    59.78
96621   96345   9.14    86.35
96626   97305   5.77    115.54
96626   96235   8.56    116.48
96642   96856   10.38   84.22
96642   97122   10.00   83.86
96643   96275   10.25   115.64
96643   95880   6.67    114.34
96667   96988   11.13   115.56
96667   95899   6.50    115.64
96683   96537   11.00   57.56
96683   96385   15.00   47.68
96696   95933   6.36    115.61
96696   96621   3.00    29.01
96726   96769   0.00    7.31
96726   96573   1.00    61.05
96740   97088   20.00   64.53
96740   96769   3.00    10.49
96769   96839   1.67    25.80
96770   97368   7.00    93.51
96805   96726   7.25    25.74
96837   97508   8.25    115.50
96837   96683   10.33   57.49
96839   96933   0.00    33.85
96839   96805   0.00    6.64
96856   96341   7.56    87.24
96856   96958   9.13    37.48
96881   96372   12.60   83.89
96888   96696   8.09    32.84
96894   96805   8.64    33.96
96894   96582   7.67    55.80
96933   96894   0.00    7.39
96933   97094   8.00    55.73
96942   97274   3.00    55.47
96950   96626   13.33   116.55
96950   96216   8.54    115.77
96958   97550   8.33    96.26
96958   96341   6.71    92.00
96967   96643   10.44   114.83
96967   96235   5.70    116.39
96988   96275   4.67    115.90
96988   97319   8.18    115.43
97011   96837   11.50   58.12
97011   96308   10.00   115.17
97028   96323   4.71    116.11
97028   96696   11.30   116.22
97058   96581   3.25    85.01
97058   96894   10.00   55.36
97087   97597   1.67    127.50
97088   96933   0.00    60.47
97088   96839   10.33   41.88
97094   97224   3.90    44.20
97094   97058   0.00    6.58
97122   97599   12.00   83.86
97127   97537   5.33    86.82
97127   97580   1.00    72.52
97141   96985   0.00    52.95
97141   96888   10.00   44.16
97170   97864   10.00   115.40
97170   97011   0.00    57.87
97172   97670   6.50    105.86
97192   97058   4.29    44.38
97195   97900   7.40    117.87
97195   97028   10.00   57.50
97224   97192   6.50    5.95
97224   97416   6.41    71.49
97239   96869   9.40    71.24
97239   97325   3.00    15.02
97274   97984   7.36    116.34
97274   96950   4.75    115.02
97305   96967   9.73    116.54
97305   97608   2.00    116.11
97305   98008   5.80    115.59
97319   97634   10.31   116.10
97319   96643   9.17    116.36
97325   97537   4.00    38.59
97336   96667   7.22    116.09
97336   97170   8.67    58.31
97339   96988   15.00   60.14
97339   97185   0.00    56.20
97357   97195   10.00   57.72
97357   96683   8.43    115.59
97363   96856   6.10    85.29
97368   97172   6.63    92.27
97368   97894   8.00    90.74
97378   97325   0.00    19.98
97378   96881   11.86   83.92
97385   97192   3.90    71.56
97385   97141   7.11    40.88
97416   97385   3.00    6.91
97416   97469   0.00    20.49
97434   97385   0.00    19.85
97469   97775   4.44    96.04
97469   97434   3.00    6.73
97508   97357   11.67   58.21
97508   98245   6.17    117.66
97510   97938   1.67    103.03
97537   97958   15.75   97.09
97550   98232   9.11    111.30
97550   97368   2.00    94.33
97581   98253   20.00   143.70
97597   97274   7.50    122.38
97599   97378   8.38    84.17
97608   96950   7.08    115.86
97634   98008   7.71    115.69
97634   96967   7.26    115.12
97660   97339   11.50   55.88
97660   97336   8.50    115.23
97670   97710   8.50    106.15
97670   97088   9.40    100.02
97678   97011   10.86   115.48
97678   97508   3.00    57.64
97710   97224   8.00    114.22
97722   97028   8.50    117.44
97722   97434   6.80    96.73
97775   97722   10.50   7.68
97775   97949   2.30    58.14
97790   98249   10.00   72.29
97843   97660   16.67   58.34
97843   97467   0.00    62.91
97864   97678   10.00   58.72
97881   97363   6.31    85.30
97881   97599   9.00    84.47
97894   98247   18.67   87.96
97899   97392   8.36    81.40
97899   97705   0.00    71.51
97900   97949   5.00    7.20
97900   97722   1.00    58.06
97906   97550   6.50    129.94
97906   97881   11.50   8.89
97938   98485   11.62   105.50
97949   98055   1.00    36.07
97958   97551   1.00    76.72
97961   97397   3.00    126.85
97973   98249   7.80    112.16
97973   97899   10.00   10.25
97984   98648   8.13    115.93
97984   97608   12.88   115.76
98008   98326   10.25   116.30
98008   98669   4.05    115.02
98022   97900   2.60    35.63
98032   97319   7.73    115.95
98032   97843   9.00    58.46
98039   97634   2.00    61.85
98046   97864   7.00    57.23
98046   97336   9.29    115.26
98055   98022   10.00   6.90
98055   98112   0.00    21.29
98064   97469   8.60    98.08
98077   97357   8.00    118.19
98077   98022   16.00   21.24
98097   98553   10.44   77.79
98097   98327   0.00    89.17
98112   98077   0.00    7.03
98112   98289   5.13    58.68
98129   97378   11.00   119.96
98129   98270   11.30   39.70
98156   98046   10.00   41.36
98156   98481   20.00   56.95
98158   97906   8.00    87.49
98232   98402   10.00   30.22
98232   98683   10.54   105.04
98245   98289   0.00    7.57
98245   98077   0.00    58.83
98247   97670   8.20    91.96
98247   98455   5.71    92.49
98249   98918   8.00    117.77
98249   98433   8.89    78.93
98253   98989   0.00    146.42
98270   98539   7.55    102.53
98289   98388   2.00    39.56
98300   98666   6.40    90.12
98300   97775   8.18    87.30
98311   98064   9.13    93.59
98311   97710   11.33   93.86
98326   97608   9.36    115.51
98326   98648   8.90    115.63
98327   98746   0.00    91.40
98328   98129   0.00    33.62
98328   98270   0.00    31.03
98332   97984   6.20    119.03
98340   98039   8.00    53.45
98340   98032   10.78   115.20
98342   98388   10.00   7.50
98342   98245   0.00    39.52
98371   98156   12.60   74.95
98371   97660   11.00   115.25
98388   99025   4.25    113.61
98388   98441   1.00    18.09
98397   97678   13.50   117.65
98397   98342   7.00    18.30
98402   98630   0.00    40.67
98402   98158   5.43    87.51
98426   98645   5.50    71.17
98426   98332   9.00    30.96
98433   98508   10.00   31.63
98441   98589   5.77    54.51
98441   98397   0.00    7.59
98447   99364   8.00    145.25
98455   98311   3.00    92.00
98485   98965   5.62    93.77
98485   98989   0.00    91.36
98490   98508   20.00   9.07
98491   98191   7.89    48.68
98494   98340   6.43    54.33
98494   98039   10.00   102.83
98508   98577   0.00    14.78
98539   97881   4.53    112.23
98539   99012   9.80    84.42
98544   98491   4.79    11.18
98544   98447   13.90   78.44
98547   98589   1.00    7.30
98547   98397   0.00    54.01
98553   98956   7.25    70.53
98553   98653   6.50    83.04
98553   98220   8.60    123.95
98574   97958   1.00    114.97
98577   98544   0.00    9.39
98589   98919   0.00    61.88
98589   98693   0.00    36.46
98591   99479   12.11   141.08
98619   98055   8.60    95.61
98630   98683   9.83    110.06
98645   97973   8.38    113.82
98645   98918   8.80    112.65
98648   99339   7.27    117.96
98648   99015   8.31    136.26
98650   97961   5.50    129.56
98652   98547   0.00    36.22
98652   98693   6.50    6.97
98653   98746   2.00    83.02
98666   98856   10.00   88.13
98669   99347   6.14    116.29
98669   98494   15.00   62.02
98689   98032   8.00    115.39
98689   98371   9.71    116.54
98693   98754   0.00    24.61
98693   98919   10.00   41.94
98708   98046   7.67    117.71
98708   98652   5.54    24.87
98746   99119   5.33    97.93
98748   98708   1.15    12.33
98754   98708   1.00    7.58
98754   98790   0.00    11.58
98786   98247   7.22    96.16
98786   98683   11.50   38.11
98787   98956   7.25    75.92
98790   98898   1.00    42.60
98790   98748   4.60    7.33
98828   98539   10.20   104.05
98828   98630   7.56    108.72
98853   98300   7.00    90.35
98856   98311   9.89    93.91
98856   99040   4.00    114.95
98862   99409   13.67   85.44
98865   98898   10.00   6.64
98865   98748   1.00    42.60
98898   99077   5.50    62.47
98898   99561   10.00   117.65
98918   99122   8.46    77.99
98918   99270   11.67   56.42
98919   99372   10.00   73.10
98919   98790   10.00   61.59
98956   99116   12.60   121.88
98956   99396   7.25    70.75
98959   98645   15.00   56.29
98965   99403   1.00    92.39
98988   98326   5.42    117.89
98988   98669   8.27    116.63
98989   99504   3.00    103.50
98997   98689   8.64    114.96
98997   99691   5.63    116.09
98997   98340   5.53    116.48
99012   99140   0.00    37.21
99012   99170   0.00    26.09
99025   99207   4.25    75.36
99025   99372   13.33   109.76
99030   98371   6.87    117.73
99030   98865   1.00    61.84
99040   99054   0.00    49.35
99054   98786   9.00    96.81
99077   99030   0.00    8.02
99077   99131   1.00    15.08
99111   98574   7.84    113.80
99111   98328   0.00    135.73
99116   99142   11.00   42.49
99119   99547   0.00    98.37
99122   99262   8.71    57.98
99122   98433   10.60   118.23
99131   99411   3.16    100.52
99136   98828   5.13    109.17
99140   98828   20.00   117.41
99142   99784   4.73    146.53
99151   99116   0.00    4.74
99159   99455   0.00    61.74
99159   99054   8.00    18.80
99160   98988   9.20    57.17
99170   99111   0.00    12.74
99170   99251   15.00   14.24
99207   98619   5.63    96.22
99207   99414   8.17    95.13
99214   99160   10.00   18.50
99214   98717   0.00    84.64
99231   99140   0.00    27.65
99231   99170   6.25    15.24
99251   98650   2.00    128.06
99251   99305   0.00    7.92
99262   98577   6.60    110.57
99270   98959   9.42    113.00
99270   99633   10.50   58.72
99294   99159   0.00    26.56
99294   99040   0.00    43.79
99303   99251   1.00    10.76
99303   99231   3.00    13.71
99305   99403   0.00    21.23
99335   98959   8.09    59.50
99335   99633   11.63   114.09
99339   99214   6.50    39.91
99339   99666   7.67    56.25
99345   99303   0.00    8.60
99347   100037  6.14    118.51
99347   98997   8.92    116.23
99355   99763   0.00    67.01
99364   100095  10.17   115.23
99364   99262   9.00    79.71
99372   99561   9.33    69.23
99372   100044  4.75    115.62
99381   98689   8.83    117.66
99381   99030   2.91    116.00
99396   99882   9.33    80.48
99403   99441   0.00    9.31
99403   99504   0.00    14.11
99409   99364   8.55    68.37
99411   99381   9.64    8.24
99411   99749   3.80    114.87
99414   98853   7.83    89.76
99428   98787   9.86    107.07
99432   100163  8.25    116.16
99432   99409   9.00    24.63
99441   99954   2.20    134.00
99441   99345   14.60   20.81
99449   98786   5.50    113.47
99449   99136   6.17    109.23
99473   99151   3.00    84.15
99473   99396   5.33    76.43
99479   99432   8.80    37.19
99503   99072   13.25   69.04
99503   99339   6.50    55.64
99504   99531   0.00    8.53
99504   99547   0.00    7.90
99531   99831   2.33    80.01
99531   99441   0.00    13.59
99547   99587   0.00    7.38
99547   99575   0.00    8.29
99549   99479   10.86   67.18
99561   99794   9.40    83.54
99564   99231   7.20    84.76
99575   99531   3.00    8.43
99587   99575   10.00   6.29
99589   99503   3.00    34.69
99589   99916   6.50    56.19
99601   100311  11.43   116.35
99604   99587   0.00    2.20
99633   99818   8.92    77.30
99633   100302  8.96    117.11
99666   100001  6.00    57.24
99674   98988   9.05    113.89
99674   99347   8.04    116.45
99687   100075  5.33    127.68
99687   99473   50.00   64.16
99691   99381   5.27    114.34
99691   99749   0.00    9.00
99736   99589   8.94    47.35
99749   100383  7.23    115.43
99749   100082  2.76    118.03
99757   99303   2.33    116.22
99763   100157  7.33    68.65
99768   99207   9.89    93.79
99769   99449   4.25    81.22
99784   99953   7.75    49.95
99794   100093  11.43   102.30
99794   99131   7.75    115.60
99803   99604   7.67    35.86
99803   99981   10.00   54.42
99814   99669   1.00    57.88
99814   99262   8.35    86.21
99818   100012  10.00   77.30
99829   99301   10.75   91.52
99829   99642   3.00    57.97
99831   100221  11.50   67.13
99831   100053  0.00    54.85
99832   99160   9.24    113.03
99832   99674   10.19   57.72
99835   99142   7.00    107.34
99872   99763   1.00    51.19
99872   99335   10.75   90.22
99882   99687   7.67    59.36
99882   100312  5.50    74.97
99888   99564   6.55    136.35
99916   99666   6.50    89.19
99916   100240  10.00   58.32
99936   99414   12.50   83.85
99953   99803   7.67    27.95
99954   100529  4.71    135.77
99981   100150  10.00   28.89
99981   99604   6.00    67.36
99983   99294   6.07    115.40
99983   100213  0.00    110.29
100001  99832   9.60    58.23
100012  99814   0.00    30.96
100037  100082  5.13    6.88
100037  99691   3.95    118.41
100042  99872   12.17   27.92
100044  99768   10.20   89.49
100044  100572  2.50    100.05
100045  99564   6.94    115.61
100045  99888   0.00    44.77
100053  100192  9.71    40.45
100063  99916   5.50    48.45
100075  99151   10.00   142.38
100075  99835   6.50    101.62
100082  100238  4.50    61.33
100082  100713  8.25    116.09
100092  99428   9.13    107.03
100092  99829   5.40    79.20
100093  100383  6.18    117.20
100093  99411   8.47    115.10
100095  100012  2.29    80.51
100099  100095  0.00    7.74
100102  99794   9.00    85.27
100147  100044  8.25    38.41
100147  100102  10.60   83.43
100150  100239  0.00    17.99
100150  100221  0.00    35.17
100163  100099  4.17    85.21
100167  99449   9.07    125.35
100167  99888   4.60    99.49
100192  100770  7.67    125.40
100193  100093  10.00   21.55
100193  100567  6.67    108.78
100195  100163  11.50   41.52
100195  100768  12.50   93.69
100213  100384  0.00    91.31
100213  99769   7.80    83.76
100221  100239  1.00    52.19
100238  100376  4.67    53.39
100239  100656  10.50   80.99
100240  100001  14.00   90.45
100240  100917  8.70    118.09
100242  99757   3.00    117.28
100253  100765  8.56    83.11
100253  100195  6.56    66.86
100253  99549   9.56    116.01
100302  100042  7.67    114.08
100302  100972  9.33    113.21
100311  100253  7.00    53.98
100312  100485  7.67    33.42
100312  100092  10.60   74.77
100326  99829   8.80    87.39
100327  100053  6.22    50.24
100327  100221  6.50    52.23
100335  99936   8.50    82.10
100335  100342  7.00    81.85
100336  100037  6.31    114.95
100336  99674   8.67    118.06
100342  100484  6.00    82.46
100356  100147  4.75    81.48
100368  100240  8.62    51.31
100374  100311  9.00    67.42
100376  100336  3.75    8.56
100376  100685  1.84    115.96
100383  100713  5.87    116.40
100384  100581  10.07   97.06
100384  100167  11.50   84.43
100387  99784   8.25    121.62
100387  99953   8.67    132.88
100390  100452  2.60    82.66
100391  100143  0.00    42.91
100391  100387  10.00   3.95
100396  100045  10.33   79.97
100408  101169  9.92    120.67
100408  100327  10.00   14.46
100420  100694  10.00   45.25
100452  100391  5.33    128.90
100452  100075  11.00   72.16
100484  100792  8.56    137.89
100484  101171  3.00    111.00
100485  101145  6.80    106.53
100485  100390  6.00    83.01
100490  100302  9.35    86.90
100494  100167  3.25    60.05
100500  100092  3.00    76.44
100529  101201  10.50   136.55
100539  100486  0.00    17.02
100546  100387  0.00    25.62
100567  100737  5.33    93.52
100567  100356  3.00    81.52
100572  100335  12.17   93.40
100572  101236  3.00    112.48
100581  100494  0.00    14.30
100602  100099  10.67   86.52
100638  100685  0.00    7.86
100638  100336  4.71    115.52
100638  100001  4.00    118.00
100656  101164  7.40    87.16
100656  100819  8.50    102.53
100672  100042  5.77    114.06
100672  100539  5.50    55.80
100685  101008  9.56    55.53
100685  100962  2.52    92.57
100693  100213  11.00   79.54
100693  100384  6.50    110.90
100694  101349  10.05   140.90
100694  101280  3.61    92.96
100711  100572  11.50   48.16
100713  101371  4.15    114.76
100713  100888  5.33    62.12
100718  100490  13.29   86.90
100718  100012  7.22    118.45
100726  100193  8.17    93.75
100726  100567  7.75    54.89
100730  101278  8.50    138.06
100737  100711  11.50   92.90
100765  101275  10.60   83.09
100768  101182  10.00   66.60
100768  100602  8.40    125.24
100770  101201  0.00    101.42
100770  101139  0.00    75.05
100781  100396  2.83    79.97
100782  100730  10.60   132.44
100782  100546  0.00    51.94
100792  99983   9.17    137.88
100792  100835  9.80    87.39
100807  100792  0.00    2.48
100813  100242  10.80   118.39
100819  100782  0.00    46.37
100819  100546  2.33    45.33
100835  100693  7.00    53.19
100844  100755  11.50   94.79
100844  100326  8.14    87.56
100876  100718  0.00    24.26
100882  100192  7.75    109.81
100888  100238  10.00   113.78
100888  101029  6.10    55.42
100917  100638  4.63    92.98
100917  100962  0.00    7.13
100936  100581  5.00    99.30
100944  100711  10.00   79.93
100944  101592  0.00    111.28
100951  100539  10.00   67.36
100962  101105  1.00    57.27
100971  100500  9.50    76.50
100972  101313  10.00   57.95
100972  100672  9.70    117.33
100998  100602  9.20    63.54
100998  100876  8.77    90.63
101008  101351  14.33   59.31
101011  101078  0.00    20.53
101011  100782  10.00   47.96
101011  100819  1.00    35.47
101029  100376  11.86   113.72
101029  101351  9.33    114.78
101040  100726  8.57    117.93
101040  100383  7.83    115.47
101045  100807  3.00    44.97
101045  100835  7.40    75.49
101065  100408  7.69    111.82
101066  100917  3.86    57.44
101071  101727  11.10   101.06
101071  100998  11.06   51.35
101078  101281  0.00    30.59
101078  101164  0.00    63.63
101094  101171  8.14    82.04
101105  101147  0.00    12.47
101108  101066  0.00    12.08
101113  101263  10.00   57.12
101113  100672  5.33    73.02
101139  101486  10.50   74.98
101145  102007  4.84    142.51
101145  101721  7.56    95.13
101145  100971  8.83    75.06
101147  101355  1.00    75.72
101164  101360  3.00    33.93
101169  101950  6.67    120.66
101171  101418  0.00    77.41
101171  101722  3.00    87.09
101182  101071  8.35    73.67
101195  100972  8.76    92.71
101201  101816  11.50   133.57
101202  100936  6.50    98.23
101202  100693  10.00   82.22
101231  101008  5.33    78.30
101232  100781  15.75   93.76
101233  100807  3.00    79.15
101233  101045  7.40    67.53
101236  101965  7.14    124.11
101236  101094  8.47    82.30
101275  101182  9.93    63.13
101278  101282  6.30    116.62
101280  101377  8.50    16.83
101281  101333  3.00    28.10
101281  101360  0.00    49.46
101282  101955  6.50    109.95
101295  100726  8.75    100.07
101295  100944  10.00   128.72
101313  101991  7.88    130.16
101333  101282  8.67    149.53
101349  101280  15.00   58.94
101351  101985  3.50    107.21
101351  101647  12.58   99.72
101354  101313  10.00   18.27
101355  101108  2.07    76.68
101355  101380  0.00    7.52
101360  101873  10.25   88.84
101360  101547  0.00    58.22
101364  100813  7.77    118.13
101364  100781  0.00    113.23
101371  101040  6.83    115.55
101372  100882  10.00   104.04
101377  101275  9.79    133.25
101377  102113  10.00   114.00
101380  101679  3.20    52.03
101380  101113  6.62    47.47
101381  101349  10.00   58.48
101381  100843  9.20    86.39
101383  101526  11.00   27.15
101383  101381  10.00   24.40
101394  100971  11.38   73.43
101394  101407  7.06    88.13
101407  100844  7.80    97.01
101407  101429  9.32    69.48
101413  100882  3.75    85.92
101418  101233  8.13    64.89
101418  101860  13.33   85.06
101419  101932  6.50    97.94
101419  101295  11.50   45.10
101423  101195  9.64    95.79
101423  100876  9.00    90.39
101443  102103  11.00   102.71
101443  101377  9.55    55.16
101448  101231  12.50   78.30
101486  101789  10.00   54.62
101486  101962  14.33   110.28
101509  101423  10.00   13.88
101509  101567  7.67    43.83
101526  102245  9.08    124.11
101526  101443  10.00   74.36
101547  102009  9.00    82.85
101548  101371  10.00   62.44
101548  100888  10.75   115.48
101567  101632  9.50    48.27
101592  101236  7.86    128.43
101592  102116  2.00    90.65
101608  101547  3.00    16.95
101632  100998  8.33    99.87
101640  101232  4.80    92.91
101640  101202  9.82    73.75
101647  101928  5.33    99.69
101679  101991  5.32    57.64
101706  101045  8.27    109.44
101716  101548  7.57    52.70
101716  101029  8.93    115.96
101721  101278  13.25   83.34
101721  101807  11.63   67.06
101722  101418  10.50   103.69
101722  101800  0.00    12.19
101727  102365  10.00   101.07
101768  101065  7.82    111.81
101775  101364  0.00    98.13
101787  101195  9.14    100.77
101789  101937  0.00    58.74
101789  101372  6.75    89.86
101795  101419  9.40    123.86
101795  101040  3.48    117.13
101800  102451  8.92    107.82
101807  102046  10.18   119.37
101807  101812  9.17    8.73
101810  101735  0.00    25.44
101810  101601  0.00    32.40
101812  102013  20.00   48.77
101816  102208  3.91    130.75
101827  101932  10.00   65.09
101827  101795  8.83    13.72
101860  102019  20.00   27.58
101873  102434  10.00   90.21
101877  101789  0.00    23.38
101878  101810  0.00    18.86
101878  101907  0.00    5.26
101907  101944  0.00    6.53
101919  101878  0.00    17.51
101928  101961  0.00    8.34
101932  102728  9.43    120.74
101936  101526  11.16   98.43
101937  101981  2.00    55.81
101937  101372  0.00    84.72
101944  101976  0.00    14.50
101944  102163  0.00    38.63
101950  102038  1.00    13.27
101950  102352  7.43    88.69
101954  101592  11.00   127.93
101954  101295  7.31    110.53
101955  102581  3.00    108.67
101961  101978  0.00    3.14
101962  102289  5.33    108.52
101965  101722  10.33   86.32
101969  101706  1.00    45.10
101969  101640  20.00   114.12
101976  101919  0.00    10.14
101978  102298  7.80    60.58
101978  101485  0.00    73.63
101980  102002  6.18    32.32
101980  101407  7.27    85.55
101981  102038  0.00    57.86
101981  101413  0.00    85.95
101985  102041  3.00    8.65
101985  102049  8.00    21.25
101991  102510  3.82    94.93
102002  102042  5.27    16.47
102007  102285  7.43    45.74
102009  102434  10.33   82.59
102013  101812  20.00   48.77
102019  101706  10.00   113.00
102019  102290  3.00    45.49
102038  102779  8.00    120.86
102041  101716  7.67    115.22
102041  102667  7.82    99.90
102042  102285  4.00    74.98
102042  101394  9.32    103.67
102046  102013  0.00    5.72
102048  101969  0.00    13.60
102048  101775  9.33    96.69
102049  102479  0.00    93.32
102049  102163  0.00    45.51
102064  101980  2.08    70.47
102065  101567  7.93    77.42
102065  102505  9.75    67.03
102066  101333  9.00    123.57
102081  102048  0.00    7.33
102103  102824  12.67   102.71
102113  102913  10.30   114.00
102116  102193  15.00   65.98
102135  102523  0.00    63.51
102135  101716  8.78    119.16
102135  101827  6.85    110.85
102136  101509  6.42    97.38
102136  102065  5.22    48.26
102150  101919  0.00    91.22
102161  101965  11.50   35.04
102161  101800  1.00    81.25
102163  102195  0.00    9.88
102183  102081  0.00    17.00
102185  101877  11.29   51.19
102185  101937  6.17    73.61
102193  101965  13.33   79.49
102195  101976  0.00    40.15
102195  102150  0.00    91.10
102208  102571  4.50    125.31
102208  102183  0.00    4.67
102223  101860  10.00   88.02
102245  101936  8.22    118.50
102281  102136  8.59    91.70
102281  101787  11.25   100.46
102285  102733  2.80    123.13
102289  102471  20.00   63.01
102289  102208  6.56    12.91
102290  101969  6.21    112.91
102298  102718  11.10   73.15
102298  101679  10.80   121.11
102309  102185  12.60   117.55
102309  101877  5.33    117.39
102333  102205  9.11    99.02
102345  102048  8.25    106.28
102352  102807  3.00    88.65
102365  102333  9.00    20.76
102416  101954  4.00    96.58
102434  102919  7.14    65.71
102437  102807  10.00   53.40
102437  101768  7.55    111.81
102451  102161  3.83    48.20
102471  102742  6.00    82.22
102474  102116  10.00   66.18
102474  102193  20.00   98.81
102479  102963  0.00    93.17
102503  102384  6.80    79.13
102505  102713  11.50   28.19
102505  102365  9.59    95.11
102510  102281  10.33   136.97
102510  102960  3.64    138.80
102518  101954  11.38   94.02
102523  102546  6.73    93.85
102523  103223  11.00   101.87
102530  102185  11.50   51.90
102530  101981  3.00    142.98
102531  102290  6.75    79.06
102546  102135  7.67    135.60
102547  102309  11.50   83.87
102547  102289  7.40    44.33
102571  102978  7.27    125.47
102581  102046  10.30   83.23
102596  102503  8.13    67.25
102596  103259  10.00   88.77
102644  102002  5.37    93.75
102644  102681  9.93    119.60
102652  102518  14.33   76.09
102667  103087  8.33    62.96
102667  102546  10.78   36.49
102668  102530  8.33    90.73
102681  102763  3.00    119.62
102687  102345  8.00    106.30
102696  102819  0.00    24.01
102696  102223  1.00    88.96
102697  102596  8.86    60.50
102713  102794  0.00    47.88
102718  102510  8.67    119.48
102728  102887  8.67    51.83
102728  103233  13.33   67.83
102729  102471  0.00    37.21
102729  103123  11.00   121.49
102733  102802  6.27    18.06
102733  103366  8.74    89.26
102739  102474  14.00   78.15
102739  102518  11.00   31.64
102742  102993  1.00    82.36
102755  102739  0.00    2.20
102755  103588  9.40    125.58
102766  102161  9.80    112.91
102769  103378  10.00   94.38
102769  102697  7.80    45.26
102779  102998  9.88    114.71
102783  102644  11.50   16.79
102794  102136  6.15    94.25
102794  102944  9.86    91.52
102802  102013  8.82    144.36
102802  103257  4.78    110.40
102807  103010  10.00   39.40
102819  102531  14.33   79.07
102824  102769  10.00   39.38
102832  103391  3.75    91.20
102832  102547  2.50    39.88
102887  102523  5.40    124.93
102893  102696  11.20   43.13
102893  102451  11.50   63.80
102913  102824  11.04   60.11
102919  103189  1.00    40.43
102922  102668  8.67    91.53
102922  102832  3.08    15.16
102939  102667  10.00   81.12
102940  102066  9.55    124.98
102940  102581  6.50    93.63
102944  102952  10.00   11.68
102944  103093  2.00    21.42
102952  102960  11.00   20.30
102952  102281  12.40   93.70
102954  102718  6.86    133.58
102960  103093  0.00    30.94
102978  103495  3.00    132.47
102978  103316  0.00    77.69
102979  103279  0.00    47.45
102982  103307  6.67    96.11
102986  102893  0.00    16.17
102986  102819  6.94    51.17
102987  102954  0.00    25.15
102989  102913  10.30   60.94
102989  102205  9.17    120.99
102989  103537  8.35    80.23
102993  103123  0.00    59.37
102993  103327  2.80    88.01
102998  102530  3.00    63.31
102998  103102  5.50    75.53
103010  103058  5.33    20.13
103054  102919  0.00    42.86
103054  102940  7.80    50.05
103058  102982  0.00    27.47
103075  102687  7.33    106.72
103087  103314  10.00   84.07
103087  103278  10.55   29.26
103093  103321  2.00    35.42
103102  103183  10.50   75.53
103119  102783  9.89    98.41
103123  103289  1.00    91.74
103145  103259  3.00    74.04
103145  102503  8.80    87.82
103162  102739  7.56    128.01
103162  102416  9.30    99.81
103176  102989  5.44    109.36
103176  102333  8.55    117.02
103183  102922  6.75    41.62
103189  103054  12.20   54.35
103204  102987  4.67    70.62
103204  102939  14.71   81.11
103223  103540  5.50    55.36
103223  103338  15.00   84.97
103233  102887  6.50    68.33
103235  102979  0.00    52.31
103235  103133  3.00    49.38
103257  103851  9.61    87.22
103257  103623  3.79    88.49
103259  104256  9.25    143.70
103278  103223  8.67    45.09
103278  103540  7.40    46.53
103279  103235  0.00    54.35
103282  102982  0.00    41.08
103282  103396  10.00   25.45
103286  102437  7.14    121.17
103289  103391  15.00   61.51
103289  102729  20.00   84.15
103307  103652  9.00    76.68
103307  103282  10.00   62.08
103314  103524  10.63   84.07
103316  103691  20.00   78.52
103320  103204  10.75   41.68
103321  103519  5.50    42.66
103321  103558  0.00    37.22
103327  103691  6.50    88.69
103338  103753  11.00   87.85
103340  103463  10.57   104.08
103343  102713  5.00    89.86
103343  103176  7.00    112.68
103358  102766  12.67   112.91
103358  102755  10.52   125.22
103366  103119  9.83    97.90
103366  103925  8.60    80.25
103378  103476  0.00    81.76
103391  103906  2.00    79.54
103396  103678  10.20   48.42
103396  103058  0.00    57.64
103407  103343  9.50    50.18
103407  102794  7.14    90.31
103421  103973  9.94    118.78
103431  103189  7.00    46.06
103445  102697  10.00   132.34
103445  103378  0.00    14.18
103455  103358  4.67    25.42
103455  103765  6.50    65.73
103463  103624  0.00    104.08
103465  103895  1.50    60.20
103465  103561  11.12   76.47
103469  103162  6.38    108.91
103469  103233  15.00   43.58
103480  103421  5.50    106.16
103489  103075  3.00    100.49
103495  104116  4.71    133.22
103519  103407  6.50    75.36
103519  104163  3.92    137.76
103524  103204  6.50    52.21
103527  103010  5.50    89.34
103537  104084  9.00    76.64
103540  103689  5.72    21.43
103543  102783  6.33    114.54
103543  103421  8.00    139.78
103558  103519  0.00    25.19
103561  103680  9.80    76.49
103564  102986  4.08    133.79
103564  103075  9.20    135.95
103588  103162  7.75    105.63
103588  104131  8.25    77.19
103588  103613  4.67    57.55
103605  103455  0.00    23.77
103613  103358  3.00    83.38
103613  103956  0.00    47.89
103623  103431  5.73    126.76
103623  104203  5.43    123.21
103624  103737  3.00    66.84
103645  103724  0.00    49.67
103645  103445  10.00   27.86
103652  104149  7.40    77.49
103672  103537  8.85    107.10
103672  103176  7.71    75.42
103678  103852  6.50    52.12
103678  104303  8.78    104.45
103680  103145  10.00   81.23
103689  104312  4.55    95.65
103691  104060  4.00    81.97
103708  103652  12.50   131.91
103708  102998  10.75   104.06
103710  103558  10.08   94.99
103745  104030  0.00    55.87
103753  104211  0.00    66.83
103753  103469  10.56   89.69
103765  103564  3.00    43.81
103779  103183  6.50    98.32
103788  103710  7.14    51.58
103788  103340  10.90   109.21
103820  103892  0.00    40.78
103831  103689  0.00    82.39
103841  103672  11.43   114.61
103841  103343  8.50    73.51
103846  103779  0.00    9.66
103846  103708  0.00    88.91
103848  103543  5.80    90.95
103851  103366  9.86    127.39
103851  104455  9.19    87.78
103852  104533  8.27    101.23
103852  104620  8.00    148.42
103858  103605  0.00    40.59
103858  103765  0.00    21.35
103869  103948  0.00    56.81
103869  103672  7.00    28.47
103882  103788  5.50    64.18
103892  104099  32.29   107.58
103895  103736  5.36    109.79
103895  104709  5.36    116.19
103906  103987  3.00    40.98
103906  104099  6.50    25.18
103925  103989  6.50    9.24
103930  103858  3.00    13.14
103930  103489  13.32   100.30
103942  103882  8.17    37.04
103944  103543  8.67    92.34
103959  103930  0.00    4.62
103961  103605  0.00    50.76
103961  103858  3.00    30.02
103973  104609  10.20   100.50
103975  103942  5.75    21.88
103982  103645  3.00    48.78
103982  104056  0.00    48.23
103987  103779  8.80    121.58
103989  104830  8.82    117.78
103989  103848  14.33   90.17
104007  103895  7.67    75.61
104028  103753  12.56   88.85
104030  103469  3.00    98.10
104060  104222  0.00    34.03
104060  104202  5.50    64.44
104064  103527  3.00    89.35
104064  103286  8.80    121.09
104071  103975  8.00    58.23
104071  104429  8.18    53.90
104084  104594  6.54    76.64
104087  103959  0.00    20.82
104088  103831  3.00    82.58
104088  103524  11.00   83.05
104099  104415  8.00    49.10
104107  104131  2.33    89.14
104107  104030  0.00    11.21
104116  104087  1.00    3.94
104116  104400  6.53    129.60
104122  103680  8.88    63.00
104122  104007  4.81    75.61
104131  104139  1.40    89.50
104139  103961  6.50    90.05
104149  104620  6.50    77.16
104163  104287  7.00    65.11
104163  104351  7.00    43.06
104177  103624  8.67    76.67
104177  104071  14.71   65.30
104202  104385  5.33    104.45
104203  104362  9.17    26.61
104203  104579  6.10    72.51
104208  103944  12.67   60.13
104211  104107  6.94    123.30
104214  104550  8.80    53.93
104214  104177  16.67   18.14
104222  104332  0.00    38.09
104222  104336  13.33   20.85
104231  104248  10.00   129.08
104239  104231  6.75    129.11
104248  103930  4.83    130.26
104256  104122  2.39    78.17
104261  104415  8.50    111.83
104261  103892  1.50    50.60
104287  104371  11.00   59.63
104295  103944  15.00   100.85
104297  103841  6.00    65.79
104302  104441  3.00    44.19
104302  104028  4.40    88.73
104303  104064  5.33    63.62
104312  104472  6.87    27.71
104312  104408  0.00    21.99
104321  104256  7.50    54.84
104332  104443  0.00    49.30
104336  104502  10.00   89.72
104336  104416  0.00    14.90
104344  104312  0.00    8.60
104348  104321  8.33    29.84
104348  103982  11.36   52.93
104351  104534  10.00   44.48
104351  104297  5.32    20.71
104351  104287  0.00    118.45
104360  104261  0.00    18.51
104362  105381  9.86    143.12
104362  104914  8.25    84.27
104371  103710  12.50   139.45
104371  104505  10.00   75.32
104372  104445  11.50   62.46
104372  104088  22.69   64.16
104372  104214  8.95    116.54
104385  104585  5.80    103.80
104388  104397  2.00    128.32
104397  104676  4.64    129.23
104400  104388  2.20    128.31
104408  104302  2.00    47.75
104415  104803  1.00    53.90
104416  104332  0.00    26.30
104419  103925  5.21    126.69
104419  104912  7.20    108.66
104429  104775  8.25    47.30
104429  104550  11.50   83.46
104441  104566  11.50   40.84
104441  104706  2.00    79.86
104443  105394  3.00    135.92
104443  104499  0.00    57.45
104445  104483  2.60    32.54
104449  103603  10.00   122.25
104449  104348  5.76    72.59
104455  104419  0.00    10.42
104455  105172  8.67    103.99
104462  104211  14.86   101.94
104472  104408  15.88   24.77
104472  104566  11.23   16.07
104473  104515  3.00    92.38
104481  104472  0.00    17.87
104481  104344  0.00    30.82
104483  104344  0.00    49.04
104483  104486  0.00    3.84
104486  104566  0.00    30.25
104486  104481  0.00    16.21
104492  104473  3.00    59.13
104499  104514  3.00    58.17
104502  104727  11.50   103.54
104502  104202  0.00    48.01
104505  104569  8.60    44.35
104511  104445  20.00   13.12
104511  104372  11.50   56.39
104514  105201  7.82    101.80
104514  104492  11.50   60.54
104515  104766  11.50   93.12
104518  104239  6.91    130.25
104522  103851  10.81   128.47
104532  103846  8.18    106.07
104533  105245  6.80    101.55
104534  104820  2.44    81.49
104534  104297  7.67    41.63
104539  103987  6.50    86.70
104541  103882  10.60   96.51
104541  104599  0.00    36.14
104545  104709  5.80    95.22
104550  104893  0.00    46.97
104566  104511  20.00   73.79
104566  104790  0.00    31.34
104569  104711  13.33   76.85
104569  105293  0.00    101.99
104579  105234  5.13    98.86
104585  104803  8.50    103.57
104586  104208  2.00    80.78
104594  104449  3.26    102.36
104599  104642  3.00    22.92
104599  103942  1.00    96.71
104609  104208  9.83    86.06
104612  104295  4.67    100.77
104612  104995  0.00    127.24
104620  105245  7.25    134.72
104620  105529  6.17    133.99
104642  103975  10.00   96.59
104651  103708  5.43    136.66
104658  105218  10.00   113.46
104658  104609  0.00    7.94
104667  104286  10.00   63.49
104667  104594  1.00    38.45
104676  105038  2.60    129.96
104698  104303  3.00    74.73
104706  104462  7.00    84.17
104709  104884  8.80    116.95
104709  105743  8.21    149.45
104711  104541  8.80    22.28
104726  104372  1.00    52.30
104726  104511  0.00    44.02
104727  104930  0.00    104.48
104727  104385  1.00    48.64
104732  104817  3.00    56.15
104732  104416  11.13   43.30
104766  104808  5.50    16.26
104770  103869  9.46    128.28
104770  104667  4.19    67.10
104775  105535  1.00    111.68
104775  104893  3.00    83.45
104790  105044  7.00    43.17
104790  104918  0.00    38.24
104792  104599  0.00    25.68
104803  105130  3.52    50.16
104808  105193  1.00    133.05
104808  105038  0.00    119.01
104812  105139  6.50    51.18
104817  104896  3.00    55.46
104820  104770  2.20    39.35
104820  105097  3.20    95.21
104830  104612  9.00    61.31
104830  105016  1.00    29.93
104868  104492  16.67   51.73
104868  104972  4.75    21.12
104884  105026  6.00    106.10
104893  105667  9.73    111.51
104894  104518  0.00    130.56
104894  104462  17.50   123.91
104896  104966  1.00    85.51
104912  105016  10.90   38.42
104914  105450  8.56    84.41
104915  104579  6.17    80.17
104918  104706  20.00   76.94
104922  105097  1.00    141.32
104930  105130  10.00   108.41
104930  104585  0.00    49.06
104940  104877  20.00   142.10
104940  104820  2.00    96.46
104973  104539  5.14    84.36
104995  104586  10.75   80.75
105002  105036  0.00    17.98
105016  105439  8.17    130.50
105026  105120  30.00   65.18
105036  105823  3.00    108.99
105038  105398  9.54    121.44
105044  104918  3.00    54.45
105044  105145  4.86    15.39
105075  105473  1.00    76.91
105075  104877  0.00    32.37
105075  104940  4.43    110.99
105096  104995  7.00    22.08
105097  105444  3.75    101.69
105120  105243  10.00   64.35
105120  104321  0.00    119.80
105130  106084  8.50    132.65
105139  105571  0.00    74.48
105139  105075  16.60   49.97
105145  105179  0.00    4.36
105145  104894  5.90    100.37
105162  104726  4.83    71.35
105162  105044  0.00    47.29
105172  105709  11.00   75.63
105172  105769  10.00   109.70
105179  105342  3.00    20.49
105193  105541  5.50    118.10
105201  105348  4.64    61.79
105201  105322  8.80    65.43
105211  104915  9.20    80.17
105211  104698  6.71    76.84
105218  105820  11.25   113.46
105230  104505  10.00   105.18
105230  105139  9.83    58.66
105234  105932  2.50    99.32
105243  105444  5.94    126.95
105245  105498  7.33    35.95
105262  104658  5.18    100.32
105262  106035  6.00    146.07
105268  105145  8.22    37.42
105268  105162  29.20   14.88
105276  105230  15.00   30.13
105276  105360  0.00    12.61
105293  105276  7.79    16.53
105298  105268  0.00    4.14
105299  104532  14.57   107.05
105299  104973  10.86   70.90
105322  105394  4.86    58.17
105322  104499  6.00    115.95
105342  105398  0.00    8.47
105348  105945  10.00   83.76
105348  104473  10.33   145.26
105360  105712  10.00   77.66
105360  105851  4.75    68.30
105364  105293  6.50    75.43
105364  104711  1.00    95.28
105366  105520  9.50    141.39
105366  105299  1.00    11.79
105381  106366  8.21    142.73
105394  105474  13.20   56.28
105398  105470  7.00    26.11
105398  105541  0.00    20.81
105435  105298  0.00    22.50
105436  104912  7.67    83.62
105444  105616  7.14    99.08
105444  105731  4.92    84.35
105450  104522  8.56    132.73
105454  105193  3.00    36.66
105454  105627  6.67    112.26
105456  105211  0.00    35.70
105470  105435  0.00    5.44
105470  105683  8.00    68.45
105474  104732  14.71   108.97
105474  105567  2.09    58.58
105482  104884  10.00   88.90
105486  105198  0.00    65.09
105498  106176  8.38    94.42
105498  105211  6.50    79.13
105506  104973  11.00   98.38
105511  105486  0.00    16.13
105520  104651  3.00    135.43
105520  105529  8.67    8.66
105529  106498  9.43    141.00
105529  105498  8.77    145.44
105535  105364  9.11    117.33
105541  105821  20.00   42.32
105541  105613  0.00    22.19
105544  105162  5.81    131.11
105561  105026  20.00   75.77
105567  105651  6.50    54.58
105567  104817  7.00    108.95
105613  105928  6.25    107.20
105613  105470  0.00    18.11
105616  105780  8.89    99.08
105627  105781  9.04    115.35
105627  104766  6.80    124.53
105644  105268  7.31    134.34
105651  105693  4.75    29.54
105651  104896  20.00   108.01
105667  105701  3.00    28.89
105667  105535  6.57    83.39
105683  106120  10.25   150.05
105683  105985  6.75    77.70
105693  105823  5.78    91.10
105697  105456  15.00   38.14
105697  105745  10.00   28.08
105701  105544  7.00    60.98
105709  106166  4.67    84.48
105709  105769  3.00    43.68
105712  106118  10.00   78.60
105731  106128  4.78    123.87
105731  106113  12.00   128.49
105743  106528  7.81    118.41
105745  105456  8.09    39.10
105769  105965  13.33   102.19
105777  105299  11.00   80.24
105780  106017  7.14    137.73
105781  105843  4.25    40.95
105820  105439  8.69    87.88
105820  106242  20.00   87.39
105821  106093  0.00    39.15
105821  105613  0.00    28.84
105823  105869  5.50    29.79
105843  105945  10.50   72.24
105843  105486  0.00    47.94
105851  106255  10.00   59.25
105851  105995  0.00    91.11
105869  106609  6.38    114.56
105869  105948  6.89    51.48
105889  105366  9.80    86.89
105906  105322  10.50   83.40
105906  105976  0.00    50.31
105908  105701  6.75    75.37
105928  106219  2.00    107.09
105932  106441  2.58    78.20
105932  105697  5.90    48.26
105935  105743  8.80    116.32
105935  106710  7.00    117.45
105945  106711  9.20    115.44
105945  106065  9.20    71.78
105948  105279  3.00    93.45
105948  106084  5.29    94.07
105965  105436  9.50    83.01
105985  106219  8.24    77.23
105995  105364  10.14   87.81
106008  105709  4.75    143.11
106008  105450  6.85    75.23
106017  106118  6.67    72.44
106017  106525  1.67    115.87
106057  105693  0.00    85.87
106057  105651  0.00    56.85
106065  106269  0.00    32.07
106065  106122  11.00   43.17
106075  105535  8.71    75.48
106075  105908  3.27    60.58
106079  106636  7.40    133.39
106084  106226  7.67    96.88
106093  106245  7.00    114.22
106093  106811  10.78   111.31
106095  105561  10.00   75.78
106095  105935  5.40    106.01
106097  105544  6.00    138.09
106097  105644  3.00    135.16
106113  106233  20.00   127.73
106118  106255  7.62    91.78
106118  106617  9.28    101.60
106120  106477  11.50   149.59
106122  105906  10.00   31.22
106122  106290  9.90    115.51
106128  106223  1.50    23.87
106128  105575  1.00    78.64
106166  106606  11.00   84.51
106176  105745  10.00   96.29
106176  106794  8.18    95.35
106192  105780  0.00    66.33
106192  106474  0.00    54.96
106219  106382  3.20    66.89
106222  106502  10.57   98.36
106223  106736  4.12    119.69
106223  106393  6.00    102.83
106223  106095  7.70    82.50
106226  105506  8.25    101.45
106226  106340  8.80    85.20
106233  106192  7.67    5.73
106233  106838  11.50   121.46
106238  106222  3.00    99.42
106238  106097  7.82    34.69
106242  106636  10.25   87.48
106245  105454  10.20   111.95
106245  106392  7.23    113.68
106255  106363  7.50    89.59
106264  106093  8.15    131.93
106269  106244  0.00    16.42
106270  106176  10.20   96.35
106282  106269  0.00    8.79
106290  105474  8.50    115.42
106290  106362  7.75    54.73
106305  105820  10.00   95.23
106305  105965  6.00    92.93
106311  106075  6.73    89.13
106340  105777  10.60   82.25
106340  106488  9.00    106.32
106362  105567  6.75    115.47
106362  106407  11.50   40.55
106363  105995  13.20   57.20
106366  105932  6.00    96.33
106366  107060  9.07    108.67
106382  106707  8.32    94.86
106392  105627  10.00   112.79
106392  106547  7.80    114.39
106393  106568  6.11    102.84
106407  106436  7.67    15.64
106431  106238  7.14    65.05
106436  106561  5.15    97.20
106436  106057  7.00    59.22
106441  106927  1.60    78.21
106477  106744  6.40    89.91
106488  105889  7.40    89.06
106488  106558  6.80    63.17
106498  106270  3.00    97.20
106498  106558  0.00    12.29
106500  106559  11.00   57.05
106502  107073  4.67    103.13
106525  107028  8.00    115.93
106528  106710  9.25    116.27
106528  107471  5.45    147.55
106545  106008  8.75    81.56
106545  106366  7.71    91.23
106547  105781  7.67    115.38
106547  106711  10.69   113.89
106558  106671  7.50    77.72
106558  107034  10.00   105.76
106559  106264  10.00   90.40
106559  106654  7.00    66.51
106561  106260  3.00    52.89
106561  106590  3.00    40.64
106565  106623  0.00    35.18
106568  106838  8.00    98.68
106590  106609  6.75    22.15
106606  106955  6.25    67.89
106606  106305  10.00   124.47
106607  106963  8.25    59.13
106607  106084  6.00    135.41
106609  106607  9.37    54.61
106617  106809  8.83    38.39
106617  106348  3.00    48.28
106623  106407  0.00    33.44
106623  106675  0.00    32.30
106628  106311  8.58    90.24
106636  106944  1.44    100.24
106636  106936  0.00    65.74
106654  106264  0.00    60.36
106654  106811  10.75   116.57
106658  106545  10.00   83.74
106662  107265  9.44    138.75
106671  107127  8.20    73.82
106671  106794  8.07    97.85
106696  106431  10.00   87.46
106707  107087  3.00    91.26
106710  106766  9.43    45.03
106711  106847  7.50    114.66
106711  107027  11.00   52.67
106734  106226  6.71    110.93
106736  106902  0.00    37.04
106744  107135  0.00    91.83
106766  106801  7.33    37.26
106776  106658  7.84    83.78
106794  106927  5.00    105.49
106796  107239  8.88    110.59
106796  106340  10.00   70.27
106801  106829  5.56    14.53
106809  106533  5.50    49.31
106809  106943  9.08    28.64
106811  106974  9.46    113.64
106811  107576  9.89    116.20
106829  106736  5.20    29.24
106838  106882  1.00    14.70
106847  107014  8.70    115.80
106847  106122  11.90   112.48
106872  106801  9.50    17.31
106872  106766  0.00    28.31
106873  107129  11.00   45.30
106882  107028  3.75    62.32
106902  107011  0.00    19.37
106902  107002  6.50    27.23
106927  107501  2.18    86.87
106927  107040  3.67    88.01
106931  106921  0.00    8.75
106931  107126  10.00   31.32
106934  106872  0.00    12.43
106934  106829  5.50    33.04
106935  107156  10.13   113.88
106935  106568  0.00    61.30
106936  107033  14.33   20.83
106942  106931  0.00    9.83
106943  107297  14.33   70.07
106943  106989  8.83    27.21
106944  106305  14.33   142.67
106944  107276  10.00   96.55
106955  106776  6.50    130.84
106958  106934  0.00    4.31
106963  107437  6.50    79.03
106963  106734  3.00    107.57
106974  106245  9.73    114.72
106974  107112  10.57   114.13
106989  107131  0.00    115.63
106989  107646  10.00   100.02
107002  107012  0.00    2.23
107009  107065  1.00    48.27
107011  107459  3.00    99.20
107011  107002  0.00    14.85
107012  107633  3.00    143.47
107014  107091  9.20    58.34
107014  106290  10.75   113.70
107027  107179  1.00    114.11
107027  107436  5.73    62.24
107028  107297  4.25    93.42
107033  106532  13.25   119.76
107034  106796  10.25   109.60
107034  107339  8.67    60.63
107040  107060  6.10    8.73
107060  107687  11.18   104.94
107060  107235  13.38   138.02
107065  106935  11.50   20.07
107073  107135  3.00    10.97
107073  106696  0.00    89.16
107087  107709  5.27    105.82
107091  107838  5.33    113.73
107091  107126  10.00   32.03
107093  106707  6.50    69.37
107093  107087  12.43   36.46
107093  107234  7.57    101.38
107112  107281  9.82    113.83
107112  106392  11.50   114.15
107126  107254  9.57    86.41
107127  107515  5.50    118.44
107127  107705  8.60    86.16
107129  107430  11.50   46.02
107131  107213  7.60    55.83
107135  107205  0.00    11.93
107135  107223  3.00    12.61
107156  106882  0.00    49.16
107179  106847  0.00    52.79
107195  107073  10.00   24.00
107195  107205  0.00    7.67
107205  107941  0.00    121.64
107205  107223  0.00    8.09
107209  107011  12.13   87.49
107209  106884  0.00    55.70
107209  107430  10.00   79.74
107213  107222  0.00    11.58
107213  106628  6.56    113.26
107222  107241  0.00    14.04
107223  107709  13.33   75.72
107225  107307  4.70    51.86
107234  106559  9.00    121.55
107234  107404  9.00    106.98
107235  107387  10.00   93.30
107235  106545  8.11    112.38
107239  107898  8.80    148.36
107241  107195  0.00    25.55
107241  106628  2.33    104.35
107254  106590  7.86    148.12
107258  108073  10.00   130.85
107258  107129  8.67    89.37
107265  107927  3.00    139.69
107274  106958  0.00    77.54
107276  107621  2.00    50.92
107276  106955  6.45    105.33
107281  106547  11.63   115.05
107281  107436  9.00    114.25
107294  107258  0.00    21.94
107294  107065  3.00    36.43
107295  107040  6.50    64.40
107297  107525  2.00    43.07
107305  106944  0.00    73.76
107305  106936  10.00   99.15
107307  106872  4.32    106.64
107328  107222  0.00    17.63
107328  107241  0.00    11.06
107339  107748  5.43    86.82
107339  107986  7.93    128.38
107345  107471  1.55    94.68
107358  106963  6.00    131.81
107372  107294  7.20    50.57
107372  108172  6.33    132.96
107387  107500  12.67   93.24
107404  107576  10.19   116.05
107404  106654  6.50    115.87
107430  107942  7.40    85.90
107436  108169  7.38    114.37
107436  107595  8.43    114.36
107437  107898  12.67   79.01
107451  107156  0.00    46.15
107451  107372  0.00    62.47
107456  107276  8.00    57.05
107459  107813  3.00    98.19
107471  107555  6.00    53.12
107471  107587  3.58    16.70
107500  106776  8.09    118.69
107500  107680  19.00   123.29
107501  107295  4.33    57.87
107501  107683  3.00    26.24
107509  107305  7.25    42.28
107509  107033  12.64   97.92
107515  107034  6.75    99.39
107525  107646  10.00   81.80
107525  108047  10.75   110.21
107555  107307  3.91    90.84
107555  107613  3.90    40.76
107566  107295  0.00    55.74
107570  107451  5.50    52.37
107576  107730  8.63    114.29
107576  107896  8.25    53.61
107595  107749  9.70    115.81
107595  107179  8.00    61.98
107606  107501  1.88    28.16
107606  107683  0.00    25.08
107613  107274  0.00    77.56
107613  107633  1.67    18.19
107621  107769  0.00    22.67
107633  107813  3.53    131.70
107633  107712  0.00    19.46
107637  107587  5.22    40.46
107646  107809  8.50    116.88
107646  108238  0.00    95.61
107680  107621  20.00   52.89
107683  108115  1.25    70.88
107687  107992  10.00   101.86
107687  108137  6.67    84.25
107691  107637  4.22    43.32
107691  107613  10.00   19.92
107705  107515  6.67    59.37
107709  107794  0.00    12.23
107712  108050  1.00    84.12
107712  107691  3.81    18.59
107725  107233  7.43    96.85
107725  107904  5.33    118.51
107729  108248  7.78    97.99
107730  106974  10.00   115.16
107730  107868  7.55    113.92
107743  107606  3.20    66.43
107748  107885  12.29   33.58
107749  107014  12.50   113.07
107749  107838  10.00   59.99
107769  107902  3.00    107.66
107769  108027  8.50    42.67
107778  106794  4.75    149.35
107778  107743  1.00    28.74
107783  107729  8.57    93.56
107783  108155  0.00    65.64
107792  107712  4.75    57.39
107794  108119  15.00   96.89
107794  108691  8.88    146.67
107799  107778  5.33    10.39
107799  107705  4.00    91.10
107809  107880  0.00    55.59
107809  107131  20.00   100.84
107813  107851  6.72    42.30
107816  107778  0.00    6.39
107816  107799  0.00    9.23
107825  107235  6.15    97.15
107834  108055  4.75    106.18
107835  107960  7.70    100.53
107835  107093  9.04    114.20
107838  108013  9.53    124.37
107851  107942  10.00   82.52
107851  107209  14.00   103.03
107858  107816  10.00   31.78
107858  107743  1.00    18.06
107868  107112  10.00   115.44
107868  108029  10.25   114.38
107885  108401  4.00    104.04
107885  107239  7.20    112.53
107896  108292  10.28   59.95
107896  107814  3.00    39.63
107898  107783  7.00    64.00
107898  108401  7.21    108.89
107902  107509  11.50   82.70
107927  108637  9.13    139.86
107928  107792  5.64    122.43
107941  108748  0.00    122.58
107942  108073  2.50    90.85
107956  107834  1.00    105.05
107960  108124  11.21   111.53
107960  108717  8.33    115.14
107960  107234  5.13    113.94
107966  107254  8.29    110.20
107966  107358  8.83    134.97
107986  108427  6.50    82.63
107992  108328  7.94    101.86
108013  108248  6.22    90.52
108013  107966  10.00   6.26
108014  108129  2.00    85.12
108014  107570  10.33   96.68
108016  107195  0.00    131.75
108021  107552  2.00    140.70
108021  107964  2.00    37.71
108023  108021  0.00    1.58
108023  107691  0.00    84.31
108027  107680  8.50    73.29
108027  108226  1.00    74.80
108027  108376  9.61    56.31
108029  108169  12.71   113.77
108029  107281  9.33    115.68
108034  108023  0.00    2.51
108034  108021  0.00    1.94
108047  108238  8.86    137.33
108047  108129  5.50    17.91
108050  108023  0.00    19.16
108050  108181  0.00    32.91
108055  108050  0.00    7.96
108055  108181  0.00    38.44
108073  108172  6.00    68.36
108082  108507  0.00    96.46
108082  108055  3.00    9.75
108086  108082  3.00    4.18
108090  107730  4.40    57.14
108090  108237  7.20    114.67
108108  107956  0.00    105.05
108111  107725  8.08    82.78
108115  108234  1.00    19.65
108115  108116  0.00    13.48
108116  107858  1.00    66.29
108119  108748  7.63    100.18
108124  107404  9.89    113.81
108124  108292  9.75    115.45
108136  107928  3.58    122.56
108136  108108  0.00    50.83
108137  108269  6.40    35.21
108169  108336  11.00   114.73
108169  108950  9.70    116.59
108172  108262  6.91    58.67
108181  108951  8.00    136.39
108206  108086  4.67    73.31
108209  107328  0.00    140.95
108226  107902  4.67    67.58
108234  108328  6.75    13.65
108234  108116  3.17    20.78
108235  107500  5.90    117.43
108237  107868  6.50    58.31
108238  108371  0.00    18.26
108238  108295  12.60   37.28
108248  109189  12.45   140.38
108248  108573  8.39    109.93
108262  108279  0.00    8.65
108262  108014  6.57    50.83
108269  108387  6.50    36.68
108269  108402  8.83    103.43
108279  108323  14.33   86.92
108279  108447  17.75   98.35
108288  107748  9.11    101.90
108288  107986  7.10    92.59
108292  109067  8.03    115.56
108292  108482  10.42   114.34
108321  108136  4.92    121.99
108322  108347  8.67    76.06
108322  107904  3.00    100.16
108323  108485  0.00    131.04
108323  108129  6.20    35.75
108328  109081  5.44    115.00
108328  108668  7.29    99.53
108336  107595  5.00    116.00
108336  108502  9.71    116.17
108347  108537  0.00    76.72
108351  107794  0.00    99.90
108376  108557  14.60   57.35
108376  109045  13.00   110.29
108387  108716  7.67    104.66
108387  108137  0.00    35.39
108401  108486  3.00    28.88
108402  107825  10.79   97.15
108402  109031  11.09   139.47
108426  108034  0.00    79.30
108427  108826  10.90   82.60
108447  108516  13.33   75.40
108447  108625  1.67    115.44
108482  108630  9.64    115.40
108482  108090  9.44    57.69
108485  108650  0.00    131.15
108486  108718  8.43    71.00
108502  108627  11.50   91.33
108502  107749  10.38   114.92
108508  108321  3.53    121.97
108516  108613  0.00    75.47
108520  108206  1.75    76.39
108520  109074  11.50   86.19
108537  108809  6.86    59.44
108537  108111  11.50   82.78
108546  107816  7.71    111.11
108546  108668  7.71    37.92
108557  108226  10.00   60.74
108557  108637  2.00    26.48
108562  108322  15.00   103.65
108562  108958  3.00    84.15
108573  108860  7.00    109.99
108599  107835  9.00    116.25
108599  108717  11.33   102.24
108613  108744  0.00    97.93
108621  109084  2.00    83.54
108625  108792  3.00    115.39
108627  108752  9.67    91.33
108630  108783  7.86    114.74
108630  108237  8.60    57.40
108637  109294  7.83    110.61
108637  108809  3.00    59.74
108650  108209  6.00    134.05
108661  108086  3.00    91.84
108668  109091  9.95    68.51
108675  108508  6.53    121.99
108691  108815  0.00    18.93
108691  108846  3.00    24.41
108716  109081  8.71    104.66
108717  108892  7.94    113.45
108717  109254  11.92   81.58
108718  108288  5.50    96.59
108718  109104  20.67   64.54
108720  108621  14.17   112.79
108744  108881  9.91    97.84
108748  108890  0.00    20.64
108752  108013  8.60    112.69
108782  108288  6.50    92.40
108783  108950  7.60    114.75
108783  108029  12.29   115.10
108792  108971  2.07    115.18
108807  108206  9.20    95.05
108808  108351  0.00    97.84
108809  109100  0.00    88.63
108809  108968  0.00    23.77
108815  109160  5.08    98.74
108815  108808  0.00    3.95
108819  109329  11.50   78.85
108819  108520  3.25    75.33
108826  108546  7.81    80.81
108845  108675  4.06    121.95
108846  109039  2.00    29.86
108846  108815  0.00    9.80
108860  108401  11.00   104.57
108873  108720  3.00    112.80
108881  108890  0.00    7.89
108881  108016  6.63    132.42
108890  108846  5.67    50.39
108890  108988  0.00    13.09
108892  109067  13.40   114.93
108892  108124  9.80    115.35
108950  109106  9.33    114.50
108950  109664  7.17    113.85
108958  109234  10.75   127.04
108958  109466  8.00    81.58
108960  108322  5.33    134.96
108966  109189  8.10    147.62
108966  108860  5.33    40.19
108971  108988  2.00    7.78
108971  108881  8.30    12.75
108984  109351  2.63    129.63
108985  108402  11.90   89.60
108988  109039  4.09    39.47
108988  109079  0.00    14.35
108995  108826  7.67    21.50
109019  108599  9.50    64.45
109031  108235  8.56    117.53
109031  109602  7.20    100.24
109034  108958  10.00   86.77
109039  109058  10.00   14.08
109039  109079  0.00    44.12
109045  109319  9.13    48.94
109058  109160  6.75    90.96
109061  108873  3.00    132.31
109064  108845  2.45    148.34
109064  108971  0.00    14.42
109067  109536  6.15    76.84
109067  109222  8.88    113.78
109074  109576  6.50    86.20
109076  108995  15.00   15.45
109079  109139  0.00    10.86
109079  109064  0.00    8.00
109084  109532  0.00    83.62
109091  109076  1.00    64.03
109100  108960  0.00    25.58
109100  109731  3.00    102.34
109104  109387  9.55    127.56
109106  108336  5.80    116.16
109106  109253  8.36    115.27
109111  108486  5.71    96.48
109116  109245  6.89    58.51
109125  109384  10.80   58.13
109125  109081  0.00    8.37
109126  108845  3.00    148.16
109126  109064  0.00    10.88
109139  109126  0.00    8.26
109139  109915  0.00    133.89
109157  110020  8.83    144.00
109157  108819  0.00    76.00
109160  109254  5.22    88.99
109189  109591  10.75   81.18
109189  109583  9.70    129.63
109196  109084  10.00   100.24
109214  109139  4.67    74.37
109217  109045  11.50   58.88
109217  108557  7.25    110.45
109222  108482  9.36    115.15
109222  109361  6.52    115.67
109229  109061  0.00    132.31
109245  109411  7.20    71.22
109245  108661  6.80    91.84
109253  109450  10.25   134.90
109253  109954  7.67    113.56
109253  108502  8.13    116.17
109254  109394  4.25    115.06
109274  108892  8.92    59.16
109294  109932  12.22   110.86
109296  108718  9.65    91.62
109302  109196  0.00    100.24
109302  108873  9.22    66.53
109312  109229  6.50    68.84
109319  109602  11.00   51.88
109319  109505  13.33   63.77
109324  109402  0.00    125.90
109329  109797  10.29   78.85
109351  108985  9.50    86.20
109361  109507  10.62   116.14
109361  108630  6.00    112.30
109365  109214  4.07    140.97
109384  109658  9.93    117.12
109384  108984  43.25   126.37
109387  109957  7.57    94.37
109387  108782  5.33    94.42
109387  108995  4.18    135.39
109394  109536  5.37    115.13
109402  109915  2.00    105.66
109411  109576  10.20   72.17
109411  108807  6.50    95.05
109415  108960  7.20    71.30
109423  109643  4.43    89.77
109423  109091  11.25   62.62
109423  109081  8.92    112.24
109450  110125  7.75    110.42
109454  109034  8.00    90.49
109454  109415  0.00    7.99
109464  110258  0.00    130.44
109464  109157  5.44    77.10
109466  109878  6.50    67.29
109466  109736  9.50    138.28
109470  109324  0.00    125.09
109485  109031  7.83    84.87
109493  109666  1.00    127.91
109505  109217  1.00    51.30
109507  108783  10.00   112.65
109507  109664  9.71    115.14
109524  109365  7.82    141.05
109532  109655  6.50    91.31
109536  109717  1.00    143.99
109576  109797  8.00    72.85
109576  110069  6.60    84.41
109583  110142  6.33    102.19
109583  108752  7.47    129.28
109591  109774  9.00    78.10
109611  108968  6.83    108.09
109611  109961  3.00    76.16
109614  109470  0.00    125.02
109626  109222  3.60    65.92
109634  109125  6.38    79.81
109643  109800  8.90    86.27
109655  109757  10.80   76.88
109658  109758  10.00   84.18
109658  109351  7.67    99.16
109664  109811  8.38    115.26
109664  110093  7.80    68.82
109666  109229  0.00    72.59
109681  109361  6.00    52.49
109694  108968  6.75    118.16
109700  109614  2.67    112.07
109700  109524  7.31    141.07
109707  109882  7.20    65.98
109707  110207  10.00   77.95
109707  109111  8.94    96.48
109717  109900  3.07    144.00
109731  109415  3.00    51.36
109731  110256  10.00   79.98
109757  109894  0.00    105.38
109757  109302  10.00   71.69
109758  109863  8.43    84.18
109769  110188  11.33   92.91
109774  109707  9.18    129.48
109774  108966  9.41    130.53
109774  110641  5.60    130.77
109785  109497  7.82    107.93
109795  109700  0.00    77.01
109797  110020  9.80    72.96
109800  109957  6.50    86.27
109811  109106  8.20    112.73
109811  109954  8.40    113.34
109863  109485  7.82    83.21
109863  109989  9.21    113.71
109874  110174  9.11    113.44
109878  110276  8.17    62.05
109878  109906  3.00    31.22
109882  109296  8.61    92.36
109882  109769  10.55   90.68
109882  110058  6.13    27.82
109893  109507  7.67    62.65
109894  110043  1.00    105.38
109900  110154  0.00    144.38
109909  109795  1.00    142.66
109915  109962  0.00    10.15
109918  110077  8.47    61.09
109932  110617  15.69   110.57
109935  109961  3.00    43.19
109935  109611  3.00    52.35
109947  109795  4.33    105.13
109954  110472  6.40    75.41
109954  110125  11.14   129.65
109957  110188  3.00    35.79
109959  109962  5.33    13.03
109959  109126  0.00    147.27
109960  109464  7.25    95.67
109961  110617  11.50   134.67
109962  109970  0.00    7.33
109962  110499  0.00    135.63
109970  110026  15.00   29.37
109989  109602  12.50   68.71
110006  109658  8.94    111.57
110008  109959  0.00    17.19
110020  110258  5.43    72.95
110026  110388  5.50    74.79
110043  109666  0.00    61.48
110043  110149  3.00    73.94
110058  110730  5.64    144.46
110059  110077  7.25    47.97
110061  109918  7.57    112.05
110069  109785  12.00   107.89
110077  110210  8.26    19.75
110098  110517  7.71    66.69
110098  110069  9.13    22.47
110105  109466  9.57    145.01
110105  109454  9.18    117.77
110106  109423  11.21   133.56
110106  109634  5.67    79.26
110112  109532  3.00    100.36
110122  110309  0.00    59.51
110125  110770  8.07    94.37
110131  109909  11.50   143.14
110142  110844  7.81    103.92
110149  109312  4.25    138.56
110149  110251  0.00    14.26
110154  110322  4.95    143.86
110174  110517  10.64   113.44
110175  110794  0.00    102.43
110175  110098  11.50   31.36
110188  110553  6.15    149.85
110196  110441  3.88    57.19
110196  110059  7.48    36.47
110207  110730  8.95    77.95
110210  110318  0.00    49.50
110210  110348  6.83    20.00
110219  110061  4.01    112.07
110229  109947  3.00    117.21
110235  109505  10.25   124.53
110245  109863  11.86   140.69
110251  110008  0.00    56.74
110256  109694  4.40    114.64
110256  110970  5.33    108.44
110258  110630  9.64    115.67
110276  110260  10.29   62.96
110278  110059  0.00    34.44
110278  110196  9.00    32.37
110295  109583  6.05    138.23
110309  109643  9.33    121.12
110318  110278  0.00    7.68
110322  110575  7.92    121.23
110322  109811  6.67    78.72
110333  109757  10.00   91.65
110348  110513  4.26    24.06
110348  110832  7.69    128.29
110385  110131  6.90    143.12
110387  110175  5.86    59.85
110388  110807  8.75    75.75
110397  109655  0.00    116.89
110405  110219  9.62    112.12
110407  110405  0.00    0.96
110418  110447  0.00    5.73
110418  110251  0.00    48.60
110419  110106  8.21    46.41
110419  110006  6.25    111.82
110441  110807  4.73    91.16
110442  110276  10.86   66.25
110442  110105  3.00    63.96
110447  109959  0.00    123.64
110447  110499  0.00    7.78
110499  110514  0.00    2.23
110499  110845  2.00    138.24
110513  111001  4.97    77.39
110513  110318  6.44    44.43
110514  110645  20.00   22.81
110517  110794  6.50    55.94
110553  110581  1.67    29.81
110562  110667  15.00   149.30
110562  110256  15.00   59.60
110566  109960  14.33   96.98
110566  110811  0.00    34.74
110575  110770  2.00    120.79
110581  110606  5.22    17.95
110581  110650  0.00    12.90
110599  110385  7.29    135.19
110599  110322  0.00    104.96
110606  110626  3.25    22.66
110615  110659  10.00   9.67
110616  110553  5.10    74.29
110617  110893  8.44    43.85
110625  110418  0.00    87.25
110626  110701  7.76    48.18
110626  110729  2.60    34.81
110630  110706  3.00    20.13
110636  110407  8.86    132.61
110641  111172  10.75   77.62
110641  110295  8.33    133.04
110645  111105  7.67    77.88
110650  110729  0.00    11.25
110650  110606  0.00    12.14
110659  110821  3.00    35.68
110661  110447  1.00    86.23
110665  110229  7.86    118.47
110667  109935  8.92    107.43
110673  110975  3.00    104.44
110673  110912  0.00    52.65
110701  110309  7.71    60.13
110701  110737  3.09    28.46
110706  110566  7.80    23.19
110706  110811  0.00    21.83
110719  110387  6.80    101.74
110721  110641  5.64    62.34
110723  110650  0.00    10.99
110723  110673  0.00    112.67
110729  110759  3.00    4.45
110730  110721  7.88    61.45
110735  111003  9.34    71.27
110735  109989  9.70    122.59
110737  110849  6.46    83.95
110737  110419  9.71    58.31
110748  110723  0.00    4.44
110759  111012  0.00    37.38
110765  110706  0.00    14.25
110765  110630  0.00    20.64
110765  110811  0.00    27.40
110770  110844  5.50    59.38
110774  110112  0.00    100.62
110779  110599  3.70    98.60
110780  110058  6.78    124.87
110800  110667  9.83    18.95
110800  110853  9.50    93.64
110800  110861  0.00    9.25
110807  111473  8.09    118.12
110807  111189  4.86    90.31
110811  111373  20.00   81.17
110821  110869  0.00    11.34
110821  111587  7.43    148.32
110832  111166  4.25    77.48
110835  110260  5.38    89.98
110835  110967  3.31    24.96
110844  110919  1.00    13.57
110844  111033  0.00    133.49
110845  110934  0.00    31.34
110845  110961  0.00    29.80
110849  110966  5.44    83.95
110852  110889  0.00    6.42
110852  110625  20.00   87.31
110852  110333  10.67   90.09
110853  111197  0.00    49.32
110853  110893  10.00   48.58
110854  110636  9.13    132.49
110861  111565  5.33    120.00
110861  111632  10.27   115.45
110864  110665  0.00    116.47
110867  110441  4.67    77.33
110867  110600  4.67    41.39
110876  110835  5.05    29.37
110876  110442  9.00    89.61
110889  110934  3.00    8.35
110889  110661  0.00    86.20
110893  111153  9.13    42.24
110909  110912  0.00    22.15
110909  110616  4.00    76.13
110912  110975  2.00    103.14
110912  110956  1.00    16.30
110919  110779  5.62    98.43
110934  110961  0.00    6.17
110934  111476  0.00    122.91
110956  110995  3.92    75.48
110961  111443  0.00    106.31
110961  111010  0.00    10.07
110966  110245  9.90    144.76
110966  111096  9.52    91.39
110967  111131  0.00    26.75
110970  110442  9.13    108.78
110975  111004  0.00    36.67
110991  110956  0.00    76.69
110992  110909  3.63    119.14
110995  111061  0.00    75.55
110999  110387  0.00    105.77
110999  110794  9.50    57.47
111001  111684  9.10    109.20
111001  110867  5.40    48.73
111003  110235  11.09   124.33
111003  111153  3.00    31.86
111004  110748  4.16    37.98
111004  111012  0.00    7.51
111009  110721  8.64    43.36
111010  111116  0.00    19.02
111012  111129  0.00    131.63
111012  111066  0.00    7.82
111019  110992  1.00    25.88
111021  110919  7.40    81.06
111026  111019  0.00    5.86
111028  110562  7.67    85.96
111030  110864  0.00    116.32
111031  110876  0.00    24.86
111031  111165  6.53    142.72
111033  111172  7.86    133.30
111039  110854  6.00    132.29
111060  110991  7.17    76.76
111060  111004  0.00    7.76
111061  111067  2.60    6.03
111066  111400  0.00    48.41
111066  111060  0.00    7.48
111067  111205  7.00    141.60
111079  110659  14.33   80.17
111095  111571  7.50    105.58
111096  111128  9.16    120.46
111101  110765  10.00   75.91
111101  110719  20.00   102.30
111105  110851  10.00   130.49
111105  111545  6.50    78.57
111116  111133  0.00    3.35
111128  111181  0.00    11.54
111128  110735  12.00   91.88
111129  111257  0.00    131.64
111131  111644  9.96    90.63
111131  111149  15.00   23.06
111133  111311  0.00    41.70
111138  111026  0.00    132.72
111147  111096  0.00    36.40
111149  111031  8.62    25.01
111149  111652  8.09    81.77
111151  110852  3.00    92.19
111151  110397  0.00    116.89
111153  111472  3.83    45.13
111153  111659  6.38    114.02
111165  110970  9.00    30.13
111165  111028  8.17    82.20
111166  111387  9.21    100.55
111172  111138  3.00    96.90
111174  111030  1.00    92.89
111181  111147  9.80    76.18
111181  111340  2.00    32.56
111186  111066  0.00    120.55
111189  111545  4.50    90.22
111205  111207  7.25    141.47
111207  111021  1.00    141.76
111237  111039  8.71    132.27
111257  111328  0.00    131.55
111279  110407  10.09   131.59
111292  111186  0.00    120.56
111311  111443  3.00    70.34
111311  111704  0.00    100.27
111315  111174  9.55    92.89
111315  111237  5.64    132.22
111328  111147  1.00    34.40
111328  111340  0.00    99.32
111340  111385  10.74   91.55
111363  111380  6.71    108.31
111363  111516  10.00   116.49
111364  111292  0.00    120.46
111373  111562  11.50   30.00
111373  111420  0.00    30.65
111374  111363  10.00   35.70
111380  111478  4.80    108.42
111381  111095  8.44    70.87
111381  111846  5.05    91.69
111381  111101  0.00    51.06
111385  111003  9.24    63.40
111385  111472  7.53    52.86
111387  111479  9.31    99.76
111394  111364  0.00    120.42
111395  111060  10.00   48.55
111395  111374  0.00    33.13
111400  111920  0.00    89.71
111400  111395  0.00    7.26
111420  111101  0.00    76.27
111429  111886  8.67    89.83
111429  111400  8.13    25.02
111430  110832  7.45    91.76
111432  110999  21.00   86.31
111433  111315  12.05   72.83
111438  111279  10.00   23.59
111443  111476  0.00    17.17
111443  111665  0.00    44.41
111468  110774  0.00    101.42
111468  111151  8.67    78.77
111472  111546  7.25    12.80
111472  111659  13.80   96.20
111473  111768  11.20   72.93
111476  111641  0.00    33.23
111476  111496  0.00    10.99
111478  111486  0.00    11.11
111479  111438  8.05    6.95
111479  112284  9.71    140.65
111479  111543  4.50    70.50
111480  111433  10.00   37.65
111480  111595  7.86    27.08
111486  111528  10.00   35.07
111492  111385  0.00    23.87
111492  111394  0.00    120.54
111496  110889  0.00    133.09
111496  111577  0.00    49.13
111497  111429  6.71    106.12
111503  111645  0.00    34.05
111511  111587  3.75    36.33
111511  111079  6.80    80.17
111516  111613  9.00    116.28
111528  111614  2.39    104.74
111528  111634  0.00    86.30
111532  111122  0.00    81.49
111537  111492  0.00    26.55
111543  111674  8.29    146.44
111545  111782  6.38    66.53
111545  112075  7.77    114.91
111546  111537  0.00    5.93
111547  111468  20.00   34.53
111548  111547  0.00    18.89
111562  111610  0.00    8.33
111562  111548  10.13   18.36
111565  111585  0.00    12.84
111571  112032  10.00   106.42
111572  111165  9.13    61.15
111572  111652  9.09    129.66
111576  111420  0.00    33.47
111576  111562  10.00   14.51
111577  111589  3.00    33.36
111585  111682  4.89    35.54
111587  111799  16.25   93.92
111589  111600  0.00    22.69
111590  111480  8.09    91.21
111595  112156  8.73    105.49
111595  111433  6.50    32.11
111596  112453  9.01    146.59
111600  111610  20.00   15.68
111604  111133  10.50   84.87
111604  111745  0.00    39.02
111610  111973  11.50   65.45
111610  111620  0.00    13.58
111613  112225  10.00   137.11
111613  111673  8.61    99.09
111614  111642  6.00    104.61
111620  111576  0.00    7.30
111626  111577  0.00    33.06
111626  111496  0.00    26.07
111632  111694  5.33    10.09
111634  111689  6.00    86.03
111641  111626  0.00    7.01
111641  112197  0.00    115.35
111642  111590  9.55    91.02
111645  111532  0.00    81.56
111652  112382  7.44    135.13
111659  111737  4.67    36.30
111665  112137  0.00    93.98
111665  111641  0.00    11.07
111673  111689  9.65    103.16
111674  111697  6.67    26.22
111682  111912  6.23    97.17
111684  111768  5.50    15.24
111687  111381  6.80    82.92
111689  111642  5.86    39.45
111694  111565  7.86    75.32
111697  111758  8.13    77.28
111704  111665  18.56   15.27
111716  111771  7.78    125.09
111719  111166  3.00    84.73
111721  111497  7.00    86.09
111737  111694  0.00    18.76
111737  111771  2.00    16.06
111738  111687  10.00   17.67
111738  111576  7.00    46.35
111758  111856  10.64   92.51
111768  112233  8.32    88.35
111771  112117  6.05    136.81
111771  111832  3.00    17.45
111782  111633  0.00    69.50
111782  112055  4.68    84.56
111791  111473  11.00   90.05
111799  111812  0.00    4.70
111799  112124  0.00    63.51
111812  111432  6.70    86.31
111812  111867  0.00    34.13
111832  111546  4.30    136.75
111846  112221  5.22    91.69
111856  111908  8.41    102.69
111867  111949  2.00    48.63
111886  112439  4.94    90.99
111907  112036  9.00    123.70
111908  111964  11.33   45.70
111910  111395  0.00    89.53
111911  111374  5.89    100.25
111912  111572  10.00   63.94
111912  112070  6.78    48.99
111913  111620  0.00    54.86
111913  111738  0.00    55.89
111915  111684  6.47    119.46
111915  111430  6.30    91.69
111920  112474  11.20   89.73
111932  111558  0.00    66.88
111932  111612  0.00    93.99
111936  111543  6.40    70.51
111936  112014  7.00    125.78
111949  112032  5.40    45.53
111949  111645  1.00    70.99
111952  111897  3.00    17.33
111960  111716  6.52    97.33
111964  112011  11.47   54.98
111973  112182  0.00    37.87
111973  111913  0.00    8.73
111978  111907  21.17   122.53
111978  111721  5.47    86.66
112009  111952  3.00    25.12
112011  112156  9.94    117.07
112011  112451  0.00    69.83
112014  111674  7.17    72.35
112022  111497  5.13    102.66
112031  111687  3.00    80.29
112032  112180  1.67    70.22
112036  112164  55.25   36.72
112036  112320  0.00    55.16
112051  112309  10.50   52.88
112055  112246  5.63    54.49
112055  111604  7.20    99.45
112070  112382  4.97    133.83
112070  111960  5.48    49.01
112075  112391  9.09    64.95
112075  111791  10.50   90.05
112099  111509  6.50    102.90
112117  112511  5.17    136.90
112122  111915  7.07    92.81
112122  111719  5.45    83.11
112124  112196  0.00    31.18
112132  112151  0.00    5.00
112132  112099  0.00    89.29
112137  112706  0.00    95.21
112138  111704  10.00   90.84
112146  112122  0.00    11.45
112151  112160  2.33    13.03
112151  112746  8.64    94.31
112156  112470  12.60   69.82
112156  112217  5.60    78.38
112160  112536  9.83    93.54
112160  112146  9.44    15.01
112163  111832  4.63    145.53
112164  112262  1.00    28.33
112164  112468  0.00    56.82
112174  111626  0.00    114.36
112180  112221  8.63    20.52
112180  112300  0.00    25.24
112182  112524  0.00    53.95
112196  111867  0.00    68.21
112197  112832  3.04    115.40
112205  112486  10.00   73.59
112205  111704  10.55   111.52
112214  112168  8.67    54.14
112214  111908  14.33   51.95
112217  112293  7.13    78.39
112221  112428  6.33    88.02
112223  111673  10.53   120.06
112223  112225  9.52    21.40
112225  112322  9.22    89.41
112233  112342  7.14    17.10
112233  112391  5.50    125.24
112246  112576  3.67    82.41
112246  112560  0.00    60.71
112249  112196  0.00    9.64
112262  112723  9.11    127.07
112262  111952  0.00    61.67
112274  112223  0.00    8.60
112274  112305  10.00   76.46
112284  112822  9.82    83.00
112284  112356  10.00   69.92
112293  112317  7.83    116.62
112300  112352  0.00    7.64
112305  112223  10.19   75.41
112309  112547  0.00    62.31
112309  112723  3.00    76.82
112317  112510  13.25   30.92
112317  112305  0.00    50.40
112318  112014  11.56   51.64
112318  112389  12.17   83.04
112322  112329  15.00   4.74
112322  112274  8.25    107.94
112329  112341  8.42    6.95
112332  112055  5.50    56.02
112332  112255  0.00    55.50
112341  112465  10.00   19.51
112341  112453  7.23    110.93
112342  112381  3.00    6.13
112342  112384  1.00    21.28
112352  112481  0.00    27.09
112356  111936  6.50    68.65
112356  112421  9.00    79.33
112366  112318  5.33    7.27
112372  111978  10.00   116.57
112372  112086  0.00    58.53
112381  112646  12.00   42.71
112382  112932  9.75    91.67
112382  112527  8.61    128.34
112384  112493  8.14    101.72
112387  112599  0.00    46.18
112387  112138  11.50   44.16
112389  111697  8.38    126.46
112389  112459  11.06   77.37
112391  112662  8.64    77.43
112412  112381  0.00    21.99
112421  112366  10.00   79.63
112428  112695  3.00    107.83
112428  112031  6.00    80.29
112439  112572  1.00    21.99
112453  113058  8.44    94.31
112453  112537  6.25    93.93
112454  112345  6.50    110.37
112454  112329  0.00    19.64
112459  112496  10.00   32.55
112459  111758  10.33   127.33
112462  111910  0.00    89.53
112465  112454  10.00   7.60
112470  113005  21.60   100.72
112470  112532  9.86    60.49
112474  112557  6.75    12.78
112481  112602  0.00    95.27
112481  113167  1.00    138.70
112486  112138  10.00   78.89
112486  112786  0.00    68.00
112493  111915  9.29    98.34
112493  112146  0.00    147.62
112496  112598  11.13   102.46
112496  111856  10.29   110.36
112510  112293  7.12    113.99
112510  112989  7.80    74.42
112511  112927  11.00   136.91
112523  112356  10.45   28.11
112524  112806  3.00    42.99
112526  112332  7.25    36.77
112526  112707  0.00    46.72
112532  112664  9.15    108.11
112536  112584  3.91    77.96
112537  111911  8.54    101.18
112537  112546  0.00    11.81
112540  112412  13.20   73.33
112546  112557  0.00    10.62
112546  112462  10.58   12.50
112547  112437  0.00    19.40
112547  112675  0.00    38.82
112551  112252  0.00    59.15
112557  112685  5.92    23.16
112557  112572  0.00    14.56
112572  112680  8.09    132.39
112576  112875  5.46    80.77
112576  112205  5.46    70.03
112578  112182  0.00    62.52
112578  112524  0.00    19.91
112584  112540  9.64    29.72
112584  112493  5.13    13.24
112595  112163  7.00    145.76
112598  112214  10.00   58.06
112599  112387  0.00    46.18
112602  113167  0.00    98.78
112618  111932  0.00    144.45
112618  112099  0.00    81.71
112631  112707  0.00    17.15
112636  112510  10.43   128.42
112636  112345  10.00   44.84
112642  111964  9.22    107.23
112646  112722  0.00    15.32
112649  112599  0.00    8.23
112655  112526  1.00    21.31
112655  112477  0.00    47.27
112662  112956  9.10    77.70
112664  112839  7.20    28.59
112667  112618  0.00    7.82
112675  112558  0.00    21.86
112680  112022  5.38    103.68
112680  112725  2.82    50.04
112685  113297  7.94    100.48
112695  112749  8.50    24.84
112706  112851  7.10    21.93
112707  112797  0.00    17.15
112716  112372  13.20   101.01
112722  113416  7.69    111.51
112722  112924  0.00    85.71
112723  112739  0.00    4.36
112723  113361  9.25    116.01
112725  112397  0.00    51.40
112725  112761  10.00   35.46
112739  113370  4.25    98.31
112739  113053  5.33    85.57
112740  113581  16.67   136.96
112740  112716  6.50    7.90
112742  112873  0.00    40.93
112745  112655  32.60   21.10
112745  112574  0.00    49.68
112746  112770  9.18    81.84
112746  113374  9.82    93.86
112749  112791  0.00    18.58
112749  112578  0.00    29.48
112761  112418  10.00   52.97
112761  112802  9.63    54.43
112770  112822  8.00    81.89
112786  112867  0.00    15.53
112786  112649  2.00    37.03
112791  112799  0.00    19.20
112791  112816  0.00    8.15
112798  113139  9.00    111.78
112798  112695  0.00    18.10
112799  112749  0.00    7.83
112799  112798  0.00    13.97
112802  113460  5.60    105.90
112802  111978  6.11    133.44
112802  112925  9.20    131.03
112805  112646  12.33   93.16
112806  112174  14.31   114.42
112806  112818  0.00    2.08
112816  112806  0.00    1.93
112816  112818  0.00    1.08
112818  112832  0.00    5.99
112818  112921  0.00    14.70
112822  112929  10.43   118.04
112830  112546  4.83    45.42
112830  112685  0.00    29.61
112832  112921  0.00    14.33
112832  112952  1.00    34.71
112839  113222  6.50    57.42
112851  112955  3.00    21.45
112851  113113  3.47    38.76
112871  113201  4.00    119.16
112873  112712  0.00    40.84
112875  112582  4.67    57.47
112875  113067  5.13    51.07
112897  112636  8.53    42.55
112921  113566  0.00    116.37
112921  113627  0.00    130.88
112924  112540  0.00    67.14
112925  112716  6.50    76.74
112925  113542  8.78    102.22
112927  113340  1.00    136.87
112929  113017  10.67   118.03
112946  112799  0.00    23.90
112946  112798  0.00    22.24
112952  113014  3.00    16.40
112955  112649  0.00    47.59
112955  113216  3.50    57.68
112956  112745  13.20   37.65
112956  113320  7.35    92.78
112957  112465  8.88    75.94
112986  112576  9.56    79.06
112986  112873  0.00    26.69
112989  113359  9.33    56.26
112989  112839  11.00   132.59
113005  113109  10.33   95.11
113005  113411  8.86    62.98
113007  112352  0.00    137.54
113014  113113  9.33    21.76
113017  112366  5.58    103.66
113017  113094  11.50   96.31
113026  112924  0.00    18.33
113029  112595  2.20    145.88
113039  112957  6.89    12.83
113039  112897  9.67    123.17
113043  112740  15.00   83.74
113053  112729  0.00    59.34
113053  113202  0.00    35.65
113054  112830  3.00    33.66
113054  112537  6.20    80.94
113058  113768  9.81    113.86
113058  112957  10.58   106.73
113067  113423  0.00    69.08
113067  113216  4.33    35.62
113094  113187  6.40    92.80
113109  113222  11.14   108.85
113109  112532  8.67    88.38
113113  113327  6.84    49.09
113113  113947  8.57    129.26
113118  112989  10.50   131.23
113118  112897  10.46   32.68
113139  113477  4.67    111.73
113148  113932  10.22   128.90
113148  113229  7.93    103.10
113167  113007  0.00    142.59
113171  113204  6.88    80.44
113171  112805  8.60    94.93
113179  113205  3.00    9.67
113187  113265  12.08   92.84
113201  113179  1.33    24.93
113202  113148  2.20    22.78
113204  113416  10.00   55.87
113205  113430  3.00    76.77
113216  113327  2.88    27.92
113222  113280  8.50    66.03
113222  113806  10.00   94.65
113226  112680  6.80    87.17
113228  112986  7.00    45.75
113228  113320  5.03    82.61
113229  113335  7.28    111.87
113229  112871  10.00   56.82
113235  113007  0.00    45.54
113254  112584  11.13   108.17
113254  113413  10.14   51.91
113265  113314  6.00    44.57
113265  112598  6.86    104.02
113280  113359  10.79   66.67
113284  112536  5.84    125.31
113297  113977  7.44    111.01
113297  113210  0.00    41.29
113314  113338  13.20   21.04
113314  113598  0.00    47.22
113320  113342  10.00   4.94
113327  113838  3.05    124.05
113335  113602  7.40    53.58
113335  113201  8.00    26.02
113338  112642  3.00    107.28
113338  113411  6.92    70.59
113342  113479  12.44   38.21
113359  113954  4.71    94.38
113361  113043  6.33    83.91
113361  113839  7.75    79.08
113370  114183  6.13    129.20
113370  113202  6.40    75.97
113374  113452  7.25    93.21
113374  113673  9.10    51.23
113411  113588  7.63    31.42
113413  113284  10.00   21.77
113414  113325  11.00   14.12
113414  113463  20.00   71.69
113416  114106  8.97    108.24
113423  113260  0.00    40.03
113423  113224  0.00    105.15
113430  113648  3.00    76.95
113452  113662  11.50   92.55
113452  113112  0.00    57.26
113459  113029  5.75    145.76
113460  114188  12.00   115.31
113463  113017  5.50    68.49
113477  113654  11.00   70.91
113479  113762  5.53    78.68
113479  113228  10.06   49.31
113481  113118  6.00    57.85
113542  113562  0.00    11.18
113542  114099  8.17    86.88
113558  113204  7.59    79.73
113566  114242  0.00    116.01
113579  112816  0.00    138.65
113581  114443  3.00    136.82
113588  114234  15.00   96.83
113588  113680  8.10    103.31
113601  113039  9.54    90.00
113601  113481  8.78    125.41
113602  113833  8.78    72.27
113602  113757  5.33    29.57
113606  113171  13.60   114.45
113606  113342  11.82   67.04
113627  114394  0.00    130.88
113648  113867  4.44    33.82
113649  112946  1.29    130.55
113662  113724  10.00   69.18
113662  113221  10.00   72.66
113673  114231  9.50    111.88
113673  114070  5.80    83.11
113680  113743  7.91    55.56
113680  113109  10.89   93.48
113702  113800  13.20   94.87
113702  113463  2.00    40.93
113724  113286  0.00    70.60
113724  113794  16.67   70.85
113730  113226  5.00    87.01
113730  113460  10.54   122.67
113743  113806  12.33   53.63
113757  113984  6.00    38.14
113757  114013  0.00    73.47
113762  114097  7.00    78.68
113768  113969  9.00    27.36
113794  113414  9.20    63.07
113794  113885  11.22   73.44
113800  113898  6.67    91.03
113800  113094  3.00    112.56
113806  113887  8.43    65.32
113806  114449  14.60   95.50
113833  113527  5.20    53.70
113833  113966  8.00    37.94
113838  114097  13.79   54.41
113839  114255  11.20   60.90
113850  113601  8.60    37.51
113872  113254  10.50   113.14
113881  113839  10.00   14.88
113884  113284  8.86    98.96
113885  113702  8.80    24.54
113887  113954  11.11   66.69
113887  113280  10.00   94.18
113891  113867  0.00    5.31
113898  114744  11.50   128.77
113898  113967  11.73   65.12
113905  113054  5.71    132.30
113905  113768  10.17   123.96
113932  114218  5.50    92.79
113947  114811  0.00    129.16
113954  114592  7.43    96.92
113954  114089  20.00   132.60
113958  113606  6.07    78.49
113958  113558  6.88    79.85
113966  114238  8.57    82.21
113966  113675  9.33    46.72
113967  114034  10.86   72.61
113967  114780  14.33   123.46
113969  114467  9.77    76.91
113969  113850  12.36   102.83
113977  114026  6.80    8.47
113977  113989  8.18    10.18
113984  114218  10.00   39.10
113984  114504  10.00   106.18
113989  113905  8.25    100.45
113993  113413  9.05    105.45
114010  113838  1.67    25.32
114013  113833  0.00    30.14
114026  113730  9.41    125.01
114026  114278  10.00   37.13
114030  113477  9.20    87.28
114034  114819  11.13   117.36
114034  114064  0.00    29.34
114056  114222  12.42   124.73
114056  113481  10.12   88.13
114064  113338  6.50    112.83
114070  114642  3.77    85.79
114089  114056  10.00   4.94
114097  114720  5.38    134.71
114099  114653  6.38    86.86
114106  114805  9.30    108.19
114145  114010  8.67    28.11
114183  113932  5.33    102.20
114183  114800  11.20   99.53
114188  114898  8.86    115.28
114213  113606  8.63    107.36
114213  114363  10.12   72.51
114218  114651  9.00    77.95
114222  113850  9.08    53.90
114231  114425  0.00    46.38
114231  114359  0.00    25.65
114234  114850  18.00   93.24
114234  114292  15.00   59.74
114238  114399  10.00   51.01
114238  113867  7.88    59.68
114240  114145  3.00    23.46
114240  114010  3.00    32.07
114242  114403  0.00    28.73
114255  114381  2.50    20.32
114255  114443  12.75   88.57
114258  114749  3.00    81.74
114258  114357  13.25   39.91
114278  114855  7.85    94.68
114290  113891  10.00   92.19
114292  114307  10.58   16.08
114292  113798  11.29   70.89
114307  114336  14.33   34.96
114324  114278  0.00    18.96
114324  113989  10.00   50.26
114336  113680  0.00    95.47
114336  114390  20.00   52.92
114350  114258  11.38   137.41
114357  114070  11.50   71.92
114359  114521  10.00   37.49
114359  114588  3.00    58.74
114363  113958  5.95    79.20
114381  114183  10.00   104.22
114381  115059  6.25    110.36
114382  113579  11.50   138.65
114382  114394  0.00    7.40
114388  114382  0.00    16.63
114390  114449  10.20   56.48
114390  113743  6.58    95.46
114394  114539  0.00    27.11
114394  114403  0.00    5.80
114399  113891  10.00   78.50
114403  114541  0.00    25.46
114403  114679  7.80    81.81
114411  114388  0.00    13.47
114411  113649  6.22    130.49
114441  113885  9.53    84.29
114441  114350  10.80   102.62
114443  114653  9.20    86.49
114449  115322  7.38    141.45
114449  114592  10.11   131.46
114464  113730  17.90   114.59
114467  114958  10.50   76.91
114498  114240  2.73    41.50
114511  113872  7.25    113.26
114521  113884  7.94    99.58
114535  114388  0.00    25.19
114537  114382  6.25    29.02
114554  114030  16.67   86.58
114563  114312  6.25    52.89
114563  114213  8.15    77.35
114578  113905  7.36    100.66
114592  115482  8.53    140.56
114592  114724  9.33    133.10
114642  115158  5.30    85.79
114651  114451  7.00    58.07
114651  114721  1.00    14.17
114652  114145  18.50   110.20
114653  114898  6.50    108.96
114653  115410  9.24    127.59
114674  114812  9.58    123.92
114674  114089  8.00    88.06
114679  115041  7.11    113.32
114681  114706  9.14    74.78
114681  114441  8.56    34.95
114701  113993  6.87    107.47
114706  114726  10.88   50.75
114706  114244  10.00   70.55
114708  114013  0.00    119.21
114720  114881  5.20    45.82
114721  115047  3.71    64.98
114721  115096  0.00    89.27
114724  114674  11.00   9.15
114726  114283  1.00    69.77
114726  114744  7.14    61.39
114734  114679  0.00    12.72
114734  114541  7.25    85.14
114744  114780  9.20    65.31
114749  115227  0.00    79.78
114749  114824  6.25    59.07
114776  114563  16.67   55.75
114780  114819  14.00   74.42
114800  115387  8.83    99.53
114805  114511  7.00    110.37
114805  115155  7.80    78.87
114808  115316  0.00    85.86
114808  114734  0.00    16.59
114811  114652  10.00   35.26
114811  115184  0.00    64.59
114812  114222  8.80    90.31
114819  114829  0.00    20.45
114824  114860  3.00    47.37
114825  113966  7.50    140.85
114829  114830  8.00    9.59
114830  114850  15.00   55.68
114830  114064  20.00   114.77
114844  114324  10.24   79.37
114847  114776  6.89    17.07
114847  115021  3.25    66.02
114847  114363  6.48    97.84
114849  114238  8.17    101.28
114850  115064  10.67   38.99
114855  115403  4.36    94.91
114860  114350  7.80    76.96
114865  114812  14.33   7.90
114865  114958  9.20    104.25
114866  114772  0.00    61.63
114866  114390  11.09   71.87
114881  114776  3.00    15.43
114881  114847  0.00    17.24
114898  115641  11.71   129.25
114898  115142  8.90    123.47
114958  115062  8.69    17.79
114991  114720  3.55    81.77
114991  114498  4.67    132.61
115021  115318  4.36    61.71
115041  115152  8.13    32.93
115047  115395  6.22    101.72
115047  115387  5.00    62.43
115059  115981  7.28    146.83
115062  115185  8.86    127.39
115062  115209  7.67    25.34
115064  115138  6.50    48.01
115064  115144  0.00    13.79
115071  114521  7.25    88.65
115095  114498  3.36    95.37
115095  114991  15.00   54.41
115103  115021  7.75    61.72
115103  114881  3.71    47.35
115108  114734  11.00   66.30
115119  114808  6.00    101.26
115130  114501  2.00    108.86
115138  115156  10.00   13.36
115138  115375  0.00    37.85
115142  114464  8.33    114.62
115142  115403  10.00   123.00
115144  115627  10.00   96.51
115144  115284  0.00    32.58
115152  115184  6.36    9.83
115155  115534  6.39    78.87
115156  115269  9.91    83.65
115156  114307  7.00    136.51
115158  115412  13.33   43.50
115166  115337  9.53    130.87
115184  115389  11.50   39.37
115185  114578  8.33    100.65
115185  115304  12.88   113.76
115189  114357  11.86   135.20
115209  115931  9.17    109.81
115209  115435  0.00    68.75
115211  114860  13.20   62.70
115211  115317  9.00    103.01
115214  114724  8.90    82.33
115214  115378  10.09   123.69
115215  115059  10.50   81.20
115227  115754  0.00    79.95
115231  115119  4.09    31.84
115237  115291  0.00    53.72
115239  114652  5.33    123.43
115239  115095  11.50   49.92
115269  114866  8.69    69.49
115269  115322  6.50    54.83
115276  115301  3.00    61.75
115284  115375  0.00    15.63
115301  115291  1.00    63.39
115304  114844  8.25    79.39
115304  115403  9.60    107.79
115317  114681  8.56    106.71
115318  114699  5.33    140.44
115318  115534  4.44    39.49
115322  115919  12.00   91.86
115322  115482  10.64   133.16
115337  114701  6.50    107.42
115363  114824  6.50    90.08
115375  115400  0.00    4.65
115378  114865  10.50   86.19
115387  115706  7.67    59.13
115389  115419  0.00    37.73
115389  115486  8.50    18.45
115395  114708  50.00   120.28
115395  115607  5.33    49.53
115400  115501  0.00    24.16
115403  116183  5.96    128.64
115409  114849  9.00    101.28
115410  115215  6.50    81.25
115410  116324  8.81    148.68
115412  115158  13.33   43.50
115412  116041  10.14   105.42
115419  115231  3.00    31.23
115481  115400  0.00    71.74
115482  116063  8.00    94.79
115482  115549  9.00    84.27
115486  116202  8.20    149.76
115486  115239  7.00    71.35
115509  115284  0.00    33.16
115533  114829  0.00    130.98
115534  115826  7.82    51.81
115549  115596  13.67   47.86
115596  115214  7.00    58.10
115607  115985  3.00    84.24
115607  114825  5.33    140.85
115613  115254  0.00    83.65
115613  115071  7.40    88.50
115627  115662  0.00    5.85
115629  115627  3.60    37.52
115629  115334  0.00    46.17
115632  115486  8.20    45.72
115632  115419  6.17    34.86
115641  115410  9.63    104.93
115641  116533  10.23   148.37
115662  115791  0.00    72.87
115662  116169  8.83    79.21
115671  115301  0.00    56.53
115671  115759  10.00   56.70
115706  115991  8.67    81.91
115706  116010  6.93    55.45
115719  115534  2.52    49.54
115719  115103  2.94    121.79
115754  116117  0.00    79.48
115754  116168  0.00    74.12
115759  115545  4.25    32.15
115784  115130  10.00   108.72
115811  115211  7.67    89.98
115811  115363  3.00    87.71
115826  115930  4.86    21.11
115826  115166  6.45    138.28
115827  115378  11.50   68.26
115827  115931  9.22    105.25
115835  115337  3.40    81.58
115838  115596  9.93    35.41
115838  115957  10.53   123.73
115841  115095  3.85    123.84
115841  115265  0.00    99.07
115875  115841  1.00    7.73
115885  115811  6.14    107.12
115885  115317  7.25    85.21
115919  115964  10.00   23.15
115924  116032  9.43    113.92
115924  115185  8.57    113.69
115930  115582  1.00    87.33
115930  115994  1.00    13.21
115931  116500  8.53    91.78
115933  115142  8.31    128.49
115933  115641  8.44    123.24
115954  115269  9.80    106.56
115954  115915  0.00    50.07
115957  115827  8.67    22.29
115962  116117  0.00    38.83
115962  115189  10.00   133.10
115964  116004  8.00    41.90
115981  116009  0.00    4.23
115981  116324  10.18   149.58
115985  116399  9.80    95.21
115985  115409  3.00    100.95
115994  116182  0.00    51.52
115994  116369  1.46    78.57
116001  115885  8.67    19.12
116004  116063  7.80    66.51
116004  116241  0.00    35.89
116009  116044  6.50    37.20
116009  116290  6.47    44.77
116010  116044  3.00    6.35
116032  115304  9.29    112.48
116032  116095  11.83   84.55
116040  116410  9.00    86.84
116040  115875  5.00    44.38
116041  115962  8.56    100.09
116041  116252  9.21    75.66
116041  116642  9.77    96.31
116044  116290  0.00    44.51
116054  116525  10.43   74.79
116054  116001  11.29   64.55
116060  115276  10.33   128.94
116060  116054  3.00    20.61
116063  116180  11.50   16.52
116095  116183  8.31    84.54
116098  116040  2.91    24.99
116098  116213  2.89    39.68
116117  116709  7.88    137.03
116120  115671  12.60   71.20
116120  116060  7.00    75.18
116125  116120  2.00    3.92
116158  115549  0.00    95.87
116169  116656  9.20    79.08
116180  116674  9.11    80.10
116180  116159  0.00    49.65
116182  115719  2.00    86.36
116183  116514  8.64    56.22
116183  115933  12.40   123.33
116191  115759  20.00   67.47
116191  116125  3.00    53.88
116202  115875  0.00    78.00
116202  116410  8.63    43.58
116213  116412  2.46    75.31
116230  115835  5.14    80.25
116230  116310  5.80    24.81
116252  116310  11.64   63.49
116252  115613  9.20    104.27
116283  116326  0.00    49.00
116283  115954  11.00   51.00
116290  116811  7.40    98.43
116308  116213  2.00    20.80
116308  116098  1.00    39.83
116310  116445  0.00    44.10
116321  115985  7.43    92.43
116324  116533  9.11    99.80
116369  116724  1.91    78.46
116389  115533  13.25   133.25
116395  116010  4.18    113.71
116395  116834  0.00    124.37
116399  115784  8.17    108.53
116399  116786  4.50    90.61
116410  116848  3.17    107.50
116410  116823  5.05    87.23
116412  116601  2.24    75.24
116417  115838  10.12   93.16
116417  116528  13.33   123.86
116432  115629  7.40    123.96
116445  116230  4.95    38.93
116445  116977  5.41    108.14
116449  116182  1.80    49.00
116500  116625  9.43    129.87
116500  117108  9.68    92.75
116514  116767  6.00    42.26
116514  116470  6.17    42.73
116525  116548  0.00    29.84
116525  116922  10.00   60.12
116528  115957  19.64   92.25
116533  116967  10.00   69.06
116533  116660  8.50    55.51
116543  116642  8.50    84.24
116557  116767  1.00    81.63
116558  115964  10.00   96.19
116558  116531  3.00    25.43
116601  116926  2.04    92.94
116601  116449  1.87    43.47
116625  115924  8.67    111.18
116625  116735  9.29    114.32
116638  116395  0.00    49.45
116638  116321  3.00    92.43
116642  117343  4.86    113.84
116656  116730  0.00    67.58
116656  117248  6.40    95.32
116660  117138  10.00   76.35
116660  116819  7.22    68.02
116674  116558  9.86    108.06
116674  117363  9.14    113.02
116709  117059  10.82   146.06
116709  115811  8.67    149.71
116717  116283  6.91    70.52
116717  116748  0.00    48.22
116724  116977  4.36    74.32
116730  116662  0.00    9.79
116735  116842  9.80    111.07
116735  116032  9.33    112.28
116752  116399  7.80    104.65
116754  116158  6.50    95.89
116754  116674  10.44   82.54
116767  116961  5.14    30.76
116786  117171  6.50    86.73
116786  115958  7.20    145.34
116792  116730  0.00    10.23
116811  117309  8.00    98.22
116812  116754  6.50    50.37
116812  116417  11.00   63.92
116819  115933  9.00    149.52
116819  117095  9.91    122.56
116823  117235  7.20    87.23
116834  117411  7.00    127.11
116842  116961  11.78   118.06
116842  117519  12.50   108.53
116850  116001  7.94    135.80
116850  116922  10.00   66.65
116894  116601  9.17    79.75
116894  116308  4.91    122.78
116911  116638  8.40    49.00
116911  117176  10.00   76.11
116922  117022  8.67    99.10
116922  117406  5.00    81.98
116926  117056  1.61    23.04
116961  117095  8.19    20.55
116967  116817  0.00    67.47
116967  117492  10.25   91.61
116973  117108  10.08   104.41
116973  116528  11.25   67.46
116977  117163  2.73    60.63
117000  117135  10.09   124.57
117000  117523  10.62   88.13
117000  116812  11.00   26.63
117018  116191  0.00    128.73
117022  117018  11.50   57.20
117022  116125  7.78    137.27
117052  116638  6.67    108.71
117056  116724  1.47    86.08
117056  117500  2.11    85.23
117059  116543  7.78    89.14
117093  116752  2.67    104.11
117093  116911  2.00    31.79
117095  117826  5.43    126.90
117108  117641  8.43    91.00
117119  117203  10.81   114.96
117119  116625  9.00    75.92
117130  116786  6.50    90.33
117135  116973  10.77   25.28
117138  117563  10.00   76.35
117163  117264  2.90    79.80
117163  117280  3.70    41.61
117176  117414  5.50    76.11
117196  116819  10.82   63.58
117203  116735  10.10   74.43
117204  116432  9.43    123.95
117207  117130  7.67    29.47
117215  116389  6.50    133.25
117235  116894  3.96    98.12
117235  117579  5.14    74.21
117248  117840  8.75    95.08
117253  117143  0.00    27.30
117264  117343  4.56    79.62
117280  117656  1.00    89.41
117280  117435  0.00    54.94
117302  117196  20.00   52.42
117309  117438  0.00    21.09
117320  117363  6.27    118.79
117323  116886  12.12   72.98
117323  117320  0.00    3.88
117340  117309  10.17   5.88
117343  117384  7.55    61.77
117343  117603  6.80    48.48
117352  117130  0.00    62.83
117352  117253  3.00    23.54
117363  117374  4.67    9.12
117370  117523  4.86    115.53
117370  117392  0.00    4.64
117374  117370  7.67    9.98
117384  117471  6.81    97.96
117387  117414  3.60    40.21
117392  117847  10.25   68.66
117392  117374  0.00    9.98
117397  117387  8.33    39.37
117397  117052  7.50    108.80
117406  117953  20.00   81.98
117411  117397  3.00    21.37
117414  117520  5.57    44.90
117435  117989  1.00    110.76
117435  117603  2.63    52.24
117438  117411  5.74    56.38
117444  117340  0.00    16.74
117444  117438  5.24    11.80
117457  117444  7.00    28.75
117457  117340  6.21    37.82
117468  118294  8.75    128.48
117468  117457  5.23    18.66
117471  117524  5.31    64.82
117471  117059  8.08    73.03
117492  117468  5.25    30.31
117495  117323  3.81    73.29
117495  116717  12.00   125.81
117500  117995  1.95    85.17
117519  118219  9.46    108.53
117520  117093  7.22    124.69
117520  117782  3.97    114.94
117523  117570  7.97    8.13
117523  117651  1.67    47.63
117524  117657  3.85    142.54
117533  116894  5.71    138.30
117533  116926  2.33    116.28
117540  117352  8.00    31.56
117544  117492  3.62    35.89
117561  117253  9.80    79.92
117563  117544  5.86    19.85
117570  117392  5.00    115.61
117574  117022  11.20   93.40
117579  118228  6.32    130.15
117583  117495  8.00    27.94
117586  117235  6.47    104.37
117590  117570  1.67    9.81
117603  117971  7.11    64.72
117630  117563  6.00    51.69
117630  118446  9.54    126.17
117641  118238  8.93    91.01
117651  117859  4.80    80.74
117651  117590  1.33    36.06
117656  117995  3.50    88.57
117657  116850  8.06    129.03
117657  117953  7.28    74.73
117662  117196  2.50    79.23
117662  117630  0.00    15.52
117740  117583  6.40    57.38
117754  118543  10.35   125.70
117754  117662  4.68    60.18
117782  118128  2.00    115.62
117818  117119  8.38    115.77
117826  117754  2.80    65.50
117840  117740  11.18   65.62
117846  117540  0.00    77.82
117847  117931  0.00    11.89
117859  117135  9.89    120.30
117859  117939  8.28    16.02
117863  117203  9.96    106.25
117887  118478  0.00    94.95
117887  117826  3.75    62.45
117924  117533  2.00    77.62
117931  118569  8.10    94.95
117939  118313  8.15    103.36
117953  118003  3.00    12.65
117966  118128  8.91    117.26
117971  118778  5.62    144.86
117971  118281  8.14    116.91
117976  117840  7.30    61.91
117989  118195  3.00    106.51
117995  118031  1.67    6.78
117997  117387  6.22    90.50
117997  118207  6.50    114.29
117997  118160  2.33    26.63
118000  117976  8.17    10.64
118000  117204  6.33    123.95
118003  118169  2.00    55.06
118024  117524  7.71    76.12
118031  118307  1.00    67.62
118031  118195  3.45    28.69
118045  117579  7.08    101.94
118055  118520  3.64    79.80
118055  117887  3.77    71.65
118068  117215  12.50   133.25
118068  118000  7.57    61.35
118083  118055  2.00    13.69
118086  118068  6.25    46.96
118109  117740  9.25    57.60
118128  118463  3.90    91.35
118137  118203  10.00   68.68
118140  118083  4.24    27.10
118145  118203  4.75    48.47
118145  117901  9.87    37.24
118160  118660  6.63    71.95
118160  118230  3.75    81.02
118162  117846  7.75    77.80
118169  118200  4.70    31.12
118169  118003  2.00    55.06
118177  118109  10.27   64.50
118177  117583  10.25   92.04
118186  118086  6.08    96.58
118186  117574  7.56    93.40
118189  117320  6.43    132.98
118195  118696  5.55    80.54
118200  118850  10.83   101.03
118200  118186  6.50    8.73
118203  117590  7.67    92.46
118207  118451  10.75   114.58
118219  118140  2.97    31.12
118222  118177  3.00    48.19
118228  118721  6.76    100.49
118230  118294  6.33    81.02
118238  118313  0.00    12.13
118281  117384  11.13   138.12
118294  118897  9.67    93.13
118294  118363  3.00    64.68
118307  117924  4.00    77.60
118313  118460  7.80    51.28
118313  118392  6.93    10.84
118362  118219  5.53    59.62
118362  119302  9.21    145.54
118363  117544  5.00    127.37
118363  118383  0.00    10.49
118383  118599  0.00    31.84
118383  118446  10.00   47.69
118392  119030  10.00   102.88
118422  117471  10.63   145.53
118431  117966  6.40    117.34
118443  118986  10.00   88.52
118443  118024  8.91    74.75
118443  118528  9.10    74.30
118446  118543  10.00   60.14
118446  118936  20.00   82.12
118451  118867  10.60   116.37
118460  119174  0.00    115.20
118460  118570  6.36    53.35
118463  118770  3.37    86.10
118463  118867  2.00    81.13
118470  118632  10.29   116.48
118470  117976  7.50    76.57
118520  118933  7.75    79.78
118528  118631  7.81    86.98
118543  118726  14.00   81.14
118543  119280  9.00    127.48
118562  118083  5.06    80.38
118569  119145  9.57    94.95
118570  118603  5.92    27.20
118593  117863  8.00    106.26
118593  118362  4.71    69.00
118599  118580  0.00    16.88
118602  118177  10.00   61.67
118603  117818  7.86    115.77
118603  118627  7.83    31.72
118614  117939  6.96    99.23
118622  118599  0.00    15.95
118627  118593  6.45    91.16
118627  119141  10.00   87.39
118631  118759  11.60   21.38
118631  117953  6.61    102.26
118632  118109  8.48    75.82
118642  119200  7.00    94.25
118660  119276  8.17    100.74
118681  118705  0.00    16.56
118681  118281  1.00    64.54
118691  118632  10.00   10.99
118694  118145  8.72    81.37
118696  119286  3.90    97.03
118696  119242  6.31    127.40
118702  118228  9.50    102.17
118707  118681  0.00    23.09
118721  119242  3.16    108.67
118721  118307  12.00   91.86
118726  118430  10.00   48.50
118726  118780  20.00   17.20
118759  118850  9.14    96.11
118759  119333  9.33    93.23
118770  118431  3.75    62.33
118770  118960  1.00    62.23
118776  118140  11.60   93.59
118778  119286  4.85    99.25
118778  118696  5.61    74.48
118780  119355  8.00    107.14
118780  118933  6.82    76.55
118850  118942  9.43    98.32
118850  119405  12.00   86.11
118867  119357  10.00   91.36
118867  119208  13.83   93.85
118882  118660  9.92    141.95
118897  119529  6.67    93.16
118913  118593  9.13    55.57
118933  118977  1.00    12.73
118933  119568  4.76    106.28
118942  118086  9.32    135.79
118942  119077  10.04   115.10
118970  118778  8.39    108.47
118977  119339  9.71    103.93
118977  118562  5.64    80.33
118986  119603  10.07   88.52
119030  119049  10.00   16.98
119031  118189  8.64    132.98
119031  119145  9.92    136.88
119049  119493  7.67    76.69
119071  118528  9.00    90.59
119077  118470  10.22   97.18
119077  119212  10.55   115.39
119105  118705  0.00    70.35
119105  118970  9.46    59.38
119140  118721  8.74    104.36
119141  119766  9.00    87.38
119145  119183  10.64   73.43
119145  119876  8.00    103.02
119146  120063  10.12   136.47
119146  119105  6.71    22.52
119183  119191  7.45    54.03
119183  118694  8.83    81.39
119191  119200  7.33    92.93
119191  119825  8.46    85.67
119200  119206  0.00    37.22
119206  118614  9.35    99.23
119212  118691  8.80    86.26
119239  118691  10.50   132.83
119242  120013  8.00    145.25
119242  119726  6.00    102.86
119276  119390  8.67    14.77
119276  119502  10.75   111.72
119280  119863  8.63    85.75
119280  119111  0.00    76.22
119283  120285  9.27    142.70
119283  119146  8.38    56.72
119286  119898  4.41    85.59
119292  118913  10.19   57.79
119292  119302  9.20    68.88
119293  118570  8.40    118.85
119302  120064  10.23   108.13
119311  119293  10.00   111.52
119311  119030  9.10    42.72
119333  119454  10.24   96.09
119333  119812  9.40    65.21
119339  119367  0.00    6.36
119355  120010  7.40    107.14
119357  119663  7.67    50.44
119357  118882  7.83    143.86
119358  119283  12.00   32.27
119358  118422  9.30    145.53
119367  120011  8.65    90.95
119367  118776  9.00    93.59
119390  119400  10.75   84.46
119400  119529  0.00    60.01
119400  119001  0.00    57.08
119454  119601  12.19   96.20
119454  119405  0.00    7.89
119460  118960  6.67    89.61
119484  118977  4.95    86.98
119493  120320  10.00   119.03
119498  119358  10.46   55.86
119502  119883  11.29   113.23
119529  120153  8.29    92.87
119529  119863  9.58    134.69
119551  119430  10.75   81.47
119551  119212  10.00   45.77
119568  120187  4.36    106.17
119601  118942  9.89    94.95
119601  119771  10.14   116.80
119603  119498  9.07    43.64
119654  119480  8.53    72.22
119654  118970  7.64    102.64
119663  119883  8.00    40.10
119686  119357  20.00   77.18
119696  119031  6.70    93.42
119715  119603  7.28    74.55
119715  119071  9.20    90.59
119755  119311  8.60    59.73
119763  119551  9.40    29.78
119763  119239  1.00    132.84
119766  118913  9.96    131.03
119771  119077  8.93    98.29
119771  119896  10.67   113.61
119812  119715  10.25   88.89
119812  120025  5.40    32.53
119825  120405  7.18    85.65
119856  119484  3.57    61.52
119860  120428  11.78   99.12
119860  119755  11.63   73.48
119863  120010  10.71   61.19
119863  120411  8.50    85.85
119872  119339  9.43    86.95
119872  119484  7.67    103.75
119876  120335  7.40    66.96
119876  119820  10.75   69.83
119883  120199  8.67    56.18
119883  120185  9.63    77.64
119896  119763  5.50    21.37
119898  120013  6.74    30.51
119898  119959  2.42    8.32
119936  119663  0.00    70.88
119959  120136  8.17    90.78
119959  120393  4.25    63.44
119968  119755  2.00    32.13
119977  119766  10.00   34.41
119977  119860  10.00   71.29
119984  119390  5.43    82.83
119996  119460  3.00    89.61
119996  119686  1.00    77.18
120010  120187  15.00   74.21
120011  120064  11.50   100.17
120011  120546  8.14    78.44
120013  120393  2.88    60.69
120013  120125  9.40    32.80
120021  119206  8.11    113.24
120025  120554  10.62   78.15
120025  120127  11.69   96.89
120044  119426  0.00    94.57
120063  120285  14.33   80.54
120063  121154  9.86    145.96
120064  120622  15.00   78.70
120066  120223  0.00    21.67
120066  119984  12.13   55.12
120086  119498  10.53   86.61
120125  120218  4.57    23.53
120127  120252  9.25    95.50
120127  119454  8.67    97.37
120136  119654  10.75   75.75
120136  120063  10.14   102.90
120136  120650  9.88    76.61
120153  121169  5.45    135.29
120185  120497  9.80    77.64
120187  120881  4.05    112.81
120199  120006  0.00    53.63
120199  120388  10.00   32.58
120200  120920  10.75   109.45
120200  119292  10.03   128.26
120218  120407  4.38    49.37
120235  119872  10.77   62.38
120235  119856  7.20    104.27
120238  119856  6.21    66.03
120238  120515  15.75   72.24
120252  120389  11.00   117.02
120252  119601  9.31    95.95
120278  120012  0.00    39.87
120278  120511  10.00   35.62
120285  121286  10.13   134.07
120320  120688  1.00    50.74
120324  119696  4.67    93.41
120324  120278  10.00   48.67
120335  120578  14.33   34.45
120371  120335  0.00    65.87
120388  120941  7.09    90.40
120388  120066  9.36    112.36
120388  120728  9.20    78.20
120389  119771  11.89   92.21
120389  120523  11.33   113.74
120393  120637  8.13    35.41
120393  120125  6.74    69.17
120405  121172  10.42   100.42
120405  120445  3.00    53.30
120411  120153  5.43    113.95
120411  120912  10.00   71.49
120428  119977  3.00    69.41
120431  119996  13.20   111.83
120462  120324  8.80    19.02
120485  120402  11.00   77.45
120485  119715  11.00   115.17
120497  119996  11.13   90.14
120514  120578  11.50   72.91
120515  121183  10.00   100.43
120515  120602  11.50   22.76
120523  119896  11.31   91.99
120546  121167  8.67    78.45
120552  120990  0.00    98.59
120554  121163  11.31   78.15
120557  120602  0.00    15.78
120557  120235  7.43    55.64
120567  120557  0.00    4.55
120578  121063  5.33    62.10
120595  120697  10.75   41.95
120597  120200  9.43    56.62
120597  120622  10.29   76.11
120598  120405  9.20    79.47
120602  120731  0.00    16.19
120608  119968  11.31   92.69
120608  120320  10.43   74.47
120614  120462  0.00    64.04
120622  120662  11.50   43.32
120622  121405  9.36    101.57
120629  121678  11.33   140.09
120629  119968  9.83    113.03
120637  121019  4.22    52.22
120650  121028  10.86   98.00
120657  120688  10.00   72.31
120662  121474  6.50    106.90
120679  120756  0.00    48.26
120686  120127  10.29   77.86
120688  121687  5.20    135.12
120689  120833  3.00    66.19
120689  119984  10.33   100.35
120693  120044  0.00    95.02
120693  120807  0.00    91.91
120697  120086  11.07   86.75
120725  120567  8.00    22.62
120728  121079  10.00   78.20
120731  121530  10.38   123.47
120731  120771  0.00    6.91
120756  120389  10.00   49.80
120771  120725  11.89   22.48
120771  121714  10.42   128.49
120807  120462  6.80    47.15
120816  120725  10.00   21.77
120816  121747  3.00    127.66
120828  120021  8.43    113.24
120833  120941  9.80    39.52
120833  121733  10.00   128.38
120855  120828  0.00    61.90
120861  120637  5.55    42.67
120865  120637  3.00    28.50
120881  121200  3.56    48.19
120884  120428  10.00   60.32
120904  120807  2.33    13.65
120912  121342  5.50    58.99
120920  121269  10.00   48.30
120920  120884  0.00    31.54
120930  120881  20.00   12.76
120930  120238  3.67    111.86
120941  121243  10.45   64.90
120946  121114  11.80   117.86
120946  120252  2.33    96.52
120981  120904  20.00   76.04
120990  120431  6.40    89.84
121014  120689  3.00    43.15
121019  120865  0.00    23.85
121019  121514  6.60    68.01
121028  121135  8.00    44.48
121063  120981  9.89    76.04
121063  121958  9.50    131.75
121079  121128  11.50   11.69
121079  120497  3.00    90.87
121089  120865  6.75    30.07
121089  121019  2.20    19.60
121114  120756  9.20    46.75
121114  121250  13.22   114.40
121128  121549  11.33   100.25
121135  121154  11.50   5.63
121135  121599  13.33   64.10
121154  121286  10.75   64.26
121163  121836  7.27    100.55
121167  120816  10.00   88.48
121167  121817  6.86    94.96
121169  121014  10.00   119.87
121172  121541  8.86    51.25
121172  121063  9.88    132.59
121183  121777  20.00   100.43
121197  120629  7.69    81.76
121197  121246  0.00    20.46
121200  120912  0.00    101.67
121200  121553  2.80    57.96
121243  121738  11.50   87.47
121243  121607  6.33    89.65
121246  121269  0.00    10.18
121246  120884  10.00   46.41
121250  121313  0.00    52.36
121250  120523  10.50   95.37
121252  121320  9.15    71.94
121252  120598  0.00    84.23
121256  120861  5.60    104.87
121269  121420  3.00    23.64
121280  121163  11.00   98.55
121280  120686  13.50   77.86
121286  121715  11.50   62.12
121286  121432  11.08   71.67
121313  120693  0.00    83.70
121313  121340  0.00    27.12
121320  120828  6.93    64.15
121325  120904  8.33    54.35
121325  121414  13.25   18.49
121329  121210  9.13    79.35
121329  120485  6.44    111.37
121340  121442  8.80    62.87
121340  120894  0.00    59.68
121342  121169  4.63    82.01
121401  120946  12.29   59.38
121401  121280  11.58   93.21
121405  122066  10.30   101.57
121414  121457  0.00    13.14
121414  121442  0.00    6.61
121418  120597  6.08    106.75
121420  121246  0.00    24.31
121420  121197  6.50    37.11
121432  120697  8.31    98.57
121432  121596  8.50    22.82
121442  122041  10.79   111.11
121457  121325  11.00   18.99
121474  121167  8.40    80.90
121478  121457  3.00    2.93
121514  121742  8.29    87.93
121514  121892  6.51    59.31
121530  121714  11.50   71.50
121530  121855  0.00    59.08
121541  122433  11.09   137.35
121541  121252  6.63    100.01
121549  120990  12.43   89.66
121549  121799  6.50    67.25
121553  122050  1.00    115.15
121553  121342  10.43   90.60
121563  121478  8.00    86.86
121570  121028  10.00   75.17
121575  121089  11.00   135.23
121592  120930  6.54    103.35
121592  121553  2.60    13.97
121596  122068  11.00   76.23
121599  121931  3.00    54.87
121607  121973  1.00    101.21
121607  121079  6.50    89.23
121648  121401  6.40    36.54
121648  121768  11.22   116.28
121677  120608  10.70   143.09
121677  121678  6.50    61.97
121678  122206  11.00   83.85
121687  121677  10.50   61.38
121687  122617  11.78   138.09
121688  122075  6.00    126.46
121693  121340  11.20   53.95
121714  122114  8.67    65.54
121733  121738  8.50    59.75
121738  122098  11.50   70.68
121767  121329  13.83   65.72
121767  121596  11.50   123.86
121768  121823  9.20    58.80
121768  121114  10.88   95.35
121777  121592  5.50    75.47
121799  121927  7.00    30.99
121799  121107  6.50    121.60
121808  121733  10.50   123.76
121817  122442  8.50    94.96
121823  122187  10.00   64.41
121823  121885  8.00    56.75
121836  122488  8.63    100.55
121848  121599  0.00    75.79
121848  121869  11.29   27.10
121855  121777  1.00    33.00
121869  121931  8.57    52.05
121885  121940  11.50   50.94
121885  121250  9.86    95.19
121892  122073  8.20    29.47
121892  121848  9.22    58.17
121927  121627  7.63    103.33
121931  122068  8.67    109.50
121931  122527  8.50    93.37
121940  121313  11.50   96.11
121958  122873  9.70    131.77
121973  121756  0.00    43.19
121973  122130  3.00    40.58
121980  122109  0.00    29.91
121980  121927  0.00    18.86
121987  121280  2.33    108.99
122041  122764  8.17    103.86
122041  122398  3.75    72.84
122050  122313  2.00    80.33
122050  121808  6.50    124.43
122066  122453  1.00    57.57
122068  122257  10.67   122.50
122068  122632  7.86    80.09
122073  122363  11.00   60.67
122075  121927  1.67    26.71
122075  122109  3.00    12.49
122077  121592  5.30    112.69
122087  121607  8.43    92.66
122098  122455  0.00    57.37
122098  122388  4.25    73.09
122099  121418  12.29   106.75
122099  122066  10.38   79.13
122109  122470  3.00    105.30
122114  121855  10.80   104.21
122114  122481  6.80    52.45
122125  121320  7.52    122.86
122130  122167  7.33    36.77
122141  122125  1.00    72.70
122141  122402  0.00    38.97
122150  121648  14.29   80.64
122157  122099  9.80    69.19
122157  121420  11.00   113.44
122160  121478  13.33   106.41
122160  122236  0.00    81.34
122167  121980  0.00    61.33
122206  122810  7.43    83.84
122239  122447  0.00    65.39
122257  122488  10.00   87.59
122257  121767  9.00    76.86
122298  122130  0.00    25.83
122298  122167  0.00    36.45
122313  122650  3.00    80.78
122318  121677  12.17   99.66
122362  121768  11.17   93.46
122363  122467  0.00    21.93
122363  123362  8.25    139.87
122374  122671  8.25    129.49
122374  122077  6.00    128.75
122375  122125  10.00   36.38
122376  122077  3.13    93.80
122380  122073  6.50    45.70
122380  122256  12.09   64.90
122388  122650  11.50   74.61
122388  122839  20.00   71.06
122398  122160  6.00    34.49
122402  122615  0.00    27.84
122402  122375  5.50    78.23
122403  121940  0.00    70.70
122403  122764  4.75    68.85
122415  122362  0.00    48.93
122433  123008  13.50   80.03
122442  122489  0.00    6.75
122447  122362  1.00    12.07
122453  122610  10.33   19.03
122453  122442  7.83    115.31
122467  122380  0.00    31.61
122470  123233  0.00    129.98
122470  122822  3.00    92.46
122481  122852  10.00   51.94
122481  122489  10.25   113.74
122484  121885  9.86    91.71
122484  122403  9.20    57.96
122488  122740  12.38   92.42
122489  123350  8.67    115.10
122498  123483  6.50    141.56
122507  122433  8.50    65.98
122527  123111  11.50   84.62
122527  122632  8.67    64.87
122534  121869  3.00    100.18
122565  122484  3.00    42.38
122591  122610  10.00   6.72
122605  122375  9.20    30.49
122606  122591  9.96    83.10
122610  123327  10.00   133.96
122615  122640  0.00    6.34
122617  122615  0.00    24.39
122617  123412  8.11    107.82
122624  122157  9.00    71.15
122624  122606  10.29   83.10
122632  123119  20.00   70.57
122632  122805  7.80    123.34
122633  122376  5.32    61.87
122633  122890  9.80    119.49
122640  122605  4.67    75.38
122650  123267  3.78    101.51
122659  122374  10.00   86.15
122664  122298  7.00    96.97
122667  122565  9.00    75.89
122667  122447  13.33   28.44
122671  122376  3.75    125.72
122714  122667  7.75    55.93
122725  122714  12.67   59.09
122727  122725  6.50    10.25
122727  122150  11.09   80.64
122731  122727  11.47   52.59
122731  123645  11.00   127.00
122740  122747  10.75   11.66
122747  122731  11.50   43.85
122747  121987  9.86    108.99
122758  122075  7.67    95.83
122764  123044  12.60   42.05
122805  122876  0.00    45.60
122805  122257  11.31   78.52
122810  122624  8.50    35.92
122822  123133  0.00    92.16
122848  122407  10.00   62.56
122848  123290  11.50   84.27
122851  122848  10.00   22.27
122852  123389  13.00   69.85
122852  122851  5.50    49.94
122873  122938  11.00   72.37
122873  123441  9.00    72.54
122890  123183  6.45    119.49
122933  122810  12.11   22.51
122933  123120  9.85    33.22
122938  123421  10.86   60.94
122938  123008  8.63    62.96
122978  123133  0.00    35.25
122978  122664  1.00    96.78
122992  122990  11.50   68.59
122992  122605  6.14    56.38
123008  123014  11.20   9.62
123010  122933  10.13   48.05
123010  123790  7.80    119.36
123014  123433  10.00   51.36
123014  123116  9.60    93.92
123031  122318  9.80    99.66
123039  122403  0.00    88.74
123044  123430  5.33    63.14
123044  123676  9.13    85.05
123048  123010  10.00   20.00
123063  122633  4.85    77.33
123063  123381  8.38    132.04
123111  123119  11.50   26.08
123111  123629  13.20   72.51
123112  122380  5.50    101.11
123116  123143  13.33   35.66
123116  123532  10.00   50.31
123119  123313  8.67    122.65
123119  123629  3.00    64.51
123120  123397  11.18   45.12
123120  123031  0.00    35.05
123133  123559  22.64   116.45
123143  122992  0.00    20.02
123183  123292  0.00    47.35
123196  122565  10.75   90.25
123202  123048  8.60    81.00
123202  123913  1.00    92.33
123245  123202  5.33    29.24
123247  123111  9.25    76.34
123247  122534  10.75   100.02
123267  123614  3.75    51.78
123267  123375  1.67    84.43
123290  123936  0.00    86.34
123292  122659  8.67    89.64
123303  122398  7.31    123.92
123312  123693  6.50    49.91
123312  123245  8.50    39.10
123313  122805  6.86    69.10
123313  123469  11.50   86.14
123327  123312  20.00   78.36
123330  122970  4.00    46.36
123330  123527  11.50   75.08
123347  123327  1.67    28.46
123350  123347  10.36   8.62
123361  123143  6.75    26.45
123361  123412  7.00    110.27
123362  123247  1.00    37.97
123362  124015  15.00   111.80
123366  123350  11.00   42.41
123375  122978  11.50   117.43
123381  123423  2.00    36.45
123381  123724  10.75   54.18
123389  123793  10.00   53.91
123389  123366  10.38   60.49
123397  123442  8.43    5.31
123397  123031  10.00   45.83
123422  123362  10.00   11.26
123422  122467  8.90    135.69
123430  123303  20.00   14.16
123440  123303  12.13   136.93
123441  123575  0.00    22.38
123442  123412  10.00   62.28
123442  123811  3.00    65.64
123469  123330  0.00    14.96
123496  123063  5.38    58.08
123527  123645  0.00    54.72
123527  122740  10.00   108.65
123557  123496  5.07    10.39
123559  123841  5.86    58.62
123559  124054  0.00    75.71
123569  123441  0.00    26.05
123569  123575  8.67    34.65
123575  123602  4.40    131.07
123602  123669  10.80   131.12
123614  123841  8.55    40.64
123614  123375  0.00    58.21
123616  123430  1.00    24.54
123616  123569  9.74    144.37
123624  123860  3.00    49.34
123624  123048  7.71    73.01
123629  123775  11.50   124.09
123645  124230  8.67    83.38
123645  123670  0.00    60.23
123660  123557  3.57    19.13
123660  123614  5.04    15.26
123669  123811  1.00    134.24
123669  123361  8.67    40.20
123670  122725  7.38    133.16
123676  123616  0.00    56.50
123690  122714  9.00    137.09
123690  123670  0.00    58.12
123693  123245  6.50    143.87
123693  124169  11.00   66.84
123706  122667  12.17   146.41
123706  123690  1.00    59.11
123724  123994  10.00   58.86
123724  123496  2.50    130.26
123727  123676  11.50   40.99
123727  123039  0.00    88.77
123767  123660  36.67   28.11
123767  123557  1.00    33.80
123775  123313  8.50    60.77
123790  123624  1.00    24.74
123793  124377  7.04    78.84
123811  123977  5.91    147.96
123811  124527  10.00   97.33
123837  123422  7.96    67.33
123841  124054  1.43    51.68
123841  123920  6.33    14.76
123846  123793  9.14    47.30
123858  123767  0.00    17.90
123865  123775  0.00    10.37
123865  123954  0.00    73.68
123867  123706  0.00    62.31
123867  123196  14.71   90.21
123875  123846  10.00   46.95
123875  122851  15.00   148.63
123914  123183  8.67    101.08
123920  123660  7.24    44.93
123920  124091  3.00    34.63
123937  123867  0.00    13.12
123937  123727  5.25    143.45
123954  123469  0.00    78.49
123960  123347  15.00   81.13
123977  123790  6.25    24.57
123977  124076  11.86   95.34
123994  123914  2.00    94.48
123994  124334  5.50    50.67
123995  123670  0.00    108.69
123995  123690  11.50   43.68
124015  124265  8.33    62.10
124015  124232  11.50   29.93
124016  123960  0.00    35.41
124039  123937  3.00    77.19
124039  123706  0.00    45.86
124054  124327  3.00    78.08
124074  123920  6.55    37.52
124074  124091  20.00   53.34
124076  124169  1.00    95.31
124091  124203  0.00    19.32
124100  124152  9.40    56.62
124125  123960  0.00    23.68
124125  124016  6.50    51.01
124133  124125  1.00    54.44
124133  123366  6.00    103.71
124139  123292  0.00    116.29
124143  124039  7.56    97.15
124149  124722  7.25    76.32
124152  123837  0.00    67.16
124152  124204  0.00    40.87
124163  123875  0.00    41.12
124163  124139  6.75    85.92
124164  124889  5.50    94.28
124164  124201  3.00    71.49
124169  124272  11.67   91.72
124169  124880  10.33   94.86
124175  123858  6.83    85.56
124201  124287  0.00    65.02
124201  123616  7.25    79.89
124202  124164  8.72    78.97
124203  123858  0.00    86.71
124203  124459  16.43   51.41
124204  123837  0.00    50.39
124204  124232  0.00    41.26
124230  124143  3.42    97.06
124232  124265  6.50    46.91
124232  124269  0.00    5.87
124257  124230  2.00    63.27
124257  123527  12.67   107.07
124259  124204  10.08   8.33
124265  124300  6.91    114.92
124269  124666  0.00    52.19
124272  124377  2.00    91.72
124287  124457  7.80    101.73
124300  124257  14.33   146.09
124300  123865  16.00   60.82
124310  124202  5.20    145.23
124334  124348  0.00    2.47
124348  124471  0.00    23.94
124348  124354  0.00    2.19
124354  124150  4.40    83.64
124354  124334  0.00    2.77
124377  124431  7.40    51.92
124421  125247  9.00    113.87
124421  124310  0.00    16.98
124424  123669  0.00    102.19
124424  124310  9.18    145.28
124431  123846  20.00   81.20
124431  124488  0.00    52.47
124457  124618  6.14    98.12
124459  124583  3.00    29.46
124459  124684  0.00    34.08
124471  124175  1.67    85.16
124488  124163  20.00   43.10
124488  124597  8.33    97.25
124490  124074  6.55    121.68
124527  124424  20.00   121.66
124527  125035  6.14    69.95
124538  124354  0.00    25.75
124538  124471  0.00    29.09
124583  124765  34.33   42.82
124585  124527  8.45    82.01
124597  124139  11.00   61.11
124597  124538  8.67    105.83
124618  124657  0.00    24.61
124631  124259  6.25    48.33
124641  124585  12.67   82.01
124641  125123  3.00    66.79
124657  124814  8.32    124.14
124657  124787  0.00    21.08
124666  124725  0.00    8.33
124684  124696  6.50    21.50
124684  124583  0.00    39.01
124686  124650  0.00    28.71
124686  124631  0.00    7.64
124696  125223  9.07    79.80
124696  124722  0.00    27.84
124725  124936  0.00    39.30
124725  124686  9.38    40.32
124734  124421  8.27    78.34
124761  124641  10.00   141.36
124765  125136  9.90    115.53
124765  125296  8.14    89.62
124787  124789  0.00    10.90
124789  125387  8.57    98.52
124789  124618  0.00    25.53
124806  125276  3.00    80.94
124806  124725  9.38    123.71
124814  124846  11.74   123.88
124831  124806  7.45    112.63
124843  124869  17.50   35.28
124843  124201  6.18    85.84
124846  124831  6.08    112.63
124846  125553  9.80    109.96
124847  124686  10.00   21.56
124847  124650  13.20   38.63
124869  125377  7.22    77.19
124869  124889  6.40    36.37
124880  124761  7.11    72.35
124889  125708  11.00   125.48
124889  124904  11.00   38.03
124904  125094  20.00   46.01
124904  124912  8.00    39.83
124912  124202  1.00    94.03
124936  124847  0.00    67.17
124936  125026  1.00    22.79
124958  124880  3.00    37.44
124958  125105  0.00    35.10
124996  125213  12.88   33.44
125026  125276  1.00    62.72
125035  125183  6.50    21.98
125094  125128  11.50   5.95
125094  124912  1.00    28.96
125105  124880  5.93    35.90
125123  125571  3.75    69.40
125123  125161  9.80    112.25
125127  124722  11.00   56.19
125128  125582  10.33   80.19
125136  125220  0.00    46.24
125148  124787  9.80    136.56
125159  124958  5.33    81.89
125161  125183  24.33   66.79
125176  124287  7.00    124.48
125176  124843  7.00    71.58
125179  125127  14.14   95.40
125183  125450  9.00    41.42
125191  125128  9.63    80.68
125191  124400  9.00    109.09
125209  125105  0.00    16.03
125213  125523  6.50    76.65
125213  125026  3.00    78.83
125220  125509  7.20    112.98
125220  125275  9.20    26.41
125223  125522  4.83    48.26
125239  125209  10.75   72.59
125239  124761  11.50   70.00
125247  125191  8.50    68.79
125247  125730  7.67    83.06
125250  125239  1.00    40.77
125270  125127  11.50   23.37
125270  125223  0.00    42.16
125275  125328  14.00   36.42
125276  125641  10.33   130.98
125276  125827  9.50    81.17
125287  125159  9.23    81.57
125292  124734  10.80   82.84
125292  125247  2.00    76.67
125296  125509  5.33    32.66
125296  125136  5.50    66.32
125296  125632  10.00   91.45
125328  125414  3.00    18.41
125328  125364  3.00    88.15
125335  125356  11.00   16.98
125335  125176  7.63    45.74
125340  124424  15.45   128.94
125340  125292  9.00    68.22
125356  124457  13.20   138.27
125356  125881  7.67    139.93
125364  125287  8.33    88.24
125377  125898  5.50    77.19
125381  125275  0.00    17.34
125387  126132  15.00   107.92
125397  125035  0.00    64.48
125397  125864  0.00    70.69
125397  125340  5.00    84.03
125405  125397  0.00    8.08
125414  126031  8.00    87.73
125414  125381  0.00    19.23
125430  125535  0.00    21.57
125430  125209  9.00    35.14
125450  125532  11.50   14.07
125450  125405  5.20    30.10
125504  125532  3.00    62.19
125504  125161  10.60   53.94
125509  125695  0.00    28.89
125522  125572  3.00    50.85
125522  125828  3.00    45.25
125523  125827  9.33    76.20
125532  126101  10.00   83.32
125535  125666  0.00    21.51
125553  126290  13.20   109.71
125566  125535  0.00    13.78
125566  125430  7.88    21.02
125571  125529  9.00    100.74
125571  126061  4.67    67.46
125572  125270  8.67    46.17
125582  125743  0.00    24.30
125591  126318  3.08    109.09
125600  126047  8.86    84.61
125600  126104  9.20    141.16
125600  125387  10.00   130.67
125621  125566  5.50    112.78
125632  125695  9.33    91.10
125656  125582  9.53    97.42
125666  125750  0.00    21.04
125695  126528  9.60    121.90
125700  125666  17.67   136.51
125700  125287  20.00   63.98
125708  126178  20.00   66.01
125721  125700  8.88    24.17
125721  126600  5.33    129.12
125722  125292  7.25    77.89
125722  125340  0.00    63.76
125730  125722  10.50   94.19
125730  125656  9.40    111.56
125732  125721  11.13   72.15
125743  125708  0.00    55.05
125743  126579  10.00   117.49
125750  125970  8.00    40.40
125750  125566  7.67    27.62
125815  125335  6.50    85.39
125821  125722  0.00    16.11
125827  126627  10.00   114.71
125827  126088  9.75    104.90
125828  125870  0.00    59.10
125828  126140  8.00    47.27
125864  126221  24.55   69.93
125864  125821  7.33    80.57
125870  125572  2.33    44.23
125881  126293  20.00   58.35
125881  126090  1.00    39.75
125896  125864  3.00    24.54
125896  125405  10.00   71.85
125967  126397  8.11    112.19
125970  125981  6.33    72.91
125970  126291  5.33    47.51
125981  126557  3.00    82.35
125981  126061  10.00   126.62
126031  126376  8.18    49.89
126031  125732  10.00   103.91
126047  126621  10.30   87.00
126061  126827  14.33   112.93
126061  126097  7.47    111.50
126088  126290  8.40    104.87
126090  126132  0.00    9.82
126097  125504  5.40    83.84
126097  126101  6.75    43.74
126101  125896  5.80    63.58
126101  126903  10.50   116.12
126104  125148  8.67    144.96
126132  126972  13.25   123.50
126140  126190  10.00   70.95
126140  126487  20.00   48.61
126144  125381  11.20   126.84
126190  125870  6.50    45.39
126221  126430  1.00    79.14
126221  125821  5.50    67.83
126236  125967  12.22   112.76
126290  126318  3.00    99.80
126290  127002  12.43   106.32
126291  126409  10.00   110.36
126291  126661  9.89    52.73
126293  126090  3.00    40.43
126293  126972  7.00    139.43
126298  126338  0.00    95.56
126318  127001  4.25    103.06
126338  126435  8.67    39.23
126338  125656  7.57    125.93
126376  126722  3.00    51.30
126397  125815  13.33   86.69
126409  126771  8.67    113.21
126430  126435  0.00    52.57
126431  126397  4.75    5.02
126431  127123  10.30   105.46
126435  126934  7.75    93.12
126436  125732  11.00   95.73
126436  126376  6.00    84.23
126476  126558  3.00    75.78
126476  126190  10.50   37.40
126487  126779  0.00    45.04
126528  126664  0.00    77.61
126528  126966  9.38    69.33
126539  126476  2.00    10.50
126539  126487  6.50    76.85
126557  126661  5.50    76.78
126579  127138  2.00    87.80
126579  126298  8.50    96.72
126600  126769  20.00   24.97
126600  126436  0.00    52.57
126621  127085  9.83    73.19
126661  126855  0.00    28.04
126664  125945  0.00    120.17
126664  126179  0.00    70.08
126722  127064  8.00    49.11
126769  126771  15.00   35.73
126769  126722  1.00    127.14
126771  127000  0.00    34.67
126779  127084  0.00    46.01
126784  125896  5.78    125.74
126809  126934  11.50   135.30
126827  127010  0.00    26.18
126847  126779  10.00   78.36
126847  126539  1.00    45.94
126849  127223  0.00    58.41
126849  126827  6.50    45.83
126855  127489  9.09    96.77
126855  126918  10.50   78.62
126873  126849  4.67    65.65
126873  126097  8.60    112.36
126903  127515  12.00   95.35
126903  126873  9.11    54.50
126918  126981  7.80    78.62
126934  127014  0.00    11.34
126952  126236  9.00    103.21
126966  127004  0.00    5.82
126966  127018  0.00    64.29
126972  127322  0.00    55.09
126981  127143  10.00   34.72
126994  127620  11.50   94.88
126994  126952  0.00    7.81
126995  127207  4.15    82.82
126995  127001  4.22    20.97
127001  127002  6.21    96.60
127002  126880  5.41    83.21
127010  127049  0.00    59.04
127010  127644  6.43    99.26
127014  127726  5.83    110.23
127018  127116  0.00    48.30
127027  127004  0.00    49.46
127027  126144  0.00    128.90
127064  127027  9.80    61.83
127064  127303  7.50    44.91
127079  126431  9.22    113.51
127085  128021  7.67    137.50
127085  127322  3.00    47.55
127086  126221  15.00   123.14
127086  126430  16.67   125.13
127106  127064  10.00   92.13
127123  127224  0.00    22.41
127131  126995  5.88    76.42
127131  126621  9.69    135.92
127138  126809  6.50    137.52
127143  127106  9.83    92.13
127143  127492  8.80    69.38
127152  127131  7.67    5.17
127152  127788  6.60    125.01
127187  127004  0.00    29.61
127207  127660  10.00   85.60
127224  127323  12.64   89.04
127224  127883  6.00    120.67
127256  127138  0.00    21.37
127303  127534  6.50    79.76
127303  127956  7.43    101.78
127322  127323  20.00   119.87
127323  127879  6.13    81.58
127363  127922  5.20    101.64
127388  127363  7.43    98.09
127388  127014  9.00    107.26
127467  127018  0.00    74.92
127489  128208  7.00    96.80
127492  128016  9.83    101.94
127515  128561  7.18    139.62
127515  127569  0.00    28.64
127569  127295  0.00    39.38
127569  127619  0.00    36.75
127576  127152  6.09    77.60
127593  127123  0.00    92.61
127614  126784  8.75    125.52
127619  127734  0.00    54.64
127619  127362  0.00    36.97
127620  127079  11.07   111.89
127644  127626  0.00    37.50
127644  127684  0.00    9.09
127660  127788  9.55    125.15
127681  126994  13.25   129.79
127684  127692  0.00    19.54
127684  127899  0.00    29.71
127692  127696  0.00    15.44
127692  127421  0.00    39.15
127726  128572  6.67    110.08
127734  127378  0.00    52.67
127735  127388  1.00    76.35
127762  127086  6.80    105.49
127788  128209  5.00    101.85
127788  128348  8.18    90.34
127854  127681  6.86    43.79
127872  126981  11.00   145.76
127879  128431  6.88    76.26
127879  127941  10.20   104.40
127883  127941  0.00    54.35
127883  127593  11.50   92.89
127899  127944  0.00    11.89
127899  127890  0.00    35.62
127922  127854  0.00    24.36
127939  127388  3.75    80.40
127941  128587  30.00   89.67
127944  127958  0.00    25.64
128021  127576  9.14    77.59
128028  127734  0.00    38.19
128085  128021  1.00    9.09
128085  128626  8.19    79.78
128154  127922  14.00   50.24
128154  127735  8.00    76.47
128199  128090  3.00    101.75
128209  129006  11.69   107.43
128321  127492  8.67    121.58
128348  128648  4.67    92.88
128366  127620  9.83    114.91
128366  127681  11.00   117.73
128431  128849  10.00   74.47
128475  127854  15.00   80.47
128556  127614  12.12   125.27
128556  128583  11.50   82.19
128561  128662  0.00    32.30
128561  128906  8.20    47.09
128569  128568  8.67    36.35
128569  127939  11.50   80.30
128571  128569  0.00    25.54
128572  128571  6.50    47.93
128583  127762  3.00    105.40
128583  128572  3.00    73.46
128587  129145  4.25    88.81
128626  129006  11.00   78.24
128648  129212  11.00   73.16
128649  129098  10.00   67.37
128649  128085  3.03    85.35
128662  129026  0.00    79.93
128662  128524  0.00    126.09
128824  128154  3.32    87.08
128824  128475  7.00    77.01
128849  128649  11.46   49.15
128869  128648  10.00   109.92
128905  128569  0.00    43.36
128905  129300  0.00    60.09
128906  129161  9.26    66.12
128906  129608  12.67   88.85
128929  127872  8.17    145.76
128960  129161  0.00    24.00
128960  128556  9.50    57.41
128994  128849  4.75    99.35
128994  129641  8.24    72.66
129006  129212  7.09    67.99
129076  128960  0.00    21.14
129098  129514  14.33   51.48
129098  129843  3.00    118.40
129133  129302  6.94    126.22
129133  128824  1.00    43.34
129144  129133  0.00    10.08
129145  128994  4.88    77.83
129149  129076  0.00    14.48
129188  129514  11.50   51.37
129202  129224  11.00   26.49
129208  128583  6.50    97.15
129208  128571  11.00   104.78
129224  129300  8.78    35.92
129224  128905  10.00   40.50
129267  129202  10.00   55.87
129267  129144  7.45    35.99
129273  129145  6.69    45.75
129300  129416  8.50    35.92
129302  128366  5.75    125.15
129302  129273  4.67    32.19
129358  129202  6.00    43.51
129358  129267  10.11   17.98
129416  129208  10.00   29.98
129416  129149  9.18    112.85
129434  129953  7.80    86.50
129514  130158  0.00    106.62
129514  129953  11.50   55.14
129641  130617  5.10    129.55
129641  129976  9.00    108.35
129776  129144  5.40    68.90
129843  130603  4.00    120.13
129947  129358  6.14    94.46
129953  130301  3.00    53.49
129953  130495  1.00    105.28
129976  129273  3.00    77.00
129976  129933  0.00    93.42
130158  130603  11.50   105.83
130206  129776  12.17   95.09
130494  130144  11.50   47.87
130495  131011  13.20   105.28
130554  129776  10.07   101.92
92774   93151   4.17    108.69
92826   93151   6.92    50.30
93151   93462   10.00   49.94
93297   93678   9.20    56.62
93340   93678   15.00   102.47
93462   93131   10.60   110.06
93463   93827   8.67    100.57
93535   93700   9.00    45.83
93537   93462   0.00    17.71
93671   94411   9.09    116.11
93678   94044   8.43    58.82
93700   94044   6.50    114.40
93700   93340   2.00    59.37
94021   94724   6.32    115.40
94044   94751   11.50   115.66
94044   94224   0.00    57.05
94081   93700   2.00    62.21
94121   94401   11.50   79.61
94158   93833   6.71    96.27
94224   94411   0.00    57.97
94224   93487   11.29   115.75
94384   95097   8.21    116.06
94401   93833   9.83    118.79
94401   94702   6.50    93.33
94411   94724   11.00   115.58
94411   95109   8.20    115.79
94431   94164   8.60    86.47
94431   94081   11.50   53.91
94474   94752   6.50    98.81
94603   94951   0.00    54.51
94709   95492   8.89    115.52
94724   94939   8.25    65.10
94724   95104   10.75   57.87
94730   94773   10.00   12.37
94741   94431   0.00    55.90
94741   94909   0.00    53.12
94751   94431   9.00    115.31
94751   95545   12.89   116.39
94752   94741   0.00    1.51
94773   94953   8.00    53.56
94937   94751   6.40    58.14
94939   95097   7.75    50.33
94951   94937   0.00    4.35
94953   95123   3.00    56.88
94962   94482   4.75    140.72
95077   95899   10.00   115.69
95097   95910   8.27    115.56
95097   95265   6.50    58.32
95104   95299   10.00   64.99
95104   95519   1.67    58.08
95109   95933   6.43    115.91
95109   94951   3.00    53.13
95123   94752   11.00   58.18
95123   95308   10.00   57.52
95142   94990   0.00    50.88
95163   94761   0.00    111.14
95235   95322   0.00    21.74
95265   95492   1.00    57.88
95265   94550   10.00   115.80
95299   94939   0.00    58.05
95308   95545   1.00    58.79
95322   95582   11.50   64.31
95461   96275   7.00    115.63
95482   95322   10.00   118.35
95492   96308   6.50    116.51
95492   95899   10.13   115.57
95519   96323   7.92    115.49
95519   95109   10.00   116.26
95545   95756   10.00   57.64
95545   96345   9.20    114.93
95582   95772   8.50    56.81
95681   96055   0.00    56.56
95756   94937   7.33    116.03
95756   95933   8.17    57.75
95757   95519   3.00    64.82
95757   95299   20.00   57.97
95772   95945   11.50   56.98
95772   94953   10.00   116.24
95880   96643   6.67    114.34
95899   96055   9.00    50.01
95899   96667   6.50    115.64
95910   95757   20.00   50.64
95910   96385   7.67    68.56
95933   96696   6.36    115.61
95933   96323   11.86   115.93
95945   95123   9.44    115.36
95945   96147   8.75    59.01
95948   95815   0.00    20.19
95948   95808   10.00   26.11
96055   96275   8.17    65.26
96102   95910   15.00   56.98
96119   96385   0.00    77.22
96127   96093   0.00    5.78
96147   96345   3.00    57.16
96147   95308   5.40    115.07
96216   96950   8.54    115.77
96235   96626   8.56    116.48
96235   96967   5.70    116.39
96267   96341   0.00    9.52
96275   96643   10.25   115.64
96275   96988   4.67    115.90
96308   96102   6.50    58.01
96308   97011   10.00   115.17
96319   96621   0.00    59.78
96323   96537   8.67    58.34
96323   97028   4.71    116.11
96341   96856   7.56    87.24
96345   96621   9.14    86.35
96345   96581   11.29   33.50
96385   96683   15.00   47.68
96388   95582   5.14    117.57
96454   96388   3.00    7.36
96537   96683   11.00   57.56
96581   97058   3.25    85.01
96582   96894   7.67    55.80
96621   96696   3.00    29.01
96626   96950   13.33   116.55
96626   95865   2.87    114.47
96642   96372   7.20    85.10
96642   95948   8.94    102.10
96643   97319   9.17    116.36
96643   96967   10.44   114.83
96667   97336   7.22    116.09
96667   96308   2.00    116.71
96683   96837   10.33   57.49
96683   97357   8.43    115.59
96696   97028   11.30   116.22
96696   96888   8.09    32.84
96726   95945   10.78   118.46
96769   96726   0.00    7.31
96770   96127   10.75   93.10
96805   96839   0.00    6.64
96837   97011   11.50   58.12
96839   97088   10.33   41.88
96856   97363   6.10    85.29
96856   96642   10.38   84.22
96869   97239   9.40    71.24
96888   96581   9.43    115.38
96888   97141   10.00   44.16
96894   96933   0.00    7.39
96950   97274   4.75    115.02
96950   97608   7.08    115.86
96967   97634   7.26    115.12
96967   97305   9.73    116.54
96985   97141   0.00    52.95
96988   96667   11.13   115.56
96988   97339   15.00   60.14
97011   97170   0.00    57.87
97011   97678   10.86   115.48
97028   97722   8.50    117.44
97028   97195   10.00   57.50
97058   97094   0.00    6.58
97088   97670   9.40    100.02
97122   96642   10.00   83.86
97141   97385   7.11    40.88
97170   97336   8.67    58.31
97172   97368   6.63    92.27
97172   96454   7.48    113.18
97185   97339   0.00    56.20
97192   97224   6.50    5.95
97195   96537   10.00   115.62
97195   97357   10.00   57.72
97224   97710   8.00    114.22
97274   97597   7.50    122.38
97274   96942   3.00    55.47
97305   96626   5.77    115.54
97319   98032   7.73    115.95
97319   96988   8.18    115.43
97325   97378   0.00    19.98
97336   98046   9.29    115.26
97336   97660   8.50    115.23
97339   97660   11.50   55.88
97357   97508   11.67   58.21
97357   98077   8.00    118.19
97363   97881   6.31    85.30
97368   97550   2.00    94.33
97368   96770   7.00    93.51
97378   97599   8.38    84.17
97385   97416   3.00    6.91
97392   97899   8.36    81.40
97434   97469   3.00    6.73
97467   97843   0.00    62.91
97469   98064   8.60    98.08
97508   97678   3.00    57.64
97537   97127   5.33    86.82
97550   96958   8.33    96.26
97550   97906   6.50    129.94
97580   97127   1.00    72.52
97597   97087   1.67    127.50
97599   97122   12.00   83.86
97599   97881   9.00    84.47
97608   98326   9.36    115.51
97608   97984   12.88   115.76
97634   98039   2.00    61.85
97634   97319   10.31   116.10
97660   97843   16.67   58.34
97660   98371   11.00   115.25
97670   97172   6.50    105.86
97670   98247   8.20    91.96
97678   98397   13.50   117.65
97678   97864   10.00   58.72
97705   97899   0.00    71.51
97710   98311   11.33   93.86
97710   97670   8.50    106.15
97722   97775   10.50   7.68
97775   98300   8.18    87.30
97843   98032   9.00    58.46
97864   97170   10.00   115.40
97864   98046   7.00    57.23
97881   98539   4.53    112.23
97881   97906   11.50   8.89
97894   97368   8.00    90.74
97899   97973   10.00   10.25
97900   97195   7.40    117.87
97906   98158   8.00    87.49
97949   97900   5.00    7.20
97973   98645   8.38    113.82
97984   98332   6.20    119.03
97984   97274   7.36    116.34
98008   97305   5.80    115.59
98008   97634   7.71    115.69
98022   98055   10.00   6.90
98032   98340   10.78   115.20
98032   98689   8.00    115.39
98039   98494   10.00   102.83
98039   98340   8.00    53.45
98046   98708   7.67    117.71
98046   98156   10.00   41.36
98055   98619   8.60    95.61
98064   98311   9.13    93.59
98077   98112   0.00    7.03
98156   98371   12.60   74.95
98158   98402   5.43    87.51
98191   98491   7.89    48.68
98220   98553   8.60    123.95
98232   97550   9.11    111.30
98247   97894   18.67   87.96
98247   98786   7.22    96.16
98249   97973   7.80    112.16
98249   97790   10.00   72.29
98270   98129   11.30   39.70
98300   98853   7.00    90.35
98311   98856   9.89    93.91
98311   98455   3.00    92.00
98326   98988   5.42    117.89
98326   98008   10.25   116.30
98327   98097   0.00    89.17
98332   98426   9.00    30.96
98340   98494   6.43    54.33
98340   98997   5.53    116.48
98371   99030   6.87    117.73
98371   98689   9.71    116.54
98388   98342   10.00   7.50
98397   98441   0.00    7.59
98402   98232   10.00   30.22
98433   98249   8.89    78.93
98447   98544   13.90   78.44
98455   98247   5.71    92.49
98481   98156   20.00   56.95
98491   98544   4.79    11.18
98494   98669   15.00   62.02
98508   98490   20.00   9.07
98508   98433   10.00   31.63
98539   98270   7.55    102.53
98544   98577   0.00    9.39
98553   98097   10.44   77.79
98577   99262   6.60    110.57
98577   98508   0.00    14.78
98619   99207   5.63    96.22
98630   98402   0.00    40.67
98645   98426   5.50    71.17
98645   98959   15.00   56.29
98648   98326   8.90    115.63
98648   97984   8.13    115.93
98653   98553   6.50    83.04
98666   98300   6.40    90.12
98669   98988   8.27    116.63
98669   98008   4.05    115.02
98683   98786   11.50   38.11
98683   98232   10.54   105.04
98689   99381   8.83    117.66
98689   98997   8.64    114.96
98693   98652   6.50    6.97
98708   98754   1.00    7.58
98717   99214   0.00    84.64
98746   98653   2.00    83.02
98746   98327   0.00    91.40
98786   99054   9.00    96.81
98786   99449   5.50    113.47
98787   99428   9.86    107.07
98853   99414   7.83    89.76
98856   98666   10.00   88.13
98898   98865   10.00   6.64
98918   98645   8.80    112.65
98918   98249   8.00    117.77
98919   98693   10.00   41.94
98956   98787   7.25    75.92
98956   98553   7.25    70.53
98959   99335   8.09    59.50
98959   99270   9.42    113.00
98988   99674   9.05    113.89
98988   99160   9.20    57.17
98997   99347   8.92    116.23
99015   98648   8.31    136.26
99025   98388   4.25    113.61
99030   99077   0.00    8.02
99040   99294   0.00    43.79
99040   98856   4.00    114.95
99054   99040   0.00    49.35
99054   99159   8.00    18.80
99072   99503   13.25   69.04
99116   99151   0.00    4.74
99116   98956   12.60   121.88
99119   98746   5.33    97.93
99122   98918   8.46    77.99
99131   99794   7.75    115.60
99142   99835   7.00    107.34
99142   99116   11.00   42.49
99151   100075  10.00   142.38
99151   99473   3.00    84.15
99159   99294   0.00    26.56
99160   99832   9.24    113.03
99160   99214   10.00   18.50
99207   99025   4.25    75.36
99207   99768   9.89    93.79
99214   99339   6.50    39.91
99262   99814   8.35    86.21
99262   99364   9.00    79.71
99262   99122   8.71    57.98
99270   98918   11.67   56.42
99294   99983   6.07    115.40
99301   99829   10.75   91.52
99335   99872   10.75   90.22
99339   98648   7.27    117.96
99339   99503   6.50    55.64
99347   98669   6.14    116.29
99347   99674   8.04    116.45
99364   99409   8.55    68.37
99364   98447   8.00    145.25
99372   99025   13.33   109.76
99372   98919   10.00   73.10
99381   99411   9.64    8.24
99396   99473   5.33    76.43
99396   98956   7.25    70.75
99409   98862   13.67   85.44
99409   99432   9.00    24.63
99411   100093  8.47    115.10
99414   99207   8.17    95.13
99414   99936   12.50   83.85
99428   100092  9.13    107.03
99432   99479   8.80    37.19
99449   100167  9.07    125.35
99455   99159   0.00    61.74
99473   99687   50.00   64.16
99479   99549   10.86   67.18
99479   98591   12.11   141.08
99503   99589   3.00    34.69
99547   99119   0.00    98.37
99561   98898   10.00   117.65
99561   99372   9.33    69.23
99575   99547   0.00    8.29
99587   99604   0.00    2.20
99589   99736   8.94    47.35
99604   99803   7.67    35.86
99633   99335   11.63   114.09
99633   99270   10.50   58.72
99642   99829   3.00    57.97
99666   99916   6.50    89.19
99666   99339   7.67    56.25
99669   99814   1.00    57.88
99674   99832   10.19   57.72
99674   100336  8.67    118.06
99687   99882   7.67    59.36
99763   99355   0.00    67.01
99763   99872   1.00    51.19
99768   100044  10.20   89.49
99784   99142   4.73    146.53
99784   100387  8.25    121.62
99794   99561   9.40    83.54
99794   100102  9.00    85.27
99803   99953   7.67    27.95
99814   100012  0.00    30.96
99818   99633   8.92    77.30
99829   100326  8.80    87.39
99829   100092  5.40    79.20
99832   100001  9.60    58.23
99835   100075  6.50    101.62
99872   100042  12.17   27.92
99882   99396   9.33    80.48
99888   100167  4.60    99.49
99916   99589   6.50    56.19
99916   100063  5.50    48.45
99936   100335  8.50    82.10
99953   100387  8.67    132.88
99953   99784   7.75    49.95
99981   99803   10.00   54.42
99983   100792  9.17    137.88
100001  99666   6.00    57.24
100001  100240  14.00   90.45
100012  100095  2.29    80.51
100012  100718  7.22    118.45
100012  99818   10.00   77.30
100037  99347   6.14    118.51
100042  100302  7.67    114.08
100042  100672  5.77    114.06
100044  99372   4.75    115.62
100044  100147  8.25    38.41
100053  100327  6.22    50.24
100075  100452  11.00   72.16
100075  99687   5.33    127.68
100082  100037  5.13    6.88
100092  100312  10.60   74.77
100092  100500  3.00    76.44
100093  100193  10.00   21.55
100093  99794   11.43   102.30
100095  99364   10.17   115.23
100095  100099  0.00    7.74
100099  100163  4.17    85.21
100102  100147  10.60   83.43
100143  100391  0.00    42.91
100147  100356  4.75    81.48
100150  99981   10.00   28.89
100157  99763   7.33    68.65
100163  100195  11.50   41.52
100163  99432   8.25    116.16
100167  100494  3.25    60.05
100167  100384  11.50   84.43
100192  100882  7.75    109.81
100193  100726  8.17    93.75
100195  100253  6.56    66.86
100213  99983   0.00    110.29
100221  100150  0.00    35.17
100221  99831   11.50   67.13
100221  100327  6.50    52.23
100239  100221  1.00    52.19
100239  100150  0.00    17.99
100240  100368  8.62    51.31
100240  99916   10.00   58.32
100253  100311  7.00    53.98
100302  100490  9.35    86.90
100302  99633   8.96    117.11
100311  100374  9.00    67.42
100311  99601   11.43   116.35
100312  99882   5.50    74.97
100326  100844  8.14    87.56
100327  100408  10.00   14.46
100335  100572  12.17   93.40
100336  100376  3.75    8.56
100342  100335  7.00    81.85
100356  100567  3.00    81.52
100376  101029  11.86   113.72
100383  100093  6.18    117.20
100383  101040  7.83    115.47
100384  100213  0.00    91.31
100384  100693  6.50    110.90
100387  100546  0.00    25.62
100387  100391  10.00   3.95
100390  100485  6.00    83.01
100391  100452  5.33    128.90
100408  101065  7.69    111.82
100452  100390  2.60    82.66
100484  100342  6.00    82.46
100485  100312  7.67    33.42
100486  100539  0.00    17.02
100490  100718  13.29   86.90
100494  100581  0.00    14.30
100500  100971  9.50    76.50
100539  100672  5.50    55.80
100539  100951  10.00   67.36
100546  100819  2.33    45.33
100546  100782  0.00    51.94
100567  100193  6.67    108.78
100567  100726  7.75    54.89
100572  100044  2.50    100.05
100572  100711  11.50   48.16
100581  100384  10.07   97.06
100581  100936  5.00    99.30
100602  100768  8.40    125.24
100656  100239  10.50   80.99
100672  101113  5.33    73.02
100672  100972  9.70    117.33
100685  100638  0.00    7.86
100693  100835  7.00    53.19
100694  100420  10.00   45.25
100711  100944  10.00   79.93
100711  100737  11.50   92.90
100713  100082  8.25    116.09
100713  100383  5.87    116.40
100718  100876  0.00    24.26
100726  101040  8.57    117.93
100726  101295  8.75    100.07
100730  100782  10.60   132.44
100737  100567  5.33    93.52
100755  100844  11.50   94.79
100768  100195  12.50   93.69
100782  101011  10.00   47.96
100782  100819  0.00    46.37
100792  100807  0.00    2.48
100792  100484  8.56    137.89
100807  101233  3.00    79.15
100807  101045  3.00    44.97
100819  100656  8.50    102.53
100819  101011  1.00    35.47
100835  100792  9.80    87.39
100835  101045  7.40    75.49
100844  101407  7.80    97.01
100876  101423  9.00    90.39
100882  101372  10.00   104.04
100882  101413  3.75    85.92
100888  100713  5.33    62.12
100917  100240  8.70    118.09
100936  101202  6.50    98.23
100944  101295  10.00   128.72
100962  100917  0.00    7.13
100971  101145  8.83    75.06
100971  101394  11.38   73.43
100972  100302  9.33    113.21
100972  101195  8.76    92.71
101008  100685  9.56    55.53
101008  101231  5.33    78.30
101029  101716  8.93    115.96
101029  100888  6.10    55.42
101040  101795  3.48    117.13
101040  101371  6.83    115.55
101045  101706  8.27    109.44
101045  101233  7.40    67.53
101065  101768  7.82    111.81
101078  101011  0.00    20.53
101094  101236  8.47    82.30
101113  101380  6.62    47.47
101145  100485  6.80    106.53
101164  101078  0.00    63.63
101164  100656  7.40    87.16
101169  100408  9.92    120.67
101171  100484  3.00    111.00
101171  101094  8.14    82.04
101182  100768  10.00   66.60
101195  101423  9.64    95.79
101231  101448  12.50   78.30
101233  101418  8.13    64.89
101236  100572  3.00    112.48
101236  101592  7.86    128.43
101263  101113  10.00   57.12
101278  101721  13.25   83.34
101278  100730  8.50    138.06
101280  101349  15.00   58.94
101280  100694  3.61    92.96
101281  101078  0.00    30.59
101282  101333  8.67    149.53
101282  101278  6.30    116.62
101295  101419  11.50   45.10
101295  101954  7.31    110.53
101313  101354  10.00   18.27
101313  100972  10.00   57.95
101333  102066  9.00    123.57
101333  101281  3.00    28.10
101349  100694  10.05   140.90
101349  101381  10.00   58.48
101351  101029  9.33    114.78
101351  101008  14.33   59.31
101360  101164  3.00    33.93
101360  101281  0.00    49.46
101371  100713  4.15    114.76
101371  101548  10.00   62.44
101372  101937  0.00    84.72
101372  101789  6.75    89.86
101377  101280  8.50    16.83
101380  101355  0.00    7.52
101381  101383  10.00   24.40
101394  102042  9.32    103.67
101407  101394  7.06    88.13
101407  101980  7.27    85.55
101413  101981  0.00    85.95
101418  101171  0.00    77.41
101418  101722  10.50   103.69
101419  101795  9.40    123.86
101423  101509  10.00   13.88
101429  101407  9.32    69.48
101485  101978  0.00    73.63
101509  102136  6.42    97.38
101547  101360  0.00    58.22
101547  101608  3.00    16.95
101548  101716  7.57    52.70
101592  100944  0.00    111.28
101592  101954  11.00   127.93
101601  101810  0.00    32.40
101647  101351  12.58   99.72
101679  101380  3.20    52.03
101706  102019  10.00   113.00
101706  101969  1.00    45.10
101716  102135  8.78    119.16
101716  102041  7.67    115.22
101721  101145  7.56    95.13
101722  101171  3.00    87.09
101722  101965  10.33   86.32
101727  101071  11.10   101.06
101735  101810  0.00    25.44
101768  102437  7.55    111.81
101789  101486  10.00   54.62
101789  101877  0.00    23.38
101795  101827  8.83    13.72
101800  102161  1.00    81.25
101800  101722  0.00    12.19
101807  101721  11.63   67.06
101810  101878  0.00    18.86
101812  101807  9.17    8.73
101827  102135  6.85    110.85
101860  101418  13.33   85.06
101860  102223  10.00   88.02
101873  101360  10.25   88.84
101877  102185  11.29   51.19
101877  102309  5.33    117.39
101919  102150  0.00    91.22
101928  101647  5.33    99.69
101932  101419  6.50    97.94
101932  101827  10.00   65.09
101937  102185  6.17    73.61
101937  101789  0.00    58.74
101950  101169  6.67    120.66
101954  102416  4.00    96.58
101954  102518  11.38   94.02
101955  101282  6.50    109.95
101961  101928  0.00    8.34
101965  102193  13.33   79.49
101965  101236  7.14    124.11
101969  102048  0.00    13.60
101978  101961  0.00    3.14
101980  102064  2.08    70.47
101981  102530  3.00    142.98
101981  101937  2.00    55.81
101985  101351  3.50    107.21
101991  101679  5.32    57.64
101991  101313  7.88    130.16
102002  102644  5.37    93.75
102002  101980  6.18    32.32
102009  101547  9.00    82.85
102013  102046  0.00    5.72
102019  101860  20.00   27.58
102038  101981  0.00    57.86
102038  101950  1.00    13.27
102041  101985  3.00    8.65
102042  102002  5.27    16.47
102046  101807  10.18   119.37
102046  102581  10.30   83.23
102048  102081  0.00    7.33
102049  101985  8.00    21.25
102065  102136  5.22    48.26
102066  102940  9.55    124.98
102081  102183  0.00    17.00
102103  101443  11.00   102.71
102113  101377  10.00   114.00
102116  101592  2.00    90.65
102116  102474  10.00   66.18
102135  102546  7.67    135.60
102136  102281  8.59    91.70
102136  102794  6.15    94.25
102150  102195  0.00    91.10
102161  102766  9.80    112.91
102163  102049  0.00    45.51
102183  102208  0.00    4.67
102185  102309  12.60   117.55
102185  102530  11.50   51.90
102193  102116  15.00   65.98
102193  102474  20.00   98.81
102195  102163  0.00    9.88
102205  102989  9.17    120.99
102205  102333  9.11    99.02
102208  102289  6.56    12.91
102223  102696  1.00    88.96
102281  102510  10.33   136.97
102285  102042  4.00    74.98
102289  102547  7.40    44.33
102290  102019  3.00    45.49
102298  101978  7.80    60.58
102309  102547  11.50   83.87
102333  103176  8.55    117.02
102333  102365  9.00    20.76
102352  101950  7.43    88.69
102365  102505  9.59    95.11
102365  101727  10.00   101.07
102384  102503  6.80    79.13
102416  103162  9.30    99.81
102434  102009  10.33   82.59
102434  101873  10.00   90.21
102437  103286  7.14    121.17
102451  101800  8.92    107.82
102471  102729  0.00    37.21
102474  102739  14.00   78.15
102479  102049  0.00    93.32
102503  102596  8.13    67.25
102505  102065  9.75    67.03
102510  102718  8.67    119.48
102510  101991  3.82    94.93
102518  102739  11.00   31.64
102518  102652  14.33   76.09
102523  102135  0.00    63.51
102523  102887  5.40    124.93
102530  102668  8.33    90.73
102530  102998  3.00    63.31
102546  102523  6.73    93.85
102546  102667  10.78   36.49
102547  102832  2.50    39.88
102581  101955  3.00    108.67
102581  102940  6.50    93.63
102596  102697  8.86    60.50
102644  102783  11.50   16.79
102667  102939  10.00   81.12
102667  102041  7.82    99.90
102668  102922  8.67    91.53
102681  102644  9.93    119.60
102696  102893  11.20   43.13
102697  102769  7.80    45.26
102713  102505  11.50   28.19
102718  102298  11.10   73.15
102718  102954  6.86    133.58
102728  101932  9.43    120.74
102729  103289  20.00   84.15
102733  102285  2.80    123.13
102739  103162  7.56    128.01
102739  102755  0.00    2.20
102755  103358  10.52   125.22
102763  102681  3.00    119.62
102766  103358  12.67   112.91
102769  102824  10.00   39.38
102779  102038  8.00    120.86
102783  103119  9.89    98.41
102783  103543  6.33    114.54
102794  103407  7.14    90.31
102802  102733  6.27    18.06
102807  102437  10.00   53.40
102807  102352  3.00    88.65
102824  102103  12.67   102.71
102824  102913  11.04   60.11
102832  102922  3.08    15.16
102887  102728  8.67    51.83
102887  103233  6.50    68.33
102913  102113  10.30   114.00
102913  102989  10.30   60.94
102919  102434  7.14    65.71
102919  103054  0.00    42.86
102922  103183  6.75    41.62
102939  103204  14.71   81.11
102940  103054  7.80    50.05
102954  102987  0.00    25.15
102960  102510  3.64    138.80
102963  102479  0.00    93.17
102979  103235  0.00    52.31
102982  103058  0.00    27.47
102982  103282  0.00    41.08
102987  103204  4.67    70.62
102989  103176  5.44    109.36
102998  103708  10.75   104.06
102998  102779  9.88    114.71
103010  103527  5.50    89.34
103010  102807  10.00   39.40
103054  103189  12.20   54.35
103058  103010  5.33    20.13
103058  103396  0.00    57.64
103087  102667  8.33    62.96
103102  102998  5.50    75.53
103119  103366  9.83    97.90
103123  102993  0.00    59.37
103123  102729  11.00   121.49
103133  103235  3.00    49.38
103162  103469  6.38    108.91
103176  103672  7.71    75.42
103176  103343  7.00    112.68
103183  103779  6.50    98.32
103183  103102  10.50   75.53
103189  103431  7.00    46.06
103189  102919  1.00    40.43
103204  103320  10.75   41.68
103204  103524  6.50    52.21
103223  103278  8.67    45.09
103223  102523  11.00   101.87
103233  102728  13.33   67.83
103233  103469  15.00   43.58
103235  103279  0.00    54.35
103257  102802  4.78    110.40
103259  103145  3.00    74.04
103278  103087  10.55   29.26
103279  102979  0.00    47.45
103282  103307  10.00   62.08
103286  104064  8.80    121.09
103289  103123  1.00    91.74
103307  102982  6.67    96.11
103314  103087  10.00   84.07
103338  103223  15.00   84.97
103340  103788  10.90   109.21
103343  103407  9.50    50.18
103358  103455  4.67    25.42
103366  102733  8.74    89.26
103366  103851  9.86    127.39
103378  103445  0.00    14.18
103391  102832  3.75    91.20
103391  103289  15.00   61.51
103396  103282  10.00   25.45
103407  103519  6.50    75.36
103421  103543  8.00    139.78
103421  103480  5.50    106.16
103431  103623  5.73    126.76
103445  103645  10.00   27.86
103463  103340  10.57   104.08
103469  103753  10.56   89.69
103469  104030  3.00    98.10
103476  103378  0.00    81.76
103519  103558  0.00    25.19
103524  104088  11.00   83.05
103524  103314  10.63   84.07
103527  104064  3.00    89.35
103540  103223  5.50    55.36
103540  103278  7.40    46.53
103543  103944  8.67    92.34
103543  103848  5.80    90.95
103558  103710  10.08   94.99
103561  103465  11.12   76.47
103603  104449  10.00   122.25
103623  103257  3.79    88.49
103624  104177  8.67    76.67
103624  103463  0.00    104.08
103645  103982  3.00    48.78
103652  103708  12.50   131.91
103652  103307  9.00    76.68
103672  103869  7.00    28.47
103678  103396  10.20   48.42
103680  103561  9.80    76.49
103689  103540  5.72    21.43
103708  104651  5.43    136.66
103708  103846  0.00    88.91
103710  103788  7.14    51.58
103710  104371  12.50   139.45
103724  103645  0.00    49.67
103737  103624  3.00    66.84
103753  104028  12.56   88.85
103753  103338  11.00   87.85
103779  103846  0.00    9.66
103779  103987  8.80    121.58
103788  103882  5.50    64.18
103846  104532  8.18    106.07
103848  103989  14.33   90.17
103851  103257  9.61    87.22
103851  104522  10.81   128.47
103852  103678  6.50    52.12
103869  104770  9.46    128.28
103882  104541  10.60   96.51
103882  103942  8.17    37.04
103892  104261  1.50    50.60
103892  103820  0.00    40.78
103895  103465  1.50    60.20
103906  103391  2.00    79.54
103925  104419  5.21    126.69
103925  103366  8.60    80.25
103942  104599  1.00    96.71
103942  103975  5.75    21.88
103944  104295  15.00   100.85
103944  104208  12.67   60.13
103948  103869  0.00    56.81
103956  103613  0.00    47.89
103973  103421  9.94    118.78
103975  104642  10.00   96.59
103975  104071  8.00    58.23
103982  104348  11.36   52.93
103987  104539  6.50    86.70
103987  103906  3.00    40.98
103989  103925  6.50    9.24
104028  104302  4.40    88.73
104030  104107  0.00    11.21
104030  103745  0.00    55.87
104056  103982  0.00    48.23
104064  104303  5.33    63.62
104071  104177  14.71   65.30
104099  103906  6.50    25.18
104099  103892  32.29   107.58
104149  103652  7.40    77.49
104177  104214  16.67   18.14
104202  104502  0.00    48.01
104202  104060  5.50    64.44
104203  103623  5.43    123.21
104208  104609  9.83    86.06
104208  104586  2.00    80.78
104211  103753  0.00    66.83
104214  104372  8.95    116.54
104261  104360  0.00    18.51
104286  104667  10.00   63.49
104287  104163  7.00    65.11
104287  104351  0.00    118.45
104295  104612  4.67    100.77
104303  104698  3.00    74.73
104303  103678  8.78    104.45
104312  103689  4.55    95.65
104321  105120  0.00    119.80
104362  104203  9.17    26.61
104371  104287  11.00   59.63
104385  104202  5.33    104.45
104385  104727  1.00    48.64
104415  104099  8.00    49.10
104415  104261  8.50    111.83
104416  104732  11.13   43.30
104419  104455  0.00    10.42
104429  104071  8.18    53.90
104455  103851  9.19    87.78
104473  105348  10.33   145.26
104492  104868  16.67   51.73
104499  105322  6.00    115.95
104502  104336  10.00   89.72
104505  105230  10.00   105.18
104505  104371  10.00   75.32
104522  105450  8.56    132.73
104532  105299  14.57   107.05
104533  103852  8.27    101.23
104539  104973  5.14    84.36
104541  104711  8.80    22.28
104550  104214  8.80    53.93
104550  104429  11.50   83.46
104569  104505  8.60    44.35
104579  104915  6.17    80.17
104579  104203  6.10    72.51
104585  104930  0.00    49.06
104585  104385  5.80    103.80
104586  104995  10.75   80.75
104599  104792  0.00    25.68
104599  104541  0.00    36.14
104609  104658  0.00    7.94
104609  103973  10.20   100.50
104612  104830  9.00    61.31
104620  104149  6.50    77.16
104620  103852  8.00    148.42
104642  104599  3.00    22.92
104651  105520  3.00    135.43
104658  105262  5.18    100.32
104698  105211  6.71    76.84
104709  103895  5.36    116.19
104709  104545  5.80    95.22
104711  105364  1.00    95.28
104711  104569  13.33   76.85
104727  104502  11.50   103.54
104732  105474  14.71   108.97
104766  105627  6.80    124.53
104775  104429  8.25    47.30
104803  104415  1.00    53.90
104803  104585  8.50    103.57
104817  104732  3.00    56.15
104817  105567  7.00    108.95
104820  104940  2.00    96.46
104820  104534  2.44    81.49
104830  103989  8.82    117.78
104877  104940  20.00   142.10
104877  105075  0.00    32.37
104884  105482  10.00   88.90
104893  104775  3.00    83.45
104893  104550  0.00    46.97
104896  105651  20.00   108.01
104896  104817  3.00    55.46
104912  104419  7.20    108.66
104912  105436  7.67    83.62
104914  104362  8.25    84.27
104915  105211  9.20    80.17
104930  104727  0.00    104.48
104940  105075  4.43    110.99
104966  104896  1.00    85.51
104972  104868  4.75    21.12
104973  105299  10.86   70.90
104973  105506  11.00   98.38
104995  104612  0.00    127.24
104995  105096  7.00    22.08
105016  104830  1.00    29.93
105016  104912  10.90   38.42
105026  105561  20.00   75.77
105036  105002  0.00    17.98
105075  105139  16.60   49.97
105097  104820  3.20    95.21
105097  104922  1.00    141.32
105130  104803  3.52    50.16
105130  104930  10.00   108.41
105139  105230  9.83    58.66
105139  104812  6.50    51.18
105172  104455  8.67    103.99
105193  105454  3.00    36.66
105198  105486  0.00    65.09
105201  104514  7.82    101.80
105211  105456  0.00    35.70
105211  105498  6.50    79.13
105218  104658  10.00   113.46
105230  105276  15.00   30.13
105234  104579  5.13    98.86
105245  104533  6.80    101.55
105245  104620  7.25    134.72
105276  105293  7.79    16.53
105279  105948  3.00    93.45
105293  105364  6.50    75.43
105299  105366  1.00    11.79
105299  105777  11.00   80.24
105322  105201  8.80    65.43
105322  105906  10.50   83.40
105348  105201  4.64    61.79
105364  105535  9.11    117.33
105364  105995  10.14   87.81
105366  105889  9.80    86.89
105381  104362  9.86    143.12
105394  104443  3.00    135.92
105394  105322  4.86    58.17
105436  105965  9.50    83.01
105439  105820  8.69    87.88
105439  105016  8.17    130.50
105444  105097  3.75    101.69
105450  104914  8.56    84.41
105450  106008  6.85    75.23
105454  106245  10.20   111.95
105456  105745  8.09    39.10
105473  105075  1.00    76.91
105474  105394  13.20   56.28
105474  106290  8.50    115.42
105486  105511  0.00    16.13
105486  105843  0.00    47.94
105498  105245  7.33    35.95
105498  105529  8.77    145.44
105506  106226  8.25    101.45
105520  105366  9.50    141.39
105529  104620  6.17    133.99
105529  105520  8.67    8.66
105535  104775  1.00    111.68
105535  105667  6.57    83.39
105561  106095  10.00   75.78
105567  105474  2.09    58.58
105567  106362  6.75    115.47
105571  105139  0.00    74.48
105575  106128  1.00    78.64
105616  105444  7.14    99.08
105627  106392  10.00   112.79
105627  105454  6.67    112.26
105651  105567  6.50    54.58
105651  106057  0.00    56.85
105667  104893  9.73    111.51
105693  106057  0.00    85.87
105693  105651  4.75    29.54
105709  106008  4.75    143.11
105709  105172  11.00   75.63
105712  105360  10.00   77.66
105731  105444  4.92    84.35
105743  104709  8.21    149.45
105745  106176  10.00   96.29
105769  105709  3.00    43.68
105769  105172  10.00   109.70
105777  106340  10.60   82.25
105780  106192  0.00    66.33
105780  105616  8.89    99.08
105781  105627  9.04    115.35
105781  106547  7.67    115.38
105820  106305  10.00   95.23
105820  105218  11.25   113.46
105823  105693  5.78    91.10
105823  105036  3.00    108.99
105843  105781  4.25    40.95
105869  105823  5.50    29.79
105889  106488  7.40    89.06
105906  106122  10.00   31.22
105932  106366  6.00    96.33
105932  105234  2.50    99.32
105945  105843  10.50   72.24
105945  105348  10.00   83.76
105948  105869  6.89    51.48
105965  106305  6.00    92.93
105965  105769  13.33   102.19
105976  105906  0.00    50.31
105995  105851  0.00    91.11
105995  106363  13.20   57.20
106008  106545  8.75    81.56
106017  105780  7.14    137.73
106035  105262  6.00    146.07
106057  106436  7.00    59.22
106065  105945  9.20    71.78
106084  105130  8.50    132.65
106084  106607  6.00    135.41
106084  105948  5.29    94.07
106093  106264  8.15    131.93
106093  105821  0.00    39.15
106113  105731  12.00   128.49
106118  106017  6.67    72.44
106118  105712  10.00   78.60
106122  106847  11.90   112.48
106122  106065  11.00   43.17
106128  105731  4.78    123.87
106166  105709  4.67    84.48
106176  105498  8.38    94.42
106176  106270  10.20   96.35
106192  106233  7.67    5.73
106223  106128  1.50    23.87
106226  106084  7.67    96.88
106226  106734  6.71    110.93
106233  106113  20.00   127.73
106242  105820  20.00   87.39
106244  106269  0.00    16.42
106245  106974  9.73    114.72
106245  106093  7.00    114.22
106255  106118  7.62    91.78
106260  106561  3.00    52.89
106264  106559  10.00   90.40
106264  106654  0.00    60.36
106269  106065  0.00    32.07
106269  106282  0.00    8.79
106270  106498  3.00    97.20
106290  107014  10.75   113.70
106290  106122  9.90    115.51
106305  106944  14.33   142.67
106305  106606  10.00   124.47
106340  106796  10.00   70.27
106340  106226  8.80    85.20
106348  106617  3.00    48.28
106362  106290  7.75    54.73
106363  106255  7.50    89.59
106366  106545  7.71    91.23
106366  105381  8.21    142.73
106392  107112  11.50   114.15
106392  106245  7.23    113.68
106393  106223  6.00    102.83
106407  106623  0.00    33.44
106407  106362  11.50   40.55
106436  106407  7.67    15.64
106441  105932  2.58    78.20
106474  106192  0.00    54.96
106488  106340  9.00    106.32
106498  105529  9.43    141.00
106525  106017  1.67    115.87
106533  106809  5.50    49.31
106545  106658  10.00   83.74
106545  107235  8.11    112.38
106547  106392  7.80    114.39
106547  107281  11.63   115.05
106558  106488  6.80    63.17
106558  106498  0.00    12.29
106559  107234  9.00    121.55
106559  106500  11.00   57.05
106561  106436  5.15    97.20
106568  106935  0.00    61.30
106568  106393  6.11    102.84
106590  107254  7.86    148.12
106590  106561  3.00    40.64
106606  106166  11.00   84.51
106607  106609  9.37    54.61
106609  105869  6.38    114.56
106609  106590  6.75    22.15
106617  106118  9.28    101.60
106623  106565  0.00    35.18
106636  106242  10.25   87.48
106636  106079  7.40    133.39
106654  107404  6.50    115.87
106654  106559  7.00    66.51
106658  106776  7.84    83.78
106671  106558  7.50    77.72
106675  106623  0.00    32.30
106707  107093  6.50    69.37
106710  105935  7.00    117.45
106710  106528  9.25    116.27
106711  106547  10.69   113.89
106711  105945  9.20    115.44
106734  106963  3.00    107.57
106736  106223  4.12    119.69
106766  106710  9.43    45.03
106776  107500  8.09    118.69
106776  106955  6.50    130.84
106794  106176  8.18    95.35
106794  106671  8.07    97.85
106796  107034  10.25   109.60
106809  106617  8.83    38.39
106811  106654  10.75   116.57
106811  106093  10.78   111.31
106838  106233  11.50   121.46
106838  106568  8.00    98.68
106847  106711  7.50    114.66
106847  107179  0.00    52.79
106882  106838  1.00    14.70
106882  107156  0.00    49.16
106884  107209  0.00    55.70
106921  106931  0.00    8.75
106927  106794  5.00    105.49
106927  106441  1.60    78.21
106931  106942  0.00    9.83
106935  107065  11.50   20.07
106936  107305  10.00   99.15
106936  106636  0.00    65.74
106943  106809  9.08    28.64
106944  107305  0.00    73.76
106944  106636  1.44    100.24
106955  107276  6.45    105.33
106955  106606  6.25    67.89
106963  107358  6.00    131.81
106963  106607  8.25    59.13
106974  107730  10.00   115.16
106974  106811  9.46    113.64
106989  106943  8.83    27.21
107014  107749  12.50   113.07
107014  106847  8.70    115.80
107027  106711  11.00   52.67
107028  106525  8.00    115.93
107028  106882  3.75    62.32
107033  106936  14.33   20.83
107034  106558  10.00   105.76
107034  107515  6.75    99.39
107040  106927  3.67    88.01
107040  107295  6.50    64.40
107060  107040  6.10    8.73
107060  106366  9.07    108.67
107065  107294  3.00    36.43
107065  107009  1.00    48.27
107091  107014  9.20    58.34
107093  107835  9.04    114.20
107112  107868  10.00   115.44
107112  106974  10.57   114.13
107126  107091  10.00   32.03
107126  106931  10.00   31.32
107127  106671  8.20    73.82
107129  107258  8.67    89.37
107129  106873  11.00   45.30
107131  106989  0.00    115.63
107131  107809  20.00   100.84
107156  106935  10.13   113.88
107156  107451  0.00    46.15
107179  107027  1.00    114.11
107179  107595  8.00    61.98
107213  107131  7.60    55.83
107222  107213  0.00    11.58
107233  107725  7.43    96.85
107234  107960  5.13    113.94
107234  107093  7.57    101.38
107235  107825  6.15    97.15
107235  107060  13.38   138.02
107239  106796  8.88    110.59
107239  107885  7.20    112.53
107241  107222  0.00    14.04
107254  107966  8.29    110.20
107254  107126  9.57    86.41
107258  107294  0.00    21.94
107276  107456  8.00    57.05
107276  106944  10.00   96.55
107281  107112  9.82    113.83
107281  108029  9.33    115.68
107294  107372  7.20    50.57
107295  107501  4.33    57.87
107295  107566  0.00    55.74
107297  106943  14.33   70.07
107297  107028  4.25    93.42
107305  107509  7.25    42.28
107307  107225  4.70    51.86
107339  107034  8.67    60.63
107358  107966  8.83    134.97
107372  107451  0.00    62.47
107387  107235  10.00   93.30
107404  108124  9.89    113.81
107404  107234  9.00    106.98
107430  107129  11.50   46.02
107430  107209  10.00   79.74
107436  107281  9.00    114.25
107436  107027  5.73    62.24
107437  106963  6.50    79.03
107500  108235  5.90    117.43
107500  107387  12.67   93.24
107501  106927  2.18    86.87
107515  107127  5.50    118.44
107515  107705  6.67    59.37
107525  107297  2.00    43.07
107576  107404  10.19   116.05
107576  106811  9.89    116.20
107595  107436  8.43    114.36
107621  107276  2.00    50.92
107646  107525  10.00   81.80
107646  106989  10.00   100.02
107680  107500  19.00   123.29
107687  107060  11.18   104.94
107705  107799  4.00    91.10
107705  107127  8.60    86.16
107725  108111  8.08    82.78
107729  107783  8.57    93.56
107730  108090  4.40    57.14
107730  107576  8.63    114.29
107748  107339  5.43    86.82
107748  108288  9.11    101.90
107749  108502  10.38   114.92
107749  107595  9.70    115.81
107769  107621  0.00    22.67
107783  107898  7.00    64.00
107809  107646  8.50    116.88
107814  107896  3.00    39.63
107816  108546  7.71    111.11
107825  108402  10.79   97.15
107835  108599  9.00    116.25
107838  107091  5.33    113.73
107838  107749  10.00   59.99
107868  107730  7.55    113.92
107868  108237  6.50    58.31
107880  107809  0.00    55.59
107885  107748  12.29   33.58
107896  107576  8.25    53.61
107898  107437  12.67   79.01
107898  107239  8.80    148.36
107902  107769  3.00    107.66
107904  108322  3.00    100.16
107904  107725  5.33    118.51
107942  107430  7.40    85.90
107960  107835  7.70    100.53
107964  108021  2.00    37.71
107966  108013  10.00   6.26
107986  107339  7.93    128.38
107986  108288  7.10    92.59
107992  107687  10.00   101.86
108013  107838  9.53    124.37
108013  108752  8.60    112.69
108021  108023  0.00    1.58
108023  108050  0.00    19.16
108027  107769  8.50    42.67
108029  107868  10.25   114.38
108029  108783  12.29   115.10
108047  107525  10.75   110.21
108050  108055  0.00    7.96
108055  108082  3.00    9.75
108073  107258  10.00   130.85
108082  108086  3.00    4.18
108086  108206  4.67    73.31
108090  108482  9.44    57.69
108111  108537  11.50   82.78
108124  108892  9.80    115.35
108124  107960  11.21   111.53
108129  108014  2.00    85.12
108129  108047  5.50    17.91
108137  107687  6.67    84.25
108155  107783  0.00    65.64
108169  108029  12.71   113.77
108169  107436  7.38    114.37
108172  107372  6.33    132.96
108206  108520  1.75    76.39
108206  108807  9.20    95.05
108235  109031  8.56    117.53
108237  108630  8.60    57.40
108237  108090  7.20    114.67
108238  107646  0.00    95.61
108238  108047  8.86    137.33
108248  108013  6.22    90.52
108248  107729  7.78    97.99
108269  108137  6.40    35.21
108288  108718  5.50    96.59
108288  108782  6.50    92.40
108292  107896  10.28   59.95
108292  108124  9.75    115.45
108295  108238  12.60   37.28
108322  108562  15.00   103.65
108322  108960  5.33    134.96
108328  108234  6.75    13.65
108328  107992  7.94    101.86
108336  108169  11.00   114.73
108347  108322  8.67    76.06
108371  108238  0.00    18.26
108376  108027  9.61    56.31
108387  108269  6.50    36.68
108401  107898  7.21    108.89
108401  108860  11.00   104.57
108401  107885  4.00    104.04
108402  108269  8.83    103.43
108402  108985  11.90   89.60
108427  107986  6.50    82.63
108482  108292  10.42   114.34
108482  109222  9.36    115.15
108486  108401  3.00    28.88
108486  109111  5.71    96.48
108502  108336  9.71    116.17
108502  109253  8.13    116.17
108520  108819  3.25    75.33
108537  108347  0.00    76.72
108557  108376  14.60   57.35
108573  108248  8.39    109.93
108599  109019  9.50    64.45
108621  108720  14.17   112.79
108627  108502  11.50   91.33
108630  108482  9.64    115.40
108630  109361  6.00    112.30
108637  108557  2.00    26.48
108668  108328  7.29    99.53
108716  108387  7.67    104.66
108717  108599  11.33   102.24
108717  107960  8.33    115.14
108718  108486  8.43    71.00
108718  109296  9.65    91.62
108720  108873  3.00    112.80
108752  108627  9.67    91.33
108752  109583  7.47    129.28
108782  109387  5.33    94.42
108783  108630  7.86    114.74
108783  109507  10.00   112.65
108807  109411  6.50    95.05
108809  108537  6.86    59.44
108809  108637  3.00    59.74
108819  109157  0.00    76.00
108826  108427  10.90   82.60
108860  108573  7.00    109.99
108860  108966  5.33    40.19
108873  109061  3.00    132.31
108873  109302  9.22    66.53
108892  108717  7.94    113.45
108892  109274  8.92    59.16
108950  108169  9.70    116.59
108950  108783  7.60    114.75
108958  109034  10.00   86.77
108958  108562  3.00    84.15
108960  109100  0.00    25.58
108960  109415  7.20    71.30
108966  109774  9.41    130.53
108968  109611  6.83    108.09
108968  108809  0.00    23.77
108984  109384  43.25   126.37
108985  109351  9.50    86.20
109031  108402  11.09   139.47
109031  109485  7.83    84.87
109034  109454  8.00    90.49
109045  108376  13.00   110.29
109045  109217  11.50   58.88
109061  109229  0.00    132.31
109067  108892  13.40   114.93
109067  108292  8.03    115.56
109074  108520  11.50   86.19
109081  109125  0.00    8.37
109081  108328  5.44    115.00
109081  108716  8.71    104.66
109084  108621  2.00    83.54
109084  109196  10.00   100.24
109091  109423  11.25   62.62
109100  108809  0.00    88.63
109104  108718  20.67   64.54
109106  108950  9.33    114.50
109111  109707  8.94    96.48
109157  109464  5.44    77.10
109189  108248  12.45   140.38
109196  109302  0.00    100.24
109222  109067  8.88    113.78
109222  109626  3.60    65.92
109229  109666  0.00    72.59
109229  109312  6.50    68.84
109234  108958  10.75   127.04
109253  109106  8.36    115.27
109254  108717  11.92   81.58
109296  109882  8.61    92.36
109302  109757  10.00   71.69
109312  110149  4.25    138.56
109319  109045  9.13    48.94
109329  108819  11.50   78.85
109351  108984  2.63    129.63
109351  109658  7.67    99.16
109361  109222  6.52    115.67
109361  109681  6.00    52.49
109384  109125  10.80   58.13
109387  109104  9.55    127.56
109415  109454  0.00    7.99
109415  109731  3.00    51.36
109423  110106  11.21   133.56
109450  109253  10.25   134.90
109454  110105  9.18    117.77
109464  109960  7.25    95.67
109466  108958  8.00    81.58
109466  110105  9.57    145.01
109485  109863  7.82    83.21
109505  109319  13.33   63.77
109507  109893  7.67    62.65
109507  109361  10.62   116.14
109532  109084  0.00    83.62
109532  110112  3.00    100.36
109536  109067  6.15    76.84
109576  109074  6.50    86.20
109583  110295  6.05    138.23
109591  109189  10.75   81.18
109602  109319  11.00   51.88
109602  109031  7.20    100.24
109602  109989  12.50   68.71
109611  109935  3.00    52.35
109643  109423  4.43    89.77
109655  110397  0.00    116.89
109655  109532  6.50    91.31
109658  110006  8.94    111.57
109658  109384  9.93    117.12
109664  108950  7.17    113.85
109664  109507  9.71    115.14
109666  110043  0.00    61.48
109666  109493  1.00    127.91
109707  109774  9.18    129.48
109731  109100  3.00    102.34
109736  109466  9.50    138.28
109757  109655  10.80   76.88
109757  110333  10.00   91.65
109758  109658  10.00   84.18
109769  109882  10.55   90.68
109774  109591  9.00    78.10
109797  109329  10.29   78.85
109800  109643  8.90    86.27
109811  109664  8.38    115.26
109863  109758  8.43    84.18
109863  110245  11.86   140.69
109878  109466  6.50    67.29
109882  109707  7.20    65.98
109894  109757  0.00    105.38
109906  109878  3.00    31.22
109935  110667  8.92    107.43
109954  109811  8.40    113.34
109954  109253  7.67    113.56
109957  109387  7.57    94.37
109957  109800  6.50    86.27
109960  110566  14.33   96.98
109961  109611  3.00    76.16
109961  109935  3.00    43.19
109989  109863  9.21    113.71
109989  110735  9.70    122.59
110006  110419  6.25    111.82
110020  109157  8.83    144.00
110043  109894  1.00    105.38
110058  110780  6.78    124.87
110059  110278  0.00    34.44
110069  109576  6.60    84.41
110077  110059  7.25    47.97
110093  109664  7.80    68.82
110105  110442  3.00    63.96
110112  110774  0.00    100.62
110125  109450  7.75    110.42
110125  109954  11.14   129.65
110149  110043  3.00    73.94
110188  109957  3.00    35.79
110188  109769  11.33   92.91
110210  110077  8.26    19.75
110245  110966  9.90    144.76
110251  110149  0.00    14.26
110256  109731  10.00   79.98
110256  110562  15.00   59.60
110258  109464  0.00    130.44
110260  110835  5.38    89.98
110260  110276  10.29   62.96
110276  109878  8.17    62.05
110276  110442  10.86   66.25
110278  110318  0.00    7.68
110295  110641  8.33    133.04
110309  110122  0.00    59.51
110318  110210  0.00    49.50
110333  110852  10.67   90.09
110397  111151  0.00    116.89
110441  110867  4.67    77.33
110442  110970  9.13    108.78
110442  110876  9.00    89.61
110447  110418  0.00    5.73
110472  109954  6.40    75.41
110499  110447  0.00    7.78
110514  110499  0.00    2.23
110517  110098  7.71    66.69
110553  110188  6.15    149.85
110562  111028  7.67    85.96
110600  110867  4.67    41.39
110617  109961  11.50   134.67
110630  110765  0.00    20.64
110641  109774  5.60    130.77
110645  110514  20.00   22.81
110659  110615  10.00   9.67
110667  110562  15.00   149.30
110667  110800  9.83    18.95
110701  110626  7.76    48.18
110721  111009  8.64    43.36
110735  111128  12.00   91.88
110737  110701  3.09    28.46
110774  111468  0.00    101.42
110794  110175  0.00    102.43
110794  110517  6.50    55.94
110794  110999  9.50    57.47
110821  110659  3.00    35.68
110832  111430  7.45    91.76
110835  110876  5.05    29.37
110849  110737  6.46    83.95
110851  111105  10.00   130.49
110853  110800  9.50    93.64
110861  110800  0.00    9.25
110867  111001  5.40    48.73
110869  110821  0.00    11.34
110876  111031  0.00    24.86
110893  110853  10.00   48.58
110966  110849  5.44    83.95
110967  110835  3.31    24.96
110970  111165  9.00    30.13
110970  110256  5.33    108.44
111001  110513  4.97    77.39
111003  110735  9.34    71.27
111028  111165  8.17    82.20
111031  111149  8.62    25.01
111095  111381  8.44    70.87
111096  110966  9.52    91.39
111105  110645  7.67    77.88
111122  111532  0.00    81.49
111131  110967  0.00    26.75
111149  111131  15.00   23.06
111153  111003  3.00    31.86
111165  111572  9.13    61.15
111165  111031  6.53    142.72
111166  111719  3.00    84.73
111172  110641  10.75   77.62
111197  110853  0.00    49.32
111430  111915  6.30    91.69
111473  111791  11.00   90.05
111509  112099  6.50    102.90
111532  111645  0.00    81.56
111543  111936  6.40    70.51
111543  111479  4.50    70.50
111545  111105  6.50    78.57
111558  111932  0.00    66.88
111565  110861  5.33    120.00
111571  111095  7.50    105.58
111572  111912  10.00   63.94
111577  111626  0.00    33.06
111587  111511  3.75    36.33
111612  111932  0.00    93.99
111626  111641  0.00    7.01
111632  110861  10.27   115.45
111633  111782  0.00    69.50
111641  111665  0.00    11.07
111644  111131  9.96    90.63
111645  111949  1.00    70.99
111645  111503  0.00    34.05
111665  111704  18.56   15.27
111674  111543  8.29    146.44
111674  112014  7.17    72.35
111684  111001  9.10    109.20
111684  111915  6.47    119.46
111687  112031  3.00    80.29
111694  111632  5.33    10.09
111697  111674  6.67    26.22
111697  112389  8.38    126.46
111704  112205  10.55   111.52
111704  112138  10.00   90.84
111719  112122  5.45    83.11
111745  111604  0.00    39.02
111758  111697  8.13    77.28
111758  112459  10.33   127.33
111768  111684  5.50    15.24
111791  112075  10.50   90.05
111799  111587  16.25   93.92
111812  111799  0.00    4.70
111846  111381  5.05    91.69
111856  111758  10.64   92.51
111856  112496  10.29   110.36
111867  111812  0.00    34.13
111897  111952  3.00    17.33
111908  111856  8.41    102.69
111908  112214  14.33   51.95
111915  112122  7.07    92.81
111915  112493  9.29    98.34
111932  112618  0.00    144.45
111936  112356  6.50    68.65
111949  111867  2.00    48.63
111952  112262  0.00    61.67
111952  112009  3.00    25.12
111964  111908  11.33   45.70
111964  112642  9.22    107.23
112011  111964  11.47   54.98
112014  111936  7.00    125.78
112014  112318  11.56   51.64
112031  112428  6.00    80.29
112032  111571  10.00   106.42
112032  111949  5.40    45.53
112075  111545  7.77    114.91
112086  112372  0.00    58.53
112099  112618  0.00    81.71
112099  112132  0.00    89.29
112122  112146  0.00    11.45
112138  112486  10.00   78.89
112146  112160  9.44    15.01
112151  112132  0.00    5.00
112156  111595  8.73    105.49
112156  112011  9.94    117.07
112160  112151  2.33    13.03
112168  112214  8.67    54.14
112180  112032  1.67    70.22
112182  111973  0.00    37.87
112196  112124  0.00    31.18
112196  112249  0.00    9.64
112205  112576  5.46    70.03
112214  112598  10.00   58.06
112217  112156  5.60    78.38
112221  112180  8.63    20.52
112221  111846  5.22    91.69
112233  111768  8.32    88.35
112252  112551  0.00    59.15
112255  112332  0.00    55.50
112293  112510  7.12    113.99
112293  112217  7.13    78.39
112300  112180  0.00    25.24
112305  112317  0.00    50.40
112309  112051  10.50   52.88
112317  112293  7.83    116.62
112318  112366  5.33    7.27
112320  112036  0.00    55.16
112329  112454  0.00    19.64
112329  112322  15.00   4.74
112341  112329  8.42    6.95
112342  112233  7.14    17.10
112345  112454  6.50    110.37
112345  112636  10.00   44.84
112352  113007  0.00    137.54
112352  112300  0.00    7.64
112356  112284  10.00   69.92
112356  112523  10.45   28.11
112366  112421  10.00   79.63
112366  113017  5.58    103.66
112381  112342  3.00    6.13
112382  112070  4.97    133.83
112389  112318  12.17   83.04
112391  112075  9.09    64.95
112397  112725  0.00    51.40
112418  112761  10.00   52.97
112421  112356  9.00    79.33
112428  112221  6.33    88.02
112437  112547  0.00    19.40
112451  112011  0.00    69.83
112453  111596  9.01    146.59
112453  112341  7.23    110.93
112454  112465  10.00   7.60
112459  112389  11.06   77.37
112465  112341  10.00   19.51
112468  112164  0.00    56.82
112470  112156  12.60   69.82
112477  112655  0.00    47.27
112481  112352  0.00    27.09
112486  112205  10.00   73.59
112493  112584  5.13    13.24
112496  112459  10.00   32.55
112510  112317  13.25   30.92
112510  112636  10.43   128.42
112527  112382  8.61    128.34
112532  112470  9.86    60.49
112532  113109  8.67    88.38
112536  113284  5.84    125.31
112540  112924  0.00    67.14
112547  112309  0.00    62.31
112558  112675  0.00    21.86
112560  112246  0.00    60.71
112574  112745  0.00    49.68
112576  112986  9.56    79.06
112582  112875  4.67    57.47
112584  113254  11.13   108.17
112598  112496  11.13   102.46
112598  113265  6.86    104.02
112602  112481  0.00    95.27
112618  112667  0.00    7.82
112636  112897  8.53    42.55
112642  113338  3.00    107.28
112646  112381  12.00   42.71
112649  112786  2.00    37.03
112662  112391  8.64    77.43
112664  112532  9.15    108.11
112675  112547  0.00    38.82
112695  112428  3.00    107.83
112707  112631  0.00    17.15
112707  112526  0.00    46.72
112712  112873  0.00    40.84
112722  112646  0.00    15.32
112723  112309  3.00    76.82
112729  113053  0.00    59.34
112746  112151  8.64    94.31
112749  112695  8.50    24.84
112770  112746  9.18    81.84
112786  112486  0.00    68.00
112791  112749  0.00    18.58
112797  112707  0.00    17.15
112816  112791  0.00    8.15
112818  112816  0.00    1.08
112822  112770  8.00    81.89
112832  112818  0.00    5.99
112839  112989  11.00   132.59
112839  112664  7.20    28.59
112867  112786  0.00    15.53
112873  112742  0.00    40.93
112873  112986  0.00    26.69
112897  113039  9.67    123.17
112897  113118  10.46   32.68
112924  112722  0.00    85.71
112924  113026  0.00    18.33
112929  112822  10.43   118.04
112932  112382  9.75    91.67
112952  112832  1.00    34.71
112956  112662  9.10    77.70
112957  113039  6.89    12.83
112986  113228  7.00    45.75
112989  112510  7.80    74.42
112989  113118  10.50   131.23
113005  112470  21.60   100.72
113007  113235  0.00    45.54
113007  113167  0.00    142.59
113014  112952  3.00    16.40
113017  113463  5.50    68.49
113017  112929  10.67   118.03
113039  113601  9.54    90.00
113094  113017  11.50   96.31
113094  113800  3.00    112.56
113109  113680  10.89   93.48
113109  113005  10.33   95.11
113112  113452  0.00    57.26
113113  113014  9.33    21.76
113118  113481  6.00    57.85
113148  113202  2.20    22.78
113167  112602  0.00    98.78
113167  112481  1.00    138.70
113179  113201  1.33    24.93
113187  113094  6.40    92.80
113201  113335  8.00    26.02
113202  113370  6.40    75.97
113204  113558  7.59    79.73
113205  113179  3.00    9.67
113210  113297  0.00    41.29
113216  112955  3.50    57.68
113221  113662  10.00   72.66
113222  112839  6.50    57.42
113222  113109  11.14   108.85
113224  113423  0.00    105.15
113228  113479  10.06   49.31
113229  113148  7.93    103.10
113254  113872  10.50   113.14
113260  113423  0.00    40.03
113265  113187  12.08   92.84
113280  113222  8.50    66.03
113280  113887  10.00   94.18
113284  113884  8.86    98.96
113284  113413  10.00   21.77
113286  113724  0.00    70.60
113314  113265  6.00    44.57
113320  113228  5.03    82.61
113320  112956  7.35    92.78
113325  113414  11.00   14.12
113327  113113  6.84    49.09
113335  113229  7.28    111.87
113338  113314  13.20   21.04
113338  114064  6.50    112.83
113342  113320  10.00   4.94
113359  112989  9.33    56.26
113359  113280  10.79   66.67
113361  112723  9.25    116.01
113370  112739  4.25    98.31
113374  112746  9.82    93.86
113411  113338  6.92    70.59
113411  113005  8.86    62.98
113413  113993  9.05    105.45
113413  113254  10.14   51.91
113414  113794  9.20    63.07
113416  113204  10.00   55.87
113416  112722  7.69    111.51
113423  113067  0.00    69.08
113430  113205  3.00    76.77
113452  113374  7.25    93.21
113460  113730  10.54   122.67
113463  113414  20.00   71.69
113463  113702  2.00    40.93
113479  113342  12.44   38.21
113481  113601  8.78    125.41
113481  114056  10.12   88.13
113527  113833  5.20    53.70
113542  112925  8.78    102.22
113558  113958  6.88    79.85
113562  113542  0.00    11.18
113581  112740  16.67   136.96
113588  113411  7.63    31.42
113598  113314  0.00    47.22
113601  113850  8.60    37.51
113602  113335  7.40    53.58
113648  113430  3.00    76.95
113662  113452  11.50   92.55
113673  113374  9.10    51.23
113675  113966  9.33    46.72
113680  113588  8.10    103.31
113680  114336  0.00    95.47
113702  113885  8.80    24.54
113724  113662  10.00   69.18
113743  114390  6.58    95.46
113743  113680  7.91    55.56
113757  113602  5.33    29.57
113762  113479  5.53    78.68
113794  113724  16.67   70.85
113798  114292  11.29   70.89
113800  113702  13.20   94.87
113806  113743  12.33   53.63
113806  113222  10.00   94.65
113833  114013  0.00    30.14
113833  113602  8.78    72.27
113838  113327  3.05    124.05
113838  114010  1.67    25.32
113839  113881  10.00   14.88
113839  113361  7.75    79.08
113850  114222  9.08    53.90
113867  113891  0.00    5.31
113867  113648  4.44    33.82
113872  114511  7.25    113.26
113884  114521  7.94    99.58
113885  114441  9.53    84.29
113885  113794  11.22   73.44
113887  113806  8.43    65.32
113891  114399  10.00   78.50
113891  114290  10.00   92.19
113898  113800  6.67    91.03
113932  113148  10.22   128.90
113932  114183  5.33    102.20
113954  113887  11.11   66.69
113954  113359  4.71    94.38
113958  114363  5.95    79.20
113966  113833  8.00    37.94
113966  114825  7.50    140.85
113967  113898  11.73   65.12
113984  113757  6.00    38.14
113993  114701  6.87    107.47
114010  114240  3.00    32.07
114010  114145  8.67    28.11
114013  113757  0.00    73.47
114013  114708  0.00    119.21
114034  113967  10.86   72.61
114056  114089  10.00   4.94
114064  114830  20.00   114.77
114064  114034  0.00    29.34
114070  113673  5.80    83.11
114070  114357  11.50   71.92
114089  113954  20.00   132.60
114089  114674  8.00    88.06
114097  113762  7.00    78.68
114099  113542  8.17    86.88
114106  113416  8.97    108.24
114145  114652  18.50   110.20
114183  114381  10.00   104.22
114183  113370  6.13    129.20
114218  113984  10.00   39.10
114218  113932  5.50    92.79
114222  114056  12.42   124.73
114222  114812  8.80    90.31
114234  113588  15.00   96.83
114238  113966  8.57    82.21
114238  114849  8.17    101.28
114240  114498  2.73    41.50
114244  114706  10.00   70.55
114255  113839  11.20   60.90
114258  114350  11.38   137.41
114283  114726  1.00    69.77
114292  114234  15.00   59.74
114307  114292  10.58   16.08
114307  115156  7.00    136.51
114312  114563  6.25    52.89
114336  114307  14.33   34.96
114350  114441  10.80   102.62
114350  114860  7.80    76.96
114357  115189  11.86   135.20
114357  114258  13.25   39.91
114363  114847  6.48    97.84
114381  114255  2.50    20.32
114390  114336  20.00   52.92
114390  114866  11.09   71.87
114399  114238  10.00   51.01
114425  114231  0.00    46.38
114441  114681  8.56    34.95
114443  114255  12.75   88.57
114443  113581  3.00    136.82
114449  114390  10.20   56.48
114449  113806  14.60   95.50
114451  114651  7.00    58.07
114498  115095  3.36    95.37
114498  114991  4.67    132.61
114501  115130  2.00    108.86
114504  113984  10.00   106.18
114511  114805  7.00    110.37
114521  115071  7.25    88.65
114588  114359  3.00    58.74
114592  113954  7.43    96.92
114592  114449  10.11   131.46
114642  114070  3.77    85.79
114651  114218  9.00    77.95
114652  114811  10.00   35.26
114652  115239  5.33    123.43
114653  114443  9.20    86.49
114653  114099  6.38    86.86
114674  114724  11.00   9.15
114681  115317  8.56    106.71
114699  115318  5.33    140.44
114701  115337  6.50    107.42
114706  114681  9.14    74.78
114708  115395  50.00   120.28
114721  114651  1.00    14.17
114724  115214  8.90    82.33
114724  114592  9.33    133.10
114726  114706  10.88   50.75
114744  113898  11.50   128.77
114744  114726  7.14    61.39
114749  114258  3.00    81.74
114772  114866  0.00    61.63
114776  114847  6.89    17.07
114780  114744  9.20    65.31
114780  113967  14.33   123.46
114805  114106  9.30    108.19
114812  114674  9.58    123.92
114812  114865  14.33   7.90
114819  114780  14.00   74.42
114819  114034  11.13   117.36
114824  115363  6.50    90.08
114824  114749  6.25    59.07
114825  115607  5.33    140.85
114829  114819  0.00    20.45
114830  114829  8.00    9.59
114849  115409  9.00    101.28
114850  114830  15.00   55.68
114850  114234  18.00   93.24
114860  115211  13.20   62.70
114860  114824  3.00    47.37
114865  115378  10.50   86.19
114866  115269  8.69    69.49
114898  114653  6.50    108.96
114958  114865  9.20    104.25
115021  115103  7.75    61.72
115047  114721  3.71    64.98
115059  114381  6.25    110.36
115059  115215  10.50   81.20
115064  114850  10.67   38.99
115071  115613  7.40    88.50
115095  115841  3.85    123.84
115096  114721  0.00    89.27
115130  115784  10.00   108.72
115138  115064  6.50    48.01
115142  114898  8.90    123.47
115144  115064  0.00    13.79
115155  114805  7.80    78.87
115156  115138  10.00   13.36
115158  114642  5.30    85.79
115185  115062  8.86    127.39
115189  115962  10.00   133.10
115211  115811  7.67    89.98
115214  115596  7.00    58.10
115215  115410  6.50    81.25
115227  114749  0.00    79.78
115254  115613  0.00    83.65
115265  115841  0.00    99.07
115269  115156  9.91    83.65
115276  116060  10.33   128.94
115284  115144  0.00    32.58
115284  115509  0.00    33.16
115291  115301  1.00    63.39
115291  115237  0.00    53.72
115301  115671  0.00    56.53
115301  115276  3.00    61.75
115304  115185  12.88   113.76
115316  114808  0.00    85.86
115317  115885  7.25    85.21
115317  115211  9.00    103.01
115322  115269  6.50    54.83
115322  114449  7.38    141.45
115334  115629  0.00    46.17
115337  115166  9.53    130.87
115337  115835  3.40    81.58
115363  115811  3.00    87.71
115375  115138  0.00    37.85
115375  115284  0.00    15.63
115378  115827  11.50   68.26
115378  115214  10.09   123.69
115387  115047  5.00    62.43
115395  115047  6.22    101.72
115400  115375  0.00    4.65
115400  115481  0.00    71.74
115403  115304  9.60    107.79
115403  115142  10.00   123.00
115409  115985  3.00    100.95
115410  114653  9.24    127.59
115410  115641  9.63    104.93
115435  115209  0.00    68.75
115482  114592  8.53    140.56
115482  115322  10.64   133.16
115501  115400  0.00    24.16
115534  115155  6.39    78.87
115545  115759  4.25    32.15
115549  115482  9.00    84.27
115549  116158  0.00    95.87
115582  115930  1.00    87.33
115596  115549  13.67   47.86
115596  115838  9.93    35.41
115607  115395  5.33    49.53
115613  116252  9.20    104.27
115627  115144  10.00   96.51
115627  115629  3.60    37.52
115629  116432  7.40    123.96
115641  115933  8.44    123.24
115662  115627  0.00    5.85
115671  116120  12.60   71.20
115706  115387  7.67    59.13
115754  115227  0.00    79.95
115759  115671  10.00   56.70
115759  116191  20.00   67.47
115784  116399  8.17    108.53
115791  115662  0.00    72.87
115811  116709  8.67    149.71
115811  115885  6.14    107.12
115827  115957  8.67    22.29
115835  116230  5.14    80.25
115838  116417  10.12   93.16
115841  115875  1.00    7.73
115875  116202  0.00    78.00
115875  116040  5.00    44.38
115885  116001  8.67    19.12
115915  115954  0.00    50.07
115919  115322  12.00   91.86
115931  115827  9.22    105.25
115933  116183  12.40   123.33
115957  116528  19.64   92.25
115957  115838  10.53   123.73
115958  116786  7.20    145.34
115964  115919  10.00   23.15
115964  116558  10.00   96.19
115981  115059  7.28    146.83
115985  116321  7.43    92.43
115985  115607  3.00    84.24
115991  115706  8.67    81.91
116001  116850  7.94    135.80
116001  116054  11.29   64.55
116004  115964  8.00    41.90
116009  115981  0.00    4.23
116010  115706  6.93    55.45
116010  116395  4.18    113.71
116032  115924  9.43    113.92
116040  116098  2.91    24.99
116041  115412  10.14   105.42
116044  116010  3.00    6.35
116054  116060  3.00    20.61
116060  116120  7.00    75.18
116063  115482  8.00    94.79
116063  116004  7.80    66.51
116095  116032  11.83   84.55
116117  115754  0.00    79.48
116120  116125  2.00    3.92
116125  116191  3.00    53.88
116125  117022  7.78    137.27
116158  116754  6.50    95.89
116159  116180  0.00    49.65
116168  115754  0.00    74.12
116169  115662  8.83    79.21
116180  116063  11.50   16.52
116183  116095  8.31    84.54
116191  117018  0.00    128.73
116241  116004  0.00    35.89
116252  116041  9.21    75.66
116290  116009  6.47    44.77
116290  116044  0.00    44.51
116310  116252  11.64   63.49
116321  116638  3.00    92.43
116324  115410  8.81    148.68
116326  116283  0.00    49.00
116395  116638  0.00    49.45
116399  115985  9.80    95.21
116399  116752  7.80    104.65
116417  116812  11.00   63.92
116432  117204  9.43    123.95
116470  116514  6.17    42.73
116525  116054  10.43   74.79
116528  116973  11.25   67.46
116528  116417  13.33   123.86
116531  116558  3.00    25.43
116548  116525  0.00    29.84
116558  116674  9.86    108.06
116625  116500  9.43    129.87
116638  116911  8.40    49.00
116638  117052  6.67    108.71
116642  116041  9.77    96.31
116656  116169  9.20    79.08
116660  116533  8.50    55.51
116662  116730  0.00    9.79
116674  116180  9.11    80.10
116674  116754  10.44   82.54
116730  116656  0.00    67.58
116730  116792  0.00    10.23
116735  116625  9.29    114.32
116748  116717  0.00    48.22
116752  117093  2.67    104.11
116754  116812  6.50    50.37
116767  116557  1.00    81.63
116786  116399  4.50    90.61
116786  117130  6.50    90.33
116811  116290  7.40    98.43
116812  117000  11.00   26.63
116817  116967  0.00    67.47
116819  116660  7.22    68.02
116834  116395  0.00    124.37
116842  116735  9.80    111.07
116850  117657  8.06    129.03
116886  117323  12.12   72.98
116911  117093  2.00    31.79
116922  116525  10.00   60.12
116922  116850  10.00   66.65
116926  117533  2.33    116.28
116961  116842  11.78   118.06
116973  117135  10.77   25.28
116977  116445  5.41    108.14
117018  117022  11.50   57.20
117022  117574  11.20   93.40
117022  116922  8.67    99.10
117052  117397  7.50    108.80
117093  117520  7.22    124.69
117095  116819  9.91    122.56
117108  116973  10.08   104.41
117130  117352  0.00    62.83
117130  117207  7.67    29.47
117135  117000  10.09   124.57
117143  117253  0.00    27.30
117171  116786  6.50    86.73
117196  117302  20.00   52.42
117203  117119  10.81   114.96
117204  118000  6.33    123.95
117248  116656  6.40    95.32
117253  117561  9.80    79.92
117253  117352  3.00    23.54
117309  116811  8.00    98.22
117320  117323  0.00    3.88
117320  118189  6.43    132.98
117323  117495  3.81    73.29
117343  116642  4.86    113.84
117352  117540  8.00    31.56
117363  117320  6.27    118.79
117363  116674  9.14    113.02
117374  117363  4.67    9.12
117384  117343  7.55    61.77
117387  117397  8.33    39.37
117392  117370  0.00    4.64
117397  117411  3.00    21.37
117406  116922  5.00    81.98
117411  116834  7.00    127.11
117411  117438  5.74    56.38
117414  117387  3.60    40.21
117438  117444  5.24    11.80
117444  117457  7.00    28.75
117457  117468  5.23    18.66
117468  117492  5.25    30.31
117471  117384  6.81    97.96
117492  117544  3.62    35.89
117495  117583  8.00    27.94
117520  117414  5.57    44.90
117524  117471  5.31    64.82
117524  118024  7.71    76.12
117540  117846  0.00    77.82
117544  117563  5.86    19.85
117563  117630  6.00    51.69
117574  118186  7.56    93.40
117579  118045  7.08    101.94
117583  118177  10.25   92.04
117583  117740  6.40    57.38
117590  118203  7.67    92.46
117630  117662  0.00    15.52
117657  117524  3.85    142.54
117740  118109  9.25    57.60
117740  117840  11.18   65.62
117782  117520  3.97    114.94
117840  117248  8.75    95.08
117840  117976  7.30    61.91
117846  118162  7.75    77.80
117847  117392  10.25   68.66
117859  117651  4.80    80.74
117901  118145  9.87    37.24
117931  117847  0.00    11.89
117939  118614  6.96    99.23
117939  117859  8.28    16.02
117953  117657  7.28    74.73
117953  117406  20.00   81.98
117966  118431  6.40    117.34
117976  118000  8.17    10.64
117976  118470  7.50    76.57
118000  118068  7.57    61.35
118003  117953  3.00    12.65
118024  118443  8.91    74.75
118068  118086  6.25    46.96
118083  118140  4.24    27.10
118086  118186  6.08    96.58
118086  118942  9.32    135.79
118109  118632  8.48    75.82
118109  118177  10.27   64.50
118128  117966  8.91    117.26
118128  117782  2.00    115.62
118140  118776  11.60   93.59
118140  118219  2.97    31.12
118145  118694  8.72    81.37
118160  117997  2.33    26.63
118177  118602  10.00   61.67
118177  118222  3.00    48.19
118186  118200  6.50    8.73
118189  119031  8.64    132.98
118200  118169  4.70    31.12
118203  118145  4.75    48.47
118203  118137  10.00   68.68
118207  117997  6.50    114.29
118219  118362  5.53    59.62
118228  118702  9.50    102.17
118230  118160  3.75    81.02
118281  118681  1.00    64.54
118281  117971  8.14    116.91
118294  118230  6.33    81.02
118313  117939  8.15    103.36
118362  118593  4.71    69.00
118430  118726  10.00   48.50
118431  118770  3.75    62.33
118451  118207  10.75   114.58
118460  118313  7.80    51.28
118463  118128  3.90    91.35
118470  119077  10.22   97.18
118478  117887  0.00    94.95
118528  118443  9.10    74.30
118528  119071  9.00    90.59
118569  117931  8.10    94.95
118570  118460  6.36    53.35
118580  118599  0.00    16.88
118593  118913  9.13    55.57
118593  118627  6.45    91.16
118599  118383  0.00    31.84
118599  118622  0.00    15.95
118603  118570  5.92    27.20
118614  119206  9.35    99.23
118627  118603  7.83    31.72
118631  118528  7.81    86.98
118632  118470  10.29   116.48
118632  118691  10.00   10.99
118660  118882  9.92    141.95
118660  118160  6.63    71.95
118681  118707  0.00    23.09
118691  119239  10.50   132.83
118691  119212  8.80    86.26
118694  119183  8.83    81.39
118705  119105  0.00    70.35
118705  118681  0.00    16.56
118770  118463  3.37    86.10
118776  119367  9.00    93.59
118850  118759  9.14    96.11
118867  118451  10.60   116.37
118867  118463  2.00    81.13
118882  119357  7.83    143.86
118897  118294  9.67    93.13
118913  119292  10.19   57.79
118936  118446  20.00   82.12
118942  119601  9.89    94.95
118942  118850  9.43    98.32
118960  119460  6.67    89.61
118960  118770  1.00    62.23
119001  119400  0.00    57.08
119030  119311  9.10    42.72
119031  119696  6.70    93.42
119049  119030  10.00   16.98
119071  119715  9.20    90.59
119077  118942  10.04   115.10
119077  119771  8.93    98.29
119111  119280  0.00    76.22
119145  119031  9.92    136.88
119145  118569  9.57    94.95
119174  118460  0.00    115.20
119183  119145  10.64   73.43
119191  119183  7.45    54.03
119200  118642  7.00    94.25
119200  119191  7.33    92.93
119206  120021  8.11    113.24
119206  119200  0.00    37.22
119208  118867  13.83   93.85
119212  119077  10.55   115.39
119212  119551  10.00   45.77
119239  119763  1.00    132.84
119276  118660  8.17    100.74
119280  118543  9.00    127.48
119292  120200  10.03   128.26
119302  118362  9.21    145.54
119302  119292  9.20    68.88
119311  119755  8.60    59.73
119339  119872  9.43    86.95
119355  118780  8.00    107.14
119357  118867  10.00   91.36
119357  119686  20.00   77.18
119390  119984  5.43    82.83
119390  119276  8.67    14.77
119400  119390  10.75   84.46
119405  119454  0.00    7.89
119426  120044  0.00    94.57
119430  119551  10.75   81.47
119454  119333  10.24   96.09
119454  120127  8.67    97.37
119460  119996  3.00    89.61
119480  119654  8.53    72.22
119484  119872  7.67    103.75
119493  119049  7.67    76.69
119502  119276  10.75   111.72
119529  119400  0.00    60.01
119529  118897  6.67    93.16
119551  119763  9.40    29.78
119601  119454  12.19   96.20
119601  120252  9.31    95.95
119663  119936  0.00    70.88
119663  119357  7.67    50.44
119686  119996  1.00    77.18
119696  120324  4.67    93.41
119715  120485  11.00   115.17
119755  119968  2.00    32.13
119763  119896  5.50    21.37
119771  119601  10.14   116.80
119771  120389  11.89   92.21
119820  119876  10.75   69.83
119825  119191  8.46    85.67
119856  120235  7.20    104.27
119863  119280  8.63    85.75
119863  119529  9.58    134.69
119872  120235  10.77   62.38
119876  119145  8.00    103.02
119883  119502  11.29   113.23
119883  119663  8.00    40.10
119896  119771  10.67   113.61
119896  120523  11.31   91.99
119968  120608  11.31   92.69
119968  120629  9.83    113.03
119984  120689  10.33   100.35
119996  120497  11.13   90.14
119996  120431  13.20   111.83
120006  120199  0.00    53.63
120010  119863  10.71   61.19
120010  119355  7.40    107.14
120011  119367  8.65    90.95
120012  120278  0.00    39.87
120021  120828  8.43    113.24
120025  119812  5.40    32.53
120044  120693  0.00    95.02
120063  120136  10.14   102.90
120063  119146  10.12   136.47
120064  119302  10.23   108.13
120064  120011  11.50   100.17
120127  120686  10.29   77.86
120127  120025  11.69   96.89
120153  119529  8.29    92.87
120153  120411  5.43    113.95
120185  119883  9.63    77.64
120187  120010  15.00   74.21
120199  119883  8.67    56.18
120200  120597  9.43    56.62
120223  120066  0.00    21.67
120235  120557  7.43    55.64
120252  120946  2.33    96.52
120252  120127  9.25    95.50
120278  120324  10.00   48.67
120285  120063  14.33   80.54
120285  119283  9.27    142.70
120320  119493  10.00   119.03
120320  120608  10.43   74.47
120324  120462  8.80    19.02
120335  119876  7.40    66.96
120335  120371  0.00    65.87
120388  120199  10.00   32.58
120389  120756  10.00   49.80
120389  120252  11.00   117.02
120402  120485  11.00   77.45
120405  120598  9.20    79.47
120405  119825  7.18    85.65
120411  119863  8.50    85.85
120428  119860  11.78   99.12
120431  120990  6.40    89.84
120445  120405  3.00    53.30
120462  120807  6.80    47.15
120462  120614  0.00    64.04
120485  121329  6.44    111.37
120497  120185  9.80    77.64
120497  121079  3.00    90.87
120511  120278  10.00   35.62
120515  120238  15.75   72.24
120523  121250  10.50   95.37
120523  120389  11.33   113.74
120546  120011  8.14    78.44
120554  120025  10.62   78.15
120578  120514  11.50   72.91
120578  120335  14.33   34.45
120597  121418  6.08    106.75
120598  121252  0.00    84.23
120602  120515  11.50   22.76
120608  121677  10.70   143.09
120622  120597  10.29   76.11
120622  120064  15.00   78.70
120629  121197  7.69    81.76
120637  120393  8.13    35.41
120650  120136  9.88    76.61
120662  120622  11.50   43.32
120686  121280  13.50   77.86
120688  120320  1.00    50.74
120688  120657  10.00   72.31
120689  121014  3.00    43.15
120693  121313  0.00    83.70
120697  120595  10.75   41.95
120725  120816  10.00   21.77
120728  120388  9.20    78.20
120756  121114  9.20    46.75
120756  120679  0.00    48.26
120807  120904  2.33    13.65
120807  120693  0.00    91.91
120816  121167  10.00   88.48
120828  120855  0.00    61.90
120828  121320  6.93    64.15
120833  120689  3.00    66.19
120881  120930  20.00   12.76
120894  121340  0.00    59.68
120904  121325  8.33    54.35
120904  120981  20.00   76.04
120912  120411  10.00   71.49
120941  120833  9.80    39.52
120941  120388  7.09    90.40
120946  121401  12.29   59.38
120981  121063  9.89    76.04
120990  120552  0.00    98.59
120990  121549  12.43   89.66
121014  121169  10.00   119.87
121028  120650  10.86   98.00
121028  121570  10.00   75.17
121063  121172  9.88    132.59
121063  120578  5.33    62.10
121079  120728  10.00   78.20
121079  121607  6.50    89.23
121107  121799  6.50    121.60
121114  121768  10.88   95.35
121114  120946  11.80   117.86
121128  121079  11.50   11.69
121135  121028  8.00    44.48
121154  120063  9.86    145.96
121154  121135  11.50   5.63
121163  121280  11.00   98.55
121163  120554  11.31   78.15
121167  121474  8.40    80.90
121167  120546  8.67    78.45
121169  121342  4.63    82.01
121169  120153  5.45    135.29
121172  120405  10.42   100.42
121183  120515  10.00   100.43
121210  121329  9.13    79.35
121243  120941  10.45   64.90
121250  121114  13.22   114.40
121250  121885  9.86    95.19
121252  121541  6.63    100.01
121280  121401  11.58   93.21
121280  121987  2.33    108.99
121286  121154  10.75   64.26
121286  120285  10.13   134.07
121313  121250  0.00    52.36
121313  121940  11.50   96.11
121320  122125  7.52    122.86
121320  121252  9.15    71.94
121325  121457  11.00   18.99
121329  121767  13.83   65.72
121340  121313  0.00    27.12
121340  121693  11.20   53.95
121342  120912  5.50    58.99
121342  121553  10.43   90.60
121401  121648  6.40    36.54
121405  120622  9.36    101.57
121414  121325  13.25   18.49
121418  122099  12.29   106.75
121420  122157  11.00   113.44
121432  121286  11.08   71.67
121442  121340  8.80    62.87
121442  121414  0.00    6.61
121457  121478  3.00    2.93
121457  121414  0.00    13.14
121474  120662  6.50    106.90
121478  122160  13.33   106.41
121478  121563  8.00    86.86
121514  121019  6.60    68.01
121541  121172  8.86    51.25
121549  121128  11.33   100.25
121553  121592  2.60    13.97
121592  121777  5.50    75.47
121596  121767  11.50   123.86
121596  121432  8.50    22.82
121599  121135  13.33   64.10
121607  122087  8.43    92.66
121607  121243  6.33    89.65
121648  122150  14.29   80.64
121677  121687  10.50   61.38
121677  122318  12.17   99.66
121678  120629  11.33   140.09
121678  121677  6.50    61.97
121687  120688  5.20    135.12
121714  121530  11.50   71.50
121714  120771  10.42   128.49
121715  121286  11.50   62.12
121733  120833  10.00   128.38
121733  121808  10.50   123.76
121738  121733  8.50    59.75
121738  121243  11.50   87.47
121747  120816  3.00    127.66
121756  121973  0.00    43.19
121767  122257  9.00    76.86
121768  121648  11.22   116.28
121768  122362  11.17   93.46
121777  121855  1.00    33.00
121777  121183  20.00   100.43
121799  121549  6.50    67.25
121808  122050  6.50    124.43
121817  121167  6.86    94.96
121823  121768  9.20    58.80
121836  121163  7.27    100.55
121848  121892  9.22    58.17
121855  122114  10.80   104.21
121869  121848  11.29   27.10
121869  122534  3.00    100.18
121885  121823  8.00    56.75
121885  122484  9.86    91.71
121892  121514  6.51    59.31
121927  122075  1.67    26.71
121927  121799  7.00    30.99
121931  121869  8.57    52.05
121940  122403  0.00    70.70
121940  121885  11.50   50.94
121958  121063  9.50    131.75
121973  121607  1.00    101.21
121987  122747  9.86    108.99
122041  121442  10.79   111.11
122066  121405  10.30   101.57
122066  122099  10.38   79.13
122068  121931  8.67    109.50
122068  121596  11.00   76.23
122073  121892  8.20    29.47
122073  122380  6.50    45.70
122075  122758  7.67    95.83
122077  122374  6.00    128.75
122098  121738  11.50   70.68
122099  122157  9.80    69.19
122114  121714  8.67    65.54
122125  122375  10.00   36.38
122125  122141  1.00    72.70
122130  121973  3.00    40.58
122150  122727  11.09   80.64
122157  122624  9.00    71.15
122160  122398  6.00    34.49
122187  121823  10.00   64.41
122206  121678  11.00   83.85
122236  122160  0.00    81.34
122256  122380  12.09   64.90
122257  122805  11.31   78.52
122257  122068  10.67   122.50
122318  123031  9.80    99.66
122362  122415  0.00    48.93
122362  122447  1.00    12.07
122374  122659  10.00   86.15
122375  122605  9.20    30.49
122375  122402  5.50    78.23
122376  122671  3.75    125.72
122380  123112  5.50    101.11
122388  122098  4.25    73.09
122398  123303  7.31    123.92
122398  122041  3.75    72.84
122402  122141  0.00    38.97
122403  123039  0.00    88.74
122403  122484  9.20    57.96
122407  122848  10.00   62.56
122433  122507  8.50    65.98
122433  121541  11.09   137.35
122442  122453  7.83    115.31
122442  121817  8.50    94.96
122447  122239  0.00    65.39
122447  122667  13.33   28.44
122453  122066  1.00    57.57
122455  122098  0.00    57.37
122481  122114  6.80    52.45
122484  122565  3.00    42.38
122488  121836  8.63    100.55
122488  122257  10.00   87.59
122489  122442  0.00    6.75
122489  122481  10.25   113.74
122527  121931  8.50    93.37
122534  123247  10.75   100.02
122565  122667  9.00    75.89
122565  123196  10.75   90.25
122591  122606  9.96    83.10
122605  122640  4.67    75.38
122605  122992  6.14    56.38
122606  122624  10.29   83.10
122610  122591  10.00   6.72
122610  122453  10.33   19.03
122615  122617  0.00    24.39
122615  122402  0.00    27.84
122617  121687  11.78   138.09
122624  122810  8.50    35.92
122632  122527  8.67    64.87
122632  122068  7.86    80.09
122640  122615  0.00    6.34
122650  122388  11.50   74.61
122659  123292  8.67    89.64
122667  123706  12.17   146.41
122667  122714  7.75    55.93
122671  122374  8.25    129.49
122714  123690  9.00    137.09
122714  122725  12.67   59.09
122725  122727  6.50    10.25
122725  123670  7.38    133.16
122727  122731  11.47   52.59
122731  122747  11.50   43.85
122740  123527  10.00   108.65
122740  122488  12.38   92.42
122747  122740  10.75   11.66
122764  122403  4.75    68.85
122764  122041  8.17    103.86
122805  123313  6.86    69.10
122805  122632  7.80    123.34
122810  122206  7.43    83.84
122810  122933  12.11   22.51
122839  122388  20.00   71.06
122848  122851  10.00   22.27
122851  122852  5.50    49.94
122851  123875  15.00   148.63
122852  122481  10.00   51.94
122873  121958  9.70    131.77
122876  122805  0.00    45.60
122890  122633  9.80    119.49
122933  123010  10.13   48.05
122938  122873  11.00   72.37
122970  123330  4.00    46.36
122990  122992  11.50   68.59
122992  123143  0.00    20.02
123008  122433  13.50   80.03
123008  122938  8.63    62.96
123010  123048  10.00   20.00
123014  123008  11.20   9.62
123031  123397  10.00   45.83
123031  123120  0.00    35.05
123039  123727  0.00    88.77
123044  122764  12.60   42.05
123048  123624  7.71    73.01
123048  123202  8.60    81.00
123111  122527  11.50   84.62
123111  123247  9.25    76.34
123116  123014  9.60    93.92
123119  122632  20.00   70.57
123119  123111  11.50   26.08
123120  122933  9.85    33.22
123143  123116  13.33   35.66
123143  123361  6.75    26.45
123183  123914  8.67    101.08
123183  122890  6.45    119.49
123196  123867  14.71   90.21
123202  123245  5.33    29.24
123233  122470  0.00    129.98
123245  123693  6.50    143.87
123245  123312  8.50    39.10
123247  123362  1.00    37.97
123290  122848  11.50   84.27
123292  123183  0.00    47.35
123292  124139  0.00    116.29
123303  123430  20.00   14.16
123303  123440  12.13   136.93
123312  123327  20.00   78.36
123313  123775  8.50    60.77
123313  123119  8.67    122.65
123327  122610  10.00   133.96
123327  123347  1.67    28.46
123330  123469  0.00    14.96
123347  123350  10.36   8.62
123347  123960  15.00   81.13
123350  123366  11.00   42.41
123350  122489  8.67    115.10
123361  123669  8.67    40.20
123362  123422  10.00   11.26
123366  123389  10.38   60.49
123366  124133  6.00    103.71
123381  123063  8.38    132.04
123389  122852  13.00   69.85
123397  123120  11.18   45.12
123412  122617  8.11    107.82
123412  123442  10.00   62.28
123421  122938  10.86   60.94
123423  123381  2.00    36.45
123430  123044  5.33    63.14
123430  123616  1.00    24.54
123433  123014  10.00   51.36
123441  122873  9.00    72.54
123442  123397  8.43    5.31
123469  123313  11.50   86.14
123469  123954  0.00    78.49
123483  122498  6.50    141.56
123496  123724  2.50    130.26
123527  124257  12.67   107.07
123527  123330  11.50   75.08
123532  123116  10.00   50.31
123616  124201  7.25    79.89
123624  123790  1.00    24.74
123629  123119  3.00    64.51
123629  123111  13.20   72.51
123645  122731  11.00   127.00
123645  123527  0.00    54.72
123670  123995  0.00    108.69
123670  123645  0.00    60.23
123670  123690  0.00    58.12
123676  123044  9.13    85.05
123690  123995  11.50   43.68
123690  123706  1.00    59.11
123693  123312  6.50    49.91
123706  124039  0.00    45.86
123706  123867  0.00    62.31
123724  123381  10.75   54.18
123775  123865  0.00    10.37
123775  123629  11.50   124.09
123790  123010  7.80    119.36
123790  123977  6.25    24.57
123793  123389  10.00   53.91
123793  123846  9.14    47.30
123811  123442  3.00    65.64
123846  124431  20.00   81.20
123846  123875  10.00   46.95
123860  123624  3.00    49.34
123865  124300  16.00   60.82
123867  123937  0.00    13.12
123875  124163  0.00    41.12
123913  123202  1.00    92.33
123914  123994  2.00    94.48
123936  123290  0.00    86.34
123954  123865  0.00    73.68
123960  124016  0.00    35.41
123960  124125  0.00    23.68
123994  123724  10.00   58.86
124016  124125  6.50    51.01
124125  124133  1.00    54.44
124139  124163  6.75    85.92
124139  124597  11.00   61.11
124150  124354  4.40    83.64
124163  124488  20.00   43.10
124169  123693  11.00   66.84
124201  124843  6.18    85.84
124202  124912  1.00    94.03
124230  123645  8.67    83.38
124287  125176  7.00    124.48
124310  124421  0.00    16.98
124334  123994  5.50    50.67
124354  124348  0.00    2.19
124377  123793  7.04    78.84
124400  125191  9.00    109.09
124421  124734  8.27    78.34
124457  125356  13.20   138.27
124618  124789  0.00    25.53
124696  124684  6.50    21.50
124722  124696  0.00    27.84
124722  125127  11.00   56.19
124722  124149  7.25    76.32
124734  125292  10.80   82.84
124761  125239  11.50   70.00
124787  125148  9.80    136.56
124787  124657  0.00    21.08
124789  124787  0.00    10.90
124843  125176  7.00    71.58
124869  124843  17.50   35.28
124880  124169  10.33   94.86
124880  125105  5.93    35.90
124889  124869  6.40    36.37
124889  124164  5.50    94.28
124904  124889  11.00   38.03
124912  125094  1.00    28.96
124912  124904  8.00    39.83
125026  124936  1.00    22.79
125026  125213  3.00    78.83
125035  125397  0.00    64.48
125094  124904  20.00   46.01
125105  125209  0.00    16.03
125123  124641  3.00    66.79
125127  125179  14.14   95.40
125127  125270  11.50   23.37
125128  125094  11.50   5.95
125128  125191  9.63    80.68
125148  126104  8.67    144.96
125161  125123  9.80    112.25
125161  125504  10.60   53.94
125176  125335  7.63    45.74
125183  125161  24.33   66.79
125191  125247  8.50    68.79
125209  125239  10.75   72.59
125209  125430  9.00    35.14
125213  124996  12.88   33.44
125223  125270  0.00    42.16
125223  124696  9.07    79.80
125239  125250  1.00    40.77
125247  125292  2.00    76.67
125247  124421  9.00    113.87
125270  125572  8.67    46.17
125275  125381  0.00    17.34
125276  125026  1.00    62.72
125276  124806  3.00    80.94
125287  125700  20.00   63.98
125292  125722  7.25    77.89
125292  125340  9.00    68.22
125335  125815  6.50    85.39
125340  125397  5.00    84.03
125340  125722  0.00    63.76
125356  125335  11.00   16.98
125377  124869  7.22    77.19
125381  126144  11.20   126.84
125381  125414  0.00    19.23
125387  124789  8.57    98.52
125387  125600  10.00   130.67
125397  125405  0.00    8.08
125405  125450  5.20    30.10
125414  125328  3.00    18.41
125504  126097  5.40    83.84
125509  125296  5.33    32.66
125509  125220  7.20    112.98
125522  125223  4.83    48.26
125523  125213  6.50    76.65
125529  125571  9.00    100.74
125532  125504  3.00    62.19
125535  125566  0.00    13.78
125553  124846  9.80    109.96
125566  125621  5.50    112.78
125571  125123  3.75    69.40
125572  125522  3.00    50.85
125572  125870  2.33    44.23
125582  125656  9.53    97.42
125582  125128  10.33   80.19
125632  125296  10.00   91.45
125641  125276  10.33   130.98
125656  125730  9.40    111.56
125656  126338  7.57    125.93
125666  125700  17.67   136.51
125695  125632  9.33    91.10
125695  125509  0.00    28.89
125700  125721  8.88    24.17
125708  124889  11.00   125.48
125708  125743  0.00    55.05
125721  125732  11.13   72.15
125722  125730  10.50   94.19
125722  125821  0.00    16.11
125730  125247  7.67    83.06
125732  126436  11.00   95.73
125732  126031  10.00   103.91
125743  125582  0.00    24.30
125750  125666  0.00    21.04
125815  126397  13.33   86.69
125821  125864  7.33    80.57
125821  126221  5.50    67.83
125827  125523  9.33    76.20
125827  125276  9.50    81.17
125828  125522  3.00    45.25
125864  125896  3.00    24.54
125864  125397  0.00    70.69
125870  125828  0.00    59.10
125870  126190  6.50    45.39
125881  125356  7.67    139.93
125896  126784  5.78    125.74
125896  126101  5.80    63.58
125898  125377  5.50    77.19
125945  126664  0.00    120.17
125967  126236  12.22   112.76
125970  125750  8.00    40.40
125981  125970  6.33    72.91
126031  125414  8.00    87.73
126047  125600  8.86    84.61
126061  125571  4.67    67.46
126061  125981  10.00   126.62
126088  125827  9.75    104.90
126090  125881  1.00    39.75
126090  126293  3.00    40.43
126097  126061  7.47    111.50
126097  126873  8.60    112.36
126101  126097  6.75    43.74
126104  125600  9.20    141.16
126132  126090  0.00    9.82
126132  125387  15.00   107.92
126140  125828  8.00    47.27
126144  127027  0.00    128.90
126178  125708  20.00   66.01
126179  126664  0.00    70.08
126190  126140  10.00   70.95
126190  126476  10.50   37.40
126221  125864  24.55   69.93
126221  127086  15.00   123.14
126236  126952  9.00    103.21
126290  126088  8.40    104.87
126290  125553  13.20   109.71
126291  125970  5.33    47.51
126293  125881  20.00   58.35
126298  126579  8.50    96.72
126318  125591  3.08    109.09
126318  126290  3.00    99.80
126338  126298  0.00    95.56
126376  126436  6.00    84.23
126376  126031  8.18    49.89
126397  126431  4.75    5.02
126397  125967  8.11    112.19
126409  126291  10.00   110.36
126430  127086  16.67   125.13
126430  126221  1.00    79.14
126431  127079  9.22    113.51
126435  126430  0.00    52.57
126435  126338  8.67    39.23
126436  126600  0.00    52.57
126476  126539  2.00    10.50
126487  126539  6.50    76.85
126487  126140  20.00   48.61
126528  125695  9.60    121.90
126539  126847  1.00    45.94
126557  125981  3.00    82.35
126558  126476  3.00    75.78
126579  125743  10.00   117.49
126600  125721  5.33    129.12
126621  127131  9.69    135.92
126621  126047  10.30   87.00
126661  126557  5.50    76.78
126661  126291  9.89    52.73
126664  126528  0.00    77.61
126722  126376  3.00    51.30
126722  126769  1.00    127.14
126769  126600  20.00   24.97
126771  126409  8.67    113.21
126771  126769  15.00   35.73
126779  126847  10.00   78.36
126779  126487  0.00    45.04
126784  127614  8.75    125.52
126809  127138  6.50    137.52
126827  126849  6.50    45.83
126827  126061  14.33   112.93
126849  126873  4.67    65.65
126855  126661  0.00    28.04
126873  126903  9.11    54.50
126880  127002  5.41    83.21
126918  126855  10.50   78.62
126934  126809  11.50   135.30
126934  126435  7.75    93.12
126952  126994  0.00    7.81
126966  126528  9.38    69.33
126972  126132  13.25   123.50
126972  126293  7.00    139.43
126981  127872  11.00   145.76
126981  126918  7.80    78.62
126994  127681  13.25   129.79
126995  127131  5.88    76.42
127000  126771  0.00    34.67
127001  126995  4.22    20.97
127001  126318  4.25    103.06
127002  126290  12.43   106.32
127002  127001  6.21    96.60
127004  126966  0.00    5.82
127004  127027  0.00    49.46
127004  127187  0.00    29.61
127010  126827  0.00    26.18
127014  127388  9.00    107.26
127014  126934  0.00    11.34
127018  127467  0.00    74.92
127018  126966  0.00    64.29
127027  127064  9.80    61.83
127049  127010  0.00    59.04
127064  127106  10.00   92.13
127064  126722  8.00    49.11
127079  127620  11.07   111.89
127084  126779  0.00    46.01
127085  126621  9.83    73.19
127086  127762  6.80    105.49
127106  127143  9.83    92.13
127116  127018  0.00    48.30
127123  126431  10.30   105.46
127123  127593  0.00    92.61
127131  127152  7.67    5.17
127138  127256  0.00    21.37
127138  126579  2.00    87.80
127143  126981  10.00   34.72
127152  127576  6.09    77.60
127223  126849  0.00    58.41
127224  127123  0.00    22.41
127295  127569  0.00    39.38
127303  127064  7.50    44.91
127322  127085  3.00    47.55
127322  126972  0.00    55.09
127323  127322  20.00   119.87
127323  127224  12.64   89.04
127362  127619  0.00    36.97
127363  127388  7.43    98.09
127378  127734  0.00    52.67
127388  127939  3.75    80.40
127388  127735  1.00    76.35
127421  127692  0.00    39.15
127489  126855  9.09    96.77
127492  127143  8.80    69.38
127492  128321  8.67    121.58
127534  127303  6.50    79.76
127569  127515  0.00    28.64
127576  128021  9.14    77.59
127593  127883  11.50   92.89
127614  128556  12.12   125.27
127619  127569  0.00    36.75
127620  128366  9.83    114.91
127620  126994  11.50   94.88
127626  127644  0.00    37.50
127644  127010  6.43    99.26
127681  128366  11.00   117.73
127681  127854  6.86    43.79
127684  127644  0.00    9.09
127692  127684  0.00    19.54
127696  127692  0.00    15.44
127726  127014  5.83    110.23
127734  128028  0.00    38.19
127734  127619  0.00    54.64
127735  128154  8.00    76.47
127762  128583  3.00    105.40
127788  127660  9.55    125.15
127788  127152  6.60    125.01
127854  127922  0.00    24.36
127872  128929  8.17    145.76
127879  127323  6.13    81.58
127883  127224  6.00    120.67
127890  127899  0.00    35.62
127899  127684  0.00    29.71
127922  128154  14.00   50.24
127922  127363  5.20    101.64
127939  128569  11.50   80.30
127941  127879  10.20   104.40
127941  127883  0.00    54.35
127944  127899  0.00    11.89
127956  127303  7.43    101.78
127958  127944  0.00    25.64
128016  127492  9.83    101.94
128021  128085  1.00    9.09
128021  127085  7.67    137.50
128085  128649  3.03    85.35
128090  128199  3.00    101.75
128154  128824  3.32    87.08
128208  127489  7.00    96.80
128209  127788  5.00    101.85
128348  127788  8.18    90.34
128366  129302  5.75    125.15
128431  127879  6.88    76.26
128524  128662  0.00    126.09
128556  128960  9.50    57.41
128568  128569  8.67    36.35
128569  128571  0.00    25.54
128569  128905  0.00    43.36
128571  128572  6.50    47.93
128571  129208  11.00   104.78
128572  128583  3.00    73.46
128572  127726  6.67    110.08
128583  128556  11.50   82.19
128583  129208  6.50    97.15
128587  127941  30.00   89.67
128626  128085  8.19    79.78
128648  128348  4.67    92.88
128649  128849  11.46   49.15
128662  128561  0.00    32.30
128824  129133  1.00    43.34
128849  128431  10.00   74.47
128849  128994  4.75    99.35
128905  129224  10.00   40.50
128960  129076  0.00    21.14
128994  129145  4.88    77.83
129006  128626  11.00   78.24
129006  128209  11.69   107.43
129026  128662  0.00    79.93
129076  129149  0.00    14.48
129098  128649  10.00   67.37
129133  129144  0.00    10.08
129144  129267  7.45    35.99
129144  129776  5.40    68.90
129145  129273  6.69    45.75
129145  128587  4.25    88.81
129149  129416  9.18    112.85
129161  128960  0.00    24.00
129202  129267  10.00   55.87
129202  129358  6.00    43.51
129208  129416  10.00   29.98
129212  128648  11.00   73.16
129212  129006  7.09    67.99
129224  129202  11.00   26.49
129267  129358  10.11   17.98
129273  129976  3.00    77.00
129273  129302  4.67    32.19
129300  129224  8.78    35.92
129300  128905  0.00    60.09
129302  129133  6.94    126.22
129358  129947  6.14    94.46
129416  129300  8.50    35.92
129514  129098  14.33   51.48
129514  129188  11.50   51.37
129641  128994  8.24    72.66
129776  130206  12.17   95.09
129776  130554  10.07   101.92
129843  129098  3.00    118.40
129933  129976  0.00    93.42
129953  129514  11.50   55.14
129953  129434  7.80    86.50
129976  129641  9.00    108.35
130144  130494  11.50   47.87
130158  129514  0.00    106.62
130301  129953  3.00    53.49
130495  129953  1.00    105.28
130603  130158  11.50   105.83
130603  129843  4.00    120.13
130617  129641  5.10    129.55
131011  130495  13.20   105.28
1 2 110348 110832 113374 113452
2 0 
3 3 121541 122433 121418 120597 119049 119493
4 3 107515 107034 107838 108013 103906 103987
