3578 8702 4 17 3 3 6631.15 2443.05
45329   34
45940   34
46317   71
46345   34
46448   34
46539   34
46644   34
46729   71
46807   71
46889   34
46983   71
47107   71
47116   34
47154   71
47245   34
47365   71
47374   71
47379   71
48104   34
48122   34
48132   34
48372   34
48579   71
48622   34
49290   34
49350   34
49409   34
50007   34
50015   34
50661   34
50746   34
50776   34
50799   71
50807   71
50808   34
51019   71
51826   34
51850   71
52051   71
52457   34
52677   34
52696   34
52770   71
53032   34
53052   71
53318   71
53455   71
53569   34
53609   34
53620   34
53706   71
53885   34
54489   34
54656   34
54796   71
54828   71
54829   71
54912   71
55036   34
55193   71
55877   71
55956   34
56509   34
56839   34
56840   71
57197   71
57247   71
57395   91
57411   91
57564   71
57699   71
57753   34
57815   91
57860   34
57861   71
58210   71
58342   71
58461   34
58535   91
58765   91
58884   71
59085   71
59168   34
59200   71
59240   34
59337   34
59510   34
59524   71
59527   71
59570   71
59572   71
59576   71
59715   71
59873   71
59880   71
59912   71
59916   71
60309   71
60339   71
60678   71
61392   71
61422   71
61718   71
61797   71
61996   91
62007   91
62083   71
62112   71
62201   91
62330   91
62553   71
62622   71
62640   91
62668   91
62700   91
62727   91
62886   71
63009   71
63034   71
63091   71
63099   71
63110   91
63172   91
63227   71
63411   71
63516   71
63567   91
63908   71
63976   71
64042   91
64138   91
64332   71
64333   71
64466   71
64596   91
64816   91
65037   71
65283   71
65293   91
65504   71
65547   71
65948   71
66290   91
66529   91
66530   71
66876   91
67377   71
67458   71
67582   91
67630   91
67873   71
68312   92
68410   71
68754   92
68838   92
69985   92
70548   92
70887   91
70978   91
71065   91
71313   91
71323   91
71347   91
71640   91
71678   91
71733   92
72035   91
72478   92
72557   91
72702   91
72797   92
72842   92
73422   92
73439   92
73485   91
73716   92
73845   91
74106   92
74246   92
74431   92
74553   92
74589   92
74829   92
74857   92
74870   92
75214   92
75421   92
75630   92
75713   92
75829   92
75902   92
75983   92
76093   92
76330   92
76355   92
76446   92
76456   92
76514   92
76547   92
76642   92
76646   92
76862   92
76873   92
76949   92
77032   92
77285   92
77728   92
45407   34
45468   34
45475   34
45483   34
45681   34
45686   34
45696   34
45701   34
45769   34
45831   34
45835   34
45911   34
45994   34
46015   71
46025   34
46064   34
46066   34
46069   34
46071   34
46146   34
46185   34
46220   34
46232   34
46253   34
46256   34
46258   34
46264   34
46277   34
46285   34
46290   71
46296   34
46313   34
46316   71
46412   34
46442   71
46443   34
46452   71
46489   34
46490   34
46510   34
46528   34
46556   34
46569   71
46570   34
46582   34
46589   34
46604   71
46607   34
46647   71
46700   34
46718   71
46720   34
46725   34
46727   71
46808   34
46820   34
46831   34
46839   34
46851   34
46862   34
46891   71
46932   34
46966   71
46973   34
47054   34
47058   34
47062   34
47070   34
47078   34
47080   34
47119   34
47125   34
47139   34
47147   34
47155   34
47163   34
47279   34
47292   34
47320   34
47350   34
47359   71
47406   34
47421   34
47433   34
47448   34
47470   34
47481   71
47484   34
47493   34
47494   34
47504   71
47505   34
47508   71
47547   34
47548   71
47561   71
47568   71
47579   34
47581   34
47585   34
47602   71
47611   71
47625   34
47647   34
47699   34
47717   71
47735   34
47752   34
47753   71
47769   34
47777   34
47802   34
47808   34
47838   34
47863   34
47864   34
47887   71
47892   71
47909   71
47958   34
47962   71
47976   71
48014   34
48025   71
48030   71
48062   71
48064   34
48066   71
48074   71
48087   34
48153   34
48174   34
48185   71
48200   34
48201   34
48204   71
48250   34
48256   34
48264   71
48278   34
48281   34
48284   34
48290   34
48307   34
48338   71
48362   71
48394   34
48437   34
48458   34
48464   71
48471   34
48500   71
48503   34
48510   71
48517   34
48522   34
48543   34
48553   34
48558   34
48562   34
48570   34
48572   71
48580   34
48592   34
48597   71
48604   71
48610   34
48616   34
48619   71
48620   71
48638   34
48674   71
48675   34
48679   34
48711   71
48714   71
48721   34
48725   71
48727   34
48733   71
48747   34
48762   34
48831   71
48844   34
48892   34
48904   34
48905   34
48908   71
48910   34
48920   34
48946   34
48948   71
48969   34
48972   71
48975   34
48976   71
48984   71
48995   71
48997   34
49004   34
49005   71
49031   34
49041   71
49048   71
49059   34
49071   71
49092   71
49123   71
49131   71
49141   34
49169   34
49171   34
49174   34
49177   34
49179   71
49186   34
49211   34
49222   34
49239   34
49246   34
49247   34
49261   71
49294   34
49296   34
49302   71
49311   34
49316   71
49344   71
49364   71
49384   34
49414   71
49419   34
49424   71
49429   71
49433   34
49436   34
49445   34
49458   71
49484   71
49485   71
49503   34
49509   34
49519   34
49535   71
49540   34
49569   71
49570   34
49583   34
49601   71
49633   34
49637   34
49642   71
49670   34
49691   34
49698   71
49713   71
49714   34
49718   34
49721   34
49738   34
49739   34
49744   71
49764   34
49766   71
49771   34
49773   34
49779   34
49795   71
49796   34
49810   71
49822   71
49832   34
49840   71
49849   71
49850   34
49864   71
49865   34
49878   34
49885   34
49894   34
49898   34
49900   71
49931   71
49933   34
49939   71
49942   34
49955   34
49977   34
49985   34
49986   34
50003   71
50006   71
50008   71
50012   34
50076   71
50089   71
50095   71
50129   71
50137   34
50164   34
50166   34
50196   34
50199   34
50214   71
50222   71
50243   34
50256   34
50257   71
50283   71
50284   34
50293   34
50296   34
50297   34
50299   71
50340   34
50341   34
50350   34
50359   71
50360   34
50373   71
50386   71
50393   71
50394   71
50403   71
50414   34
50423   34
50424   71
50430   34
50458   71
50460   71
50473   71
50477   34
50478   34
50494   34
50498   34
50500   71
50516   71
50520   71
50532   71
50533   71
50546   71
50549   34
50557   71
50559   34
50562   71
50574   34
50575   34
50594   34
50598   71
50611   71
50617   71
50618   34
50619   34
50622   71
50633   34
50647   71
50651   34
50660   34
50669   34
50678   34
50679   71
50682   34
50702   71
50713   71
50714   34
50731   34
50735   34
50737   34
50794   34
50801   71
50822   34
50828   34
50834   71
50838   34
50854   71
50855   34
50868   34
50881   34
50899   71
50932   71
50934   71
50936   34
50939   34
50956   71
50961   71
50980   34
50987   34
50988   34
50995   34
50996   34
51005   34
51014   34
51016   71
51025   71
51026   71
51036   34
51049   34
51052   34
51054   34
51062   34
51065   34
51071   71
51080   71
51086   34
51089   34
51097   34
51113   71
51126   34
51140   34
51142   71
51148   34
51150   34
51153   34
51156   34
51172   71
51185   34
51193   34
51206   71
51224   34
51228   34
51234   34
51252   34
51269   71
51277   71
51291   71
51298   34
51301   34
51311   34
51315   34
51316   34
51317   34
51330   34
51332   71
51333   71
51335   71
51339   71
51364   34
51371   71
51376   34
51377   34
51397   34
51398   71
51406   71
51408   71
51410   34
51413   71
51415   34
51428   34
51430   71
51431   71
51436   34
51456   34
51457   34
51468   34
51481   34
51484   34
51485   34
51488   71
51497   71
51530   71
51531   34
51535   34
51541   71
51542   34
51546   71
51549   71
51555   71
51562   71
51569   71
51571   34
51580   71
51582   34
51597   34
51610   71
51617   71
51621   71
51628   34
51631   71
51633   34
51639   71
51641   71
51659   71
51664   71
51669   34
51671   71
51672   71
51675   71
51681   34
51688   34
51689   34
51699   34
51702   34
51703   34
51709   34
51712   71
51719   34
51739   71
51740   34
51742   71
51749   34
51750   34
51771   34
51783   71
51784   71
51787   71
51790   34
51791   34
51799   34
51800   34
51807   34
51812   34
51816   34
51837   34
51854   34
51863   34
51871   71
51872   34
51880   34
51900   34
51902   34
51906   71
51911   34
51919   34
51920   71
51924   34
51935   34
51954   71
51967   34
51976   34
51985   34
51989   71
51994   71
51995   71
51998   71
52000   34
52017   34
52023   71
52026   34
52057   34
52058   34
52075   34
52086   71
52094   71
52100   71
52116   71
52134   34
52149   71
52152   71
52161   71
52170   34
52183   71
52186   34
52189   34
52201   34
52216   71
52225   71
52228   71
52234   71
52253   34
52259   71
52267   34
52268   71
52298   34
52301   71
52310   34
52314   71
52315   34
52318   34
52322   71
52345   71
52354   71
52376   71
52381   71
52397   71
52403   34
52433   34
52436   71
52463   71
52464   34
52467   71
52478   71
52495   71
52496   34
52509   71
52517   71
52519   71
52524   34
52533   34
52546   34
52549   34
52552   34
52561   34
52574   34
52585   34
52593   71
52600   34
52612   71
52625   34
52627   71
52628   34
52631   71
52642   71
52658   71
52660   71
52664   34
52667   71
52673   34
52684   34
52692   71
52698   71
52710   71
52714   34
52718   34
52741   71
52752   71
52758   71
52763   34
52764   71
52778   71
52788   34
52789   71
52813   71
52819   71
52826   34
52835   71
52847   34
52848   34
52852   71
52874   71
52875   71
52877   71
52879   34
52884   34
52887   34
52896   34
52901   34
52919   71
52926   34
52947   34
52951   34
52956   71
52986   71
53000   34
53003   71
53007   71
53017   34
53018   34
53022   71
53029   71
53035   71
53042   71
53055   71
53079   71
53089   71
53090   71
53098   34
53100   71
53103   34
53111   34
53128   71
53140   71
53154   34
53156   34
53165   71
53172   71
53175   34
53176   71
53179   34
53183   71
53188   34
53190   71
53213   71
53216   71
53231   71
53256   71
53261   34
53263   71
53275   71
53280   71
53285   71
53295   34
53301   71
53312   71
53316   71
53336   71
53343   71
53352   34
53359   34
53360   34
53361   71
53362   34
53378   34
53381   71
53383   71
53389   71
53391   71
53405   71
53433   34
53438   34
53440   71
53441   34
53453   34
53456   71
53461   71
53465   71
53473   71
53487   34
53490   34
53496   71
53523   34
53524   34
53530   71
53536   71
53549   71
53552   71
53577   71
53585   34
53587   71
53594   34
53595   34
53604   71
53611   71
53616   71
53617   71
53629   71
53642   71
53649   34
53662   34
53673   71
53690   34
53722   71
53728   71
53741   71
53748   34
53749   71
53750   34
53756   71
53758   71
53762   71
53774   34
53776   71
53786   71
53791   71
53794   71
53799   34
53818   71
53825   71
53842   34
53843   71
53847   71
53856   71
53861   34
53863   34
53888   71
53890   71
53893   71
53900   71
53906   71
53918   71
53924   34
53934   34
53937   71
53952   71
53971   71
53980   34
53985   71
53997   34
53999   71
54000   71
54003   71
54005   71
54011   34
54028   71
54031   34
54050   71
54057   71
54062   71
54066   71
54067   34
54069   34
54070   71
54073   71
54097   71
54104   34
54116   71
54119   71
54121   34
54123   71
54124   71
54131   71
54133   71
54144   71
54154   71
54174   71
54180   71
54181   71
54189   71
54190   34
54202   71
54216   71
54232   34
54261   34
54269   71
54274   71
54277   71
54283   34
54284   71
54307   34
54311   34
54322   71
54328   71
54331   71
54341   71
54362   71
54363   71
54364   71
54372   71
54383   71
54388   71
54398   71
54399   71
54410   34
54417   71
54421   71
54422   71
54424   71
54431   34
54443   71
54451   34
54452   71
54456   34
54483   71
54490   71
54504   71
54516   71
54545   34
54565   71
54569   71
54576   71
54579   71
54583   71
54586   34
54595   71
54602   71
54603   34
54610   34
54624   71
54634   71
54638   34
54649   71
54657   71
54663   71
54671   71
54675   71
54686   71
54691   71
54700   71
54705   34
54715   71
54735   71
54739   71
54753   71
54756   71
54774   71
54787   34
54792   34
54795   71
54804   71
54806   71
54820   71
54824   34
54833   71
54841   71
54844   71
54855   71
54863   71
54872   71
54876   71
54878   71
54883   71
54894   71
54900   71
54915   71
54917   71
54918   71
54937   71
54939   71
54944   71
54962   71
54969   34
54985   71
54991   71
55003   71
55007   34
55008   34
55014   71
55015   71
55023   71
55035   34
55038   71
55044   71
55046   71
55056   71
55059   71
55063   71
55067   34
55071   34
55076   34
55082   71
55089   71
55108   34
55110   71
55127   71
55156   71
55157   71
55181   71
55184   71
55187   71
55192   71
55196   71
55197   71
55205   71
55219   71
55244   71
55247   71
55249   71
55252   71
55253   71
55267   34
55282   34
55303   34
55336   71
55347   34
55368   71
55374   71
55393   71
55398   71
55406   34
55409   34
55418   71
55420   71
55433   71
55438   71
55449   34
55452   71
55457   34
55467   71
55485   71
55486   71
55497   71
55501   71
55505   71
55513   71
55526   71
55552   34
55560   71
55562   34
55563   71
55574   71
55586   71
55598   71
55599   71
55611   71
55615   71
55639   71
55647   71
55657   71
55658   34
55661   71
55663   34
55672   71
55675   34
55680   71
55682   71
55683   34
55687   34
55692   34
55701   71
55709   71
55716   71
55724   34
55734   34
55738   71
55750   71
55757   71
55762   71
55783   71
55786   71
55792   34
55802   71
55808   34
55818   71
55833   71
55837   71
55849   71
55860   71
55885   71
55887   71
55923   34
55942   71
55959   34
55965   71
55972   34
55975   34
56001   71
56008   34
56009   71
56019   71
56026   34
56031   34
56042   71
56049   71
56054   71
56064   34
56065   71
56075   34
56080   34
56084   34
56092   71
56097   34
56098   71
56100   71
56105   71
56128   71
56130   71
56135   34
56140   71
56143   71
56147   71
56158   34
56159   71
56162   71
56172   34
56174   71
56186   34
56210   71
56216   71
56222   34
56233   71
56237   71
56239   34
56246   34
56256   34
56266   71
56277   71
56279   71
56280   71
56301   34
56311   71
56312   34
56319   34
56321   71
56322   71
56330   71
56339   71
56342   71
56353   34
56363   71
56378   34
56379   71
56382   34
56386   71
56413   34
56425   71
56431   34
56433   34
56455   71
56462   71
56476   71
56489   71
56495   71
56499   71
56501   71
56506   71
56516   71
56532   71
56541   71
56542   71
56545   34
56550   91
56558   71
56572   71
56582   71
56594   71
56595   34
56596   34
56597   71
56600   71
56603   91
56604   71
56606   34
56622   34
56626   71
56631   71
56642   71
56643   34
56648   71
56661   34
56675   34
56690   71
56699   71
56710   34
56716   71
56722   71
56730   71
56731   71
56736   34
56743   71
56744   34
56775   34
56777   34
56779   71
56783   71
56785   34
56795   71
56796   71
56804   71
56813   71
56829   91
56833   71
56837   34
56852   34
56854   71
56855   91
56860   71
56863   71
56870   71
56892   71
56893   71
56900   71
56905   34
56908   34
56913   71
56925   71
56927   71
56928   71
56932   71
56946   71
56949   34
56952   71
56955   34
56991   71
57013   34
57018   34
57023   71
57031   34
57041   71
57050   71
57062   91
57063   71
57070   34
57071   71
57079   71
57080   71
57087   71
57088   34
57095   91
57114   71
57122   71
57128   34
57130   71
57133   71
57134   34
57140   71
57144   71
57152   71
57154   71
57163   71
57169   71
57171   34
57183   34
57188   71
57191   34
57213   71
57214   71
57225   71
57242   91
57257   71
57258   71
57259   34
57262   71
57268   91
57269   34
57279   71
57283   91
57292   34
57298   34
57299   34
57302   71
57305   91
57314   71
57318   71
57322   71
57330   34
57338   34
57346   71
57352   71
57354   71
57356   71
57358   34
57368   34
57371   34
57373   71
57376   71
57377   71
57385   71
57393   34
57425   71
57434   71
57435   71
57437   34
57440   34
57442   71
57467   71
57472   71
57480   34
57490   71
57493   71
57499   34
57531   34
57548   71
57549   71
57559   34
57563   34
57567   71
57572   71
57576   71
57579   71
57584   71
57592   71
57609   71
57615   34
57617   71
57631   71
57655   34
57661   71
57674   71
57677   71
57679   71
57683   71
57696   71
57700   34
57720   34
57724   71
57727   34
57732   71
57743   34
57746   91
57751   71
57761   71
57764   91
57773   71
57774   34
57778   91
57788   34
57789   71
57793   71
57804   71
57809   71
57821   34
57822   34
57827   34
57828   71
57834   71
57838   71
57846   91
57850   71
57853   71
57869   71
57888   91
57890   71
57898   71
57900   91
57904   34
57916   71
57918   34
57919   34
57930   71
57944   71
57966   71
57972   71
57977   71
57982   91
57987   71
58004   34
58012   91
58013   91
58018   91
58020   71
58023   91
58035   34
58038   71
58040   71
58043   71
58052   34
58056   71
58067   71
58084   71
58087   71
58090   71
58100   71
58102   34
58104   71
58110   34
58113   34
58117   34
58119   91
58126   71
58139   91
58140   71
58150   71
58151   71
58152   71
58159   34
58161   91
58162   71
58192   71
58204   34
58211   91
58218   71
58226   71
58236   71
58246   91
58247   34
58252   71
58255   71
58262   71
58272   71
58278   71
58283   71
58305   71
58307   71
58309   91
58310   71
58319   71
58325   71
58326   71
58329   34
58336   34
58340   71
58344   71
58358   71
58369   91
58382   91
58384   71
58387   71
58391   71
58394   71
58413   34
58426   91
58428   34
58433   34
58434   91
58448   71
58450   71
58453   91
58468   91
58473   91
58479   34
58509   71
58517   71
58518   71
58531   71
58539   34
58553   91
58559   34
58560   91
58565   71
58576   71
58578   71
58581   91
58583   91
58584   91
58588   91
58593   71
58600   91
58603   71
58611   71
58618   71
58622   34
58632   71
58639   71
58641   71
58667   34
58668   91
58670   34
58674   91
58683   34
58695   91
58709   71
58721   71
58725   34
58731   91
58736   91
58748   71
58752   91
58758   71
58764   71
58767   71
58770   91
58800   71
58802   71
58803   91
58810   34
58816   71
58819   34
58820   91
58822   71
58829   91
58835   71
58836   34
58840   71
58843   71
58849   71
58850   34
58855   91
58856   34
58857   71
58863   71
58869   71
58885   91
58891   91
58894   71
58897   71
58902   71
58907   71
58915   71
58920   71
58922   34
58923   34
58924   91
58928   91
58929   71
58946   91
58953   71
58956   71
58960   71
58970   71
58972   71
58979   71
58980   71
58991   71
58994   91
58995   91
59000   71
59001   71
59002   91
59003   71
59006   34
59008   34
59018   71
59027   91
59032   71
59033   34
59035   91
59040   91
59046   91
59049   71
59055   91
59059   71
59060   71
59064   71
59065   91
59066   71
59068   34
59074   34
59099   34
59101   71
59102   91
59108   71
59117   91
59119   71
59124   71
59136   71
59155   91
59156   91
59161   91
59163   71
59164   71
59167   71
59169   71
59179   71
59183   71
59187   71
59194   71
59196   91
59212   34
59219   91
59231   71
59249   71
59253   91
59254   71
59264   71
59269   34
59271   91
59276   34
59284   91
59290   71
59291   71
59299   91
59301   71
59312   71
59316   34
59318   91
59322   71
59326   71
59330   91
59333   71
59338   71
59351   91
59361   71
59365   71
59370   71
59376   34
59377   71
59378   71
59388   34
59401   71
59402   34
59411   71
59412   71
59418   91
59419   91
59424   71
59434   91
59439   71
59456   71
59457   34
59467   71
59473   71
59480   34
59490   71
59495   34
59496   91
59503   71
59508   71
59516   91
59519   71
59521   91
59526   34
59534   34
59546   91
59566   71
59584   34
59587   91
59589   71
59600   71
59612   71
59615   71
59623   91
59629   71
59640   91
59647   71
59663   91
59676   71
59679   71
59693   71
59694   91
59695   71
59699   71
59700   71
59701   71
59702   71
59720   71
59722   91
59723   71
59759   91
59763   71
59769   91
59770   71
59772   34
59773   91
59776   71
59781   34
59789   34
59791   91
59802   71
59805   71
59809   71
59810   71
59814   71
59819   71
59823   71
59831   71
59832   71
59834   91
59837   71
59839   91
59840   71
59842   34
59850   91
59853   71
59857   71
59866   71
59869   71
59875   71
59889   71
59890   71
59900   91
59901   91
59902   91
59917   91
59939   71
59954   91
59958   71
59977   71
59980   71
59981   71
59993   91
59999   91
60003   91
60009   91
60013   71
60021   91
60024   91
60026   71
60027   91
60032   34
60033   91
60037   91
60041   91
60048   71
60054   71
60055   71
60083   91
60086   91
60088   91
60091   91
60094   91
60098   71
60103   91
60105   91
60119   91
60125   71
60133   91
60143   71
60144   34
60146   71
60167   71
60174   71
60186   91
60190   71
60195   91
60202   71
60207   71
60230   91
60236   91
60237   91
60238   71
60240   71
60247   71
60250   91
60254   71
60257   71
60265   71
60266   91
60279   71
60282   71
60283   71
60287   71
60319   71
60321   91
60323   71
60324   71
60331   34
60332   71
60336   71
60344   34
60345   71
60355   91
60373   71
60377   71
60379   71
60382   71
60386   71
60398   91
60406   71
60423   91
60428   71
60430   71
60433   91
60436   91
60437   91
60450   91
60457   91
60467   71
60469   71
60470   71
60473   71
60475   71
60479   91
60492   71
60496   71
60498   91
60503   91
60505   91
60507   71
60510   34
60515   91
60522   34
60524   91
60527   71
60533   34
60545   71
60546   91
60551   71
60552   71
60554   71
60570   71
60586   71
60587   34
60588   71
60604   91
60605   71
60611   91
60619   91
60623   71
60644   71
60645   71
60660   34
60668   71
60669   71
60674   71
60675   71
60677   71
60696   71
60711   71
60718   91
60743   91
60754   91
60756   34
60773   91
60777   91
60781   71
60784   71
60788   71
60803   71
60807   71
60821   91
60822   71
60823   91
60827   71
60836   71
60837   91
60873   71
60879   91
60881   71
60906   71
60910   71
60912   91
60913   71
60919   91
60922   91
60924   91
60938   91
60968   71
60969   71
60972   71
60973   71
60975   71
60976   91
60985   34
60991   71
60996   91
60997   71
61001   71
61003   71
61023   91
61025   71
61036   91
61040   71
61053   34
61056   71
61062   91
61070   71
61076   71
61078   71
61079   91
61083   71
61084   91
61101   91
61106   71
61107   71
61112   71
61120   71
61122   71
61143   71
61144   71
61149   91
61168   71
61169   91
61172   34
61178   71
61184   91
61185   71
61187   71
61191   71
61196   71
61197   71
61221   71
61229   71
61239   91
61270   91
61272   71
61287   71
61300   34
61304   91
61320   71
61331   91
61346   91
61348   71
61350   71
61358   91
61364   91
61365   91
61368   71
61375   91
61383   71
61390   71
61395   71
61404   71
61406   91
61412   91
61431   71
61439   71
61442   71
61465   91
61466   91
61472   91
61476   91
61487   71
61488   91
61498   91
61502   71
61508   71
61511   71
61518   91
61520   71
61521   71
61523   91
61524   71
61541   91
61557   91
61569   71
61570   71
61574   91
61579   91
61585   71
61586   71
61598   71
61603   71
61618   71
61622   71
61628   91
61637   91
61640   91
61644   71
61668   71
61669   71
61683   71
61686   91
61690   91
61693   71
61703   71
61706   91
61714   91
61719   71
61723   91
61730   91
61734   71
61760   71
61768   91
61771   91
61774   71
61776   71
61786   71
61789   91
61791   71
61793   91
61795   71
61796   71
61799   91
61813   71
61816   91
61818   91
61827   71
61830   71
61837   91
61850   71
61861   71
61864   71
61880   71
61881   91
61901   91
61904   71
61906   71
61919   91
61947   71
61953   91
61962   91
61963   71
61965   71
61971   91
61978   71
61982   71
61988   71
61999   91
62000   71
62008   91
62012   91
62021   71
62027   71
62028   71
62029   91
62046   71
62076   71
62079   91
62096   91
62101   71
62104   91
62143   91
62157   71
62159   71
62165   71
62167   91
62174   71
62181   71
62188   71
62190   91
62198   91
62214   71
62223   71
62233   71
62237   91
62241   71
62258   71
62261   91
62265   91
62269   91
62283   91
62284   91
62296   71
62303   71
62308   91
62309   91
62320   71
62325   71
62328   91
62333   91
62334   91
62343   91
62350   71
62377   71
62379   71
62405   71
62430   91
62433   91
62445   71
62471   91
62483   91
62496   71
62497   91
62504   91
62513   71
62529   71
62538   71
62556   91
62577   91
62593   91
62594   91
62603   91
62611   91
62628   71
62629   71
62639   71
62641   71
62647   71
62665   91
62669   91
62678   91
62683   71
62698   71
62706   91
62719   71
62722   71
62724   91
62747   71
62748   71
62753   71
62758   71
62761   71
62769   71
62777   71
62782   71
62789   71
62792   71
62793   91
62799   91
62816   91
62825   71
62841   91
62843   91
62847   71
62848   91
62857   71
62864   91
62870   71
62874   71
62882   71
62888   91
62893   71
62917   71
62922   91
62926   71
62940   91
62944   71
62948   91
62955   91
62963   91
62967   71
62970   91
62978   71
62979   91
62986   91
62989   91
62992   91
63005   91
63006   91
63016   71
63017   91
63019   91
63024   71
63039   91
63052   71
63060   71
63068   91
63069   91
63098   71
63105   71
63107   91
63118   71
63124   91
63164   91
63166   91
63181   71
63190   71
63196   71
63201   71
63217   91
63220   71
63241   91
63256   71
63257   71
63270   71
63273   91
63274   71
63289   71
63292   71
63297   71
63302   91
63308   91
63315   91
63321   71
63331   91
63341   71
63362   91
63371   71
63388   91
63398   71
63400   71
63402   91
63414   91
63417   91
63442   71
63456   71
63462   91
63465   91
63472   91
63478   71
63488   91
63508   91
63510   71
63512   71
63513   71
63515   71
63518   91
63525   71
63528   91
63533   71
63534   91
63539   71
63551   71
63568   71
63572   91
63576   91
63579   71
63581   71
63588   91
63597   71
63601   71
63603   71
63605   91
63608   71
63617   91
63643   91
63644   91
63649   71
63651   91
63652   71
63659   91
63662   71
63664   91
63665   91
63676   91
63678   71
63686   91
63690   91
63696   91
63709   91
63713   91
63724   91
63728   71
63745   71
63747   91
63753   71
63759   91
63765   91
63766   91
63768   71
63779   91
63813   91
63815   91
63818   91
63824   91
63841   91
63873   91
63876   71
63884   71
63887   91
63890   71
63894   71
63903   91
63904   71
63906   91
63911   71
63916   91
63918   91
63919   91
63922   71
63941   71
63944   91
63947   91
63950   91
63952   91
63960   71
63967   91
63981   71
63985   71
63992   91
63999   71
64001   71
64002   91
64003   71
64008   91
64027   71
64028   91
64032   71
64035   91
64043   91
64063   91
64064   71
64074   71
64078   91
64082   71
64084   91
64085   71
64089   71
64102   71
64103   91
64113   91
64117   71
64120   71
64134   71
64141   91
64151   71
64172   71
64181   91
64197   91
64208   91
64212   71
64215   71
64229   71
64238   71
64248   91
64251   71
64255   91
64279   91
64293   91
64314   91
64317   71
64351   91
64352   71
64377   91
64391   71
64414   91
64415   91
64417   91
64424   71
64425   91
64429   91
64432   91
64444   71
64458   91
64463   71
64472   91
64478   91
64479   71
64480   91
64482   91
64497   91
64499   71
64501   91
64512   91
64514   91
64518   91
64519   91
64529   91
64530   91
64531   91
64535   91
64567   91
64587   71
64593   71
64595   91
64598   91
64601   71
64603   71
64608   91
64625   71
64630   91
64637   71
64645   71
64653   91
64654   91
64657   91
64660   91
64674   71
64677   91
64685   91
64689   91
64702   71
64714   71
64716   91
64717   71
64730   91
64732   91
64737   91
64747   91
64758   71
64760   91
64782   91
64803   91
64809   91
64828   91
64829   91
64833   71
64838   71
64840   71
64848   71
64853   91
64856   91
64858   91
64865   91
64879   71
64903   71
64904   91
64911   91
64912   71
64917   71
64920   91
64922   91
64941   91
64943   71
64952   71
64958   91
64961   91
65004   91
65006   71
65029   91
65034   91
65039   91
65043   71
65044   91
65050   91
65058   71
65059   91
65064   91
65068   91
65109   71
65113   91
65121   91
65128   91
65137   71
65143   91
65144   71
65148   91
65154   71
65160   91
65164   71
65165   91
65171   71
65175   91
65190   91
65201   91
65213   91
65219   71
65221   71
65233   91
65237   71
65241   91
65250   91
65253   91
65257   91
65260   91
65266   91
65272   71
65273   91
65275   91
65279   91
65290   71
65306   91
65321   71
65352   91
65353   91
65356   91
65365   71
65367   91
65375   71
65378   91
65383   71
65401   71
65407   71
65409   91
65417   91
65431   91
65442   71
65459   91
65468   91
65472   91
65480   91
65482   91
65511   71
65515   91
65517   71
65521   71
65534   71
65537   71
65546   91
65554   71
65579   71
65592   91
65594   71
65599   91
65602   91
65614   71
65635   91
65651   71
65653   71
65654   91
65665   91
65667   91
65674   91
65675   71
65680   91
65694   71
65699   91
65710   91
65718   71
65724   91
65725   91
65727   71
65734   71
65740   71
65745   91
65753   91
65757   71
65768   71
65775   71
65776   91
65779   91
65782   91
65795   71
65801   71
65810   91
65813   71
65830   91
65833   71
65836   91
65837   91
65851   91
65863   71
65868   71
65869   91
65874   71
65889   71
65891   91
65898   71
65899   91
65909   91
65913   91
65928   91
65933   91
65934   91
65936   91
65946   91
65960   71
65969   91
65974   91
65977   91
65978   91
65979   91
65992   71
66006   71
66012   91
66014   91
66018   71
66050   71
66062   91
66063   91
66086   91
66093   71
66096   91
66100   71
66106   91
66107   91
66109   71
66112   71
66125   91
66132   71
66137   71
66147   91
66150   91
66153   91
66157   91
66167   71
66200   71
66201   91
66202   91
66212   91
66213   91
66217   91
66229   71
66234   91
66245   91
66260   91
66269   71
66277   91
66280   91
66291   71
66297   91
66302   91
66341   91
66345   91
66349   91
66353   71
66371   91
66378   71
66380   91
66385   71
66394   71
66408   71
66410   91
66431   71
66446   91
66453   91
66455   71
66459   71
66466   71
66472   71
66473   71
66478   71
66482   71
66501   71
66506   91
66517   91
66544   71
66549   91
66554   91
66556   71
66559   91
66560   91
66583   71
66593   91
66597   91
66609   91
66664   91
66667   71
66678   91
66685   91
66697   91
66712   91
66720   91
66730   91
66733   71
66737   71
66739   71
66740   71
66761   91
66764   91
66773   71
66775   91
66777   91
66788   91
66808   71
66821   91
66828   91
66832   91
66834   71
66839   71
66850   71
66851   91
66853   71
66861   91
66867   71
66870   71
66871   91
66921   91
66927   91
66941   71
66946   91
66948   71
66951   71
66952   71
66956   71
66957   71
66966   91
66969   71
66971   91
66990   71
66999   71
67009   91
67011   91
67019   91
67020   91
67023   91
67042   91
67068   71
67081   91
67102   71
67109   71
67112   91
67115   91
67129   91
67132   91
67135   91
67138   91
67143   91
67146   91
67149   91
67150   91
67156   91
67166   91
67170   71
67173   91
67179   91
67222   71
67226   91
67228   71
67233   91
67247   71
67259   71
67261   71
67269   71
67277   91
67282   71
67293   91
67294   91
67300   91
67307   71
67311   91
67313   91
67319   91
67324   91
67327   71
67334   91
67355   71
67364   91
67382   91
67386   71
67389   71
67399   91
67428   91
67446   91
67452   71
67456   91
67466   91
67468   91
67476   91
67493   71
67496   91
67501   91
67508   71
67525   91
67536   91
67550   91
67562   91
67564   71
67567   91
67572   91
67577   91
67594   71
67598   91
67638   71
67641   91
67648   71
67649   91
67654   91
67660   71
67663   71
67664   91
67669   91
67680   91
67685   91
67688   71
67689   91
67692   91
67696   91
67699   71
67712   91
67715   91
67716   91
67719   71
67721   91
67726   91
67729   91
67739   91
67748   71
67751   91
67752   91
67758   91
67781   71
67794   91
67797   91
67810   71
67828   91
67830   91
67833   71
67834   71
67837   91
67845   91
67857   91
67863   91
67872   71
67881   91
67917   71
67932   91
67936   91
67959   91
67969   71
67978   91
67981   91
68000   91
68020   71
68021   91
68032   91
68033   71
68034   91
68042   91
68049   91
68060   91
68063   91
68066   91
68068   91
68129   91
68153   91
68187   91
68190   91
68211   91
68214   91
68237   71
68241   91
68245   91
68255   71
68265   91
68266   91
68271   91
68276   91
68279   92
68280   71
68281   91
68289   71
68299   71
68306   92
68337   91
68345   92
68346   91
68362   91
68366   91
68378   92
68380   71
68384   91
68387   91
68397   92
68438   91
68456   92
68464   91
68466   91
68477   91
68478   91
68479   91
68492   91
68526   91
68543   91
68547   92
68549   91
68557   91
68559   92
68561   91
68565   91
68577   91
68578   91
68579   91
68591   91
68601   91
68609   91
68619   91
68621   92
68632   91
68664   91
68665   91
68675   92
68685   92
68687   91
68717   92
68723   91
68742   91
68744   91
68751   92
68753   91
68756   91
68757   92
68759   92
68766   91
68778   91
68784   92
68787   91
68791   91
68800   91
68802   91
68809   91
68816   92
68828   91
68839   91
68843   91
68863   91
68880   91
68911   91
68913   91
68914   91
68930   92
68937   92
68947   92
68950   91
68952   91
68956   91
68959   91
68964   91
68970   91
68979   92
69008   91
69026   91
69030   91
69039   91
69041   91
69043   91
69049   91
69061   91
69073   92
69076   91
69079   91
69089   92
69094   91
69103   91
69109   91
69120   91
69123   92
69141   91
69148   91
69149   91
69157   91
69170   92
69172   92
69193   91
69209   91
69216   92
69220   92
69224   91
69227   91
69242   92
69247   91
69250   91
69251   92
69256   92
69274   92
69277   92
69296   91
69302   92
69326   92
69330   91
69331   91
69336   91
69342   91
69343   91
69345   92
69351   92
69365   91
69368   91
69379   91
69387   91
69389   91
69390   91
69397   91
69401   91
69424   91
69440   91
69460   92
69463   92
69468   91
69472   92
69476   91
69484   92
69489   91
69491   91
69494   92
69509   92
69514   91
69526   91
69531   92
69564   92
69586   92
69601   91
69638   92
69640   92
69645   92
69647   92
69651   91
69653   92
69661   91
69664   92
69666   91
69670   91
69680   91
69686   91
69688   91
69706   92
69710   91
69713   91
69720   91
69725   91
69729   91
69732   92
69740   91
69743   91
69745   92
69750   91
69761   91
69782   92
69785   91
69791   91
69797   92
69806   91
69810   91
69822   91
69827   92
69830   91
69837   92
69841   91
69849   91
69854   92
69861   91
69862   91
69880   91
69883   91
69886   91
69896   91
69899   91
69901   91
69908   92
69941   91
69942   92
69943   91
69959   91
69964   92
69966   91
69970   91
69973   91
69981   92
69988   92
69996   92
70006   91
70010   91
70011   91
70014   92
70016   92
70018   91
70025   92
70037   91
70044   92
70072   91
70082   91
70090   92
70101   91
70109   91
70130   91
70138   91
70146   91
70170   91
70171   91
70172   91
70183   91
70188   91
70189   91
70197   91
70210   91
70225   91
70226   92
70228   91
70230   91
70236   92
70251   92
70269   91
70288   91
70312   92
70317   91
70356   91
70362   92
70367   92
70378   92
70382   92
70390   92
70400   91
70409   92
70410   92
70414   91
70435   92
70440   92
70454   91
70457   92
70460   92
70462   91
70474   91
70477   91
70490   91
70500   92
70526   91
70531   91
70538   91
70541   91
70542   92
70545   91
70552   91
70556   92
70562   91
70563   91
70566   91
70582   91
70594   92
70610   91
70621   92
70637   91
70641   91
70649   91
70656   91
70668   91
70670   92
70686   92
70694   91
70710   92
70712   91
70714   92
70726   91
70735   92
70736   92
70740   91
70741   91
70745   92
70758   92
70762   91
70769   92
70770   91
70777   92
70788   92
70789   91
70791   91
70815   91
70821   91
70825   92
70833   92
70863   92
70875   92
70877   92
70879   92
70885   92
70889   91
70891   92
70903   92
70910   91
70915   91
70960   91
70976   91
70991   91
70996   92
71001   91
71006   92
71007   92
71035   91
71041   92
71051   92
71077   91
71080   91
71081   91
71085   92
71092   92
71094   92
71111   91
71112   92
71118   92
71138   92
71139   92
71152   92
71153   91
71155   91
71158   92
71166   92
71169   91
71176   92
71204   91
71216   92
71230   91
71240   92
71242   91
71305   91
71308   91
71310   91
71318   91
71332   91
71351   91
71353   91
71357   92
71358   92
71360   91
71367   92
71412   92
71414   91
71417   92
71428   91
71446   92
71467   91
71480   91
71500   92
71506   92
71521   91
71531   91
71535   91
71553   92
71581   91
71595   92
71597   92
71617   92
71622   92
71624   91
71647   92
71658   91
71662   92
71679   91
71684   92
71718   91
71731   92
71749   92
71750   92
71753   91
71773   92
71782   92
71789   92
71801   91
71803   92
71810   91
71820   92
71843   92
71852   92
71873   91
71875   91
71887   91
71916   91
71918   91
71936   91
71941   92
71943   91
71952   91
71970   91
71973   91
71976   92
71982   92
71983   92
71984   91
71988   92
71989   92
72004   91
72012   92
72032   92
72060   91
72069   92
72073   91
72077   92
72118   92
72141   92
72149   92
72178   91
72197   91
72205   91
72223   91
72226   92
72242   91
72258   92
72284   91
72301   91
72326   91
72328   92
72331   91
72334   91
72344   91
72351   91
72357   91
72362   91
72382   92
72395   92
72409   92
72416   92
72433   92
72464   91
72472   91
72479   92
72482   91
72505   91
72512   91
72513   91
72531   92
72536   91
72537   91
72552   92
72553   92
72562   91
72564   92
72567   91
72570   92
72587   91
72599   91
72603   92
72611   92
72632   91
72634   92
72635   92
72648   92
72652   92
72660   92
72667   92
72690   92
72696   92
72717   92
72720   91
72733   92
72739   92
72742   92
72747   92
72756   92
72767   92
72774   92
72775   92
72785   92
72792   92
72800   92
72804   92
72811   91
72812   92
72830   92
72831   92
72843   91
72851   92
72852   92
72876   92
72877   91
72884   92
72907   91
72928   91
72935   91
72976   91
72984   92
73005   92
73047   91
73067   92
73076   92
73080   91
73084   91
73092   91
73149   91
73164   92
73185   91
73217   91
73230   92
73247   91
73252   91
73291   92
73318   92
73350   92
73375   91
73376   91
73387   92
73391   92
73401   92
73412   92
73459   92
73487   91
73509   92
73582   92
73591   92
73630   92
73651   92
73662   92
73680   92
73695   92
73702   92
73711   91
73712   92
73731   92
73737   91
73773   92
73781   92
73787   91
73829   91
73838   92
73854   92
73882   92
73916   91
73919   92
73938   92
73940   92
73982   92
73993   91
74020   91
74039   92
74050   92
74061   91
74099   91
74110   92
74117   92
74138   91
74159   92
74173   92
74195   92
74231   92
74241   92
74295   92
74304   92
74313   92
74364   92
74385   92
74417   92
74425   92
74427   92
74430   92
74436   91
74448   91
74449   91
74486   92
74508   92
74616   92
74617   92
74623   92
74665   92
74668   92
74675   92
74683   92
74684   92
74714   92
74729   92
74745   92
74774   92
74786   92
74799   92
74822   92
74826   92
74847   91
74866   92
74889   92
74897   92
74940   92
74942   92
74959   92
74993   92
75007   92
75010   92
75047   91
75051   92
75060   92
75079   92
75089   92
75098   92
75180   92
75190   92
75210   92
75253   92
75256   92
75276   92
75283   92
75305   92
75319   92
75364   92
75376   92
75396   92
75407   92
75417   92
75439   92
75486   92
75496   92
75511   92
75517   92
75519   92
75536   92
75548   92
75569   92
75609   92
75668   92
75677   92
75683   92
75693   92
75736   92
75810   92
75818   92
75841   92
75859   92
75861   92
75929   92
75965   92
75977   92
76053   92
76089   92
76116   92
76131   92
76208   92
76239   92
76356   92
76391   92
76403   92
76404   92
76406   92
76549   92
76580   92
76798   92
76869   92
76974   92
77013   92
77041   92
77072   92
77107   92
77117   92
77144   92
77150   92
77159   92
77233   92
77548   92
77826   92
45329   45407   0.00    17.72
45407   45475   6.56    14.81
45468   45483   6.33    91.52
45475   45468   7.25    37.21
45483   45686   11.25   92.94
45681   45468   6.56    81.93
45686   45696   2.50    4.90
45696   46232   11.50   134.42
45696   46015   12.44   124.16
45769   45475   8.67    65.91
45769   46064   11.14   116.24
45835   45686   8.67    50.56
45835   45681   6.19    81.29
45940   46025   14.33   18.98
45994   45835   5.00    48.21
45994   45701   10.69   139.97
46015   46316   12.90   123.07
46025   46185   0.00    34.43
46064   46277   3.00    114.18
46066   45831   0.00    131.40
46066   46069   20.00   95.74
46069   46071   10.00   95.74
46071   46220   0.00    31.69
46146   45911   11.08   102.13
46146   45994   10.00   46.63
46185   46582   3.17    80.58
46220   46185   2.00    31.53
46220   46253   3.00    12.74
46253   46256   3.00    92.98
46256   46258   16.67   92.98
46258   46066   7.40    40.28
46277   46510   8.42    114.59
46285   45769   6.00    120.46
46313   46146   5.33    49.46
46313   46264   50.00   28.96
46316   46442   5.82    51.77
46317   46316   7.25    115.01
46345   45835   7.82    126.15
46412   46589   0.00    133.33
46442   46569   8.67    49.05
46442   46452   0.00    4.86
46448   45994   11.29   110.54
46452   46604   8.86    56.63
46489   46258   20.00   49.67
46490   46489   8.52    102.29
46528   46296   11.17   59.87
46528   46510   9.88    7.01
46539   46146   9.40    93.66
46556   46582   5.17    51.85
46569   46966   10.29   114.61
46582   47078   6.33    97.65
46604   46727   11.00   51.75
46604   46290   3.00    121.86
46607   46528   11.00   33.34
46607   46412   0.00    133.34
46644   46313   7.15    80.26
46647   46718   0.00    71.12
46647   46569   6.58    70.74
46720   46490   10.43   105.26
46725   46862   0.00    23.95
46725   46607   7.21    55.01
46727   46443   8.27    106.50
46727   46891   2.60    54.22
46729   46647   11.00   31.24
46807   46452   11.20   70.19
46808   46820   5.33    75.35
46820   46489   10.59   63.65
46820   46831   10.29   80.87
46831   46839   13.25   80.87
46839   46725   12.38   40.62
46851   46285   8.80    120.46
46862   46839   0.00    37.26
46889   47547   7.68    139.74
46891   46932   9.00    82.98
46891   46570   7.56    109.07
46932   46700   10.25   78.20
46966   47359   6.14    113.98
46983   47359   10.79   142.74
47058   47802   10.30   146.04
47058   47054   8.33    26.96
47062   47058   10.50   15.09
47062   46556   7.00    96.42
47070   46720   10.00   106.05
47070   46808   10.60   78.77
47078   47838   12.80   149.66
47078   47062   13.06   41.52
47080   46851   11.00   89.11
47107   46604   3.50    99.07
47116   47421   20.00   82.02
47119   46510   10.76   124.86
47119   46862   10.94   87.04
47125   47579   12.00   93.04
47147   47070   12.00   67.12
47154   47548   8.41    145.15
47155   47147   11.50   79.07
47163   47155   13.25   79.07
47245   47292   10.00   20.02
47279   47699   8.62    88.24
47279   47125   11.50   48.80
47292   47448   10.56   59.97
47292   47777   5.64    107.24
47320   47080   11.20   89.11
47320   46932   3.00    84.23
47359   47548   6.50    49.20
47365   46727   10.86   117.79
47374   46891   7.43    92.99
47379   47717   8.64    135.38
47406   47494   15.00   18.72
47406   46851   7.11    120.39
47421   47139   20.00   53.47
47421   47470   1.00    29.37
47433   47493   3.00    26.48
47433   47119   10.67   64.06
47448   48087   10.33   142.74
47448   47625   11.50   62.60
47470   47350   35.00   24.59
47481   47863   3.00    86.52
47481   47320   6.43    61.82
47484   47279   5.50    45.11
47493   47163   6.73    142.58
47494   47735   9.38    54.19
47494   47484   6.50    31.48
47505   47808   12.00   99.40
47505   47163   0.00    61.23
47547   48174   9.54    139.74
47548   47717   5.12    45.72
47561   47504   0.00    17.55
47568   47508   10.00   89.51
47579   48250   9.00    148.18
47581   47147   10.50   115.01
47581   47505   5.33    76.51
47585   46973   6.40    127.21
47602   47561   0.00    11.61
47602   47508   8.58    112.87
47611   47481   14.60   48.75
47625   47320   5.50    62.30
47647   47493   12.67   30.05
47647   47433   11.20   41.64
47699   48307   10.13   134.53
47699   47579   11.00   48.32
47717   48030   5.83    91.24
47735   47752   6.50    5.17
47735   47484   15.00   51.19
47752   47406   0.00    77.72
47753   47508   12.00   79.13
47777   48290   8.86    107.24
47802   48517   6.53    145.28
47808   48543   11.15   146.73
47838   48553   5.59    148.30
47863   48284   19.00   86.61
47864   47769   8.75    55.88
47892   48362   6.50    127.58
47892   48062   3.00    62.63
47909   47602   9.97    107.41
47958   47581   0.00    80.02
47962   47568   3.00    93.59
47976   47611   9.15    94.96
48025   47753   12.75   79.13
48025   47962   0.00    15.55
48030   48062   5.50    10.40
48030   48066   7.80    48.36
48062   48572   3.00    143.60
48064   47470   1.00    121.86
48066   48510   10.00   116.97
48066   47962   6.14    62.21
48074   47892   5.40    139.38
48087   48570   17.14   106.70
48104   47864   0.00    53.49
48122   47864   9.83    65.53
48122   48200   2.00    32.25
48132   48014   11.50   56.91
48153   47585   3.00    127.19
48153   48174   12.05   63.03
48174   47647   9.97    119.39
48185   48464   9.40    93.65
48200   48064   5.33    25.79
48201   47808   11.50   128.84
48204   47887   8.44    98.81
48250   48153   3.00    49.97
48256   48087   0.00    63.47
48256   47625   8.86    140.74
48264   48025   10.50   56.85
48264   47909   8.33    107.33
48278   47752   10.60   109.89
48281   48278   0.00    32.86
48284   48503   4.75    53.67
48284   47976   20.00   92.79
48290   48281   5.67    33.85
48307   48471   8.38    104.14
48338   48025   10.00   91.33
48362   48725   6.22    110.06
48372   47958   3.00    80.26
48394   48844   4.40    97.82
48437   48278   7.85    38.99
48437   48307   11.00   58.36
48458   48256   0.00    48.04
48464   48733   7.56    93.63
48471   48638   6.80    111.46
48500   48204   6.63    98.81
48500   48264   6.40    61.95
48503   48256   11.50   69.36
48510   48338   0.00    90.17
48510   48714   3.00    48.54
48517   48522   23.80   8.90
48543   48201   11.08   128.81
48553   48517   10.33   47.44
48553   48747   10.86   57.02
48562   48522   3.00    42.77
48562   48762   1.00    41.92
48570   48290   11.50   70.87
48572   48976   11.50   117.12
48572   48362   6.40    61.57
48579   48619   0.00    24.04
48580   48074   5.75    142.62
48580   48503   7.86    35.40
48592   48458   3.00    30.65
48592   48616   0.00    20.68
48597   48185   3.00    85.39
48597   48620   0.00    15.58
48604   48264   9.00    108.26
48610   48437   16.33   40.99
48616   48458   20.00   33.34
48619   48674   15.00   40.35
48620   48908   7.20    113.33
48622   48562   10.00   49.46
48638   49186   8.00    114.44
48674   48597   3.00    21.23
48675   48946   11.83   106.43
48679   48200   16.00   103.72
48711   48674   10.00   16.00
48711   48620   8.33    23.12
48714   48984   3.00    60.65
48721   48679   3.00    47.63
48725   48948   4.75    55.68
48725   48580   9.20    61.11
48727   48281   7.50    94.07
48733   49071   10.33   103.35
48733   48500   2.33    60.15
48747   49211   11.25   84.89
48747   48721   9.71    43.64
48831   48500   4.00    108.22
48844   48904   11.50   47.70
48844   49059   1.00    44.36
48892   49296   3.00    80.28
48904   49004   10.50   75.46
48904   48394   2.00    136.44
48905   48892   3.00    18.00
48908   48995   0.00    22.19
48908   48972   8.67    22.53
48910   48675   10.00   49.82
48920   48616   8.60    105.22
48946   48610   8.90    71.75
48948   48920   8.11    20.24
48969   49246   1.00    78.50
48969   48570   6.67    76.11
48972   48733   7.00    52.65
48972   49005   10.00   19.20
48975   48905   14.33   49.08
48976   48948   7.75    72.35
48976   49364   11.50   120.75
48984   48604   10.14   108.25
48984   49179   4.67    47.56
48995   48711   11.47   110.59
48997   48610   14.33   75.71
49004   49031   0.00    23.53
49004   48558   20.00   93.39
49005   49261   13.50   85.08
49031   49294   3.00    45.50
49041   48972   8.00    20.55
49041   48995   6.40    21.80
49048   48714   2.00    94.96
49059   49174   0.00    75.15
49059   49311   11.50   43.14
49071   49458   5.00    111.49
49092   49005   0.00    23.70
49092   49041   10.00   22.49
49123   48674   10.88   98.53
49131   49041   7.22    20.66
49141   48910   14.33   48.63
49169   48920   10.75   80.85
49171   48946   10.50   47.85
49171   48910   11.13   109.59
49174   49294   3.00    75.15
49177   49509   0.00    117.60
49179   48831   4.86    108.22
49179   49458   5.40    62.21
49211   49670   10.80   84.89
49222   48679   10.00   97.86
49239   48721   2.50    93.95
49246   48727   8.70    94.04
49247   48969   8.33    51.26
49247   48592   9.57    137.13
49261   49071   0.00    38.71
49261   49849   8.00    129.75
49290   49141   3.00    26.68
49290   49177   20.00   113.13
49294   49503   3.00    41.70
49296   49670   0.00    80.14
49302   48984   10.25   88.30
49311   49503   11.20   149.84
49311   49540   11.50   43.51
49316   49131   6.50    125.97
49344   49092   20.00   79.94
49350   49519   0.00    35.58
49364   49429   2.00    16.44
49364   49637   12.71   86.54
49384   49445   0.00    48.91
49384   48905   8.00    89.56
49409   48997   10.90   75.81
49414   49048   8.67    94.98
49414   49601   7.00    58.82
49419   49141   8.67    107.74
49419   49171   11.11   50.04
49424   49414   3.00    10.57
49429   49424   3.00    86.73
49429   49691   10.00   75.19
49433   49247   12.00   52.05
49433   49169   9.93    80.85
49436   49583   10.00   58.42
49436   49246   13.22   37.70
49445   48975   12.23   89.38
49458   50089   7.62    139.67
49458   49744   9.00    88.89
49484   49179   6.50    87.98
49485   49123   9.43    96.39
49485   49316   37.67   125.99
49503   49721   4.90    42.87
49509   49764   0.00    48.18
49519   49714   0.00    43.45
49535   49698   4.00    81.16
49540   49721   10.25   149.26
49540   49779   0.00    45.06
49569   49535   8.63    136.69
49569   49131   9.40    100.36
49570   49509   0.00    129.32
49601   49302   8.54    88.33
49637   49433   10.88   67.98
49637   49773   12.29   95.37
49642   49939   8.67    62.32
49642   49485   7.25    107.39
49670   49738   10.00   48.31
49691   49942   11.00   75.25
49698   49344   3.00    82.65
49713   49569   6.63    105.68
49714   50166   0.00    97.55
49714   49955   0.00    66.51
49718   49419   9.16    62.81
49718   49570   0.00    130.23
49721   49933   0.00    43.87
49738   49739   0.00    40.31
49738   49239   10.00   93.95
49739   49222   20.00   97.73
49744   50006   3.93    88.94
49764   50284   0.00    134.60
49766   49601   9.36    36.77
49766   49484   11.00   87.97
49771   50012   0.00    62.21
49771   49977   0.00    84.27
49773   49436   7.00    96.26
49779   49933   9.30    143.79
49779   49985   8.00    43.21
49795   49642   3.00    114.43
49796   49519   0.00    67.01
49796   49771   0.00    58.93
49810   49535   3.00    57.29
49810   49900   7.00    86.27
49822   49810   0.00    4.62
49832   49384   3.00    86.52
49832   49894   0.00    49.20
49840   49713   6.50    86.29
49849   50394   8.14    130.21
49850   49633   13.43   44.80
49850   49878   0.00    23.93
49864   49424   7.08    127.02
49865   49445   10.25   81.29
49865   49885   10.00   22.29
49878   50196   14.33   85.82
49894   49865   0.00    6.02
49898   49764   14.33   124.01
49900   50003   7.80    86.35
49931   49795   3.00    114.45
49933   50137   5.63    43.53
49939   50222   7.80    138.26
49939   49840   12.50   86.30
49985   50137   5.33    133.98
49985   50199   4.25    43.74
49986   49718   14.11   59.92
49986   49898   0.00    123.59
50003   49569   8.17    102.74
50006   50257   9.86    87.33
50006   49766   9.45    61.68
50007   49850   2.33    73.68
50008   49601   12.41   123.66
50015   49796   0.00    57.96
50076   49822   11.09   139.49
50076   49698   7.14    83.87
50089   50520   6.50    134.95
50095   49939   10.00   116.14
50129   49822   8.86    69.20
50129   50424   10.30   132.20
50137   50297   3.00    35.21
50164   50360   7.25    40.57
50166   50669   0.00    98.46
50196   50478   11.00   84.26
50199   50430   8.93    46.63
50199   50350   11.11   121.49
50214   50095   3.00    115.82
50214   49931   7.33    58.23
50222   49713   15.00   111.13
50243   50164   10.50   86.30
50243   49832   11.50   89.78
50256   49864   8.07    127.11
50256   49942   6.50    87.42
50257   50562   10.60   87.62
50283   50214   9.35    125.96
50284   50575   0.00    73.76
50293   50284   0.00    74.68
50296   50243   12.89   49.01
50296   49894   8.12    89.77
50297   50423   8.07    96.32
50299   50129   4.40    74.19
50341   50293   0.00    75.25
50350   50297   8.20    8.19
50359   50546   5.33    39.20
50359   50393   6.90    37.68
50360   50414   6.50    43.77
50360   50498   4.75    24.09
50373   50359   7.25    84.71
50386   50003   13.20   84.90
50393   50533   4.75    116.19
50394   50516   13.00   123.14
50403   50008   9.33    123.70
50414   50494   1.00    43.14
50423   50498   6.33    47.54
50423   50633   10.00   40.27
50424   51080   8.86    138.19
50430   50575   10.18   24.60
50458   50546   0.00    19.11
50458   50393   0.00    12.08
50460   51016   0.00    118.76
50460   50076   7.67    87.75
50473   50299   5.83    101.73
50477   50340   0.00    58.58
50478   50477   0.00    13.20
50494   50549   9.83    46.65
50494   50987   13.25   101.81
50498   50682   5.33    40.03
50500   50283   15.11   47.20
50516   50520   6.50    25.87
50520   50532   8.50    34.07
50532   50562   6.75    83.79
50532   50617   0.00    21.78
50533   50214   14.60   61.95
50533   50647   11.71   129.40
50546   50557   0.00    2.25
50549   50296   5.80    45.29
50557   50713   15.75   33.90
50559   50594   10.83   96.02
50562   50854   5.00    100.89
50574   50430   10.04   109.04
50574   50350   8.93    41.63
50575   50660   3.00    19.53
50594   50256   11.40   93.73
50594   50651   2.33    17.25
50598   50801   8.11    102.58
50611   50460   17.87   144.02
50611   50516   40.00   22.25
50617   50611   11.50   57.32
50618   50574   11.13   47.33
50618   50855   3.00    46.35
50619   50822   6.80    39.61
50619   50559   10.90   95.59
50622   50222   9.18    84.60
50622   50373   8.13    86.64
50633   50714   6.50    17.25
50647   50500   0.00    45.66
50647   50679   8.08    19.91
50651   50731   10.07   96.50
50651   50838   10.00   43.95
50660   50939   9.83    53.69
50660   50735   6.50    58.43
50661   50633   10.00   14.35
50661   50714   0.00    13.46
50661   50618   10.00   38.55
50669   50619   13.22   52.19
50678   50669   15.50   12.31
50678   50881   12.20   103.01
50678   49986   9.46    139.73
50682   51052   6.40    73.06
50682   50737   0.00    42.80
50702   50617   3.75    98.46
50713   50598   8.17    101.97
50713   51113   7.73    115.26
50714   50988   20.00   54.98
50731   50822   4.43    96.50
50735   50980   9.80    49.65
50735   50794   12.38   43.21
50737   50414   6.50    63.19
50746   50341   0.00    80.15
50776   50478   3.00    124.97
50794   50855   6.50    42.48
50794   51036   8.67    48.84
50799   50386   10.17   84.98
50799   50801   10.00   35.35
50801   50622   3.00    41.49
50807   50500   5.60    94.18
50808   50293   0.00    98.57
50822   51311   9.27    100.48
50834   50533   6.50    61.25
50834   50458   6.31    145.58
50838   50403   11.67   123.75
50854   51277   10.22   104.01
50855   51097   11.50   50.60
50868   51014   11.50   78.42
50868   50477   4.67    88.09
50881   51086   3.00    49.95
50899   51206   9.86    70.58
50899   51026   8.36    94.72
50934   50834   6.25    97.60
50936   50987   3.00    43.85
50936   50737   3.00    39.17
50939   51148   8.54    42.34
50939   50980   11.50   42.71
50956   50473   8.10    107.59
50956   51080   5.23    81.54
50961   50932   5.86    105.29
50980   51036   10.50   43.32
50987   51049   7.00    45.55
50988   51052   10.00   48.41
50988   51153   3.00    33.90
50995   50678   10.27   61.86
50996   51224   0.00    50.10
50996   50881   11.24   127.72
51005   50828   20.00   34.52
51005   51065   0.00    58.43
51016   51610   0.00    119.66
51019   51269   2.82    129.99
51019   50934   6.11    97.54
51025   50702   4.67    101.02
51026   51025   7.48    94.83
51036   51228   13.25   43.01
51049   50549   6.71    102.52
51052   51298   11.50   52.24
51054   50995   9.48    74.70
51062   50838   8.95    85.64
51071   50956   5.33    142.27
51080   51142   7.80    77.08
51086   51054   10.70   57.47
51086   51156   3.00    16.44
51089   50996   9.21    95.38
51097   51571   10.50   91.15
51097   51153   3.00    48.20
51113   51430   7.86    112.79
51126   51415   11.79   89.65
51126   50838   10.21   71.21
51140   50936   3.00    42.85
51140   51193   3.00    44.48
51142   50961   20.00   78.43
51148   51377   7.52    44.89
51150   51234   10.00   64.74
51150   51049   11.50   21.61
51153   51485   6.73    62.05
51156   51224   7.85    81.92
51156   51484   4.75    59.41
51172   50899   7.82    107.35
51185   51330   7.83    52.26
51185   51062   14.71   84.19
51193   51252   14.33   44.90
51206   51339   8.27    103.91
51206   51562   4.00    65.22
51224   51317   8.67    89.63
51228   51481   11.50   43.05
51228   51148   11.20   81.21
51234   50868   8.63    78.21
51234   51315   10.00   43.62
51252   51150   8.67    22.69
51269   51580   5.31    112.10
51277   51126   7.25    39.61
51277   51675   10.29   82.06
51291   51742   5.43    89.09
51291   51431   8.67    61.19
51298   51542   8.43    43.03
51298   51364   4.75    42.65
51301   51316   9.44    31.51
51311   51301   13.00   24.48
51315   51410   20.00   46.57
51316   51397   11.41   73.44
51316   50995   9.13    66.65
51317   51089   13.20   50.99
51330   51311   9.62    11.50
51332   51406   10.28   79.53
51332   50961   12.67   129.16
51333   51672   3.00    82.62
51333   51332   6.52    135.70
51335   51291   6.58    86.60
51335   51742   5.28    101.27
51339   51488   10.65   103.91
51364   51140   10.00   43.94
51364   51436   11.29   43.97
51371   50956   7.94    86.57
51371   51335   2.71    16.54
51376   51185   20.00   41.67
51376   51330   8.55    23.71
51377   51481   12.11   79.13
51377   51699   6.48    64.22
51397   51484   4.45    71.92
51397   51054   8.61    67.33
51398   51025   7.29    79.52
51398   51277   10.00   23.97
51406   51546   7.00    79.94
51408   51371   11.55   17.74
51410   51531   7.40    65.52
51410   51863   11.00   88.88
51413   51555   10.90   100.63
51415   51681   9.76    89.65
51428   51468   7.72    54.64
51430   51541   3.00    23.21
51431   51071   0.00    68.42
51436   51193   6.50    43.94
51456   51316   9.92    22.17
51456   51428   2.33    19.46
51457   51456   7.32    6.26
51457   51740   4.80    60.99
51468   51924   11.20   132.31
51468   51376   3.00    17.77
51481   51719   8.67    51.73
51481   51571   10.00   47.87
51484   51582   12.45   26.95
51484   51597   8.15    102.65
51485   51542   7.00    48.19
51485   51689   7.80    44.72
51488   51398   9.80    20.39
51497   51333   6.22    97.56
51497   51408   8.60    51.72
51530   51541   0.00    11.61
51530   51430   0.00    27.59
51531   51005   6.08    103.92
51535   51456   0.00    23.18
51535   51428   7.97    19.55
51541   51549   0.00    1.56
51542   51633   10.29   86.95
51546   51617   11.14   39.62
51549   51546   3.00    32.51
51549   51617   4.75    16.81
51555   51530   1.00    8.76
51562   52116   4.79    106.01
51562   51172   3.56    107.55
51569   51555   0.00    3.50
51571   51702   0.00    30.10
51580   52149   12.19   116.38
51582   51457   8.27    132.41
51597   51699   9.18    102.60
51610   52259   0.00    119.49
51617   51621   0.00    4.21
51621   51569   14.88   17.48
51621   51659   8.43    31.28
51631   51413   3.72    102.44
51631   51639   8.35    7.65
51633   51436   3.00    40.76
51639   51739   8.88    94.73
51641   51631   6.50    88.28
51659   51787   6.22    42.55
51659   51569   7.80    28.59
51664   51562   10.88   92.68
51669   51582   7.50    103.57
51671   51672   8.57    121.52
51672   52354   8.89    148.03
51675   51872   5.00    77.74
51681   51376   9.71    94.99
51688   51750   11.00   18.54
51689   52058   7.61    136.47
51699   51709   3.00    10.65
51702   51689   6.78    50.26
51703   51935   8.12    103.82
51703   51688   3.00    7.97
51709   51749   8.00    9.51
51709   51719   8.03    68.00
51712   51671   9.86    121.63
51719   51702   10.06   45.63
51739   51787   8.62    29.30
51740   51816   0.00    11.77
51742   52100   4.07    75.50
51749   51800   0.00    8.47
51749   51791   10.00   8.57
51750   52315   7.80    100.11
51750   51790   10.00   11.24
51771   51669   9.57    103.57
51783   51488   9.00    62.23
51783   51664   10.25   92.68
51784   51398   7.82    84.57
51787   51920   4.52    88.85
51787   52086   7.48    77.20
51790   51703   0.00    20.09
51791   51771   9.53    9.96
51799   51252   6.92    104.82
51800   51791   11.50   12.26
51800   52267   11.00   80.15
51807   52186   16.00   62.82
51807   51800   7.61    125.53
51812   51689   3.00    36.87
51812   51807   3.00    63.59
51816   51911   7.67    14.87
51826   51854   0.00    14.42
51850   52116   3.00    55.02
51850   51954   26.50   73.27
51854   51628   0.00    42.99
51854   51315   4.00    144.97
51871   51783   13.25   51.06
51871   51784   0.00    17.32
51872   51880   0.00    7.05
51872   51976   0.00    20.56
51880   51900   0.00    13.45
51900   51919   5.50    17.02
51902   51784   0.00    30.32
51902   51871   11.58   36.57
51906   51639   11.33   73.75
51911   52017   8.25    18.92
51919   51924   3.00    18.11
51919   51681   6.42    51.42
51920   51712   11.25   122.28
51920   52094   5.78    123.84
51924   52000   3.00    15.69
51924   51935   0.00    8.47
51935   52000   10.33   20.45
51954   52345   6.50    76.99
51967   51531   6.17    88.91
51976   51902   12.17   50.06
51985   51880   0.00    20.05
51985   51976   0.00    7.38
51989   52152   11.94   115.80
51994   52216   9.63    72.57
51994   51783   9.50    36.23
51998   51497   7.00    133.88
52000   52574   6.88    113.38
52000   52026   9.09    20.26
52017   52673   6.75    119.81
52017   52057   3.72    119.58
52023   51994   8.25    102.47
52026   51919   10.14   20.70
52026   51985   0.00    25.58
52051   51641   19.20   91.93
52051   52467   10.25   90.20
52051   52642   7.17    121.04
52057   52170   9.03    142.55
52058   52403   6.45    71.08
52058   51633   5.83    80.21
52086   51906   10.27   120.90
52086   52381   8.42    112.92
52094   51989   4.18    115.06
52100   51431   5.43    126.32
52116   52161   0.00    7.18
52134   51812   6.25    92.94
52149   52764   10.90   130.97
52152   52658   7.90    119.94
52161   52023   5.33    102.62
52161   52517   10.00   64.41
52170   52253   11.00   65.05
52183   52495   8.86    81.08
52189   51535   9.31    122.07
52201   51790   9.64    81.93
52201   52826   7.25    111.79
52216   52268   14.14   15.18
52225   52478   9.37    139.25
52228   51995   12.76   38.56
52234   52183   11.50   93.44
52253   51791   12.58   78.71
52253   52267   10.20   11.94
52267   53018   7.25    137.96
52267   52318   6.43    64.45
52268   52612   8.56    74.38
52268   52533   13.11   71.81
52298   52433   0.00    77.15
52298   52186   8.43    24.47
52301   52593   3.00    66.98
52301   52100   10.38   34.83
52310   52186   13.00   26.39
52314   52094   14.00   112.76
52315   52887   11.50   101.09
52318   52310   8.11    65.25
52322   51920   7.00    117.04
52345   52161   8.94    142.99
52354   53090   6.19    150.57
52376   52216   6.83    127.54
52381   51906   4.21    116.18
52397   52234   12.33   93.98
52397   52225   4.33    140.82
52403   52628   7.21    116.07
52403   51799   7.54    104.82
52433   52763   9.64    79.93
52436   52741   15.11   57.39
52436   52397   8.67    20.26
52457   52546   1.00    65.59
52463   52345   9.71    88.54
52464   52524   5.45    118.06
52464   51967   11.00   89.41
52467   52789   8.50    69.36
52467   52986   7.21    132.74
52478   52758   11.89   139.52
52495   52741   9.47    133.27
52496   52057   0.00    89.09
52496   52673   0.00    50.57
52509   52875   11.42   110.10
52509   52228   11.00   59.78
52517   52874   9.20    65.21
52517   52376   8.14    127.52
52519   52094   3.38    123.78
52524   51837   14.74   122.29
52524   52585   8.22    79.69
52533   52026   11.90   100.05
52533   52574   6.63    15.26
52546   52170   4.67    68.55
52552   52134   9.61    94.80
52561   52714   5.47    100.34
52574   53128   6.23    107.43
52593   52463   13.24   88.54
52593   52778   3.00    40.79
52600   52561   9.32    99.90
52612   52710   6.38    77.02
52612   53172   7.36    113.80
52625   52464   10.43   102.23
52625   52075   11.75   101.02
52627   52517   9.78    96.88
52628   52714   9.14    24.59
52628   52625   0.00    9.58
52631   52436   12.53   113.58
52642   52667   9.56    114.53
52658   53090   3.00    118.70
52660   52301   3.00    66.88
52660   51998   10.35   136.04
52664   52310   3.00    64.83
52664   53111   10.25   98.91
52667   52322   5.89    116.53
52673   53156   5.50    88.56
52677   52496   0.00    34.24
52692   52314   5.00    114.83
52692   53213   5.50    104.18
52696   52600   4.66    99.94
52698   52593   11.50   59.71
52698   52660   8.67    7.55
52710   52813   9.31    82.19
52710   53312   7.79    127.61
52714   52718   0.00    5.19
52714   52848   4.77    25.74
52718   52552   5.74    120.37
52741   52877   15.75   24.95
52752   52627   9.50    96.88
52752   52345   10.91   81.67
52758   52509   9.00    59.42
52758   53029   9.31    70.48
52763   52552   9.46    70.39
52763   53103   6.67    72.64
52764   53301   3.00    129.95
52770   52495   3.00    64.26
52770   53079   7.54    114.10
52778   52752   7.71    111.70
52788   52201   6.56    124.91
52789   53165   7.40    92.72
52819   53100   7.25    131.72
52826   53438   5.64    111.79
52835   52631   11.88   113.58
52848   53154   8.80    66.96
52852   52519   18.67   122.34
52874   52813   7.82    52.85
52875   53391   8.63    113.37
52877   53089   8.04    140.99
52877   53285   11.20   88.45
52879   53154   8.12    64.94
52879   53188   3.00    91.31
52884   52879   8.00    79.02
52884   52684   6.50    40.68
52887   53352   7.33    89.37
52887   52901   5.50    69.57
52896   52848   1.67    15.44
52896   52718   7.57    30.34
52901   52189   6.69    129.13
52919   52874   10.00   27.23
52926   52847   3.00    57.06
52926   52546   3.00    69.27
52947   52763   9.18    63.08
52947   52298   9.54    134.83
52951   53487   9.48    112.47
52951   52884   8.00    84.54
52956   52819   10.86   131.33
52986   53022   8.00    127.82
53000   52926   10.00   63.72
53000   52253   9.38    137.39
53000   53018   4.00    11.99
53003   52778   4.97    97.86
53003   52698   8.16    55.95
53007   52919   10.88   85.30
53017   52549   12.60   96.44
53018   53799   11.20   144.02
53022   52692   8.89    129.70
53029   53587   8.17    143.14
53032   52951   8.67    84.58
53035   52758   10.93   60.34
53035   52835   9.29    113.52
53042   53190   13.25   108.42
53052   53256   15.11   110.74
53055   52877   9.89    69.90
53055   53741   10.88   142.65
53079   53055   6.40    9.36
53089   53465   8.91    66.31
53089   53231   6.00    91.23
53090   53140   0.00    12.31
53098   52318   8.11    145.06
53098   53018   13.20   63.33
53100   53042   8.25    107.87
53103   53523   0.00    86.42
53103   53360   6.10    97.55
53111   53595   11.50   99.25
53128   53728   5.85    108.07
53140   53336   3.00    57.10
53140   53100   9.20    78.44
53154   53362   10.21   57.38
53156   53662   0.00    88.57
53165   53389   10.67   90.03
53172   53536   8.11    70.05
53175   52788   9.44    78.40
53176   52752   8.07    87.66
53176   53007   8.38    137.24
53179   53098   8.67    63.18
53179   52664   11.20   96.94
53183   53405   11.20   58.57
53183   53176   10.30   23.88
53188   53441   10.00   90.63
53190   53611   13.80   88.77
53213   52852   6.38    123.00
53216   53183   11.73   35.03
53231   53577   8.67    62.77
53231   53361   11.06   64.08
53256   53079   11.50   51.59
53261   52896   9.85    69.34
53261   53362   0.00    22.92
53275   52533   8.20    143.20
53280   52813   10.67   99.41
53285   53465   13.20   99.49
53285   53552   0.00    49.82
53295   52901   7.70    76.36
53301   53722   8.29    126.58
53312   53952   10.69   127.61
53316   53794   14.60   116.53
53316   53029   11.50   62.94
53318   53216   7.92    84.75
53318   53003   12.50   59.78
53318   53456   4.42    124.21
53336   53456   0.00    19.34
53336   53461   7.57    30.09
53343   53473   0.00    26.83
53352   53863   8.37    89.36
53359   52947   12.13   92.93
53360   53523   9.00    44.75
53361   53035   13.04   95.92
53362   53433   14.33   10.05
53378   53360   7.27    48.36
53378   53261   9.19    22.27
53381   53213   5.00    99.33
53383   53343   7.25    32.03
53383   53473   0.00    17.46
53389   53758   7.00    84.23
53389   53381   4.73    98.64
53391   53749   16.60   81.25
53405   53216   7.50    83.63
53405   53791   6.09    76.10
53433   53934   7.83    104.88
53433   53490   1.00    8.32
53438   54069   9.00    111.78
53440   53617   0.00    55.78
53440   53007   12.29   90.04
53441   52884   14.93   119.94
53453   53378   3.00    11.56
53455   53256   8.72    54.88
53455   53856   11.29   88.46
53456   53461   1.00    25.56
53461   53383   9.26    105.52
53465   53577   10.80   62.69
53465   54133   10.43   120.61
53473   53549   0.00    16.77
53487   54011   4.44    112.42
53490   53585   3.00    18.97
53490   53453   2.33    11.57
53496   52956   4.80    135.31
53496   53263   12.89   49.55
53524   53098   20.00   76.67
53530   53172   9.88    88.95
53536   53843   8.00    65.18
53536   54131   8.62    140.59
53549   53604   6.50    34.43
53552   53741   11.00   65.51
53552   54133   12.55   133.73
53569   53017   0.00    98.22
53569   53662   11.50   50.35
53577   53776   1.00    50.34
53577   53985   6.00    76.22
53585   53453   8.17    20.24
53587   53391   11.50   44.94
53587   53900   11.20   90.24
53594   53175   9.88    78.49
53594   52788   0.00    143.78
53595   53359   11.29   66.88
53604   53343   8.71    68.76
53604   53190   8.93    133.95
53609   53774   10.09   61.29
53609   52926   6.31    124.27
53611   53999   4.75    88.50
53616   53642   11.52   105.35
53616   53361   8.67    50.43
53617   52919   8.00    149.80
53620   54067   6.63    99.56
53629   54000   8.80    120.81
53629   53263   8.11    76.40
53642   53316   9.33    73.51
53649   53585   3.00    13.18
53662   53750   10.00   15.75
53673   53256   11.09   86.99
53690   53523   11.67   61.91
53690   53359   7.00    64.92
53706   53888   10.25   61.05
53722   54124   13.29   126.62
53728   54328   11.00   108.07
53741   53762   0.00    3.75
53748   53750   8.53    17.54
53748   53295   7.90    76.36
53749   53893   8.67    78.90
53750   54190   0.00    77.49
53756   53890   9.33    90.27
53756   53549   11.50   82.95
53758   53847   10.50   81.68
53762   54216   7.80    93.71
53774   53000   8.00    141.65
53774   53799   4.25    13.28
53786   53952   8.92    62.19
53786   53280   10.45   99.27
53791   53440   6.40    71.67
53791   53918   7.80    25.68
53794   54003   7.43    121.00
53799   53924   9.60    62.71
53818   53756   5.43    75.24
53825   53847   11.50   61.45
53842   53595   7.75    88.82
53843   54364   10.95   118.36
53843   54174   9.90    65.81
53847   54124   0.00    78.37
53856   54269   10.65   88.20
53861   53441   8.17    90.07
53863   53748   7.85    77.40
53885   53179   10.56   138.95
53888   53629   11.00   60.46
53888   54363   12.44   142.94
53890   53999   6.50    90.02
53893   54062   20.00   86.09
53893   54180   0.00    48.74
53900   54180   12.75   88.96
53906   53496   6.44    100.83
53918   54181   12.43   91.63
53918   54057   11.50   27.28
53924   53524   12.77   76.68
53924   54121   6.55    83.51
53934   54456   9.87    105.03
53937   53971   6.60    69.00
53937   53616   11.43   61.55
53952   54174   9.50    61.99
53971   54003   12.15   57.30
53971   53642   9.80    71.27
53980   53690   9.00    99.51
53985   54417   11.50   75.96
53997   53649   6.09    123.69
53997   53690   9.33    63.91
53999   53906   15.00   78.75
54000   54383   5.40    120.54
54003   54028   7.46    43.97
54005   53530   4.63    91.55
54005   54070   11.50   68.32
54011   54545   8.25    112.41
54028   54073   3.00    69.62
54031   53649   12.64   71.79
54050   54624   8.80    101.33
54050   53786   7.73    63.17
54057   54116   10.00   27.16
54062   54443   11.20   89.05
54066   53762   0.00    61.03
54066   53673   9.38    87.03
54069   53863   6.25    76.42
54070   53275   11.52   143.84
54073   54795   18.83   141.11
54073   54097   6.50    59.78
54097   53794   8.13    83.10
54104   54069   3.00    10.13
54116   54202   8.60    47.16
54116   53617   10.12   102.49
54119   53818   7.20    146.79
54121   54283   10.13   75.15
54121   53842   10.50   88.93
54124   54388   20.00   76.75
54131   54005   16.67   25.05
54133   54490   9.00    66.29
54144   53818   0.00    59.94
54144   54154   5.50    78.48
54154   54274   0.00    78.79
54174   54576   8.42    97.31
54180   54483   15.14   146.96
54181   54372   9.00    89.29
54189   54144   11.25   114.47
54189   54119   10.00   18.94
54190   54787   2.33    109.15
54202   54050   8.72    34.04
54216   54663   9.20    93.54
54232   54104   9.00    58.64
54232   53594   8.42    113.89
54261   54792   10.27   113.64
54261   54067   10.13   60.15
54269   54066   11.00   51.21
54269   54421   8.67    33.85
54274   54452   2.50    88.67
54277   53888   7.29    78.54
54283   53980   7.44    99.48
54283   54451   11.40   79.43
54284   53937   12.62   61.40
54284   54322   9.50    89.17
54307   53861   6.67    90.06
54307   54067   8.55    109.56
54311   54031   7.21    90.37
54311   53997   11.00   63.11
54322   54362   8.00    89.17
54328   54657   9.11    80.95
54328   54232   13.38   91.67
54331   54174   3.00    32.94
54341   54565   4.00    111.71
54362   54028   11.25   62.00
54363   54844   7.82    143.72
54364   54131   11.00   59.01
54372   54119   0.00    61.27
54372   54739   6.43    106.36
54383   54452   3.00    26.52
54383   53906   3.00    100.28
54388   54398   0.00    3.95
54388   53825   10.60   115.50
54398   54634   7.50    76.53
54398   54700   0.00    63.96
54399   54417   6.14    58.84
54399   54284   11.50   20.53
54410   53748   7.57    116.64
54417   54490   13.25   51.18
54417   54833   7.33    84.25
54421   54686   9.96    63.97
54422   54341   6.00    44.43
54422   54097   12.50   66.54
54424   54066   9.80    77.84
54431   54190   10.83   135.69
54443   54700   7.22    88.79
54451   53997   10.00   149.83
54451   54603   11.68   78.34
54452   54715   0.00    51.54
54456   55008   8.66    113.56
54456   54261   10.17   66.43
54483   54443   0.00    13.59
54489   54104   0.00    89.77
54490   54663   6.14    62.75
54490   54915   11.17   81.86
54504   53952   9.93    105.72
54516   54070   8.17    97.37
54545   54307   4.63    112.88
54565   54675   0.00    44.30
54565   54878   0.00    57.25
54569   54189   10.60   107.05
54576   54364   9.63    59.80
54576   54841   8.80    63.39
54579   54399   2.00    38.25
54579   54602   9.82    88.37
54583   54735   9.29    74.56
54583   54057   9.83    137.54
54586   54067   9.25    107.05
54595   54123   9.33    106.60
54595   54421   11.00   71.44
54602   54649   4.75    88.38
54603   54311   9.88    103.67
54603   54824   8.69    107.90
54610   54451   7.09    59.15
54624   54863   10.00   66.98
54634   54894   9.42    85.62
54634   54277   7.40    78.43
54638   54456   9.96    63.03
54638   54031   11.54   124.45
54649   54362   9.57    56.14
54656   55007   8.41    99.50
54656   54610   0.00    8.80
54657   54917   6.08    79.84
54663   54671   3.00    2.26
54671   55110   9.83    87.95
54675   54483   0.00    56.31
54675   55046   50.00   138.47
54686   54820   10.88   54.32
54686   54883   12.71   47.66
54691   54331   9.89    84.77
54700   54756   3.00    16.77
54700   55046   3.00    58.76
54705   54431   6.33    136.17
54715   54844   0.00    27.20
54715   54944   0.00    53.39
54735   54863   6.11    72.95
54735   54202   9.10    141.93
54739   55181   9.27    107.27
54753   54424   8.44    77.84
54753   54671   0.00    28.78
54756   55089   0.00    56.81
54756   55082   14.33   106.54
54774   54274   9.68    98.69
54787   55071   0.00    46.58
54792   55552   10.69   142.19
54792   55008   3.00    64.71
54796   54595   12.67   78.73
54806   54774   7.80    23.12
54820   55014   16.60   60.55
54820   55420   10.25   110.50
54824   55076   7.93    107.85
54828   54422   0.00    82.86
54829   54341   5.50    102.20
54833   55197   9.67    81.97
54841   54516   9.88    95.16
54841   54917   12.08   17.49
54844   54944   5.33    20.17
54855   54806   0.00    16.58
54855   54774   0.00    17.88
54863   54918   12.38   28.96
54863   55244   12.45   97.32
54872   54579   13.12   69.44
54872   54900   8.85    75.94
54876   54969   8.44    121.34
54883   55253   7.44    63.88
54883   54753   15.75   49.88
54894   55184   14.00   85.58
54900   54939   9.44    75.95
54912   55187   0.00    96.44
54915   55398   6.00    81.86
54917   55393   7.68    122.75
54918   55038   13.29   48.68
54937   54583   10.38   99.03
54939   54962   8.67    42.64
54939   54649   8.80    56.16
54944   55586   2.33    126.42
54962   54991   13.84   49.60
54969   55347   10.53   80.20
54991   55023   10.86   49.70
55003   54331   11.37   122.15
55003   54691   8.50    97.19
55007   55562   11.07   140.79
55008   55406   6.55    76.35
55014   55598   8.75    111.19
55014   55157   10.75   57.11
55015   54569   8.25    107.83
55015   54806   12.29   62.25
55023   55044   8.67    49.75
55035   54307   7.20    149.35
55036   54787   8.82    111.26
55038   55156   12.60   64.64
55038   54504   10.14   105.00
55044   55059   10.33   50.03
55044   55716   7.43    111.26
55046   55089   9.60    19.84
55046   55467   5.83    68.82
55056   55197   7.80    67.53
55056   54872   10.55   41.67
55059   55452   14.50   107.44
55063   54944   4.67    102.78
55067   54410   6.64    116.64
55071   55267   0.00    33.40
55071   55067   3.00    20.02
55076   55282   10.29   107.49
55082   55599   8.00    109.38
55089   55505   12.11   95.52
55108   54586   9.00    107.05
55110   55611   10.56   88.58
55127   54735   9.67    101.77
55156   55336   9.15    77.11
55156   55003   5.33    37.96
55157   55783   8.00    112.22
55181   55015   11.28   66.12
55184   55063   8.83    103.18
55184   55497   6.88    84.01
55187   55393   0.00    96.18
55192   54855   10.00   65.68
55193   55467   5.50    96.03
55196   54804   7.80    79.62
55197   55398   14.33   87.51
55205   55709   5.40    87.82
55205   55181   6.50    7.65
55219   55247   9.15    100.15
55219   55056   11.72   34.51
55244   55486   9.67    53.08
55247   54939   6.15    51.03
55249   54985   0.00    87.31
55252   54753   11.20   90.73
55253   55639   5.90    63.63
55253   55420   8.27    52.56
55267   55457   0.00    73.44
55267   55449   0.00    27.93
55282   55406   9.87    79.50
55282   54638   9.67    130.17
55303   54705   6.95    140.23
55336   54841   8.76    128.50
55347   55724   7.67    80.20
55368   54876   7.83    122.36
55374   55205   9.63    58.24
55374   54937   9.82    99.81
55393   56042   8.00    126.13
55398   55611   9.54    44.02
55398   55485   11.50   12.78
55406   55552   8.59    91.68
55409   55067   6.64    55.75
55418   54918   7.86    92.19
55418   55244   7.50    60.68
55420   55598   10.85   61.18
55433   55452   6.75    72.70
55433   55059   14.33   60.13
55438   54969   10.33   106.87
55449   55792   0.00    57.38
55449   55692   0.00    39.50
55452   55680   20.00   40.42
55467   55501   20.00   21.90
55467   55672   3.00    45.17
55486   55833   9.18    129.41
55486   55750   7.88    66.70
55497   55837   9.50    85.34
55501   55089   3.00    66.72
55505   56065   6.48    95.44
55505   55599   4.67    64.82
55513   55192   3.00    51.54
55513   55709   14.33   74.12
55526   55586   10.00   32.72
55552   55687   7.68    95.34
55560   55038   9.38    96.71
55560   55418   3.00    50.69
55562   55683   7.53    74.07
55563   55249   20.00   87.56
55574   55750   5.08    62.97
55574   55127   9.24    102.24
55574   55374   6.60    72.03
55586   55661   3.00    25.62
55598   55783   9.86    58.82
55611   55786   11.38   49.59
55615   55219   8.95    69.40
55615   55647   10.84   72.98
55639   55965   9.07    59.74
55647   55247   10.67   62.61
55647   55657   8.67    32.03
55657   54962   12.20   112.17
55657   55682   8.67    50.65
55658   55406   3.00    41.01
55661   55802   6.00    58.38
55661   55196   11.50   80.59
55672   55680   10.00   73.01
55675   55692   0.00    15.31
55675   55409   9.96    43.13
55682   54991   5.43    111.58
55682   55701   3.00    49.89
55683   56031   7.36    105.20
55687   55108   9.33    107.17
55687   55808   9.50    91.46
55692   55792   0.00    26.59
55692   56186   15.64   101.35
55701   55023   8.67    111.74
55701   55716   11.50   49.68
55709   56140   11.50   83.58
55716   55738   11.50   49.19
55716   56233   10.22   88.71
55724   55409   0.00    57.38
55724   55675   7.00    19.76
55734   55007   6.30    125.07
55738   55433   11.50   51.00
55738   55762   7.00    51.55
55750   56130   11.92   142.61
55757   55156   8.93    109.73
55762   55818   0.00    14.69
55762   55680   20.00   49.04
55783   55942   15.50   60.92
55783   56092   8.36    61.46
55786   55252   10.25   90.73
55786   55965   9.83    54.58
55792   55975   0.00    32.56
55802   55513   10.00   53.31
55802   56363   3.10    116.62
55808   56026   10.00   147.43
55808   55035   8.30    149.35
55818   56233   7.58    117.98
55833   55560   6.40    53.53
55837   55526   11.00   140.62
55837   56277   6.50    76.28
55860   55639   7.60    80.80
55877   55438   13.00   106.86
55885   55336   9.42    108.26
55887   56237   6.67    102.50
55887   55368   4.40    123.05
55956   56279   7.67    78.21
55959   55734   8.67    80.01
55965   56379   11.33   71.57
55965   56159   9.80    69.15
55972   55923   9.40    21.15
55975   56222   0.00    56.09
56001   55574   10.44   77.61
56008   55972   3.00    24.22
56008   55658   1.00    61.99
56009   55682   9.00    57.37
56009   56128   9.00    52.85
56019   55599   1.00    103.61
56031   56596   5.40    109.98
56042   56631   3.53    126.54
56049   56143   0.00    33.74
56049   55887   8.50    83.72
56054   55526   7.80    97.71
56065   56216   8.36    69.10
56065   56582   8.13    99.47
56075   55724   3.60    66.72
56075   56064   0.00    32.57
56080   56008   3.00    48.02
56080   56675   11.18   118.76
56084   56075   0.00    2.71
56092   55860   13.25   80.80
56092   56339   24.14   48.43
56097   55959   13.25   99.57
56097   55303   17.50   144.07
56098   55647   11.36   91.53
56098   56009   0.00    32.69
56100   55501   12.11   102.76
56105   55818   11.50   60.99
56105   55849   8.13    84.25
56128   55701   6.40    74.50
56128   56266   14.90   51.91
56130   56147   9.18    8.44
56135   56084   0.00    10.89
56135   55675   8.07    92.75
56140   55374   9.60    140.38
56143   55887   5.25    53.54
56147   55833   13.27   62.06
56147   56321   11.71   61.06
56158   56080   9.25    67.32
56158   55552   7.56    107.56
56159   56386   9.53    82.55
56159   56928   12.13   141.14
56162   56001   8.46    63.46
56172   55562   10.62   109.68
56174   55661   9.83    97.99
56186   56431   7.00    60.55
56186   56135   0.00    13.78
56210   55563   0.00    144.68
56216   56833   9.29    116.75
56216   56626   9.50    124.45
56222   56186   0.00    25.62
56222   56431   5.50    76.67
56233   56266   0.00    5.47
56237   56541   7.21    102.50
56239   55975   7.43    125.34
56239   55663   9.36    107.36
56246   55959   7.80    50.28
56246   56312   5.50    49.23
56256   56135   5.80    26.90
56256   56084   0.00    32.37
56266   56495   9.20    76.63
56277   56532   7.64    73.92
56279   56541   10.00   78.21
56280   56092   8.00    65.76
56280   56499   12.29   93.78
56311   55615   10.31   137.41
56311   56098   10.12   63.42
56312   56710   0.00    80.93
56312   56378   8.67    53.35
56319   56158   11.46   105.71
56321   56462   8.86    56.90
56321   55757   9.16    109.73
56322   55802   7.25    97.92
56330   56162   9.41    58.71
56339   56280   3.00    82.51
56339   56386   3.00    9.89
56342   56105   6.81    68.14
56342   56913   8.78    134.21
56353   55734   6.40    109.41
56363   56927   11.00   117.81
56378   56097   4.75    49.71
56379   56892   9.68    100.46
56382   55683   9.27    125.26
56386   56779   8.43    78.89
56413   56319   8.17    74.74
56425   55885   8.74    108.43
56431   56603   0.00    49.63
56433   56413   0.00    4.20
56433   56744   8.25    78.36
56455   56425   0.00    7.68
56462   56489   0.00    8.96
56462   56455   14.33   10.86
56476   56594   6.78    58.63
56476   56330   11.50   63.67
56476   56130   0.00    78.44
56489   56631   11.09   32.24
56489   56455   3.00    8.88
56495   56716   8.00    64.16
56495   56098   11.73   97.22
56501   56019   5.11    105.42
56506   56105   9.41    92.61
56509   56413   12.91   89.91
56516   56342   9.00    56.63
56516   56266   11.50   62.18
56532   56542   3.00    8.03
56532   56054   3.00    97.71
56541   56829   6.10    87.72
56542   56870   11.50   86.78
56542   56648   8.89    51.43
56545   56319   9.83    92.49
56545   56158   7.07    76.08
56550   56256   5.61    82.12
56558   56049   0.00    122.57
56572   56730   8.42    78.62
56572   57214   8.17    121.37
56582   57087   9.25    98.83
56594   56804   15.11   78.66
56596   57013   9.00    87.76
56596   57171   9.20    110.19
56597   56143   8.67    101.81
56600   56001   11.22   124.82
56603   56855   0.00    59.51
56603   56550   11.50   14.05
56604   56140   6.47    94.46
56606   56433   8.43    58.52
56622   55972   8.64    125.65
56626   57080   6.73    93.99
56631   56854   3.00    49.73
56642   56100   14.40   102.89
56643   56246   8.67    80.87
56648   56783   8.00    59.71
56648   56174   11.20   97.99
56661   56239   6.75    125.85
56675   56852   5.40    104.07
56675   57259   6.82    112.35
56690   56699   0.00    92.34
56690   57140   0.00    83.85
56699   57023   0.00    96.68
56710   57134   0.00    80.92
56716   56796   7.50    18.72
56716   56311   10.04   104.84
56722   56495   10.15   62.90
56722   56516   10.22   67.16
56731   56795   50.00   123.00
56736   56172   8.14    109.64
56743   56162   11.00   123.44
56744   57088   9.50    78.36
56775   56596   8.67    105.82
56777   56378   7.53    81.46
56779   56572   9.67    73.89
56779   56925   11.00   25.15
56783   56322   5.90    97.92
56783   56927   6.68    60.80
56785   57368   11.29   136.92
56785   56606   8.17    57.32
56795   57425   0.00    124.25
56796   56952   3.00    39.14
56796   56813   0.00    21.43
56804   56489   7.17    73.46
56813   56716   8.67    19.01
56829   56550   6.75    65.20
56833   57435   9.36    116.83
56837   56301   0.00    108.59
56839   56955   1.00    84.20
56839   57018   0.00    32.66
56840   56860   11.57   6.83
56840   56804   8.00    12.84
56852   56785   0.00    41.58
56852   56545   7.00    58.49
56854   56900   6.50    8.34
56854   56860   0.00    6.61
56855   57062   1.86    63.37
56855   57268   17.00   83.33
56860   56900   0.00    6.32
56863   56210   6.50    145.92
56870   57152   11.25   86.19
56892   57373   8.18    99.79
56893   56330   8.67    121.61
56900   57262   5.46    86.95
56908   56353   9.18    109.47
56913   57213   5.44    66.07
56913   56516   11.09   98.97
56925   57377   12.48   88.68
56925   56928   0.00    62.98
56927   57079   10.69   71.56
56928   57567   10.27   120.85
56932   56379   11.38   109.59
56949   56606   10.47   77.95
56952   57356   8.53    108.72
56952   56722   8.09    65.51
56955   57128   20.00   34.71
56991   56642   15.50   106.80
56991   56506   8.67    94.46
57013   57298   15.14   79.96
57013   56382   8.83    125.23
57018   56955   20.00   50.82
57018   57183   0.00    35.31
57031   56661   7.91    96.16
57041   56476   1.00    118.95
57050   56813   9.92    52.42
57062   57095   20.00   12.55
57063   56597   15.88   101.86
57070   57134   2.00    56.98
57070   56643   7.14    80.88
57071   56501   5.33    107.70
57079   57188   14.54   60.45
57079   56604   11.15   94.48
57080   57071   0.00    10.33
57080   57130   3.00    13.22
57087   57257   10.92   126.53
57088   57720   16.29   140.36
57088   56905   20.00   60.40
57095   57283   4.17    62.90
57095   56595   12.29   130.12
57114   57122   0.00    84.16
57114   57050   14.92   16.77
57122   57140   0.00    84.17
57128   57299   0.00    34.98
57130   57152   11.50   6.73
57130   57071   4.67    12.33
57133   56558   0.00    123.81
57134   57191   20.00   54.24
57144   56626   6.00    97.75
57152   57163   7.80    50.99
57154   56594   9.83    117.92
57163   56946   12.00   127.18
57169   56927   8.33    78.12
57171   57827   11.50   110.50
57183   57358   0.00    34.82
57183   57128   0.00    51.02
57188   57322   6.87    61.37
57188   56600   5.90    124.73
57191   56777   4.82    81.38
57197   57724   8.27    94.21
57213   56722   11.95   133.06
57213   57302   5.33    17.15
57214   57377   11.20   68.42
57214   57724   8.33    85.61
57225   56804   8.35    97.06
57242   56829   7.64    84.85
57247   57493   7.60    81.06
57257   56991   6.00    85.10
57257   57677   7.43    74.48
57258   56541   5.75    136.32
57259   56622   7.23    125.52
57262   57679   2.50    86.90
57268   57764   6.00    83.80
57269   57088   15.75   59.69
57269   56949   11.29   77.95
57279   57114   9.43    38.99
57279   57890   10.62   141.42
57283   57900   12.46   131.99
57292   56661   7.67    123.91
57298   56736   11.89   109.74
57299   57480   0.00    35.09
57302   57898   8.05    96.86
57302   57677   10.05   103.52
57305   57031   0.00    56.75
57314   57050   10.81   75.82
57318   57346   0.00    96.83
57322   56743   11.00   123.48
57322   57442   8.12    58.73
57330   56775   0.00    108.76
57346   57834   0.00    81.77
57346   57354   0.00    31.14
57352   57169   7.93    77.01
57352   57163   8.25    112.80
57356   57898   10.87   106.96
57358   57559   0.00    34.87
57358   57299   0.00    52.13
57368   57269   8.91    66.24
57371   56837   0.00    108.59
57373   57789   9.69    69.44
57376   56731   8.91    124.24
57377   58084   10.19   117.81
57377   57567   10.23   72.94
57385   57318   0.00    46.36
57385   57279   7.80    25.29
57393   57013   11.50   75.83
57395   57031   7.14    103.77
57411   57305   0.00    27.08
57425   58236   0.00    124.25
57434   57435   9.81    84.17
57435   57144   12.67   94.35
57437   57191   4.25    48.83
57437   57338   6.80    101.53
57440   56908   4.42    109.47
57440   57070   16.00   120.86
57442   57467   0.00    8.06
57442   56893   8.13    121.60
57467   57549   14.33   39.51
57472   57373   7.22    49.84
57472   56932   13.09   109.38
57480   57700   0.00    33.50
57490   57385   7.46    23.20
57493   57809   12.11   81.06
57499   56852   5.90    129.83
57499   57368   3.00    80.90
57531   57440   6.33    37.70
57531   57298   6.15    45.48
57548   57584   5.31    91.47
57549   57576   10.83   11.58
57549   57592   0.00    10.52
57559   57480   0.00    52.75
57559   57788   0.00    33.44
57563   57269   11.50   66.69
57564   58126   10.85   148.30
57567   57617   10.00   8.40
57572   56863   5.33    147.41
57576   57674   12.71   33.13
57576   57041   10.50   118.28
57579   57188   9.36    102.55
57584   57809   4.40    95.89
57584   57352   6.50    80.10
57592   57732   0.00    22.18
57592   57576   0.00    4.28
57609   57063   12.50   103.98
57615   58479   10.22   139.13
57615   57499   6.11    61.85
57617   57472   11.86   80.51
57617   58226   8.84    99.21
57631   57356   11.70   63.28
57631   57314   8.18    75.81
57661   57592   20.00   15.13
57661   57467   10.73   45.14
57674   57732   9.32    28.99
57674   57773   20.00   31.21
57677   57434   9.89    143.23
57679   58278   4.00    111.76
57679   57916   9.44    59.32
57683   57609   1.00    39.97
57696   57225   8.68    96.94
57699   57548   9.69    91.67
57699   57144   8.11    99.39
57699   58218   11.36   81.87
57700   57919   0.00    37.36
57700   57788   4.67    51.78
57720   58102   6.55    78.98
57724   58325   8.47    97.85
57727   57259   11.00   84.01
57727   57615   4.75    57.54
57732   57793   0.00    11.77
57743   57563   11.20   84.50
57746   57242   2.70    85.53
57746   57258   3.36    131.55
57751   57631   0.00    24.51
57751   58344   10.83   128.59
57753   57821   8.44    30.62
57761   58394   8.78    138.10
57761   57490   11.50   48.13
57764   58023   0.00    40.81
57764   58161   0.00    64.21
57773   57853   6.40    32.46
57773   57154   9.38    117.92
57774   57437   13.67   50.40
57774   57655   10.00   83.38
57778   57746   8.86    4.07
57788   58018   0.00    37.25
57788   57982   10.00   54.06
57789   58040   7.12    44.08
57793   57853   0.00    94.15
57793   57944   14.50   33.44
57804   57609   4.25    31.72
57804   58305   0.00    86.11
57809   57966   7.15    77.24
57815   57062   12.00   130.24
57821   58433   10.29   100.72
57821   57918   0.00    64.69
57822   57563   14.33   46.69
57827   58004   11.35   84.46
57827   58539   8.93    116.92
57828   57661   0.00    37.52
57828   57793   8.67    39.36
57834   57318   0.00    107.84
57838   57828   0.00    2.49
57846   57305   13.33   86.37
57850   57133   1.67    126.03
57853   57696   20.00   46.27
57860   57393   9.44    75.54
57861   57834   0.00    18.94
57869   57472   10.00   67.16
57869   57789   7.80    47.99
57888   57283   9.00    99.29
57890   57751   12.11   31.61
57898   58192   10.07   100.54
57900   58553   10.04   132.01
57904   57499   9.27    64.76
57904   57743   12.00   84.50
57916   57696   10.50   39.84
57916   57972   11.06   24.39
57918   57531   8.67    63.09
57918   58052   9.83    63.03
57919   58139   0.00    35.30
57930   57944   11.50   5.83
57944   58100   0.00    47.49
57966   58151   7.56    61.86
57966   57579   8.00    101.10
57972   57930   10.00   107.97
57977   57584   10.65   90.60
57977   58090   9.57    82.77
57982   58211   0.00    40.85
57982   58382   10.00   97.55
57987   58218   8.96    90.81
58004   57330   14.33   108.68
58004   58113   5.43    60.83
58012   57292   7.25    123.40
58012   57846   5.50    80.70
58013   58023   0.00    13.69
58013   57778   11.08   36.73
58018   58246   3.00    35.00
58018   57919   3.00    55.22
58020   58593   12.29   127.97
58020   57761   11.20   47.74
58023   58161   0.00    30.56
58023   58731   0.00    110.93
58035   57371   20.00   108.62
58038   57987   8.83    90.25
58038   57434   9.50    116.99
58040   58043   8.60    27.79
58043   58152   6.95    64.45
58043   58929   9.90    138.52
58052   58204   0.00    60.90
58056   58450   7.80    81.17
58056   57977   15.20   35.11
58067   57972   0.00    20.99
58067   57916   0.00    25.86
58084   58800   10.48   116.82
58087   57490   8.65    132.11
58087   57890   8.13    46.62
58090   58283   7.22    82.97
58100   58326   3.00    53.14
58100   58611   10.59   132.86
58102   57822   0.00    57.40
58102   58413   10.00   86.02
58104   57804   20.00   89.22
58110   57774   10.07   56.22
58110   58247   3.00    52.43
58113   58159   11.50   16.77
58113   58035   0.00    18.79
58117   57822   9.88    94.08
58119   57778   0.00    66.05
58119   58013   0.00    35.58
58126   58255   10.04   81.10
58139   58369   20.00   34.16
58140   58104   0.00    11.39
58140   57376   10.15   124.24
58150   58056   11.00   52.86
58150   58518   9.80    75.68
58151   58126   11.14   23.85
58152   58020   8.30    112.83
58159   58336   5.13    71.53
58159   58035   0.00    20.79
58161   58434   8.00    41.96
58162   58040   5.79    32.30
58192   58038   11.30   72.47
58192   58340   10.14   115.22
58204   58856   18.50   105.36
58210   58087   7.00    22.05
58211   58468   1.00    42.66
58218   58150   13.33   50.14
58218   58578   8.10    75.33
58226   58709   9.00    77.27
58226   57869   9.13    82.48
58236   58140   9.20    22.59
58246   58453   20.00   35.05
58246   58139   5.50    56.12
58252   58067   6.99    29.37
58252   58278   0.00    8.62
58255   58272   20.00   4.72
58255   57838   13.83   139.67
58262   57683   1.00    88.14
58272   58319   0.00    16.58
58278   58387   10.80   22.06
58278   58391   13.83   29.92
58283   58448   8.44    82.68
58283   58151   9.15    129.83
58305   58840   0.00    86.76
58309   58119   11.33   25.99
58309   58583   5.89    71.09
58310   58236   9.14    23.56
58310   59164   9.83    140.00
58319   57838   0.00    124.68
58325   58920   9.41    97.85
58326   58897   11.21   148.88
58326   58517   7.80    53.39
58329   58117   8.43    92.86
58329   57904   7.86    66.48
58336   57727   9.12    98.26
58336   58479   10.75   72.08
58340   58758   9.38    65.62
58340   58344   6.46    8.00
58342   58980   10.04   104.76
58344   58509   10.71   144.06
58358   57930   8.17    111.97
58358   58252   13.10   21.47
58369   58581   4.00    35.41
58382   58803   12.60   97.62
58384   58272   0.00    19.93
58384   58319   0.00    22.10
58387   58358   2.00    7.87
58387   58639   0.00    51.15
58391   59001   10.29   129.75
58394   58307   0.00    20.61
58413   58725   13.50   86.13
58426   58560   4.67    52.00
58426   58110   7.80    49.51
58428   58102   14.33   59.63
58433   59055   13.22   100.70
58434   58736   7.00    97.70
58434   58600   0.00    28.86
58448   58565   10.29   63.55
58450   58857   8.88    81.18
58453   58674   20.00   35.42
58453   58369   0.00    54.98
58461   58923   12.92   126.87
58468   59117   5.50    128.32
58473   58310   12.75   56.03
58473   59284   11.50   128.56
58479   58622   0.00    74.50
58517   58618   3.00    37.77
58517   58849   10.69   83.11
58518   58902   8.69    75.77
58531   57572   8.67    149.32
58535   57888   8.43    99.29
58539   59276   9.63    116.88
58553   58803   4.67    45.46
58553   58012   7.00    134.32
58559   57918   12.00   102.69
58565   58384   8.37    95.48
58576   58104   7.33    75.73
58578   58960   7.64    75.05
58581   58820   0.00    35.03
58583   58588   0.00    6.07
58583   58770   10.22   77.45
58584   58211   20.00   94.49
58588   58473   6.29    56.98
58593   58394   7.33    47.69
58600   58891   11.50   39.21
58600   58731   0.00    22.27
58603   58531   3.00    43.47
58603   59600   11.78   148.40
58611   58639   10.29   8.29
58611   58358   11.70   50.97
58618   58953   12.52   55.52
58618   58816   9.10    115.33
58622   58329   7.15    50.60
58622   58725   15.00   43.81
58632   58448   8.50    35.05
58632   58565   3.00    53.79
58639   58915   3.00    48.19
58641   57850   8.50    126.42
58641   58603   2.00    18.60
58667   58159   9.44    81.09
58667   58850   8.67    80.35
58668   58309   6.72    61.09
58670   58004   6.69    110.23
58674   58924   2.67    37.36
58674   58581   1.00    61.44
58683   58052   11.50   102.48
58695   58553   2.00    35.03
58709   58162   8.63    119.32
58721   58641   0.00    30.72
58721   59700   15.00   148.19
58725   58819   5.43    38.08
58731   58752   0.00    16.15
58731   58891   3.00    24.63
58736   58995   5.41    97.44
58748   58970   7.83    47.29
58748   58593   9.95    30.15
58752   58668   0.00    24.30
58752   58013   7.12    115.73
58758   58767   11.26   147.73
58758   59169   7.46    64.90
58764   58632   15.15   75.63
58765   58426   6.88    53.25
58765   58855   5.50    39.61
58770   58668   0.00    15.94
58800   59179   7.25    65.58
58800   58709   5.95    46.21
58802   58748   10.09   132.79
58802   59032   0.00    39.10
58803   58994   2.00    40.57
58816   58972   11.70   115.22
58819   58922   6.75    33.64
58820   59035   5.33    35.33
58822   58262   3.00    88.06
58822   58721   0.00    46.80
58829   58468   13.67   85.66
58835   58758   8.67    76.58
58836   58204   9.06    102.28
58840   58822   20.00   6.14
58843   58764   12.05   75.48
58849   59136   16.00   82.91
58850   59006   7.40    80.35
58855   59694   5.88    130.42
58856   59516   6.14    103.00
58856   59402   8.47    84.93
58857   58843   14.90   20.31
58863   58152   9.89    109.49
58863   58802   9.18    44.65
58869   58857   0.00    12.81
58869   58894   0.00    3.36
58884   58980   10.14   67.36
58885   58695   3.60    42.98
58891   58928   0.00    9.59
58894   58979   0.00    16.43
58897   58915   3.00    7.93
58897   58611   6.47    48.51
58902   58869   12.99   45.55
58907   58509   10.75   60.19
58907   58835   10.81   76.58
58915   59163   0.00    48.07
58920   58800   8.22    78.66
58922   58428   7.25    137.97
58923   59068   11.50   44.81
58924   58820   4.00    75.96
58924   59161   0.00    36.72
58928   59640   0.00    143.03
58928   59027   0.00    20.39
58929   58863   10.73   59.03
58946   59040   8.67    54.93
58946   58588   3.00    55.03
58953   59301   10.62   51.50
58956   59629   11.45   106.25
58956   58929   11.50   17.25
58960   58902   9.71    60.76
58960   59108   22.89   26.66
58970   58907   9.44    60.42
58972   59000   3.00    40.60
58979   59018   0.00    6.78
58980   59060   12.33   13.22
58980   58920   8.25    66.55
58991   58956   13.25   39.02
58991   58162   10.90   129.59
58994   59196   5.22    38.45
58994   58584   10.00   94.56
58995   59002   1.00    28.56
58995   59156   0.00    27.59
59000   59018   20.00   30.63
59000   58843   0.00    27.65
59001   58391   10.29   129.75
59002   58885   8.89    45.49
59002   59046   0.00    8.98
59003   59679   11.50   110.45
59003   58991   14.33   16.29
59006   58622   3.31    74.22
59008   58819   12.93   30.67
59008   58922   0.00    29.78
59018   59049   5.33    50.09
59027   58752   0.00    49.83
59027   59155   0.00    30.75
59033   58810   3.00    96.34
59033   58923   8.27    50.25
59035   59065   3.00    3.61
59040   59521   2.00    71.00
59040   59102   0.00    28.31
59046   59773   7.71    136.06
59049   59508   8.07    80.83
59049   59108   8.93    50.42
59055   59694   8.54    100.77
59059   58576   4.25    75.77
59060   59503   8.92    67.10
59064   59003   11.40   44.97
59065   59299   11.00   33.42
59065   59759   3.00    117.38
59066   58960   10.42   88.99
59068   59212   11.50   36.45
59074   59008   15.75   18.16
59074   59099   0.00    4.92
59085   58970   9.40    106.04
59101   58531   11.56   95.69
59101   59231   9.41    26.10
59101   59001   6.87    27.88
59102   59155   7.00    27.29
59108   59183   1.00    50.16
59108   59810   11.44   130.22
59117   59418   13.33   63.37
59117   59330   0.00    37.51
59119   58953   9.63    108.56
59124   59064   3.00    41.93
59136   59163   5.33    8.22
59136   58897   9.77    48.41
59155   58770   8.00    61.61
59155   59902   6.57    116.22
59156   59046   10.00   26.01
59161   59434   15.75   37.05
59161   59035   0.00    85.60
59163   59322   1.00    26.92
59164   59059   10.60   54.59
59167   59066   9.89    74.93
59167   59377   0.00    28.68
59168   59099   0.00    14.33
59168   59212   0.00    4.60
59169   59326   8.67    22.59
59169   59194   9.80    129.14
59179   59124   10.00   28.41
59179   59519   8.00    52.97
59183   59264   0.00    47.79
59183   59424   11.00   38.43
59187   59249   0.00    52.51
59187   58863   13.29   51.89
59194   59167   9.91    129.17
59196   58829   1.00    85.77
59196   59418   0.00    39.59
59200   59060   12.21   63.68
59212   59772   13.50   149.87
59212   59495   5.33    55.44
59219   58559   10.07   102.69
59231   59600   9.13    78.36
59231   59802   5.75    95.07
59240   58667   11.17   89.72
59240   59480   5.67    45.34
59240   59269   36.67   9.96
59253   59156   0.00    17.43
59254   59169   9.83    76.15
59264   59066   1.00    30.73
59264   59377   10.80   76.43
59269   59388   0.00    31.68
59271   59102   3.00    24.75
59276   59999   9.80    117.15
59284   59164   11.29   55.58
59290   59163   3.00    30.50
59291   59290   6.80    113.76
59299   59623   5.71    59.10
59301   59647   3.27    54.30
59301   59456   7.25    89.57
59312   59119   9.38    108.56
59312   58972   8.50    64.04
59316   59068   9.83    108.72
59318   58695   8.33    116.08
59322   59823   5.25    96.72
59326   59365   0.00    6.04
59326   59370   0.00    6.50
59330   59769   6.00    99.04
59333   58840   11.00   74.22
59333   59439   12.38   50.67
59337   59033   12.00   129.94
59338   59254   11.75   76.19
59338   58907   10.00   65.28
59351   58683   8.83    102.45
59361   59365   10.33   49.30
59365   59889   7.80    93.00
59365   59370   0.00    5.06
59370   59412   0.00    51.96
59376   58670   8.13    109.83
59377   59805   10.16   90.78
59377   59411   9.44    50.58
59378   59361   1.00    50.55
59388   59534   0.00    23.72
59388   59376   0.00    18.93
59401   59378   3.00    52.57
59402   59901   11.20   85.13
59411   60190   10.35   146.06
59411   59401   8.17    47.56
59412   59473   7.67    59.71
59418   59587   10.50   38.05
59419   59284   15.63   58.04
59419   58946   14.33   71.08
59424   59695   11.00   54.03
59434   59299   1.00    81.44
59434   59839   15.29   67.76
59439   59663   11.41   121.06
59439   59059   11.50   56.11
59456   59589   10.50   89.57
59457   59074   6.50    93.32
59467   59338   2.00    110.10
59473   60125   8.44    113.32
59473   59612   0.00    143.55
59480   59789   0.00    63.32
59480   59006   5.90    114.27
59490   59312   8.33    33.34
59495   59584   18.60   18.95
59496   58836   10.30   102.24
59503   59837   9.85    58.93
59508   59890   7.80    80.83
59510   59316   7.20    108.41
59516   60119   11.13   102.97
59519   59770   11.33   45.25
59521   59419   11.50   55.00
59521   59850   24.33   58.46
59524   59290   8.67    60.42
59524   59291   10.00   46.98
59526   59480   0.00    13.96
59526   59269   10.75   45.49
59527   59322   0.00    49.72
59527   60146   4.25    121.79
59534   59376   7.33    25.82
59546   58885   11.20   125.74
59566   59467   9.78    110.08
59566   59187   10.13   57.69
59570   59179   9.31    111.23
59572   59503   16.72   73.60
59576   59615   3.00    19.96
59584   60032   11.50   124.11
59584   60344   12.38   122.06
59587   59330   7.67    62.65
59587   59769   0.00    36.01
59589   59490   13.67   24.02
59600   59700   13.80   53.60
59612   59699   8.00    85.77
59615   59064   3.00    90.72
59615   59701   5.50    42.16
59623   59791   5.50    27.50
59623   59839   8.30    51.31
59629   59566   7.43    72.78
59640   60321   27.00   142.62
59647   59857   14.46   136.24
59647   59981   9.17    53.81
59663   59850   7.09    103.49
59663   60041   10.00   62.80
59676   60026   0.00    63.28
59676   59519   7.20    50.69
59679   59629   11.63   41.44
59693   59679   9.00    13.80
59694   60611   9.80    146.59
59694   59834   0.00    63.69
59695   59977   8.13    54.35
59699   59776   0.00    85.76
59700   59723   12.23   46.30
59701   59770   11.50   25.53
59701   59124   14.33   94.75
59702   59136   6.52    104.82
59715   60167   5.00    94.17
59715   59101   9.83    131.99
59720   59490   11.50   59.86
59720   59018   9.28    135.51
59722   59027   7.14    139.51
59723   59333   7.25    61.28
59723   60054   0.00    55.83
59759   60524   0.00    118.67
59763   59693   9.00    39.45
59763   59875   0.00    23.86
59769   60133   8.43    75.99
59770   59866   11.50   20.09
59772   60331   7.80    149.83
59773   60479   1.67    136.06
59776   59819   15.00   54.00
59781   59495   6.89    140.06
59789   59457   0.00    93.24
59791   60033   0.00    40.12
59802   59814   1.00    19.60
59805   60048   10.21   53.73
59805   59424   5.63    101.86
59809   59378   6.75    75.53
59810   60496   8.33    130.23
59814   60406   7.80    96.82
59814   59958   7.36    58.01
59819   59832   6.50    23.20
59823   60345   6.42    96.79
59831   59361   10.75   82.72
59832   59875   20.00   35.23
59832   59693   9.00    23.79
59834   59219   9.63    102.67
59834   59954   6.09    61.68
59837   60207   8.91    60.00
59839   60133   14.64   67.30
59840   60265   4.25    67.61
59840   59676   9.89    51.81
59842   59789   3.00    16.77
59842   59526   6.00    63.46
59850   59917   6.50    36.84
59853   60266   2.67    63.96
59853   59723   4.40    66.15
59857   59589   8.13    58.01
59866   59763   9.43    56.70
59869   59412   8.86    82.86
59873   60386   10.29   90.13
59873   59802   6.00    44.16
59875   60013   7.33    53.23
59880   59939   20.00   19.24
59889   60470   7.80    92.99
59890   59720   8.67    50.61
59890   60469   7.45    106.76
59900   59318   13.67   116.17
59901   60009   0.00    15.53
59902   60024   8.67    18.92
59902   60086   12.14   55.85
59912   59840   0.00    23.80
59916   59837   7.20    82.34
59917   60024   14.60   51.23
59917   59271   0.00    105.21
59939   60238   12.83   100.53
59954   60094   9.36    61.67
59954   59351   5.83    102.42
59958   60054   11.29   92.87
59977   60319   12.60   84.04
59977   60283   11.13   53.96
59980   59819   50.00   30.85
59981   60143   2.67    92.47
59981   60332   7.35    51.64
59993   59253   9.57    145.13
59999   59534   13.95   144.74
60003   60009   0.00    7.70
60003   59901   0.00    16.53
60009   60021   0.00    2.65
60013   60287   12.71   43.78
60013   60174   8.67    51.08
60021   60088   3.00    10.57
60021   60037   0.00    16.40
60024   60423   9.86    63.12
60026   59866   9.75    47.91
60027   60003   3.00    5.04
60032   60510   10.78   124.11
60033   60437   1.00    61.89
60037   60088   0.00    18.20
60037   59999   3.00    44.81
60041   59853   11.07   91.02
60041   60436   3.00    63.13
60048   59695   8.75    91.80
60048   60319   12.20   54.25
60054   60336   3.00    44.90
60055   60026   0.00    5.71
60083   60027   3.00    28.01
60086   60505   6.63    67.33
60086   60237   7.00    48.52
60088   60103   0.00    2.65
60091   60027   10.00   10.05
60091   60083   0.00    27.91
60094   60119   4.83    62.21
60094   59496   8.19    102.21
60098   59401   7.08    126.03
60103   60105   4.08    7.83
60103   60230   0.00    19.56
60105   60091   0.00    2.52
60119   60083   11.50   36.77
60125   60467   4.75    55.55
60133   60195   3.00    12.59
60133   60515   13.33   59.87
60143   59857   7.18    57.19
60144   59781   15.87   142.34
60146   60345   7.84    120.49
60167   60644   6.00    94.41
60174   60202   0.00    8.26
60174   60055   20.00   23.77
60186   59546   2.00    125.76
60190   60968   7.12    145.96
60195   60433   0.00    76.13
60195   60924   15.75   148.38
60202   60382   3.00    46.16
60207   60492   5.33    45.39
60230   60498   6.67    40.47
60230   60105   0.00    18.90
60236   60041   10.93   94.00
60237   60777   9.05    117.46
60237   60619   8.67    65.11
60238   59776   5.33    78.24
60240   59809   9.83    75.46
60240   60098   3.00    48.49
60247   59939   20.00   49.03
60250   59834   10.25   63.78
60250   60450   11.00   91.06
60254   59702   8.80    104.85
60257   59980   0.00    44.58
60265   60055   8.71    55.88
60265   60279   0.00    3.31
60266   60457   6.25    31.07
60266   60436   5.56    89.09
60279   60373   0.00    18.67
60282   59720   9.33    113.78
60283   60377   8.67    19.18
60287   60554   6.69    45.71
60287   59980   30.00   110.72
60309   60207   10.79   93.94
60319   60605   9.82    53.70
60319   60969   10.27   128.82
60321   61036   23.25   143.76
60323   60257   0.00    26.18
60323   60781   11.00   78.45
60324   60240   0.00    52.44
60324   59831   8.25    82.62
60331   60922   8.67    130.72
60331   60837   9.00    79.68
60332   60428   6.50    20.41
60336   60645   10.67   52.48
60339   60336   0.00    45.60
60344   60522   11.11   86.80
60344   60985   12.11   108.69
60345   60473   3.00    25.72
60355   59842   16.43   128.07
60355   60503   19.57   106.38
60373   60382   0.00    1.98
60377   60827   8.54    95.63
60379   59869   7.67    82.80
60382   60430   0.00    10.63
60386   60913   6.72    90.95
60398   59722   9.83    139.66
60406   60975   7.29    96.79
60423   60236   6.25    94.00
60423   60773   3.00    58.82
60428   60473   0.00    8.25
60428   60254   8.36    32.92
60430   60675   3.00    62.33
60433   60718   0.00    75.91
60436   60604   9.25    92.48
60450   60546   8.67    84.09
60467   60788   10.29   54.45
60467   60379   20.00   59.15
60469   60997   6.80    106.75
60470   60324   10.00   51.30
60470   61197   7.58    129.05
60473   60669   3.00    42.21
60475   59958   8.17    82.12
60475   60551   7.44    32.54
60479   61149   13.33   136.06
60492   60265   5.40    57.47
60496   61143   13.52   130.23
60498   61062   7.29    92.20
60503   61184   13.77   114.32
60505   60619   10.00   45.88
60505   60938   6.78    77.62
60507   59612   3.00    146.82
60507   60125   2.33    142.83
60510   60837   8.57    86.45
60515   59900   8.50    116.00
60515   60821   7.33    52.41
60522   60510   12.46   86.03
60527   60332   11.50   29.21
60533   60660   5.20    89.95
60533   61300   9.91    132.84
60545   60238   13.33   50.69
60545   60247   9.43    99.98
60546   60498   10.00   86.83
60546   61062   10.73   128.64
60551   61025   8.50    83.47
60551   60645   10.00   56.06
60552   60247   3.00    49.85
60554   60991   10.15   79.38
60554   60323   10.33   84.05
60570   60545   3.00    5.46
60587   60533   9.08    69.70
60587   61172   5.00    102.56
60588   60428   10.13   30.04
60588   60527   11.50   10.66
60604   60773   12.54   92.48
60605   60283   9.87    84.42
60605   61083   6.00    93.57
60611   61365   8.92    143.45
60619   60823   4.75    35.64
60619   61101   6.50    108.00
60623   60527   6.75    23.84
60623   60143   6.18    97.26
60645   61488   10.79   145.54
60669   60588   12.03   15.26
60674   60098   11.29   102.61
60675   60881   4.40    53.17
60677   60202   2.50    82.41
60678   60668   0.00    42.90
60696   60669   0.00    4.89
60696   60623   2.33    15.04
60711   60570   3.00    49.72
60711   60257   4.40    77.49
60743   60355   18.60   85.25
60754   59993   5.57    145.06
60756   60587   6.00    83.39
60756   61053   8.50    52.05
60756   60144   8.11    144.45
60773   60938   0.00    53.50
60773   60912   0.00    25.40
60777   61358   7.52    118.26
60781   60711   3.00    25.79
60788   61076   6.00    52.99
60803   60467   6.50    143.38
60803   60507   10.50   51.48
60807   60552   9.33    98.65
60807   60570   8.67    42.88
60821   61084   50.00   46.92
60821   60186   8.80    125.65
60822   60552   8.25    48.65
60822   60784   0.00    15.96
60823   61169   11.50   64.81
60827   61320   4.08    96.60
60836   60623   5.68    65.52
60836   60282   5.47    113.78
60837   61304   8.00    95.76
60837   61375   30.00   86.99
60873   60430   5.33    76.25
60879   61637   10.57   128.37
60879   60985   18.25   62.33
60881   61056   0.00    46.68
60906   60822   20.00   32.47
60906   61191   7.71    53.19
60910   60492   8.05    113.27
60919   60250   4.54    119.64
60922   61640   12.91   133.16
60924   61686   6.38    149.20
60938   60976   3.00    7.27
60968   61760   9.64    145.95
60969   61669   6.85    129.35
60972   60475   8.00    84.74
60973   60696   7.29    88.56
60975   60913   9.18    83.31
60976   61169   7.00    43.41
60985   61472   7.00    82.89
60985   60756   6.50    86.78
60991   61508   12.81   91.45
60991   60781   8.62    86.03
60996   60879   7.08    80.70
60997   60836   5.43    64.71
61001   60586   7.67    83.87
61003   61390   6.74    138.59
61003   60644   7.36    147.19
61023   60450   7.77    110.98
61025   60972   11.50   32.85
61025   61714   8.24    116.20
61036   61466   11.00   89.71
61040   60240   8.86    144.39
61053   61172   7.40    65.44
61053   61793   11.43   121.34
61056   61439   10.00   134.89
61056   60910   11.00   33.67
61062   61498   8.09    78.10
61070   60807   9.83    47.88
61070   60906   3.00    64.81
61076   61383   4.75    51.93
61078   60997   1.80    28.56
61079   60398   9.28    140.28
61079   61036   0.00    14.67
61083   61585   11.38   93.54
61084   61346   4.25    118.02
61084   61149   3.00    10.68
61101   61730   4.75    110.02
61106   61187   11.20   107.75
61107   60324   8.38    138.82
61112   60788   5.33    144.60
61112   60803   3.00    55.95
61120   60975   8.88    56.68
61120   60972   8.67    26.44
61122   60675   11.58   79.26
61143   61185   6.75    9.90
61143   61078   0.00    21.98
61144   60677   13.00   82.50
61144   60991   10.00   58.62
61149   61331   11.50   29.65
61168   61078   10.50   17.68
61168   60973   9.13    87.73
61169   61364   10.00   34.33
61172   61919   3.00    121.07
61172   61300   8.00    62.42
61178   60379   7.83    139.43
61184   60743   11.00   86.71
61185   61168   0.00    5.89
61187   60881   11.90   76.03
61187   61122   11.50   22.82
61191   61521   9.70    57.10
61196   61070   9.00    50.25
61196   60711   4.17    90.00
61197   61947   6.97    129.01
61221   60674   13.25   102.61
61229   61390   10.60   73.40
61229   60913   9.83    56.71
61239   60821   5.00    138.61
61239   61557   3.00    60.63
61270   60823   4.40    102.37
61287   60873   8.80    76.25
61287   61144   5.75    56.53
61300   62029   6.78    122.52
61304   61837   10.10   96.54
61320   61185   7.76    51.18
61331   61465   3.00    24.29
61331   61574   5.50    116.32
61346   61239   3.00    14.74
61348   61112   3.00    37.16
61348   61395   6.50    28.02
61350   61287   2.33    16.86
61358   61079   10.00   66.39
61358   61579   8.69    41.28
61364   62079   11.50   139.01
61364   61999   3.00    139.28
61365   61541   10.25   68.02
61368   61196   7.80    55.60
61375   60996   11.88   82.96
61383   61796   8.60    70.34
61390   61570   7.00    70.48
61392   61106   9.00    90.88
61395   61569   5.50    77.37
61395   61076   15.50   128.38
61404   61320   3.55    32.83
61404   61520   2.33    24.26
61406   60976   6.40    78.94
61412   62269   0.00    146.76
61412   61365   3.00    20.59
61422   61668   3.00    76.41
61431   61001   7.52    84.05
61431   61404   0.00    13.73
61442   61122   8.05    57.91
61442   61350   14.60   43.28
61465   61723   12.60   38.81
61465   60754   3.00    145.06
61466   61901   0.00    89.51
61472   61962   10.40   82.92
61476   61412   13.82   19.38
61487   61442   3.00    14.27
61488   62343   14.33   144.79
61498   61768   5.70    68.89
61498   61023   20.00   109.07
61502   61520   3.00    21.61
61502   61431   6.33    26.66
61508   62157   8.50    112.34
61508   61368   12.50   56.49
61511   61196   4.75    54.57
61511   61191   11.50   113.81
61518   61079   8.12    90.59
61520   61618   7.67    28.86
61520   61693   7.43    40.01
61521   61348   16.00   77.02
61521   62233   9.46    124.81
61523   60919   11.59   118.74
61524   61229   11.11   102.23
61524   62000   3.00    86.62
61541   61690   6.40    46.90
61541   61523   0.00    29.09
61557   62096   9.80    92.90
61557   62198   5.07    122.23
61569   61796   7.86    100.64
61569   61383   8.17    72.23
61570   61272   0.00    62.77
61570   62377   5.89    147.87
61574   61346   3.00    39.58
61579   61628   0.00    7.28
61585   61502   7.42    28.04
61586   62076   8.93    80.74
61586   61618   0.00    41.66
61598   61586   6.86    87.94
61598   61003   7.00    143.25
61603   61120   8.48    83.66
61603   61524   9.20    25.27
61618   61622   6.81    8.02
61622   61693   0.00    50.06
61628   62261   12.11   109.55
61637   62104   10.25   123.99
61640   62430   10.58   141.56
61640   61837   14.33   62.47
61644   61585   2.50    20.57
61669   61644   16.83   7.18
61683   61508   7.80    57.56
61683   61144   7.67    92.20
61686   62143   8.14    82.99
61686   61476   20.00   63.35
61690   61523   11.11   27.45
61693   61719   4.17    17.78
61703   61644   1.00    9.97
61706   61690   0.00    2.59
61714   62433   6.00    116.95
61718   61487   11.00   37.54
61719   61734   4.23    47.26
61719   61703   0.00    11.82
61723   62190   10.00   100.10
61730   61579   3.00    46.74
61730   61881   11.50   24.97
61734   61760   4.75    31.60
61734   61669   11.25   26.63
61760   61795   11.20   57.20
61768   61818   0.00    24.84
61768   61706   9.07    35.48
61771   61184   12.10   103.68
61774   61963   5.83    105.71
61774   61229   9.80    85.97
61776   61487   4.00    126.62
61786   61622   10.33   25.47
61786   61906   10.58   53.35
61789   61358   5.43    91.38
61791   61598   5.33    33.08
61791   62320   5.44    87.26
61793   62706   5.87    145.94
61793   61919   8.33    65.04
61795   61813   4.30    16.08
61795   62641   8.73    130.53
61796   62046   5.83    45.33
61797   62028   10.00   46.02
61799   61999   6.50    57.92
61799   61406   8.67    77.70
61813   61221   8.95    102.61
61813   61864   21.29   59.39
61816   61270   5.83    90.28
61818   61706   8.71    22.63
61837   62284   8.80    82.83
61850   61350   7.12    93.21
61850   61683   10.00   62.71
61861   61521   9.06    115.33
61861   61511   4.36    57.89
61864   61904   12.13   66.20
61864   61040   9.41    144.39
61880   61830   6.40    16.24
61880   62529   7.50    111.09
61881   62167   6.50    52.92
61901   62497   0.00    118.68
61901   61723   3.00    46.45
61904   61107   8.61    138.82
61904   61947   7.81    65.37
61906   62021   7.75    55.05
61919   62029   7.25    61.71
61919   62848   8.32    145.16
61947   61982   8.78    51.41
61953   61901   3.00    15.68
61953   61518   7.11    90.59
61962   62678   11.30   110.98
61962   62237   11.00   90.80
61963   62445   3.00    68.55
61963   61965   3.00    116.98
61965   62350   13.33   87.95
61971   61953   0.00    5.04
61978   61861   10.00   54.89
61978   61368   12.00   112.65
61982   61988   3.00    8.58
61982   62967   8.62    142.81
61988   61178   10.67   139.43
61988   62046   12.92   56.31
61996   62241   0.00    84.39
61996   61603   7.13    129.91
61999   62483   11.50   89.69
61999   62265   15.00   52.14
62000   61774   14.75   89.34
62007   62261   20.00   41.16
62008   61375   9.27    121.15
62012   61818   7.00    39.41
62012   62269   8.14    100.22
62021   62683   6.61    127.93
62027   61880   11.50   58.73
62028   61850   6.00    71.34
62029   62992   11.27   145.18
62046   62101   9.67    75.18
62076   62629   14.30   80.74
62079   62989   6.03    140.42
62083   62028   6.50    19.45
62096   62603   4.75    78.76
62096   62724   11.25   125.73
62101   62165   6.07    64.91
62104   62888   8.44    127.01
62112   61776   6.91    126.66
62143   62669   5.00    83.43
62157   62747   9.11    94.72
62157   61978   8.50    58.23
62159   62000   0.00    36.64
62159   62350   0.00    27.36
62165   62181   13.25   17.87
62167   62471   7.80    46.25
62174   62027   3.00    48.62
62181   61827   1.00    59.09
62181   62188   6.40    11.53
62188   62874   7.67    109.32
62188   62214   5.92    27.53
62190   62603   8.67    99.04
62198   62669   9.55    119.62
62201   62577   0.00    56.35
62201   61789   3.63    91.25
62201   61953   0.00    60.37
62214   62233   7.14    32.62
62214   62825   11.50   97.93
62223   61791   11.50   75.49
62233   62258   0.00    17.91
62237   62888   9.06    95.55
62241   62159   7.33    82.22
62258   62379   7.67    38.47
62258   62782   7.20    83.97
62261   62283   20.00   3.10
62269   62308   15.00   15.15
62269   62841   7.25    102.47
62283   62793   8.17    110.63
62283   63006   6.36    110.79
62284   62799   8.95    82.89
62303   62101   7.67    46.76
62308   61476   10.63   143.53
62309   62333   0.00    22.17
62309   62012   7.08    48.99
62320   62628   13.25   58.30
62320   62377   7.04    71.92
62325   61683   9.91    111.94
62325   62157   7.88    58.28
62328   61971   7.17    69.04
62328   62843   0.00    73.35
62330   62029   7.04    71.13
62333   61771   14.90   103.79
62334   61816   3.00    90.03
62334   62471   3.00    42.41
62343   63331   11.19   148.52
62350   62926   11.00   122.24
62377   62445   5.97    93.52
62379   62769   4.39    68.88
62379   62722   0.00    76.32
62405   61861   9.39    93.22
62430   63315   11.17   142.39
62433   62922   6.50    68.72
62433   62343   12.11   89.30
62445   63024   7.40    84.13
62445   62538   7.58    71.69
62471   63069   6.00    94.77
62483   61799   6.50    137.02
62496   62303   7.20    45.99
62497   62556   0.00    16.08
62497   62665   20.00   37.09
62504   62333   0.00    27.33
62504   62309   9.07    28.04
62513   62325   6.63    53.71
62513   61850   7.34    115.48
62529   62296   11.50   72.64
62538   61965   14.60   95.08
62538   62926   5.48    65.67
62553   62303   0.00    51.74
62556   62328   11.50   45.61
62593   63019   8.60    103.58
62593   62008   5.87    119.12
62594   62504   11.50   19.17
62603   63124   7.67    105.85
62611   61881   6.00    125.98
62622   62978   3.20    53.82
62628   62777   0.00    24.08
62628   63321   8.29    139.08
62629   62758   0.00    15.99
62639   62629   15.00   50.10
62639   61786   9.47    132.36
62639   62893   0.00    31.93
62640   63331   8.20    98.12
62641   63551   9.02    130.42
62647   62639   8.67    49.90
62647   61906   12.56   113.33
62668   62955   6.50    38.72
62668   62556   0.00    22.01
62669   62970   5.20    42.29
62678   63402   8.09    110.88
62683   63608   9.91    131.66
62698   62529   5.43    59.99
62698   62027   8.67    109.03
62700   62265   0.00    81.65
62706   63676   9.67    145.90
62722   62944   3.00    76.16
62724   63362   7.00    125.73
62727   61971   0.00    110.26
62727   62843   0.00    48.21
62747   62405   10.31   113.80
62747   62847   8.67    15.21
62748   62223   4.55    76.23
62753   62496   15.00   46.87
62758   62748   11.50   48.49
62758   62870   10.00   14.60
62761   62719   0.00    58.97
62761   63289   5.31    81.94
62769   62944   20.00   29.29
62769   62405   7.83    58.12
62777   63190   10.50   77.06
62782   63256   10.92   83.43
62789   62647   20.00   17.05
62792   62789   4.67    50.31
62792   62021   9.76    110.13
62793   63107   3.00    82.65
62799   62593   11.00   65.96
62799   63465   8.60    109.25
62816   63572   0.00    126.96
62825   63371   3.00    96.95
62841   62594   10.50   68.39
62843   62955   3.00    51.14
62847   63181   9.03    52.72
62848   63815   7.94    145.21
62857   62698   10.25   49.43
62857   62174   11.00   108.33
62864   62167   6.63    109.04
62870   62893   7.67    50.15
62870   63510   7.50    94.93
62874   63478   8.80    108.59
62882   63060   10.62   80.04
62882   62513   7.33    132.07
62886   62496   8.20    69.54
62888   63402   5.14    86.18
62893   62917   5.89    50.27
62893   63513   7.36    92.69
62917   62789   7.67    16.25
62922   62940   8.20    16.99
62926   63052   11.13   23.96
62940   63643   7.36    108.17
62944   62978   0.00    6.95
62948   63462   0.00    76.94
62948   63217   8.50    74.50
62963   62948   6.75    43.65
62963   62265   0.00    103.23
62967   63904   7.33    141.90
62970   63724   8.90    112.78
62978   63098   11.25   20.02
62979   62922   8.48    125.25
62986   62816   0.00    123.79
62989   63508   6.42    83.49
62989   62963   23.20   62.10
62992   63952   9.27    145.05
63005   62841   0.00    47.30
63005   62308   23.71   103.43
63006   63017   3.00    1.92
63006   62793   0.00    46.41
63009   63220   10.75   104.07
63016   62857   9.20    51.11
63017   63528   6.86    107.09
63017   63388   5.39    70.69
63024   63603   6.50    84.13
63034   62165   11.00   140.19
63039   62955   0.00    38.36
63039   63241   13.25   56.19
63052   62979   6.15    125.24
63060   63292   7.86    80.11
63068   62334   6.00    113.79
63069   63665   5.89    94.58
63091   63678   7.43    92.42
63098   63525   8.77    76.27
63099   63270   10.75   48.66
63105   62882   11.00   38.68
63107   63308   3.00    81.71
63110   63217   0.00    29.58
63118   62777   10.50   49.05
63124   63644   6.18    106.38
63164   62594   0.00    90.38
63166   63039   3.00    24.92
63172   63617   9.75    89.00
63181   63515   9.66    111.87
63181   63525   11.52   56.23
63190   63597   8.67    77.06
63196   62513   10.66   109.14
63196   62847   3.00    111.66
63201   62753   4.67    70.55
63217   63302   8.67    18.98
63220   63016   5.90    35.35
63227   63201   9.00    70.94
63241   63417   10.00   38.86
63256   63098   7.78    73.57
63257   62753   9.33    76.33
63270   63400   0.00    39.64
63270   63105   10.00   29.87
63273   62940   13.25   67.58
63289   63768   10.15   81.18
63292   63220   8.67    12.37
63297   63256   6.75    15.00
63297   63876   7.93    89.67
63315   64043   11.24   108.59
63321   62748   6.05    80.82
63331   63686   12.23   54.18
63341   63105   6.50    76.74
63362   62970   10.00   60.98
63371   63297   9.24    32.76
63388   63696   10.67   48.78
63388   63414   16.67   13.83
63398   64074   10.43   103.26
63398   63371   7.25    16.88
63402   63518   5.07    16.93
63411   63601   4.17    63.31
63414   62611   4.25    125.98
63414   63534   5.50    42.00
63417   63950   7.83    103.10
63417   63488   0.00    15.40
63442   63581   5.50    57.70
63442   63321   10.00   21.17
63456   62719   5.56    106.87
63465   64008   11.20   77.52
63465   63315   13.57   63.61
63472   63605   0.00    63.12
63478   63398   5.50    30.79
63488   63166   3.43    66.85
63488   63605   0.00    23.76
63508   63906   6.63    59.56
63510   64172   9.94    94.92
63512   63597   7.43    115.58
63512   63118   11.20   60.41
63513   64151   7.71    92.69
63515   63196   11.00   52.66
63516   63649   11.36   61.16
63525   63579   0.00    9.11
63528   64141   9.80    94.38
63528   63308   6.78    106.36
63533   63478   10.00   18.85
63534   62864   9.86    109.03
63534   63665   5.33    41.26
63539   63196   8.17    105.72
63551   63608   6.52    60.26
63567   63659   3.00    49.68
63568   63341   16.67   76.74
63568   63292   9.80    50.25
63572   63903   0.00    120.76
63576   63518   4.43    8.37
63579   64032   6.59    76.86
63579   63876   7.75    107.73
63581   63118   18.25   93.44
63588   63576   7.81    124.54
63597   63603   3.00    4.59
63601   63201   3.00    63.70
63601   63745   8.38    49.62
63603   63662   8.86    84.33
63605   64084   1.00    96.35
63608   63652   8.76    49.88
63617   64197   6.50    91.51
63643   63686   6.78    16.77
63644   63362   11.20   62.01
63649   64001   9.00    59.25
63649   63728   8.88    41.62
63651   63273   8.67    87.92
63652   62792   5.44    123.73
63652   64499   9.94    137.48
63652   63911   6.06    63.81
63659   63664   22.17   91.43
63659   64063   0.00    61.25
63662   63274   1.00    56.21
63662   63709   6.17    111.08
63664   63508   7.67    91.86
63665   63779   7.36    41.48
63676   63518   9.60    66.50
63676   64414   6.33    116.01
63678   63533   4.38    48.31
63686   63747   7.78    22.90
63690   63916   4.63    75.13
63690   63472   10.00   40.70
63696   63528   13.33   66.60
63696   63766   15.00   10.74
63709   63713   0.00    6.72
63713   63052   8.33    118.05
63713   63651   7.25    85.49
63724   63644   6.50    116.12
63724   64472   8.13    111.85
63728   63568   7.40    26.67
63728   63884   8.21    72.94
63745   63257   9.86    76.05
63745   63904   8.31    58.02
63747   63824   0.00    34.87
63747   63947   0.00    27.77
63753   63678   16.82   25.49
63759   63005   6.75    111.13
63759   63164   0.00    91.16
63765   63588   7.25    75.32
63766   64279   9.50    82.42
63779   63887   6.67    43.40
63779   63068   11.71   113.54
63813   63686   0.00    17.11
63813   63643   11.50   26.90
63815   64716   8.64    139.43
63815   63676   6.67    65.77
63818   63747   20.00   26.19
63818   63813   0.00    1.26
63824   63873   0.00    13.38
63824   62986   0.00    128.24
63841   63947   11.50   38.25
63841   63824   0.00    3.38
63873   63841   3.00    12.91
63873   63992   10.73   22.36
63876   64120   6.50    40.42
63884   63922   8.72    17.72
63884   64463   6.88    104.40
63887   63906   2.00    9.61
63887   64255   6.00    60.50
63890   63512   11.67   53.63
63890   63985   7.64    111.24
63894   63551   6.63    136.53
63894   63960   0.00    29.08
63904   64117   5.50    59.87
63906   64429   7.81    91.78
63908   64117   8.25    38.12
63911   64134   9.22    53.16
63911   62917   9.96    145.78
63916   64141   3.00    41.41
63918   64063   0.00    90.40
63918   64657   9.50    118.55
63919   63918   3.00    64.81
63922   63999   10.08   38.22
63922   63539   10.33   105.78
63941   63601   3.00    50.87
63941   63753   8.53    63.83
63944   63273   6.50    98.28
63947   64181   14.33   35.83
63947   63967   0.00    30.65
63950   64425   11.29   103.10
63952   63815   13.71   60.15
63952   64208   7.73    117.32
63952   64856   8.41    138.73
63960   63456   0.00    102.80
63967   63818   0.00    20.51
63976   63960   20.00   4.51
63981   64212   13.26   87.78
63981   63894   12.20   13.71
63985   64027   9.33    111.21
63992   64181   11.33   65.18
63992   64248   11.50   47.10
63999   64424   11.00   79.26
63999   64064   5.25    44.33
64001   64215   10.00   74.84
64002   63488   0.00    98.88
64003   64352   5.11    74.54
64003   63890   3.00    15.34
64008   64501   11.00   77.73
64027   63709   0.00    112.52
64028   63766   9.35    92.40
64032   64238   7.80    39.95
64032   64085   8.62    140.76
64035   63588   20.00   63.53
64042   64595   11.13   90.81
64043   64782   13.19   108.98
64064   64229   5.93    83.58
64064   64593   7.14    87.19
64078   64035   8.25    107.64
64078   63576   9.50    76.53
64082   63533   6.40    84.85
64082   63753   10.00   124.55
64084   64314   0.00    41.00
64089   63941   11.50   61.18
64089   64702   12.08   103.17
64102   63581   10.00   79.24
64103   63944   11.25   141.18
64113   63967   8.67    23.34
64117   64317   10.33   52.42
64120   64085   10.75   9.08
64134   64151   11.50   7.83
64138   64760   5.83    98.02
64141   64803   9.33    101.30
64151   64172   4.17    55.04
64172   64637   11.50   73.05
64172   63442   8.29    110.77
64181   64497   20.00   49.72
64197   63465   11.50   108.34
64212   64499   9.85    110.45
64212   63551   15.00   104.48
64229   64391   8.95    83.64
64238   64391   9.17    29.77
64238   63515   7.62    116.66
64248   64497   8.67    87.71
64248   64530   5.22    45.85
64251   64089   14.50   60.33
64251   64838   5.33    96.17
64255   64028   9.00    92.40
64255   64415   10.00   25.02
64279   64518   6.45    38.45
64279   64417   23.33   42.10
64293   64480   6.50    91.06
64293   63765   9.30    80.09
64314   64512   0.00    63.83
64317   63981   7.50    61.26
64332   64625   7.55    81.05
64333   64103   12.92   141.43
64351   63690   4.40    125.85
64351   64084   10.00   89.02
64352   64674   8.31    66.83
64377   63916   30.00   99.93
64391   64601   5.36    36.08
64414   65201   9.13    116.00
64415   64958   7.65    76.33
64415   64941   3.00    82.58
64417   64941   8.04    137.45
64424   64917   9.86    79.26
64425   64478   10.00   38.99
64425   64529   0.00    19.89
64429   64689   0.00    36.61
64432   64657   10.86   69.54
64432   64063   0.00    61.97
64444   63941   6.95    90.27
64458   64002   0.00    98.88
64458   64425   0.00    18.24
64466   64598   0.00    86.85
64472   64478   2.00    46.88
64472   64660   14.43   61.81
64478   64529   0.00    24.12
64479   64120   6.68    103.83
64479   64082   7.83    64.06
64480   64035   9.00    71.80
64480   64653   4.67    68.92
64482   64514   10.20   123.03
64482   65266   7.80    108.16
64497   64865   0.00    49.34
64499   64833   8.00    109.29
64499   65221   7.20    109.53
64501   65190   8.33    118.84
64501   65148   4.40    89.87
64512   64458   0.00    13.25
64514   63944   10.86   87.96
64514   64535   1.00    62.04
64518   64737   1.00    42.55
64519   64482   14.83   45.55
64529   64567   0.00    16.88
64529   65213   0.00    119.25
64530   64654   11.50   17.39
64531   64519   3.00    12.23
64531   65160   0.00    97.54
64535   64113   3.00    63.35
64567   64458   0.00    20.81
64567   64512   5.33    27.38
64593   65164   5.13    87.39
64595   64429   10.33   27.87
64596   64716   0.00    53.78
64598   64531   2.00    85.97
64601   64848   8.05    52.71
64603   64317   5.56    49.97
64603   64251   9.19    88.12
64625   64917   9.79    81.05
64630   64689   3.00    12.66
64630   64595   7.60    4.12
64637   64645   0.00    26.83
64637   64903   5.50    41.60
64645   64102   10.33   79.76
64653   64078   7.83    86.81
64654   63919   11.50   138.03
64654   64829   6.15    28.38
64657   65121   10.00   74.50
64657   64961   6.60    102.03
64660   63759   11.14   132.76
64660   64677   0.00    3.69
64674   65273   10.00   118.46
64677   64747   3.00    14.64
64685   64608   0.00    20.95
64685   65356   17.67   105.78
64689   65029   10.00   46.68
64702   65321   8.17    103.17
64714   64003   6.00    106.62
64716   64856   3.00    61.83
64716   65275   6.25    82.73
64717   64444   6.31    124.05
64717   64479   0.00    58.62
64730   64293   8.44    62.67
64730   64197   9.47    108.72
64732   65004   8.50    42.24
64737   64809   12.60   21.28
64747   64782   17.57   9.94
64760   64630   5.40    38.96
64782   65480   10.77   101.19
64782   65148   9.05    77.19
64803   65059   10.00   43.33
64803   64732   10.59   36.86
64809   64803   8.75    32.16
64809   65059   8.50    37.27
64816   65367   5.22    79.60
64829   64961   4.75    20.22
64829   65257   7.09    135.69
64833   65137   7.60    107.92
64833   64134   8.00    109.74
64838   65407   8.17    96.17
64848   64879   7.40    10.55
64853   64518   7.22    46.26
64853   64737   15.00   45.52
64856   65654   10.65   126.67
64858   64760   8.33    30.31
64865   65257   13.67   54.95
64865   64530   7.25    110.06
64879   64587   20.00   55.32
64879   65043   21.22   79.19
64903   64645   3.00    37.05
64903   65813   2.43    143.98
64904   64730   7.14    75.67
64911   64417   7.67    75.65
64912   64603   8.33    105.63
64912   64212   6.75    109.10
64917   65171   8.50    62.68
64920   64685   20.00   70.42
64920   65667   7.42    121.25
64922   64858   6.91    19.21
64922   64432   4.25    73.38
64943   64352   4.25    84.90
64952   64601   6.11    105.99
64958   65029   7.67    73.04
64958   65468   7.22    76.92
64961   65113   9.31    26.30
65004   65546   9.38    92.36
65004   65353   6.50    57.50
65006   64840   9.83    68.38
65006   64717   2.50    46.80
65029   65175   10.00   22.62
65034   64920   7.43    35.60
65034   64314   6.90    125.60
65037   65383   6.00    97.06
65039   64351   14.33   110.08
65039   64377   20.00   102.30
65043   65401   8.67    72.19
65043   65109   6.81    69.01
65044   64113   0.00    133.81
65050   64922   6.00    43.96
65050   65592   6.75    93.88
65058   64603   5.40    79.55
65059   65233   7.67    30.97
65064   64653   5.43    61.31
65064   64904   9.00    75.63
65068   64660   10.00   60.59
65109   65164   2.00    22.29
65113   65417   9.35    49.83
65113   65352   11.50   79.45
65121   65050   13.25   25.74
65128   65034   6.78    34.36
65137   64637   4.17    78.79
65143   64853   6.50    43.24
65144   64674   8.67    67.89
65148   65782   4.74    113.48
65154   65006   0.00    25.23
65154   65237   6.50    57.62
65164   65171   10.00   2.48
65165   65160   3.00    69.69
65165   64758   0.00    77.90
65171   65383   7.03    65.96
65175   65745   0.00    87.37
65175   65241   10.00   27.97
65190   65699   17.50   116.90
65201   65946   8.14    116.22
65213   65674   0.00    68.62
65213   65068   0.00    43.97
65219   64848   6.40    115.11
65221   65375   0.00    25.90
65221   64912   9.50    111.56
65233   65482   0.00    40.00
65233   65260   0.00    30.75
65237   65321   9.20    62.31
65237   64444   7.57    128.61
65241   64858   7.65    71.04
65250   65128   6.80    34.45
65250   65039   7.67    34.15
65253   64730   10.18   75.11
65257   65599   0.00    50.46
65260   65143   6.50    25.86
65266   65978   4.75    108.16
65272   64952   9.08    105.87
65273   65602   14.33   84.58
65273   65165   26.50   61.94
65275   65810   10.23   82.82
65279   64567   3.00    122.34
65283   65614   7.12    93.47
65290   65272   10.00   24.41
65290   65675   6.87    58.90
65293   65165   0.00    25.70
65306   65635   11.13   77.84
65306   65121   13.25   60.59
65321   65517   5.75    33.68
65321   65407   10.29   64.08
65352   65599   20.00   79.45
65353   65515   8.13    25.97
65353   65250   0.00    37.01
65365   65290   8.00    68.41
65365   65154   0.00    32.63
65367   65899   2.33    79.60
65375   65801   9.89    88.65
65375   66229   5.00    129.08
65378   64828   8.13    79.76
65383   65614   7.80    44.43
65401   65534   15.00   31.27
65401   65727   14.22   63.13
65407   65795   9.00    64.61
65409   65143   8.29    67.08
65409   64911   6.63    76.51
65417   65306   6.00    38.26
65431   64535   8.92    128.30
65442   65511   50.00   58.95
65442   64714   4.75    106.65
65459   66014   3.17    91.14
65459   65279   30.00   62.28
65468   65913   8.50    75.80
65472   65253   10.86   112.25
65472   65064   5.18    63.63
65480   66157   9.28    101.21
65482   65260   7.00    40.00
65504   65653   10.00   21.55
65511   64943   9.00    84.90
65515   65680   4.18    25.81
65517   65694   10.00   29.42
65517   65365   12.20   110.37
65521   65221   7.00    108.62
65521   64833   5.17    109.01
65534   65757   3.00    44.16
65534   65960   8.47    111.93
65537   64912   7.67    98.73
65546   65933   0.00    64.76
65546   65724   8.67    77.06
65547   65863   10.00   89.34
65579   65511   0.00    10.12
65592   66213   6.15    95.83
65594   65219   6.00    115.11
65594   65272   6.00    57.02
65599   65928   0.00    51.73
65602   65830   5.50    82.61
65614   65863   5.00    49.98
65635   66147   11.00   81.31
65651   65144   11.50   74.52
65651   65579   3.00    54.50
65653   66112   6.88    71.17
65653   65898   9.45    81.66
65654   65776   0.00    19.41
65665   65409   5.00    63.60
65665   64941   6.14    119.00
65667   65459   5.50    70.61
65667   66234   3.00    92.32
65675   66378   0.00    107.53
65680   66063   7.64    66.88
65680   65779   3.00    26.68
65694   65740   3.00    31.19
65694   65868   11.50   32.11
65699   65253   6.00    68.56
65710   65417   7.54    99.27
65718   65651   1.00    10.25
65724   65482   10.00   34.80
65724   65409   6.42    99.07
65725   65654   13.26   29.14
65727   66167   8.25    92.47
65734   65137   5.29    113.20
65734   65521   8.47    76.74
65740   65795   3.00    32.81
65745   66280   11.00   87.15
65753   65241   9.70    87.63
65757   66006   9.43    38.08
65757   65768   14.00   13.32
65768   65727   7.83    25.67
65775   65675   25.40   80.54
65776   66012   3.00    38.60
65776   65725   3.00    21.33
65779   65837   0.00    18.94
65779   66349   0.00    86.60
65782   66153   7.46    110.26
65795   65889   10.20   81.83
65795   66137   4.75    62.37
65801   66200   5.71    88.86
65810   65725   7.25    33.95
65813   66018   15.33   40.52
65813   65874   0.00    61.39
65830   65160   10.86   99.82
65833   65109   7.83    145.77
65836   65718   7.50    116.35
65836   65144   4.67    143.13
65837   65515   7.56    55.03
65837   65933   11.00   30.53
65851   65148   7.63    103.91
65863   66385   9.89    105.55
65868   66459   7.69    93.15
65868   65775   6.50    80.54
65869   65128   10.90   120.35
65869   65667   3.00    70.84
65874   65442   11.00   64.89
65889   65058   7.67    145.80
65891   65665   12.44   63.38
65891   66371   9.20    104.48
65898   65594   3.00    51.56
65899   65909   0.00    60.78
65899   66788   9.60    127.46
65909   65378   5.86    79.76
65909   66297   6.40    84.00
65913   65891   0.00    5.17
65928   65710   9.80    85.01
65928   66821   0.00    127.69
65933   66150   8.33    110.78
65934   65279   5.33    101.42
65936   65044   0.00    133.88
65946   65810   8.04    75.68
65948   65740   0.00    36.84
65960   66093   9.33    31.96
65969   65830   9.33    22.44
65969   65979   9.00    39.73
65974   65710   10.29   44.39
65974   66086   6.76    125.48
65977   65665   6.55    76.76
65978   66201   10.00   32.88
65979   66201   12.60   39.45
65979   65978   8.00    23.22
65992   65058   9.29    139.06
66006   65960   10.50   121.38
66006   66431   5.50    61.45
66012   66202   10.75   29.34
66014   65934   0.00    24.89
66018   66544   5.00    75.00
66062   66775   6.94    120.45
66062   65969   7.25    24.90
66063   66380   5.62    48.34
66063   65869   13.20   70.81
66086   65417   9.50    112.67
66086   66147   11.50   62.14
66093   66394   11.50   41.74
66093   66269   10.38   43.97
66096   66202   6.75    45.56
66096   66012   7.00    38.03
66100   65898   5.50    30.76
66106   66062   6.75    15.80
66106   65836   19.00   100.27
66107   65946   7.52    80.05
66107   65472   8.54    98.19
66109   65521   5.83    92.72
66112   66473   9.00    49.91
66112   66100   10.75   83.35
66125   66096   3.00    17.48
66132   65579   6.67    85.20
66147   66213   4.75    65.64
66150   65724   11.20   65.32
66150   65977   9.20    75.12
66153   65699   9.38    70.24
66153   66107   6.90    79.84
66157   66861   13.21   101.26
66167   66808   12.00   124.49
66167   66867   7.43    100.38
66200   66583   3.00    75.07
66200   65537   9.35    99.95
66201   66788   10.07   100.88
66202   67149   10.44   143.27
66202   66410   10.38   87.44
66212   66828   11.91   96.81
66212   66014   50.00   65.49
66213   66277   6.43    76.73
66217   66245   3.00    72.45
66229   67109   10.38   129.48
66234   66212   0.00    4.67
66245   66106   7.40    38.03
66260   66453   8.43    34.27
66260   65913   10.00   82.38
66269   65554   0.00    118.28
66269   66478   9.83    47.51
66277   66302   5.50    28.73
66280   66260   14.33   7.18
66280   66554   20.00   37.32
66290   66125   7.44    66.01
66291   65768   4.36    79.31
66297   65431   3.75    128.30
66302   66280   11.00   9.92
66302   65753   8.90    88.53
66341   65851   13.25   99.88
66345   67146   10.50   125.76
66345   66234   0.00    40.79
66349   66832   11.00   69.02
66353   67068   5.43    106.79
66371   66597   7.75    101.69
66378   67170   0.00    115.92
66380   66678   6.87    43.97
66380   66549   6.00    37.25
66394   66839   9.39    64.91
66394   66431   10.85   145.44
66408   65718   4.75    103.41
66408   66217   10.75   123.80
66410   66593   7.75    79.74
66410   65946   11.17   69.95
66431   66850   3.00    60.04
66446   66345   7.40    29.18
66446   65869   7.80    92.31
66453   66506   0.00    10.21
66455   66740   0.00    41.91
66455   66378   9.46    121.19
66459   66455   3.00    25.09
66466   66473   20.00   95.35
66466   66100   8.11    50.56
66472   66459   3.63    87.34
66473   66478   0.00    11.98
66478   66834   11.07   65.81
66482   65889   8.29    91.20
66482   66472   7.10    87.34
66501   65874   5.40    90.35
66506   66971   10.67   116.87
66506   66609   15.00   24.72
66517   67081   10.80   91.80
66517   66446   3.00    20.15
66529   66153   8.64    53.12
66530   65833   8.67    145.05
66544   66957   2.43    63.82
66549   67011   0.00    77.65
66549   66712   3.00    40.45
66554   66453   0.00    20.05
66554   66609   0.00    9.69
66556   66353   8.67    32.08
66559   65974   14.60   89.47
66559   66086   11.68   112.53
66560   66349   8.90    75.97
66583   66956   6.63    75.26
66593   66107   6.63    71.82
66593   66777   6.00    80.34
66597   66150   9.64    63.13
66597   66560   5.92    75.22
66609   67023   0.00    66.71
66664   65909   3.00    106.03
66667   66733   0.00    22.23
66667   65734   6.83    135.35
66678   66517   20.00   51.22
66678   66921   3.71    42.79
66685   65934   0.00    104.79
66697   66245   0.00    78.20
66712   66832   1.00    32.80
66712   67143   0.00    72.01
66720   67132   10.00   70.69
66720   66147   10.86   106.00
66730   65851   8.54    127.32
66730   66851   9.44    72.83
66733   66018   4.00    127.53
66737   66050   1.00    95.57
66739   66132   10.33   85.19
66739   66501   6.42    63.25
66761   66213   10.00   84.28
66764   66217   5.75    113.52
66773   66951   3.00    32.65
66773   66109   10.08   93.34
66775   67501   4.18    120.98
66777   66946   8.19    79.65
66788   67382   6.80    105.02
66821   67712   0.00    127.69
66828   67399   11.44   96.33
66832   67313   8.67    114.02
66834   66839   8.73    109.50
66834   67247   6.14    66.40
66839   66850   6.06    145.22
66839   67261   11.50   60.63
66850   67282   14.33   63.13
66850   66853   1.00    9.80
66851   66861   0.00    14.12
66851   67446   9.61    90.71
66853   66291   9.00    79.31
66853   66867   5.33    92.62
66861   67324   12.22   68.72
66867   67508   6.44    90.21
66870   66948   6.00    52.77
66870   66482   5.83    58.83
66871   65936   0.00    133.89
66876   66730   0.00    24.85
66921   67562   6.67    100.38
66921   67011   10.00   35.45
66927   66559   4.75    64.92
66927   66720   9.40    65.38
66941   66990   8.11    103.62
66946   67173   9.63    80.91
66946   66341   6.88    101.48
66951   67389   7.45    75.59
66952   66501   9.36    69.32
66952   66957   6.50    21.01
66956   65992   9.58    139.07
66956   67452   8.00    98.35
66957   67222   3.00    44.54
66966   66739   9.38    59.61
66966   66408   7.14    81.48
66969   66667   6.40    46.17
66969   66733   6.75    40.28
66971   67233   8.10    114.73
66990   67386   5.33    107.22
66999   66544   3.00    85.79
67009   67364   15.00   103.11
67009   66927   0.00    13.63
67011   67143   0.00    39.39
67019   66277   19.00   116.61
67020   67179   8.76    88.99
67020   67138   0.00    20.44
67023   67150   10.00   18.57
67023   67020   6.75    17.25
67042   67023   11.50   9.59
67042   66302   9.06    112.44
67068   67810   12.80   107.30
67081   67669   8.25    91.80
67102   67228   4.00    81.31
67102   66870   4.75    35.11
67109   68033   9.14    129.58
67112   66593   10.67   81.20
67115   66297   10.46   117.51
67129   67042   11.25   37.90
67132   67654   13.33   85.48
67132   66761   9.00    81.62
67135   66697   14.60   78.41
67135   66764   2.43    111.07
67138   67300   10.00   26.56
67138   67150   2.43    18.39
67143   67456   6.50    77.66
67146   67932   16.60   125.39
67149   67476   11.29   47.07
67149   66410   7.00    113.72
67150   67166   0.00    10.32
67150   67277   3.00    19.02
67156   67334   0.00    38.32
67156   67138   5.83    39.77
67166   67226   6.25    34.74
67166   67042   6.81    18.82
67170   66466   10.22   105.99
67173   67446   10.31   81.78
67179   67156   6.48    38.72
67222   66952   7.25    40.64
67226   67311   5.82    51.69
67226   67129   6.50    19.81
67228   67307   4.11    120.03
67228   66941   5.33    106.82
67233   67313   0.00    60.54
67233   66597   13.22   94.65
67247   67261   9.82    137.80
67247   67355   3.00    16.37
67259   67222   7.83    4.67
67261   67282   10.18   145.53
67261   67699   6.38    61.71
67269   66556   15.00   106.38
67277   68153   11.00   131.48
67282   67719   7.25    61.81
67293   67715   8.67    96.69
67294   66777   4.75    81.11
67300   67277   10.00   24.34
67307   67386   3.00    120.00
67311   67129   6.14    49.83
67311   67641   8.05    116.28
67313   67456   10.79   85.23
67319   67233   11.50   12.65
67319   67179   3.00    95.62
67324   67689   11.79   52.07
67324   67399   14.33   46.45
67327   66556   6.50    133.64
67334   67300   15.00   9.17
67355   67688   9.86    47.98
67377   67833   15.00   66.82
67382   66664   13.67   106.03
67382   67936   1.00    98.45
67389   66737   14.33   95.57
67389   67493   10.00   15.11
67399   66685   6.03    104.79
67428   66952   5.14    129.82
67428   66966   8.15    67.76
67446   67689   8.67    76.90
67446   67751   5.33    45.60
67452   67102   4.43    49.79
67456   67577   9.29    90.41
67456   67525   10.00   16.39
67458   67508   10.25   88.73
67466   67828   0.00    56.39
67466   67293   2.00    93.84
67468   67550   0.00    122.73
67468   67334   0.00    30.40
67476   67567   11.20   14.27
67476   67729   8.94    117.17
67493   68033   7.70    92.93
67496   66946   7.07    81.00
67501   67135   10.69   104.14
67501   68034   11.33   92.23
67508   67917   11.50   61.08
67525   67319   20.00   134.19
67525   68346   3.00    120.04
67536   67166   11.36   55.31
67550   67319   10.00   31.77
67562   67649   2.33    14.09
67564   67452   3.00    16.34
67564   67663   9.08    88.34
67567   67664   7.25    44.13
67567   68063   5.83    73.92
67572   67173   9.07    58.21
67577   67562   1.00    90.63
67582   68245   7.37    104.91
67594   66999   6.25    87.76
67598   68466   0.00    127.21
67598   67525   11.50   47.64
67630   67466   7.47    73.68
67638   66969   7.21    98.04
67641   67654   0.00    4.77
67641   67019   9.62    114.00
67648   66853   0.00    114.01
67649   67721   0.00    11.54
67654   67716   5.76    21.66
67660   67386   7.00    144.23
67663   67660   6.38    140.67
67663   67228   9.43    60.47
67664   67112   5.83    81.27
67664   67830   12.22   79.96
67669   68241   0.00    89.10
67680   68265   11.50   85.24
67680   67598   7.00    51.91
67685   68337   9.68    102.76
67685   67680   11.50   4.01
67688   67699   12.60   131.36
67688   68237   8.55    95.82
67689   67959   11.32   38.69
67692   67828   11.50   76.63
67699   67719   9.38    144.34
67699   68675   7.54    140.57
67712   67797   0.00    39.93
67712   68060   0.00    48.47
67715   67692   10.25   74.10
67716   67837   5.73    46.39
67716   68366   6.42    101.85
67719   68306   6.40    105.47
67721   68281   7.53    88.46
67721   67752   0.00    48.44
67726   67536   7.67    92.86
67739   67685   11.50   37.25
67748   66773   5.08    143.84
67751   67572   14.33   80.46
67751   68066   11.50   47.36
67752   67739   0.00    14.02
67752   67649   8.80    45.97
67758   67259   0.00    119.39
67781   67564   6.44    33.36
67781   67833   7.71    80.28
67794   67536   14.27   40.81
67797   66871   0.00    133.89
67810   68559   2.00    107.27
67828   68021   11.00   92.12
67830   68032   9.44    79.55
67830   67294   2.33    81.11
67833   68759   10.22   130.35
67834   67688   11.50   65.20
67834   67170   7.88    96.69
67837   67881   7.25    15.50
67837   67009   9.30    136.50
67845   67364   9.85    76.59
67857   67399   0.00    67.26
67863   67572   4.40    46.43
67872   67594   6.54    113.90
67872   67259   11.00   92.66
67873   67917   9.86    97.88
67881   68190   5.95    96.06
67917   68378   6.50    76.16
67932   67857   0.00    30.45
67932   68276   11.13   60.53
67936   67115   10.65   117.47
67959   67751   23.33   89.72
67959   68271   10.48   46.31
67969   66951   6.40    145.65
67978   68068   12.00   81.51
67978   67550   9.80    60.52
67981   67468   7.67    132.47
67981   67978   0.00    3.37
68000   67726   11.29   93.53
68000   67654   11.22   64.07
68020   67269   8.67    106.41
68021   67428   3.00    111.99
68032   67496   7.60    81.00
68032   68211   4.88    79.43
68033   68621   10.33   87.88
68033   68559   2.00    93.84
68034   68549   5.83    92.18
68042   67794   6.70    78.04
68049   68266   5.50    116.60
68049   67692   9.80    62.02
68060   68214   0.00    21.48
68063   67664   6.33    59.51
68063   68800   3.30    112.90
68066   68387   0.00    48.30
68066   67863   8.00    80.47
68068   68346   9.33    58.59
68068   67696   0.00    55.01
68129   68060   0.00    45.73
68129   67797   0.00    44.76
68153   68565   8.89    65.20
68153   67981   3.00    124.50
68187   67794   6.68    56.19
68190   67845   6.35    50.84
68190   68557   7.28    136.79
68211   67863   0.00    48.63
68211   68387   5.40    80.70
68214   68557   3.00    52.64
68214   67845   0.00    118.38
68237   68675   10.00   94.49
68241   68787   20.00   89.26
68245   68964   7.25    106.40
68255   68685   6.50    109.36
68255   69123   24.80   128.79
68265   68466   0.00    80.87
68266   68021   7.50    93.42
68266   68526   6.75    144.15
68271   68066   16.75   93.31
68271   68577   11.50   53.69
68276   67857   1.00    59.69
68279   67648   8.29    110.95
68280   67327   3.00    136.38
68281   68843   13.29   88.40
68289   67594   3.00    115.80
68289   67638   8.64    97.86
68299   69089   5.83    116.85
68299   68255   6.00    83.06
68306   68947   9.47    106.23
68312   68378   5.00    142.46
68337   68828   7.25    78.13
68345   68299   10.00   54.42
68346   68464   20.00   18.87
68362   68042   10.88   79.04
68362   68000   7.08    73.88
68366   69008   12.71   101.67
68378   68816   5.60    88.11
68380   67493   9.69    128.26
68384   67715   3.00    104.93
68387   68479   5.83    47.80
68387   69330   10.25   140.95
68397   67834   0.00    102.63
68410   68911   6.50    104.44
68438   67978   37.67   67.50
68438   68565   9.69    95.87
68456   67781   5.47    100.77
68456   68345   10.73   136.88
68464   68478   0.00    3.96
68466   68464   11.25   34.98
68466   68591   1.00    18.29
68477   67739   9.86    118.54
68478   68438   11.53   140.11
68479   69039   10.00   81.90
68479   68577   20.00   36.09
68492   68266   11.50   83.32
68526   68543   0.00    7.61
68526   67758   0.00    121.71
68543   68609   11.50   23.62
68543   68914   10.75   53.86
68547   68289   5.33    41.00
68547   68717   2.00    35.43
68549   68756   3.00    33.39
68549   67936   9.77    91.14
68557   68753   0.00    25.86
68557   68665   6.75    31.15
68559   68757   0.00    32.21
68559   69326   8.50    106.24
68561   68970   3.00    139.72
68561   68190   6.27    62.44
68565   69120   6.56    80.81
68577   68619   10.68   16.39
68577   69476   0.00    139.72
68578   68362   3.00    48.11
68578   69008   9.50    83.70
68579   68129   0.00    66.29
68591   68478   8.67    35.53
68601   68187   8.95    66.31
68609   67872   6.25    123.42
68609   68766   11.00   28.25
68619   68664   20.00   12.94
68621   69256   7.00    87.94
68632   68578   3.00    12.34
68632   68187   8.69    129.07
68664   68687   0.00    6.89
68665   68579   0.00    12.27
68665   68723   12.93   12.98
68675   68947   8.24    55.33
68685   69170   10.22   109.97
68687   68787   12.00   57.60
68687   68276   12.11   62.12
68717   68979   2.50    63.95
68717   67748   6.83    143.69
68723   68809   8.38    29.54
68742   69401   12.60   94.89
68742   68632   0.00    19.72
68744   68492   11.00   118.49
68751   68547   11.50   96.92
68753   68950   0.00    36.08
68753   69468   0.00    106.02
68754   68784   4.00    103.07
68756   68809   0.00    9.29
68756   68723   6.56    28.36
68757   69220   10.29   78.56
68757   68020   7.10    106.35
68759   69640   8.00    129.76
68766   68911   3.00    27.91
68778   68800   3.00    13.47
68778   67830   7.23    142.06
68784   68816   9.00    103.06
68787   68843   14.80   53.90
68791   68880   6.50    32.48
68791   67881   10.42   142.35
68800   69331   1.00    76.04
68802   68049   3.78    124.06
68802   68492   1.00    59.18
68809   68956   8.50    93.90
68816   69302   0.00    77.74
68828   69343   7.00    78.13
68838   68397   0.00    101.06
68839   68665   0.00    25.02
68843   69076   6.00    35.56
68863   68337   11.91   88.42
68880   69670   20.00   121.43
68880   69079   10.29   62.54
68911   69345   6.00    79.79
68913   68561   8.71    55.43
68913   69157   11.50   76.41
68914   68744   3.83    97.69
68914   69601   20.00   101.26
68930   68456   6.41    85.59
68937   68279   5.11    111.22
68947   68937   20.00   9.97
68947   69509   7.40    79.95
68950   69049   10.41   23.34
68950   68839   11.29   15.08
68952   68742   10.57   46.26
68952   68601   9.73    96.59
68956   68756   6.20    93.06
68956   68964   6.64    6.25
68959   68778   5.00    81.60
68959   68032   11.50   140.70
68964   69043   8.38    57.24
68979   67969   6.39    145.70
68979   69277   9.25    69.78
69008   69061   1.00    11.71
69026   68438   6.67    82.64
69026   69030   14.28   98.57
69030   69227   10.95   99.23
69039   69476   0.00    80.36
69041   68802   12.50   105.51
69043   69109   7.76    43.47
69043   69666   10.12   90.93
69049   69094   0.00    13.79
69061   69740   13.25   127.83
69061   69389   9.50    59.14
69076   69862   5.43    129.95
69079   68913   7.25    24.78
69089   69837   6.00    117.10
69094   68809   0.00    39.62
69103   69026   3.00    11.10
69103   69193   0.00    52.15
69109   68384   9.00    106.00
69109   69247   5.17    66.31
69120   69026   5.86    57.45
69120   69193   3.00    11.75
69123   69732   8.60    125.46
69141   69103   10.00   125.93
69148   68601   10.09   79.14
69148   69120   3.00    10.75
69149   68959   15.11   78.55
69149   68211   8.44    140.83
69157   69368   0.00    76.37
69170   69484   0.00    61.11
69170   69653   6.31    74.57
69172   68345   6.54    116.59
69193   69224   0.00    10.43
69193   69743   11.14   88.35
69209   69049   0.00    36.03
69209   68950   20.00   36.76
69220   68280   11.00   135.82
69220   69351   7.86    21.81
69224   69390   3.60    52.00
69224   69148   10.00   12.56
69227   68591   11.00   97.12
69227   69651   9.86    106.88
69242   70025   8.57    121.74
69242   69216   3.00    60.01
69247   70183   8.13    148.28
69247   68802   6.75    62.22
69247   69397   6.96    44.59
69250   68477   9.13    118.54
69250   69076   12.00   55.80
69251   68456   5.79    133.42
69256   70014   7.03    118.90
69274   69827   4.67    86.14
69274   69242   20.00   63.38
69277   69256   6.67    68.10
69277   68380   5.35    128.30
69296   69227   0.00    10.23
69296   69141   8.14    68.03
69302   69274   6.40    63.05
69302   69854   4.75    86.11
69326   69988   19.00   106.25
69330   69149   3.00    78.85
69330   70082   10.42   130.14
69331   69791   11.20   76.03
69336   69424   0.00    78.62
69336   69079   4.25    39.19
69342   69148   9.87    57.56
69342   68952   8.14    80.79
69343   69830   8.39    84.01
69343   69250   8.67    31.98
69345   69531   11.00   36.71
69345   68751   7.70    101.12
69351   70226   10.31   139.49
69351   69645   14.33   53.89
69365   68766   10.00   84.96
69379   68744   10.00   94.41
69387   69336   1.00    10.21
69387   69661   4.25    91.66
69389   68791   14.60   94.34
69389   69670   11.00   46.81
69390   69943   12.29   130.19
69390   69342   0.00    12.78
69397   69720   2.56    73.91
69397   70138   11.00   117.55
69401   70006   8.36    94.90
69424   69688   0.00    79.99
69440   69094   7.40    51.75
69440   69491   0.00    21.09
69460   68757   7.25    100.17
69463   69996   9.20    100.08
69463   68930   9.00    86.46
69468   70018   50.00   104.25
69472   68937   6.20    75.20
69472   69302   0.00    62.54
69476   69966   0.00    83.90
69489   68687   10.50   121.48
69491   69883   0.00    104.29
69491   69901   0.00    67.71
69494   69365   13.20   62.01
69509   70440   0.00    145.16
69509   69472   8.67    11.04
69514   69710   6.50    30.77
69514   68863   0.00    90.05
69531   70016   10.25   84.91
69531   69586   0.00    9.66
69564   69073   6.36    120.98
69586   70044   0.00    76.58
69586   69494   0.00    50.46
69601   70210   6.00    101.31
69638   69645   0.00    1.74
69640   69638   0.00    6.96
69645   69706   0.00    13.96
69647   69640   0.00    1.82
69647   69251   6.18    128.79
69651   69514   0.00    22.19
69651   69710   0.00    12.62
69664   69647   0.00    3.64
69666   70228   8.84    90.91
69670   70170   8.95    84.80
69680   69725   7.93    71.67
69680   69686   11.00   50.68
69686   69806   11.50   46.38
69686   69141   11.50   82.31
69706   69664   3.00    9.15
69706   69745   0.00    11.14
69710   70531   11.33   144.60
69710   69761   0.00    13.28
69713   69296   3.00    105.58
69713   69651   0.00    12.65
69720   69041   12.29   111.98
69720   69822   6.44    26.52
69725   69743   0.00    9.89
69725   69103   10.07   93.79
69729   69686   0.00    7.72
69729   69680   9.00    50.12
69732   70362   6.17    126.24
69740   70101   15.00   84.51
69740   70188   13.25   78.06
69743   70225   11.33   81.51
69745   69782   0.00    11.13
69745   70542   7.67    126.35
69750   69224   8.21    84.61
69750   69785   0.00    11.43
69761   69713   0.00    11.33
69782   69664   3.00    22.97
69782   70236   21.00   78.94
69785   70288   7.00    124.81
69785   69390   9.45    87.63
69791   70641   9.67    135.36
69791   69526   8.33    140.24
69806   69729   4.75    44.64
69806   70171   9.00    91.99
69822   69959   9.65    32.48
69822   70462   8.57    99.04
69827   70378   9.38    86.14
69830   70317   6.33    84.01
69841   70018   11.00   64.79
69841   69661   1.00    32.68
69849   69810   0.00    53.25
69849   69761   16.67   18.22
69854   70409   8.67    86.11
69861   69209   15.75   117.38
69862   70649   10.29   129.95
69880   70130   5.14    91.86
69880   69387   7.00    83.01
69886   69365   3.00    81.98
69896   69342   11.05   130.39
69899   69970   0.00    46.96
69899   69440   6.22    78.33
69908   69172   7.33    116.33
69908   70312   3.00    95.04
69941   69791   6.75    80.48
69941   69149   7.00    128.42
69942   69472   3.00    75.09
69943   70146   0.00    36.71
69943   69896   0.00    11.40
69959   69379   6.63    94.47
69959   70210   4.97    60.87
69964   69494   0.00    77.12
69966   70490   0.00    83.90
69970   70477   3.00    76.95
69970   70037   11.50   45.84
69973   69899   3.00    12.59
69981   69463   7.00    120.80
69985   70390   0.00    63.29
69988   70686   6.50    105.76
69996   69908   10.00   25.47
70006   69896   10.33   20.99
70010   69250   7.86    130.21
70014   69564   7.62    121.03
70014   70621   6.88    89.21
70016   70594   9.86    85.72
70018   70637   11.00   106.81
70037   70109   9.00    45.84
70037   70545   9.80    77.14
70044   70556   9.00    76.60
70072   69750   9.62    55.33
70082   69941   6.50    71.91
70082   70762   24.50   103.73
70090   69460   11.00   100.18
70101   70146   0.00    11.69
70101   70006   3.00    15.18
70109   70172   20.00   45.16
70130   69841   9.40    48.52
70138   70183   10.75   30.77
70138   70562   11.50   62.57
70146   71001   8.80    130.94
70170   69880   5.90    51.26
70171   70726   12.68   94.61
70172   70228   7.56    45.53
70183   70552   0.00    54.37
70183   70356   8.17    126.04
70188   70694   9.50    78.50
70189   70170   0.00    3.80
70197   69489   3.00    121.42
70210   70788   8.98    124.03
70225   70712   9.05    85.48
70226   71176   6.48    138.76
70228   70356   8.80    18.61
70230   69729   8.30    81.15
70230   70225   8.58    87.21
70236   70745   6.00    79.12
70269   70072   9.25    32.26
70269   70668   10.94   90.24
70288   69943   5.70    86.76
70288   70976   9.55    105.52
70312   70863   3.00    96.40
70317   70531   9.89    89.55
70317   70538   11.00   34.12
70356   70740   11.50   56.86
70362   71152   6.09    116.58
70367   69996   11.88   89.06
70378   70409   11.00   61.30
70382   70621   9.69    138.55
70390   70875   0.00    81.66
70390   70362   0.00    52.93
70400   69973   11.00   73.44
70409   71041   15.57   88.79
70409   70435   9.20    62.38
70410   70460   5.13    31.05
70410   69886   4.67    81.97
70414   70011   0.00    65.04
70435   70440   0.00    7.92
70435   69942   10.33   75.09
70440   70500   0.00    65.33
70440   71138   22.00   98.65
70454   69973   0.00    73.35
70454   70400   0.00    22.25
70457   70885   3.56    80.53
70457   70251   2.50    45.37
70460   70556   3.00    49.54
70460   69964   8.27    77.16
70462   71111   8.64    93.95
70462   70562   8.60    59.63
70474   70130   9.00    56.74
70474   70189   9.50    93.45
70477   70991   7.36    76.94
70490   70414   0.00    25.78
70490   70889   0.00    60.77
70500   71553   0.00    146.55
70500   69797   0.00    109.84
70526   69861   11.50   117.41
70531   70741   10.00   33.96
70531   70563   11.50   11.05
70538   71077   6.00    83.55
70541   70288   8.43    54.50
70541   70072   13.33   108.04
70542   71446   9.20    126.39
70545   71080   0.00    77.14
70548   70863   50.00   63.58
70552   70656   4.67    75.29
70552   70610   3.00    7.71
70556   70594   11.00   58.13
70562   71242   0.00    96.07
70562   70610   11.50   31.80
70563   70726   7.13    82.40
70563   69849   10.00   120.83
70566   70269   10.13   43.67
70582   70538   16.67   13.73
70594   70382   11.80   136.78
70594   71139   7.00    78.25
70610   70910   2.00    45.53
70621   70710   4.00    14.46
70637   71318   20.00   103.27
70637   70474   12.60   50.34
70641   69941   8.00    109.34
70649   71531   11.30   129.95
70656   70740   5.17    75.19
70668   70541   11.33   29.72
70668   71581   11.58   127.81
70670   71158   8.80    87.74
70670   70457   3.00    47.84
70686   70736   5.50    27.08
70686   70777   0.00    13.57
70694   70189   8.63    80.58
70710   70714   15.75   14.58
70710   70769   0.00    7.63
70712   71081   6.42    94.71
70714   70735   3.00    9.14
70726   70960   13.33   33.92
70726   70915   6.50    84.60
70735   70758   0.00    8.44
70736   70090   4.75    99.65
70740   71230   7.25    66.62
70741   70582   5.40    76.35
70741   71310   0.00    77.95
70745   70879   7.88    70.83
70745   69981   6.76    124.29
70758   70769   4.88    14.59
70758   70714   20.00   5.60
70769   70825   3.00    44.63
70770   70563   0.00    34.06
70770   70741   0.00    11.02
70777   70710   8.86    45.86
70777   70825   1.00    7.04
70788   70410   6.90    54.16
70788   71085   4.59    89.23
70789   70109   20.00   101.84
70791   70566   10.75   34.68
70791   70712   7.92    31.47
70815   70010   7.00    130.21
70821   70101   11.90   113.23
70825   71750   10.71   132.79
70825   70877   1.67    21.47
70833   70777   0.00    21.68
70833   70736   10.00   13.11
70863   71240   4.50    68.61
70863   70996   0.00    24.45
70877   71007   3.23    35.80
70877   70833   0.00    6.70
70879   70367   5.11    90.80
70885   71358   6.50    80.53
70887   70454   10.00   64.06
70891   70670   10.50   49.18
70903   70735   4.64    71.26
70910   71305   2.60    51.85
70910   71035   7.25    81.00
70915   71081   10.00   74.88
70915   70230   10.36   140.87
70960   71360   11.67   51.52
70960   70770   3.00    88.46
70976   71753   11.33   106.48
70978   70197   11.89   121.42
70996   70251   6.40    145.68
70996   71094   3.00    14.21
71001   71973   12.11   131.76
71006   70462   8.14    143.95
71006   71111   5.20    56.67
71007   71176   3.00    29.81
71007   70833   2.00    38.60
71035   71308   3.00    81.96
71051   71006   0.00    4.86
71065   70414   0.00    98.92
71081   71351   13.00   34.97
71085   71139   6.30    35.85
71085   71647   7.25    79.76
71092   70435   12.08   92.78
71094   71358   7.25    37.82
71111   71773   8.67    93.31
71111   71242   0.00    60.66
71112   70903   5.65    79.00
71112   72118   8.60    143.73
71118   70891   6.75    48.87
71138   71843   7.43    98.25
71139   71166   8.13    29.45
71152   71622   11.43   64.15
71152   71240   9.80    53.88
71153   70474   8.11    105.72
71155   70960   7.67    81.50
71155   70915   0.00    33.86
71158   71412   6.50    48.76
71158   71662   9.00    90.59
71166   71112   5.50    69.93
71169   70172   10.73   145.05
71176   71446   6.88    53.09
71204   70694   8.36    76.04
71230   71428   8.67    26.24
71240   71988   3.00    108.40
71242   71305   3.00    32.20
71242   71887   0.00    91.08
71305   71467   4.75    91.74
71305   71718   3.00    61.39
71308   71230   0.00    24.58
71313   72284   9.80    137.41
71318   72073   1.00    104.91
71323   72326   12.75   141.07
71332   70526   0.00    118.59
71347   72362   12.71   143.45
71351   71918   11.06   88.73
71351   71155   3.00    76.11
71353   70400   3.00    141.25
71357   70745   6.67    83.75
71358   71662   3.00    51.72
71360   71916   10.07   77.81
71360   71810   8.73    111.16
71367   72077   4.75    106.76
71367   71051   9.20    79.08
71412   71617   8.67    48.97
71412   70891   0.00    87.76
71414   71480   15.00   34.23
71414   70791   7.12    91.41
71417   71118   10.80   48.23
71428   71970   3.88    78.43
71428   71308   0.00    32.02
71446   71506   8.67    13.27
71480   70566   3.71    148.50
71480   71581   7.17    44.30
71500   71118   4.40    73.86
71506   71982   9.57    69.36
71506   71803   3.08    65.54
71535   70789   7.88    101.84
71581   71801   10.00   34.78
71581   71753   10.22   83.69
71595   70903   10.30   95.83
71597   70758   11.15   117.92
71617   71417   0.00    39.55
71617   72226   3.67    113.63
71622   71782   4.75    25.06
71622   71749   3.00    23.54
71624   71801   10.50   77.35
71624   71414   13.50   33.76
71640   70582   8.57    149.47
71647   72667   10.06   139.99
71647   71367   1.00    65.25
71658   70821   10.86   114.38
71662   71989   3.00    50.96
71678   70815   11.36   130.21
71679   71658   0.00    12.91
71679   71204   9.43    75.95
71684   71051   3.88    89.17
71684   71773   11.50   56.10
71718   71875   3.00    88.41
71718   71943   1.00    28.17
71731   70877   6.67    123.58
71733   71092   7.71    92.28
71749   71782   0.00    22.45
71750   72742   10.85   132.73
71753   72004   20.00   33.90
71753   71973   8.73    88.67
71773   71887   8.67    61.47
71773   72479   10.75   94.08
71782   71820   0.00    6.32
71789   71094   8.67    113.24
71789   71662   1.00    45.14
71801   72536   10.20   134.95
71801   72004   12.17   83.00
71803   72775   9.82    130.09
71803   71941   4.57    34.88
71810   70770   9.69    145.81
71820   71216   0.00    108.11
71820   72012   8.33    146.44
71852   71176   5.50    96.53
71852   71982   0.00    59.59
71873   71153   9.58    105.97
71873   72073   3.00    70.63
71887   72603   9.55    94.99
71887   71943   0.00    32.52
71918   72512   11.15   84.23
71918   71984   7.75    33.82
71936   71679   7.00    36.87
71936   71658   2.82    36.41
71941   71357   6.19    83.75
71941   71976   7.11    16.64
71943   72060   8.67    17.55
71952   71936   0.00    3.17
71952   71973   8.19    17.98
71970   72205   10.25   74.51
71973   72197   0.00    33.09
71976   72069   4.83    34.92
71976   72876   6.53    122.54
71982   72635   5.22    87.47
71983   72118   7.10    63.84
71983   71166   9.90    117.05
71984   71624   9.29    89.63
71988   72785   5.40    108.16
71989   72141   3.00    23.97
71989   71412   3.00    107.61
72004   72197   10.00   89.49
72004   72464   0.00    67.35
72032   71417   7.55    136.71
72032   71500   6.86    76.77
72035   71155   10.14   123.55
72060   72472   4.20    55.08
72060   72301   8.67    89.01
72069   72032   0.00    5.59
72069   72149   4.38    28.11
72073   72537   0.00    58.29
72077   71684   4.14    53.39
72118   72717   3.83    79.04
72118   72258   8.67    66.50
72141   71617   9.78    121.78
72141   72804   3.28    96.46
72149   72226   20.00   32.33
72178   72073   11.50   22.35
72178   71332   12.33   119.87
72197   72223   6.50    12.08
72197   72811   7.00    87.07
72205   71169   11.50   145.05
72205   72242   2.00    47.83
72223   72351   9.57    50.39
72223   71952   11.65   42.00
72226   72328   8.67    26.90
72242   71535   6.40    101.88
72242   72284   0.00    48.55
72258   72433   8.00    64.37
72258   71595   6.50    95.79
72284   72326   0.00    48.53
72326   72331   0.00    3.64
72328   72756   5.51    103.77
72331   72344   1.00    19.33
72334   71873   10.60   80.25
72344   72362   0.00    24.25
72351   71521   9.82    129.61
72351   72505   10.65   38.25
72357   71353   10.25   142.62
72362   72357   12.71   44.25
72382   71749   7.00    90.51
72382   72552   3.00    48.54
72395   72077   8.24    41.12
72395   72479   7.83    46.31
72409   71852   8.86    77.27
72416   72382   0.00    4.86
72433   71597   7.47    117.98
72433   72742   10.60   65.61
72464   72907   12.00   80.69
72464   73375   3.00    112.49
72472   72696   3.00    27.02
72478   72531   3.00    42.59
72479   72603   6.22    60.93
72479   72767   3.00    35.72
72482   72301   3.00    22.42
72505   72720   11.50   28.51
72513   72482   7.33    103.30
72531   72564   5.06    6.08
72537   73185   10.53   83.59
72537   72334   10.75   76.83
72552   72690   0.00    18.76
72552   72652   4.67    33.68
72553   72012   0.00    69.60
72553   72531   6.25    18.76
72557   71984   10.26   87.23
72562   72513   12.15   89.50
72564   72812   3.00    32.98
72564   72634   0.00    16.79
72567   72537   0.00    16.06
72567   72178   15.75   47.06
72570   72553   11.29   20.55
72587   72223   6.50    48.52
72587   72935   3.00    77.96
72599   72562   8.58    89.51
72599   72632   4.89    96.86
72603   72696   6.40    34.04
72603   72830   0.00    31.30
72611   72570   11.00   47.47
72632   72928   8.33    98.58
72635   73401   8.22    97.53
72635   72775   11.50   59.78
72648   72611   5.17    46.53
72652   72648   15.00   6.96
72660   71731   8.33    123.63
72667   73773   8.67    140.35
72690   72652   2.33    36.60
72696   72800   6.20    24.55
72702   72472   0.00    87.56
72702   72482   9.82    27.92
72717   73350   3.00    79.00
72720   72976   7.55    36.77
72733   72690   5.92    48.11
72739   72416   5.50    41.17
72739   72733   0.00    5.19
72747   72742   8.67    4.17
72756   72804   2.80    12.12
72756   73164   8.17    53.44
72767   73773   6.62    141.43
72767   72830   6.40    60.70
72774   73291   0.00    110.62
72774   72739   6.57    39.23
72775   72876   11.50   51.10
72775   73591   5.83    104.08
72785   72774   7.20    11.72
72792   72747   8.40    38.87
72797   72792   0.00    3.56
72797   73005   0.00    38.63
72797   72660   0.00    23.64
72800   73047   5.14    66.87
72800   73582   8.33    135.51
72804   72851   1.29    44.35
72811   73375   5.80    85.81
72831   71789   3.50    148.70
72831   72785   7.50    65.15
72842   72395   2.43    56.68
72843   72599   13.25   96.07
72851   72831   6.00    24.85
72852   71983   9.18    117.89
72876   73712   6.00    104.22
72877   72587   7.67    45.67
72877   73252   0.00    68.06
72884   72328   5.39    75.69
72928   73376   6.40    55.03
72935   72720   9.78    39.31
72976   73149   11.50   51.72
72976   73993   7.85    135.47
73005   73401   6.70    66.22
73005   72409   8.30    77.33
73047   73084   7.33    35.41
73067   72984   6.50    27.78
73067   72149   7.94    120.74
73076   72258   3.00    105.10
73080   72513   2.33    70.14
73080   72843   7.85    95.88
73084   74099   0.00    128.60
73084   73092   8.11    49.89
73092   73080   6.43    30.80
73092   73737   8.05    124.11
73164   73630   8.80    59.65
73164   72884   10.00   100.34
73185   73787   0.00    82.55
73217   72928   0.00    104.25
73230   73067   2.00    59.63
73230   72884   4.79    39.61
73247   72567   9.88    85.43
73252   72935   6.40    46.90
73318   72851   4.40    54.76
73350   73919   11.36   78.20
73376   73829   3.00    59.70
73387   73230   5.43    20.32
73391   73047   6.75    58.36
73401   73731   8.17    43.64
73412   72433   8.95    125.26
73422   72690   11.00   89.45
73439   72648   8.00    96.20
73459   72742   20.00   90.17
73485   72877   4.67    92.25
73487   73217   1.00    104.22
73509   73318   21.50   80.45
73582   74430   6.00    137.99
73591   74117   9.00    73.75
73591   73712   11.50   51.37
73630   74050   16.67   59.26
73630   73387   4.67    100.18
73651   73318   6.50    44.83
73662   72733   9.00    113.60
73680   73662   10.25   60.14
73695   73509   6.50    80.38
73695   73662   0.00    4.60
73702   73680   14.90   76.29
73702   72611   8.00    135.02
73711   74138   0.00    59.61
73711   73376   9.20    138.32
73712   74745   4.21    148.75
73716   73702   0.00    47.86
73716   72570   9.47    141.87
73731   74117   15.50   56.32
73737   74020   0.00    54.83
73737   73487   0.00    104.18
73781   72852   7.11    117.87
73781   73350   6.50    101.24
73781   73773   3.00    50.70
73838   73387   5.50    59.57
73845   73247   13.21   84.38
73854   73651   9.20    84.84
73882   73076   5.29    105.05
73916   73737   0.00    76.10
73919   74427   10.45   77.83
73938   73391   8.67    101.32
73940   73067   7.00    115.12
73982   73651   14.33   44.90
74020   74448   0.00    61.35
74020   74061   3.00    7.82
74039   73695   9.83    46.83
74039   73854   0.00    84.86
74050   73838   7.75    100.33
74050   74486   8.43    60.98
74061   73711   10.38   149.17
74061   74449   6.50    63.07
74099   73916   8.67    76.10
74099   74425   5.33    47.02
74106   73459   11.50   90.14
74110   73680   10.00   58.19
74117   74231   3.00    15.95
74159   73702   15.00   67.63
74159   74110   0.00    53.27
74173   73982   3.00    88.05
74195   73731   6.88    83.37
74231   74745   9.14    74.95
74241   73838   4.72    59.17
74246   74159   0.00    42.16
74295   73982   9.83    45.69
74304   74039   1.00    36.33
74313   73412   6.50    125.28
74313   74993   11.00   97.90
74364   74173   10.73   88.03
74364   74304   0.00    9.73
74385   74110   20.00   39.48
74385   74304   3.00    60.07
74417   73391   3.00    140.94
74417   74714   9.00    136.11
74425   74826   11.82   56.24
74425   74436   6.64    138.62
74427   74623   7.57    39.02
74427   74616   8.86    76.01
74430   73938   0.00    101.20
74431   74683   0.00    31.90
74436   74448   0.00    31.08
74436   74847   10.08   58.59
74448   75047   10.00   88.70
74448   74449   5.82    48.92
74486   74866   9.00    60.13
74486   74241   8.73    99.83
74508   74295   3.00    86.83
74553   74385   20.00   80.25
74589   74417   0.00    20.28
74616   73882   3.92    104.96
74616   74313   13.29   96.77
74617   74295   3.00    44.57
74623   73781   8.83    120.11
74623   75060   10.53   111.12
74665   74241   6.83    60.12
74665   74866   6.00    99.52
74668   74195   8.75    83.55
74683   74822   3.00    76.48
74683   75376   3.00    100.84
74684   74508   7.25    86.78
74684   74364   6.50    43.56
74714   74430   5.83    40.07
74729   74675   3.00    23.01
74729   73940   6.00    115.08
74745   74774   8.67    5.33
74774   75098   13.29   64.61
74786   74617   10.29   85.21
74799   74668   0.00    68.42
74799   74231   8.00    104.78
74822   74940   17.73   53.92
74826   74847   9.94    139.27
74826   75253   7.67    59.56
74829   75007   0.00    82.37
74857   74714   20.00   23.48
74866   75010   6.00    70.50
74866   75407   8.21    79.18
74870   74684   12.60   142.88
74889   74729   10.14   61.02
74889   74665   8.00    37.16
74897   74617   9.80    44.40
74940   75060   11.50   58.36
74942   74799   0.00    70.00
74942   74774   7.80    34.29
74959   74786   11.50   85.23
74959   74684   6.75    46.86
75007   75180   1.00    82.22
75010   74897   4.00    17.98
75051   74668   20.00   76.23
75060   75190   8.67    54.25
75060   75536   9.18    89.37
75079   74897   15.00   83.94
75098   75511   9.38    72.48
75098   75256   6.42    58.96
75180   74993   10.50   26.58
75190   75319   16.00   54.18
75210   75010   7.25    27.61
75214   74959   8.24    149.63
75256   74889   4.92    53.16
75276   74959   16.67   43.96
75276   75079   6.25    83.90
75283   74799   4.40    86.52
75319   75439   7.80    53.49
75364   75256   3.38    15.98
75376   74822   9.38    103.16
75396   75210   12.33   82.59
75407   75677   2.60    42.29
75407   75305   0.00    46.12
75417   75089   3.75    47.44
75417   75364   10.00   27.09
75421   74940   9.83    87.78
75439   75548   9.57    54.27
75486   74942   8.67    97.44
75496   75051   7.67    76.23
75511   75668   9.11    30.80
75517   75210   7.00    45.56
75519   75276   3.00    37.96
75548   75841   14.33   55.35
75548   75180   8.00    87.44
75569   75396   7.80    82.57
75569   75519   0.00    7.46
75630   75190   11.38   81.69
75668   76356   8.87    115.22
75677   76053   2.33    60.76
75677   75609   0.00    35.57
75683   75364   6.71    49.79
75683   75511   7.67    85.24
75693   75517   3.00    81.33
75713   75417   0.00    47.05
75736   75283   14.08   86.62
75736   75496   10.00   64.16
75810   75517   2.75    45.42
75818   75569   4.25    40.23
75829   75519   11.83   144.92
75841   76404   8.43    119.30
75859   75693   0.00    81.32
75859   75818   0.00    4.97
75861   76053   5.00    99.07
75861   75683   3.00    27.21
75902   75841   8.17    78.08
75902   75439   3.83    93.32
75929   75496   5.00    86.89
75965   75810   9.20    80.01
75977   75486   12.50   97.48
75977   75736   10.00   63.07
75983   75319   9.21    132.32
76053   76406   7.88    59.65
76089   75810   6.25    45.01
76093   75818   7.00    128.78
76116   75859   12.29   43.40
76131   76116   0.00    2.12
76131   75965   0.00    80.02
76208   75668   7.32    110.11
76208   75977   9.64    64.63
76239   76089   1.67    78.83
76330   76116   2.50    115.88
76355   75929   0.00    87.18
76356   77107   8.50    117.67
76356   76208   0.00    42.90
76391   76131   6.50    45.70
76391   76239   9.00    78.88
76403   75977   7.08    78.25
76406   76798   6.75    61.67
76446   75736   9.33    129.30
76456   77013   7.25    87.42
76514   76391   9.80    18.61
76547   77072   0.00    81.77
76549   75861   3.81    114.96
76580   76406   12.60   81.18
76580   76089   4.61    79.47
76642   76391   12.60   110.41
76646   77117   3.00    74.77
76798   76549   3.00    99.36
76798   77159   5.33    58.74
76862   76403   10.14   78.36
76869   77144   10.00   85.95
76873   76208   6.88    116.12
76949   76549   4.89    60.39
76974   76580   3.47    60.00
76974   76798   10.45   83.57
77013   76974   4.69    43.21
77032   76869   7.67    82.59
77041   77548   0.00    101.36
77041   77013   0.00    25.73
77072   77041   3.00    15.60
77117   77072   4.75    40.32
77144   77117   3.00    22.34
77150   77144   0.00    5.17
77150   77826   10.27   139.76
77233   77150   5.80    67.99
77285   77233   6.75    39.11
77728   77233   3.38    102.60
45407   45329   0.00    17.72
45468   45475   7.25    37.21
45468   45681   6.56    81.93
45475   45769   8.67    65.91
45475   45407   6.56    14.81
45483   45468   6.33    91.52
45681   45835   6.19    81.29
45686   45835   8.67    50.56
45686   45483   11.25   92.94
45696   45686   2.50    4.90
45701   45994   10.69   139.97
45769   46285   6.00    120.46
45831   46066   0.00    131.40
45835   46345   7.82    126.15
45835   45994   5.00    48.21
45911   46146   11.08   102.13
45994   46448   11.29   110.54
45994   46146   10.00   46.63
46015   45696   12.44   124.16
46025   45940   14.33   18.98
46064   45769   11.14   116.24
46066   46258   7.40    40.28
46069   46066   20.00   95.74
46071   46069   10.00   95.74
46146   46539   9.40    93.66
46146   46313   5.33    49.46
46185   46220   2.00    31.53
46185   46025   0.00    34.43
46220   46071   0.00    31.69
46232   45696   11.50   134.42
46253   46220   3.00    12.74
46256   46253   3.00    92.98
46258   46489   20.00   49.67
46258   46256   16.67   92.98
46264   46313   50.00   28.96
46277   46064   3.00    114.18
46285   46851   8.80    120.46
46290   46604   3.00    121.86
46296   46528   11.17   59.87
46313   46644   7.15    80.26
46316   46015   12.90   123.07
46316   46317   7.25    115.01
46412   46607   0.00    133.34
46442   46316   5.82    51.77
46443   46727   8.27    106.50
46452   46807   11.20   70.19
46452   46442   0.00    4.86
46489   46820   10.59   63.65
46489   46490   8.52    102.29
46490   46720   10.43   105.26
46510   47119   10.76   124.86
46510   46277   8.42    114.59
46510   46528   9.88    7.01
46528   46607   11.00   33.34
46556   47062   7.00    96.42
46569   46647   6.58    70.74
46569   46442   8.67    49.05
46570   46891   7.56    109.07
46582   46185   3.17    80.58
46582   46556   5.17    51.85
46589   46412   0.00    133.33
46604   47107   3.50    99.07
46604   46452   8.86    56.63
46607   46725   7.21    55.01
46647   46729   11.00   31.24
46700   46932   10.25   78.20
46718   46647   0.00    71.12
46720   47070   10.00   106.05
46725   46839   12.38   40.62
46727   47365   10.86   117.79
46727   46604   11.00   51.75
46808   47070   10.60   78.77
46820   46808   5.33    75.35
46831   46820   10.29   80.87
46839   46862   0.00    37.26
46839   46831   13.25   80.87
46851   47406   7.11    120.39
46851   47080   11.00   89.11
46862   46725   0.00    23.95
46862   47119   10.94   87.04
46891   46727   2.60    54.22
46891   47374   7.43    92.99
46932   46891   9.00    82.98
46932   47320   3.00    84.23
46966   46569   10.29   114.61
46973   47585   6.40    127.21
47054   47058   8.33    26.96
47058   47062   10.50   15.09
47062   47078   13.06   41.52
47070   47147   12.00   67.12
47078   46582   6.33    97.65
47080   47320   11.20   89.11
47119   47433   10.67   64.06
47125   47279   11.50   48.80
47139   47421   20.00   53.47
47147   47155   11.50   79.07
47147   47581   10.50   115.01
47155   47163   13.25   79.07
47163   47505   0.00    61.23
47163   47493   6.73    142.58
47279   47484   5.50    45.11
47292   47245   10.00   20.02
47320   47481   6.43    61.82
47320   47625   5.50    62.30
47350   47470   35.00   24.59
47359   46966   6.14    113.98
47359   46983   10.79   142.74
47421   47116   20.00   82.02
47448   47292   10.56   59.97
47470   47421   1.00    29.37
47470   48064   1.00    121.86
47481   47611   14.60   48.75
47484   47735   15.00   51.19
47493   47647   12.67   30.05
47504   47561   0.00    17.55
47505   47581   5.33    76.51
47508   47602   8.58    112.87
47508   47568   10.00   89.51
47508   47753   12.00   79.13
47547   46889   7.68    139.74
47548   47359   6.50    49.20
47548   47154   8.41    145.15
47561   47602   0.00    11.61
47568   47962   3.00    93.59
47579   47699   11.00   48.32
47579   47125   12.00   93.04
47581   47958   0.00    80.02
47585   48153   3.00    127.19
47602   47909   9.97    107.41
47611   47976   9.15    94.96
47625   47448   11.50   62.60
47625   48256   8.86    140.74
47699   47279   8.62    88.24
47717   47548   5.12    45.72
47717   47379   8.64    135.38
47752   48278   10.60   109.89
47753   48025   12.75   79.13
47769   47864   8.75    55.88
47777   47292   5.64    107.24
47802   47058   10.30   146.04
47808   47505   12.00   99.40
47808   48201   11.50   128.84
47838   47078   12.80   149.66
47863   47481   3.00    86.52
47864   48122   9.83    65.53
47864   48104   0.00    53.49
47887   48204   8.44    98.81
47892   48074   5.40    139.38
47909   48264   8.33    107.33
47958   48372   3.00    80.26
47962   48066   6.14    62.21
47962   48025   0.00    15.55
47976   48284   20.00   92.79
48014   48132   11.50   56.91
48025   48264   10.50   56.85
48025   48338   10.00   91.33
48030   47717   5.83    91.24
48062   47892   3.00    62.63
48062   48030   5.50    10.40
48064   48200   5.33    25.79
48066   48030   7.80    48.36
48074   48580   5.75    142.62
48087   47448   10.33   142.74
48087   48256   0.00    63.47
48153   48250   3.00    49.97
48174   48153   12.05   63.03
48174   47547   9.54    139.74
48185   48597   3.00    85.39
48200   48122   2.00    32.25
48200   48679   16.00   103.72
48201   48543   11.08   128.81
48204   48500   6.63    98.81
48250   47579   9.00    148.18
48256   48458   0.00    48.04
48256   48503   11.50   69.36
48264   48604   9.00    108.26
48264   48500   6.40    61.95
48278   48281   0.00    32.86
48278   48437   7.85    38.99
48281   48290   5.67    33.85
48281   48727   7.50    94.07
48284   47863   19.00   86.61
48290   47777   8.86    107.24
48290   48570   11.50   70.87
48307   47699   10.13   134.53
48307   48437   11.00   58.36
48338   48510   0.00    90.17
48362   47892   6.50    127.58
48362   48572   6.40    61.57
48394   48904   2.00    136.44
48437   48610   16.33   40.99
48458   48616   20.00   33.34
48458   48592   3.00    30.65
48464   48185   9.40    93.65
48471   48307   8.38    104.14
48500   48831   4.00    108.22
48500   48733   2.33    60.15
48503   48284   4.75    53.67
48503   48580   7.86    35.40
48510   48066   10.00   116.97
48517   47802   6.53    145.28
48517   48553   10.33   47.44
48522   48517   23.80   8.90
48522   48562   3.00    42.77
48543   47808   11.15   146.73
48553   47838   5.59    148.30
48558   49004   20.00   93.39
48562   48622   10.00   49.46
48570   48969   6.67    76.11
48570   48087   17.14   106.70
48572   48062   3.00    143.60
48580   48725   9.20    61.11
48592   49247   9.57    137.13
48597   48674   3.00    21.23
48604   48984   10.14   108.25
48610   48946   8.90    71.75
48610   48997   14.33   75.71
48616   48592   0.00    20.68
48616   48920   8.60    105.22
48619   48579   0.00    24.04
48638   48471   6.80    111.46
48674   48619   15.00   40.35
48674   49123   10.88   98.53
48675   48910   10.00   49.82
48679   48721   3.00    47.63
48679   49222   10.00   97.86
48714   48510   3.00    48.54
48714   49048   2.00    94.96
48721   48747   9.71    43.64
48721   49239   2.50    93.95
48725   48362   6.22    110.06
48727   49246   8.70    94.04
48733   48972   7.00    52.65
48733   48464   7.56    93.63
48747   48553   10.86   57.02
48762   48562   1.00    41.92
48831   49179   4.86    108.22
48844   48394   4.40    97.82
48892   48905   3.00    18.00
48904   48844   11.50   47.70
48905   49384   8.00    89.56
48905   48975   14.33   49.08
48910   49171   11.13   109.59
48910   49141   14.33   48.63
48920   48948   8.11    20.24
48920   49169   10.75   80.85
48946   48675   11.83   106.43
48946   49171   10.50   47.85
48948   48725   4.75    55.68
48948   48976   7.75    72.35
48969   49247   8.33    51.26
48972   49041   8.00    20.55
48975   49445   12.23   89.38
48976   48572   11.50   117.12
48984   49302   10.25   88.30
48984   48714   3.00    60.65
48997   49409   10.90   75.81
49004   48904   10.50   75.46
49031   49004   0.00    23.53
49041   49131   7.22    20.66
49048   49414   8.67    94.98
49059   48844   1.00    44.36
49071   49261   0.00    38.71
49071   48733   10.33   103.35
49123   49485   9.43    96.39
49131   49316   6.50    125.97
49131   49569   9.40    100.36
49141   49290   3.00    26.68
49141   49419   8.67    107.74
49169   49433   9.93    80.85
49171   49419   11.11   50.04
49174   49059   0.00    75.15
49177   49290   20.00   113.13
49179   49484   6.50    87.98
49179   48984   4.67    47.56
49186   48638   8.00    114.44
49211   48747   11.25   84.89
49222   49739   20.00   97.73
49239   49738   10.00   93.95
49246   48969   1.00    78.50
49246   49436   13.22   37.70
49247   49433   12.00   52.05
49294   49031   3.00    45.50
49294   49174   3.00    75.15
49296   48892   3.00    80.28
49302   49601   8.54    88.33
49311   49059   11.50   43.14
49316   49485   37.67   125.99
49364   48976   11.50   120.75
49384   49832   3.00    86.52
49414   49424   3.00    10.57
49419   49718   9.16    62.81
49424   49864   7.08    127.02
49424   49429   3.00    86.73
49429   49364   2.00    16.44
49433   49637   10.88   67.98
49436   49773   7.00    96.26
49445   49384   0.00    48.91
49445   49865   10.25   81.29
49458   49179   5.40    62.21
49458   49071   5.00    111.49
49484   49766   11.00   87.97
49485   49642   7.25    107.39
49503   49294   3.00    41.70
49503   49311   11.20   149.84
49509   49570   0.00    129.32
49509   49177   0.00    117.60
49519   49350   0.00    35.58
49519   49796   0.00    67.01
49535   49569   8.63    136.69
49535   49810   3.00    57.29
49540   49311   11.50   43.51
49569   49713   6.63    105.68
49569   50003   8.17    102.74
49570   49718   0.00    130.23
49583   49436   10.00   58.42
49601   49766   9.36    36.77
49601   49414   7.00    58.82
49601   50008   12.41   123.66
49633   49850   13.43   44.80
49637   49364   12.71   86.54
49642   49795   3.00    114.43
49670   49211   10.80   84.89
49670   49296   0.00    80.14
49691   49429   10.00   75.19
49698   49535   4.00    81.16
49713   49840   6.50    86.29
49713   50222   15.00   111.13
49714   49519   0.00    43.45
49718   49986   14.11   59.92
49721   49503   4.90    42.87
49721   49540   10.25   149.26
49738   49670   10.00   48.31
49739   49738   0.00    40.31
49744   49458   9.00    88.89
49764   49898   14.33   124.01
49764   49509   0.00    48.18
49766   50006   9.45    61.68
49771   49796   0.00    58.93
49773   49637   12.29   95.37
49779   49540   0.00    45.06
49795   49931   3.00    114.45
49796   50015   0.00    57.96
49810   49822   0.00    4.62
49822   50129   8.86    69.20
49822   50076   11.09   139.49
49832   50243   11.50   89.78
49840   49939   12.50   86.30
49850   50007   2.33    73.68
49864   50256   8.07    127.11
49865   49894   0.00    6.02
49878   49850   0.00    23.93
49885   49865   10.00   22.29
49894   50296   8.12    89.77
49894   49832   0.00    49.20
49898   49986   0.00    123.59
49900   49810   7.00    86.27
49931   50214   7.33    58.23
49933   49721   0.00    43.87
49933   49779   9.30    143.79
49939   50095   10.00   116.14
49939   49642   8.67    62.32
49942   50256   6.50    87.42
49942   49691   11.00   75.25
49955   49714   0.00    66.51
49977   49771   0.00    84.27
49985   49779   8.00    43.21
49986   50678   9.46    139.73
50003   49900   7.80    86.35
50003   50386   13.20   84.90
50006   49744   3.93    88.94
50008   50403   9.33    123.70
50012   49771   0.00    62.21
50089   49458   7.62    139.67
50095   50214   3.00    115.82
50129   50299   4.40    74.19
50137   49985   5.33    133.98
50137   49933   5.63    43.53
50164   50243   10.50   86.30
50166   49714   0.00    97.55
50196   49878   14.33   85.82
50199   49985   4.25    43.74
50214   50533   14.60   61.95
50214   50283   9.35    125.96
50222   49939   7.80    138.26
50222   50622   9.18    84.60
50243   50296   12.89   49.01
50256   50594   11.40   93.73
50257   50006   9.86    87.33
50283   50500   15.11   47.20
50284   49764   0.00    134.60
50284   50293   0.00    74.68
50293   50341   0.00    75.25
50293   50808   0.00    98.57
50296   50549   5.80    45.29
50297   50137   3.00    35.21
50299   50473   5.83    101.73
50340   50477   0.00    58.58
50341   50746   0.00    80.15
50359   50373   7.25    84.71
50360   50164   7.25    40.57
50373   50622   8.13    86.64
50386   50799   10.17   84.98
50393   50359   6.90    37.68
50393   50458   0.00    12.08
50403   50838   11.67   123.75
50414   50360   6.50    43.77
50414   50737   6.50    63.19
50424   50129   10.30   132.20
50430   50199   8.93    46.63
50458   50834   6.31    145.58
50473   50956   8.10    107.59
50477   50478   0.00    13.20
50477   50868   4.67    88.09
50478   50776   3.00    124.97
50478   50196   11.00   84.26
50494   50414   1.00    43.14
50498   50423   6.33    47.54
50498   50360   4.75    24.09
50500   50807   5.60    94.18
50500   50647   0.00    45.66
50520   50089   6.50    134.95
50533   50393   4.75    116.19
50533   50834   6.50    61.25
50546   50458   0.00    19.11
50546   50359   5.33    39.20
50549   50494   9.83    46.65
50549   51049   6.71    102.52
50557   50546   0.00    2.25
50559   50619   10.90   95.59
50562   50257   10.60   87.62
50575   50430   10.18   24.60
50575   50284   0.00    73.76
50594   50559   10.83   96.02
50598   50713   8.17    101.97
50619   50669   13.22   52.19
50622   50801   3.00    41.49
50647   50533   11.71   129.40
50651   50594   2.33    17.25
50660   50575   3.00    19.53
50669   50678   15.50   12.31
50669   50166   0.00    98.46
50679   50647   8.08    19.91
50682   50498   5.33    40.03
50713   50557   15.75   33.90
50714   50633   6.50    17.25
50731   50651   10.07   96.50
50735   50660   6.50    58.43
50737   50682   0.00    42.80
50737   50936   3.00    39.17
50794   50735   12.38   43.21
50801   50598   8.11    102.58
50801   50799   10.00   35.35
50822   50731   4.43    96.50
50828   51005   20.00   34.52
50834   50934   6.25    97.60
50838   51126   10.21   71.21
50838   51062   8.95    85.64
50838   50651   10.00   43.95
50855   50794   6.50    42.48
50855   50618   3.00    46.35
50868   51234   8.63    78.21
50881   50996   11.24   127.72
50899   51172   7.82    107.35
50932   50961   5.86    105.29
50934   51019   6.11    97.54
50936   51140   3.00    42.85
50939   50660   9.83    53.69
50956   51371   7.94    86.57
50956   51071   5.33    142.27
50961   51332   12.67   129.16
50961   51142   20.00   78.43
50980   50735   9.80    49.65
50987   50494   13.25   101.81
50987   50936   3.00    43.85
50988   50714   20.00   54.98
50996   51089   9.21    95.38
51005   51531   6.08    103.92
51014   50868   11.50   78.42
51016   50460   0.00    118.76
51025   51026   7.48    94.83
51026   50899   8.36    94.72
51036   50794   8.67    48.84
51049   50987   7.00    45.55
51049   51150   11.50   21.61
51052   50988   10.00   48.41
51052   50682   6.40    73.06
51054   51397   8.61    67.33
51062   51185   14.71   84.19
51065   51005   0.00    58.43
51071   51431   0.00    68.42
51080   50956   5.23    81.54
51080   50424   8.86    138.19
51089   51317   13.20   50.99
51097   50855   11.50   50.60
51113   50713   7.73    115.26
51126   51277   7.25    39.61
51140   51364   10.00   43.94
51142   51080   7.80    77.08
51148   50939   8.54    42.34
51150   51252   8.67    22.69
51153   51097   3.00    48.20
51153   50988   3.00    33.90
51172   51562   3.56    107.55
51193   51140   3.00    44.48
51193   51436   6.50    43.94
51206   50899   9.86    70.58
51224   50996   0.00    50.10
51224   51156   7.85    81.92
51228   51036   13.25   43.01
51234   51150   10.00   64.74
51252   51799   6.92    104.82
51252   51193   14.33   44.90
51269   51019   2.82    129.99
51277   51398   10.00   23.97
51291   51335   6.58    86.60
51298   51052   11.50   52.24
51315   51234   10.00   43.62
51315   51854   4.00    144.97
51317   51224   8.67    89.63
51332   51333   6.52    135.70
51333   51497   6.22    97.56
51335   51371   2.71    16.54
51339   51206   8.27    103.91
51364   51298   4.75    42.65
51371   51408   11.55   17.74
51377   51148   7.52    44.89
51398   51488   9.80    20.39
51406   51332   10.28   79.53
51408   51497   8.60    51.72
51410   51315   20.00   46.57
51413   51631   3.72    102.44
51415   51126   11.79   89.65
51430   51113   7.86    112.79
51431   51291   8.67    61.19
51431   52100   5.43    126.32
51436   51633   3.00    40.76
51436   51364   11.29   43.97
51481   51228   11.50   43.05
51481   51377   12.11   79.13
51485   51153   6.73    62.05
51488   51339   10.65   103.91
51488   51783   9.00    62.23
51497   51998   7.00    133.88
51530   51555   1.00    8.76
51531   51967   6.17    88.91
51531   51410   7.40    65.52
51541   51530   0.00    11.61
51542   51485   7.00    48.19
51542   51298   8.43    43.03
51546   51406   7.00    79.94
51549   51541   0.00    1.56
51555   51413   10.90   100.63
51555   51569   0.00    3.50
51562   51664   10.88   92.68
51562   51206   4.00    65.22
51569   51621   14.88   17.48
51571   51481   10.00   47.87
51571   51097   10.50   91.15
51580   51269   5.31    112.10
51610   51016   0.00    119.66
51617   51549   4.75    16.81
51621   51617   0.00    4.21
51628   51854   0.00    42.99
51631   51641   6.50    88.28
51633   51542   10.29   86.95
51633   52058   5.83    80.21
51639   51631   8.35    7.65
51639   51906   11.33   73.75
51641   52051   19.20   91.93
51664   51783   10.25   92.68
51671   51712   9.86    121.63
51672   51671   8.57    121.52
51672   51333   3.00    82.62
51681   51415   9.76    89.65
51688   51703   3.00    7.97
51689   51485   7.80    44.72
51699   51377   6.48    64.22
51702   51571   0.00    30.10
51703   51790   0.00    20.09
51712   51920   11.25   122.28
51719   51481   8.67    51.73
51739   51639   8.88    94.73
51742   51291   5.43    89.09
51742   51335   5.28    101.27
51750   51688   11.00   18.54
51783   51994   9.50    36.23
51783   51871   13.25   51.06
51787   51739   8.62    29.30
51787   51659   6.22    42.55
51790   52201   9.64    81.93
51790   51750   10.00   11.24
51799   52403   7.54    104.82
51837   52524   14.74   122.29
51854   51826   0.00    14.42
51863   51410   11.00   88.88
51906   52381   4.21    116.18
51906   52086   10.27   120.90
51920   52322   7.00    117.04
51920   51787   4.52    88.85
51935   51703   8.12    103.82
51954   51850   26.50   73.27
51967   52464   11.00   89.41
51989   52094   4.18    115.06
51994   52023   8.25    102.47
51995   52228   12.76   38.56
51998   52660   10.35   136.04
52023   52161   5.33    102.62
52057   52496   0.00    89.09
52057   52017   3.72    119.58
52075   52625   11.75   101.02
52086   51787   7.48    77.20
52094   52314   14.00   112.76
52094   52519   3.38    123.78
52094   51920   5.78    123.84
52100   51742   4.07    75.50
52100   52301   10.38   34.83
52116   51850   3.00    55.02
52116   51562   4.79    106.01
52149   51580   12.19   116.38
52152   51989   11.94   115.80
52161   52345   8.94    142.99
52161   52116   0.00    7.18
52170   52057   9.03    142.55
52170   52546   4.67    68.55
52183   52234   11.50   93.44
52186   51807   16.00   62.82
52186   52298   8.43    24.47
52186   52310   13.00   26.39
52201   52788   6.56    124.91
52216   51994   9.63    72.57
52216   52376   6.83    127.54
52225   52397   4.33    140.82
52228   52509   11.00   59.78
52234   52397   12.33   93.98
52253   52170   11.00   65.05
52259   51610   0.00    119.49
52267   52253   10.20   11.94
52268   52216   14.14   15.18
52298   52947   9.54    134.83
52301   52660   3.00    66.88
52310   52664   3.00    64.83
52310   52318   8.11    65.25
52314   52692   5.00    114.83
52315   51750   7.80    100.11
52318   53098   8.11    145.06
52318   52267   6.43    64.45
52322   52667   5.89    116.53
52345   52463   9.71    88.54
52345   51954   6.50    76.99
52345   52752   10.91   81.67
52354   51672   8.89    148.03
52376   52517   8.14    127.52
52381   52086   8.42    112.92
52397   52436   8.67    20.26
52433   52298   0.00    77.15
52436   52631   12.53   113.58
52463   52593   13.24   88.54
52467   52051   10.25   90.20
52478   52225   9.37    139.25
52495   52770   3.00    64.26
52495   52183   8.86    81.08
52496   52677   0.00    34.24
52509   52758   9.00    59.42
52517   52161   10.00   64.41
52517   52627   9.78    96.88
52519   52852   18.67   122.34
52533   52268   13.11   71.81
52546   52926   3.00    69.27
52546   52457   1.00    65.59
52549   53017   12.60   96.44
52552   52763   9.46    70.39
52574   52533   6.63    15.26
52593   52698   11.50   59.71
52593   52301   3.00    66.98
52612   52268   8.56    74.38
52627   52752   9.50    96.88
52631   52835   11.88   113.58
52642   52051   7.17    121.04
52658   52152   7.90    119.94
52660   52698   8.67    7.55
52664   53179   11.20   96.94
52667   52642   9.56    114.53
52684   52884   6.50    40.68
52692   53022   8.89    129.70
52698   53003   8.16    55.95
52710   52612   6.38    77.02
52718   52896   7.57    30.34
52741   52495   9.47    133.27
52741   52436   15.11   57.39
52752   52778   7.71    111.70
52752   53176   8.07    87.66
52758   53035   10.93   60.34
52758   52478   11.89   139.52
52763   52433   9.64    79.93
52763   52947   9.18    63.08
52764   52149   10.90   130.97
52778   53003   4.97    97.86
52778   52593   3.00    40.79
52788   53175   9.44    78.40
52788   53594   0.00    143.78
52789   52467   8.50    69.36
52813   52874   7.82    52.85
52813   52710   9.31    82.19
52813   53280   10.67   99.41
52819   52956   10.86   131.33
52826   52201   7.25    111.79
52835   53035   9.29    113.52
52847   52926   3.00    57.06
52848   52896   1.67    15.44
52852   53213   6.38    123.00
52874   52517   9.20    65.21
52874   52919   10.00   27.23
52875   52509   11.42   110.10
52877   52741   15.75   24.95
52877   53055   9.89    69.90
52879   52884   8.00    79.02
52884   53441   14.93   119.94
52884   52951   8.00    84.54
52887   52315   11.50   101.09
52896   53261   9.85    69.34
52901   52887   5.50    69.57
52919   53007   10.88   85.30
52919   53617   8.00    149.80
52926   53000   10.00   63.72
52926   53609   6.31    124.27
52947   53359   12.13   92.93
52951   53032   8.67    84.58
52956   53496   4.80    135.31
52986   52467   7.21    132.74
53003   53318   12.50   59.78
53007   53440   12.29   90.04
53007   53176   8.38    137.24
53017   53569   0.00    98.22
53018   53098   13.20   63.33
53018   53000   4.00    11.99
53022   52986   8.00    127.82
53029   53316   11.50   62.94
53029   52758   9.31    70.48
53035   53361   13.04   95.92
53042   53100   8.25    107.87
53055   53079   6.40    9.36
53079   52770   7.54    114.10
53079   53256   11.50   51.59
53089   52877   8.04    140.99
53090   52354   6.19    150.57
53090   52658   3.00    118.70
53098   53524   20.00   76.67
53098   53179   8.67    63.18
53100   53140   9.20    78.44
53100   52819   7.25    131.72
53103   52763   6.67    72.64
53111   52664   10.25   98.91
53140   53090   0.00    12.31
53154   52879   8.12    64.94
53165   52789   7.40    92.72
53172   53530   9.88    88.95
53172   52612   7.36    113.80
53175   53594   9.88    78.49
53176   53183   10.30   23.88
53179   53885   10.56   138.95
53183   53216   11.73   35.03
53188   52879   3.00    91.31
53190   53042   13.25   108.42
53190   53604   8.93    133.95
53213   53381   5.00    99.33
53213   52692   5.50    104.18
53216   53318   7.92    84.75
53231   53089   6.00    91.23
53256   53673   11.09   86.99
53256   53052   15.11   110.74
53256   53455   8.72    54.88
53263   53629   8.11    76.40
53263   53496   12.89   49.55
53280   53786   10.45   99.27
53285   52877   11.20   88.45
53301   52764   3.00    129.95
53312   52710   7.79    127.61
53316   53642   9.33    73.51
53336   53140   3.00    57.10
53343   53383   7.25    32.03
53343   53604   8.71    68.76
53352   52887   7.33    89.37
53359   53595   11.29   66.88
53359   53690   7.00    64.92
53360   53378   7.27    48.36
53361   53616   8.67    50.43
53361   53231   11.06   64.08
53381   53389   4.73    98.64
53383   53461   9.26    105.52
53389   53165   10.67   90.03
53391   52875   8.63    113.37
53391   53587   11.50   44.94
53438   52826   5.64    111.79
53440   53791   6.40    71.67
53441   53861   8.17    90.07
53441   53188   10.00   90.63
53456   53318   4.42    124.21
53456   53336   0.00    19.34
53461   53456   1.00    25.56
53461   53336   7.57    30.09
53465   53089   8.91    66.31
53465   53285   13.20   99.49
53473   53383   0.00    17.46
53473   53343   0.00    26.83
53487   52951   9.48    112.47
53496   53906   6.44    100.83
53523   53103   0.00    86.42
53523   53690   11.67   61.91
53524   53924   12.77   76.68
53530   54005   4.63    91.55
53536   53172   8.11    70.05
53549   53473   0.00    16.77
53549   53756   11.50   82.95
53552   53285   0.00    49.82
53577   53231   8.67    62.77
53577   53465   10.80   62.69
53585   53649   3.00    13.18
53587   53029   8.17    143.14
53594   54232   8.42    113.89
53595   53111   11.50   99.25
53595   53842   7.75    88.82
53604   53549   6.50    34.43
53611   53190   13.80   88.77
53616   53937   11.43   61.55
53617   53440   0.00    55.78
53617   54116   10.12   102.49
53629   53888   11.00   60.46
53642   53616   11.52   105.35
53642   53971   9.80    71.27
53649   54031   12.64   71.79
53649   53997   6.09    123.69
53662   53569   11.50   50.35
53673   54066   9.38    87.03
53690   53997   9.33    63.91
53690   53980   9.00    99.51
53722   53301   8.29    126.58
53741   53552   11.00   65.51
53741   53055   10.88   142.65
53748   53863   7.85    77.40
53749   53391   16.60   81.25
53750   53748   8.53    17.54
53756   53818   5.43    75.24
53758   53389   7.00    84.23
53762   54066   0.00    61.03
53762   53741   0.00    3.75
53774   53609   10.09   61.29
53776   53577   1.00    50.34
53786   54050   7.73    63.17
53791   53405   6.09    76.10
53794   53316   14.60   116.53
53794   54097   8.13    83.10
53799   53774   4.25    13.28
53818   54144   0.00    59.94
53818   54119   7.20    146.79
53825   54388   10.60   115.50
53842   54121   10.50   88.93
53843   53536   8.00    65.18
53847   53825   11.50   61.45
53847   53758   10.50   81.68
53861   54307   6.67    90.06
53863   53352   8.37    89.36
53863   54069   6.25    76.42
53888   53706   10.25   61.05
53888   54277   7.29    78.54
53890   53756   9.33    90.27
53893   53749   8.67    78.90
53900   53587   11.20   90.24
53906   54383   3.00    100.28
53906   53999   15.00   78.75
53918   53791   7.80    25.68
53924   53799   9.60    62.71
53934   53433   7.83    104.88
53937   54284   12.62   61.40
53952   54504   9.93    105.72
53952   53312   10.69   127.61
53952   53786   8.92    62.19
53971   53937   6.60    69.00
53980   54283   7.44    99.48
53985   53577   6.00    76.22
53997   54311   11.00   63.11
53997   54451   10.00   149.83
53999   53890   6.50    90.02
53999   53611   4.75    88.50
54000   53629   8.80    120.81
54003   53971   12.15   57.30
54003   53794   7.43    121.00
54005   54131   16.67   25.05
54011   53487   4.44    112.42
54028   54362   11.25   62.00
54028   54003   7.46    43.97
54031   54311   7.21    90.37
54031   54638   11.54   124.45
54050   54202   8.72    34.04
54057   54583   9.83    137.54
54057   53918   11.50   27.28
54062   53893   20.00   86.09
54066   54424   9.80    77.84
54066   54269   11.00   51.21
54067   54307   8.55    109.56
54067   53620   6.63    99.56
54067   54261   10.13   60.15
54067   54586   9.25    107.05
54069   54104   3.00    10.13
54069   53438   9.00    111.78
54070   54005   11.50   68.32
54073   54028   3.00    69.62
54097   54422   12.50   66.54
54097   54073   6.50    59.78
54104   54489   0.00    89.77
54104   54232   9.00    58.64
54116   54057   10.00   27.16
54119   54372   0.00    61.27
54119   54189   10.00   18.94
54121   53924   6.55    83.51
54123   54595   9.33    106.60
54124   53847   0.00    78.37
54124   53722   13.29   126.62
54131   54364   11.00   59.01
54131   53536   8.62    140.59
54133   53465   10.43   120.61
54133   53552   12.55   133.73
54144   54189   11.25   114.47
54154   54144   5.50    78.48
54174   53952   9.50    61.99
54174   54331   3.00    32.94
54174   53843   9.90    65.81
54180   53900   12.75   88.96
54180   53893   0.00    48.74
54181   53918   12.43   91.63
54189   54569   10.60   107.05
54190   54431   10.83   135.69
54202   54735   9.10    141.93
54202   54116   8.60    47.16
54216   53762   7.80    93.71
54232   54328   13.38   91.67
54261   54456   10.17   66.43
54274   54154   0.00    78.79
54274   54774   9.68    98.69
54277   54634   7.40    78.43
54283   54121   10.13   75.15
54284   54399   11.50   20.53
54307   54545   4.63    112.88
54307   55035   7.20    149.35
54311   54603   9.88    103.67
54322   54284   9.50    89.17
54331   55003   11.37   122.15
54331   54691   9.89    84.77
54341   54829   5.50    102.20
54341   54422   6.00    44.43
54362   54649   9.57    56.14
54362   54322   8.00    89.17
54363   53888   12.44   142.94
54364   54576   9.63    59.80
54364   53843   10.95   118.36
54372   54181   9.00    89.29
54383   54000   5.40    120.54
54388   54124   20.00   76.75
54398   54388   0.00    3.95
54399   54579   2.00    38.25
54417   54399   6.14    58.84
54417   53985   11.50   75.96
54421   54595   11.00   71.44
54422   54828   0.00    82.86
54424   54753   8.44    77.84
54431   54705   6.33    136.17
54443   54483   0.00    13.59
54443   54062   11.20   89.05
54451   54283   11.40   79.43
54451   54610   7.09    59.15
54452   54274   2.50    88.67
54452   54383   3.00    26.52
54456   54638   9.96    63.03
54456   53934   9.87    105.03
54483   54180   15.14   146.96
54483   54675   0.00    56.31
54490   54133   9.00    66.29
54490   54417   13.25   51.18
54504   55038   10.14   105.00
54545   54011   8.25    112.41
54565   54341   4.00    111.71
54569   55015   8.25    107.83
54576   54174   8.42    97.31
54579   54872   13.12   69.44
54583   54937   10.38   99.03
54586   55108   9.00    107.05
54595   54796   12.67   78.73
54602   54579   9.82    88.37
54603   54451   11.68   78.34
54610   54656   0.00    8.80
54624   54050   8.80    101.33
54634   54398   7.50    76.53
54638   55282   9.67    130.17
54649   54602   4.75    88.38
54649   54939   8.80    56.16
54663   54216   9.20    93.54
54663   54490   6.14    62.75
54671   54663   3.00    2.26
54671   54753   0.00    28.78
54675   54565   0.00    44.30
54691   55003   8.50    97.19
54700   54443   7.22    88.79
54700   54398   0.00    63.96
54705   55303   6.95    140.23
54715   54452   0.00    51.54
54735   54583   9.29    74.56
54735   55127   9.67    101.77
54739   54372   6.43    106.36
54753   54883   15.75   49.88
54753   55252   11.20   90.73
54756   54700   3.00    16.77
54774   54806   7.80    23.12
54774   54855   0.00    17.88
54787   55036   8.82    111.26
54792   54261   10.27   113.64
54795   54073   18.83   141.11
54804   55196   7.80    79.62
54806   55015   12.29   62.25
54806   54855   0.00    16.58
54820   54686   10.88   54.32
54824   54603   8.69    107.90
54833   54417   7.33    84.25
54841   54576   8.80    63.39
54844   54715   0.00    27.20
54844   54363   7.82    143.72
54855   55192   10.00   65.68
54863   54735   6.11    72.95
54863   54624   10.00   66.98
54872   55056   10.55   41.67
54876   55368   7.83    122.36
54878   54565   0.00    57.25
54894   54634   9.42    85.62
54900   54872   8.85    75.94
54915   54490   11.17   81.86
54917   54841   12.08   17.49
54918   54863   12.38   28.96
54918   55418   7.86    92.19
54937   55374   9.82    99.81
54939   55247   6.15    51.03
54939   54900   9.44    75.95
54944   54844   5.33    20.17
54944   55063   4.67    102.78
54962   54939   8.67    42.64
54962   55657   12.20   112.17
54969   55438   10.33   106.87
54969   54876   8.44    121.34
54985   55249   0.00    87.31
54991   54962   13.84   49.60
54991   55682   5.43    111.58
55003   55156   5.33    37.96
55007   55734   6.30    125.07
55007   54656   8.41    99.50
55008   54792   3.00    64.71
55008   54456   8.66    113.56
55014   54820   16.60   60.55
55015   55181   11.28   66.12
55023   55701   8.67    111.74
55023   54991   10.86   49.70
55035   55808   8.30    149.35
55038   54918   13.29   48.68
55038   55560   9.38    96.71
55044   55023   8.67    49.75
55046   54700   3.00    58.76
55046   54675   50.00   138.47
55056   55219   11.72   34.51
55059   55433   14.33   60.13
55059   55044   10.33   50.03
55063   55184   8.83    103.18
55067   55071   3.00    20.02
55076   54824   7.93    107.85
55082   54756   14.33   106.54
55089   54756   0.00    56.81
55089   55046   9.60    19.84
55089   55501   3.00    66.72
55108   55687   9.33    107.17
55110   54671   9.83    87.95
55127   55574   9.24    102.24
55156   55757   8.93    109.73
55156   55038   12.60   64.64
55157   55014   10.75   57.11
55181   54739   9.27    107.27
55181   55205   6.50    7.65
55184   54894   14.00   85.58
55187   54912   0.00    96.44
55192   55513   3.00    51.54
55196   55661   11.50   80.59
55197   54833   9.67    81.97
55197   55056   7.80    67.53
55205   55374   9.63    58.24
55219   55615   8.95    69.40
55244   54863   12.45   97.32
55244   55418   7.50    60.68
55247   55647   10.67   62.61
55247   55219   9.15    100.15
55249   55563   20.00   87.56
55252   55786   10.25   90.73
55282   55076   10.29   107.49
55303   56097   17.50   144.07
55336   55156   9.15    77.11
55347   54969   10.53   80.20
55368   55887   4.40    123.05
55374   56140   9.60    140.38
55374   55574   6.60    72.03
55393   55187   0.00    96.18
55398   55197   14.33   87.51
55398   54915   6.00    81.86
55406   55008   6.55    76.35
55406   55282   9.87    79.50
55406   55658   3.00    41.01
55418   55560   3.00    50.69
55420   55253   8.27    52.56
55420   54820   10.25   110.50
55433   55738   11.50   51.00
55438   55877   13.00   106.86
55452   55433   6.75    72.70
55452   55059   14.50   107.44
55457   55267   0.00    73.44
55467   55193   5.50    96.03
55467   55046   5.83    68.82
55485   55398   11.50   12.78
55486   55244   9.67    53.08
55497   55184   6.88    84.01
55501   56100   12.11   102.76
55501   55467   20.00   21.90
55505   55089   12.11   95.52
55513   55802   10.00   53.31
55526   55837   11.00   140.62
55526   56054   7.80    97.71
55552   56158   7.56    107.56
55552   55406   8.59    91.68
55552   54792   10.69   142.19
55560   55833   6.40    53.53
55562   56172   10.62   109.68
55562   55007   11.07   140.79
55563   56210   0.00    144.68
55574   56001   10.44   77.61
55586   54944   2.33    126.42
55586   55526   10.00   32.72
55598   55420   10.85   61.18
55598   55014   8.75    111.19
55599   56019   1.00    103.61
55599   55505   4.67    64.82
55599   55082   8.00    109.38
55611   55398   9.54    44.02
55611   55110   10.56   88.58
55615   56311   10.31   137.41
55639   55860   7.60    80.80
55647   56098   11.36   91.53
55647   55615   10.84   72.98
55657   55647   8.67    32.03
55658   56008   1.00    61.99
55661   55586   3.00    25.62
55661   56174   9.83    97.99
55663   56239   9.36    107.36
55672   55467   3.00    45.17
55680   55672   10.00   73.01
55680   55452   20.00   40.42
55680   55762   20.00   49.04
55682   55657   8.67    50.65
55682   56009   9.00    57.37
55683   56382   9.27    125.26
55683   55562   7.53    74.07
55687   55552   7.68    95.34
55701   56128   6.40    74.50
55701   55682   3.00    49.89
55709   55205   5.40    87.82
55709   55513   14.33   74.12
55716   55701   11.50   49.68
55716   55044   7.43    111.26
55724   55347   7.67    80.20
55734   55959   8.67    80.01
55734   56353   6.40    109.41
55738   55716   11.50   49.19
55750   55486   7.88    66.70
55757   56321   9.16    109.73
55762   55738   7.00    51.55
55783   55157   8.00    112.22
55783   55598   9.86    58.82
55786   55611   11.38   49.59
55802   55661   6.00    58.38
55802   56322   7.25    97.92
55808   55687   9.50    91.46
55818   56105   11.50   60.99
55818   55762   0.00    14.69
55833   55486   9.18    129.41
55833   56147   13.27   62.06
55837   55497   9.50    85.34
55849   56105   8.13    84.25
55860   56092   13.25   80.80
55887   56143   5.25    53.54
55887   56049   8.50    83.72
55923   55972   9.40    21.15
55942   55783   15.50   60.92
55959   56097   13.25   99.57
55959   56246   7.80    50.28
55965   55786   9.83    54.58
55972   56008   3.00    24.22
55972   56622   8.64    125.65
55975   56239   7.43    125.34
56001   56600   11.22   124.82
56008   56080   3.00    48.02
56009   56098   0.00    32.69
56019   56501   5.11    105.42
56026   55808   10.00   147.43
56031   55683   7.36    105.20
56049   56558   0.00    122.57
56054   56532   3.00    97.71
56064   56075   0.00    32.57
56065   55505   6.48    95.44
56080   56158   9.25    67.32
56092   55783   8.36    61.46
56092   56280   8.00    65.76
56097   56378   4.75    49.71
56098   56495   11.73   97.22
56098   56311   10.12   63.42
56100   56642   14.40   102.89
56105   56506   9.41    92.61
56105   56342   6.81    68.14
56128   56009   9.00    52.85
56140   55709   11.50   83.58
56140   56604   6.47    94.46
56143   56597   8.67    101.81
56143   56049   0.00    33.74
56158   56319   11.46   105.71
56158   56545   7.07    76.08
56162   56743   11.00   123.44
56172   56736   8.14    109.64
56174   56648   11.20   97.99
56210   56863   6.50    145.92
56216   56065   8.36    69.10
56233   55818   7.58    117.98
56233   55716   10.22   88.71
56237   55887   6.67    102.50
56239   56661   6.75    125.85
56246   56643   8.67    80.87
56266   56233   0.00    5.47
56266   56128   14.90   51.91
56266   56516   11.50   62.18
56277   55837   6.50    76.28
56279   55956   7.67    78.21
56280   56339   3.00    82.51
56301   56837   0.00    108.59
56311   56716   10.04   104.84
56312   56246   5.50    49.23
56319   56545   9.83    92.49
56319   56413   8.17    74.74
56322   56783   5.90    97.92
56330   56893   8.67    121.61
56339   56092   24.14   48.43
56342   56516   9.00    56.63
56353   56908   9.18    109.47
56363   55802   3.10    116.62
56378   56777   7.53    81.46
56378   56312   8.67    53.35
56379   56932   11.38   109.59
56382   57013   8.83    125.23
56386   56339   3.00    9.89
56413   56433   0.00    4.20
56413   56509   12.91   89.91
56433   56606   8.43    58.52
56495   56266   9.20    76.63
56495   56722   10.15   62.90
56499   56280   12.29   93.78
56501   57071   5.33    107.70
56506   56991   8.67    94.46
56516   56722   10.22   67.16
56516   56913   11.09   98.97
56532   56277   7.64    73.92
56541   57258   5.75    136.32
56541   56237   7.21    102.50
56541   56279   10.00   78.21
56542   56532   3.00    8.03
56545   56852   7.00    58.49
56550   56603   11.50   14.05
56558   57133   0.00    123.81
56572   56779   9.67    73.89
56582   56065   8.13    99.47
56594   57154   9.83    117.92
56595   57095   12.29   130.12
56596   56031   5.40    109.98
56596   56775   8.67    105.82
56597   57063   15.88   101.86
56600   57188   5.90    124.73
56604   57079   11.15   94.48
56606   56949   10.47   77.95
56606   56785   8.17    57.32
56622   57259   7.23    125.52
56626   56216   9.50    124.45
56626   57144   6.00    97.75
56642   56991   15.50   106.80
56643   57070   7.14    80.88
56648   56542   8.89    51.43
56661   57031   7.91    96.16
56661   57292   7.67    123.91
56675   56080   11.18   118.76
56699   56690   0.00    92.34
56710   56312   0.00    80.93
56716   56495   8.00    64.16
56716   56813   8.67    19.01
56722   56952   8.09    65.51
56722   57213   11.95   133.06
56730   56572   8.42    78.62
56736   57298   11.89   109.74
56743   57322   11.00   123.48
56744   56433   8.25    78.36
56775   57330   0.00    108.76
56777   57191   4.82    81.38
56779   56386   8.43    78.89
56783   56648   8.00    59.71
56785   56852   0.00    41.58
56796   56716   7.50    18.72
56804   56840   8.00    12.84
56813   57050   9.92    52.42
56829   56541   6.10    87.72
56833   56216   9.29    116.75
56837   57371   0.00    108.59
56852   57499   5.90    129.83
56852   56675   5.40    104.07
56860   56840   11.57   6.83
56863   57572   5.33    147.41
56870   56542   11.50   86.78
56893   57442   8.13    121.60
56905   57088   20.00   60.40
56908   57440   4.42    109.47
56913   56342   8.78    134.21
56925   56779   11.00   25.15
56927   56363   11.00   117.81
56927   57169   8.33    78.12
56927   56783   6.68    60.80
56928   56925   0.00    62.98
56928   56159   12.13   141.14
56932   57472   13.09   109.38
56946   57163   12.00   127.18
56949   57269   11.29   77.95
56952   56796   3.00    39.14
56955   56839   1.00    84.20
56955   57018   20.00   50.82
56991   57257   6.00    85.10
57013   57393   11.50   75.83
57013   56596   9.00    87.76
57018   56839   0.00    32.66
57023   56699   0.00    96.68
57031   57395   7.14    103.77
57031   57305   0.00    56.75
57050   57114   14.92   16.77
57062   56855   1.86    63.37
57062   57815   12.00   130.24
57063   57609   12.50   103.98
57070   57440   16.00   120.86
57071   57130   4.67    12.33
57071   57080   0.00    10.33
57079   56927   10.69   71.56
57080   56626   6.73    93.99
57087   56582   9.25    98.83
57088   56744   9.50    78.36
57088   57269   15.75   59.69
57095   57062   20.00   12.55
57114   57279   9.43    38.99
57122   57114   0.00    84.16
57128   56955   20.00   34.71
57128   57183   0.00    51.02
57130   57080   3.00    13.22
57133   57850   1.67    126.03
57134   56710   0.00    80.92
57134   57070   2.00    56.98
57140   56690   0.00    83.85
57140   57122   0.00    84.17
57144   57699   8.11    99.39
57144   57435   12.67   94.35
57152   56870   11.25   86.19
57152   57130   11.50   6.73
57154   57773   9.38    117.92
57163   57152   7.80    50.99
57163   57352   8.25    112.80
57169   57352   7.93    77.01
57171   56596   9.20    110.19
57183   57018   0.00    35.31
57188   57579   9.36    102.55
57188   57079   14.54   60.45
57191   57437   4.25    48.83
57191   57134   20.00   54.24
57213   56913   5.44    66.07
57214   56572   8.17    121.37
57257   57087   10.92   126.53
57258   57746   3.36    131.55
57259   56675   6.82    112.35
57259   57727   11.00   84.01
57269   57368   8.91    66.24
57269   57563   11.50   66.69
57279   57385   7.80    25.29
57283   57095   4.17    62.90
57283   57888   9.00    99.29
57292   58012   7.25    123.40
57298   57531   6.15    45.48
57298   57013   15.14   79.96
57299   57358   0.00    52.13
57299   57128   0.00    34.98
57302   57213   5.33    17.15
57305   57411   0.00    27.08
57305   57846   13.33   86.37
57318   57385   0.00    46.36
57318   57834   0.00    107.84
57322   57188   6.87    61.37
57330   58004   14.33   108.68
57338   57437   6.80    101.53
57346   57318   0.00    96.83
57352   57584   6.50    80.10
57354   57346   0.00    31.14
57356   57631   11.70   63.28
57356   56952   8.53    108.72
57358   57183   0.00    34.82
57368   57499   3.00    80.90
57368   56785   11.29   136.92
57371   58035   20.00   108.62
57373   57472   7.22    49.84
57377   57214   11.20   68.42
57377   56925   12.48   88.68
57385   57490   7.46    23.20
57393   57860   9.44    75.54
57434   57677   9.89    143.23
57434   58038   9.50    116.99
57435   57434   9.81    84.17
57435   56833   9.36    116.83
57437   57774   13.67   50.40
57440   57531   6.33    37.70
57442   57322   8.12    58.73
57467   57442   0.00    8.06
57472   57617   11.86   80.51
57472   57869   10.00   67.16
57480   57299   0.00    35.09
57480   57559   0.00    52.75
57490   57761   11.50   48.13
57493   57247   7.60    81.06
57499   57615   6.11    61.85
57499   57904   9.27    64.76
57531   57918   8.67    63.09
57548   57699   9.69    91.67
57559   57358   0.00    34.87
57563   57743   11.20   84.50
57563   57822   14.33   46.69
57567   57377   10.23   72.94
57567   56928   10.27   120.85
57572   58531   8.67    149.32
57579   57966   8.00    101.10
57584   57977   10.65   90.60
57584   57548   5.31    91.47
57609   57683   1.00    39.97
57609   57804   4.25    31.72
57615   57727   4.75    57.54
57617   57567   10.00   8.40
57631   57751   0.00    24.51
57655   57774   10.00   83.38
57677   57302   10.05   103.52
57677   57257   7.43    74.48
57683   58262   1.00    88.14
57700   57480   0.00    33.50
57720   57088   16.29   140.36
57724   57214   8.33    85.61
57724   57197   8.27    94.21
57727   58336   9.12    98.26
57743   57904   12.00   84.50
57751   57890   12.11   31.61
57761   58020   11.20   47.74
57773   57674   20.00   31.21
57774   58110   10.07   56.22
57788   57700   4.67    51.78
57788   57559   0.00    33.44
57789   57869   7.80    47.99
57804   58104   20.00   89.22
57809   57493   12.11   81.06
57809   57584   4.40    95.89
57821   57753   8.44    30.62
57822   58117   9.88    94.08
57822   58102   0.00    57.40
57827   57171   11.50   110.50
57834   57861   0.00    18.94
57834   57346   0.00    81.77
57838   58255   13.83   139.67
57846   58012   5.50    80.70
57850   58641   8.50    126.42
57869   58226   9.13    82.48
57888   58535   8.43    99.29
57890   57279   10.62   141.42
57890   58087   8.13    46.62
57898   57302   8.05    96.86
57898   57356   10.87   106.96
57900   57283   12.46   131.99
57904   58329   7.86    66.48
57918   57821   0.00    64.69
57918   58559   12.00   102.69
57919   57700   0.00    37.36
57919   58018   3.00    55.22
57966   57809   7.15    77.24
57977   58056   15.20   35.11
57982   57788   10.00   54.06
57987   58038   8.83    90.25
58004   58670   6.69    110.23
58004   57827   11.35   84.46
58012   58553   7.00    134.32
58018   57788   0.00    37.25
58020   58152   8.30    112.83
58035   58113   0.00    18.79
58035   58159   0.00    20.79
58038   58192   11.30   72.47
58040   58162   5.79    32.30
58043   58040   8.60    27.79
58052   57918   9.83    63.03
58052   58683   11.50   102.48
58056   58150   11.00   52.86
58084   57377   10.19   117.81
58087   58210   7.00    22.05
58090   57977   9.57    82.77
58102   57720   6.55    78.98
58102   58428   14.33   59.63
58104   58140   0.00    11.39
58104   58576   7.33    75.73
58110   58426   7.80    49.51
58113   58004   5.43    60.83
58117   58329   8.43    92.86
58126   58151   11.14   23.85
58126   57564   10.85   148.30
58139   57919   0.00    35.30
58139   58246   5.50    56.12
58140   58236   9.20    22.59
58150   58218   13.33   50.14
58151   58283   9.15    129.83
58151   57966   7.56    61.86
58152   58043   6.95    64.45
58152   58863   9.89    109.49
58159   58667   9.44    81.09
58159   58113   11.50   16.77
58162   58991   10.90   129.59
58162   58709   8.63    119.32
58192   57898   10.07   100.54
58204   58052   0.00    60.90
58204   58836   9.06    102.28
58211   57982   0.00    40.85
58211   58584   20.00   94.49
58218   57987   8.96    90.81
58226   57617   8.84    99.21
58236   58310   9.14    23.56
58246   58018   3.00    35.00
58247   58110   3.00    52.43
58255   58126   10.04   81.10
58262   58822   3.00    88.06
58272   58255   20.00   4.72
58278   58252   0.00    8.62
58283   58090   7.22    82.97
58305   57804   0.00    86.11
58307   58394   0.00    20.61
58310   58473   12.75   56.03
58325   57724   8.47    97.85
58329   58622   7.15    50.60
58336   58159   5.13    71.53
58340   58192   10.14   115.22
58344   58340   6.46    8.00
58344   57751   10.83   128.59
58369   58139   20.00   34.16
58369   58453   0.00    54.98
58382   57982   10.00   97.55
58391   58278   13.83   29.92
58394   58593   7.33    47.69
58394   57761   8.78    138.10
58413   58102   10.00   86.02
58426   58765   6.88    53.25
58433   57821   10.29   100.72
58448   58283   8.44    82.68
58450   58056   7.80    81.17
58453   58246   20.00   35.05
58468   58829   13.67   85.66
58468   58211   1.00    42.66
58473   58588   6.29    56.98
58479   57615   10.22   139.13
58479   58336   10.75   72.08
58509   58907   10.75   60.19
58509   58344   10.71   144.06
58518   58150   9.80    75.68
58531   58603   3.00    43.47
58531   59101   11.56   95.69
58539   57827   8.93    116.92
58553   58695   2.00    35.03
58553   57900   10.04   132.01
58559   59219   10.07   102.69
58560   58426   4.67    52.00
58576   59059   4.25    75.77
58578   58218   8.10    75.33
58581   58674   1.00    61.44
58581   58369   4.00    35.41
58583   58309   5.89    71.09
58584   58994   10.00   94.56
58588   58946   3.00    55.03
58588   58583   0.00    6.07
58593   58748   9.95    30.15
58593   58020   12.29   127.97
58603   58641   2.00    18.60
58611   58100   10.59   132.86
58622   58479   0.00    74.50
58622   59006   3.31    74.22
58639   58611   10.29   8.29
58641   58721   0.00    30.72
58667   59240   11.17   89.72
58670   59376   8.13    109.83
58674   58453   20.00   35.42
58683   59351   8.83    102.45
58695   58885   3.60    42.98
58695   59318   8.33    116.08
58709   58800   5.95    46.21
58709   58226   9.00    77.27
58721   58822   0.00    46.80
58725   58413   13.50   86.13
58725   58622   15.00   43.81
58736   58434   7.00    97.70
58748   58802   10.09   132.79
58758   58835   8.67    76.58
58767   58758   11.26   147.73
58770   58583   10.22   77.45
58800   58084   10.48   116.82
58800   58920   8.22    78.66
58802   58863   9.18    44.65
58803   58553   4.67    45.46
58803   58382   12.60   97.62
58810   59033   3.00    96.34
58819   58725   5.43    38.08
58820   58581   0.00    35.03
58820   58924   4.00    75.96
58822   58840   20.00   6.14
58829   59196   1.00    85.77
58835   58907   10.81   76.58
58836   59496   10.30   102.24
58840   59333   11.00   74.22
58840   58305   0.00    86.76
58849   58517   10.69   83.11
58850   58667   8.67    80.35
58855   58765   5.50    39.61
58856   58204   18.50   105.36
58857   58450   8.88    81.18
58863   59187   13.29   51.89
58863   58929   10.73   59.03
58885   59002   8.89    45.49
58885   59546   11.20   125.74
58897   58326   11.21   148.88
58902   58518   8.69    75.77
58907   58970   9.44    60.42
58907   59338   10.00   65.28
58915   58897   3.00    7.93
58920   58325   9.41    97.85
58920   58980   8.25    66.55
58923   59033   8.27    50.25
58924   58674   2.67    37.36
58929   58043   9.90    138.52
58929   58956   11.50   17.25
58946   59419   14.33   71.08
58953   58618   12.52   55.52
58953   59119   9.63    108.56
58956   58991   13.25   39.02
58960   58578   7.64    75.05
58970   59085   9.40    106.04
58970   58748   7.83    47.29
58972   59312   8.50    64.04
58980   58884   10.14   67.36
58991   59003   14.33   16.29
58994   58803   2.00    40.57
58995   58736   5.41    97.44
59001   59101   6.87    27.88
59002   58995   1.00    28.56
59003   59064   11.40   44.97
59006   59480   5.90    114.27
59006   58850   7.40    80.35
59018   59720   9.28    135.51
59032   58802   0.00    39.10
59033   59337   12.00   129.94
59035   59161   0.00    85.60
59035   58820   5.33    35.33
59040   58946   8.67    54.93
59046   59156   10.00   26.01
59046   59002   0.00    8.98
59055   58433   13.22   100.70
59059   59164   10.60   54.59
59059   59439   11.50   56.11
59060   59200   12.21   63.68
59064   59124   3.00    41.93
59064   59615   3.00    90.72
59065   59035   3.00    3.61
59068   59316   9.83    108.72
59099   59168   0.00    14.33
59099   59074   0.00    4.92
59101   59715   9.83    131.99
59102   59271   3.00    24.75
59102   59040   0.00    28.31
59117   58468   5.50    128.32
59119   59312   9.38    108.56
59124   59701   14.33   94.75
59124   59179   10.00   28.41
59136   58849   16.00   82.91
59155   59102   7.00    27.29
59156   58995   0.00    27.59
59156   59253   0.00    17.43
59161   58924   0.00    36.72
59163   59290   3.00    30.50
59163   59136   5.33    8.22
59164   59284   11.29   55.58
59164   58310   9.83    140.00
59179   59570   9.31    111.23
59179   58800   7.25    65.58
59187   59566   10.13   57.69
59196   58994   5.22    38.45
59212   59168   0.00    4.60
59219   59834   9.63    102.67
59231   59101   9.41    26.10
59249   59187   0.00    52.51
59253   59993   9.57    145.13
59269   59240   36.67   9.96
59271   59917   0.00    105.21
59276   58539   9.63    116.88
59284   59419   15.63   58.04
59284   58473   11.50   128.56
59290   59524   8.67    60.42
59290   59291   6.80    113.76
59291   59524   10.00   46.98
59299   59434   1.00    81.44
59299   59065   11.00   33.42
59301   58953   10.62   51.50
59312   59490   8.33    33.34
59316   59510   7.20    108.41
59318   59900   13.67   116.17
59322   59527   0.00    49.72
59330   59587   7.67    62.65
59330   59117   0.00    37.51
59351   59954   5.83    102.42
59361   59831   10.75   82.72
59376   59388   0.00    18.93
59376   59534   7.33    25.82
59377   59167   0.00    28.68
59378   59809   6.75    75.53
59388   59269   0.00    31.68
59401   60098   7.08    126.03
59402   58856   8.47    84.93
59412   59869   8.86    82.86
59418   59117   13.33   63.37
59418   59196   0.00    39.59
59419   59521   11.50   55.00
59424   59183   11.00   38.43
59424   59805   5.63    101.86
59434   59161   15.75   37.05
59456   59301   7.25    89.57
59480   59526   0.00    13.96
59490   59720   11.50   59.86
59490   59589   13.67   24.02
59495   59781   6.89    140.06
59495   59212   5.33    55.44
59496   60094   8.19    102.21
59503   59572   16.72   73.60
59508   59049   8.07    80.83
59516   58856   6.14    103.00
59519   59676   7.20    50.69
59519   59179   8.00    52.97
59521   59040   2.00    71.00
59534   59999   13.95   144.74
59534   59388   0.00    23.72
59546   60186   2.00    125.76
59584   59495   18.60   18.95
59587   59418   10.50   38.05
59589   59456   10.50   89.57
59589   59857   8.13    58.01
59600   58603   11.78   148.40
59600   59231   9.13    78.36
59612   60507   3.00    146.82
59615   59576   3.00    19.96
59623   59299   5.71    59.10
59629   58956   11.45   106.25
59647   59301   3.27    54.30
59676   59840   9.89    51.81
59679   59003   11.50   110.45
59694   59055   8.54    100.77
59694   58855   5.88    130.42
59695   59424   11.00   54.03
59695   60048   8.75    91.80
59700   59600   13.80   53.60
59700   58721   15.00   148.19
59701   59615   5.50    42.16
59720   59890   8.67    50.61
59720   60282   9.33    113.78
59723   59700   12.23   46.30
59759   59065   3.00    117.38
59769   59330   6.00    99.04
59769   59587   0.00    36.01
59770   59701   11.50   25.53
59770   59519   11.33   45.25
59773   59046   7.71    136.06
59776   60238   5.33    78.24
59781   60144   15.87   142.34
59791   59623   5.50    27.50
59802   59873   6.00    44.16
59802   59231   5.75    95.07
59805   59377   10.16   90.78
59809   60240   9.83    75.46
59814   59802   1.00    19.60
59819   59980   50.00   30.85
59831   60324   8.25    82.62
59834   59694   0.00    63.69
59834   60250   10.25   63.78
59837   59916   7.20    82.34
59839   59434   15.29   67.76
59839   59623   8.30    51.31
59840   59912   0.00    23.80
59850   59521   24.33   58.46
59857   59647   14.46   136.24
59857   60143   7.18    57.19
59866   59770   11.50   20.09
59869   60379   7.67    82.80
59890   59508   7.80    80.83
59900   60515   8.50    116.00
59901   59402   11.20   85.13
59902   59155   6.57    116.22
59939   60247   20.00   49.03
59939   59880   20.00   19.24
59954   59834   6.09    61.68
59958   60475   8.17    82.12
59958   59814   7.36    58.01
59977   59695   8.13    54.35
59980   60257   0.00    44.58
59980   60287   30.00   110.72
59981   59647   9.17    53.81
59993   60754   5.57    145.06
59999   60037   3.00    44.81
59999   59276   9.80    117.15
60024   59902   8.67    18.92
60026   59676   0.00    63.28
60032   59584   11.50   124.11
60033   59791   0.00    40.12
60041   59663   10.00   62.80
60048   59805   10.21   53.73
60054   59723   0.00    55.83
60054   59958   11.29   92.87
60083   60119   11.50   36.77
60086   59902   12.14   55.85
60094   59954   9.36    61.67
60098   60240   3.00    48.49
60098   60674   11.29   102.61
60119   60094   4.83    62.21
60119   59516   11.13   102.97
60125   59473   8.44    113.32
60125   60507   2.33    142.83
60133   59769   8.43    75.99
60133   59839   14.64   67.30
60143   60623   6.18    97.26
60143   59981   2.67    92.47
60144   60756   8.11    144.45
60146   59527   4.25    121.79
60167   59715   5.00    94.17
60186   60821   8.80    125.65
60195   60133   3.00    12.59
60207   59837   8.91    60.00
60207   60309   10.79   93.94
60237   60086   7.00    48.52
60238   60545   13.33   50.69
60238   59939   12.83   100.53
60240   60324   0.00    52.44
60240   61040   8.86    144.39
60247   60552   3.00    49.85
60247   60545   9.43    99.98
60250   60919   4.54    119.64
60257   60323   0.00    26.18
60257   60711   4.40    77.49
60265   59840   4.25    67.61
60266   59853   2.67    63.96
60282   60836   5.47    113.78
60283   60605   9.87    84.42
60283   59977   11.13   53.96
60287   60013   12.71   43.78
60319   59977   12.60   84.04
60319   60048   12.20   54.25
60323   60554   10.33   84.05
60324   61107   8.38    138.82
60324   60470   10.00   51.30
60332   59981   7.35    51.64
60336   60339   0.00    45.60
60336   60054   3.00    44.90
60344   59584   12.38   122.06
60345   60146   7.84    120.49
60377   60283   8.67    19.18
60379   60467   20.00   59.15
60379   61178   7.83    139.43
60386   59873   10.29   90.13
60406   59814   7.80    96.82
60423   60024   9.86    63.12
60433   60195   0.00    76.13
60436   60041   3.00    63.13
60436   60266   5.56    89.09
60437   60033   1.00    61.89
60450   61023   7.77    110.98
60450   60250   11.00   91.06
60457   60266   6.25    31.07
60467   60803   6.50    143.38
60467   60125   4.75    55.55
60469   59890   7.45    106.76
60475   60972   8.00    84.74
60479   59773   1.67    136.06
60492   60207   5.33    45.39
60498   60546   10.00   86.83
60498   60230   6.67    40.47
60503   60355   19.57   106.38
60505   60086   6.63    67.33
60507   60803   10.50   51.48
60510   60032   10.78   124.11
60510   60522   12.46   86.03
60515   60133   13.33   59.87
60522   60344   11.11   86.80
60524   59759   0.00    118.67
60533   60587   9.08    69.70
60545   60570   3.00    5.46
60546   60450   8.67    84.09
60551   60475   7.44    32.54
60552   60822   8.25    48.65
60552   60807   9.33    98.65
60554   60287   6.69    45.71
60570   60807   8.67    42.88
60570   60711   3.00    49.72
60586   61001   7.67    83.87
60587   60756   6.00    83.39
60604   60436   9.25    92.48
60605   60319   9.82    53.70
60611   59694   9.80    146.59
60619   60237   8.67    65.11
60619   60505   10.00   45.88
60623   60696   2.33    15.04
60644   61003   7.36    147.19
60644   60167   6.00    94.41
60645   60551   10.00   56.06
60645   60336   10.67   52.48
60660   60533   5.20    89.95
60668   60678   0.00    42.90
60669   60696   0.00    4.89
60674   61221   13.25   102.61
60675   61122   11.58   79.26
60696   60973   7.29    88.56
60711   60781   3.00    25.79
60711   61196   4.17    90.00
60718   60433   0.00    75.91
60754   61465   3.00    145.06
60756   60985   6.50    86.78
60773   60604   12.54   92.48
60773   60423   3.00    58.82
60777   60237   9.05    117.46
60781   60323   11.00   78.45
60781   60991   8.62    86.03
60784   60822   0.00    15.96
60788   60467   10.29   54.45
60788   61112   5.33    144.60
60803   61112   3.00    55.95
60807   61070   9.83    47.88
60821   60515   7.33    52.41
60821   61239   5.00    138.61
60822   60906   20.00   32.47
60823   61270   4.40    102.37
60823   60619   4.75    35.64
60827   60377   8.54    95.63
60837   60331   9.00    79.68
60837   60510   8.57    86.45
60879   60996   7.08    80.70
60881   61187   11.90   76.03
60906   61070   3.00    64.81
60912   60773   0.00    25.40
60913   61229   9.83    56.71
60913   60975   9.18    83.31
60913   60386   6.72    90.95
60919   61523   11.59   118.74
60924   60195   15.75   148.38
60938   60505   6.78    77.62
60938   60773   0.00    53.50
60972   61120   8.67    26.44
60972   61025   11.50   32.85
60973   61168   9.13    87.73
60975   60406   7.29    96.79
60975   61120   8.88    56.68
60976   61406   6.40    78.94
60976   60938   3.00    7.27
60985   60344   12.11   108.69
60985   60879   18.25   62.33
60991   61144   10.00   58.62
60991   60554   10.15   79.38
60996   61375   11.88   82.96
60997   60469   6.80    106.75
61001   61431   7.52    84.05
61003   61598   7.00    143.25
61023   61498   20.00   109.07
61025   60551   8.50    83.47
61040   61864   9.41    144.39
61053   60756   8.50    52.05
61062   60546   10.73   128.64
61062   60498   7.29    92.20
61070   61196   9.00    50.25
61076   61395   15.50   128.38
61076   60788   6.00    52.99
61083   60605   6.00    93.57
61084   60821   50.00   46.92
61101   60619   6.50    108.00
61106   61392   9.00    90.88
61107   61904   8.61    138.82
61112   61348   3.00    37.16
61120   61603   8.48    83.66
61122   61187   11.50   22.82
61122   61442   8.05    57.91
61144   61287   5.75    56.53
61149   61084   3.00    10.68
61149   60479   13.33   136.06
61168   61185   0.00    5.89
61169   60823   11.50   64.81
61169   60976   7.00    43.41
61172   61053   7.40    65.44
61172   60587   5.00    102.56
61178   61988   10.67   139.43
61184   60503   13.77   114.32
61185   61320   7.76    51.18
61187   61106   11.20   107.75
61191   60906   7.71    53.19
61191   61511   11.50   113.81
61196   61511   4.75    54.57
61196   61368   7.80    55.60
61221   61813   8.95    102.61
61229   61524   11.11   102.23
61229   61774   9.80    85.97
61239   61346   3.00    14.74
61270   61816   5.83    90.28
61272   61570   0.00    62.77
61287   61350   2.33    16.86
61300   61172   8.00    62.42
61300   60533   9.91    132.84
61304   60837   8.00    95.76
61320   60827   4.08    96.60
61320   61404   3.55    32.83
61331   61149   11.50   29.65
61346   61084   4.25    118.02
61346   61574   3.00    39.58
61348   61521   16.00   77.02
61350   61850   7.12    93.21
61350   61442   14.60   43.28
61358   60777   7.52    118.26
61364   61169   10.00   34.33
61365   61412   3.00    20.59
61365   60611   8.92    143.45
61368   61508   12.50   56.49
61368   61978   12.00   112.65
61375   62008   9.27    121.15
61375   60837   30.00   86.99
61383   61569   8.17    72.23
61383   61076   4.75    51.93
61390   61003   6.74    138.59
61390   61229   10.60   73.40
61395   61348   6.50    28.02
61406   61799   8.67    77.70
61412   61476   13.82   19.38
61442   61487   3.00    14.27
61465   61331   3.00    24.29
61472   60985   7.00    82.89
61476   61686   20.00   63.35
61487   61718   11.00   37.54
61487   61776   4.00    126.62
61488   60645   10.79   145.54
61498   61062   8.09    78.10
61508   60991   12.81   91.45
61508   61683   7.80    57.56
61511   61861   4.36    57.89
61521   61191   9.70    57.10
61521   61861   9.06    115.33
61523   61690   11.11   27.45
61524   61603   9.20    25.27
61541   61365   10.25   68.02
61557   61239   3.00    60.63
61569   61395   5.50    77.37
61570   61390   7.00    70.48
61574   61331   5.50    116.32
61579   61730   3.00    46.74
61579   61358   8.69    41.28
61585   61083   11.38   93.54
61586   61598   6.86    87.94
61598   61791   5.33    33.08
61603   61996   7.13    129.91
61618   61586   0.00    41.66
61622   61618   6.81    8.02
61628   61579   0.00    7.28
61637   60879   10.57   128.37
61668   61422   3.00    76.41
61683   61850   10.00   62.71
61686   60924   6.38    149.20
61690   61541   6.40    46.90
61690   61706   0.00    2.59
61706   61818   8.71    22.63
61706   61768   9.07    35.48
61714   61025   8.24    116.20
61723   61465   12.60   38.81
61723   61901   3.00    46.45
61730   61101   4.75    110.02
61760   61734   4.75    31.60
61768   61498   5.70    68.89
61774   62000   14.75   89.34
61776   62112   6.91    126.66
61791   62223   11.50   75.49
61793   61053   11.43   121.34
61795   61760   11.20   57.20
61796   61383   8.60    70.34
61796   61569   7.86    100.64
61799   62483   6.50    137.02
61813   61795   4.30    16.08
61816   62334   3.00    90.03
61818   62012   7.00    39.41
61827   62181   1.00    59.09
61830   61880   6.40    16.24
61837   61640   14.33   62.47
61837   61304   10.10   96.54
61850   62513   7.34    115.48
61850   62028   6.00    71.34
61861   61978   10.00   54.89
61861   62405   9.39    93.22
61864   61813   21.29   59.39
61880   62027   11.50   58.73
61881   61730   11.50   24.97
61881   62611   6.00    125.98
61901   61953   3.00    15.68
61904   61864   12.13   66.20
61906   62647   12.56   113.33
61919   61172   3.00    121.07
61919   61793   8.33    65.04
61947   61904   7.81    65.37
61953   62201   0.00    60.37
61962   61472   10.40   82.92
61963   61774   5.83    105.71
61965   61963   3.00    116.98
61965   62538   14.60   95.08
61971   62727   0.00    110.26
61978   62157   8.50    58.23
61982   61947   8.78    51.41
61988   61982   3.00    8.58
61999   61799   6.50    57.92
61999   61364   3.00    139.28
62000   62159   0.00    36.64
62000   61524   3.00    86.62
62008   62593   5.87    119.12
62012   62309   7.08    48.99
62021   62792   9.76    110.13
62027   62698   8.67    109.03
62027   62174   3.00    48.62
62028   62083   6.50    19.45
62028   61797   10.00   46.02
62029   61300   6.78    122.52
62029   61919   7.25    61.71
62046   61796   5.83    45.33
62046   61988   12.92   56.31
62076   61586   8.93    80.74
62079   61364   11.50   139.01
62096   61557   9.80    92.90
62101   62046   9.67    75.18
62101   62303   7.67    46.76
62104   61637   10.25   123.99
62143   61686   8.14    82.99
62157   62325   7.88    58.28
62157   61508   8.50    112.34
62159   62241   7.33    82.22
62165   62101   6.07    64.91
62165   63034   11.00   140.19
62167   62864   6.63    109.04
62167   61881   6.50    52.92
62174   62857   11.00   108.33
62181   62165   13.25   17.87
62188   62181   6.40    11.53
62190   61723   10.00   100.10
62198   61557   5.07    122.23
62214   62188   5.92    27.53
62223   62748   4.55    76.23
62233   61521   9.46    124.81
62233   62214   7.14    32.62
62237   61962   11.00   90.80
62241   61996   0.00    84.39
62258   62233   0.00    17.91
62261   62007   20.00   41.16
62261   61628   12.11   109.55
62265   62700   0.00    81.65
62265   61999   15.00   52.14
62265   62963   0.00    103.23
62269   62012   8.14    100.22
62283   62261   20.00   3.10
62284   61837   8.80    82.83
62296   62529   11.50   72.64
62303   62496   7.20    45.99
62303   62553   0.00    51.74
62308   62269   15.00   15.15
62320   61791   5.44    87.26
62325   62513   6.63    53.71
62334   63068   6.00    113.79
62343   61488   14.33   144.79
62343   62433   12.11   89.30
62350   61965   13.33   87.95
62350   62159   0.00    27.36
62377   62320   7.04    71.92
62377   61570   5.89    147.87
62379   62258   7.67    38.47
62405   62747   10.31   113.80
62405   62769   7.83    58.12
62433   61714   6.00    116.95
62445   61963   3.00    68.55
62445   62377   5.97    93.52
62471   62167   7.80    46.25
62471   62334   3.00    42.41
62483   61999   11.50   89.69
62496   62886   8.20    69.54
62496   62753   15.00   46.87
62513   62882   7.33    132.07
62529   62698   5.43    59.99
62529   61880   7.50    111.09
62538   62445   7.58    71.69
62556   62668   0.00    22.01
62577   62201   0.00    56.35
62593   62799   11.00   65.96
62603   62190   8.67    99.04
62603   62096   4.75    78.76
62611   63414   4.25    125.98
62628   62320   13.25   58.30
62629   62639   15.00   50.10
62629   62076   14.30   80.74
62639   62647   8.67    49.90
62641   61795   8.73    130.53
62647   62789   20.00   17.05
62665   62497   20.00   37.09
62669   62198   9.55    119.62
62669   62143   5.00    83.43
62678   61962   11.30   110.98
62698   62857   10.25   49.43
62706   61793   5.87    145.94
62719   63456   5.56    106.87
62719   62761   0.00    58.97
62724   62096   11.25   125.73
62747   62157   9.11    94.72
62748   62758   11.50   48.49
62748   63321   6.05    80.82
62753   63201   4.67    70.55
62753   63257   9.33    76.33
62758   62629   0.00    15.99
62769   62379   4.39    68.88
62777   63118   10.50   49.05
62777   62628   0.00    24.08
62782   62258   7.20    83.97
62789   62792   4.67    50.31
62789   62917   7.67    16.25
62792   63652   5.44    123.73
62793   62283   8.17    110.63
62793   63006   0.00    46.41
62799   62284   8.95    82.89
62816   62986   0.00    123.79
62825   62214   11.50   97.93
62843   62727   0.00    48.21
62843   62328   0.00    73.35
62847   62747   8.67    15.21
62847   63196   3.00    111.66
62848   61919   8.32    145.16
62857   63016   9.20    51.11
62864   63534   9.86    109.03
62870   62758   10.00   14.60
62874   62188   7.67    109.32
62882   63105   11.00   38.68
62888   62237   9.06    95.55
62888   62104   8.44    127.01
62893   62870   7.67    50.15
62893   62639   0.00    31.93
62917   63911   9.96    145.78
62917   62893   5.89    50.27
62922   62979   8.48    125.25
62922   62433   6.50    68.72
62926   62538   5.48    65.67
62926   62350   11.00   122.24
62940   63273   13.25   67.58
62940   62922   8.20    16.99
62944   62769   20.00   29.29
62948   62963   6.75    43.65
62955   62843   3.00    51.14
62955   62668   6.50    38.72
62955   63039   0.00    38.36
62963   62989   23.20   62.10
62967   61982   8.62    142.81
62970   62669   5.20    42.29
62978   62944   0.00    6.95
62978   62622   3.20    53.82
62979   63052   6.15    125.24
62986   63824   0.00    128.24
62989   62079   6.03    140.42
62992   62029   11.27   145.18
63006   62283   6.36    110.79
63016   63220   5.90    35.35
63017   63006   3.00    1.92
63019   62593   8.60    103.58
63024   62445   7.40    84.13
63052   62926   11.13   23.96
63052   63713   8.33    118.05
63068   63779   11.71   113.54
63069   62471   6.00    94.77
63098   63256   7.78    73.57
63098   62978   11.25   20.02
63105   63341   6.50    76.74
63105   63270   10.00   29.87
63107   62793   3.00    82.65
63118   63581   18.25   93.44
63118   63512   11.20   60.41
63124   62603   7.67    105.85
63181   62847   9.03    52.72
63190   62777   10.50   77.06
63196   63539   8.17    105.72
63201   63601   3.00    63.70
63201   63227   9.00    70.94
63217   62948   8.50    74.50
63217   63110   0.00    29.58
63220   63292   8.67    12.37
63220   63009   10.75   104.07
63256   63297   6.75    15.00
63256   62782   10.92   83.43
63257   63745   9.86    76.05
63270   63099   10.75   48.66
63273   63944   6.50    98.28
63273   63651   8.67    87.92
63274   63662   1.00    56.21
63289   62761   5.31    81.94
63292   63568   9.80    50.25
63297   63371   9.24    32.76
63302   63217   8.67    18.98
63308   63107   3.00    81.71
63308   63528   6.78    106.36
63315   63465   13.57   63.61
63321   63442   10.00   21.17
63321   62628   8.29    139.08
63331   62343   11.19   148.52
63331   62640   8.20    98.12
63341   63568   16.67   76.74
63362   62724   7.00    125.73
63371   63398   7.25    16.88
63371   62825   3.00    96.95
63388   63017   5.39    70.69
63398   63478   5.50    30.79
63400   63270   0.00    39.64
63402   62678   8.09    110.88
63402   62888   5.14    86.18
63414   63388   16.67   13.83
63442   64172   8.29    110.77
63456   63960   0.00    102.80
63462   62948   0.00    76.94
63465   62799   8.60    109.25
63465   64197   11.50   108.34
63472   63690   10.00   40.70
63478   62874   8.80    108.59
63478   63533   10.00   18.85
63488   63417   0.00    15.40
63508   63664   7.67    91.86
63508   62989   6.42    83.49
63510   62870   7.50    94.93
63512   63890   11.67   53.63
63513   62893   7.36    92.69
63518   63676   9.60    66.50
63518   63576   4.43    8.37
63518   63402   5.07    16.93
63525   63098   8.77    76.27
63525   63181   11.52   56.23
63528   63017   6.86    107.09
63528   63696   13.33   66.60
63533   63678   4.38    48.31
63533   64082   6.40    84.85
63534   63414   5.50    42.00
63539   63922   10.33   105.78
63551   64212   15.00   104.48
63551   62641   9.02    130.42
63551   63894   6.63    136.53
63568   63728   7.40    26.67
63572   62816   0.00    126.96
63576   63588   7.81    124.54
63576   64078   9.50    76.53
63579   63525   0.00    9.11
63581   63442   5.50    57.70
63581   64102   10.00   79.24
63588   63765   7.25    75.32
63588   64035   20.00   63.53
63597   63512   7.43    115.58
63597   63190   8.67    77.06
63601   63941   3.00    50.87
63601   63411   4.17    63.31
63603   63597   3.00    4.59
63603   63024   6.50    84.13
63605   63472   0.00    63.12
63605   63488   0.00    23.76
63608   63551   6.52    60.26
63617   63172   9.75    89.00
63643   62940   7.36    108.17
63644   63124   6.18    106.38
63649   63516   11.36   61.16
63651   63713   7.25    85.49
63652   63608   8.76    49.88
63659   63567   3.00    49.68
63662   63603   8.86    84.33
63664   63659   22.17   91.43
63665   63534   5.33    41.26
63665   63069   5.89    94.58
63676   63815   6.67    65.77
63676   62706   9.67    145.90
63678   63091   7.43    92.42
63678   63753   16.82   25.49
63686   63331   12.23   54.18
63690   64351   4.40    125.85
63696   63388   10.67   48.78
63709   63662   6.17    111.08
63709   64027   0.00    112.52
63713   63709   0.00    6.72
63724   62970   8.90    112.78
63728   63649   8.88    41.62
63745   63601   8.38    49.62
63753   64082   10.00   124.55
63753   63941   8.53    63.83
63765   64293   9.30    80.09
63766   64028   9.35    92.40
63766   63696   15.00   10.74
63768   63289   10.15   81.18
63779   63665   7.36    41.48
63815   62848   7.94    145.21
63815   63952   13.71   60.15
63824   63841   0.00    3.38
63876   63579   7.75    107.73
63876   63297   7.93    89.67
63884   63728   8.21    72.94
63887   63779   6.67    43.40
63890   64003   3.00    15.34
63894   63981   12.20   13.71
63903   63572   0.00    120.76
63904   63745   8.31    58.02
63904   62967   7.33    141.90
63906   63887   2.00    9.61
63906   63508   6.63    59.56
63911   63652   6.06    63.81
63916   63690   4.63    75.13
63916   64377   30.00   99.93
63918   63919   3.00    64.81
63919   64654   11.50   138.03
63922   63884   8.72    17.72
63941   64089   11.50   61.18
63941   64444   6.95    90.27
63944   64514   10.86   87.96
63944   64103   11.25   141.18
63952   62992   9.27    145.05
63960   63894   0.00    29.08
63960   63976   20.00   4.51
63981   64317   7.50    61.26
63985   63890   7.64    111.24
63992   63873   10.73   22.36
63999   63922   10.08   38.22
64001   63649   9.00    59.25
64003   64714   6.00    106.62
64008   63465   11.20   77.52
64027   63985   9.33    111.21
64028   64255   9.00    92.40
64032   63579   6.59    76.86
64035   64078   8.25    107.64
64035   64480   9.00    71.80
64063   63918   0.00    90.40
64063   64432   0.00    61.97
64063   63659   0.00    61.25
64064   63999   5.25    44.33
64074   63398   10.43   103.26
64078   64653   7.83    86.81
64082   64479   7.83    64.06
64084   63605   1.00    96.35
64084   64351   10.00   89.02
64085   64032   8.62    140.76
64085   64120   10.75   9.08
64089   64251   14.50   60.33
64102   64645   10.33   79.76
64103   64333   12.92   141.43
64113   64535   3.00    63.35
64117   63908   8.25    38.12
64117   63904   5.50    59.87
64120   63876   6.50    40.42
64120   64479   6.68    103.83
64134   63911   9.22    53.16
64134   64833   8.00    109.74
64141   63916   3.00    41.41
64141   63528   9.80    94.38
64151   63513   7.71    92.69
64151   64134   11.50   7.83
64172   64151   4.17    55.04
64172   63510   9.94    94.92
64181   63992   11.33   65.18
64197   63617   6.50    91.51
64197   64730   9.47    108.72
64212   64912   6.75    109.10
64212   63981   13.26   87.78
64215   64001   10.00   74.84
64229   64064   5.93    83.58
64238   64032   7.80    39.95
64248   63992   11.50   47.10
64251   64603   9.19    88.12
64255   63887   6.00    60.50
64279   63766   9.50    82.42
64293   64730   8.44    62.67
64314   64084   0.00    41.00
64314   65034   6.90    125.60
64317   64117   10.33   52.42
64317   64603   5.56    49.97
64351   65039   14.33   110.08
64352   64003   5.11    74.54
64352   64943   4.25    84.90
64377   65039   20.00   102.30
64391   64238   9.17    29.77
64391   64229   8.95    83.64
64414   63676   6.33    116.01
64415   64255   10.00   25.02
64417   64911   7.67    75.65
64417   64279   23.33   42.10
64424   63999   11.00   79.26
64429   63906   7.81    91.78
64432   64922   4.25    73.38
64444   65237   7.57    128.61
64444   64717   6.31    124.05
64463   63884   6.88    104.40
64472   63724   8.13    111.85
64478   64472   2.00    46.88
64479   64717   0.00    58.62
64480   64293   6.50    91.06
64482   64519   14.83   45.55
64497   64248   8.67    87.71
64499   63652   9.94    137.48
64499   64212   9.85    110.45
64501   64008   11.00   77.73
64512   64314   0.00    63.83
64514   64482   10.20   123.03
64518   64279   6.45    38.45
64519   64531   3.00    12.23
64530   64248   5.22    45.85
64530   64865   7.25    110.06
64531   64598   2.00    85.97
64535   64514   1.00    62.04
64535   65431   8.92    128.30
64587   64879   20.00   55.32
64595   64042   11.13   90.81
64598   64466   0.00    86.85
64601   64391   5.36    36.08
64603   65058   5.40    79.55
64603   64912   8.33    105.63
64608   64685   0.00    20.95
64625   64332   7.55    81.05
64637   65137   4.17    78.79
64637   64172   11.50   73.05
64645   64903   3.00    37.05
64645   64637   0.00    26.83
64653   65064   5.43    61.31
64653   64480   4.67    68.92
64654   64530   11.50   17.39
64657   64432   10.86   69.54
64657   63918   9.50    118.55
64660   65068   10.00   60.59
64660   64472   14.43   61.81
64674   65144   8.67    67.89
64674   64352   8.31    66.83
64677   64660   0.00    3.69
64685   64920   20.00   70.42
64689   64429   0.00    36.61
64702   64089   12.08   103.17
64714   65442   4.75    106.65
64716   64596   0.00    53.78
64716   63815   8.64    139.43
64717   65006   2.50    46.80
64730   64904   7.14    75.67
64730   65253   10.18   75.11
64732   64803   10.59   36.86
64737   64853   15.00   45.52
64747   64677   3.00    14.64
64758   65165   0.00    77.90
64760   64138   5.83    98.02
64782   64747   17.57   9.94
64803   64141   9.33    101.30
64809   64737   12.60   21.28
64828   65378   8.13    79.76
64829   64654   6.15    28.38
64833   64499   8.00    109.29
64833   65521   5.17    109.01
64838   64251   5.33    96.17
64840   65006   9.83    68.38
64848   64601   8.05    52.71
64848   65219   6.40    115.11
64853   65143   6.50    43.24
64856   63952   8.41    138.73
64856   64716   3.00    61.83
64858   64922   6.91    19.21
64879   64848   7.40    10.55
64903   64637   5.50    41.60
64904   65064   9.00    75.63
64911   65409   6.63    76.51
64912   65537   7.67    98.73
64912   65221   9.50    111.56
64917   64625   9.79    81.05
64917   64424   9.86    79.26
64920   65034   7.43    35.60
64922   65050   6.00    43.96
64941   64417   8.04    137.45
64941   64415   3.00    82.58
64943   65511   9.00    84.90
64958   64415   7.65    76.33
64961   64829   4.75    20.22
64961   64657   6.60    102.03
65004   64732   8.50    42.24
65006   65154   0.00    25.23
65029   64958   7.67    73.04
65034   65128   6.78    34.36
65039   65250   7.67    34.15
65043   64879   21.22   79.19
65050   65121   13.25   25.74
65058   65889   7.67    145.80
65058   65992   9.29    139.06
65059   64809   8.50    37.27
65064   65472   5.18    63.63
65068   65213   0.00    43.97
65109   65833   7.83    145.77
65109   65043   6.81    69.01
65113   64961   9.31    26.30
65121   65306   13.25   60.59
65121   64657   10.00   74.50
65128   65869   10.90   120.35
65128   65250   6.80    34.45
65137   64833   7.60    107.92
65137   65734   5.29    113.20
65143   65260   6.50    25.86
65143   65409   8.29    67.08
65144   65651   11.50   74.52
65144   65836   4.67    143.13
65148   65851   7.63    103.91
65148   64782   9.05    77.19
65148   64501   4.40    89.87
65154   65365   0.00    32.63
65160   65830   10.86   99.82
65160   64531   0.00    97.54
65160   65165   3.00    69.69
65164   65109   2.00    22.29
65165   65273   26.50   61.94
65165   65293   0.00    25.70
65171   65164   10.00   2.48
65171   64917   8.50    62.68
65190   64501   8.33    118.84
65201   64414   9.13    116.00
65219   65594   6.00    115.11
65221   64499   7.20    109.53
65221   65521   7.00    108.62
65233   65059   7.67    30.97
65237   65154   6.50    57.62
65250   65353   0.00    37.01
65253   65699   6.00    68.56
65253   65472   10.86   112.25
65257   64829   7.09    135.69
65260   65233   0.00    30.75
65266   64482   7.80    108.16
65272   65290   10.00   24.41
65272   65594   6.00    57.02
65273   64674   10.00   118.46
65275   64716   6.25    82.73
65279   65459   30.00   62.28
65290   65365   8.00    68.41
65306   65417   6.00    38.26
65321   64702   8.17    103.17
65321   65237   9.20    62.31
65352   65113   11.50   79.45
65353   65004   6.50    57.50
65356   64685   17.67   105.78
65365   65517   12.20   110.37
65367   64816   5.22    79.60
65375   65221   0.00    25.90
65378   65909   5.86    79.76
65383   65171   7.03    65.96
65383   65037   6.00    97.06
65401   65043   8.67    72.19
65407   64838   8.17    96.17
65407   65321   10.29   64.08
65409   65665   5.00    63.60
65409   65724   6.42    99.07
65417   65710   7.54    99.27
65417   66086   9.50    112.67
65417   65113   9.35    49.83
65431   66297   3.75    128.30
65442   65874   11.00   64.89
65459   65667   5.50    70.61
65468   64958   7.22    76.92
65472   66107   8.54    98.19
65480   64782   10.77   101.19
65482   65724   10.00   34.80
65511   65579   0.00    10.12
65511   65442   50.00   58.95
65515   65353   8.13    25.97
65517   65321   5.75    33.68
65521   65734   8.47    76.74
65521   66109   5.83    92.72
65534   65401   15.00   31.27
65537   66200   9.35    99.95
65546   65004   9.38    92.36
65554   66269   0.00    118.28
65579   66132   6.67    85.20
65579   65651   3.00    54.50
65592   65050   6.75    93.88
65594   65898   3.00    51.56
65599   65352   20.00   79.45
65602   65273   14.33   84.58
65614   65283   7.12    93.47
65614   65383   7.80    44.43
65635   65306   11.13   77.84
65651   65718   1.00    10.25
65653   65504   10.00   21.55
65654   64856   10.65   126.67
65665   65891   12.44   63.38
65667   64920   7.42    121.25
65667   65869   3.00    70.84
65674   65213   0.00    68.62
65675   65290   6.87    58.90
65675   65775   25.40   80.54
65680   65515   4.18    25.81
65694   65517   10.00   29.42
65699   66153   9.38    70.24
65699   65190   17.50   116.90
65710   65928   9.80    85.01
65710   65974   10.29   44.39
65718   65836   7.50    116.35
65718   66408   4.75    103.41
65724   65546   8.67    77.06
65724   66150   11.20   65.32
65725   65810   7.25    33.95
65727   65401   14.22   63.13
65734   66667   6.83    135.35
65740   65948   0.00    36.84
65740   65694   3.00    31.19
65775   65868   6.50    80.54
65776   65654   0.00    19.41
65782   65148   4.74    113.48
65795   65740   3.00    32.81
65795   65407   9.00    64.61
65801   65375   9.89    88.65
65810   65275   10.23   82.82
65810   65946   8.04    75.68
65813   64903   2.43    143.98
65830   65602   5.50    82.61
65830   65969   9.33    22.44
65833   66530   8.67    145.05
65836   66106   19.00   100.27
65851   66341   13.25   99.88
65851   66730   8.54    127.32
65863   65614   5.00    49.98
65863   65547   10.00   89.34
65868   65694   11.50   32.11
65869   66446   7.80    92.31
65869   66063   13.20   70.81
65874   65813   0.00    61.39
65874   66501   5.40    90.35
65889   66482   8.29    91.20
65889   65795   10.20   81.83
65891   65913   0.00    5.17
65898   65653   9.45    81.66
65898   66100   5.50    30.76
65899   65367   2.33    79.60
65909   66664   3.00    106.03
65909   65899   0.00    60.78
65913   66260   10.00   82.38
65913   65468   8.50    75.80
65933   65546   0.00    64.76
65934   66014   0.00    24.89
65946   65201   8.14    116.22
65946   66107   7.52    80.05
65946   66410   11.17   69.95
65960   66006   10.50   121.38
65960   65534   8.47    111.93
65969   66062   7.25    24.90
65974   66559   14.60   89.47
65978   65979   8.00    23.22
65978   65266   4.75    108.16
65979   65969   9.00    39.73
65992   66956   9.58    139.07
66012   65776   3.00    38.60
66014   66212   50.00   65.49
66014   65459   3.17    91.14
66018   65813   15.33   40.52
66018   66733   4.00    127.53
66050   66737   1.00    95.57
66062   66106   6.75    15.80
66063   65680   7.64    66.88
66086   65974   6.76    125.48
66086   66559   11.68   112.53
66093   65960   9.33    31.96
66100   66112   10.75   83.35
66100   66466   8.11    50.56
66106   66245   7.40    38.03
66107   66153   6.90    79.84
66107   66593   6.63    71.82
66109   66773   10.08   93.34
66112   65653   6.88    71.17
66132   66739   10.33   85.19
66137   65795   4.75    62.37
66147   65635   11.00   81.31
66147   66086   11.50   62.14
66147   66720   10.86   106.00
66150   66597   9.64    63.13
66153   65782   7.46    110.26
66153   66529   8.64    53.12
66157   65480   9.28    101.21
66167   65727   8.25    92.47
66200   65801   5.71    88.86
66201   65978   10.00   32.88
66201   65979   12.60   39.45
66202   66012   10.75   29.34
66212   66234   0.00    4.67
66213   65592   6.15    95.83
66213   66761   10.00   84.28
66213   66147   4.75    65.64
66217   66408   10.75   123.80
66217   66764   5.75    113.52
66229   65375   5.00    129.08
66234   66345   0.00    40.79
66234   65667   3.00    92.32
66245   66697   0.00    78.20
66245   66217   3.00    72.45
66260   66280   14.33   7.18
66269   66093   10.38   43.97
66277   67019   19.00   116.61
66277   66213   6.43    76.73
66280   66302   11.00   9.92
66297   67115   10.46   117.51
66297   65909   6.40    84.00
66302   66277   5.50    28.73
66341   66946   6.88    101.48
66345   66446   7.40    29.18
66349   66560   8.90    75.97
66349   65779   0.00    86.60
66371   65891   9.20    104.48
66378   66455   9.46    121.19
66378   65675   0.00    107.53
66380   66063   5.62    48.34
66385   65863   9.89    105.55
66394   66093   11.50   41.74
66408   66966   7.14    81.48
66410   67149   7.00    113.72
66410   66202   10.38   87.44
66431   66394   10.85   145.44
66446   66517   3.00    20.15
66453   66260   8.43    34.27
66455   66459   3.00    25.09
66459   66472   3.63    87.34
66459   65868   7.69    93.15
66466   67170   10.22   105.99
66472   66482   7.10    87.34
66473   66112   9.00    49.91
66473   66466   20.00   95.35
66478   66473   0.00    11.98
66478   66269   9.83    47.51
66482   66870   5.83    58.83
66501   66739   6.42    63.25
66501   66952   9.36    69.32
66506   66453   0.00    10.21
66517   66678   20.00   51.22
66544   66018   5.00    75.00
66544   66999   3.00    85.79
66549   66380   6.00    37.25
66556   67327   6.50    133.64
66559   66927   4.75    64.92
66560   66597   5.92    75.22
66583   66200   3.00    75.07
66593   67112   10.67   81.20
66593   66410   7.75    79.74
66597   66371   7.75    101.69
66597   67233   13.22   94.65
66664   67382   13.67   106.03
66667   66969   6.40    46.17
66678   66380   6.87    43.97
66697   67135   14.60   78.41
66712   66549   3.00    40.45
66720   66927   9.40    65.38
66730   66876   0.00    24.85
66733   66667   0.00    22.23
66733   66969   6.75    40.28
66737   67389   14.33   95.57
66739   66966   9.38    59.61
66740   66455   0.00    41.91
66761   67132   9.00    81.62
66764   67135   2.43    111.07
66773   67748   5.08    143.84
66775   66062   6.94    120.45
66777   66593   6.00    80.34
66777   67294   4.75    81.11
66788   65899   9.60    127.46
66788   66201   10.07   100.88
66808   66167   12.00   124.49
66828   66212   11.91   96.81
66832   66712   1.00    32.80
66832   66349   11.00   69.02
66834   66478   11.07   65.81
66839   66394   9.39    64.91
66839   66834   8.73    109.50
66850   66839   6.06    145.22
66851   66730   9.44    72.83
66853   66850   1.00    9.80
66861   66157   13.21   101.26
66861   66851   0.00    14.12
66867   66853   5.33    92.62
66867   66167   7.43    100.38
66870   67102   4.75    35.11
66921   66678   3.71    42.79
66927   67009   0.00    13.63
66941   67228   5.33    106.82
66946   67496   7.07    81.00
66946   66777   8.19    79.65
66948   66870   6.00    52.77
66951   66773   3.00    32.65
66951   67969   6.40    145.65
66952   67222   7.25    40.64
66956   66583   6.63    75.26
66957   66544   2.43    63.82
66966   67428   8.15    67.76
66969   67638   7.21    98.04
66971   66506   10.67   116.87
66990   66941   8.11    103.62
66999   67594   6.25    87.76
67009   67837   9.30    136.50
67011   66549   0.00    77.65
67011   66921   10.00   35.45
67019   67641   9.62    114.00
67081   66517   10.80   91.80
67102   67452   4.43    49.79
67109   66229   10.38   129.48
67112   67664   5.83    81.27
67115   67936   10.65   117.47
67132   66720   10.00   70.69
67135   67501   10.69   104.14
67143   66712   0.00    72.01
67143   67011   0.00    39.39
67146   66345   10.50   125.76
67149   66202   10.44   143.27
67170   66378   0.00    115.92
67170   67834   7.88    96.69
67173   67572   9.07    58.21
67173   66946   9.63    80.91
67179   67319   3.00    95.62
67222   67259   7.83    4.67
67222   66957   3.00    44.54
67228   67102   4.00    81.31
67228   67663   9.43    60.47
67233   67319   11.50   12.65
67233   66971   8.10    114.73
67247   66834   6.14    66.40
67259   67758   0.00    119.39
67259   67872   11.00   92.66
67261   67247   9.82    137.80
67261   66839   11.50   60.63
67282   67261   10.18   145.53
67293   67466   2.00    93.84
67294   67830   2.33    81.11
67300   67334   15.00   9.17
67307   67228   4.11    120.03
67313   67233   0.00    60.54
67313   66832   8.67    114.02
67319   67525   20.00   134.19
67319   67550   10.00   31.77
67324   66861   12.22   68.72
67327   68280   3.00    136.38
67334   67468   0.00    30.40
67355   67247   3.00    16.37
67364   67009   15.00   103.11
67364   67845   9.85    76.59
67382   66788   6.80    105.02
67386   67307   3.00    120.00
67386   67660   7.00    144.23
67386   66990   5.33    107.22
67389   66951   7.45    75.59
67399   66828   11.44   96.33
67399   67857   0.00    67.26
67399   67324   14.33   46.45
67428   68021   3.00    111.99
67446   66851   9.61    90.71
67446   67173   10.31   81.78
67452   67564   3.00    16.34
67452   66956   8.00    98.35
67456   67313   10.79   85.23
67456   67143   6.50    77.66
67466   67630   7.47    73.68
67468   67981   7.67    132.47
67476   67149   11.29   47.07
67493   68380   9.69    128.26
67493   67389   10.00   15.11
67496   68032   7.60    81.00
67501   66775   4.18    120.98
67508   67458   10.25   88.73
67508   66867   6.44    90.21
67525   67456   10.00   16.39
67525   67598   11.50   47.64
67536   67726   7.67    92.86
67550   67468   0.00    122.73
67550   67978   9.80    60.52
67562   67577   1.00    90.63
67562   66921   6.67    100.38
67564   67781   6.44    33.36
67567   67476   11.20   14.27
67572   67863   4.40    46.43
67572   67751   14.33   80.46
67577   67456   9.29    90.41
67594   67872   6.54    113.90
67594   68289   3.00    115.80
67598   67680   7.00    51.91
67638   68289   8.64    97.86
67641   67311   8.05    116.28
67649   67562   2.33    14.09
67654   67132   13.33   85.48
67654   67641   0.00    4.77
67654   68000   11.22   64.07
67660   67663   6.38    140.67
67663   67564   9.08    88.34
67664   68063   6.33    59.51
67664   67567   7.25    44.13
67669   67081   8.25    91.80
67680   67685   11.50   4.01
67685   67739   11.50   37.25
67688   67834   11.50   65.20
67688   67355   9.86    47.98
67689   67446   8.67    76.90
67692   67715   10.25   74.10
67692   68049   9.80    62.02
67696   68068   0.00    55.01
67699   67261   6.38    61.71
67699   67688   12.60   131.36
67715   67293   8.67    96.69
67715   68384   3.00    104.93
67716   67654   5.76    21.66
67719   67699   9.38    144.34
67721   67649   0.00    11.54
67726   68000   11.29   93.53
67739   67752   0.00    14.02
67739   68477   9.86    118.54
67748   68717   6.83    143.69
67751   67959   23.33   89.72
67751   67446   5.33    45.60
67758   68526   0.00    121.71
67781   68456   5.47    100.77
67794   68042   6.70    78.04
67828   67466   0.00    56.39
67828   67692   11.50   76.63
67830   67664   12.22   79.96
67830   68778   7.23    142.06
67833   67781   7.71    80.28
67833   67377   15.00   66.82
67834   68397   0.00    102.63
67837   67716   5.73    46.39
67845   68190   6.35    50.84
67845   68214   0.00    118.38
67857   68276   1.00    59.69
67863   68211   0.00    48.63
67863   68066   8.00    80.47
67872   68609   6.25    123.42
67881   67837   7.25    15.50
67881   68791   10.42   142.35
67917   67508   11.50   61.08
67917   67873   9.86    97.88
67932   67146   16.60   125.39
67936   67382   1.00    98.45
67936   68549   9.77    91.14
67969   68979   6.39    145.70
67978   68438   37.67   67.50
67978   67981   0.00    3.37
67981   68153   3.00    124.50
68000   68362   7.08    73.88
68021   68266   7.50    93.42
68021   67828   11.00   92.12
68032   68959   11.50   140.70
68032   67830   9.44    79.55
68033   67493   7.70    92.93
68033   67109   9.14    129.58
68034   67501   11.33   92.23
68042   68362   10.88   79.04
68049   68802   3.78    124.06
68063   67567   5.83    73.92
68066   67751   11.50   47.36
68066   68271   16.75   93.31
68068   67978   12.00   81.51
68187   68632   8.69    129.07
68190   67881   5.95    96.06
68190   68561   6.27    62.44
68211   68032   4.88    79.43
68211   69149   8.44    140.83
68237   67688   8.55    95.82
68241   67669   0.00    89.10
68245   67582   7.37    104.91
68255   68299   6.00    83.06
68265   67680   11.50   85.24
68266   68492   11.50   83.32
68266   68049   5.50    116.60
68276   67932   11.13   60.53
68276   68687   12.11   62.12
68280   69220   11.00   135.82
68281   67721   7.53    88.46
68289   68547   5.33    41.00
68299   68345   10.00   54.42
68337   67685   9.68    102.76
68337   68863   11.91   88.42
68345   68456   10.73   136.88
68345   69172   6.54    116.59
68346   67525   3.00    120.04
68346   68068   9.33    58.59
68362   68578   3.00    48.11
68366   67716   6.42    101.85
68378   68312   5.00    142.46
68378   67917   6.50    76.16
68380   69277   5.35    128.30
68384   69109   9.00    106.00
68387   68066   0.00    48.30
68387   68211   5.40    80.70
68397   68838   0.00    101.06
68438   69026   6.67    82.64
68438   68478   11.53   140.11
68456   68930   6.41    85.59
68456   69251   5.79    133.42
68464   68466   11.25   34.98
68464   68346   20.00   18.87
68466   67598   0.00    127.21
68466   68265   0.00    80.87
68477   69250   9.13    118.54
68478   68591   8.67    35.53
68478   68464   0.00    3.96
68479   68387   5.83    47.80
68492   68744   11.00   118.49
68492   68802   1.00    59.18
68526   68266   6.75    144.15
68543   68526   0.00    7.61
68547   68751   11.50   96.92
68549   68034   5.83    92.18
68557   68190   7.28    136.79
68559   68033   2.00    93.84
68561   68913   8.71    55.43
68565   68438   9.69    95.87
68577   68479   20.00   36.09
68578   68632   3.00    12.34
68591   68466   1.00    18.29
68591   69227   11.00   97.12
68601   68952   9.73    96.59
68609   68543   11.50   23.62
68619   68577   10.68   16.39
68621   68033   10.33   87.88
68632   68742   0.00    19.72
68664   68619   20.00   12.94
68665   68557   6.75    31.15
68675   68237   10.00   94.49
68675   67699   7.54    140.57
68685   68255   6.50    109.36
68687   68664   0.00    6.89
68717   68547   2.00    35.43
68723   68665   12.93   12.98
68742   68952   10.57   46.26
68744   68914   3.83    97.69
68744   69379   10.00   94.41
68751   69345   7.70    101.12
68756   68549   3.00    33.39
68757   68559   0.00    32.21
68759   67833   10.22   130.35
68766   69365   10.00   84.96
68766   68609   11.00   28.25
68778   68959   5.00    81.60
68784   68754   4.00    103.07
68787   68687   12.00   57.60
68787   68241   20.00   89.26
68791   69389   14.60   94.34
68800   68063   3.30    112.90
68800   68778   3.00    13.47
68802   69247   6.75    62.22
68802   69041   12.50   105.51
68809   68756   0.00    9.29
68816   68784   9.00    103.06
68816   68378   5.60    88.11
68828   68337   7.25    78.13
68843   68281   13.29   88.40
68843   68787   14.80   53.90
68863   69514   0.00    90.05
68880   68791   6.50    32.48
68911   68766   3.00    27.91
68911   68410   6.50    104.44
68913   69079   7.25    24.78
68914   68543   10.75   53.86
68930   69463   9.00    86.46
68937   68947   20.00   9.97
68947   68675   8.24    55.33
68952   69342   8.14    80.79
68959   69149   15.11   78.55
68964   68956   6.64    6.25
68964   68245   7.25    106.40
68970   68561   3.00    139.72
68979   68717   2.50    63.95
69008   68366   12.71   101.67
69008   68578   9.50    83.70
69026   69103   3.00    11.10
69039   68479   10.00   81.90
69041   69720   12.29   111.98
69043   68964   8.38    57.24
69061   69008   1.00    11.71
69073   69564   6.36    120.98
69076   68843   6.00    35.56
69076   69250   12.00   55.80
69079   69336   4.25    39.19
69079   68880   10.29   62.54
69089   68299   5.83    116.85
69094   69440   7.40    51.75
69103   69725   10.07   93.79
69109   69043   7.76    43.47
69123   68255   24.80   128.79
69141   69686   11.50   82.31
69149   69330   3.00    78.85
69149   69941   7.00    128.42
69157   68913   11.50   76.41
69170   68685   10.22   109.97
69172   69908   7.33    116.33
69216   69242   3.00    60.01
69220   68757   10.29   78.56
69227   69296   0.00    10.23
69242   69274   20.00   63.38
69247   69109   5.17    66.31
69250   70010   7.86    130.21
69250   69343   8.67    31.98
69251   69647   6.18    128.79
69256   69277   6.67    68.10
69256   68621   7.00    87.94
69274   69302   6.40    63.05
69277   68979   9.25    69.78
69302   68816   0.00    77.74
69302   69472   0.00    62.54
69330   68387   10.25   140.95
69331   68800   1.00    76.04
69336   69387   1.00    10.21
69342   69390   0.00    12.78
69343   68828   7.00    78.13
69345   68911   6.00    79.79
69351   69220   7.86    21.81
69365   69886   3.00    81.98
69365   69494   13.20   62.01
69368   69157   0.00    76.37
69379   69959   6.63    94.47
69387   69880   7.00    83.01
69389   69061   9.50    59.14
69390   69785   9.45    87.63
69397   69247   6.96    44.59
69401   68742   12.60   94.89
69424   69336   0.00    78.62
69440   69899   6.22    78.33
69463   69981   7.00    120.80
69472   69509   8.67    11.04
69476   69039   0.00    80.36
69484   69170   0.00    61.11
69491   69440   0.00    21.09
69494   69586   0.00    50.46
69494   69964   0.00    77.12
69526   69791   8.33    140.24
69531   69345   11.00   36.71
69564   70014   7.62    121.03
69586   69531   0.00    9.66
69601   68914   20.00   101.26
69638   69640   0.00    6.96
69640   69647   0.00    1.82
69640   68759   8.00    129.76
69645   69351   14.33   53.89
69645   69638   0.00    1.74
69647   69664   0.00    3.64
69653   69170   6.31    74.57
69661   69387   4.25    91.66
69661   69841   1.00    32.68
69664   69706   3.00    9.15
69666   69043   10.12   90.93
69670   69389   11.00   46.81
69670   68880   20.00   121.43
69686   69729   0.00    7.72
69688   69424   0.00    79.99
69706   69645   0.00    13.96
69720   69397   2.56    73.91
69725   69680   7.93    71.67
69729   70230   8.30    81.15
69732   69123   8.60    125.46
69740   69061   13.25   127.83
69743   69725   0.00    9.89
69785   69750   0.00    11.43
69791   69941   6.75    80.48
69791   69331   11.20   76.03
69797   70500   0.00    109.84
69810   69849   0.00    53.25
69822   69720   6.44    26.52
69827   69274   4.67    86.14
69830   69343   8.39    84.01
69837   69089   6.00    117.10
69841   70130   9.40    48.52
69854   69302   4.75    86.11
69862   69076   5.43    129.95
69880   70170   5.90    51.26
69883   69491   0.00    104.29
69886   70410   4.67    81.97
69896   69943   0.00    11.40
69899   69973   3.00    12.59
69901   69491   0.00    67.71
69908   69996   10.00   25.47
69941   70082   6.50    71.91
69941   70641   8.00    109.34
69943   70288   5.70    86.76
69959   69822   9.65    32.48
69964   70460   8.27    77.16
69970   69899   0.00    46.96
69973   70400   11.00   73.44
69973   70454   0.00    73.35
69981   70745   6.76    124.29
69996   69463   9.20    100.08
69996   70367   11.88   89.06
70006   69401   8.36    94.90
70010   70815   7.00    130.21
70011   70414   0.00    65.04
70014   69256   7.03    118.90
70016   69531   10.25   84.91
70018   69841   11.00   64.79
70025   69242   8.57    121.74
70037   69970   11.50   45.84
70044   69586   0.00    76.58
70072   70541   13.33   108.04
70082   69330   10.42   130.14
70101   69740   15.00   84.51
70109   70037   9.00    45.84
70109   70789   20.00   101.84
70130   70474   9.00    56.74
70130   69880   5.14    91.86
70138   69397   11.00   117.55
70146   70101   0.00    11.69
70170   69670   8.95    84.80
70170   70189   0.00    3.80
70171   69806   9.00    91.99
70172   71169   10.73   145.05
70172   70109   20.00   45.16
70183   69247   8.13    148.28
70183   70138   10.75   30.77
70188   69740   13.25   78.06
70189   70474   9.50    93.45
70189   70694   8.63    80.58
70210   69959   4.97    60.87
70210   69601   6.00    101.31
70225   70230   8.58    87.21
70226   69351   10.31   139.49
70228   70172   7.56    45.53
70228   69666   8.84    90.91
70230   70915   10.36   140.87
70236   69782   21.00   78.94
70251   70457   2.50    45.37
70251   70996   6.40    145.68
70288   70541   8.43    54.50
70288   69785   7.00    124.81
70312   69908   3.00    95.04
70317   69830   6.33    84.01
70356   70228   8.80    18.61
70356   70183   8.17    126.04
70362   70390   0.00    52.93
70362   69732   6.17    126.24
70367   70879   5.11    90.80
70378   69827   9.38    86.14
70382   70594   11.80   136.78
70390   69985   0.00    63.29
70400   70454   0.00    22.25
70400   71353   3.00    141.25
70409   69854   8.67    86.11
70409   70378   11.00   61.30
70410   70788   6.90    54.16
70414   71065   0.00    98.92
70414   70490   0.00    25.78
70435   70409   9.20    62.38
70440   70435   0.00    7.92
70454   70887   10.00   64.06
70457   70670   3.00    47.84
70460   70410   5.13    31.05
70462   71006   8.14    143.95
70462   69822   8.57    99.04
70474   70637   12.60   50.34
70474   71153   8.11    105.72
70477   69970   3.00    76.95
70500   70440   0.00    65.33
70531   70317   9.89    89.55
70538   70582   16.67   13.73
70538   70317   11.00   34.12
70541   70668   11.33   29.72
70542   69745   7.67    126.35
70545   70037   9.80    77.14
70552   70183   0.00    54.37
70556   70460   3.00    49.54
70556   70044   9.00    76.60
70562   70462   8.60    59.63
70562   70138   11.50   62.57
70563   70531   11.50   11.05
70566   71480   3.71    148.50
70582   70741   5.40    76.35
70582   71640   8.57    149.47
70594   70016   9.86    85.72
70594   70556   11.00   58.13
70610   70562   11.50   31.80
70610   70552   3.00    7.71
70621   70382   9.69    138.55
70621   70014   6.88    89.21
70641   69791   9.67    135.36
70649   69862   10.29   129.95
70656   70552   4.67    75.29
70668   70269   10.94   90.24
70670   70891   10.50   49.18
70694   71204   8.36    76.04
70694   70188   9.50    78.50
70710   70621   4.00    14.46
70714   70758   20.00   5.60
70726   70563   7.13    82.40
70726   70171   12.68   94.61
70735   70903   4.64    71.26
70740   70356   11.50   56.86
70740   70656   5.17    75.19
70741   70770   0.00    11.02
70745   70236   6.00    79.12
70745   71357   6.67    83.75
70758   71597   11.15   117.92
70762   70082   24.50   103.73
70769   70710   0.00    7.63
70770   70960   3.00    88.46
70788   70210   8.98    124.03
70789   71535   7.88    101.84
70815   71678   11.36   130.21
70863   70548   50.00   63.58
70863   70312   3.00    96.40
70875   70390   0.00    81.66
70879   70745   7.88    70.83
70885   70457   3.56    80.53
70891   71412   0.00    87.76
70891   71118   6.75    48.87
70903   71112   5.65    79.00
70903   71595   10.30   95.83
70910   70610   2.00    45.53
70915   71155   0.00    33.86
70915   70726   6.50    84.60
70960   71155   7.67    81.50
70960   70726   13.33   33.92
70976   70288   9.55    105.52
70991   70477   7.36    76.94
70996   70863   0.00    24.45
71006   71051   0.00    4.86
71035   70910   7.25    81.00
71041   70409   15.57   88.79
71051   71367   9.20    79.08
71051   71684   3.88    89.17
71077   70538   6.00    83.55
71080   70545   0.00    77.14
71081   70915   10.00   74.88
71085   70788   4.59    89.23
71094   70996   3.00    14.21
71094   71789   8.67    113.24
71111   70462   8.64    93.95
71111   71006   5.20    56.67
71112   71166   5.50    69.93
71118   71500   4.40    73.86
71118   71417   10.80   48.23
71139   71085   6.30    35.85
71139   70594   7.00    78.25
71152   70362   6.09    116.58
71153   71873   9.58    105.97
71155   71351   3.00    76.11
71155   72035   10.14   123.55
71158   70670   8.80    87.74
71166   71139   8.13    29.45
71166   71983   9.90    117.05
71169   72205   11.50   145.05
71176   71007   3.00    29.81
71176   70226   6.48    138.76
71176   71852   5.50    96.53
71204   71679   9.43    75.95
71216   71820   0.00    108.11
71230   70740   7.25    66.62
71240   71152   9.80    53.88
71240   70863   4.50    68.61
71242   70562   0.00    96.07
71242   71111   0.00    60.66
71305   70910   2.60    51.85
71305   71242   3.00    32.20
71308   71035   3.00    81.96
71353   72357   10.25   142.62
71357   71941   6.19    83.75
71358   70885   6.50    80.53
71358   71094   7.25    37.82
71360   70960   11.67   51.52
71367   71647   1.00    65.25
71412   71158   6.50    48.76
71412   71989   3.00    107.61
71417   71617   0.00    39.55
71417   72032   7.55    136.71
71428   71230   8.67    26.24
71446   70542   9.20    126.39
71446   71176   6.88    53.09
71467   71305   4.75    91.74
71480   71414   15.00   34.23
71500   72032   6.86    76.77
71506   71446   8.67    13.27
71521   72351   9.82    129.61
71531   70649   11.30   129.95
71535   72242   6.40    101.88
71553   70500   0.00    146.55
71581   71480   7.17    44.30
71581   70668   11.58   127.81
71595   72258   6.50    95.79
71597   72433   7.47    117.98
71617   72141   9.78    121.78
71617   71412   8.67    48.97
71622   71152   11.43   64.15
71647   71085   7.25    79.76
71658   71679   0.00    12.91
71662   71789   1.00    45.14
71662   71158   9.00    90.59
71662   71358   3.00    51.72
71679   71936   7.00    36.87
71684   72077   4.14    53.39
71718   71305   3.00    61.39
71749   72382   7.00    90.51
71753   70976   11.33   106.48
71753   71581   10.22   83.69
71773   71684   11.50   56.10
71773   71111   8.67    93.31
71782   71622   4.75    25.06
71789   72831   3.50    148.70
71801   71624   10.50   77.35
71801   71581   10.00   34.78
71803   71506   3.08    65.54
71810   71360   8.73    111.16
71820   71782   0.00    6.32
71852   72409   8.86    77.27
71873   72334   10.60   80.25
71875   71718   3.00    88.41
71887   71773   8.67    61.47
71887   71242   0.00    91.08
71916   71360   10.07   77.81
71936   71952   0.00    3.17
71941   71803   4.57    34.88
71943   71718   1.00    28.17
71943   71887   0.00    32.52
71970   71428   3.88    78.43
71973   71753   8.73    88.67
71976   71941   7.11    16.64
71982   71506   9.57    69.36
71982   71852   0.00    59.59
71983   72852   9.18    117.89
71988   71240   3.00    108.40
71989   71662   3.00    50.96
72004   71801   12.17   83.00
72004   71753   20.00   33.90
72012   71820   8.33    146.44
72012   72553   0.00    69.60
72032   72069   0.00    5.59
72060   71943   8.67    17.55
72069   71976   4.83    34.92
72073   71873   3.00    70.63
72077   71367   4.75    106.76
72077   72395   8.24    41.12
72118   71112   8.60    143.73
72118   71983   7.10    63.84
72141   71989   3.00    23.97
72149   72069   4.38    28.11
72149   73067   7.94    120.74
72197   72004   10.00   89.49
72205   71970   10.25   74.51
72223   72197   6.50    12.08
72226   72149   20.00   32.33
72226   71617   3.67    113.63
72242   72205   2.00    47.83
72258   72118   8.67    66.50
72258   73076   3.00    105.10
72284   71313   9.80    137.41
72284   72242   0.00    48.55
72301   72060   8.67    89.01
72301   72482   3.00    22.42
72326   72284   0.00    48.53
72326   71323   12.75   141.07
72328   72884   5.39    75.69
72328   72226   8.67    26.90
72331   72326   0.00    3.64
72334   72537   10.75   76.83
72344   72331   1.00    19.33
72351   72223   9.57    50.39
72357   72362   12.71   44.25
72362   72344   0.00    24.25
72362   71347   12.71   143.45
72382   72416   0.00    4.86
72395   72842   2.43    56.68
72409   73005   8.30    77.33
72416   72739   5.50    41.17
72433   73412   8.95    125.26
72433   72258   8.00    64.37
72464   72004   0.00    67.35
72472   72702   0.00    87.56
72472   72060   4.20    55.08
72479   72395   7.83    46.31
72479   71773   10.75   94.08
72482   72702   9.82    27.92
72482   72513   7.33    103.30
72505   72351   10.65   38.25
72513   72562   12.15   89.50
72513   73080   2.33    70.14
72531   72553   6.25    18.76
72536   71801   10.20   134.95
72537   72567   0.00    16.06
72552   72382   3.00    48.54
72553   72570   11.29   20.55
72562   72599   8.58    89.51
72570   72611   11.00   47.47
72570   73716   9.47    141.87
72599   72843   13.25   96.07
72603   71887   9.55    94.99
72603   72479   6.22    60.93
72611   72648   5.17    46.53
72611   73702   8.00    135.02
72632   72599   4.89    96.86
72635   71982   5.22    87.47
72648   73439   8.00    96.20
72648   72652   15.00   6.96
72652   72690   2.33    36.60
72652   72552   4.67    33.68
72667   71647   10.06   139.99
72690   72552   0.00    18.76
72690   72733   5.92    48.11
72690   73422   11.00   89.45
72696   72472   3.00    27.02
72696   72603   6.40    34.04
72717   72118   3.83    79.04
72720   72505   11.50   28.51
72720   72935   9.78    39.31
72733   72739   0.00    5.19
72733   73662   9.00    113.60
72739   72774   6.57    39.23
72742   73459   20.00   90.17
72742   72747   8.67    4.17
72742   72433   10.60   65.61
72747   72792   8.40    38.87
72756   72328   5.51    103.77
72767   72479   3.00    35.72
72774   72785   7.20    11.72
72775   71803   9.82    130.09
72775   72635   11.50   59.78
72785   72831   7.50    65.15
72785   71988   5.40    108.16
72792   72797   0.00    3.56
72800   72696   6.20    24.55
72804   72756   2.80    12.12
72804   72141   3.28    96.46
72830   72767   6.40    60.70
72830   72603   0.00    31.30
72831   72851   6.00    24.85
72843   73080   7.85    95.88
72851   72804   1.29    44.35
72851   73318   4.40    54.76
72852   73781   7.11    117.87
72876   72775   11.50   51.10
72876   71976   6.53    122.54
72884   73164   10.00   100.34
72884   73230   4.79    39.61
72907   72464   12.00   80.69
72928   72632   8.33    98.58
72928   73217   0.00    104.25
72935   73252   6.40    46.90
72935   72587   3.00    77.96
72976   72720   7.55    36.77
72984   73067   6.50    27.78
73005   72797   0.00    38.63
73047   73391   6.75    58.36
73047   72800   5.14    66.87
73067   73940   7.00    115.12
73067   73230   2.00    59.63
73076   73882   5.29    105.05
73080   73092   6.43    30.80
73084   73047   7.33    35.41
73092   73084   8.11    49.89
73149   72976   11.50   51.72
73164   72756   8.17    53.44
73217   73487   1.00    104.22
73230   73387   5.43    20.32
73252   72877   0.00    68.06
73291   72774   0.00    110.62
73318   73509   21.50   80.45
73318   73651   6.50    44.83
73350   73781   6.50    101.24
73350   72717   3.00    79.00
73375   72464   3.00    112.49
73376   72928   6.40    55.03
73376   73711   9.20    138.32
73387   73630   4.67    100.18
73387   73838   5.50    59.57
73391   74417   3.00    140.94
73391   73938   8.67    101.32
73401   73005   6.70    66.22
73401   72635   8.22    97.53
73412   74313   6.50    125.28
73459   74106   11.50   90.14
73487   73737   0.00    104.18
73509   73695   6.50    80.38
73582   72800   8.33    135.51
73591   72775   5.83    104.08
73630   73164   8.80    59.65
73651   73982   14.33   44.90
73651   73854   9.20    84.84
73662   73680   10.25   60.14
73662   73695   0.00    4.60
73680   74110   10.00   58.19
73680   73702   14.90   76.29
73695   74039   9.83    46.83
73702   74159   15.00   67.63
73702   73716   0.00    47.86
73711   74061   10.38   149.17
73712   72876   6.00    104.22
73712   73591   11.50   51.37
73731   73401   8.17    43.64
73731   74195   6.88    83.37
73737   73092   8.05    124.11
73737   73916   0.00    76.10
73773   73781   3.00    50.70
73773   72667   8.67    140.35
73773   72767   6.62    141.43
73781   74623   8.83    120.11
73829   73376   3.00    59.70
73838   74241   4.72    59.17
73838   74050   7.75    100.33
73854   74039   0.00    84.86
73882   74616   3.92    104.96
73916   74099   8.67    76.10
73919   73350   11.36   78.20
73938   74430   0.00    101.20
73940   74729   6.00    115.08
73982   74295   9.83    45.69
73982   74173   3.00    88.05
73993   72976   7.85    135.47
74020   73737   0.00    54.83
74039   74304   1.00    36.33
74050   73630   16.67   59.26
74061   74020   3.00    7.82
74099   73084   0.00    128.60
74110   74159   0.00    53.27
74110   74385   20.00   39.48
74117   73591   9.00    73.75
74117   73731   15.50   56.32
74138   73711   0.00    59.61
74159   74246   0.00    42.16
74173   74364   10.73   88.03
74195   74668   8.75    83.55
74231   74799   8.00    104.78
74231   74117   3.00    15.95
74241   74665   6.83    60.12
74241   74486   8.73    99.83
74295   74617   3.00    44.57
74295   74508   3.00    86.83
74304   74364   0.00    9.73
74304   74385   3.00    60.07
74313   74616   13.29   96.77
74364   74684   6.50    43.56
74385   74553   20.00   80.25
74417   74589   0.00    20.28
74425   74099   5.33    47.02
74427   73919   10.45   77.83
74430   73582   6.00    137.99
74430   74714   5.83    40.07
74436   74425   6.64    138.62
74448   74020   0.00    61.35
74448   74436   0.00    31.08
74449   74061   6.50    63.07
74449   74448   5.82    48.92
74486   74050   8.43    60.98
74508   74684   7.25    86.78
74616   74427   8.86    76.01
74617   74897   9.80    44.40
74617   74786   10.29   85.21
74623   74427   7.57    39.02
74665   74889   8.00    37.16
74668   74799   0.00    68.42
74668   75051   20.00   76.23
74675   74729   3.00    23.01
74683   74431   0.00    31.90
74684   74959   6.75    46.86
74684   74870   12.60   142.88
74714   74857   20.00   23.48
74714   74417   9.00    136.11
74729   74889   10.14   61.02
74745   74231   9.14    74.95
74745   73712   4.21    148.75
74774   74942   7.80    34.29
74774   74745   8.67    5.33
74786   74959   11.50   85.23
74799   74942   0.00    70.00
74799   75283   4.40    86.52
74822   74683   3.00    76.48
74822   75376   9.38    103.16
74826   74425   11.82   56.24
74847   74826   9.94    139.27
74847   74436   10.08   58.59
74866   74486   9.00    60.13
74866   74665   6.00    99.52
74889   75256   4.92    53.16
74897   75010   4.00    17.98
74897   75079   15.00   83.94
74940   75421   9.83    87.78
74940   74822   17.73   53.92
74942   75486   8.67    97.44
74959   75276   16.67   43.96
74959   75214   8.24    149.63
74993   74313   11.00   97.90
74993   75180   10.50   26.58
75007   74829   0.00    82.37
75010   74866   6.00    70.50
75010   75210   7.25    27.61
75047   74448   10.00   88.70
75051   75496   7.67    76.23
75060   74940   11.50   58.36
75060   74623   10.53   111.12
75079   75276   6.25    83.90
75089   75417   3.75    47.44
75098   74774   13.29   64.61
75180   75007   1.00    82.22
75180   75548   8.00    87.44
75190   75630   11.38   81.69
75190   75060   8.67    54.25
75210   75396   12.33   82.59
75210   75517   7.00    45.56
75253   74826   7.67    59.56
75256   75364   3.38    15.98
75256   75098   6.42    58.96
75276   75519   3.00    37.96
75283   75736   14.08   86.62
75305   75407   0.00    46.12
75319   75983   9.21    132.32
75319   75190   16.00   54.18
75364   75683   6.71    49.79
75364   75417   10.00   27.09
75376   74683   3.00    100.84
75396   75569   7.80    82.57
75407   74866   8.21    79.18
75417   75713   0.00    47.05
75439   75902   3.83    93.32
75439   75319   7.80    53.49
75486   75977   12.50   97.48
75496   75736   10.00   64.16
75496   75929   5.00    86.89
75511   75683   7.67    85.24
75511   75098   9.38    72.48
75517   75693   3.00    81.33
75517   75810   2.75    45.42
75519   75569   0.00    7.46
75519   75829   11.83   144.92
75536   75060   9.18    89.37
75548   75439   9.57    54.27
75569   75818   4.25    40.23
75609   75677   0.00    35.57
75668   76208   7.32    110.11
75668   75511   9.11    30.80
75677   75407   2.60    42.29
75683   75861   3.00    27.21
75693   75859   0.00    81.32
75736   76446   9.33    129.30
75736   75977   10.00   63.07
75810   76089   6.25    45.01
75810   75965   9.20    80.01
75818   75859   0.00    4.97
75818   76093   7.00    128.78
75841   75548   14.33   55.35
75841   75902   8.17    78.08
75859   76116   12.29   43.40
75861   76549   3.81    114.96
75929   76355   0.00    87.18
75965   76131   0.00    80.02
75977   76403   7.08    78.25
75977   76208   9.64    64.63
76053   75677   2.33    60.76
76053   75861   5.00    99.07
76089   76580   4.61    79.47
76089   76239   1.67    78.83
76116   76330   2.50    115.88
76116   76131   0.00    2.12
76131   76391   6.50    45.70
76208   76873   6.88    116.12
76208   76356   0.00    42.90
76239   76391   9.00    78.88
76356   75668   8.87    115.22
76391   76642   12.60   110.41
76391   76514   9.80    18.61
76403   76862   10.14   78.36
76404   75841   8.43    119.30
76406   76580   12.60   81.18
76406   76053   7.88    59.65
76549   76798   3.00    99.36
76549   76949   4.89    60.39
76580   76974   3.47    60.00
76798   76406   6.75    61.67
76798   76974   10.45   83.57
76869   77032   7.67    82.59
76974   77013   4.69    43.21
77013   77041   0.00    25.73
77013   76456   7.25    87.42
77041   77072   3.00    15.60
77072   76547   0.00    81.77
77072   77117   4.75    40.32
77107   76356   8.50    117.67
77117   77144   3.00    22.34
77117   76646   3.00    74.77
77144   77150   0.00    5.17
77144   76869   10.00   85.95
77150   77233   5.80    67.99
77159   76798   5.33    58.74
77233   77728   3.38    102.60
77233   77285   6.75    39.11
77548   77041   0.00    101.36
77826   77150   10.27   139.76
1 5 76580 76406 72328 72756 73005 73401 70226 71176 72792 72747
2 5 67146 67932 68066 67863 65934 65279 64782 65148 67233 66597
3 5 57966 57579 56542 56648 58843 58764 56147 55833 54144 54154
