3472 8452 4 17 5 3 6623.83 2440.36
113087  64
113427  64
113643  64
113788  64
113940  64
113998  64
114315  64
114337  64
114360  64
114436  64
114994  64
115240  64
115315  42
115327  64
115679  42
115726  64
115781  64
115904  64
115993  64
116006  64
116134  64
116472  64
116480  64
116644  64
116713  64
116833  64
117362  64
117512  64
117675  64
117760  42
117827  42
117933  64
117963  64
118080  64
118205  64
118303  42
118375  64
118442  64
118560  64
118866  64
118993  64
119072  64
119124  64
119144  64
119186  42
119628  64
119633  64
119690  64
119695  42
119803  42
119844  64
120747  64
120755  64
121904  64
121998  64
122693  42
122698  23
122856  42
122860  42
123244  42
123251  64
123273  42
123299  23
123482  42
123622  42
123659  23
124218  42
124249  42
124365  23
124653  64
124742  42
124917  23
125306  42
125327  42
125418  64
125518  42
125617  66
125686  64
125734  64
125888  64
126096  66
126111  64
126122  66
126139  64
126149  64
126689  23
127179  23
127198  42
127238  42
127657  42
127966  23
128045  66
128128  23
128506  23
129118  42
129120  42
129185  23
129377  66
129812  42
129915  23
130548  66
130887  66
130947  23
131162  66
131248  66
131316  42
131342  66
131399  66
131417  66
131552  42
131577  66
131732  42
131803  23
132331  23
132619  66
132847  66
133395  42
133892  23
133940  23
134403  42
134406  23
134454  66
135041  42
135146  23
135564  42
135582  42
135782  66
135809  23
136153  66
137008  23
137019  66
137407  66
137663  23
137814  23
138364  42
138716  66
138815  23
139357  66
139402  66
139533  66
139600  66
139995  66
140075  66
140105  66
140344  66
140436  66
140536  66
140542  66
140919  66
140924  66
141027  66
141080  66
141178  66
141207  66
141226  66
141264  66
141271  66
141388  66
141391  66
141400  66
141461  66
141478  66
141510  66
141517  66
141670  66
141809  66
142026  66
113055  64
113086  64
113715  64
113723  64
113728  64
113746  64
113811  64
113843  64
113904  64
113986  64
114000  64
114103  64
114119  64
114160  64
114165  64
114172  64
114184  64
114196  64
114212  64
114239  64
114369  64
114439  64
114485  64
114514  64
114517  64
114526  64
114531  64
114557  64
114579  64
114623  64
114633  64
114678  64
114728  64
114736  64
114741  64
114746  64
114755  64
114797  64
114834  64
114853  64
114884  64
114889  64
114891  64
114921  64
114923  64
114932  64
115022  64
115027  64
115037  64
115072  64
115085  64
115099  64
115105  64
115134  64
115137  64
115150  64
115171  64
115200  64
115224  64
115262  64
115283  42
115285  64
115288  64
115295  64
115324  64
115350  64
115388  64
115392  64
115411  64
115432  64
115437  64
115443  64
115444  64
115472  64
115473  64
115474  64
115483  64
115492  42
115514  42
115518  64
115529  64
115531  64
115601  64
115614  64
115619  64
115651  64
115658  64
115680  64
115692  64
115700  64
115704  64
115716  64
115734  64
115771  42
115776  42
115803  64
115810  64
115812  64
115814  64
115854  64
115902  64
115907  64
115935  42
115949  64
115956  42
115960  64
115969  64
116003  64
116014  64
116015  64
116016  64
116051  64
116067  42
116091  42
116094  64
116104  42
116136  64
116141  64
116155  64
116165  42
116167  64
116177  64
116189  64
116192  64
116196  42
116212  64
116222  64
116224  64
116231  64
116237  64
116247  64
116253  42
116254  42
116282  42
116301  64
116306  64
116311  64
116320  64
116353  64
116354  64
116366  64
116392  64
116400  64
116414  64
116441  64
116458  64
116459  64
116468  42
116486  64
116489  64
116534  42
116553  64
116555  64
116565  64
116579  64
116584  64
116589  64
116599  64
116615  64
116617  64
116628  64
116630  64
116636  64
116637  42
116640  64
116666  64
116671  42
116678  64
116681  64
116712  64
116721  64
116732  42
116750  64
116755  64
116770  64
116776  64
116787  64
116793  42
116799  42
116804  64
116806  42
116813  64
116845  64
116897  64
116909  42
116919  64
116928  64
116930  42
116954  64
116960  64
116962  64
116972  64
116995  42
116998  64
117001  64
117002  64
117004  42
117009  64
117016  64
117021  42
117028  64
117038  42
117063  64
117120  64
117126  64
117168  64
117188  64
117206  64
117210  64
117221  42
117222  64
117225  42
117251  64
117260  64
117279  64
117286  42
117288  42
117291  64
117295  64
117298  64
117305  64
117307  64
117322  64
117325  64
117330  64
117342  42
117349  64
117357  64
117367  64
117375  42
117379  64
117382  64
117383  64
117412  42
117417  42
117418  64
117422  64
117423  64
117428  64
117445  64
117455  42
117462  42
117464  42
117466  42
117475  42
117485  64
117491  64
117497  64
117526  64
117528  64
117543  64
117554  42
117567  64
117577  42
117578  42
117585  42
117589  64
117592  64
117625  42
117627  64
117631  64
117648  64
117661  64
117667  42
117671  64
117689  64
117700  64
117701  64
117708  64
117711  64
117718  42
117731  64
117771  64
117796  64
117797  42
117816  42
117831  64
117839  64
117844  64
117855  64
117860  42
117880  64
117890  64
117893  64
117896  42
117917  64
117918  64
117926  64
117936  64
117965  42
117979  42
118001  64
118009  64
118011  42
118023  64
118030  64
118032  64
118033  64
118038  64
118041  64
118050  64
118056  64
118066  64
118067  64
118070  64
118071  42
118093  42
118098  64
118107  64
118122  64
118124  64
118134  42
118138  42
118154  64
118161  64
118164  64
118171  64
118175  64
118187  42
118220  64
118236  64
118243  64
118257  42
118259  42
118264  64
118266  64
118286  64
118297  64
118302  64
118309  64
118310  64
118311  64
118314  42
118317  64
118323  64
118324  42
118328  64
118331  64
118333  64
118337  64
118347  42
118348  64
118350  64
118353  42
118369  42
118380  64
118382  64
118384  42
118385  64
118390  64
118398  64
118402  64
118407  64
118408  42
118416  64
118418  64
118419  64
118428  64
118438  64
118449  42
118458  64
118465  64
118474  42
118480  64
118491  42
118494  64
118539  42
118542  64
118544  42
118555  42
118567  42
118588  64
118590  64
118596  64
118609  42
118612  42
118613  64
118634  42
118638  64
118639  42
118650  64
118655  64
118656  42
118661  64
118677  64
118692  64
118719  42
118749  42
118751  64
118789  64
118792  64
118798  42
118806  64
118807  64
118814  64
118825  64
118839  42
118843  64
118849  42
118852  64
118871  64
118876  64
118879  64
118881  42
118889  42
118890  64
118900  64
118908  42
118917  64
118923  42
118929  42
118953  42
118964  64
118965  42
118973  42
118984  64
118992  64
118995  64
118997  64
119002  42
119013  64
119027  64
119033  64
119037  64
119050  64
119079  42
119086  42
119091  64
119095  42
119107  64
119114  64
119160  64
119168  64
119178  64
119181  64
119185  42
119189  64
119213  64
119216  42
119220  42
119222  64
119227  42
119228  64
119248  64
119258  64
119295  64
119296  42
119297  64
119299  64
119305  42
119316  42
119326  42
119343  64
119344  64
119347  64
119352  42
119359  64
119391  64
119411  64
119415  64
119421  64
119431  42
119436  64
119442  64
119466  64
119483  64
119488  42
119497  64
119501  64
119504  64
119507  42
119521  42
119530  64
119531  42
119537  64
119541  42
119544  64
119569  64
119573  42
119581  64
119585  64
119606  64
119642  64
119665  42
119685  64
119701  64
119702  42
119716  42
119742  64
119758  64
119773  64
119777  42
119780  42
119782  64
119794  64
119841  64
119861  42
119869  42
119877  64
119879  64
119912  64
119915  42
119934  64
119943  64
119947  64
119949  42
119955  64
119957  64
119979  42
119988  64
120007  64
120016  64
120023  64
120028  42
120033  64
120042  64
120052  64
120062  42
120083  64
120105  64
120106  64
120108  64
120118  42
120121  64
120132  42
120134  42
120137  42
120138  42
120141  42
120144  42
120145  42
120146  64
120157  64
120180  64
120201  64
120204  64
120207  64
120208  64
120212  64
120213  64
120216  64
120230  42
120232  64
120243  64
120245  42
120246  64
120257  42
120263  64
120264  64
120283  42
120284  64
120293  42
120309  64
120325  64
120328  64
120334  64
120343  64
120353  42
120355  42
120361  42
120365  64
120366  42
120370  64
120372  42
120379  64
120383  42
120386  42
120412  64
120425  64
120426  64
120429  64
120455  64
120479  64
120486  42
120492  64
120512  64
120541  42
120544  64
120556  42
120560  64
120565  42
120568  42
120572  42
120576  64
120579  64
120665  42
120669  64
120678  64
120690  64
120694  64
120700  64
120730  42
120742  64
120758  64
120761  64
120786  64
120790  42
120796  64
120819  42
120827  64
120835  64
120848  64
120849  64
120853  64
120874  64
120878  64
120885  64
120888  64
120906  64
120911  64
120918  64
120922  64
120933  64
120952  64
120964  64
120970  64
120977  42
120979  64
120984  64
120994  64
120995  42
121006  42
121008  42
121018  42
121025  42
121035  42
121039  42
121043  64
121054  42
121062  64
121066  64
121071  42
121106  64
121109  64
121112  42
121142  42
121143  42
121165  42
121173  64
121176  64
121187  64
121189  64
121224  64
121238  64
121266  64
121275  64
121283  64
121296  64
121299  64
121302  42
121308  64
121315  64
121330  64
121337  64
121345  64
121356  64
121363  64
121385  64
121389  64
121392  42
121395  42
121399  64
121400  64
121413  42
121416  64
121421  64
121426  42
121430  64
121440  64
121441  42
121470  42
121475  64
121483  64
121490  64
121491  42
121494  64
121498  42
121520  42
121524  64
121537  42
121544  64
121546  64
121554  64
121567  64
121574  64
121576  64
121586  42
121601  64
121604  42
121610  64
121614  64
121620  64
121621  64
121622  64
121629  64
121654  42
121665  42
121681  64
121694  64
121707  42
121709  64
121710  42
121711  42
121716  42
121721  64
121724  42
121741  42
121751  64
121755  64
121759  42
121771  64
121790  64
121802  42
121811  42
121813  64
121819  64
121830  64
121845  42
121850  42
121871  64
121876  64
121880  64
121884  64
121887  64
121894  64
121901  64
121902  42
121910  64
121917  64
121918  42
121941  64
121962  42
121963  64
121965  42
121967  64
121984  64
121995  42
121996  64
122000  42
122003  64
122006  64
122013  64
122017  42
122018  64
122019  64
122023  42
122025  64
122056  64
122072  42
122103  64
122104  64
122107  64
122122  64
122126  64
122144  64
122166  64
122184  64
122186  64
122194  42
122198  64
122200  64
122209  64
122224  64
122225  42
122229  42
122230  64
122242  64
122271  64
122274  64
122281  42
122289  42
122292  64
122293  64
122296  42
122297  64
122303  64
122310  64
122311  64
122323  42
122332  42
122337  42
122338  64
122340  42
122345  64
122346  64
122349  64
122369  64
122373  42
122383  23
122389  64
122391  64
122393  64
122400  42
122401  64
122406  42
122413  64
122416  64
122427  64
122430  64
122434  64
122435  64
122443  64
122448  42
122461  64
122466  42
122471  64
122476  64
122478  42
122480  42
122482  64
122491  64
122503  64
122506  42
122513  42
122516  64
122524  42
122525  42
122535  64
122536  42
122544  64
122547  42
122550  42
122555  64
122556  64
122560  42
122574  42
122596  64
122600  64
122602  64
122614  42
122653  64
122670  64
122674  42
122689  42
122695  42
122722  42
122723  64
122734  42
122738  64
122760  64
122782  64
122784  64
122800  64
122802  64
122811  42
122818  64
122824  64
122831  42
122835  42
122841  64
122844  64
122846  42
122868  64
122870  64
122871  42
122874  64
122882  64
122885  64
122919  64
122920  64
122936  23
122944  42
122949  64
122951  64
122953  64
122958  64
122964  64
122968  42
122969  42
122974  64
122979  64
122983  23
122987  64
122988  64
123017  23
123023  64
123024  42
123025  64
123034  42
123053  42
123062  42
123091  64
123092  64
123094  42
123103  64
123105  64
123114  64
123124  64
123125  64
123129  64
123132  64
123134  64
123141  42
123146  23
123148  23
123155  42
123157  64
123162  64
123177  42
123180  42
123193  42
123203  64
123206  42
123208  42
123215  64
123218  64
123239  64
123240  64
123249  64
123250  64
123258  64
123266  64
123270  64
123271  64
123280  42
123281  64
123286  64
123291  42
123293  42
123296  42
123298  42
123302  42
123306  42
123316  42
123319  42
123324  42
123325  64
123326  64
123332  42
123343  42
123353  64
123358  64
123377  42
123384  64
123387  64
123394  23
123399  64
123409  64
123418  64
123419  64
123420  64
123424  64
123431  64
123434  64
123437  64
123439  42
123443  42
123445  42
123450  42
123452  42
123453  42
123456  42
123457  42
123463  42
123468  42
123470  42
123480  42
123484  42
123485  42
123488  42
123500  23
123521  64
123528  42
123529  42
123531  42
123536  64
123537  23
123547  64
123596  42
123598  64
123601  42
123610  42
123611  42
123613  42
123646  42
123647  64
123654  64
123666  23
123668  42
123671  23
123672  64
123678  64
123680  64
123685  64
123688  64
123697  64
123703  42
123726  64
123732  23
123743  64
123769  42
123770  42
123784  64
123791  23
123794  64
123799  42
123801  23
123805  42
123808  64
123815  64
123817  64
123820  64
123825  23
123826  42
123833  42
123836  42
123843  42
123862  42
123876  42
123882  64
123887  23
123905  64
123924  64
123928  23
123929  64
123930  64
123931  64
123935  64
123942  23
123956  64
123961  42
123963  42
123976  64
123980  64
123985  64
123986  64
124009  42
124014  42
124020  64
124033  42
124037  64
124043  64
124051  42
124056  64
124062  42
124069  64
124084  42
124090  23
124095  64
124112  64
124114  42
124116  64
124117  64
124131  64
124135  64
124142  64
124146  64
124151  64
124158  42
124165  64
124168  64
124183  42
124192  64
124209  64
124213  64
124222  23
124235  42
124239  42
124242  64
124253  64
124260  23
124261  42
124264  42
124282  64
124283  64
124315  64
124322  42
124333  42
124337  64
124339  64
124357  64
124360  64
124361  64
124363  42
124380  42
124381  42
124389  64
124390  64
124419  42
124444  42
124445  64
124478  64
124481  23
124482  23
124491  64
124498  42
124503  42
124507  64
124521  42
124532  64
124551  42
124558  64
124567  42
124569  64
124592  42
124605  66
124617  64
124622  42
124640  42
124642  64
124647  23
124648  64
124659  64
124673  64
124677  42
124680  64
124681  66
124690  64
124697  42
124709  64
124717  23
124719  23
124728  64
124730  64
124731  42
124739  64
124741  23
124744  64
124748  64
124753  42
124758  66
124763  64
124776  23
124790  23
124795  42
124796  42
124797  23
124802  23
124805  64
124808  42
124812  64
124813  23
124823  64
124827  64
124828  64
124839  42
124840  42
124845  42
124852  64
124857  23
124862  64
124867  23
124870  42
124871  23
124888  42
124890  42
124891  42
124903  64
124907  66
124913  42
124914  42
124915  64
124918  42
124928  64
124929  42
124932  64
124939  64
124949  64
124968  64
124969  42
124972  64
124977  64
124984  64
124990  42
124999  64
125002  23
125007  42
125020  66
125024  64
125037  42
125047  64
125054  64
125057  23
125058  42
125066  64
125083  64
125086  64
125087  64
125088  64
125091  42
125097  64
125100  66
125112  64
125114  64
125125  42
125129  64
125141  42
125154  42
125155  23
125164  64
125172  64
125177  42
125192  42
125199  42
125202  66
125212  42
125222  64
125231  42
125233  66
125235  66
125236  42
125240  23
125241  42
125254  64
125265  42
125266  64
125271  64
125278  23
125282  42
125283  64
125288  42
125297  66
125317  64
125323  23
125342  42
125347  66
125348  64
125350  23
125362  42
125369  64
125371  64
125373  66
125385  23
125392  64
125401  64
125412  23
125417  42
125419  64
125466  42
125468  23
125475  66
125480  64
125483  64
125485  64
125488  64
125489  42
125515  23
125517  64
125525  42
125533  23
125540  42
125545  23
125557  64
125568  64
125574  66
125585  42
125586  66
125587  42
125592  64
125612  64
125619  66
125620  42
125623  64
125628  66
125633  64
125642  23
125646  66
125650  42
125652  42
125664  66
125667  23
125669  66
125673  66
125681  42
125701  23
125724  64
125727  64
125741  64
125749  64
125762  42
125763  64
125765  42
125780  23
125801  23
125812  42
125822  23
125824  64
125829  23
125830  66
125832  66
125833  64
125838  64
125856  42
125862  23
125885  23
125891  64
125893  64
125905  64
125906  42
125915  64
125918  23
125921  64
125923  64
125933  64
125937  42
125959  23
125965  42
125966  64
125976  42
125989  64
126009  64
126010  66
126012  42
126022  23
126025  64
126026  23
126033  64
126034  64
126039  42
126042  23
126046  64
126048  42
126079  42
126082  64
126084  42
126102  42
126107  64
126112  23
126115  66
126118  42
126121  64
126137  64
126138  66
126143  23
126150  66
126161  23
126165  23
126167  23
126168  23
126201  66
126204  64
126207  66
126211  42
126237  66
126255  66
126271  42
126275  66
126284  64
126286  66
126287  23
126288  66
126312  42
126313  66
126324  64
126334  23
126340  23
126347  42
126349  42
126377  42
126392  23
126393  42
126405  66
126414  66
126415  66
126426  23
126438  42
126447  66
126452  23
126489  42
126492  66
126513  23
126517  42
126524  23
126540  64
126541  42
126551  66
126565  64
126593  42
126594  64
126596  23
126598  64
126602  64
126603  66
126608  66
126612  66
126615  66
126624  23
126625  66
126636  64
126642  64
126655  64
126662  23
126665  64
126666  66
126674  66
126675  66
126677  23
126680  64
126697  42
126702  64
126713  42
126714  23
126716  64
126720  23
126730  66
126732  42
126743  23
126754  23
126761  42
126781  64
126783  64
126785  42
126792  64
126800  23
126803  42
126811  64
126813  42
126817  66
126822  66
126825  42
126840  23
126845  42
126856  23
126863  66
126871  42
126872  64
126874  42
126887  66
126893  66
126898  42
126899  64
126911  23
126916  42
126929  66
126930  23
126938  64
126939  66
126945  42
126958  64
126961  66
126967  42
126970  23
126982  42
126983  66
126993  64
126997  66
127007  23
127008  66
127011  64
127012  23
127032  66
127034  64
127037  42
127039  66
127053  42
127063  23
127065  66
127077  42
127093  23
127099  23
127102  66
127111  66
127113  23
127114  64
127118  23
127122  42
127142  66
127145  23
127149  66
127151  23
127155  66
127156  66
127159  66
127163  42
127165  23
127168  66
127192  66
127193  23
127202  23
127211  66
127212  66
127216  64
127220  42
127225  42
127232  66
127248  64
127250  66
127255  66
127263  42
127272  23
127274  23
127277  64
127287  64
127301  66
127306  64
127309  66
127314  66
127325  66
127327  66
127336  66
127343  66
127351  23
127355  23
127386  66
127389  23
127391  66
127393  23
127396  42
127402  66
127411  23
127427  23
127429  42
127433  23
127434  66
127436  42
127446  23
127459  42
127460  23
127465  66
127475  42
127476  66
127480  42
127490  42
127493  66
127506  66
127514  42
127520  42
127527  66
127530  23
127536  64
127544  64
127546  64
127549  66
127553  42
127562  23
127566  42
127573  66
127584  64
127587  66
127596  66
127609  23
127617  23
127618  42
127622  66
127625  42
127647  66
127650  66
127656  66
127667  66
127668  23
127671  42
127674  66
127698  66
127699  66
127701  42
127710  66
127737  66
127744  66
127753  42
127754  66
127756  66
127758  66
127761  23
127765  23
127769  23
127773  23
127775  23
127776  66
127778  23
127779  42
127782  66
127798  66
127799  42
127812  66
127815  64
127817  42
127825  23
127830  42
127833  42
127834  66
127846  23
127849  66
127853  42
127856  42
127876  23
127884  42
127895  23
127897  23
127900  23
127903  42
127908  42
127914  64
127921  64
127927  66
127928  42
127930  66
127943  42
127945  66
127948  66
127954  23
127963  23
127979  23
127981  42
127984  66
127988  66
127989  66
127997  42
128003  66
128005  64
128010  66
128017  66
128019  66
128020  66
128036  66
128043  66
128054  23
128056  66
128059  66
128062  23
128063  23
128066  23
128081  66
128121  23
128132  23
128148  66
128149  66
128150  66
128155  66
128179  23
128190  66
128216  42
128222  66
128228  42
128234  42
128236  42
128245  23
128249  23
128257  42
128258  42
128265  64
128275  66
128276  23
128278  66
128285  42
128291  66
128292  42
128300  64
128303  42
128311  66
128319  42
128323  42
128325  66
128326  42
128328  23
128330  23
128332  66
128341  66
128360  66
128367  42
128369  23
128375  23
128378  23
128409  42
128412  42
128413  66
128421  23
128422  66
128436  66
128443  42
128449  23
128454  66
128460  23
128466  42
128486  66
128491  23
128495  66
128523  42
128526  66
128549  66
128550  23
128551  66
128576  66
128580  42
128584  23
128602  66
128607  42
128609  66
128613  42
128623  42
128625  66
128633  66
128641  66
128652  42
128655  23
128658  66
128667  66
128687  42
128700  66
128706  66
128707  42
128708  42
128715  66
128721  42
128723  23
128724  23
128732  66
128746  66
128748  42
128751  23
128754  66
128755  23
128762  42
128785  23
128790  42
128791  66
128793  23
128815  23
128822  66
128841  23
128844  23
128858  66
128872  66
128878  42
128880  23
128891  23
128892  42
128908  42
128917  42
128918  66
128923  66
128928  66
128930  23
128933  66
128943  42
128945  66
128948  42
128954  66
128956  66
128977  66
128980  42
128982  23
128986  66
128991  66
129003  42
129004  66
129011  66
129018  42
129025  23
129033  66
129045  66
129052  66
129058  66
129078  23
129081  66
129083  66
129091  66
129094  66
129099  23
129100  42
129101  23
129105  66
129107  23
129108  42
129109  66
129129  66
129169  66
129172  23
129176  66
129177  42
129187  66
129190  66
129191  23
129204  66
129218  23
129235  66
129239  66
129240  23
129244  42
129247  23
129248  66
129260  42
129272  23
129274  23
129276  66
129278  66
129280  23
129287  23
129292  23
129318  23
129328  66
129336  66
129338  66
129349  42
129362  66
129364  42
129368  66
129369  66
129375  66
129378  42
129380  66
129382  42
129396  66
129401  42
129404  23
129413  42
129422  23
129428  42
129429  42
129431  66
129436  42
129440  42
129446  23
129454  42
129455  66
129461  66
129469  42
129480  23
129488  23
129507  42
129519  66
129521  66
129538  66
129545  23
129546  23
129551  66
129560  66
129571  42
129579  66
129580  66
129581  66
129604  66
129614  66
129616  42
129621  66
129631  23
129650  42
129661  66
129678  66
129687  66
129692  66
129700  66
129715  42
129718  66
129720  66
129726  66
129729  23
129738  23
129739  66
129744  66
129752  66
129757  23
129780  42
129781  66
129785  66
129787  66
129788  23
129796  23
129813  66
129814  42
129824  23
129827  66
129830  42
129839  66
129844  23
129846  66
129848  23
129855  23
129859  66
129862  66
129867  42
129870  23
129875  66
129891  23
129899  23
129908  66
129913  23
129923  23
129926  66
129929  23
129934  66
129939  66
129959  66
129960  23
129961  66
129962  66
129967  66
129968  66
129971  42
129977  23
129991  23
129994  23
129995  42
130002  23
130003  23
130008  66
130014  23
130020  42
130038  23
130047  66
130048  23
130052  23
130054  66
130074  66
130077  42
130088  66
130094  23
130096  23
130099  23
130102  23
130113  23
130115  66
130125  66
130127  42
130131  66
130134  23
130145  66
130147  66
130149  66
130164  42
130169  23
130175  66
130184  23
130205  42
130223  66
130230  66
130246  23
130250  66
130255  66
130257  23
130259  42
130260  23
130264  42
130267  42
130273  23
130276  66
130277  42
130290  66
130291  42
130294  66
130298  42
130311  66
130313  66
130314  66
130319  23
130325  42
130327  66
130341  66
130343  23
130357  66
130359  66
130363  23
130364  66
130378  23
130383  42
130384  66
130394  66
130404  66
130406  66
130419  66
130421  42
130451  42
130454  23
130458  66
130461  23
130469  23
130476  23
130483  42
130487  23
130518  42
130541  23
130544  23
130546  23
130551  66
130555  66
130556  66
130557  66
130561  23
130564  66
130574  66
130579  66
130589  42
130594  42
130606  42
130609  66
130610  23
130623  23
130624  23
130625  66
130630  42
130634  66
130650  23
130651  23
130652  66
130654  23
130667  23
130674  23
130675  23
130677  66
130683  66
130684  42
130687  23
130689  66
130694  66
130699  23
130700  23
130701  23
130706  66
130712  66
130713  23
130716  23
130719  66
130720  23
130722  23
130725  42
130733  42
130749  66
130757  23
130759  66
130768  66
130769  66
130771  23
130774  66
130781  42
130785  23
130788  23
130795  23
130801  66
130807  66
130811  23
130823  66
130829  66
130837  66
130847  23
130851  23
130859  23
130862  66
130879  23
130884  42
130890  66
130891  66
130895  66
130896  23
130900  23
130912  66
130914  42
130917  66
130922  66
130924  66
130939  66
130943  23
130945  23
130946  66
130951  42
130954  66
130957  66
130967  23
130970  23
130982  23
130984  66
130999  66
131004  66
131013  66
131016  42
131022  66
131033  23
131036  23
131041  42
131042  23
131059  23
131062  66
131068  42
131069  42
131080  42
131081  23
131082  23
131084  23
131092  66
131095  42
131114  42
131115  66
131121  42
131135  66
131167  66
131169  66
131174  66
131178  42
131180  23
131181  66
131194  66
131219  66
131227  23
131228  23
131234  23
131247  66
131249  23
131256  66
131269  42
131270  23
131284  66
131289  66
131291  42
131295  66
131299  66
131305  66
131306  66
131314  66
131317  23
131320  42
131323  66
131327  42
131328  66
131332  66
131340  42
131341  66
131350  66
131351  66
131358  66
131362  23
131363  23
131369  66
131371  23
131372  23
131377  66
131381  42
131383  42
131386  23
131394  42
131401  23
131410  66
131418  23
131419  66
131429  66
131434  66
131442  66
131445  66
131446  66
131456  66
131460  23
131461  66
131462  23
131463  42
131467  66
131472  23
131473  66
131477  66
131481  23
131482  66
131497  23
131507  66
131508  23
131520  42
131532  66
131538  66
131575  42
131596  66
131605  23
131610  42
131631  23
131639  66
131660  42
131668  66
131673  66
131677  42
131693  66
131700  66
131703  42
131713  66
131716  66
131720  42
131729  42
131737  66
131741  42
131746  23
131747  42
131751  42
131756  66
131761  23
131773  42
131776  66
131778  42
131788  66
131792  42
131801  23
131810  66
131811  42
131826  23
131830  66
131840  23
131842  66
131844  66
131852  23
131855  42
131859  23
131866  66
131870  66
131881  23
131892  66
131899  66
131904  66
131909  23
131914  23
131920  23
131930  66
131931  66
131945  66
131950  66
131952  66
131968  23
131970  23
131973  42
131980  42
131995  23
131996  66
132010  23
132030  23
132033  42
132034  42
132039  42
132040  66
132044  66
132056  66
132059  66
132065  23
132081  66
132089  66
132093  23
132095  66
132099  66
132102  66
132121  66
132143  66
132160  66
132165  66
132168  23
132207  66
132211  23
132220  66
132227  66
132233  42
132240  66
132248  42
132286  66
132300  42
132309  66
132315  23
132321  23
132334  66
132338  42
132360  23
132361  66
132362  23
132364  23
132365  23
132370  66
132376  66
132377  42
132380  66
132384  42
132389  66
132394  66
132408  23
132412  66
132422  23
132423  66
132430  23
132434  42
132443  23
132444  66
132449  23
132455  66
132472  23
132482  42
132487  66
132488  23
132493  42
132508  66
132509  66
132511  42
132512  23
132527  23
132544  66
132558  66
132562  42
132572  66
132576  23
132595  66
132597  66
132610  66
132620  23
132630  66
132636  66
132643  42
132654  66
132656  66
132678  23
132680  23
132688  66
132700  42
132703  66
132717  66
132720  23
132728  42
132730  66
132734  42
132762  66
132815  66
132823  66
132834  23
132855  66
132864  66
132868  23
132881  66
132899  66
132910  66
132922  66
132935  23
132937  23
132958  66
132963  66
132972  23
132973  23
132974  23
132979  23
132983  66
132988  42
132997  23
133007  23
133014  23
133020  42
133035  42
133043  66
133047  66
133059  23
133064  66
133067  23
133071  42
133075  66
133078  23
133082  66
133087  23
133096  66
133098  66
133107  66
133112  23
133116  23
133120  66
133121  23
133130  42
133138  23
133145  42
133148  66
133149  66
133165  23
133174  23
133186  42
133207  42
133215  66
133234  66
133243  66
133247  42
133259  23
133265  42
133275  42
133279  42
133284  42
133286  23
133294  66
133310  23
133318  66
133319  23
133328  23
133333  66
133347  23
133374  42
133375  66
133383  23
133399  66
133400  66
133408  23
133416  66
133420  23
133427  66
133439  23
133449  23
133462  66
133472  23
133481  23
133493  66
133500  23
133508  42
133511  66
133512  23
133523  66
133527  66
133544  42
133548  66
133556  66
133563  23
133565  23
133572  23
133590  66
133597  66
133599  42
133601  66
133608  23
133609  42
133615  42
133647  42
133655  66
133658  23
133660  66
133664  66
133676  66
133700  66
133702  42
133704  66
133713  66
133714  66
133732  66
133733  66
133754  42
133758  66
133762  66
133763  23
133764  66
133771  23
133777  23
133779  66
133784  66
133809  66
133819  42
133822  66
133855  66
133859  66
133864  42
133875  23
133876  66
133901  66
133911  42
133915  66
133918  66
133920  66
133930  23
133932  23
133947  42
133971  23
133974  66
133984  42
134024  23
134026  66
134042  23
134057  66
134061  66
134064  23
134070  66
134071  66
134101  23
134107  23
134113  66
134117  66
134128  23
134132  66
134138  23
134144  42
134146  42
134149  66
134154  66
134166  66
134183  66
134186  66
134192  66
134196  66
134199  23
134209  66
134219  66
134220  66
134222  23
134242  66
134251  42
134263  66
134279  66
134284  23
134298  23
134302  66
134304  42
134335  66
134347  66
134352  66
134365  66
134373  23
134381  42
134383  23
134387  23
134396  23
134416  66
134432  23
134440  66
134451  66
134457  66
134461  23
134463  42
134485  66
134489  23
134496  42
134513  66
134519  42
134533  23
134535  66
134543  23
134548  42
134551  66
134553  66
134558  66
134574  66
134596  23
134602  42
134603  66
134606  66
134615  66
134616  66
134618  66
134630  23
134632  66
134638  42
134647  42
134648  66
134660  66
134682  66
134693  66
134706  66
134716  66
134718  66
134723  66
134734  66
134735  66
134738  66
134745  66
134768  66
134787  66
134810  23
134811  66
134814  66
134819  66
134823  66
134824  66
134835  23
134857  23
134862  66
134871  23
134875  23
134878  66
134879  23
134884  66
134886  66
134887  66
134890  66
134892  66
134896  66
134916  66
134931  66
134944  66
134955  66
134958  23
134961  23
134972  66
134981  66
134983  66
134990  66
135002  42
135023  42
135027  23
135030  66
135034  66
135056  66
135058  66
135063  42
135068  66
135078  66
135085  42
135089  66
135094  23
135097  66
135104  42
135106  23
135114  42
135123  66
135129  23
135131  42
135143  66
135161  23
135168  42
135170  66
135173  23
135180  66
135188  42
135189  66
135199  66
135229  66
135244  66
135248  23
135260  66
135265  66
135267  66
135271  23
135276  66
135278  66
135282  66
135287  66
135289  66
135290  66
135299  66
135307  66
135309  66
135317  66
135336  66
135360  66
135361  42
135364  66
135370  23
135375  66
135392  66
135404  42
135411  23
135422  42
135429  66
135448  42
135452  42
135478  66
135482  66
135487  66
135491  66
135495  42
135526  66
135530  66
135556  66
135563  66
135567  23
135578  66
135581  23
135587  66
135593  66
135595  66
135598  66
135617  66
135630  66
135633  23
135638  42
135657  66
135662  66
135665  66
135678  66
135701  42
135708  66
135709  66
135714  66
135718  23
135719  66
135723  23
135725  66
135728  66
135754  66
135757  23
135761  42
135775  23
135803  66
135813  42
135819  66
135826  66
135838  42
135863  66
135867  66
135870  66
135875  42
135887  66
135894  42
135908  66
135909  66
135914  66
135950  23
135954  66
135955  42
135956  66
135958  66
135959  66
135966  66
135973  66
135974  42
135988  66
135990  66
135991  66
135994  66
135997  66
135998  66
136019  66
136047  66
136049  66
136054  42
136061  23
136069  66
136077  23
136078  66
136079  66
136080  66
136086  66
136098  23
136132  66
136136  66
136144  66
136148  66
136158  66
136171  66
136176  23
136210  66
136228  66
136229  66
136238  66
136243  66
136259  66
136269  66
136275  23
136278  66
136279  66
136301  66
136326  66
136327  66
136333  66
136338  66
136339  66
136343  66
136348  66
136361  66
136362  23
136388  66
136400  66
136405  23
136410  42
136414  23
136415  66
136421  66
136423  66
136427  66
136431  66
136449  66
136451  66
136485  66
136489  66
136499  66
136501  66
136503  66
136506  66
136523  66
136528  66
136531  66
136549  66
136550  66
136558  23
136563  66
136569  66
136575  66
136578  66
136582  42
136587  66
136594  42
136601  66
136611  66
136624  66
136625  66
136636  66
136654  42
136665  66
136666  66
136669  66
136683  66
136702  66
136716  66
136719  66
136725  66
136731  66
136734  66
136741  66
136743  66
136749  66
136751  66
136761  66
136769  66
136771  66
136774  66
136776  66
136783  66
136791  66
136803  66
136809  66
136817  66
136820  66
136823  66
136833  66
136843  66
136861  66
136870  66
136882  23
136885  66
136894  66
136895  66
136901  66
136937  66
136946  23
136958  66
136961  66
136966  66
136970  66
136978  66
136990  23
136991  66
136992  42
136995  23
136997  42
136998  66
137003  66
137020  66
137032  42
137036  66
137041  66
137045  23
137049  66
137051  42
137055  66
137058  66
137064  66
137071  42
137073  66
137088  66
137102  66
137106  66
137111  42
137126  66
137127  66
137137  66
137138  66
137139  66
137141  66
137150  66
137152  66
137153  66
137155  23
137162  66
137166  66
137175  23
137176  66
137184  66
137189  66
137196  66
137197  66
137198  66
137208  66
137210  66
137225  66
137258  66
137273  66
137290  66
137299  66
137301  66
137306  66
137332  66
137336  66
137337  66
137348  66
137360  66
137364  66
137375  66
137377  66
137382  66
137383  66
137393  66
137394  66
137395  66
137400  66
137401  66
137402  66
137409  66
137410  66
137412  66
137431  66
137443  66
137449  66
137455  66
137457  23
137458  66
137474  66
137480  66
137485  66
137490  66
137502  23
137504  66
137514  66
137520  66
137534  66
137539  66
137541  66
137550  66
137561  66
137572  66
137574  66
137585  66
137586  66
137587  66
137596  66
137602  66
137606  66
137612  66
137613  66
137632  66
137637  66
137640  66
137654  66
137671  66
137672  66
137674  66
137675  66
137685  66
137694  66
137705  66
137706  66
137719  66
137724  66
137729  66
137730  66
137735  66
137736  66
137743  23
137746  66
137756  66
137763  66
137774  66
137779  66
137782  66
137786  66
137795  66
137818  66
137820  66
137821  66
137841  66
137844  66
137858  66
137865  66
137873  42
137878  66
137879  66
137887  42
137888  66
137895  66
137900  66
137905  66
137911  66
137913  66
137923  66
137925  23
137944  66
137948  42
137953  66
138002  66
138011  66
138021  66
138032  66
138037  66
138039  66
138040  66
138045  66
138046  66
138048  66
138051  66
138057  66
138064  66
138080  66
138082  66
138084  66
138094  66
138109  66
138118  66
138123  66
138126  66
138136  66
138148  66
138152  66
138156  66
138164  66
138169  66
138181  66
138234  66
138243  66
138249  66
138254  66
138255  66
138256  66
138260  66
138262  66
138267  66
138301  66
138304  66
138316  66
138320  66
138322  66
138323  66
138326  66
138327  66
138378  66
138385  66
138392  66
138400  66
138402  66
138421  66
138434  66
138458  66
138481  66
138490  66
138509  66
138511  66
138518  66
138532  66
138535  66
138536  66
138545  66
138555  66
138560  66
138562  66
138568  66
138572  66
138573  66
138576  66
138584  66
138600  66
138611  66
138615  66
138628  66
138630  66
138637  66
138673  66
138677  66
138690  66
138693  66
138700  66
138708  66
138738  66
138749  66
138750  66
138754  66
138776  66
138777  66
138780  66
138786  66
138797  66
138810  66
138818  66
138822  66
138855  66
138858  66
138861  66
138867  66
138870  66
138874  66
138887  66
138906  66
138920  66
138930  66
138932  66
138959  66
138966  66
138973  66
138986  66
139035  66
139038  66
139039  66
139040  66
139057  66
139066  66
139072  66
139080  66
139081  66
139090  66
139096  66
139105  66
139118  66
139129  66
139137  66
139144  66
139151  66
139153  66
139158  66
139162  66
139165  66
139178  66
139186  66
139194  66
139201  66
139203  66
139211  66
139212  66
139213  66
139222  66
139226  66
139227  66
139234  66
139242  66
139248  66
139249  66
139260  66
139262  66
139270  66
139285  66
139308  66
139322  66
139323  66
139326  66
139331  66
139337  66
139340  66
139341  66
139366  66
139373  66
139386  66
139424  66
139445  66
139454  66
139471  66
139477  66
139479  66
139526  66
139528  66
139547  66
139555  66
139559  66
139585  66
139588  66
139610  66
139631  66
139635  66
139638  66
139642  66
139646  66
139647  66
139652  66
139658  66
139661  66
139672  66
139673  66
139674  66
139675  66
139687  66
139701  66
139709  66
139738  66
139753  66
139757  66
139758  66
139766  66
139774  66
139775  66
139788  66
139791  66
139813  66
139819  66
139830  66
139853  66
139864  66
139867  66
139870  66
139875  66
139885  66
139924  66
139928  66
139933  66
139935  66
139936  66
139943  66
139968  66
139976  66
139981  66
139986  66
139991  66
139997  66
140006  66
140020  66
140022  66
140034  66
140052  66
140059  66
140068  66
140076  66
140078  66
140081  66
140087  66
140106  66
140111  66
140112  66
140164  66
140194  66
140200  66
140209  66
140210  66
140219  66
140222  66
140224  66
140229  66
140238  66
140242  66
140244  66
140253  66
140258  66
140267  66
140268  66
140275  66
140276  66
140288  66
140294  66
140302  66
140306  66
140307  66
140308  66
140321  66
140357  66
140364  66
140379  66
140380  66
140385  66
140389  66
140408  66
140440  66
140445  66
140452  66
140470  66
140489  66
140506  66
140509  66
140541  66
140548  66
140552  66
140556  66
140568  66
140572  66
140573  66
140575  66
140584  66
140596  66
140602  66
140617  66
140624  66
140627  66
140639  66
140667  66
140679  66
140686  66
140688  66
140700  66
140713  66
140715  66
140726  66
140733  66
140735  66
140750  66
140762  66
140763  66
140766  66
140774  66
140778  66
140799  66
140806  66
140842  66
140846  66
140861  66
140884  66
140888  66
140895  66
140931  66
140949  66
140976  66
140979  66
141000  66
141004  66
141015  66
141033  66
141040  66
141044  66
141050  66
141059  66
141060  66
141064  66
141112  66
141116  66
141117  66
141118  66
141125  66
141135  66
141161  66
141171  66
141172  66
141187  66
141221  66
141247  66
141254  66
141293  66
141311  66
141328  66
141342  66
141360  66
141366  66
141404  66
141446  66
141476  66
141481  66
141512  66
141535  66
141547  66
141655  66
141701  66
141808  66
141850  66
113087  113715  3.13    101.41
113427  114165  8.50    113.67
113643  114517  8.10    138.87
113715  114633  4.95    135.95
113715  113723  5.35    75.68
113723  113055  7.86    107.39
113723  113746  6.20    75.74
113728  113715  4.71    14.90
113728  113086  6.41    103.39
113788  114212  5.33    59.08
113904  113728  9.00    38.87
113940  114239  14.60   47.39
113986  113728  10.00   36.91
113986  113904  0.00    26.64
113998  114557  2.33    92.83
114119  114103  1.00    19.46
114160  114728  10.33   87.55
114160  114119  13.25   50.86
114165  113904  0.00    63.36
114165  115105  2.00    148.88
114184  114557  10.00   142.39
114196  113843  6.40    95.03
114212  114160  20.00   52.21
114212  114834  3.00    95.44
114239  114514  0.00    55.69
114239  114369  10.00   43.85
114315  114741  3.00    77.01
114337  115022  4.67    125.43
114360  115072  11.00   133.17
114369  114797  0.00    95.33
114369  114196  7.36    94.22
114436  114889  8.38    70.06
114485  113811  6.88    141.32
114517  114526  7.25    50.19
114557  114889  11.35   127.63
114623  114000  10.81   106.30
114633  115483  3.87    135.94
114728  115262  11.00   87.52
114736  113986  4.73    115.56
114741  114623  8.27    42.37
114755  114172  20.00   106.05
114797  114921  0.00    28.76
114834  115285  9.20    93.97
114853  114119  3.40    111.32
114884  114184  5.20    127.01
114884  115134  0.00    110.80
114889  115022  10.75   32.02
114891  114741  0.00    48.88
114921  114891  0.00    13.93
114994  115658  13.38   108.17
115022  115295  3.00    61.00
115027  114623  12.44   76.34
115072  115443  1.00    67.87
115072  114923  0.00    52.32
115085  114439  5.83    117.67
115099  114485  3.50    141.01
115099  114797  3.00    110.45
115105  115392  0.00    60.46
115105  115960  7.88    134.99
115134  115444  5.33    107.96
115150  114517  3.50    107.55
115200  114921  7.70    117.67
115200  115099  6.75    23.26
115224  114579  3.00    123.66
115240  114932  6.67    70.62
115262  114853  6.67    107.63
115285  115432  0.00    20.53
115285  115262  11.00   33.32
115288  115601  0.00    57.66
115288  114891  0.00    76.22
115295  115716  1.00    85.93
115295  114755  6.50    105.89
115315  116091  9.82    131.50
115324  114923  0.00    78.75
115327  116155  2.60    136.09
115350  114678  13.43   111.99
115388  114932  0.00    75.90
115411  114531  1.67    148.03
115432  116003  1.00    89.25
115437  115700  1.00    80.34
115437  115027  8.50    76.46
115443  116014  6.43    103.15
115443  115614  3.50    51.94
115444  115716  9.42    107.68
115472  114736  6.44    115.56
115473  114746  10.67   132.87
115474  115529  0.00    77.42
115474  115288  0.00    29.06
115483  115472  0.00    12.25
115483  116237  4.81    119.99
115518  115134  8.20    95.92
115531  115200  1.40    110.76
115601  115474  0.00    51.34
115614  115810  2.00    53.23
115614  116177  11.00   101.75
115619  114884  7.00    141.46
115651  115037  8.32    102.58
115658  116311  9.14    107.02
115679  115956  8.09    73.69
115692  115814  0.00    104.56
115700  115601  0.00    79.95
115704  115432  7.25    114.18
115716  115734  5.80    4.47
115726  116247  0.00    89.50
115734  115085  7.20    117.71
115734  115907  11.20   58.38
115776  115492  4.25    44.45
115776  116253  5.33    136.43
115781  115324  6.58    78.76
115803  115171  7.21    97.67
115810  115969  0.00    53.97
115810  115388  0.00    74.53
115812  115150  9.83    107.55
115814  116212  0.00    107.76
115854  115619  20.00   81.59
115902  115437  7.13    83.29
115904  115518  0.00    95.86
115907  115224  5.90    123.28
115907  116167  5.50    54.17
115956  116091  3.00    40.47
115960  116804  8.71    134.97
115969  115350  0.00    109.99
115969  116136  0.00    51.96
115993  116666  4.67    107.43
116003  116555  0.00    89.25
116006  116155  5.00    62.64
116015  115137  9.75    139.21
116051  115854  0.00    81.73
116067  115776  8.67    48.87
116091  116534  6.60    119.88
116134  116579  0.00    88.01
116136  115680  13.25   83.63
116136  116320  0.00    51.05
116155  116630  10.75   81.02
116155  116301  11.50   62.41
116165  115283  7.00    140.94
116165  116196  11.50   32.47
116167  115473  3.00    132.45
116167  116755  2.00    112.60
116189  116231  6.50    36.30
116189  115531  6.75    116.32
116196  116067  12.60   113.71
116212  116589  0.00    107.58
116222  115472  3.14    119.38
116224  115692  0.00    115.72
116231  116353  8.70    102.80
116231  116224  2.00    110.53
116237  117001  4.73    119.99
116247  116141  0.00    35.08
116253  115771  9.00    79.01
116254  115514  3.00    121.03
116282  116067  6.50    31.50
116301  116441  7.06    60.79
116301  115411  5.50    148.03
116311  115651  7.53    102.84
116311  116897  12.71   100.40
116320  116489  0.00    48.54
116320  115949  3.00    69.85
116353  116458  7.85    102.79
116354  115902  8.67    83.32
116354  116750  4.00    76.98
116366  115619  0.00    132.65
116366  116414  0.00    27.00
116392  116051  12.40   118.76
116400  115803  10.93   97.81
116400  116192  0.00    53.82
116414  116721  3.00    116.61
116414  116051  0.00    78.20
116441  116553  6.44    55.35
116441  115812  11.00   107.55
116458  116589  3.00    102.87
116459  115704  8.64    119.50
116472  115969  7.90    92.34
116480  116962  11.50   80.08
116486  115810  9.56    126.67
116486  116615  20.00   87.32
116489  117009  7.92    88.35
116534  115935  9.80    105.31
116534  116732  4.00    50.23
116553  116617  0.00    24.27
116555  117279  8.00    114.73
116555  116584  0.00    37.03
116565  116247  11.50   54.92
116565  116354  2.60    84.03
116579  116016  0.00    128.59
116584  116599  10.00   12.34
116584  116306  1.00    46.55
116589  116681  8.33    49.69
116599  117325  0.00    117.40
116599  116628  0.00    36.66
116615  116998  0.00    84.84
116615  116960  0.00    101.33
116617  116804  7.40    83.49
116628  116094  4.00    82.78
116628  116636  0.00    14.43
116630  117126  0.00    81.02
116636  117382  5.17    120.71
116636  116666  0.00    36.68
116637  116282  7.69    133.00
116637  116253  3.00    64.35
116640  116954  0.00    51.88
116640  116565  10.00   30.31
116644  116136  8.91    94.33
116666  116678  0.00    12.68
116671  115956  5.13    119.77
116678  116712  3.00    42.10
116678  117445  20.00   123.31
116681  116640  0.00    16.28
116712  116189  2.33    83.81
116713  117322  9.38    141.13
116721  117206  11.50   119.10
116732  116104  11.50   111.49
116732  116995  11.17   63.67
116750  117168  0.00    76.76
116755  116579  11.50   44.27
116755  116998  3.00    41.93
116770  116681  0.00    32.96
116770  117330  9.63    105.55
116776  116301  10.00   82.20
116787  116845  0.00    33.57
116793  116165  9.04    101.03
116804  116972  3.64    68.83
116806  116637  0.00    26.54
116813  116015  3.00    137.84
116833  116320  20.83   96.43
116845  116954  0.00    33.36
116845  117428  0.00    113.00
116897  117464  20.00   100.32
116909  116196  8.86    113.21
116909  116799  0.00    99.62
116919  116770  15.43   53.10
116928  116441  10.00   81.33
116930  116282  6.33    102.75
116930  116806  10.75   111.73
116954  117567  0.00    118.57
116960  117298  0.00    108.76
116962  117322  4.75    66.08
116962  117126  4.40    62.69
116972  116222  5.42    119.35
116995  116468  6.50    89.58
116995  117221  11.00   65.69
116998  117423  1.00    87.91
117001  116972  5.01    12.76
117001  117648  5.08    108.84
117002  116486  0.00    147.95
117004  116254  11.22   121.05
117004  116637  10.25   114.53
117009  117349  10.75   86.54
117016  116392  0.00    122.87
117021  116400  8.27    101.74
117028  116366  0.00    123.96
117038  117417  11.00   114.89
117038  116534  10.22   77.02
117063  117671  7.50    116.02
117063  116919  8.17    49.06
117120  117001  6.85    102.23
117126  117700  3.00    100.86
117126  117251  5.44    61.78
117188  117063  9.40    52.89
117206  117844  0.00    121.43
117210  116459  6.73    119.48
117210  117120  6.52    102.17
117225  116930  7.83    49.40
117251  117379  3.00    61.57
117251  116776  7.25    82.20
117260  117210  3.00    49.98
117279  117260  15.00   16.71
117286  116806  6.50    79.97
117286  117475  8.25    60.06
117288  117225  0.00    11.24
117288  117286  9.13    119.57
117291  117631  0.00    135.32
117291  116960  0.00    61.29
117295  118009  5.80    127.74
117295  117188  1.00    48.16
117298  117661  0.00    108.80
117305  116787  0.00    103.01
117307  117279  4.86    34.15
117322  117711  3.00    63.38
117325  117307  0.00    15.95
117330  117796  0.00    84.79
117342  117225  9.80    120.40
117342  116909  9.38    72.87
117349  117890  0.00    149.26
117349  118041  22.75   113.53
117357  117325  4.25    34.72
117362  117222  0.00    54.47
117362  117291  0.00    14.71
117375  117004  8.67    123.87
117375  116671  6.50    119.72
117379  116928  15.00   81.33
117382  117357  0.00    14.77
117383  116712  8.43    109.76
117383  117485  7.00    105.77
117412  116793  8.80    101.34
117412  117342  6.50    60.81
117417  116995  11.00   75.72
117418  117295  5.00    50.76
117422  117382  4.25    36.05
117422  118070  0.00    99.08
117423  117880  6.75    108.39
117428  117305  0.00    35.25
117445  117422  3.00    15.36
117455  117464  0.00    7.61
117462  117038  6.25    75.95
117462  117896  0.00    124.81
117464  117718  11.50   42.44
117466  117375  0.00    12.93
117475  117554  3.00    42.78
117485  117589  8.33    17.17
117485  117418  3.13    46.49
117491  117383  4.71    16.21
117491  117445  5.92    36.46
117497  116919  6.11    110.76
117497  117330  3.00    50.15
117512  117855  7.50    95.96
117526  117028  0.00    121.89
117528  117455  10.00   25.85
117543  117491  6.50    50.76
117543  118175  3.00    98.40
117554  117004  4.30    92.30
117567  117428  0.00    34.53
117577  117466  9.00    94.84
117577  117554  1.67    4.79
117578  117475  10.00   81.51
117585  117412  2.50    26.31
117589  117543  7.27    58.72
117592  116813  12.34   137.72
117592  117528  0.00    14.63
117625  117585  13.46   108.20
117625  117021  10.54   102.77
117627  117016  0.00    123.62
117627  117423  0.00    58.43
117648  118331  1.87    106.16
117661  117002  0.00    151.43
117667  117578  18.50   81.32
117667  117288  6.13    59.60
117671  117497  0.00    50.87
117671  118264  0.00    105.09
117675  117210  0.00    74.23
117689  117648  8.50    36.18
117700  118311  6.73    100.86
117701  117627  0.00    16.77
117708  116972  5.73    120.23
117711  118038  0.00    53.47
117711  117367  8.67    122.98
117718  117625  9.60    36.94
117718  118347  13.22   106.79
117731  117689  10.00   36.55
117760  117417  1.00    56.00
117771  117731  0.00    36.04
117796  117917  20.00   18.58
117796  117567  0.00    49.27
117797  117466  2.00    54.08
117827  117462  11.25   59.52
117827  117375  3.00    131.16
117831  117926  0.00    62.69
117831  117661  0.00    26.24
117839  117671  0.00    50.79
117839  117188  8.78    122.17
117844  117701  0.00    38.65
117855  118220  0.00    95.88
117860  117577  8.50    44.81
117880  117893  0.00    104.86
117890  118544  0.00    102.05
117893  117831  1.00    104.81
117917  118220  7.80    55.28
117917  117936  50.00   74.55
117926  118266  0.00    114.60
117926  118023  0.00    23.02
117933  118876  14.18   149.61
117936  117497  0.00    76.74
117963  117260  15.00   109.21
117965  117797  8.00    98.06
117965  117860  0.00    13.26
117979  117860  10.33   100.91
118001  118390  7.70    128.94
118009  118650  0.00    109.28
118009  117839  0.00    49.14
118023  118066  0.00    14.76
118030  118070  28.73   50.89
118030  117357  4.00    101.07
118033  117844  7.80    43.31
118033  117526  0.00    121.22
118038  118161  3.00    21.23
118038  117918  6.50    51.97
118041  118066  0.00    8.97
118041  117890  0.00    77.29
118050  118416  5.67    122.35
118056  118328  9.00    80.81
118056  118032  8.57    16.07
118066  118098  0.00    7.07
118066  118310  0.00    42.22
118067  117251  4.43    135.90
118070  118107  6.50    50.67
118070  118677  13.33   91.53
118071  117667  10.75   61.93
118071  117979  3.50    100.92
118080  118398  0.00    89.09
118093  117342  2.43    115.54
118098  118023  0.00    15.13
118107  117491  3.00    96.41
118107  118175  3.00    50.27
118122  117379  4.75    121.75
118122  118302  0.00    78.65
118124  117701  0.00    115.30
118134  117585  6.91    84.15
118138  117625  9.80    78.59
118154  117771  2.00    85.97
118164  118056  0.00    21.78
118171  117418  6.00    133.09
118171  118009  0.00    49.51
118175  119091  14.57   144.20
118175  118236  8.67    49.72
118187  117797  10.50   58.54
118205  117307  3.50    137.50
118220  118596  0.00    66.00
118220  118542  3.00    79.51
118236  118286  2.20    50.19
118257  117965  20.00   46.61
118259  117592  8.67    110.86
118264  118402  0.00    46.88
118266  118333  0.00    112.60
118286  118323  0.00    46.30
118297  118032  10.75   76.25
118303  118011  3.00    96.14
118309  118033  0.00    110.44
118310  118350  0.00    6.83
118317  118310  0.00    7.54
118317  118098  0.00    37.00
118323  118171  2.00    51.29
118323  117589  6.59    131.04
118324  118257  50.00   10.85
118324  118187  3.00    101.13
118328  118661  0.00    81.00
118331  118380  7.67    37.53
118331  119228  3.86    139.84
118333  118124  0.00    113.22
118337  118317  0.00    4.24
118347  119002  20.00   107.70
118348  118588  10.56   35.83
118348  118164  6.00    31.84
118350  118428  0.00    11.34
118350  118385  0.00    6.88
118353  118881  10.00   83.09
118369  118257  0.00    101.43
118375  118030  32.57   54.48
118380  118418  1.00    36.44
118380  117689  10.00   106.17
118382  118337  0.00    6.25
118382  118419  0.00    25.05
118384  118324  0.00    7.53
118385  118382  0.00    2.07
118390  118638  8.67    76.76
118398  118590  0.00    87.79
118402  117839  3.00    99.28
118407  118323  3.00    12.89
118408  118314  1.00    54.51
118408  118187  3.00    34.18
118416  118814  11.20   128.35
118416  118001  10.00   72.58
118418  118465  2.00    36.90
118418  117731  10.75   105.51
118419  118337  0.00    23.54
118428  118480  0.00    8.24
118438  118385  0.00    8.44
118442  119359  10.00   143.21
118449  118353  0.00    77.13
118458  118348  11.50   19.90
118458  118984  8.67    85.09
118465  118154  0.00    85.79
118465  117771  5.50    105.99
118474  118071  7.75    61.35
118474  118369  6.50    101.42
118480  118798  0.00    50.69
118480  118438  0.00    9.14
118494  117708  4.52    120.24
118539  118138  11.50   76.00
118539  117816  0.00    106.53
118542  118825  6.43    79.51
118555  118384  0.00    23.59
118555  118408  20.00   102.57
118560  118122  4.50    68.13
118567  118449  3.00    68.32
118567  118408  0.00    21.76
118588  118997  3.00    77.44
118596  118661  1.00    11.72
118596  118297  12.60   76.25
118609  118749  10.00   55.27
118609  118555  20.00   7.29
118612  118539  3.00    22.36
118612  118134  13.38   78.33
118613  118309  0.00    110.23
118634  118849  11.17   98.38
118634  118609  3.00    4.22
118638  118843  9.00    76.76
118650  118807  0.00    53.19
118655  118419  0.00    100.45
118656  118384  1.00    105.10
118661  118992  6.50    71.07
118661  118917  0.00    80.24
118719  118656  8.67    104.68
118719  118474  0.00    37.34
118719  118839  6.00    113.02
118749  119326  6.50    94.07
118749  118953  10.00   74.48
118751  118458  10.26   89.35
118751  119391  8.13    100.65
118789  118050  6.75    137.27
118792  118107  2.33    103.81
118798  119305  0.00    86.67
118807  118171  0.00    110.42
118814  119013  8.00    80.72
118814  118390  2.50    72.35
118825  119160  0.00    68.22
118825  119297  10.33   132.32
118839  118093  7.11    115.23
118839  118889  5.43    55.22
118843  119037  15.00   72.93
118843  118067  6.46    134.93
118849  119086  8.67    113.41
118849  118929  20.00   48.72
118852  118655  0.00    100.45
118852  118613  3.00    110.24
118866  118798  0.00    142.88
118871  118596  11.00   80.16
118876  119027  3.00    38.13
118881  118908  3.00    29.05
118889  118134  7.29    124.69
118900  118751  10.00   63.88
118908  118491  2.00    67.42
118908  119227  6.15    86.25
118917  119222  0.00    80.24
118923  118259  6.00    111.34
118929  118965  0.00    60.28
118929  119220  5.33    89.25
118953  118567  0.00    66.44
118965  118719  7.25    42.08
118973  118881  9.83    66.14
118973  118449  9.00    86.30
118984  119581  8.54    85.10
118992  118588  9.00    123.76
118993  118407  1.00    95.44
118995  118590  0.00    75.97
118995  119033  6.93    11.13
118997  119483  8.91    77.29
119002  119777  10.29   108.42
119013  119258  12.50   80.71
119027  119107  20.00   16.05
119033  118900  7.00    54.21
119037  119411  20.75   102.43
119037  118879  0.00    27.04
119050  118995  0.00    106.25
119072  119095  0.00    88.96
119079  118953  3.60    18.93
119079  118973  7.57    72.95
119086  118634  4.75    76.28
119095  119305  0.00    93.72
119107  118243  3.00    135.18
119107  119189  0.00    21.89
119114  119050  20.00   106.28
119124  118286  21.43   131.37
119144  118236  13.75   144.63
119160  118871  9.36    80.07
119160  119222  0.00    9.56
119168  118890  10.00   45.45
119168  118792  0.00    99.33
119178  118852  0.00    111.16
119181  118814  10.33   68.77
119181  118789  5.14    132.65
119185  118639  0.00    94.70
119186  119079  0.00    18.72
119189  119773  3.00    78.48
119189  119359  7.00    35.93
119213  118407  2.50    146.33
119213  119297  3.00    30.07
119216  119541  8.67    104.64
119216  118965  9.00    38.74
119220  119531  3.00    89.11
119222  119642  10.00   69.82
119228  120201  4.48    139.82
119248  118494  4.04    120.20
119258  119501  3.00    72.88
119258  118843  8.00    72.52
119295  119213  3.00    16.63
119296  119185  0.00    50.64
119296  120134  0.00    121.44
119297  119421  8.00    28.70
119299  118992  15.00   81.00
119305  119296  0.00    35.86
119316  118612  10.75   123.79
119344  119037  0.00    49.47
119344  119411  20.00   119.83
119347  119168  7.86    59.47
119347  118692  1.50    105.92
119352  119521  8.17    90.60
119359  119347  1.00    57.83
119391  119415  10.57   62.15
119391  120106  4.86    104.01
119411  120042  22.33   93.05
119415  119436  10.29   49.97
119415  120121  9.89    102.26
119415  118900  0.00    78.17
119421  119295  12.50   20.99
119421  119879  7.64    115.17
119431  119216  0.00    30.78
119436  119033  7.85    59.43
119436  119466  13.25   61.51
119442  119181  9.00    80.29
119442  120007  6.69    97.75
119466  119497  11.18   54.75
119483  119957  4.75    74.46
119483  119581  0.00    73.36
119488  119352  7.86    141.29
119497  119530  3.00    62.74
119497  120180  10.60   99.48
119501  119344  0.00    22.22
119501  120016  13.67   114.76
119504  119160  8.13    79.32
119507  119431  3.00    82.52
119521  120062  5.00    95.62
119530  119544  1.00    54.89
119531  119086  8.67    63.52
119537  119569  5.75    107.24
119541  119861  20.00   104.79
119544  119585  14.29   62.39
119569  119295  3.00    149.28
119573  118889  12.60   106.34
119573  119507  13.67   82.52
119581  120052  4.40    69.28
119585  119949  14.70   114.62
119585  119114  0.00    110.04
119606  118876  5.33    110.89
119628  119912  3.00    69.96
119628  120264  10.75   114.42
119633  119537  8.67    106.98
119633  120108  15.00   75.16
119642  119299  12.20   81.00
119642  120033  5.50    69.62
119665  119178  0.00    112.11
119685  118806  0.00    133.33
119690  120023  10.00   62.03
119695  119869  0.00    26.68
119701  119027  2.20    94.14
119702  119716  0.00    13.81
119702  119185  8.67    69.50
119716  118923  10.00   112.38
119742  119442  5.17    85.53
119742  119258  2.33    70.19
119758  118964  6.73    134.90
119758  119912  8.86    101.27
119773  120309  10.00   78.48
119777  120730  9.71    136.28
119777  120137  0.00    54.76
119780  119488  8.50    117.15
119780  119352  0.00    60.95
119782  119758  11.50   7.25
119782  119343  20.00   75.12
119794  119483  4.17    85.36
119803  119915  3.00    58.59
119803  119488  5.50    70.50
119841  119421  11.50   72.13
119841  119504  3.00    79.32
119844  119877  0.00    26.71
119861  119531  10.00   52.21
119869  119979  2.00    14.81
119877  119943  10.00   47.56
119879  120325  6.67    115.19
119912  120212  8.67    55.26
119915  120138  6.10    98.25
119915  120145  15.25   55.95
119943  119359  0.00    83.05
119949  120257  11.00   45.29
119949  120383  6.43    108.94
119955  119642  14.00   79.36
119957  119794  3.00    45.53
119957  120429  4.25    77.19
119988  119501  15.00   73.56
119988  119742  4.75    72.34
120007  119742  7.25    42.16
120007  120425  2.85    80.38
120016  120678  3.00    116.85
120023  120827  20.86   144.09
120023  119782  11.50   71.14
120028  119861  0.00    29.27
120028  119869  6.50    109.88
120033  119794  9.20    67.12
120042  120690  1.00    93.15
120052  120579  6.00    75.74
120052  119957  9.40    98.33
120062  119780  9.54    132.58
120062  120353  3.00    75.57
120083  119248  2.60    120.23
120083  119685  0.00    126.69
120105  119569  0.00    137.40
120105  120325  0.00    84.15
120106  120848  4.17    103.89
120108  120105  0.00    83.59
120118  120383  3.00    40.23
120118  119665  4.67    112.21
120121  120853  6.95    102.07
120132  119316  2.88    116.35
120132  120141  2.33    72.35
120134  120118  0.00    4.72
120137  120565  11.20   60.63
120137  120132  18.57   61.96
120138  120353  1.00    86.97
120138  119780  0.00    57.60
120141  119573  8.80    83.20
120144  120028  10.00   51.73
120144  120819  5.71    97.12
120145  120361  2.00    85.38
120146  120157  8.00    63.01
120146  119436  7.45    102.54
120157  119466  10.50   99.97
120157  120180  3.00    56.54
120180  120888  10.00   96.43
120180  120204  10.00   61.89
120201  121238  2.71    139.81
120204  120216  9.20    55.09
120204  119530  8.86    98.75
120207  119988  3.00    71.14
120208  120213  2.88    63.21
120208  120560  15.00   50.72
120212  120544  10.45   62.25
120212  120512  4.88    69.42
120213  120328  2.67    73.27
120213  120796  7.80    79.69
120216  119544  11.00   99.53
120216  120232  37.67   65.99
120230  119431  5.40    114.70
120232  120257  10.00   102.51
120232  119585  9.11    94.32
120243  120108  5.50    87.38
120243  119877  0.00    53.31
120245  119716  7.73    79.36
120246  120023  3.00    71.54
120246  119934  2.33    56.67
120257  120977  11.00   99.02
120263  119841  14.33   74.28
120263  119955  3.00    79.36
120264  120758  3.00    87.28
120264  119947  3.00    72.21
120283  120245  3.00    13.53
120283  120134  0.00    68.71
120283  119702  0.00    86.13
120284  119943  50.00   49.18
120284  120243  1.00    46.92
120293  120230  15.00   83.63
120309  120284  1.00    28.56
120325  120700  2.33    77.41
120328  120761  4.50    57.89
120328  120379  8.26    50.36
120334  119701  3.00    94.12
120334  120309  1.00    41.84
120343  120033  8.86    79.92
120353  120665  5.60    132.69
120353  120572  4.40    67.06
120355  120293  11.90   83.64
120355  120141  6.00    31.44
120361  120572  9.80    85.35
120365  119606  5.33    111.50
120365  120334  0.00    42.22
120366  120144  5.33    104.73
120366  120230  13.20   20.12
120370  119794  5.57    115.65
120372  120245  0.00    18.63
120379  120492  5.23    148.44
120379  120742  0.00    49.00
120383  120486  6.50    15.57
120412  119841  10.25   147.34
120412  120885  0.00    75.74
120425  120911  0.00    81.47
120425  119988  11.50   71.78
120426  120207  20.00   68.77
120429  120964  6.71    89.94
120429  120576  2.00    118.70
120455  120246  8.60    70.11
120455  120007  3.00    79.74
120479  120208  8.33    96.38
120486  120995  5.95    68.02
120492  120979  9.63    66.28
120492  121173  4.88    116.87
120512  120827  2.60    67.25
120512  119782  11.50   134.97
120541  120355  8.67    27.30
120544  120264  14.33   65.76
120544  120849  0.00    47.71
120556  120486  8.50    80.37
120556  120283  8.50    39.61
120560  121066  5.83    64.73
120560  121109  11.50   81.84
120565  121018  13.38   58.85
120565  120541  10.00   148.60
120568  120386  8.67    81.49
120572  120790  3.00    60.03
120576  120579  3.00    4.75
120665  121008  0.00    99.28
120665  120819  2.33    58.39
120669  120343  11.50   79.92
120669  120263  12.67   69.62
120678  120426  8.50    68.98
120690  120678  3.00    2.35
120690  121296  7.17    84.33
120694  120246  10.00   78.78
120700  121224  5.43    77.77
120700  120412  2.33    66.94
120730  121711  16.60   135.89
120742  121385  0.00    84.87
120742  120761  0.00    54.11
120747  120512  0.00    37.74
120755  121275  7.04    76.11
120758  121275  5.13    87.28
120761  121483  6.42    98.32
120786  120579  9.83    26.05
120786  120848  10.71   68.19
120790  120568  20.00   81.55
120796  121399  3.00    79.70
120819  121143  7.61    123.82
120819  121491  16.67   95.16
120827  121176  7.88    71.22
120827  121043  11.50   36.21
120835  121554  7.10    121.30
120835  120455  20.00   69.72
120848  120853  9.38    65.87
120848  121576  9.00    98.48
120849  121308  9.00    75.70
120849  121283  10.00   62.70
120853  120878  10.00   60.37
120853  121876  11.17   146.48
120874  120157  0.00    98.75
120874  120888  6.40    59.22
120878  120874  6.60    64.52
120878  120146  6.77    100.92
120885  121337  5.33    69.77
120885  120263  6.89    147.18
120888  120918  13.83   60.89
120888  121315  3.00    55.09
120906  120365  3.00    121.13
120911  121400  6.50    81.09
120911  120207  0.00    104.44
120918  120204  0.00    98.32
120918  120922  11.00   27.12
120922  120933  0.00    27.05
120933  120216  7.20    98.76
120933  120952  6.50    64.10
120952  120232  6.44    99.77
120952  120977  8.91    101.05
120964  121416  8.67    81.06
120970  120455  4.75    87.85
120977  121665  9.00    94.27
120977  120995  8.81    95.65
120979  121490  3.00    70.88
120984  120885  3.00    22.46
120984  121430  3.00    69.75
120994  120370  3.00    115.43
120994  120669  0.00    51.69
120995  121006  11.00   92.81
120995  121395  7.60    52.37
121006  120556  9.08    57.86
121018  121802  15.24   114.19
121025  121018  3.00    40.19
121035  120541  2.17    64.78
121035  121039  11.50   31.09
121039  121025  6.75    88.04
121039  121918  10.50   136.32
121054  121035  0.00    83.48
121062  120479  4.00    99.48
121066  121917  3.00    136.24
121071  120366  6.67    93.88
121071  121054  10.90   83.48
121106  120576  9.09    93.58
121106  121567  15.00   85.83
121106  120964  7.33    108.73
121109  121614  3.00    81.92
121112  120372  9.50    96.85
121143  121071  4.71    8.85
121165  120790  6.75    139.40
121173  121963  6.28    140.33
121176  120694  0.00    78.78
121176  121494  10.50   70.52
121187  120083  2.94    149.92
121189  120786  0.00    52.88
121189  121106  0.00    56.47
121224  120984  6.56    48.33
121224  121629  3.00    65.90
121238  122144  5.56    139.73
121266  120878  9.80    50.00
121275  121751  10.62   77.52
121275  121546  0.00    78.12
121296  121813  4.57    84.33
121299  121266  13.25   63.62
121302  121470  6.88    76.82
121302  121035  6.75    32.81
121308  121884  10.00   97.37
121308  121751  3.00    82.16
121315  121880  10.50   85.62
121315  121299  3.00    60.75
121330  121315  7.67    58.16
121337  121830  10.83   83.44
121337  120669  10.25   149.52
121345  120922  6.50    53.40
121345  121330  10.25   32.61
121356  121345  7.00    29.34
121363  120952  8.60    52.42
121363  121356  0.00    58.62
121385  121421  0.00    5.85
121389  120979  7.25    64.31
121389  121173  3.00    60.31
121395  121413  9.20    110.63
121395  121710  5.00    45.83
121399  121066  20.00   80.67
121399  122230  8.67    148.95
121400  121813  2.67    79.46
121400  120426  4.00    137.86
121413  121006  11.20   54.87
121416  121819  4.78    85.27
121416  120994  6.50    75.63
121421  121524  6.20    112.09
121430  121337  0.00    23.87
121440  120994  5.83    81.63
121441  121142  6.45    42.05
121441  121498  0.00    58.39
121470  121995  12.20   81.22
121475  121385  0.00    113.01
121483  122018  8.33    97.20
121483  121399  11.00   67.54
121490  121475  0.00    13.60
121491  122072  10.00   94.72
121491  121165  6.14    139.32
121494  120970  11.50   87.86
121494  121620  0.00    26.01
121498  122296  3.11    125.52
121498  121586  3.00    44.45
121524  121544  3.00    13.83
121537  121426  0.00    79.36
121544  121490  18.00   6.55
121546  121967  9.33    76.32
121554  121894  7.78    121.81
121567  121416  6.42    106.93
121567  121574  0.00    3.94
121567  121941  12.43   81.25
121574  121681  14.33   101.57
121576  122186  3.50    98.45
121586  121654  6.40    31.38
121601  121176  2.33    76.33
121604  121441  3.00    23.23
121604  121520  0.00    69.64
121610  120835  8.07    139.17
121614  121062  2.33    103.27
121620  121755  3.00    22.15
121620  121554  3.00    64.46
121621  121062  2.20    89.06
121622  121665  8.44    98.48
121622  121363  13.33   38.44
121629  122103  1.50    87.68
121629  121430  3.00    51.96
121654  121707  0.00    25.75
121654  122194  0.00    144.23
121665  121716  1.67    7.56
121681  121189  8.67    70.81
121694  122516  5.42    125.74
121694  121755  3.00    51.10
121707  121962  7.67    131.61
121707  121392  3.00    78.23
121709  121494  1.00    37.79
121709  121620  3.00    40.47
121710  121741  27.17   5.33
121711  122448  12.76   118.05
121716  122506  11.22   122.88
121716  121741  6.80    97.44
121721  120906  2.00    124.54
121724  121710  7.25    131.26
121724  121413  20.00   47.61
121741  122000  10.50   43.76
121751  122198  9.50    80.22
121755  121790  0.00    18.87
121759  121112  9.06    96.35
121771  122503  12.14   110.94
121771  121694  9.00    67.46
121790  121901  14.33   39.81
121790  121709  0.00    24.33
121802  122550  10.29   114.33
121811  121143  3.89    97.17
121811  121491  6.62    144.34
121813  122274  0.00    94.26
121819  121941  11.50   110.85
121819  122209  3.00    86.79
121830  121440  7.33    81.63
121830  122271  12.60   77.89
121845  121302  7.75    82.58
121871  121544  20.00   56.26
121871  122003  2.00    25.28
121876  122874  7.44    146.60
121880  122435  11.29   85.63
121887  121330  8.33    83.91
121894  122242  20.00   121.77
121901  122025  4.17    54.13
121902  121850  0.00    70.49
121902  121604  3.00    47.34
121904  122401  9.40    85.52
121910  121356  13.33   84.56
121917  121614  8.67    63.91
121918  121025  12.75   135.55
121918  122536  8.86    91.90
121941  121996  0.00    50.55
121941  122345  4.40    85.27
121962  121537  0.00    83.07
121962  122072  1.67    52.02
121963  122293  6.33    99.23
121965  121995  7.25    134.29
121965  121811  3.00    27.90
121967  122427  5.00    76.34
121984  121771  2.33    57.84
121995  122400  3.00    59.81
121996  122122  11.00   101.59
121996  121574  9.88    68.51
121998  122019  6.50    34.54
121998  121963  2.73    40.30
121998  122416  6.92    61.30
122000  122323  2.20    49.22
122003  122738  7.25    118.99
122006  121299  5.40    110.66
122013  121601  9.00    77.29
122013  121709  5.70    110.67
122017  122000  3.00    77.20
122018  122471  4.10    95.81
122019  121389  9.08    110.78
122019  122056  9.00    82.56
122023  121724  0.00    51.67
122023  122017  0.00    77.20
122025  122184  0.00    25.21
122025  122349  10.00   86.50
122056  121871  10.50   29.41
122056  122003  0.00    17.46
122056  122491  1.00    64.10
122072  122225  1.00    76.13
122103  122670  0.00    89.62
122104  121266  8.50    129.74
122107  122103  0.00    19.80
122107  121621  5.98    89.09
122122  122186  6.40    68.83
122122  121681  1.00    71.43
122126  122544  0.00    85.95
122144  122293  3.59    21.63
122144  121721  4.20    120.24
122166  122144  3.94    12.28
122166  121187  4.75    149.92
122186  122346  0.00    26.99
122186  122369  7.67    26.37
122194  122480  8.08    131.72
122198  122723  8.62    80.22
122200  123157  3.00    134.01
122200  121984  0.00    58.98
122209  122271  3.00    10.79
122209  122345  10.25   112.37
122224  122297  0.00    42.35
122224  122126  3.00    82.88
122225  122406  6.55    97.94
122225  121965  6.78    94.39
122230  121917  8.13    65.92
122242  122338  0.00    20.20
122242  122292  0.00    27.61
122271  122670  6.67    74.96
122274  122166  3.36    85.13
122281  121586  7.79    110.64
122289  121902  5.60    61.15
122292  122303  8.67    11.89
122293  122841  2.61    77.78
122293  122311  0.00    11.70
122296  122289  7.25    54.18
122296  122944  10.29   92.89
122303  121610  6.88    139.45
122303  122274  1.00    80.03
122310  122200  1.00    50.84
122311  122166  7.56    20.84
122311  122413  7.40    127.89
122323  122525  10.00   28.15
122332  122229  8.33    73.10
122332  122289  3.00    7.84
122337  122023  3.00    49.20
122337  122340  0.00    88.08
122338  122310  0.00    18.03
122340  122323  12.33   88.09
122345  122870  10.00   73.92
122345  122476  6.50    98.24
122346  122874  10.57   80.93
122346  122369  0.00    17.55
122349  122988  6.93    89.39
122349  122535  0.00    65.23
122369  123218  9.73    117.34
122373  122466  0.00    22.37
122373  121845  5.80    82.40
122389  122013  6.20    109.52
122391  122292  0.00    18.34
122391  122338  0.00    28.67
122393  122391  0.00    1.71
122400  122614  0.00    27.77
122401  122383  5.33    60.64
122401  122936  11.50   83.52
122406  122400  7.63    125.54
122406  122835  0.00    59.24
122413  123105  5.63    95.01
122413  122393  0.00    47.43
122416  122491  9.20    116.97
122416  122920  6.56    70.97
122427  122430  7.57    81.56
122427  122951  11.00   83.48
122430  123215  12.00   120.69
122430  122401  9.20    80.71
122434  122443  0.00    13.81
122434  121887  8.23    83.94
122435  122653  11.17   29.49
122435  122434  8.25    64.26
122443  122824  11.20   52.15
122443  122461  0.00    44.37
122448  123319  3.00    118.53
122461  122482  11.20   59.62
122461  121910  3.00    84.57
122466  122560  0.00    19.09
122466  122513  0.00    8.95
122471  122800  6.75    78.48
122471  122230  7.36    44.36
122476  121996  8.00    71.46
122476  122602  3.00    102.25
122478  121759  0.00    112.41
122480  122225  3.00    82.16
122482  121622  10.12   132.07
122482  122506  0.00    94.65
122491  122974  0.00    68.95
122503  123326  6.86    110.94
122506  122525  11.64   98.22
122506  123293  7.00    107.78
122513  122547  6.42    4.95
122513  122373  3.00    23.70
122516  123134  13.67   85.11
122524  122281  8.57    109.80
122524  122194  1.00    50.23
122525  122689  11.50   20.90
122535  122844  0.00    99.58
122536  122550  15.00   23.49
122547  122536  5.40    84.92
122550  122969  0.00    59.30
122555  122556  1.00    64.60
122555  121901  6.77    97.69
122556  123250  11.50   95.56
122560  122513  0.00    21.56
122574  123343  5.71    109.06
122574  122524  3.00    18.89
122596  122653  0.00    22.69
122596  122435  0.00    36.21
122600  121984  4.00    88.50
122602  122122  11.50   67.61
122614  122871  15.00   37.59
122614  122560  0.00    29.54
122653  122802  5.50    22.47
122670  122784  1.00    79.06
122674  122480  3.00    86.07
122689  123024  9.00    49.32
122693  123332  0.00    89.02
122695  122689  10.75   93.11
122698  123146  9.82    94.14
122722  122695  3.00    93.12
122722  122337  3.00    50.31
122723  122389  1.67    108.72
122734  123193  0.00    68.10
122734  122574  5.14    63.20
122760  122107  3.29    104.20
122760  122670  4.11    18.37
122782  122596  6.00    44.31
122782  122006  0.00    110.70
122784  122870  0.00    78.92
122800  122868  20.00   86.64
122800  123399  9.55    88.15
122802  123281  6.50    65.64
122802  122824  8.89    88.66
122811  122480  11.50   56.87
122811  122734  0.00    36.69
122824  123286  0.00    62.26
122824  122846  7.20    99.82
122831  122944  6.50    51.58
122831  122332  10.33   69.03
122835  123208  1.00    50.10
122835  122674  0.00    86.02
122841  123820  2.19    128.74
122841  122885  5.11    60.90
122844  123114  10.00   72.70
122846  122482  7.67    51.35
122856  122835  20.00   20.38
122860  123155  10.00   41.71
122868  122224  10.00   90.30
122868  122919  1.00    76.96
122870  122987  2.75    102.38
122871  123206  24.33   44.43
122874  123266  7.00    53.39
122882  122760  6.82    85.15
122885  123882  4.89    130.20
122885  122920  5.00    59.89
122919  122964  0.00    76.95
122920  123930  7.57    132.97
122920  122949  21.50   58.28
122936  123148  0.00    32.58
122944  123805  10.00   113.30
122944  123062  10.50   45.34
122949  122974  7.57    59.50
122951  122723  9.57    75.56
122951  123114  1.50    21.61
122958  123105  11.50   49.11
122958  122393  7.80    79.82
122964  122760  0.00    43.32
122968  122811  10.00   76.13
122969  123377  12.71   53.44
122974  123023  8.17    60.03
122974  123956  16.00   127.65
122979  123817  6.63    107.95
122979  122882  7.14    84.99
122983  122383  2.33    122.45
122983  122936  0.00    11.76
122987  122476  6.33    72.96
122987  123125  1.80    102.14
122988  123688  6.70    89.39
123023  123358  3.00    101.07
123024  123280  8.20    33.57
123024  123034  10.25   96.06
123025  122104  5.83    129.76
123025  123124  10.62   14.33
123034  123053  20.00   96.06
123053  122722  0.00    47.65
123062  123177  3.00    52.92
123062  122281  3.00    110.48
123091  122535  6.50    76.12
123092  122310  9.00    107.36
123092  122958  0.00    50.24
123094  122547  10.50   75.10
123103  124112  5.60    134.88
123103  122979  5.18    81.49
123105  123240  0.00    44.70
123105  123980  6.50    130.13
123114  123325  6.78    63.24
123114  123697  3.25    74.95
123124  123271  0.00    19.38
123124  122782  7.62    80.34
123125  122602  11.50   74.72
123125  123218  6.50    69.56
123129  123134  0.00    54.27
123129  122516  6.86    137.27
123132  123129  14.33   50.05
123132  122555  2.33    80.01
123134  124069  9.54    122.47
123141  122968  5.33    76.13
123141  123596  31.00   56.31
123146  123666  7.75    94.14
123148  122983  13.33   31.63
123148  123500  4.56    46.71
123155  122969  1.00    70.00
123155  123601  10.00   53.49
123157  123092  0.00    49.33
123157  124283  5.83    146.83
123162  122953  40.00   30.38
123162  123387  6.00    98.36
123177  123343  8.50    62.80
123193  123180  0.00    4.92
123203  123103  5.40    77.74
123206  123876  3.00    86.51
123206  123208  11.89   139.78
123208  123141  9.00    44.27
123208  123613  12.44   51.06
123215  122951  6.40    72.65
123218  123266  10.50   64.08
123239  123157  0.00    44.10
123239  122600  3.00    88.50
123240  123384  1.00    60.62
123244  123193  0.00    7.82
123250  123249  0.00    23.69
123251  123250  3.00    26.87
123258  123203  8.00    49.03
123258  123985  7.64    94.79
123266  123270  2.14    62.85
123270  123025  7.33    32.47
123270  123271  0.00    16.48
123271  123281  3.00    98.64
123271  123420  0.00    18.35
123273  123596  0.00    126.96
123280  123453  10.00   18.59
123280  123296  20.00   83.57
123281  123286  4.67    96.96
123286  123291  9.25    91.87
123291  122846  8.50    59.67
123291  123293  10.00   94.91
123293  123280  4.00    99.35
123296  123298  8.36    104.09
123298  123053  0.00    33.15
123298  123302  2.60    13.93
123299  123394  7.67    113.49
123302  123306  0.00    8.70
123302  122478  0.00    112.87
123306  123316  3.00    30.10
123316  123319  13.82   6.75
123319  123484  0.00    18.35
123319  123324  0.00    6.82
123324  123377  3.00    16.98
123325  124090  8.67    101.82
123325  123537  4.25    52.99
123326  123239  10.00   49.19
123326  124445  11.00   148.74
123332  123485  0.00    49.94
123343  123963  5.33    85.57
123343  123531  4.00    64.96
123353  123258  5.39    64.13
123358  123521  11.50   26.18
123358  123743  3.00    97.15
123377  123528  20.00   18.05
123377  123529  8.30    46.99
123384  123409  0.00    13.99
123387  122818  7.94    83.24
123394  123017  7.00    67.38
123399  123815  10.00   60.14
123399  123547  2.00    61.63
123409  122311  4.41    149.18
123418  123353  2.11    127.26
123418  123270  0.00    17.56
123419  123418  0.00    15.93
123419  123270  0.00    21.91
123420  123419  0.00    9.22
123424  124043  7.75    84.55
123424  123420  6.50    38.56
123431  123424  4.10    50.19
123434  123431  5.84    67.13
123437  123434  6.25    63.05
123437  124056  26.00   84.93
123439  124084  8.25    89.63
123439  123437  5.36    59.27
123443  123439  2.43    63.72
123443  124381  6.50    130.12
123445  123443  4.11    60.20
123450  123453  8.77    101.21
123452  123770  8.80    45.35
123452  123445  6.00    63.28
123453  123452  10.57   9.05
123456  123450  7.57    56.16
123456  123296  3.00    82.02
123457  123456  0.00    1.35
123463  123457  4.67    22.28
123463  123298  2.00    19.61
123468  123302  0.00    18.68
123468  123463  3.00    16.44
123470  123468  0.00    7.69
123480  123470  2.00    29.91
123482  123961  0.00    86.15
123484  123480  3.00    7.41
123484  124264  30.00   123.45
123485  122831  11.50   83.80
123488  123484  20.00   7.56
123500  123215  3.00    68.77
123521  123935  0.00    96.95
123521  123808  3.00    46.36
123528  123488  6.48    18.26
123528  123833  14.30   51.13
123529  123646  9.20    17.56
123529  123601  9.80    27.81
123531  123610  13.25   33.95
123536  123399  3.30    140.42
123536  122964  8.37    92.40
123537  123671  3.00    45.14
123547  123162  11.50   50.89
123547  123654  7.71    66.08
123596  124014  8.10    56.95
123598  123536  19.00   54.47
123601  123703  11.00   39.87
123610  123799  6.88    86.98
123610  122811  3.00    109.50
123611  123457  0.00    25.67
123611  123463  0.00    22.95
123613  123843  0.00    30.94
123622  123613  0.00    82.83
123646  123528  5.03    47.07
123646  124235  7.38    80.25
123647  123598  0.00    50.98
123647  124680  6.00    139.74
123654  123387  12.44   81.53
123659  123732  3.00    87.78
123666  123500  0.00    55.03
123668  123094  10.25   75.03
123671  123825  3.00    45.55
123671  124717  8.00    140.34
123672  123680  10.00   29.80
123678  123091  15.25   76.12
123678  123688  3.00    59.36
123685  122844  6.50    109.73
123688  123672  8.67    58.17
123688  124315  14.33   84.02
123697  123685  11.00   64.89
123697  124146  5.00    61.81
123703  123876  2.57    57.10
123703  123668  7.00    5.67
123726  123647  3.00    69.91
123732  123801  5.50    87.76
123743  123023  11.00   94.75
123743  123956  0.00    71.04
123769  123450  50.00   51.96
123770  124808  9.00    140.61
123770  123769  0.00    89.39
123784  123384  0.00    75.19
123794  123353  11.50   59.17
123794  123905  10.00   64.60
123799  124014  20.00   87.00
123801  123394  9.83    78.42
123801  123666  8.67    77.25
123805  124640  8.67    113.27
123808  124390  25.20   81.99
123815  124812  9.50    141.10
123817  124862  7.10    140.33
123817  123726  3.00    70.42
123820  124357  4.50    73.17
123825  123928  2.00    47.84
123826  123646  7.24    63.50
123826  123703  8.25    17.46
123833  124322  9.83    79.06
123836  124051  10.00   30.53
123843  123836  4.00    87.04
123843  124033  0.00    47.57
123862  123062  0.00    104.67
123876  124051  7.40    64.99
123882  123820  8.40    61.23
123882  124968  4.25    148.32
123887  123791  4.00    83.90
123905  124805  9.31    123.40
123924  123815  10.00   47.76
123924  124903  15.75   131.17
123928  124776  6.71    114.48
123928  123942  15.38   46.19
123929  123808  0.00    36.97
123930  123882  7.87    58.92
123930  125024  8.53    148.93
123931  123203  13.25   95.80
123942  123887  11.50   69.58
123956  123976  9.80    2.76
123961  124114  0.00    83.78
123963  124567  4.67    85.48
123976  124037  3.75    9.09
123980  122958  11.00   132.75
123985  124690  4.40    94.78
123986  123930  20.00   59.26
123986  122949  6.00    135.94
124009  123826  6.29    63.58
124009  124990  11.36   133.71
124014  124380  0.00    51.02
124020  123434  10.00   79.64
124037  124977  3.00    128.23
124037  123986  5.00    57.40
124043  124673  2.00    84.55
124051  124261  10.00   75.97
124056  124681  6.50    84.91
124062  123485  10.00   82.52
124069  124558  1.00    64.95
124069  124142  0.00    54.00
124084  124758  6.20    89.62
124090  124871  3.00    101.82
124095  123654  3.83    62.28
124095  123924  3.00    88.46
124112  125097  8.88    134.91
124116  123418  8.29    95.20
124117  123536  2.50    81.84
124131  123929  6.40    43.76
124135  123685  2.00    61.70
124142  124192  0.00    53.69
124142  123129  3.00    133.49
124146  124802  12.89   86.45
124146  124135  0.00    64.61
124151  123980  11.50   33.71
124151  124165  0.00    4.86
124158  123468  0.00    112.62
124165  124213  0.00    21.80
124168  124617  3.00    62.11
124168  124151  11.50   14.17
124183  124009  3.42    64.41
124192  123132  20.00   138.85
124209  123092  0.00    146.89
124209  124168  0.00    17.86
124213  124242  10.30   37.43
124218  123531  0.00    126.71
124222  123791  4.40    57.39
124235  124839  9.13    80.25
124239  123611  8.34    101.89
124242  123784  2.71    76.24
124242  124282  6.50    35.63
124249  123177  10.00   149.83
124253  123672  0.00    78.63
124260  123537  9.83    100.07
124261  124380  8.67    75.45
124264  125007  11.38   122.43
124282  124339  6.36    60.40
124283  124209  10.40   47.66
124315  124949  0.00    84.02
124322  124796  7.43    78.61
124333  123769  11.00   87.56
124337  124131  8.67    39.57
124337  125172  3.00    118.28
124339  123409  3.90    126.12
124339  124357  0.00    11.29
124357  124932  5.38    75.63
124360  123678  11.00   92.17
124361  124283  5.14    48.48
124361  123239  5.33    148.27
124363  125141  10.00   104.81
124363  124183  6.20    65.22
124365  124222  20.00   76.30
124380  124444  1.00    101.50
124381  125297  38.83   130.16
124389  124361  5.50    16.60
124389  124823  2.00    59.22
124390  124984  8.67    82.06
124419  123445  8.50    134.57
124444  124503  3.00    101.49
124445  124389  4.00    31.09
124478  125371  11.00   132.20
124478  124445  5.33    18.53
124481  124482  10.00   13.68
124481  123825  3.00    89.10
124491  123929  3.50    78.40
124498  124363  5.00    61.71
124503  124551  6.22    73.36
124503  123610  9.63    127.96
124507  123431  7.00    147.82
124521  124891  3.70    47.53
124521  124498  3.60    38.04
124532  124337  20.00   39.25
124532  125222  5.80    101.09
124551  124567  4.75    32.30
124558  125485  11.00   138.85
124558  124478  2.00    46.47
124567  124622  5.00    98.09
124569  124507  3.00    7.63
124592  124521  5.33    119.43
124592  124914  4.00    82.15
124605  124507  11.20   68.93
124605  124020  12.60   79.56
124617  125087  10.75   66.17
124622  124640  6.50    41.04
124622  123862  3.00    104.66
124640  124677  3.00    57.87
124642  123931  7.25    95.81
124647  124481  0.00    21.31
124648  125612  6.10    147.19
124648  124558  5.25    50.08
124653  123794  8.85    115.32
124653  124739  0.00    12.00
124659  123598  7.71    145.00
124673  124569  3.00    51.63
124677  124062  17.67   82.52
124677  124753  7.00    108.32
124680  124659  0.00    12.79
124680  124939  0.00    34.61
124681  124605  0.00    57.97
124690  124642  0.00    49.75
124690  125586  3.00    132.47
124697  124592  5.36    144.62
124697  124551  0.00    20.04
124709  124135  20.00   75.37
124717  124719  0.00    6.28
124717  124741  0.00    2.88
124728  124117  5.13    81.93
124728  124659  0.00    74.33
124730  124648  8.29    49.20
124731  124697  13.61   65.35
124739  125628  3.00    131.18
124739  124690  9.00    60.47
124742  123833  7.90    123.85
124742  124839  4.88    60.23
124744  124730  3.83    8.78
124744  124192  1.00    73.73
124748  124739  14.00   10.07
124758  124681  8.00    61.85
124758  125235  9.38    70.48
124763  124680  7.25    71.31
124763  123726  13.25   138.79
124776  125350  2.00    88.15
124776  124813  0.00    48.80
124790  124222  6.50    76.03
124790  125057  10.60   134.22
124795  124731  2.73    123.45
124795  125177  8.86    54.44
124796  125652  9.47    136.79
124797  123887  6.50    123.12
124802  125385  10.00   86.42
124805  124748  8.85    51.29
124808  124913  11.50   28.11
124808  125288  14.60   71.47
124812  124728  6.50    73.91
124812  125348  18.67   80.23
124813  123942  9.00    117.13
124823  125254  6.75    65.74
124823  124617  20.00   94.85
124827  124744  6.38    46.80
124827  125392  6.88    89.34
124828  124116  8.67    95.20
124828  124673  15.00   71.38
124839  124969  0.00    18.66
124839  124929  9.20    61.22
124840  124795  3.60    58.88
124845  124796  7.80    26.05
124845  125765  5.93    137.36
124852  124827  3.00    15.16
124852  124253  5.33    78.63
124857  124797  0.00    7.63
124857  124790  13.33   88.74
124862  124763  0.00    69.43
124862  125517  7.00    100.02
124867  124813  0.00    5.85
124867  124797  3.00    70.81
124870  124158  0.00    112.14
124871  125533  11.50   101.82
124888  124239  1.00    101.72
124890  124840  3.00    61.31
124891  125091  20.00   31.22
124903  125419  6.67    80.20
124903  124812  0.00    69.62
124907  124828  0.00    9.78
124907  124805  9.50    61.69
124913  124333  11.20   87.52
124914  124891  8.00    78.90
124915  124339  7.18    75.76
124917  125780  10.25   145.18
124918  124845  6.00    61.37
124918  125812  8.67    134.59
124928  125483  8.38    89.24
124928  124852  5.43    40.83
124929  123826  6.76    147.15
124929  124990  21.17   59.44
124932  125921  10.57   149.70
124932  124915  7.44    12.12
124939  124659  10.00   37.40
124949  124928  7.00    16.31
124968  125480  8.00    78.04
124968  124932  8.60    60.18
124969  124918  9.20    62.04
124969  125856  7.92    132.35
124972  124903  3.00    82.08
124972  124095  8.42    118.86
124977  125129  0.00    30.96
124977  124532  0.00    88.13
124984  125633  0.00    101.53
124984  125054  0.00    37.91
124990  125058  4.25    63.87
124990  125125  0.00    18.54
124999  124949  2.43    37.98
125002  124260  8.67    100.07
125007  125762  3.00    117.37
125020  124907  8.67    109.69
125020  124569  7.00    62.76
125024  124968  6.22    58.02
125024  125838  7.42    124.49
125037  124929  0.00    17.40
125037  124969  6.00    60.57
125047  124360  0.00    92.17
125047  124999  8.60    24.90
125054  124491  5.33    78.40
125054  125112  6.50    35.95
125058  124183  8.70    118.13
125058  125141  15.00   60.74
125066  125024  5.50    60.42
125066  123986  9.22    147.62
125083  125087  0.00    2.47
125086  125083  7.33    14.00
125087  125254  10.00   71.07
125087  125933  0.00    132.65
125088  125086  0.00    1.39
125091  125231  10.00   20.72
125097  126010  7.29    134.94
125100  124605  0.00    70.21
125100  125020  7.83    70.67
125112  125172  2.33    34.94
125112  124131  5.50    137.08
125114  125801  10.22   108.06
125114  125047  2.00    35.85
125125  125037  10.00   60.24
125125  125965  6.67    125.71
125129  125623  3.86    113.15
125129  125066  2.60    54.01
125141  125265  3.00    20.80
125141  125154  0.00    61.32
125154  124498  3.00    89.06
125154  125091  8.60    37.39
125155  124857  11.50   42.45
125155  125323  3.71    103.43
125164  125088  7.30    39.38
125164  124242  3.00    134.94
125172  125222  0.00    35.67
125172  125727  11.00   87.99
125177  125192  11.00   124.48
125177  125342  1.00    26.29
125192  125212  6.55    120.45
125192  124731  8.25    65.90
125199  125058  0.00    21.78
125199  125125  6.50    63.64
125202  124748  10.18   80.49
125212  125241  8.22    120.45
125222  125271  0.00    19.69
125231  125241  18.29   97.50
125231  125236  0.00    5.05
125233  124907  3.00    50.19
125233  125347  1.00    107.22
125235  125100  19.43   118.25
125235  125574  9.43    52.29
125236  125282  0.00    34.85
125236  125489  7.91    62.80
125240  124709  22.33   75.37
125240  125114  6.67    54.20
125241  125466  11.38   35.31
125254  125371  0.00    49.41
125254  125933  11.00   105.49
125265  126079  8.88    118.18
125265  125199  3.00    61.12
125266  124282  6.00    137.92
125266  125164  6.50    65.75
125271  125129  7.88    96.50
125271  125557  2.33    69.14
125278  124647  2.00    90.37
125282  125154  0.00    21.08
125282  125265  8.60    61.16
125283  124728  8.88    80.60
125288  125417  0.00    19.61
125288  124913  5.33    67.50
125297  125235  20.00   62.85
125306  124890  5.50    65.36
125317  124730  11.00   90.00
125323  125515  20.00   103.45
125327  124840  7.80    73.14
125347  125475  0.00    107.27
125348  125891  9.88    80.23
125350  125959  0.00    88.53
125362  124419  10.00   134.60
125362  125297  4.25    61.74
125369  125266  9.00    61.06
125369  124915  7.00    69.84
125371  125485  3.00    48.52
125371  126284  10.00   139.52
125373  124642  3.00    106.42
125385  125240  3.60    66.27
125392  125989  5.14    89.34
125412  126165  4.25    113.51
125417  126115  5.14    115.86
125417  125362  10.00   63.58
125418  125592  2.00    124.51
125419  125966  3.00    80.20
125466  125681  6.50    32.61
125468  124867  7.43    91.37
125475  125832  0.00    51.83
125480  126034  0.00    78.06
125483  126082  3.00    89.24
125485  125612  8.00    47.64
125485  126137  8.67    97.02
125488  124972  20.00   79.60
125489  125466  2.00    61.85
125515  125057  3.00    73.55
125517  126201  6.50    100.02
125518  125540  5.22    119.22
125525  125417  5.99    80.19
125525  124888  3.00    103.60
125533  125385  5.00    65.12
125540  125587  11.00   119.23
125545  126334  8.67    118.30
125545  125533  0.00    4.81
125557  126540  9.00    143.52
125557  125741  7.40    39.90
125568  124999  6.44    90.01
125574  125673  3.00    90.31
125574  125832  14.07   120.45
125585  124870  20.00   114.31
125587  125620  2.00    119.22
125592  125369  7.08    34.20
125612  126204  20.00   89.78
125612  125905  10.50   57.04
125617  125628  3.00    35.62
125619  125202  10.61   80.23
125619  125233  6.25    59.07
125620  125650  13.25   118.90
125620  125192  2.00    65.84
125623  125838  3.00    45.15
125623  125833  3.00    39.07
125628  125646  0.00    60.86
125642  125155  5.50    75.90
125646  125669  8.95    54.72
125650  125681  8.40    118.90
125652  126593  9.89    137.66
125664  125619  3.00    7.72
125667  125545  2.20    48.60
125667  125002  4.17    100.07
125669  125664  13.20   4.81
125673  126115  3.00    93.80
125681  126118  9.33    60.33
125686  125054  2.75    100.45
125701  125667  0.00    15.19
125701  126143  12.60   63.78
125724  124763  10.00   144.80
125724  125763  3.00    39.45
125734  125112  3.50    98.09
125741  125923  10.00   36.38
125762  126593  26.50   118.14
125763  125824  0.00    75.05
125763  124939  8.17    125.30
125765  126732  11.17   137.36
125780  125701  1.00    28.61
125801  125918  10.75   79.29
125801  126287  0.00    72.79
125812  126761  5.71    134.60
125824  125283  3.11    80.60
125824  125891  0.00    73.94
125829  125642  15.00   96.99
125830  126207  9.00    101.86
125832  125830  6.50    73.81
125833  125401  12.71   89.69
125833  126025  0.00    36.32
125838  126034  7.56    69.32
125856  126785  7.08    132.35
125862  125780  5.64    35.05
125885  125278  2.00    90.37
125885  125862  3.00    9.55
125888  126702  6.14    116.53
125891  126492  10.00   82.55
125891  125966  4.25    69.22
125893  125592  5.36    43.61
125905  125989  0.00    56.09
125905  125317  9.83    90.00
125906  125037  9.80    129.77
125915  125271  6.10    105.70
125918  126161  3.00    48.09
125921  125893  5.80    12.30
125921  126938  4.30    147.84
125923  126783  9.22    125.86
125923  126025  2.00    19.91
125933  126284  0.00    61.33
125959  125885  1.00    29.00
125965  126845  4.42    125.71
125966  126046  0.00    73.88
125966  126551  4.71    82.54
125976  125937  7.40    111.40
125989  126082  0.00    54.80
125989  126594  3.00    90.18
126009  125088  5.50    140.17
126010  126275  7.25    39.65
126012  125976  7.25    111.40
126022  125829  4.86    97.01
126022  125515  8.00    73.71
126025  126121  4.75    20.40
126026  125412  0.00    101.44
126026  125822  20.00   28.36
126033  127011  6.14    145.16
126033  125921  4.67    53.35
126034  126602  12.69   84.88
126034  126033  11.50   20.54
126039  125199  6.57    121.74
126042  125959  8.73    26.21
126046  125488  3.00    79.60
126048  125620  10.00   58.82
126048  126012  10.33   111.40
126079  126898  9.00    118.18
126082  126168  5.50    55.33
126082  126754  13.92   101.18
126084  126048  5.33    117.74
126096  125373  2.50    106.07
126096  126010  4.33    79.06
126102  125282  6.56    118.64
126111  126680  26.50   84.11
126112  126042  7.17    33.15
126112  125468  3.00    91.38
126115  126138  10.00   5.11
126118  126084  6.00    117.73
126118  126541  6.78    59.93
126121  126324  5.41    41.85
126122  126414  10.00   39.24
126137  126781  7.67    97.02
126138  126312  9.63    87.16
126138  126447  9.00    78.26
126139  126716  2.00    86.35
126143  126524  7.25    55.38
126149  127111  3.00    143.42
126150  125724  2.50    59.85
126150  126201  11.00   71.19
126161  126334  5.33    67.17
126161  125385  4.00    118.33
126165  126930  7.88    113.43
126167  126112  6.50    31.57
126167  125642  5.00    83.60
126168  125568  5.58    90.05
126168  126287  3.00    59.89
126201  126275  6.50    80.23
126201  126817  9.83    87.24
126204  126811  8.67    89.79
126207  126674  10.00   77.34
126207  125664  6.30    92.65
126211  125489  7.25    104.74
126255  126237  0.00    38.26
126255  126863  6.50    85.53
126275  126288  10.00   12.59
126284  126781  0.00    78.65
126286  125646  10.00   92.76
126286  126255  1.00    43.69
126287  126426  6.75    53.91
126287  126970  9.00    102.61
126288  126414  6.38    132.63
126288  126730  0.00    62.05
126312  126887  15.00   89.25
126313  126286  2.00    54.56
126313  125669  7.28    93.27
126324  126993  9.25    110.10
126324  127034  8.14    105.01
126334  126856  9.13    77.94
126334  126524  0.00    64.92
126349  125525  2.00    117.72
126377  125937  0.00    79.99
126377  126347  3.00    68.40
126392  126167  0.00    31.87
126393  125585  8.89    113.72
126405  125830  3.00    87.47
126415  125824  7.19    82.49
126426  126513  1.00    32.71
126426  127113  9.80    103.42
126438  126377  9.83    144.34
126447  126603  6.14    49.17
126452  126167  14.50   101.66
126489  126048  0.00    61.89
126489  126438  5.00    144.34
126492  127039  3.00    82.55
126513  126662  3.00    37.39
126513  125918  14.33   84.25
126517  126489  10.60   116.56
126524  127012  1.00    77.45
126540  127465  4.50    143.58
126541  126967  8.67    63.61
126541  126517  8.38    116.55
126551  127102  12.17   82.55
126565  126872  0.00    108.67
126565  125749  8.17    116.53
126593  126697  15.05   14.43
126594  127165  4.67    90.18
126596  126026  4.00    85.43
126598  125893  4.11    101.25
126602  127544  7.73    146.29
126603  126997  7.14    78.84
126603  126822  6.55    53.82
126608  126046  18.54   83.65
126615  126150  11.50   67.12
126615  125763  4.43    122.15
126624  125862  6.60    113.51
126624  126143  0.00    81.87
126625  126313  14.60   44.25
126636  126107  7.00    80.18
126642  125915  4.25    106.84
126655  125741  5.50    134.56
126662  126161  2.00    73.61
126662  126856  11.50   66.24
126674  126625  0.00    48.33
126674  127065  8.50    55.77
126675  126207  6.27    70.29
126675  126939  6.75    135.98
126677  126042  10.56   96.58
126680  127211  6.88    84.11
126689  126911  8.67    91.94
126697  127314  1.00    94.65
126702  127306  4.75    113.86
126713  126271  10.73   62.18
126713  126697  11.63   43.56
126714  126452  7.95    101.90
126714  126022  9.71    105.08
126716  127250  11.50   86.35
126720  126392  17.57   123.17
126730  126612  8.17    137.50
126732  126713  9.83    34.07
126732  127396  13.33   101.35
126743  126392  3.00    54.07
126754  127393  8.67    101.18
126761  126732  6.83    67.11
126761  127263  10.00   79.19
126781  126811  0.00    51.11
126783  127587  8.45    125.82
126785  127625  7.18    125.69
126785  126761  6.81    62.23
126792  125905  6.00    137.21
126800  126168  8.20    93.68
126803  126377  5.44    107.83
126811  126792  0.00    42.87
126813  125906  8.36    129.76
126813  126785  6.57    61.82
126817  127386  6.00    86.83
126817  126730  14.33   94.10
126817  126893  20.00   69.80
126822  127142  14.50   72.85
126825  126803  0.00    104.84
126840  126714  4.08    44.38
126845  126813  3.60    59.83
126845  127459  50.00   92.72
126856  127012  20.00   63.98
126856  127272  8.67    69.06
126863  126929  0.00    45.03
126871  126039  8.33    121.69
126871  126845  6.75    60.04
126872  126009  20.00   138.64
126872  126958  3.00    29.93
126874  126825  3.00    104.85
126874  126489  3.56    58.86
126887  127032  11.87   24.48
126887  127008  50.00   19.34
126893  126615  11.50   40.45
126893  126961  3.00    77.02
126898  127514  2.00    94.01
126898  126871  10.57   63.72
126899  126121  2.33    115.61
126911  127151  3.23    87.62
126911  126340  5.50    83.53
126916  126102  11.50   118.64
126916  126898  5.50    60.01
126929  126666  1.00    38.68
126929  126983  10.29   48.29
126930  126840  4.28    29.95
126938  127921  5.00    147.84
126939  126405  9.20    87.42
126945  126916  2.60    63.13
126945  126211  3.00    104.74
126958  127546  10.56   127.63
126961  126415  6.10    82.49
126961  127039  9.83    74.36
126967  127753  26.14   118.58
126967  126945  9.00    60.98
126970  127668  6.00    108.47
126970  127113  0.00    82.23
126982  126967  3.00    79.47
126982  127799  4.56    123.40
126983  127065  0.00    51.57
126983  126625  8.00    53.35
126993  127710  3.00    111.43
126997  127336  11.50   78.30
127007  127351  5.38    142.83
127008  127343  8.67    54.39
127008  127032  15.00   17.44
127011  127989  7.86    145.16
127012  127145  3.00    63.68
127032  127336  0.00    55.98
127032  126447  7.15    130.75
127034  127699  1.00    105.04
127037  126874  6.67    74.50
127037  126982  18.83   81.57
127039  127102  9.38    70.04
127039  127573  3.00    82.55
127053  127037  11.00   23.08
127063  126720  11.50   123.17
127063  126840  0.00    34.28
127065  127168  2.60    92.88
127077  126874  0.00    29.14
127077  127053  7.00    45.91
127093  126743  2.33    134.38
127099  126743  11.50   55.94
127102  127650  11.00   82.46
127102  127156  10.22   64.54
127111  127945  5.83    127.18
127113  127530  3.00    62.83
127113  127272  6.40    102.82
127114  126565  3.00    82.36
127118  127446  9.75    54.11
127118  127063  6.40    28.12
127122  127553  9.82    81.68
127122  127077  5.50    80.07
127142  126939  11.29   45.38
127145  126624  2.33    82.88
127145  127274  13.25   66.29
127149  126393  11.00   113.84
127149  126349  8.67    117.82
127151  126930  5.21    82.99
127151  126596  4.95    85.43
127155  127111  0.00    34.84
127155  126636  3.00    80.18
127156  127192  6.75    28.77
127156  126608  3.00    83.65
127163  127122  8.42    112.73
127168  126675  5.39    79.79
127179  127411  2.50    97.68
127193  127118  11.00   32.59
127198  126945  0.00    40.07
127202  127151  0.00    8.61
127211  127155  3.00    34.25
127211  127754  3.00    82.91
127212  127476  0.00    56.32
127212  127168  5.75    7.69
127216  126958  10.55   91.09
127216  127584  8.50    95.45
127220  127163  9.43    112.74
127220  127779  6.50    88.92
127225  127220  3.00    10.10
127225  126347  11.50   139.68
127232  126822  6.67    89.28
127238  127833  0.00    95.10
127238  127225  0.00    58.98
127248  126598  4.57    101.25
127250  127211  0.00    34.57
127250  127782  0.00    78.70
127255  127159  3.00    119.30
127263  127817  6.50    79.19
127272  127876  8.00    90.25
127274  127433  10.86   62.20
127274  126677  10.00   96.58
127277  127216  11.50   27.44
127287  126602  9.00    106.23
127306  127248  0.00    12.52
127309  127250  3.00    31.62
127314  127756  0.00    64.79
127325  126983  9.00    53.51
127325  127476  0.00    114.47
127327  127309  0.00    9.64
127327  126642  4.07    106.75
127336  127674  0.00    56.49
127336  127737  0.00    64.49
127343  128148  5.17    112.90
127343  127301  0.00    42.55
127351  126911  0.00    68.10
127355  127202  6.50    23.17
127355  127193  10.00   60.25
127386  127255  11.29   119.31
127386  127849  7.25    68.53
127389  126800  11.50   93.66
127391  126893  10.00   77.58
127396  127314  20.00   77.05
127396  127618  20.00   31.95
127402  127327  4.50    41.24
127402  126665  6.40    113.93
127411  127761  5.80    144.44
127411  127007  3.00    64.13
127427  127099  7.00    131.09
127429  127053  11.50   59.48
127429  127490  0.00    90.41
127433  127099  9.83    53.82
127433  128132  5.38    100.32
127434  127212  6.94    47.58
127436  126916  3.00    78.64
127446  127773  11.46   53.42
127446  127093  7.80    134.38
127459  127475  0.00    40.57
127459  128236  2.60    103.53
127460  127389  3.00    10.37
127465  127402  11.50   33.94
127475  127480  11.00   20.03
127476  127549  20.00   15.56
127480  126871  1.00    91.88
127490  127553  0.00    90.41
127493  126961  5.75    81.67
127506  127596  6.83    78.04
127514  127436  3.00    73.65
127520  127480  0.00    6.99
127520  127514  6.50    64.59
127527  126655  9.20    134.68
127527  127465  3.00    35.33
127536  127306  0.00    72.02
127536  127114  3.00    80.06
127544  128641  13.17   146.33
127546  127536  20.00   67.88
127549  127776  13.83   49.12
127549  127798  3.00    52.01
127553  127997  20.78   82.07
127566  126813  7.25    112.26
127573  128190  8.67    82.55
127584  128265  10.00   101.03
127584  127546  11.50   88.88
127587  127527  0.00    34.66
127596  127325  7.67    40.11
127609  127277  7.80    46.76
127609  127846  4.75    85.36
127617  127277  6.50    117.46
127622  127142  7.80    97.70
127625  128607  7.88    125.67
127647  126899  5.17    115.61
127647  127587  3.00    34.09
127650  128275  10.50   82.46
127656  127434  9.60    45.56
127656  127948  0.00    57.72
127657  127475  0.00    26.40
127667  127506  38.25   78.66
127668  127769  0.00    15.98
127674  128150  7.83    76.79
127674  127232  9.00    89.26
127698  127156  3.00    81.92
127699  127647  8.67    35.70
127701  127671  0.00    43.99
127701  127520  10.00   26.26
127710  127744  0.00    15.36
127737  128454  18.00   100.16
127744  127699  0.00    25.10
127753  127799  7.67    103.66
127753  127928  3.00    23.25
127754  128043  8.00    80.40
127756  128149  11.50   51.39
127758  127667  13.71   97.48
127761  127351  3.00    61.12
127765  127202  10.83   85.88
127769  128375  3.00    74.75
127773  128179  5.00    55.27
127773  127427  10.75   131.09
127775  127433  3.00    128.29
127776  127434  0.00    73.02
127778  127979  0.00    41.63
127778  127617  3.00    24.94
127779  128443  0.00    89.09
127798  128017  1.00    38.64
127799  128292  20.00   61.11
127799  127830  0.00    46.86
127812  128017  0.00    60.09
127812  127596  3.00    32.46
127815  127248  12.56   82.65
127817  127756  1.67    139.21
127817  128216  3.00    48.74
127825  127562  7.80    103.22
127825  127411  3.00    62.02
127833  128580  20.00   96.09
127834  127327  8.80    75.67
127846  128249  51.50   99.20
127846  127900  0.00    20.56
127849  127758  8.67    97.42
127849  128413  8.44    70.85
127853  127701  1.00    21.72
127853  127884  6.43    85.80
127856  127429  6.50    62.27
127876  127530  3.00    90.10
127876  127963  3.00    11.15
127884  127908  6.50    79.49
127884  128285  11.50   49.04
127897  127979  0.00    14.27
127897  127460  2.00    64.11
127900  127778  50.00   16.94
127908  127928  0.00    79.49
127914  127815  4.80    12.57
127914  127921  20.00   11.95
127921  129052  3.55    145.15
127921  127989  17.17   51.78
127930  127391  3.00    77.58
127930  127849  3.00    70.43
127943  127856  0.00    139.47
127943  128409  1.00    57.63
127948  128278  3.00    55.74
127954  127145  0.00    122.53
127963  128062  0.00    12.13
127966  127012  11.00   147.99
127979  128328  6.50    58.02
127989  128003  11.50   16.90
127997  127943  1.00    100.12
127997  128443  8.14    77.33
128003  128495  7.00    61.95
128003  128036  5.60    39.20
128005  127815  3.00    70.51
128010  127149  8.67    124.00
128017  128059  11.00   7.44
128036  128641  9.83    137.73
128036  127287  4.75    106.23
128043  127155  8.00    131.07
128043  127945  6.75    34.85
128045  128360  16.14   36.79
128054  127954  3.00    67.22
128054  127274  7.67    114.38
128056  127744  0.00    48.06
128059  128609  8.17    95.98
128059  128576  5.00    89.26
128062  128460  0.00    49.13
128063  127609  5.40    99.34
128066  127193  5.33    129.42
128081  127493  3.55    81.67
128081  127930  8.25    75.50
128121  127355  3.00    109.85
128128  127954  0.00    24.13
128132  128054  3.71    63.34
128148  129011  10.00   112.92
128149  128549  0.00    53.02
128150  128325  11.20   28.78
128150  127622  4.75    97.70
128155  127656  6.29    94.12
128179  128550  5.00    51.26
128179  127775  10.50   128.29
128190  129187  6.50    140.39
128190  128081  9.00    76.22
128216  128149  6.50    122.56
128216  128602  8.50    47.66
128222  128291  10.00   77.25
128228  127928  9.10    35.27
128228  128258  9.00    55.85
128234  128257  2.00    57.46
128234  127903  0.00    50.86
128236  128234  4.67    4.11
128245  127761  7.80    62.59
128245  127825  9.50    142.76
128249  128063  8.67    101.25
128257  127853  11.00   49.20
128257  128285  2.00    85.84
128258  128292  1.57    59.98
128265  128005  19.31   108.41
128265  128754  13.33   62.91
128265  128300  7.80    34.73
128275  129169  8.33    113.92
128275  128190  12.29   69.83
128276  128132  28.83   126.40
128278  128341  0.00    9.71
128285  128687  3.00    49.63
128285  128303  10.00   79.28
128291  127812  11.00   59.73
128292  129378  7.06    134.25
128292  128319  9.00    61.32
128300  129025  13.25   109.16
128300  128063  0.00    45.27
128303  128326  0.00    79.28
128311  128222  9.80    120.25
128319  128323  0.00    6.95
128323  127856  11.00   57.49
128323  128367  2.33    61.51
128325  128436  0.00    19.62
128326  128228  19.20   13.29
128328  129404  6.50    131.53
128328  128815  10.75   118.98
128330  127895  3.71    146.47
128330  127825  0.00    64.50
128332  127698  8.67    81.92
128332  128275  11.20   56.21
128341  128609  3.00    46.89
128341  127798  3.00    96.30
128360  129058  8.33    95.01
128367  128917  3.00    72.26
128367  128409  5.56    77.83
128369  128375  7.13    55.22
128369  127897  8.67    59.37
128375  128378  1.00    40.21
128378  128449  4.75    106.35
128409  128466  6.08    77.34
128412  128236  0.00    66.80
128412  127566  9.00    112.26
128413  128986  7.78    74.62
128413  128311  13.13   120.27
128421  127765  3.60    85.97
128421  128245  2.00    67.31
128422  127834  4.00    75.69
128422  128625  8.14    72.17
128436  127988  8.80    80.04
128436  128700  3.00    44.37
128443  128523  20.00   11.13
128449  129247  3.00    98.98
128454  128325  8.67    94.15
128460  128449  3.00    13.11
128466  128523  1.00    77.34
128486  127948  10.75   94.00
128486  128155  8.50    58.31
128495  129336  8.31    103.18
128495  128551  6.00    38.49
128506  128891  6.56    126.80
128523  128878  0.00    100.24
128523  128580  8.67    73.63
128549  128602  3.00    103.88
128549  129461  12.44   113.98
128550  128276  8.17    127.00
128550  128724  2.00    20.93
128551  128706  11.00   32.72
128551  128036  16.67   64.89
128576  128291  9.83    36.23
128580  128623  5.83    64.24
128580  129349  4.78    150.26
128584  128655  0.00    72.39
128607  129338  1.00    89.67
128607  128602  6.75    62.01
128609  129094  8.67    93.96
128609  128872  10.00   48.03
128613  128652  4.86    121.22
128613  128412  3.00    23.87
128613  128607  2.60    60.34
128623  127981  4.43    83.44
128625  129091  3.00    91.63
128625  128360  4.00    85.14
128641  128923  5.60    70.98
128652  128257  3.00    49.10
128652  128687  3.00    86.14
128655  128755  6.20    111.53
128667  128422  18.00   79.26
128667  128019  3.00    80.85
128687  128707  6.50    79.20
128700  128155  6.39    95.66
128700  129004  20.00   55.63
128706  128977  3.00    69.60
128707  128721  20.00   79.20
128715  128526  0.00    94.62
128715  128576  1.00    17.46
128721  128326  3.00    49.35
128723  128245  5.50    61.99
128723  128330  3.63    142.53
128723  129280  0.00    70.54
128724  128844  6.50    15.72
128732  128700  0.00    7.05
128746  127927  4.88    105.67
128746  128667  5.33    33.32
128748  128708  9.83    75.87
128748  128623  9.00    17.96
128751  128723  7.00    68.70
128751  128421  3.00    42.75
128754  129204  19.00   59.57
128755  128785  3.00    15.47
128755  129422  5.00    78.05
128762  128258  11.00   64.94
128762  128790  3.00    69.21
128790  128721  0.00    9.27
128791  128486  6.50    53.29
128791  128278  6.75    93.97
128793  128491  5.00    94.93
128815  129025  3.75    60.08
128822  128732  9.18    97.11
128841  128785  0.00    45.61
128844  128880  0.00    4.21
128858  127984  3.70    112.45
128858  128746  6.40    36.60
128872  129248  22.00   91.95
128872  129431  10.00   94.29
128878  128948  11.50   98.20
128880  129218  5.50    66.54
128880  128841  8.50    106.66
128880  129274  8.69    48.99
128891  128930  1.50    16.53
128891  129078  3.00    43.71
128892  128319  0.00    72.13
128917  128892  14.33   61.91
128917  129507  0.00    67.74
128918  128005  3.00    116.74
128918  128754  8.67    83.70
128923  129083  8.67    36.52
128923  128056  3.00    128.12
128928  129692  5.43    126.62
128930  128330  3.00    78.89
128930  129280  4.08    141.74
128933  127930  9.67    126.38
128933  128986  8.93    73.81
128945  128822  18.80   97.21
128945  129521  0.00    64.76
128948  129571  20.00   71.22
128948  128917  4.67    63.15
128954  128858  6.45    35.65
128954  128020  5.43    120.87
128956  128010  7.38    123.32
128977  129129  6.40    128.64
128982  128751  5.00    103.46
128982  128121  6.33    110.65
128986  129081  15.80   93.25
128991  129248  7.67    47.59
128991  128715  6.50    38.55
129003  128980  1.00    24.90
129004  128486  20.00   96.93
129004  129369  11.00   58.27
129011  128945  8.67    52.10
129011  129362  15.00   38.65
129018  128652  0.00    50.11
129018  129003  8.00    50.03
129025  129204  10.17   69.51
129025  129848  9.13    101.44
129033  127914  4.60    145.10
129033  128918  6.50    62.58
129045  128056  1.67    133.48
129045  128954  3.00    34.75
129052  130314  2.44    145.12
129058  129581  11.00   78.79
129078  128793  6.38    103.60
129078  129929  5.36    100.19
129081  129176  13.67   93.25
129083  129045  0.00    11.44
129091  129058  7.88    36.46
129094  128791  10.00   55.55
129094  129678  9.83    97.20
129099  128066  7.67    130.38
129101  128460  6.40    126.35
129105  129396  0.00    35.07
129105  128081  8.95    137.57
129107  128378  4.25    93.65
129108  129100  0.00    18.23
129118  129177  6.80    90.69
129120  129108  0.00    35.44
129129  129083  4.75    16.24
129169  128332  8.64    134.87
129172  129099  0.00    8.06
129172  129218  5.71    26.88
129172  128982  9.89    83.36
129176  129190  2.00    12.70
129176  128633  0.00    70.49
129177  128748  6.40    59.03
129185  129546  4.00    94.34
129187  129169  11.50   2.98
129190  129614  10.00   47.42
129190  129235  15.75   36.22
129191  128584  10.00   82.89
129191  129101  10.43   85.45
129204  129757  7.00    79.01
129218  129292  0.00    7.66
129235  128658  0.00    72.46
129235  129276  6.73    34.29
129239  128732  7.61    88.71
129240  128841  8.92    48.52
129244  128790  5.33    55.74
129247  129480  1.00    93.06
129248  129875  8.50    117.05
129260  128762  0.00    60.07
129260  129244  4.22    78.74
129272  129172  1.00    9.97
129274  129240  9.15    93.11
129274  129788  4.25    59.90
129276  128991  10.00   35.96
129276  129579  10.64   34.98
129280  129446  7.40    72.10
129287  128655  3.00    78.40
129287  129191  11.00   81.65
129292  129272  10.00   26.60
129292  129738  2.50    51.86
129318  129078  4.01    98.89
129328  129338  7.25    57.70
129328  128602  0.00    89.55
129336  130555  6.45    148.83
129338  129787  2.50    51.20
129338  129364  6.50    59.55
129349  129571  9.44    145.27
129362  129368  20.00   49.62
129362  129934  3.00    63.05
129364  128613  14.33   91.28
129364  129382  8.67    69.77
129369  129109  0.00    41.10
129369  129678  3.00    49.87
129375  128933  6.42    124.28
129377  128933  3.00    52.85
129378  129260  1.40    64.28
129378  130267  5.60    102.00
129380  129204  4.25    80.07
129382  129401  0.00    50.92
129382  129003  11.50   42.89
129396  129375  0.00    38.08
129396  129551  6.40    19.71
129401  129018  6.40    41.06
129401  129413  10.00   36.43
129404  128815  4.62    146.41
129413  128908  0.00    58.29
129413  129428  9.80    50.56
129422  129891  8.80    51.91
129422  129287  6.40    126.69
129428  129436  11.50   40.68
129428  128687  0.00    89.44
129429  128892  3.00    62.54
129429  129378  4.00    33.00
129431  129094  6.50    49.72
129436  129440  3.00    5.24
129440  129108  0.00    35.23
129440  129454  20.00   71.75
129446  128751  6.50    82.83
129446  129631  6.75    88.39
129454  128943  0.00    57.71
129454  129469  11.50   40.19
129461  130419  12.36   114.64
129469  129244  3.00    23.75
129480  129101  8.50    39.99
129488  129404  10.38   64.35
129488  128369  7.60    135.99
129507  129429  2.00    58.28
129507  129971  2.00    50.80
129519  129187  12.00   70.34
129519  129105  7.67    54.41
129521  129278  4.00    38.47
129521  129744  0.00    27.19
129538  128977  3.00    61.79
129538  129621  11.50   75.53
129545  129446  0.00    11.23
129545  129318  4.32    98.86
129546  128793  11.50   95.52
129546  129929  2.43    104.52
129551  129720  7.32    33.49
129551  129375  20.00   47.81
129551  129519  0.00    7.11
129560  129380  16.67   80.07
129560  129033  4.30    57.37
129571  129507  11.50   78.00
129579  129739  0.00    18.57
129579  129862  5.40    107.90
129580  129239  0.00    54.66
129580  129004  0.00    93.59
129581  130115  11.00   78.79
129604  130088  7.00    82.27
129604  128706  4.75    110.51
129614  129839  0.00    23.99
129614  129455  0.00    55.01
129631  129729  13.75   88.12
129650  129616  10.07   58.10
129650  130164  3.50    54.48
129661  128858  7.84    94.96
129678  130290  11.81   96.24
129678  130250  10.50   92.48
129687  129519  11.50   31.70
129692  129091  14.33   97.48
129692  129785  0.00    8.89
129700  129661  8.67    82.01
129700  128928  5.20    125.82
129715  129650  10.50   62.64
129715  129177  4.31    70.26
129718  129726  14.73   121.79
129720  129859  0.00    20.11
129726  129846  6.00    121.89
129729  129738  3.79    35.79
129729  129272  0.00    52.38
129738  129788  4.76    65.17
129738  129870  2.83    12.63
129739  129614  0.00    70.78
129739  130145  0.00    42.77
129752  130327  0.00    66.26
129752  129328  0.00    48.64
129757  129926  4.67    98.82
129781  129967  0.00    26.46
129781  129580  0.00    29.78
129785  129700  7.80    131.30
129785  130175  4.00    42.15
129787  130406  0.00    74.96
129787  129752  0.00    57.07
129788  129824  2.46    42.64
129796  130343  3.70    66.31
129796  129545  4.55    127.48
129812  129830  0.00    24.87
129813  130313  0.00    80.43
129813  129239  6.10    92.44
129814  129780  14.33   55.44
129814  129436  0.00    42.77
129824  129844  10.00   30.22
129827  129687  0.00    20.85
129830  129867  6.40    53.38
129844  129240  10.00   67.06
129844  129855  5.33    12.68
129846  130311  0.00    58.16
129846  130145  0.00    130.57
129848  129757  5.29    65.22
129855  129994  0.00    14.56
129855  129891  3.67    45.74
129859  129961  10.00   17.33
129867  129814  6.00    129.02
129867  129401  0.00    51.07
129870  129796  2.76    85.46
129875  130290  11.78   97.79
129875  129431  20.00   67.36
129891  130003  3.25    140.61
129899  129480  5.33    47.27
129899  129923  2.43    83.47
129908  130719  10.43   121.54
129913  130096  6.33    139.68
129915  130246  7.75    94.93
129915  130184  3.00    33.13
129923  129977  3.75    83.46
129926  130276  5.29    99.81
129929  130260  5.68    44.74
129929  130169  9.50    97.48
129934  130384  2.33    57.66
129934  129959  11.00   67.59
129939  129827  0.00    16.50
129939  129961  0.00    2.73
129960  129824  0.00    13.35
129960  129870  4.24    108.33
129961  129968  0.00    3.22
129961  130294  4.75    84.06
129962  129129  7.00    106.05
129967  130054  0.00    14.86
129967  130147  0.00    27.75
129968  129939  1.00    3.12
129971  130127  0.00    18.44
129971  130077  11.38   96.27
129977  129107  3.00    93.64
129977  130113  3.00    30.28
129977  130038  8.27    79.54
129991  129848  4.25    93.95
129994  129960  3.16    48.00
129994  130273  2.57    42.29
129995  130264  10.00   35.11
129995  130020  11.00   126.56
130002  129545  1.00    81.78
130003  129287  10.50   77.72
130003  130052  4.33    85.03
130008  129604  6.63    49.86
130008  129336  13.64   80.98
130014  130134  3.39    139.65
130020  129715  8.00    35.66
130038  129488  8.67    60.30
130038  129991  1.50    93.87
130047  128956  13.70   123.57
130048  129994  3.06    88.20
130052  129899  4.33    85.23
130074  129913  5.80    140.05
130077  129995  2.50    95.82
130088  129538  0.00    60.83
130088  129962  9.30    100.65
130094  130014  6.05    139.50
130096  130113  5.55    139.55
130102  130048  2.09    88.20
130102  130788  2.33    91.83
130113  130363  0.00    35.00
130113  130094  6.14    32.12
130115  129968  11.46   24.93
130125  129661  6.50    48.37
130125  130131  0.00    51.13
130127  130267  6.40    72.07
130134  130102  11.17   54.52
130145  130255  3.00    35.22
130164  130518  11.50   49.14
130164  130205  22.29   103.48
130169  130002  11.20   79.69
130175  130683  4.40    69.21
130175  129908  9.33    115.87
130184  130319  3.00    20.02
130205  130020  0.00    29.53
130205  130259  1.67    99.28
130230  130341  7.77    90.76
130230  131289  7.42    145.85
130246  129546  3.00    88.13
130246  130260  4.71    113.30
130250  130774  0.00    95.56
130250  129781  0.00    77.56
130255  130609  6.43    89.37
130257  129960  5.24    38.02
130259  130264  0.00    7.15
130259  131041  13.33   105.27
130260  130461  6.38    29.11
130264  130291  8.22    41.20
130267  130781  8.00    83.11
130267  131327  6.75    148.24
130267  130421  7.48    128.65
130273  130257  2.33    22.07
130273  130561  3.33    42.33
130276  130314  4.69    12.49
130276  129560  4.67    84.06
130290  130357  9.00    13.82
130291  130325  11.50   66.11
130294  129718  0.00    125.01
130294  130862  3.00    82.46
130311  130359  7.86    7.63
130311  130230  7.23    143.21
130313  130768  15.75   80.73
130314  130555  13.50   72.86
130314  130404  1.86    13.46
130319  130476  3.00    21.78
130325  130383  6.50    35.26
130341  130862  7.48    94.11
130343  130541  3.68    111.91
130343  130378  8.60    100.63
130343  130795  4.84    60.53
130357  130564  7.60    39.03
130357  130677  0.00    102.84
130359  130823  4.40    88.72
130359  131305  7.59    136.19
130363  130943  5.04    90.69
130363  130094  5.21    50.91
130364  130276  2.50    13.10
130364  130074  5.34    85.02
130378  130454  3.25    91.10
130384  130394  1.00    52.04
130384  130557  10.50   23.93
130404  130364  0.00    12.90
130419  131181  11.00   112.91
130421  130451  14.33   18.13
130451  129469  9.09    117.60
130451  130483  13.71   27.49
130454  130257  5.83    26.08
130458  130311  3.00    84.68
130461  130544  1.00    13.62
130469  130851  10.00   107.97
130469  130134  10.00   45.92
130476  130623  0.00    21.86
130483  130594  8.33    93.93
130487  130634  4.40    101.43
130518  130733  0.00    27.46
130541  131227  5.73    117.55
130544  130771  3.23    30.59
130546  130476  3.00    10.96
130548  130551  3.00    24.24
130548  131247  5.69    93.15
130551  130579  10.33   51.46
130555  130895  3.75    100.13
130556  130574  9.69    114.80
130556  130008  11.20   80.25
130557  129813  8.63    130.59
130561  130454  0.00    15.88
130564  130625  0.00    12.15
130574  130149  2.60    117.34
130579  130652  6.65    149.35
130579  130125  18.57   62.72
130594  130725  6.38    93.93
130606  130518  11.09   131.46
130606  130205  11.50   59.44
130609  130769  6.00    88.01
130610  131033  7.50    129.57
130610  130487  5.00    101.37
130623  130650  0.00    2.73
130624  130546  0.00    11.61
130624  130623  0.00    8.20
130625  130769  0.00    20.41
130630  130127  12.33   77.73
130634  130890  4.00    76.29
130634  130074  8.86    83.27
130650  130687  10.00   26.47
130650  130674  0.00    2.72
130651  130654  13.33   9.62
130651  130546  0.00    19.80
130652  130223  0.00    58.10
130652  130683  14.71   61.79
130654  130624  0.00    2.73
130667  130099  6.40    88.81
130667  130651  10.00   44.60
130674  130699  0.00    2.72
130675  130722  6.07    82.47
130675  130561  6.40    14.55
130677  130712  0.00    12.78
130677  130250  13.71   76.84
130683  130719  9.62    93.48
130683  131473  9.47    111.70
130684  130589  5.75    103.08
130684  130298  0.00    52.12
130687  130716  11.00   47.45
130687  130699  1.00    26.88
130689  130404  2.09    85.20
130694  130557  6.19    101.03
130699  130713  0.00    2.73
130700  130654  0.00    5.44
130701  130610  9.25    30.92
130701  130900  3.00    27.74
130706  130458  8.50    85.34
130712  131115  0.00    117.63
130712  130774  3.00    104.62
130713  130879  0.00    23.14
130713  130700  3.00    8.19
130716  131386  7.25    119.38
130716  130771  20.00   118.89
130719  131507  6.00    114.28
130719  130749  11.00   86.36
130720  131481  6.45    128.83
130720  130169  6.40    74.66
130722  130788  6.26    120.85
130722  131317  5.23    85.44
130725  130277  0.00    60.36
130725  130829  7.14    88.98
130733  130684  4.86    59.44
130733  130884  0.00    21.26
130749  130115  6.73    95.44
130757  130900  1.00    26.15
130757  130701  7.63    22.00
130768  131115  3.00    47.90
130768  130694  0.00    100.89
130769  130984  0.00    47.66
130771  131418  4.08    99.58
130774  130768  3.00    8.31
130781  131320  7.85    84.20
130785  130757  0.00    8.78
130788  130811  6.71    42.97
130795  130945  6.17    21.41
130795  130847  10.38   84.67
130801  130557  2.33    43.76
130801  130924  1.00    33.29
130811  130851  6.64    79.86
130811  130469  5.33    57.88
130823  131289  7.70    89.47
130829  129830  9.88    126.34
130829  130912  7.80    71.00
130847  130378  10.00   61.02
130847  130859  8.11    103.47
130851  130896  8.09    113.93
130859  130675  14.14   22.96
130862  130939  7.14    32.37
130879  130700  0.00    24.29
130879  131234  8.93    48.21
130884  131121  7.00    32.29
130884  130914  2.50    33.99
130887  130551  0.00    43.75
130890  131135  9.86    76.29
130891  130769  1.67    23.17
130891  130984  11.50   55.32
130895  130999  11.50   34.91
130896  131460  6.50    82.56
130896  131059  5.72    133.03
130900  131084  0.00    34.09
130912  131713  7.06    119.37
130912  131062  6.87    113.49
130914  131394  7.25    72.18
130914  131016  4.95    122.42
130917  130759  0.00    29.62
130917  130954  5.80    15.77
130922  130917  0.00    5.20
130924  131181  0.00    54.42
130924  130047  8.50    123.09
130939  131004  3.00    28.56
130939  130837  0.00    51.86
130943  130967  0.00    9.85
130945  131508  2.89    83.21
130946  131358  13.71   89.12
130946  130706  6.13    59.83
130947  130667  6.67    85.62
130951  130421  4.40    101.90
130957  130689  6.72    85.20
130957  130895  0.00    10.69
130967  130982  0.00    1.89
130967  130785  5.93    71.58
130970  130943  1.00    6.98
130982  131042  0.00    9.45
130984  131456  9.57    115.20
130999  131295  6.52    97.26
130999  130556  4.75    64.55
131004  131434  9.33    77.72
131013  130891  11.50   32.79
131016  130606  6.67    58.41
131022  130924  11.25   15.31
131022  130801  7.25    38.51
131033  131700  11.20   133.24
131036  130970  10.00   9.28
131036  131081  5.80    26.37
131041  131016  9.22    49.30
131042  131497  6.38    74.32
131042  131036  4.00    7.12
131059  131081  0.00    25.90
131059  131761  6.50    103.90
131062  131341  7.38    112.91
131062  131844  7.17    118.06
131069  130291  5.50    105.56
131069  131041  11.50   47.12
131080  131291  3.00    53.49
131080  130483  7.33    113.76
131081  130970  5.50    27.26
131082  130945  10.25   81.16
131084  131605  8.50    103.43
131092  130706  10.50   80.00
131095  130325  8.67    109.84
131095  131069  8.17    37.55
131114  130951  9.20    89.64
131115  131284  6.17    24.94
131121  131068  10.67   81.60
131135  131945  6.80    138.59
131135  131323  12.29   75.74
131162  131456  7.50    47.02
131167  130922  10.00   44.38
131169  131022  11.43   20.56
131174  131169  9.82    75.29
131178  131095  3.00    59.70
131178  130630  20.00   77.90
131180  131084  0.00    27.11
131180  130785  7.00    58.91
131181  131467  12.00   54.43
131181  131332  0.00    26.85
131194  131013  0.00    36.90
131194  130946  0.00    62.65
131219  130957  6.66    78.91
131227  131082  10.00   81.16
131227  131746  6.50    81.56
131228  131371  6.44    91.82
131228  130859  0.00    51.86
131234  131472  0.00    37.44
131234  131372  0.00    33.46
131247  131314  7.20    79.17
131247  131461  3.00    39.20
131248  131004  0.00    68.95
131256  130634  11.00   100.24
131269  130951  0.00    65.04
131270  131234  0.00    17.04
131289  132089  19.50   123.49
131289  131842  9.65    97.10
131291  131660  9.81    67.19
131291  131114  6.50    88.25
131295  131328  2.33    18.06
131295  130807  10.33   81.58
131299  130957  7.25    49.02
131299  131532  0.00    85.40
131305  132089  7.82    134.86
131306  131169  9.95    24.05
131314  130579  3.00    101.80
131316  131381  6.40    98.84
131317  131363  3.00    115.65
131317  131852  6.48    80.82
131320  131178  5.00    59.07
131320  131747  10.00   69.27
131323  131350  10.50   76.69
131327  132039  0.00    105.87
131327  131269  0.00    20.32
131328  131429  0.00    14.75
131328  131461  5.60    42.29
131332  131442  5.64    16.40
131332  131341  16.38   19.86
131340  131016  13.33   50.53
131341  131442  0.00    20.23
131342  131167  6.50    46.26
131350  131299  2.33    9.11
131351  130749  8.63    94.88
131358  131776  12.67   89.12
131362  131270  0.00    16.97
131363  131401  6.80    115.65
131369  130725  3.00    113.15
131371  131508  6.00    90.02
131371  132211  5.90    129.83
131372  131472  0.00    25.21
131372  131968  0.00    120.95
131377  131314  6.50    10.08
131377  131410  9.39    111.12
131381  131394  6.50    99.20
131383  131340  0.00    91.96
131383  131095  3.00    52.23
131386  131418  6.00    84.37
131386  131995  2.59    89.93
131394  131463  10.00   76.89
131394  131778  5.33    54.11
131399  131446  5.93    63.69
131401  131460  10.00   115.65
131410  131473  9.11    100.21
131417  131174  10.70   76.34
131418  132030  4.45    92.70
131418  131462  10.00   92.04
131419  131013  7.00    84.95
131429  131219  5.07    78.97
131429  131950  5.38    75.68
131434  131904  10.41   72.94
131434  131446  2.25    32.75
131442  131668  0.00    32.46
131442  131538  20.00   17.91
131445  131092  12.67   80.05
131445  131776  3.00    60.54
131446  131931  0.00    72.33
131446  131167  7.60    140.95
131456  132143  7.29    105.81
131460  132010  10.75   82.00
131461  131830  9.53    106.03
131462  131481  9.78    74.15
131462  130720  5.75    116.14
131463  131520  8.89    76.90
131467  131306  9.32    39.36
131467  131870  2.00    73.81
131472  131914  3.00    67.63
131472  131362  0.00    24.83
131473  131507  5.92    81.46
131477  131467  0.00    8.15
131481  132093  4.50    95.68
131482  131194  4.00    66.88
131482  131596  0.00    21.74
131497  132364  10.27   147.91
131497  132168  10.33   102.13
131507  131756  6.50    37.21
131508  131631  7.80    79.39
131508  132315  5.11    125.87
131520  131340  3.00    26.86
131538  131477  0.00    21.58
131552  131269  0.00    58.70
131577  130922  5.00    109.25
131596  131673  5.50    57.41
131605  132095  7.25    103.29
131610  132034  8.41    117.28
131610  132233  8.60    108.12
131631  131746  10.00   80.95
131631  132422  7.00    123.34
131639  131482  3.00    34.01
131639  131596  20.00   38.03
131660  131610  7.80    41.72
131668  131538  15.75   25.75
131673  131194  10.00   75.91
131673  131866  8.23    127.90
131700  132121  3.00    81.47
131703  132384  10.39   115.88
131703  131660  7.35    11.07
131713  132412  2.50    131.07
131713  131996  8.67    41.32
131716  131945  5.75    96.12
131716  131350  3.79    61.06
131720  131677  10.88   84.30
131729  131080  7.31    120.46
131732  131741  10.00   29.77
131741  131751  10.00   50.34
131741  131383  0.00    57.79
131746  131801  10.80   41.28
131746  132512  3.00    121.49
131747  131973  5.47    35.87
131747  131575  0.00    61.86
131751  131520  3.00    35.54
131756  131351  5.50    92.00
131761  132430  2.00    103.85
131773  132377  9.00    95.29
131773  131720  7.25    84.28
131776  131899  12.38   73.75
131776  132240  9.80    109.44
131778  131773  6.50    24.31
131788  131668  2.00    17.26
131803  131840  4.47    87.79
131810  131429  4.62    118.32
131810  132717  8.20    143.68
131811  131778  11.50   70.93
131826  131180  3.00    111.07
131830  131377  6.42    67.87
131830  132423  4.77    141.33
131840  131881  7.67    84.71
131840  131249  4.67    95.35
131842  132380  6.67    97.10
131844  132610  7.83    118.06
131852  131859  4.50    42.12
131852  132365  5.00    80.61
131855  131811  9.80    100.55
131855  131751  3.00    16.36
131859  131909  2.85    90.78
131866  132143  0.00    56.47
131866  131419  15.00   85.29
131870  132444  7.05    99.68
131881  131362  10.00   115.94
131881  131914  2.50    89.84
131892  131256  4.67    102.05
131899  131639  11.00   57.18
131899  132081  7.75    147.94
131904  132059  8.50    38.42
131904  132389  0.00    74.54
131909  131970  9.43    101.90
131914  131968  11.50   94.73
131914  132488  4.67    89.02
131920  131228  3.33    107.67
131920  131852  6.38    79.80
131930  131410  5.33    76.16
131945  132636  6.50    112.88
131945  132040  0.00    45.48
131950  132394  5.24    75.02
131952  131788  13.94   91.98
131952  131870  0.00    11.67
131968  131995  6.00    79.97
131970  132010  5.43    101.90
131973  132643  4.75    106.33
131973  131792  0.00    71.59
131995  132030  6.88    87.80
131995  132576  9.00    90.61
131996  131369  11.95   113.18
131996  132370  0.00    61.36
132010  132678  2.43    113.63
132030  132620  7.33    91.53
132030  132065  3.00    91.28
132033  131973  15.00   88.75
132033  132562  2.33    87.45
132034  132039  8.33    55.69
132034  132511  2.71    82.79
132039  132033  3.00    9.19
132056  131445  7.57    115.82
132059  132389  5.43    59.70
132059  131693  0.00    58.58
132059  132334  12.82   90.96
132065  132093  4.40    73.28
132065  131462  3.00    93.32
132081  132286  13.20   148.04
132089  132963  5.82    143.18
132093  132720  4.67    93.25
132095  132597  6.00    99.36
132095  131700  10.00   97.66
132099  131306  11.11   133.39
132102  131737  0.00    57.19
132102  132380  8.80    104.52
132121  132544  8.20    81.42
132143  132286  3.00    22.70
132160  131810  3.08    85.26
132165  132227  0.00    11.46
132165  131899  7.25    60.33
132168  132868  2.50    102.06
132207  131716  6.50    78.46
132211  133078  7.14    130.00
132220  132509  11.00   50.08
132220  131756  9.58    137.85
132227  133047  7.81    122.40
132233  132700  6.00    74.75
132240  132762  9.00    109.42
132248  131703  7.57    104.34
132286  132703  7.25    61.40
132309  132227  13.83   59.99
132309  132730  8.17    61.12
132315  133174  4.86    125.87
132321  131859  6.50    90.73
132331  132362  14.60   92.52
132334  132815  8.44    93.09
132338  131980  13.20   56.93
132338  132300  6.13    89.92
132360  131909  7.80    109.78
132361  131729  10.42   120.49
132362  132408  4.40    92.52
132364  133286  3.14    147.89
132365  132937  8.67    80.61
132370  133043  5.71    98.33
132376  132102  6.17    74.68
132376  132044  18.25   51.83
132377  133071  11.00   102.04
132377  132338  6.50    80.66
132380  132910  4.43    83.88
132384  132233  0.00    53.36
132384  132734  10.29   54.29
132389  132572  3.00    33.87
132394  132595  8.86    62.30
132394  132630  8.93    36.45
132408  131840  16.60   87.93
132408  132449  6.40    87.76
132412  132370  0.00    32.39
132412  132558  0.00    21.51
132422  133259  10.00   123.34
132423  131930  3.00    76.16
132423  132455  3.00    7.04
132430  133138  4.40    103.58
132434  131811  13.63   96.92
132434  132377  8.43    90.86
132443  131920  4.89    81.88
132444  133107  0.00    100.48
132449  132488  3.00    87.76
132455  132823  8.50    75.40
132455  132220  4.00    71.32
132472  131826  2.33    111.07
132472  132095  13.33   86.14
132482  132434  8.67    90.95
132487  132309  11.71   136.52
132488  132527  3.00    87.95
132488  133014  0.00    76.02
132493  132482  11.50   44.52
132493  131855  4.50    102.40
132508  132160  4.00    85.30
132508  132455  0.00    10.89
132511  132728  10.25   31.89
132512  133347  5.85    121.49
132527  132576  6.00    87.95
132544  133243  8.00    126.78
132544  131892  7.25    102.64
132562  133020  8.67    73.99
132572  132376  3.00    32.22
132572  133416  7.31    147.96
132576  132620  4.28    107.10
132576  133112  7.00    76.61
132595  132630  0.00    71.15
132595  132717  20.00   35.80
132597  133120  25.50   99.27
132610  133427  7.27    118.06
132619  132815  9.80    35.40
132620  132680  6.00    93.34
132620  133116  6.00    70.54
132630  133399  7.16    121.40
132636  132207  5.44    77.04
132643  133374  8.76    106.47
132654  131788  6.69    135.34
132656  132165  6.65    108.84
132678  132360  5.00    108.51
132680  132065  3.17    93.24
132680  132720  3.00    72.68
132700  132511  0.00    56.96
132700  133508  20.00   122.35
132703  132487  6.67    136.56
132703  133098  7.00    59.96
132717  133064  11.11   114.20
132717  133462  8.93    113.68
132720  133481  5.67    111.84
132728  133284  8.33    90.21
132728  132562  0.00    52.99
132730  133096  12.67   56.04
132730  132922  8.86    136.18
132734  133186  12.70   70.06
132762  132056  6.25    117.15
132815  132881  3.00    13.95
132823  133149  1.00    75.40
132834  132321  2.33    90.77
132834  133067  5.33    102.33
132847  133416  0.00    93.95
132855  131952  3.50    136.26
132864  132734  10.25   118.53
132864  132248  7.59    88.42
132868  133512  7.25    101.03
132881  133149  6.41    56.99
132881  132688  0.00    35.36
132899  132508  4.52    76.33
132910  133400  4.70    83.87
132922  133098  9.38    136.27
132937  132834  7.80    132.91
132937  133777  7.36    122.98
132958  132099  10.42   133.90
132963  133556  8.57    87.22
132972  132680  2.33    42.21
132972  133121  3.00    101.13
132973  132935  5.47    96.71
132973  132408  6.50    80.45
132974  132973  4.88    3.19
132979  133420  5.50    65.52
132979  132974  0.00    11.80
132983  132248  9.35    130.64
132997  132979  8.50    80.97
133007  132443  5.17    81.88
133007  132937  5.13    78.77
133014  132997  3.00    80.97
133014  133500  10.00   76.87
133020  133609  8.67    92.47
133035  132338  3.00    102.31
133035  132988  5.43    89.21
133043  132361  8.25    120.60
133047  133901  6.56    122.47
133059  133014  2.75    86.05
133064  133375  7.43    80.88
133064  132508  5.58    113.14
133067  133328  6.25    102.12
133071  133035  5.50    81.28
133075  132656  5.05    90.26
133078  133007  6.25    83.90
133078  134128  9.57    149.93
133082  132472  7.22    102.57
133087  133310  3.00    34.12
133087  132974  7.20    19.31
133096  133294  8.77    136.76
133096  133548  10.00   64.18
133098  133511  13.25   57.92
133107  133809  15.75   100.88
133112  133059  8.33    86.05
133112  133563  1.00    63.08
133116  133165  5.00    6.87
133116  133121  3.00    9.09
133120  133700  5.50    115.82
133130  133265  3.00    25.38
133130  132493  9.42    116.06
133138  133319  3.00    75.47
133138  133771  3.71    96.98
133145  132434  9.40    101.87
133145  133071  7.10    90.66
133149  133920  7.63    124.78
133165  133608  3.21    62.72
133165  133112  5.75    105.81
133174  133078  4.25    85.92
133174  133875  7.25    100.32
133186  133615  10.81   62.91
133186  133333  9.92    134.92
133207  133145  7.25    90.66
133207  132482  4.25    102.42
133234  132656  7.67    83.58
133243  132636  5.50    102.52
133247  133207  8.50    80.11
133259  134138  6.54    127.20
133259  133174  7.44    80.58
133265  133247  7.25    36.93
133275  133265  3.00    11.41
133275  133984  8.31    101.99
133279  133275  6.14    18.29
133279  133130  7.64    30.15
133284  134144  9.86    133.91
133284  133020  5.33    55.20
133286  133408  2.33    18.44
133286  132472  9.00    121.41
133294  133511  9.83    136.80
133318  133732  8.23    102.47
133318  133043  7.67    40.45
133319  133512  5.50    75.50
133328  133138  8.33    101.84
133333  133758  4.75    77.86
133333  132864  8.60    71.20
133347  134101  1.80    109.26
133347  133259  8.07    75.52
133374  133279  6.50    18.31
133375  133527  0.00    28.11
133375  132899  0.00    97.63
133383  132972  7.67    61.64
133395  133544  10.00   20.33
133399  133918  4.63    84.59
133399  133215  6.33    84.56
133400  134026  5.18    103.64
133408  134132  4.00    119.36
133416  133920  7.88    135.06
133427  133318  9.09    93.36
133427  134071  14.60   94.27
133449  133383  0.00    8.48
133449  133481  9.80    70.24
133462  133601  3.00    70.28
133462  133859  13.20   57.66
133472  134196  0.00    120.46
133472  133408  4.67    59.35
133481  134284  6.86    119.74
133481  133347  4.67    84.95
133493  132963  3.60    108.09
133500  133932  10.00   74.03
133500  133439  7.82    138.75
133508  134192  8.25    126.07
133508  133284  11.20   73.88
133511  133915  7.25    59.74
133512  134298  8.29    124.86
133512  133472  0.00    53.68
133523  133075  14.33   90.27
133523  132762  5.44    113.29
133527  133762  3.00    85.41
133544  133599  10.00   87.63
133548  133974  3.00    63.95
133548  133733  8.00    136.83
133556  133660  7.00    78.34
133556  133676  7.86    18.19
133563  133500  5.64    131.80
133565  133449  7.25    81.22
133565  133121  3.00    71.35
133572  133007  5.71    79.40
133597  133427  6.63    128.01
133597  132654  9.30    135.32
133599  133647  3.00    87.63
133608  133563  7.53    104.35
133608  134024  4.67    61.01
133609  133374  8.13    37.09
133615  134192  11.90   89.86
133615  133508  15.88   68.79
133647  133145  3.00    73.00
133655  133064  6.22    87.49
133658  132834  7.22    151.33
133660  133822  6.29    102.87
133660  133523  3.00    20.33
133664  132899  3.71    147.62
133676  134416  10.13   107.36
133700  133243  7.00    76.09
133704  133082  1.00    102.23
133713  133120  0.00    85.66
133714  134186  10.00   75.07
133714  133859  8.80    57.29
133732  134149  7.81    98.76
133732  132983  6.96    130.64
133733  133915  9.44    136.85
133754  133544  0.00    30.13
133754  133702  4.75    86.46
133758  134149  5.33    77.45
133762  133148  3.00    112.65
133762  133664  10.00   60.11
133763  133777  13.80   64.97
133763  132834  6.50    145.12
133764  133333  8.59    61.27
133764  133615  10.50   127.01
133771  134387  5.89    96.83
133777  134630  2.50    127.43
133779  133527  7.50    37.59
133784  132855  5.33    136.45
133784  133597  7.16    130.56
133809  134440  9.80    93.51
133809  133784  12.93   106.46
133819  133754  10.25   87.80
133822  133234  9.80    83.58
133822  133901  6.00    62.91
133855  134553  0.00    103.44
133855  133590  0.00    39.71
133859  134574  4.18    110.13
133859  134219  6.00    115.72
133864  133819  2.60    87.80
133864  133647  0.00    29.12
133875  134543  3.63    100.32
133876  132958  11.00   134.67
133892  133932  3.56    131.09
133901  133974  7.85    61.04
133901  134335  26.75   65.39
133911  133207  13.25   101.60
133911  133864  4.80    89.61
133915  134352  3.00    64.69
133918  134061  6.75    22.67
133918  133714  30.00   73.91
133920  134457  4.77    90.95
133930  133449  7.86    70.56
133932  133971  2.33    96.79
133932  134373  0.00    75.33
133940  133087  6.00    124.00
133947  133911  4.40    80.07
133947  133247  6.27    101.08
133971  134024  7.93    96.79
133974  134117  8.50    104.30
133984  134381  11.36   56.75
133984  133947  10.13   63.29
134024  134222  2.33    30.72
134026  134632  6.24    103.78
134042  133565  6.88    69.78
134042  133930  4.75    96.86
134057  133779  3.00    52.81
134061  133855  4.25    97.31
134061  134660  3.68    93.99
134064  133658  5.00    145.82
134070  133779  19.13   45.46
134070  134057  0.00    19.69
134071  134814  7.55    113.34
134071  134183  8.92    124.06
134101  134810  2.67    109.26
134107  133572  5.35    79.40
134107  134630  9.17    118.30
134113  134209  9.20    83.05
134113  133660  5.79    66.27
134117  134551  12.64   64.58
134117  134220  10.12   85.24
134128  135094  4.50    149.90
134132  134787  4.60    118.88
134138  134958  14.33   127.20
134144  134146  0.00    10.71
134144  134251  20.00   19.85
134146  133609  6.63    81.57
134149  134768  9.37    96.89
134154  133400  2.00    108.84
134154  133493  10.00   110.30
134166  133664  4.00    79.54
134183  133597  5.48    89.03
134183  134823  8.76    140.57
134192  134638  6.97    84.88
134196  134892  10.00   120.03
134199  133763  8.13    120.01
134209  134335  5.33    83.06
134219  133655  9.23    87.49
134219  134057  2.20    101.34
134220  134352  8.86    85.25
134222  134432  5.50    27.69
134222  134461  6.60    56.75
134242  133732  6.29    95.29
134242  134071  8.83    114.71
134251  134146  11.50   17.66
134263  134183  5.33    10.95
134279  133713  9.00    85.62
134279  133704  7.14    102.12
134284  134875  3.00    90.94
134298  134990  9.20    123.46
134302  133676  0.00    105.09
134335  134706  4.67    59.61
134335  134451  8.89    82.32
134347  133784  14.33   83.57
134352  134485  11.50   75.95
134352  134738  7.25    63.53
134381  134304  9.80    127.56
134381  135104  9.50    118.28
134383  134284  0.00    70.57
134383  133930  11.00   66.76
134387  134064  5.75    144.93
134396  134383  5.33    7.89
134403  134463  4.17    92.28
134406  134432  5.75    75.12
134416  135199  4.38    123.21
134432  134835  3.62    63.77
134440  135282  0.00    146.01
134440  135289  11.50   141.62
134451  134551  34.33   82.31
134454  134723  0.00    53.90
134457  134558  1.00    21.05
134457  134606  3.00    23.36
134461  134489  6.50    7.38
134461  134042  5.33    60.28
134463  134496  3.00    79.04
134485  134616  3.00    26.23
134489  134533  5.50    11.69
134489  134396  3.00    98.74
134496  135131  3.00    101.69
134496  134548  9.44    91.02
134513  134113  7.00    59.43
134513  134615  11.29   82.83
134513  134416  10.50   74.11
134519  134251  9.80    37.02
134533  134857  3.00    89.42
134535  133700  8.58    123.59
134543  135161  10.90   100.37
134548  134602  9.20    94.38
134548  133864  7.86    101.28
134551  134931  5.43    60.43
134551  134648  8.14    84.98
134553  134896  10.07   98.41
134558  135056  6.66    106.92
134574  135244  5.40    110.15
134596  134199  5.80    119.31
134602  134647  9.82    94.38
134603  134263  7.54    77.05
134606  134716  4.44    123.81
134606  134558  20.00   15.18
134606  134166  7.25    78.20
134615  134706  7.33    82.86
134616  135278  12.33   119.83
134616  134878  10.50   114.10
134618  133876  11.98   115.21
134630  134961  6.50    51.78
134630  134879  7.67    103.69
134632  135056  9.32    75.88
134638  134519  6.67    124.35
134638  135299  8.91    102.39
134648  134738  13.38   84.97
134660  134896  2.00    37.01
134660  134944  0.00    44.43
134682  134154  12.43   91.25
134693  134638  8.00    89.29
134706  135089  3.00    59.50
134706  134824  3.00    82.22
134716  134735  7.10    75.29
134716  135034  3.00    72.15
134718  133876  7.25    129.18
134723  134279  0.00    80.21
134734  133764  14.38   148.13
134734  134693  7.10    89.24
134735  134819  5.50    75.41
134738  134878  10.00   19.07
134745  134734  4.40    37.99
134745  134365  11.50   61.36
134768  134745  3.58    77.44
134768  135336  8.11    86.56
134787  134723  6.00    28.08
134787  135276  4.00    140.89
134810  134958  10.50   103.43
134811  135364  11.00   146.03
134811  134263  1.50    97.67
134814  134862  8.00    17.68
134819  134070  9.83    117.95
134819  135030  7.00    125.46
134823  134811  14.33   16.60
134824  134931  3.00    82.18
134857  135173  7.83    89.42
134862  134242  6.36    116.01
134862  134972  3.00    22.01
134871  134596  7.00    118.45
134875  135370  10.00   76.71
134875  134396  5.60    122.19
134878  135068  11.50   31.83
134878  135058  0.00    72.88
134879  135129  5.67    103.85
134884  134242  9.67    120.62
134884  135630  8.40    118.58
134884  134768  4.75    93.92
134886  134603  12.31   76.63
134886  134814  1.00    19.79
134887  134983  4.25    83.47
134887  134513  6.40    59.28
134890  134823  8.91    57.51
134890  134347  11.97   83.57
134892  134787  6.00    62.39
134896  135678  3.66    123.04
134896  134944  0.00    17.36
134916  134682  5.80    59.12
134916  134302  8.60    105.20
134931  135309  5.43    58.95
134931  135058  8.67    110.02
134955  134682  7.83    46.96
134955  134632  5.80    66.39
134958  135248  3.00    44.43
134961  135633  6.67    104.53
134972  135078  6.68    18.17
134972  134884  8.04    117.67
134981  134862  2.00    22.48
134981  134886  3.00    26.35
134983  135089  11.50   83.52
134990  135530  15.89   110.23
134990  134892  0.00    61.97
135023  134548  11.00   75.53
135027  134961  10.75   74.93
135027  134107  5.91    140.98
135030  135244  8.42    129.87
135030  134219  4.53    128.07
135034  135662  5.71    133.64
135034  135307  8.22    59.30
135041  135085  5.27    93.48
135056  135180  0.00    28.87
135058  135123  0.00    59.56
135063  135023  3.00    86.72
135068  135123  12.67   9.53
135068  135170  8.50    88.32
135078  135587  8.80    92.44
135078  134981  9.13    27.07
135085  134463  10.33   99.37
135085  135131  11.50   81.67
135089  135487  1.00    59.89
135089  135189  11.50   82.38
135094  136061  3.00    145.15
135094  135027  3.88    82.57
135097  135030  8.00    11.84
135097  135563  16.10   133.85
135104  135452  3.00    64.02
135104  135168  3.00    69.70
135106  134990  6.50    86.89
135106  134387  8.17    148.45
135114  135002  11.00   20.20
135114  135063  9.38    86.74
135123  135526  6.43    59.44
135129  135411  11.50   103.79
135131  135188  3.13    91.72
135143  135265  11.90   96.15
135146  134533  7.88    99.33
135161  136176  13.23   147.95
135161  135094  8.38    77.77
135168  135290  8.63    112.39
135168  134519  11.94   104.71
135170  135278  9.00    88.27
135180  135260  0.00    14.11
135180  135708  4.75    121.19
135188  135361  14.33   24.76
135188  135023  8.64    26.12
135189  135309  8.17    82.38
135199  134916  8.67    90.53
135199  135267  5.25    55.11
135199  135725  5.08    75.01
135229  135598  8.77    94.40
135229  134890  11.50   53.47
135244  136229  3.38    146.49
135244  134944  5.76    102.42
135248  135567  3.00    47.89
135248  135161  8.50    79.16
135260  134606  6.88    139.15
135260  135662  2.00    88.09
135265  134819  7.45    72.07
135267  134887  6.90    60.51
135267  135287  5.40    14.39
135271  135106  6.50    90.83
135271  134871  11.43   119.72
135276  135556  7.14    72.24
135276  134535  9.38    122.64
135278  135754  7.67    80.42
135282  135958  2.50    142.64
135287  135392  7.18    75.83
135287  135709  5.13    61.09
135289  135954  10.65   137.77
135290  135299  3.00    12.09
135299  135429  9.80    88.73
135307  135143  8.44    97.06
135309  135375  3.00    10.72
135317  134618  6.90    114.72
135336  135908  7.86    86.52
135360  134955  20.00   94.45
135361  135404  3.00    80.47
135364  134886  7.89    91.66
135364  135482  8.40    27.58
135375  135719  7.00    49.17
135375  135491  0.00    83.82
135392  135487  6.50    75.80
135404  135448  11.36   80.47
135411  135581  6.50    76.75
135422  135638  8.00    32.46
135429  135665  9.19    89.28
135448  135114  3.00    49.97
135448  135452  3.00    29.63
135452  135813  8.50    61.22
135478  134718  20.00   127.13
135482  134981  5.80    92.24
135487  135887  20.00   61.17
135487  135595  7.80    84.19
135491  135593  8.67    83.80
135495  135422  7.83    118.40
135526  135593  0.00    9.76
135526  135617  3.00    64.87
135530  135991  9.20    109.11
135556  136019  2.20    90.96
135563  135265  10.00   48.12
135564  135495  7.97    130.95
135564  135701  0.00    18.34
135564  135361  11.00   40.85
135567  136405  4.25    121.06
135578  135307  10.42   52.65
135581  135950  15.00   79.21
135582  135638  9.34    119.68
135587  135482  10.60   26.29
135593  136080  8.67    73.46
135595  135719  10.33   84.18
135598  135956  8.32    94.54
135617  135997  14.33   60.05
135617  135728  10.29   76.95
135630  136144  5.62    122.93
135630  135078  7.48    142.94
135633  135718  2.00    127.46
135633  136558  6.38    137.85
135638  135838  5.29    28.72
135657  136079  5.47    94.11
135657  135260  7.67    91.33
135662  135909  5.69    84.01
135665  134734  9.25    138.53
135665  135908  7.77    121.15
135678  135556  4.71    76.82
135678  136019  6.13    57.06
135701  135955  10.50   42.06
135708  136148  3.00    120.33
135709  136361  11.00   95.15
135709  135803  8.80    77.07
135714  135563  13.33   21.21
135714  135959  0.00    41.57
135718  135775  1.40    127.44
135719  135863  3.00    24.12
135723  135027  3.09    103.03
135725  135360  9.00    93.55
135725  135867  0.00    24.43
135728  135819  3.00    76.97
135754  136228  6.75    71.44
135757  135271  3.83    90.08
135761  136054  5.83    47.70
135761  135701  11.50   100.55
135775  135411  1.00    52.44
135782  136489  11.00   131.92
135803  135887  8.00    77.07
135809  135567  7.45    103.28
135813  135974  10.75   30.58
135813  135761  12.73   81.37
135819  135754  0.00    19.09
135826  135106  4.00    137.64
135863  136132  7.86    38.96
135863  135973  7.68    90.20
135867  136238  0.00    48.61
135870  135317  10.89   111.73
135875  135168  8.09    105.05
135887  136549  7.30    104.26
135887  135994  6.22    84.41
135894  135838  6.29    119.76
135894  135495  10.00   61.36
135908  136144  6.00    39.84
135909  135578  9.28    60.38
135909  136338  5.55    101.78
135914  135714  0.00    41.39
135914  135959  0.00    28.80
135950  136098  0.00    26.37
135954  136339  0.00    74.04
135955  135894  8.86    131.84
135955  136054  8.11    110.86
135956  136333  11.00   84.19
135956  135482  7.07    90.77
135958  136210  0.00    42.15
135958  135229  11.33   111.90
135959  136431  8.60    63.74
135966  135097  14.33   137.81
135973  136870  5.50    146.83
135973  136080  9.20    73.01
135974  136410  4.40    82.46
135988  135657  6.43    97.30
135988  136086  3.00    16.10
135990  135665  9.46    54.03
135990  136069  9.72    94.14
135991  136269  2.60    55.25
135994  136132  8.00    84.41
135997  136575  3.00    81.80
135998  135578  7.38    111.12
135998  136338  8.13    59.14
136019  136243  5.17    27.15
136047  135998  0.00    8.92
136047  136400  10.00   59.94
136049  135290  7.75    116.05
136054  136582  9.44    85.39
136061  136990  8.17    143.92
136069  136049  11.29   93.91
136077  135950  0.00    16.93
136077  136098  6.50    23.37
136078  135478  0.00    124.13
136079  136531  8.20    94.02
136080  136501  2.60    59.72
136086  136348  10.00   52.72
136098  136279  6.33    144.41
136132  136749  4.80    96.79
136144  136611  5.32    81.42
136148  136238  0.00    17.01
136148  135867  0.00    41.17
136153  136228  3.00    45.26
136158  135819  4.67    78.07
136158  135997  12.71   105.82
136171  136669  7.00    91.03
136171  135630  8.47    96.61
136171  135587  9.20    143.73
136210  136506  3.00    69.80
136210  136339  0.00    20.05
136228  136734  5.33    118.34
136229  135966  0.00    129.07
136238  136326  0.00    14.97
136238  136361  4.00    64.46
136243  136229  3.83    122.21
136243  136301  10.00   9.01
136259  135966  0.00    36.29
136259  136343  1.00    70.97
136269  135276  1.86    147.77
136275  136077  3.33    127.03
136275  135775  0.00    70.97
136278  135988  5.97    62.89
136278  136148  4.45    16.01
136279  135757  11.50   90.76
136301  136136  10.00   59.08
136301  136743  6.55    70.90
136326  136278  10.00   15.09
136326  137058  0.00    111.68
136327  136549  0.00    104.30
136333  136669  6.86    84.36
136338  136400  0.00    11.63
136339  136601  0.00    52.64
136339  136449  0.00    19.99
136348  136523  0.00    42.16
136348  137273  8.25    141.83
136361  136327  15.00   103.53
136362  136275  9.50    117.87
136388  135914  6.16    82.17
136400  136843  8.12    96.22
136410  136970  0.00    84.73
136414  135723  6.89    102.79
136415  136171  11.21   59.33
136421  136388  10.00   27.39
136421  136259  0.00    32.14
136423  136326  6.47    94.35
136427  135870  20.00   111.05
136431  136528  10.00   77.25
136449  136427  0.00    23.02
136449  136078  0.00    73.57
136451  136423  3.37    93.98
136485  135990  8.00    127.94
136485  136751  7.73    108.95
136489  137036  6.50    141.11
136499  136279  6.40    53.74
136501  136575  8.67    62.97
136501  137020  7.70    79.98
136503  136388  0.00    17.17
136503  136431  0.00    73.45
136506  136774  0.00    56.39
136506  135956  7.14    94.79
136523  137041  11.50   78.10
136523  136731  8.80    106.16
136528  136843  10.00   67.87
136528  136047  10.00   99.61
136531  135909  8.56    112.80
136549  136749  4.20    89.71
136550  135826  11.42   137.73
136550  135991  4.60    99.14
136558  136362  3.29    118.46
136569  136421  7.88    121.66
136569  136683  5.40    89.54
136575  136636  7.40    44.93
136578  136451  4.48    59.42
136582  137071  7.40    85.25
136587  135875  6.26    104.70
136601  136725  10.00   23.09
136601  136506  6.35    21.56
136611  136666  0.00    12.08
136611  137141  10.00   80.12
136624  136485  8.70    26.53
136625  136489  8.67    96.73
136636  136158  6.40    101.91
136636  136734  11.50   76.65
136665  136601  0.00    18.52
136665  136449  0.00    46.24
136666  137166  8.08    91.29
136666  136415  10.67   63.43
136669  136895  5.33    59.55
136669  137152  8.88    88.43
136683  136769  7.00    89.46
136702  136563  10.00   68.90
136702  136400  11.50   58.61
136716  136086  10.00   95.53
136719  136725  7.70    23.93
136719  136665  0.00    8.83
136725  136783  0.00    12.99
136725  136774  0.00    40.62
136731  136531  3.00    47.58
136734  137073  0.00    77.58
136734  136625  11.50   96.62
136741  136427  20.00   62.93
136741  136719  0.00    34.40
136741  136665  3.00    30.73
136743  136769  5.80    5.52
136749  136870  10.25   58.23
136751  136937  6.20    108.45
136761  136451  10.00   76.48
136769  137485  3.89    110.12
136771  137127  0.00    85.26
136771  136578  1.75    88.15
136774  137152  6.50    118.20
136776  136817  2.90    56.22
136776  136719  3.50    12.37
136783  136776  0.00    24.05
136783  137299  10.00   83.17
136791  136741  7.16    45.64
136803  136499  3.00    56.58
136809  136269  6.00    85.93
136817  136861  8.50    29.23
136817  136741  0.00    19.99
136820  136049  0.00    113.33
136820  136587  10.12   98.68
136823  136743  6.75    100.44
136833  136731  11.50   35.05
136843  137382  9.83    102.94
136843  136961  7.67    89.13
136861  137003  5.97    102.71
136870  137020  8.24    116.69
136882  137176  3.00    90.84
136885  136803  0.00    15.70
136894  136550  8.89    69.08
136894  136499  2.60    95.51
136895  137166  10.00   64.10
136895  136415  8.09    92.52
136901  136791  0.00    90.47
136937  136820  8.93    107.96
136946  137175  0.00    36.99
136946  136882  8.33    108.07
136958  136970  5.33    24.47
136961  137064  5.63    89.13
136966  136833  13.20   52.22
136966  137534  10.00   86.22
136970  136992  7.79    60.60
136978  136563  7.25    83.50
136991  136702  5.57    57.66
136992  136997  6.50    10.57
136992  136594  11.00   60.96
136995  137155  5.80    113.15
136997  137032  10.79   58.62
136998  136771  6.63    107.21
137003  137049  0.00    27.01
137003  137539  3.00    80.04
137008  136414  10.00   101.40
137008  136558  3.75    81.98
137019  136761  5.50    75.67
137020  137073  3.92    140.56
137032  136654  14.33   55.71
137032  137051  12.60   41.58
137036  136901  20.00   90.47
137041  136966  0.00    22.36
137045  136995  6.17    112.87
137045  136946  3.00    26.87
137049  137585  11.00   81.87
137049  137102  7.11    49.21
137051  137887  10.00   117.20
137051  137071  6.69    42.97
137055  136278  9.15    118.67
137058  137782  10.00   103.20
137064  136503  9.00    84.69
137064  137198  6.59    109.00
137071  137948  8.39    141.18
137071  137111  4.44    75.38
137073  137138  8.45    135.17
137073  137162  0.00    13.20
137088  136998  10.95   106.52
137102  137126  20.00   26.40
137102  137674  4.00    82.83
137106  136578  11.00   125.18
137126  137225  6.57    83.26
137127  137504  6.44    93.48
137127  137412  11.94   120.70
137137  137197  11.50   43.09
137138  137036  6.26    95.68
137139  136624  9.64    85.69
137141  137706  10.36   80.11
137150  137088  3.85    106.44
137152  137189  0.00    7.45
137152  137393  2.83    59.54
137153  137041  8.40    30.93
137153  137612  0.00    68.67
137155  136558  9.14    118.45
137162  137150  5.33    20.74
137166  137290  7.00    22.35
137176  136885  3.00    48.26
137176  137586  8.75    90.37
137184  136978  6.50    81.20
137184  136833  9.33    51.78
137189  136783  5.68    145.27
137196  137162  6.14    85.80
137198  137332  2.60    109.00
137208  137337  0.00    22.24
137208  136569  8.80    119.52
137210  136624  6.25    94.79
137225  137196  8.60    42.17
137225  137138  0.00    15.75
137273  137153  0.00    35.16
137290  137685  7.22    67.76
137299  137878  3.00    83.68
137301  137736  15.75   105.05
137306  136776  3.00    88.60
137332  137480  3.00    22.36
137332  137337  0.00    4.69
137336  136991  4.67    79.27
137337  137375  0.00    29.82
137348  137258  12.71   14.07
137348  137383  20.00   49.87
137360  136817  21.00   81.88
137364  136716  7.83    96.23
137364  137055  0.00    45.74
137375  137485  5.28    117.04
137375  137208  0.00    32.38
137377  136809  4.93    85.93
137382  137561  3.00    34.27
137382  136991  5.50    90.74
137383  137394  10.00   51.13
137393  137685  1.00    65.03
137393  136895  6.78    88.78
137394  137395  8.67    53.62
137395  137409  8.67    57.74
137400  137196  3.00    32.92
137400  137225  0.00    42.14
137401  137377  8.67    14.65
137402  137273  4.17    56.58
137402  137364  5.33    6.60
137407  137654  1.00    79.48
137407  137561  0.00    38.15
137409  137820  3.60    58.36
137409  137410  0.00    15.39
137410  136958  9.00    66.79
137410  137443  11.20   56.34
137412  137602  8.88    120.08
137431  137401  0.00    20.85
137431  136823  10.00   104.02
137443  137637  0.00    26.73
137449  137137  6.50    77.78
137455  137184  8.50    40.79
137455  137336  7.67    76.99
137457  137743  3.00    55.74
137457  137045  8.67    91.04
137458  136894  3.07    128.58
137458  137377  8.00    13.48
137474  137150  10.00   97.55
137474  137613  0.00    24.70
137480  137375  6.50    36.20
137485  137574  3.20    13.87
137490  137106  6.17    123.48
137490  138021  6.50    72.05
137502  136882  9.00    94.14
137504  137786  11.67   46.66
137504  137858  11.89   72.93
137514  137189  2.73    76.38
137514  138094  9.14    100.77
137520  137541  0.00    13.58
137534  137455  3.00    51.87
137539  137520  0.00    11.91
137541  137606  0.00    9.73
137541  137360  8.33    115.84
137550  137900  0.00    44.86
137550  137534  3.00    15.83
137561  137913  3.00    56.22
137572  137539  5.40    18.97
137574  138039  3.45    60.24
137574  137431  5.50    99.32
137585  137572  0.00    9.94
137586  138045  5.43    90.24
137587  137474  5.33    30.15
137587  137613  0.00    9.15
137596  137587  0.00    3.05
137602  137596  6.50    39.13
137606  137675  0.00    17.66
137606  137844  0.00    35.47
137612  137550  11.50   35.34
137613  137640  0.00    3.04
137632  137572  10.00   25.38
137632  137520  0.00    17.93
137637  137671  0.00    48.15
137637  138109  0.00    71.19
137640  137705  0.00    9.11
137640  137729  3.00    50.96
137654  137763  13.33   78.02
137663  137457  10.00   56.26
137671  136997  14.50   94.92
137672  137602  20.00   24.74
137674  137585  6.50    49.29
137675  137632  0.00    7.09
137685  138011  1.00    64.98
137685  137746  10.36   10.61
137694  137596  0.00    12.14
137694  137672  0.00    12.53
137705  137724  0.00    3.03
137706  137139  5.89    86.13
137719  137126  5.57    84.21
137719  137674  0.00    28.80
137724  137735  0.00    6.11
137724  137911  3.00    27.79
137729  137705  0.00    50.75
137729  137795  0.00    101.18
137730  137694  0.00    6.08
137735  137730  0.00    3.06
137746  137514  6.42    47.63
137756  137301  0.00    104.97
137756  137736  2.60    119.90
137763  137455  3.00    41.96
137763  137900  14.33   68.90
137774  137612  5.11    94.48
137774  137402  2.33    50.82
137779  137064  9.00    101.14
137782  137774  0.00    12.90
137782  137490  6.00    77.24
137782  138628  3.00    115.34
137786  138260  9.13    72.98
137786  137895  8.70    116.97
137795  137818  5.00    66.25
137795  137400  6.33    82.99
137814  137925  7.63    144.52
137818  138810  6.25    140.59
137818  137719  5.33    128.22
137820  138385  7.80    80.41
137820  138109  7.38    73.54
137821  137290  11.00   105.02
137821  137706  11.50   16.02
137841  137873  8.67    50.65
137841  137671  11.50   22.39
137844  137879  0.00    6.13
137858  137944  11.00   15.47
137858  138400  6.22    101.13
137865  137844  0.00    3.26
137865  137675  11.23   39.85
137873  137032  6.50    117.66
137873  137887  16.67   39.17
137878  138532  8.71    95.37
137879  137865  0.00    6.36
137888  137210  5.22    95.72
137888  137905  5.83    8.89
137895  138048  8.91    116.33
137900  138243  0.00    46.47
137900  138123  2.33    133.74
137905  138037  7.86    68.78
137905  137449  6.50    79.11
137911  137730  0.00    32.77
137911  138032  0.00    22.03
137913  138481  0.00    103.84
137913  137756  13.25   96.50
137923  137306  11.50   89.46
137925  137502  13.86   90.59
137944  138326  5.83    61.04
137953  137779  8.43    126.09
137953  137480  10.00   117.49
138002  137821  9.49    31.44
138002  138040  50.00   12.83
138011  138249  9.14    40.74
138021  138573  7.75    75.33
138021  137858  5.50    121.81
138032  138316  6.50    65.53
138032  138572  0.00    80.34
138037  138057  4.75    49.79
138037  137137  0.00    133.09
138039  138322  3.43    36.64
138039  138118  2.50    131.34
138040  138254  9.10    97.40
138040  138518  9.33    93.92
138045  138434  7.40    93.88
138046  138169  10.00   49.33
138046  137383  10.00   95.30
138048  137672  6.31    92.59
138048  138082  7.55    26.92
138051  138046  8.00    51.23
138051  137348  5.33    101.55
138057  138051  11.50   52.53
138057  137197  6.50    126.05
138080  137746  6.18    63.81
138080  138011  0.00    11.07
138082  138316  0.00    59.09
138084  138637  5.40    116.80
138094  138677  8.00    116.32
138094  138532  8.38    70.30
138109  138509  11.50   67.89
138118  137953  9.86    131.54
138123  137774  0.00    44.85
138126  137779  6.50    44.27
138126  138392  0.00    135.45
138136  138164  15.00   20.66
138136  137458  6.25    88.86
138148  137763  11.50   49.55
138148  137913  5.71    130.46
138152  138126  10.00   121.76
138156  137795  3.00    47.32
138164  138181  20.00   16.29
138169  138262  13.63   49.19
138169  137394  9.75    108.03
138181  138322  29.33   101.72
138234  137360  5.64    121.96
138243  138148  15.75   70.23
138249  138858  0.00    114.98
138249  138002  8.80    38.57
138254  137888  16.67   50.06
138254  138267  9.00    8.01
138255  137865  0.00    61.82
138255  138545  7.69    120.10
138256  138673  10.77   141.46
138256  137841  3.00    62.87
138260  138562  10.86   128.29
138260  138754  7.58    85.26
138262  138385  8.17    55.46
138262  137395  7.00    122.77
138267  138518  24.33   49.38
138267  138327  11.20   25.22
138301  138256  5.06    6.14
138304  138243  0.00    31.27
138316  139137  7.25    125.99
138320  138249  6.70    10.79
138320  138080  6.11    42.38
138322  138576  6.33    38.06
138323  138152  13.25   121.96
138326  138986  7.00    116.00
138327  138490  9.17    90.41
138364  138064  11.50   100.07
138378  138304  10.00   47.80
138385  138421  3.00    15.31
138392  138535  24.33   134.93
138400  137944  3.00    100.47
138402  138810  3.00    97.70
138421  138509  5.83    39.30
138421  138750  6.50    48.87
138434  138136  4.25    43.69
138458  138378  1.40    56.98
138458  138123  6.33    47.62
138481  138555  0.00    14.48
138481  138323  6.73    121.97
138490  138536  4.75    22.86
138490  138057  10.50   62.11
138509  138560  6.50    22.21
138511  138304  10.00   31.84
138518  139090  10.21   125.50
138532  138906  3.00    61.73
138535  138576  8.67    134.70
138536  138584  9.80    24.38
138545  138402  7.80    95.91
138545  137719  3.00    113.29
138555  138511  11.20   140.28
138555  139035  5.33    92.64
138560  138630  11.50   27.36
138560  138867  0.00    46.64
138562  139039  10.00   103.49
138568  138700  9.00    100.21
138572  139213  6.92    97.10
138572  138156  3.00    103.50
138573  139057  1.67    75.06
138576  138777  4.67    29.34
138584  138051  12.71   77.32
138584  138693  11.00   48.92
138600  138458  7.67    21.04
138611  138080  6.50    86.19
138615  138568  10.00   100.02
138615  138126  4.50    68.69
138628  138786  3.00    25.56
138628  138600  3.00    17.66
138630  138301  10.00   59.93
138630  138708  3.00    29.51
138637  138045  7.86    84.86
138677  138906  6.33    102.64
138693  138780  20.00   48.13
138693  138046  14.00   92.68
138700  138818  10.00   100.30
138708  138301  11.00   57.72
138716  138084  13.67   120.70
138738  138156  8.33    84.18
138749  138786  0.00    18.84
138749  138600  9.00    22.73
138750  139080  3.00    50.96
138754  139186  1.67    84.35
138776  137879  7.47    142.68
138777  138690  2.00    88.63
138777  139227  3.30    69.56
138780  138169  12.29   94.01
138780  138887  8.67    49.81
138786  139118  4.25    58.24
138797  138536  5.80    52.85
138797  138327  5.50    102.79
138810  138930  3.00    17.38
138815  137925  6.50    126.01
138818  139035  6.14    138.21
138822  138615  9.83    148.63
138858  139477  0.00    114.68
138861  137923  13.14   141.16
138867  139203  6.50    50.09
138867  138750  0.00    62.51
138870  138255  3.00    103.39
138874  138326  9.63    116.80
138874  139105  5.44    98.10
138887  138262  14.86   98.00
138887  138959  7.25    25.83
138906  139445  0.00    81.46
138920  138320  3.70    114.13
138930  139165  3.00    92.34
138930  139366  0.00    64.65
138932  138822  7.10    75.37
138959  139080  9.79    61.71
138966  138855  10.00   102.17
138973  138378  3.00    96.65
138986  139675  7.56    115.90
139035  138511  3.60    115.25
139035  139373  10.00   54.40
139038  138932  6.50    75.39
139039  138082  10.43   139.63
139040  138234  7.16    122.11
139057  139323  3.00    87.91
139066  139039  0.00    4.05
139066  139137  0.00    68.77
139072  138255  8.25    147.89
139072  139424  20.00   70.62
139080  139162  10.00   39.93
139081  139057  0.00    7.58
139090  138797  9.20    58.54
139090  139471  10.00   77.94
139096  138966  10.00   102.33
139096  138818  5.33    42.23
139105  139635  10.00   101.27
139118  139672  0.00    106.92
139118  139323  9.20    37.43
139129  138615  3.00    79.90
139129  139242  0.00    16.77
139137  139870  8.67    100.52
139137  139178  11.50   36.90
139144  139081  0.00    40.03
139151  138797  8.67    78.59
139153  139144  0.00    3.62
139153  138874  0.00    50.47
139158  138434  4.58    110.12
139165  139072  14.75   111.15
139178  139968  0.00    108.73
139178  139213  9.80    34.30
139186  139066  5.83    92.54
139186  140022  12.13   118.12
139194  138611  4.67    88.06
139201  138749  7.80    78.82
139211  138887  7.20    62.60
139211  138584  14.33   136.71
139212  139158  3.00    39.31
139213  139935  1.00    98.92
139213  139285  0.00    76.10
139222  139153  1.00    35.16
139226  139212  10.00   11.53
139227  139331  3.88    15.30
139227  139038  4.71    125.36
139234  139479  5.06    140.90
139242  139262  4.00    4.93
139248  139242  0.00    4.94
139249  139234  4.60    97.73
139249  139308  0.00    18.92
139260  139129  0.00    17.86
139260  139248  0.00    2.47
139262  139308  0.00    7.39
139262  139249  0.00    18.02
139270  139260  0.00    2.22
139285  138738  10.50   84.18
139285  139366  0.00    71.10
139308  139322  0.00    2.52
139322  139340  0.00    7.87
139322  139454  20.00   16.81
139323  139867  8.50    94.06
139323  139559  3.75    37.03
139326  138920  6.48    78.99
139331  139933  3.14    81.13
139331  139226  2.33    90.84
139337  139341  0.00    28.20
139337  139270  1.00    11.07
139340  139337  0.00    1.53
139341  139270  0.00    26.62
139357  139194  0.00    73.28
139366  140294  6.25    127.69
139373  138973  10.75   93.38
139373  139547  0.00    21.95
139386  138861  10.00   81.47
139402  138637  16.00   118.60
139424  138870  4.17    101.86
139445  140112  0.00    100.79
139445  140321  0.00    140.34
139454  139340  20.00   15.26
139471  139853  10.43   77.94
139477  139885  1.00    76.14
139477  139090  8.20    71.48
139479  139096  5.33    53.44
139526  139341  7.88    109.70
139526  138822  8.17    102.09
139528  138920  10.18   126.87
139533  139647  0.00    25.50
139547  139610  0.00    10.15
139555  139211  10.75   60.13
139555  139151  9.31    78.78
139559  139775  6.75    38.01
139559  139081  20.00   82.50
139585  139201  5.44    76.89
139588  138861  6.40    117.75
139600  138959  11.00   123.97
139610  139709  10.00   13.90
139635  139675  3.00    56.95
139638  139588  1.00    22.63
139642  139222  0.00    70.41
139642  139981  1.00    65.98
139646  139585  0.00    19.43
139646  139757  0.00    21.61
139647  140242  0.00    89.81
139647  139635  0.00    44.10
139652  139211  0.00    86.09
139658  139526  6.25    88.36
139661  139072  13.71   91.84
139672  139757  0.00    22.77
139672  139585  3.00    15.27
139673  139066  10.00   84.16
139674  139813  0.00    29.74
139675  139976  0.00    50.34
139687  139547  0.00    46.26
139687  139479  3.28    148.93
139701  138776  9.08    143.62
139709  139646  0.00    29.33
139738  139631  0.00    21.53
139738  140034  10.00   59.07
139757  139986  4.40    68.74
139758  139234  4.67    71.49
139766  140229  3.00    91.16
139766  139326  7.67    78.88
139774  139424  10.00   52.41
139775  139997  3.00    38.72
139775  139144  0.00    108.96
139788  139038  9.40    104.02
139788  139658  3.43    88.36
139791  139709  3.60    49.91
139791  139687  1.00    15.41
139813  140306  0.00    74.32
139819  139758  0.00    56.06
139830  139819  3.00    60.81
139830  139454  0.00    52.26
139853  139555  7.67    59.23
139853  140573  10.22   149.88
139864  139791  0.00    34.32
139867  140059  2.00    37.14
139870  140489  3.00    98.99
139875  140020  0.00    24.78
139875  139701  20.00   24.61
139885  140258  7.83    75.53
139924  139638  3.00    51.18
139924  139040  13.69   122.58
139928  139791  2.33    19.01
139928  139864  5.50    29.03
139935  140617  4.75    98.97
139936  139386  1.00    81.45
139936  139674  13.25   97.27
139943  139555  7.75    80.86
139968  140686  0.00    108.17
139976  140200  3.00    34.98
139981  139738  0.00    71.05
139981  140357  3.00    71.32
139986  139928  0.00    30.56
139986  140111  0.00    23.27
139991  139830  6.50    22.25
139995  139788  6.45    139.79
139997  139642  0.00    62.01
139997  140639  11.50   128.45
140006  140288  20.00   39.91
140006  139864  5.50    74.48
140020  139701  8.50    45.21
140022  140210  8.67    32.64
140034  140572  7.67    82.07
140052  140081  7.25    46.97
140052  139875  9.57    104.50
140059  139559  0.00    89.72
140059  140106  0.00    8.03
140068  139924  0.00    21.63
140068  140306  0.00    89.80
140075  139652  9.00    86.09
140076  140052  0.00    8.86
140078  139165  26.60   132.91
140078  140302  9.80    70.35
140081  140068  0.00    3.43
140087  139928  9.00    23.83
140087  140111  3.00    19.49
140105  139991  0.00    24.14
140106  140267  0.00    28.90
140111  140364  3.00    39.90
140112  140679  0.00    99.74
140164  140081  0.00    13.26
140164  140076  8.33    30.48
140194  140307  4.75    95.61
140194  139528  10.75   127.40
140200  140022  7.00    40.15
140200  140440  8.67    40.10
140209  140389  3.00    33.53
140209  139867  10.00   71.13
140210  140276  0.00    18.10
140210  140440  0.00    44.52
140219  139766  3.13    88.67
140222  139753  0.00    96.84
140224  140006  4.33    105.70
140229  140194  0.00    6.98
140238  139774  3.00    69.49
140238  140541  1.00    84.12
140244  139285  8.67    129.03
140253  139526  10.00   101.45
140253  139991  7.55    134.11
140258  139853  8.38    76.53
140258  140568  5.00    76.02
140267  140445  0.00    34.97
140267  139775  0.00    85.80
140268  140076  0.00    29.25
140268  140164  0.00    23.62
140275  139194  13.33   147.19
140276  140489  8.00    56.74
140276  139673  11.20   84.03
140288  140688  1.00    108.54
140288  140931  12.67   131.52
140294  140078  0.00    46.68
140302  140506  3.00    69.71
140302  139661  7.00    92.58
140306  140575  53.25   48.46
140307  140979  5.33    105.98
140307  140275  11.33   80.61
140308  140976  10.50   104.20
140308  140253  4.75    38.05
140321  141015  0.00    138.91
140344  139943  14.33   80.86
140357  140034  0.00    64.70
140357  141366  15.00   149.45
140364  140087  10.75   37.39
140364  140452  0.00    12.53
140379  140224  3.00    68.32
140379  139758  6.89    84.47
140380  139936  13.60   69.17
140385  139997  3.00    67.54
140389  140408  0.00    3.63
140389  140106  0.00    74.22
140408  140806  7.75    83.45
140436  140308  2.60    80.71
140440  141060  10.91   117.62
140440  140888  13.17   78.08
140445  140385  10.00   15.18
140452  140552  1.00    16.53
140470  141221  3.00    139.85
140470  140445  0.00    12.08
140489  140846  1.67    67.33
140506  140713  0.00    67.89
140506  139774  5.60    110.18
140509  141004  0.00    92.36
140509  140408  10.00   30.62
140536  140470  0.00    15.80
140541  140020  10.00   75.41
140542  139788  4.75    106.00
140548  139976  3.90    88.98
140552  140667  3.00    17.02
140556  140552  3.00    18.12
140556  140452  0.00    23.27
140568  140778  0.00    56.87
140572  141116  10.33   82.70
140575  141044  8.75    76.01
140584  140164  13.00   64.77
140584  140575  9.20    110.19
140596  140568  13.14   14.54
140596  140219  3.94    88.28
140602  140209  4.00    84.95
140602  140726  0.00    29.19
140617  140244  7.67    103.68
140624  140379  2.50    106.70
140627  140509  10.00   29.98
140639  140357  11.50   62.51
140639  141050  4.67    68.51
140667  140222  3.00    97.22
140667  140766  0.00    18.33
140679  141064  0.00    80.88
140686  140617  1.00    18.72
140700  140380  0.00    61.79
140713  140238  4.00    74.78
140715  140224  12.29   99.13
140726  140627  0.00    21.42
140733  140244  8.56    75.40
140733  140763  6.80    64.03
140735  141328  13.25   87.84
140735  140596  13.82   82.97
140750  141161  0.00    66.63
140750  140302  9.20    107.41
140762  140624  2.00    65.89
140763  140294  10.00   93.19
140763  140750  7.29    69.17
140766  140602  2.00    40.21
140766  141655  13.50   125.12
140774  140229  11.50   116.12
140774  140735  10.65   39.67
140799  140380  15.00   66.91
140806  141040  3.00    45.55
140842  140268  14.65   110.91
140846  140686  3.00    48.75
140846  141481  8.80    106.08
140861  140774  11.15   73.03
140861  141850  7.67    138.31
140884  140506  9.80    79.26
140888  141476  8.50    97.42
140888  141512  20.00   87.13
140895  141125  10.00   102.57
140895  140556  13.20   68.17
140919  140762  4.50    68.62
140919  140253  5.40    105.72
140924  141044  9.53    56.78
140924  140799  20.00   21.16
140931  141360  5.50    115.03
140949  141171  0.00    53.24
140949  140861  16.87   59.44
140949  141342  0.00    53.71
140979  140949  13.28   29.36
141000  141050  0.00    73.25
141000  140385  6.80    126.37
141004  140806  0.00    40.11
141015  141171  0.00    32.21
141015  140979  11.50   20.26
141027  140596  6.76    113.30
141033  141044  8.14    143.52
141033  140584  9.25    70.08
141040  141547  0.00    101.18
141040  141172  0.00    22.47
141044  141059  0.00    2.49
141050  141366  1.00    46.26
141059  141535  10.90   103.45
141059  141404  13.93   76.13
141060  141808  2.00    117.62
141064  141015  0.00    13.18
141064  141311  0.00    41.78
141080  141004  0.00    17.11
141112  141117  0.00    49.87
141116  141112  0.00    5.56
141116  141701  10.00   76.87
141117  141118  0.00    5.49
141118  140548  11.50   89.69
141135  141064  0.00    16.58
141135  140700  11.50   88.65
141161  141293  0.00    17.01
141161  140884  11.20   77.15
141171  141446  0.00    41.25
141178  140733  9.33    69.09
141187  141135  0.00    12.24
141207  140895  0.00    52.03
141226  140715  6.50    99.13
141226  140624  2.60    97.25
141247  141135  8.67    21.07
141247  141311  8.67    27.66
141254  141247  0.00    11.95
141264  141161  6.50    87.62
141271  141254  0.00    5.61
141388  140842  20.00   109.50
141391  140541  4.40    135.89
141400  141187  0.00    47.74
141461  140762  3.00    105.07
141478  140713  3.00    147.54
141510  141000  4.67    77.23
141517  141033  14.20   73.74
141547  140627  5.00    146.11
141670  141247  0.00    62.66
141809  140931  0.00    136.31
142026  141118  11.20   122.04
113055  113723  7.86    107.39
113715  113728  4.71    14.90
113723  113715  5.35    75.68
113746  113723  6.20    75.74
113811  114485  6.88    141.32
113843  114196  6.40    95.03
113904  114165  0.00    63.36
114000  114623  10.81   106.30
114103  114119  1.00    19.46
114119  114160  13.25   50.86
114119  114853  3.40    111.32
114160  114212  20.00   52.21
114165  113427  8.50    113.67
114172  114755  20.00   106.05
114184  114884  5.20    127.01
114196  114369  7.36    94.22
114212  113788  5.33    59.08
114239  113940  14.60   47.39
114369  114239  10.00   43.85
114439  115085  5.83    117.67
114485  115099  3.50    141.01
114514  114239  0.00    55.69
114517  115150  3.50    107.55
114517  113643  8.10    138.87
114526  114517  7.25    50.19
114531  115411  1.67    148.03
114557  114184  10.00   142.39
114557  113998  2.33    92.83
114579  115224  3.00    123.66
114623  114741  8.27    42.37
114623  115027  12.44   76.34
114678  115350  13.43   111.99
114728  114160  10.33   87.55
114741  114315  3.00    77.01
114741  114891  0.00    48.88
114746  115473  10.67   132.87
114755  115295  6.50    105.89
114797  114369  0.00    95.33
114797  115099  3.00    110.45
114834  114212  3.00    95.44
114853  115262  6.67    107.63
114884  115619  7.00    141.46
114889  114436  8.38    70.06
114889  114557  11.35   127.63
114891  114921  0.00    13.93
114891  115288  0.00    76.22
114921  115200  7.70    117.67
114921  114797  0.00    28.76
114923  115324  0.00    78.75
114923  115072  0.00    52.32
114932  115388  0.00    75.90
114932  115240  6.67    70.62
115022  114337  4.67    125.43
115022  114889  10.75   32.02
115027  115437  8.50    76.46
115037  115651  8.32    102.58
115072  114360  11.00   133.17
115085  115734  7.20    117.71
115099  115200  6.75    23.26
115105  114165  2.00    148.88
115134  114884  0.00    110.80
115134  115518  8.20    95.92
115150  115812  9.83    107.55
115171  115803  7.21    97.67
115200  115531  1.40    110.76
115224  115907  5.90    123.28
115262  115285  11.00   33.32
115262  114728  11.00   87.52
115283  116165  7.00    140.94
115285  114834  9.20    93.97
115288  115474  0.00    29.06
115295  115022  3.00    61.00
115324  115781  6.58    78.76
115350  115969  0.00    109.99
115388  115810  0.00    74.53
115392  115105  0.00    60.46
115411  116301  5.50    148.03
115432  115704  7.25    114.18
115432  115285  0.00    20.53
115437  115902  7.13    83.29
115443  115072  1.00    67.87
115444  115134  5.33    107.96
115472  115483  0.00    12.25
115473  116167  3.00    132.45
115474  115601  0.00    51.34
115492  115776  4.25    44.45
115514  116254  3.00    121.03
115518  115904  0.00    95.86
115529  115474  0.00    77.42
115531  116189  6.75    116.32
115601  115288  0.00    57.66
115601  115700  0.00    79.95
115614  115443  3.50    51.94
115619  116366  0.00    132.65
115619  115854  20.00   81.59
115651  116311  7.53    102.84
115680  116136  13.25   83.63
115692  116224  0.00    115.72
115700  115437  1.00    80.34
115704  116459  8.64    119.50
115716  115444  9.42    107.68
115716  115295  1.00    85.93
115734  115716  5.80    4.47
115771  116253  9.00    79.01
115776  116067  8.67    48.87
115803  116400  10.93   97.81
115810  116486  9.56    126.67
115810  115614  2.00    53.23
115812  116441  11.00   107.55
115814  115692  0.00    104.56
115854  116051  0.00    81.73
115902  116354  8.67    83.32
115907  115734  11.20   58.38
115935  116534  9.80    105.31
115949  116320  3.00    69.85
115956  115679  8.09    73.69
115956  116671  5.13    119.77
115960  115105  7.88    134.99
115969  116472  7.90    92.34
115969  115810  0.00    53.97
116003  115432  1.00    89.25
116014  115443  6.43    103.15
116016  116579  0.00    128.59
116051  116414  0.00    78.20
116051  116392  12.40   118.76
116067  116282  6.50    31.50
116067  116196  12.60   113.71
116091  115956  3.00    40.47
116091  115315  9.82    131.50
116094  116628  4.00    82.78
116104  116732  11.50   111.49
116136  116644  8.91    94.33
116136  115969  0.00    51.96
116141  116247  0.00    35.08
116155  115327  2.60    136.09
116155  116006  5.00    62.64
116165  116793  9.04    101.03
116167  115907  5.50    54.17
116177  115614  11.00   101.75
116189  116712  2.33    83.81
116192  116400  0.00    53.82
116196  116909  8.86    113.21
116196  116165  11.50   32.47
116212  115814  0.00    107.76
116224  116231  2.00    110.53
116231  116189  6.50    36.30
116247  115726  0.00    89.50
116247  116565  11.50   54.92
116253  115776  5.33    136.43
116253  116637  3.00    64.35
116254  117004  11.22   121.05
116282  116637  7.69    133.00
116282  116930  6.33    102.75
116301  116776  10.00   82.20
116301  116155  11.50   62.41
116306  116584  1.00    46.55
116320  116136  0.00    51.05
116320  116833  20.83   96.43
116353  116231  8.70    102.80
116354  116565  2.60    84.03
116366  117028  0.00    123.96
116392  117016  0.00    122.87
116400  117021  8.27    101.74
116414  116366  0.00    27.00
116441  116301  7.06    60.79
116441  116928  10.00   81.33
116458  116353  7.85    102.79
116459  117210  6.73    119.48
116468  116995  6.50    89.58
116486  117002  0.00    147.95
116489  116320  0.00    48.54
116534  116091  6.60    119.88
116534  117038  10.22   77.02
116553  116441  6.44    55.35
116555  116003  0.00    89.25
116565  116640  10.00   30.31
116579  116134  0.00    88.01
116579  116755  11.50   44.27
116584  116555  0.00    37.03
116589  116212  0.00    107.58
116589  116458  3.00    102.87
116599  116584  10.00   12.34
116615  116486  20.00   87.32
116617  116553  0.00    24.27
116628  116599  0.00    36.66
116630  116155  10.75   81.02
116636  116628  0.00    14.43
116637  116806  0.00    26.54
116637  117004  10.25   114.53
116640  116681  0.00    16.28
116666  115993  4.67    107.43
116666  116636  0.00    36.68
116671  117375  6.50    119.72
116678  116666  0.00    12.68
116681  116770  0.00    32.96
116681  116589  8.33    49.69
116712  116678  3.00    42.10
116712  117383  8.43    109.76
116721  116414  3.00    116.61
116732  116534  4.00    50.23
116750  116354  4.00    76.98
116755  116167  2.00    112.60
116770  116919  15.43   53.10
116776  117251  7.25    82.20
116787  117305  0.00    103.01
116793  117412  8.80    101.34
116799  116909  0.00    99.62
116804  116617  7.40    83.49
116804  115960  8.71    134.97
116806  117286  6.50    79.97
116806  116930  10.75   111.73
116845  116787  0.00    33.57
116909  117342  9.38    72.87
116919  117497  6.11    110.76
116919  117063  8.17    49.06
116928  117379  15.00   81.33
116930  117225  7.83    49.40
116954  116640  0.00    51.88
116954  116845  0.00    33.36
116960  116615  0.00    101.33
116960  117291  0.00    61.29
116962  116480  11.50   80.08
116972  117001  5.01    12.76
116972  116804  3.64    68.83
116995  117417  11.00   75.72
116995  116732  11.17   63.67
116998  116755  3.00    41.93
116998  116615  0.00    84.84
117001  117120  6.85    102.23
117002  117661  0.00    151.43
117004  117375  8.67    123.87
117004  117554  4.30    92.30
117009  116489  7.92    88.35
117016  117627  0.00    123.62
117021  117625  10.54   102.77
117028  117526  0.00    121.89
117038  117462  6.25    75.95
117063  117188  9.40    52.89
117120  117210  6.52    102.17
117126  116962  4.40    62.69
117126  116630  0.00    81.02
117168  116750  0.00    76.76
117188  117839  8.78    122.17
117188  117295  1.00    48.16
117206  116721  11.50   119.10
117210  117675  0.00    74.23
117210  117260  3.00    49.98
117221  116995  11.00   65.69
117222  117362  0.00    54.47
117225  117288  0.00    11.24
117225  117342  9.80    120.40
117251  117126  5.44    61.78
117251  118067  4.43    135.90
117260  117963  15.00   109.21
117260  117279  15.00   16.71
117279  116555  8.00    114.73
117279  117307  4.86    34.15
117286  117288  9.13    119.57
117288  117667  6.13    59.60
117291  117362  0.00    14.71
117295  117418  5.00    50.76
117298  116960  0.00    108.76
117305  117428  0.00    35.25
117307  117325  0.00    15.95
117307  118205  3.50    137.50
117322  116962  4.75    66.08
117322  116713  9.38    141.13
117325  116599  0.00    117.40
117325  117357  4.25    34.72
117330  117497  3.00    50.15
117330  116770  9.63    105.55
117342  118093  2.43    115.54
117342  117412  6.50    60.81
117349  117009  10.75   86.54
117357  117382  0.00    14.77
117357  118030  4.00    101.07
117367  117711  8.67    122.98
117375  117466  0.00    12.93
117375  117827  3.00    131.16
117379  118122  4.75    121.75
117379  117251  3.00    61.57
117382  117422  4.25    36.05
117382  116636  5.17    120.71
117383  117491  4.71    16.21
117412  117585  2.50    26.31
117417  117760  1.00    56.00
117417  117038  11.00   114.89
117418  118171  6.00    133.09
117418  117485  3.13    46.49
117422  117445  3.00    15.36
117423  117627  0.00    58.43
117423  116998  1.00    87.91
117428  116845  0.00    113.00
117428  117567  0.00    34.53
117445  116678  20.00   123.31
117445  117491  5.92    36.46
117462  117827  11.25   59.52
117466  117797  2.00    54.08
117466  117577  9.00    94.84
117475  117578  10.00   81.51
117475  117286  8.25    60.06
117485  117383  7.00    105.77
117491  118107  3.00    96.41
117491  117543  6.50    50.76
117497  117671  0.00    50.87
117497  117936  0.00    76.74
117526  118033  0.00    121.22
117543  117589  7.27    58.72
117554  117577  1.67    4.79
117554  117475  3.00    42.78
117567  116954  0.00    118.57
117567  117796  0.00    49.27
117577  117860  8.50    44.81
117578  117667  18.50   81.32
117585  117625  13.46   108.20
117585  118134  6.91    84.15
117589  118323  6.59    131.04
117589  117485  8.33    17.17
117625  118138  9.80    78.59
117625  117718  9.60    36.94
117627  117701  0.00    16.77
117631  117291  0.00    135.32
117648  117689  8.50    36.18
117661  117831  0.00    26.24
117661  117298  0.00    108.80
117667  118071  10.75   61.93
117671  117063  7.50    116.02
117671  117839  0.00    50.79
117689  118380  10.00   106.17
117689  117731  10.00   36.55
117700  117126  3.00    100.86
117701  118124  0.00    115.30
117701  117844  0.00    38.65
117711  117322  3.00    63.38
117731  118418  10.75   105.51
117731  117771  0.00    36.04
117771  118465  5.50    105.99
117771  118154  2.00    85.97
117796  117330  0.00    84.79
117797  118187  10.50   58.54
117797  117965  8.00    98.06
117816  118539  0.00    106.53
117831  117893  1.00    104.81
117839  118009  0.00    49.14
117839  118402  3.00    99.28
117844  117206  0.00    121.43
117844  118033  7.80    43.31
117855  117512  7.50    95.96
117860  117979  10.33   100.91
117860  117965  0.00    13.26
117880  117423  6.75    108.39
117890  117349  0.00    149.26
117890  118041  0.00    77.29
117893  117880  0.00    104.86
117896  117462  0.00    124.81
117917  117796  20.00   18.58
117918  118038  6.50    51.97
117926  117831  0.00    62.69
117936  117917  50.00   74.55
117965  118257  20.00   46.61
117979  118071  3.50    100.92
118001  118416  10.00   72.58
118009  118171  0.00    49.51
118009  117295  5.80    127.74
118011  118303  3.00    96.14
118023  117926  0.00    23.02
118030  118375  32.57   54.48
118032  118297  10.75   76.25
118032  118056  8.57    16.07
118033  118309  0.00    110.44
118038  117711  0.00    53.47
118041  117349  22.75   113.53
118050  118789  6.75    137.27
118056  118164  0.00    21.78
118066  118041  0.00    8.97
118067  118843  6.46    134.93
118070  118030  28.73   50.89
118070  117422  0.00    99.08
118071  118474  7.75    61.35
118093  118839  7.11    115.23
118098  118066  0.00    7.07
118107  118792  2.33    103.81
118107  118070  6.50    50.67
118122  118560  4.50    68.13
118124  118333  0.00    113.22
118134  118612  13.38   78.33
118134  118889  7.29    124.69
118138  118539  11.50   76.00
118154  118465  0.00    85.79
118161  118038  3.00    21.23
118164  118348  6.00    31.84
118171  118807  0.00    110.42
118171  118323  2.00    51.29
118175  118107  3.00    50.27
118175  117543  3.00    98.40
118187  118324  3.00    101.13
118187  118408  3.00    34.18
118220  117855  0.00    95.88
118220  117917  7.80    55.28
118236  118175  8.67    49.72
118236  119144  13.75   144.63
118243  119107  3.00    135.18
118257  118369  0.00    101.43
118257  118324  50.00   10.85
118264  117671  0.00    105.09
118266  117926  0.00    114.60
118286  119124  21.43   131.37
118286  118236  2.20    50.19
118297  118596  12.60   76.25
118302  118122  0.00    78.65
118309  118613  0.00    110.23
118311  117700  6.73    100.86
118314  118408  1.00    54.51
118323  118407  3.00    12.89
118323  118286  0.00    46.30
118324  118384  0.00    7.53
118328  118056  9.00    80.81
118333  118266  0.00    112.60
118348  118458  11.50   19.90
118353  118449  0.00    77.13
118369  118474  6.50    101.42
118380  118331  7.67    37.53
118384  118555  0.00    23.59
118384  118656  1.00    105.10
118390  118001  7.70    128.94
118390  118814  2.50    72.35
118398  118080  0.00    89.09
118402  118264  0.00    46.88
118407  119213  2.50    146.33
118407  118993  1.00    95.44
118408  118567  0.00    21.76
118408  118555  20.00   102.57
118416  118050  5.67    122.35
118418  118380  1.00    36.44
118419  118655  0.00    100.45
118449  118567  3.00    68.32
118449  118973  9.00    86.30
118458  118751  10.26   89.35
118465  118418  2.00    36.90
118474  118719  0.00    37.34
118491  118908  2.00    67.42
118539  118612  3.00    22.36
118542  118220  3.00    79.51
118544  117890  0.00    102.05
118555  118609  20.00   7.29
118567  118953  0.00    66.44
118588  118992  9.00    123.76
118588  118348  10.56   35.83
118590  118995  0.00    75.97
118590  118398  0.00    87.79
118596  118220  0.00    66.00
118596  118871  11.00   80.16
118609  118634  3.00    4.22
118612  119316  10.75   123.79
118613  118852  3.00    110.24
118634  119086  4.75    76.28
118638  118390  8.67    76.76
118639  119185  0.00    94.70
118650  118009  0.00    109.28
118655  118852  0.00    100.45
118656  118719  8.67    104.68
118661  118328  0.00    81.00
118661  118596  1.00    11.72
118677  118070  13.33   91.53
118692  119347  1.50    105.92
118719  118965  7.25    42.08
118749  118609  10.00   55.27
118751  118900  10.00   63.88
118789  119181  5.14    132.65
118792  119168  0.00    99.33
118798  118866  0.00    142.88
118798  118480  0.00    50.69
118806  119685  0.00    133.33
118807  118650  0.00    53.19
118814  118416  11.20   128.35
118814  119181  10.33   68.77
118825  118542  6.43    79.51
118839  118719  6.00    113.02
118843  119258  8.00    72.52
118843  118638  9.00    76.76
118849  118634  11.17   98.38
118852  119178  0.00    111.16
118871  119160  9.36    80.07
118876  119606  5.33    110.89
118876  117933  14.18   149.61
118879  119037  0.00    27.04
118881  118353  10.00   83.09
118881  118973  9.83    66.14
118889  119573  12.60   106.34
118889  118839  5.43    55.22
118890  119168  10.00   45.45
118900  119415  0.00    78.17
118900  119033  7.00    54.21
118908  118881  3.00    29.05
118917  118661  0.00    80.24
118929  118849  20.00   48.72
118953  118749  10.00   74.48
118953  119079  3.60    18.93
118964  119758  6.73    134.90
118965  119216  9.00    38.74
118965  118929  0.00    60.28
118973  119079  7.57    72.95
118984  118458  8.67    85.09
118992  118661  6.50    71.07
118992  119299  15.00   81.00
118995  119050  0.00    106.25
118997  118588  3.00    77.44
119013  118814  8.00    80.72
119027  118876  3.00    38.13
119027  119701  2.20    94.14
119033  118995  6.93    11.13
119033  119436  7.85    59.43
119037  119344  0.00    49.47
119037  118843  15.00   72.93
119050  119114  20.00   106.28
119079  119186  0.00    18.72
119086  119531  8.67    63.52
119086  118849  8.67    113.41
119091  118175  14.57   144.20
119095  119072  0.00    88.96
119107  119027  20.00   16.05
119114  119585  0.00    110.04
119160  119504  8.13    79.32
119160  118825  0.00    68.22
119168  119347  7.86    59.47
119178  119665  0.00    112.11
119181  119442  9.00    80.29
119185  119296  0.00    50.64
119185  119702  8.67    69.50
119189  119107  0.00    21.89
119213  119295  3.00    16.63
119216  119431  0.00    30.78
119220  118929  5.33    89.25
119222  118917  0.00    80.24
119222  119160  0.00    9.56
119227  118908  6.15    86.25
119258  119742  2.33    70.19
119258  119013  12.50   80.71
119295  119421  12.50   20.99
119295  119569  3.00    149.28
119296  119305  0.00    35.86
119297  118825  10.33   132.32
119297  119213  3.00    30.07
119299  119642  12.20   81.00
119305  118798  0.00    86.67
119305  119095  0.00    93.72
119316  120132  2.88    116.35
119326  118749  6.50    94.07
119343  119782  20.00   75.12
119344  119501  0.00    22.22
119347  119359  1.00    57.83
119352  119488  7.86    141.29
119352  119780  0.00    60.95
119359  119189  7.00    35.93
119359  118442  10.00   143.21
119359  119943  0.00    83.05
119391  118751  8.13    100.65
119411  119344  20.00   119.83
119411  119037  20.75   102.43
119415  119391  10.57   62.15
119421  119841  11.50   72.13
119421  119297  8.00    28.70
119431  119507  3.00    82.52
119431  120230  5.40    114.70
119436  119415  10.29   49.97
119436  120146  7.45    102.54
119442  119742  5.17    85.53
119466  120157  10.50   99.97
119466  119436  13.25   61.51
119483  119794  4.17    85.36
119483  118997  8.91    77.29
119488  119803  5.50    70.50
119488  119780  8.50    117.15
119497  119466  11.18   54.75
119501  119988  15.00   73.56
119501  119258  3.00    72.88
119504  119841  3.00    79.32
119507  119573  13.67   82.52
119521  119352  8.17    90.60
119530  119497  3.00    62.74
119530  120204  8.86    98.75
119531  119220  3.00    89.11
119531  119861  10.00   52.21
119537  119633  8.67    106.98
119541  119216  8.67    104.64
119544  119530  1.00    54.89
119544  120216  11.00   99.53
119569  119537  5.75    107.24
119569  120105  0.00    137.40
119573  120141  8.80    83.20
119581  118984  8.54    85.10
119581  119483  0.00    73.36
119585  120232  9.11    94.32
119585  119544  14.29   62.39
119606  120365  5.33    111.50
119642  119222  10.00   69.82
119642  119955  14.00   79.36
119665  120118  4.67    112.21
119685  120083  0.00    126.69
119701  120334  3.00    94.12
119702  120283  0.00    86.13
119716  119702  0.00    13.81
119742  120007  7.25    42.16
119742  119988  4.75    72.34
119758  119782  11.50   7.25
119780  120138  0.00    57.60
119780  120062  9.54    132.58
119782  120023  11.50   71.14
119782  120512  11.50   134.97
119794  120370  5.57    115.65
119794  120033  9.20    67.12
119794  119957  3.00    45.53
119841  120412  10.25   147.34
119841  120263  14.33   74.28
119861  120028  0.00    29.27
119861  119541  20.00   104.79
119869  120028  6.50    109.88
119869  119695  0.00    26.68
119877  120243  0.00    53.31
119877  119844  0.00    26.71
119879  119421  7.64    115.17
119912  119628  3.00    69.96
119912  119758  8.86    101.27
119915  119803  3.00    58.59
119934  120246  2.33    56.67
119943  119877  10.00   47.56
119943  120284  50.00   49.18
119947  120264  3.00    72.21
119949  119585  14.70   114.62
119955  120263  3.00    79.36
119957  119483  4.75    74.46
119957  120052  9.40    98.33
119979  119869  2.00    14.81
119988  120425  11.50   71.78
119988  120207  3.00    71.14
120007  119442  6.69    97.75
120007  120455  3.00    79.74
120016  119501  13.67   114.76
120023  120246  3.00    71.54
120023  119690  10.00   62.03
120028  120144  10.00   51.73
120033  119642  5.50    69.62
120033  120343  8.86    79.92
120042  119411  22.33   93.05
120052  119581  4.40    69.28
120062  119521  5.00    95.62
120106  119391  4.86    104.01
120108  119633  15.00   75.16
120118  120134  0.00    4.72
120121  119415  9.89    102.26
120132  120137  18.57   61.96
120134  120283  0.00    68.71
120134  119296  0.00    121.44
120138  119915  6.10    98.25
120141  120355  6.00    31.44
120141  120132  2.33    72.35
120144  120366  5.33    104.73
120145  119915  15.25   55.95
120146  120878  6.77    100.92
120157  120874  0.00    98.75
120157  120146  8.00    63.01
120180  119497  10.60   99.48
120180  120157  3.00    56.54
120204  120180  10.00   61.89
120204  120918  0.00    98.32
120207  120911  0.00    104.44
120207  120426  20.00   68.77
120212  119912  8.67    55.26
120216  120204  9.20    55.09
120216  120933  7.20    98.76
120230  120293  15.00   83.63
120230  120366  13.20   20.12
120232  120216  37.67   65.99
120232  120952  6.44    99.77
120246  120694  10.00   78.78
120246  120455  8.60    70.11
120257  119949  11.00   45.29
120257  120232  10.00   102.51
120263  120669  12.67   69.62
120263  120885  6.89    147.18
120264  120544  14.33   65.76
120264  119628  10.75   114.42
120293  120355  11.90   83.64
120325  119879  6.67    115.19
120343  120669  11.50   79.92
120353  120138  1.00    86.97
120353  120062  3.00    75.57
120355  120541  8.67    27.30
120361  120145  2.00    85.38
120366  121071  6.67    93.88
120370  120994  3.00    115.43
120383  119949  6.43    108.94
120383  120118  3.00    40.23
120386  120568  8.67    81.49
120412  120700  2.33    66.94
120425  120007  2.85    80.38
120426  121400  4.00    137.86
120426  120678  8.50    68.98
120429  119957  4.25    77.19
120455  120835  20.00   69.72
120455  120970  4.75    87.85
120486  120383  6.50    15.57
120486  120556  8.50    80.37
120512  120212  4.88    69.42
120512  120747  0.00    37.74
120541  120565  10.00   148.60
120541  121035  2.17    64.78
120544  120212  10.45   62.25
120560  120208  15.00   50.72
120568  120790  20.00   81.55
120572  120353  4.40    67.06
120572  120361  9.80    85.35
120576  121106  9.09    93.58
120576  120429  2.00    118.70
120579  120786  9.83    26.05
120579  120576  3.00    4.75
120579  120052  6.00    75.74
120665  120353  5.60    132.69
120669  120994  0.00    51.69
120669  121337  10.25   149.52
120678  120016  3.00    116.85
120678  120690  3.00    2.35
120690  120042  1.00    93.15
120694  121176  0.00    78.78
120742  120379  0.00    49.00
120758  120264  3.00    87.28
120761  120328  4.50    57.89
120761  120742  0.00    54.11
120786  121189  0.00    52.88
120790  120572  3.00    60.03
120790  121165  6.75    139.40
120796  120213  7.80    79.69
120819  120144  5.71    97.12
120819  120665  2.33    58.39
120827  120023  20.86   144.09
120827  120512  2.60    67.25
120835  121610  8.07    139.17
120848  120106  4.17    103.89
120848  120786  10.71   68.19
120849  120544  0.00    47.71
120853  120848  9.38    65.87
120853  120121  6.95    102.07
120874  120878  6.60    64.52
120878  120853  10.00   60.37
120878  121266  9.80    50.00
120885  120412  0.00    75.74
120885  120984  3.00    22.46
120888  120874  6.40    59.22
120888  120180  10.00   96.43
120911  120425  0.00    81.47
120918  120888  13.83   60.89
120922  121345  6.50    53.40
120922  120918  11.00   27.12
120933  120922  0.00    27.05
120952  120933  6.50    64.10
120952  121363  8.60    52.42
120964  121106  7.33    108.73
120964  120429  6.71    89.94
120970  121494  11.50   87.86
120977  120952  8.91    101.05
120977  120257  11.00   99.02
120979  120492  9.63    66.28
120979  121389  7.25    64.31
120984  121224  6.56    48.33
120994  121416  6.50    75.63
120994  121440  5.83    81.63
120995  120977  8.81    95.65
120995  120486  5.95    68.02
121006  120995  11.00   92.81
121008  120665  0.00    99.28
121018  121025  3.00    40.19
121025  121918  12.75   135.55
121025  121039  6.75    88.04
121035  121302  6.75    32.81
121035  121054  0.00    83.48
121039  121035  11.50   31.09
121043  120827  11.50   36.21
121054  121071  10.90   83.48
121062  121614  2.33    103.27
121066  121399  20.00   80.67
121066  120560  5.83    64.73
121071  121143  4.71    8.85
121106  121189  0.00    56.47
121109  120560  11.50   81.84
121142  121441  6.45    42.05
121143  120819  7.61    123.82
121143  121811  3.89    97.17
121165  121491  6.14    139.32
121173  121389  3.00    60.31
121176  121601  2.33    76.33
121176  120827  7.88    71.22
121189  121681  8.67    70.81
121266  122104  8.50    129.74
121266  121299  13.25   63.62
121275  120758  5.13    87.28
121275  120755  7.04    76.11
121283  120849  10.00   62.70
121296  120690  7.17    84.33
121299  121315  3.00    60.75
121299  122006  5.40    110.66
121302  121845  7.75    82.58
121308  120849  9.00    75.70
121315  121330  7.67    58.16
121315  120888  3.00    55.09
121330  121887  8.33    83.91
121330  121345  10.25   32.61
121337  121430  0.00    23.87
121337  120885  5.33    69.77
121345  121356  7.00    29.34
121356  121363  0.00    58.62
121356  121910  13.33   84.56
121363  121622  13.33   38.44
121385  120742  0.00    84.87
121389  122019  9.08    110.78
121392  121707  3.00    78.23
121395  120995  7.60    52.37
121399  121483  11.00   67.54
121399  120796  3.00    79.70
121400  120911  6.50    81.09
121413  121395  9.20    110.63
121416  121567  6.42    106.93
121416  120964  8.67    81.06
121421  121385  0.00    5.85
121426  121537  0.00    79.36
121430  121629  3.00    51.96
121430  120984  3.00    69.75
121440  121830  7.33    81.63
121441  121604  3.00    23.23
121470  121302  6.88    76.82
121483  120761  6.42    98.32
121490  121544  18.00   6.55
121490  120979  3.00    70.88
121491  120819  16.67   95.16
121491  121811  6.62    144.34
121494  121176  10.50   70.52
121498  121441  0.00    58.39
121520  121604  0.00    69.64
121537  121962  0.00    83.07
121544  121871  20.00   56.26
121554  120835  7.10    121.30
121567  121106  15.00   85.83
121574  121567  0.00    3.94
121574  121996  9.88    68.51
121576  120848  9.00    98.48
121586  122281  7.79    110.64
121586  121498  3.00    44.45
121601  122013  9.00    77.29
121604  121902  3.00    47.34
121610  122303  6.88    139.45
121614  121109  3.00    81.92
121614  121917  8.67    63.91
121622  122482  10.12   132.07
121654  121586  6.40    31.38
121665  121622  8.44    98.48
121665  120977  9.00    94.27
121681  121574  14.33   101.57
121681  122122  1.00    71.43
121707  121654  0.00    25.75
121710  121724  7.25    131.26
121710  121395  5.00    45.83
121716  121665  1.67    7.56
121741  121710  27.17   5.33
121741  121716  6.80    97.44
121751  121308  3.00    82.16
121751  121275  10.62   77.52
121811  121965  3.00    27.90
121813  121400  2.67    79.46
121813  121296  4.57    84.33
121819  121416  4.78    85.27
121830  121337  10.83   83.44
121845  122373  5.80    82.40
121850  121902  0.00    70.49
121871  122056  10.50   29.41
121876  120853  11.17   146.48
121880  121315  10.50   85.62
121884  121308  10.00   97.37
121887  122434  8.23    83.94
121901  122555  6.77    97.69
121902  122289  5.60    61.15
121910  122461  3.00    84.57
121917  121066  3.00    136.24
121917  122230  8.13    65.92
121918  121039  10.50   136.32
121941  121567  12.43   81.25
121941  121819  11.50   110.85
121962  121707  7.67    131.61
121965  122225  6.78    94.39
121967  121546  9.33    76.32
121984  122600  4.00    88.50
121995  121965  7.25    134.29
121995  121470  12.20   81.22
121996  121941  0.00    50.55
121996  122476  8.00    71.46
122000  122017  3.00    77.20
122000  121741  10.50   43.76
122003  121871  2.00    25.28
122003  122056  0.00    17.46
122006  122782  0.00    110.70
122017  122023  0.00    77.20
122018  121483  8.33    97.20
122019  121998  6.50    34.54
122056  122019  9.00    82.56
122072  121491  10.00   94.72
122072  121962  1.67    52.02
122103  122107  0.00    19.80
122104  123025  5.83    129.76
122122  122602  11.50   67.61
122122  121996  11.00   101.59
122126  122224  3.00    82.88
122184  122025  0.00    25.21
122186  121576  3.50    98.45
122186  122122  6.40    68.83
122194  122524  1.00    50.23
122194  121654  0.00    144.23
122198  121751  9.50    80.22
122209  121819  3.00    86.79
122224  122868  10.00   90.30
122225  122072  1.00    76.13
122225  122480  3.00    82.16
122229  122332  8.33    73.10
122230  122471  7.36    44.36
122230  121399  8.67    148.95
122271  121830  12.60   77.89
122271  122209  3.00    10.79
122274  121813  0.00    94.26
122281  123062  3.00    110.48
122281  122524  8.57    109.80
122289  122296  7.25    54.18
122289  122332  3.00    7.84
122296  121498  3.11    125.52
122297  122224  0.00    42.35
122310  123092  9.00    107.36
122323  122340  12.33   88.09
122323  122000  2.20    49.22
122332  122831  10.33   69.03
122340  122337  0.00    88.08
122345  121941  4.40    85.27
122345  122209  10.25   112.37
122346  122186  0.00    26.99
122369  122346  0.00    17.55
122369  122186  7.67    26.37
122383  122983  2.33    122.45
122383  122401  5.33    60.64
122393  122958  7.80    79.82
122400  122406  7.63    125.54
122400  121995  3.00    59.81
122401  121904  9.40    85.52
122401  122430  9.20    80.71
122406  122225  6.55    97.94
122416  121998  6.92    61.30
122427  121967  5.00    76.34
122430  122427  7.57    81.56
122434  122435  8.25    64.26
122435  121880  11.29   85.63
122435  122596  0.00    36.21
122443  122434  0.00    13.81
122461  122443  0.00    44.37
122471  122018  4.10    95.81
122476  122345  6.50    98.24
122476  122987  6.33    72.96
122480  122811  11.50   56.87
122480  122194  8.08    131.72
122480  122674  3.00    86.07
122482  122461  11.20   59.62
122482  122846  7.67    51.35
122491  122416  9.20    116.97
122491  122056  1.00    64.10
122503  121771  12.14   110.94
122506  121716  11.22   122.88
122506  122482  0.00    94.65
122513  122466  0.00    8.95
122516  121694  5.42    125.74
122516  123129  6.86    137.27
122524  122574  3.00    18.89
122525  122506  11.64   98.22
122525  122323  10.00   28.15
122535  123091  6.50    76.12
122536  122547  5.40    84.92
122536  121918  8.86    91.90
122544  122126  0.00    85.95
122547  122513  6.42    4.95
122550  122536  15.00   23.49
122555  123132  2.33    80.01
122556  122555  1.00    64.60
122560  122614  0.00    29.54
122574  122734  5.14    63.20
122596  122782  6.00    44.31
122600  123239  3.00    88.50
122602  123125  11.50   74.72
122602  122476  3.00    102.25
122614  122400  0.00    27.77
122653  122596  0.00    22.69
122653  122435  11.17   29.49
122670  122760  4.11    18.37
122670  122271  6.67    74.96
122674  122835  0.00    86.02
122689  122695  10.75   93.11
122689  122525  11.50   20.90
122695  122722  3.00    93.12
122723  122198  8.62    80.22
122734  122811  0.00    36.69
122738  122003  7.25    118.99
122760  122964  0.00    43.32
122782  123124  7.62    80.34
122800  122471  6.75    78.48
122802  122653  5.50    22.47
122811  123610  3.00    109.50
122811  122968  10.00   76.13
122818  123387  7.94    83.24
122824  122443  11.20   52.15
122824  122802  8.89    88.66
122831  123485  11.50   83.80
122835  122406  0.00    59.24
122835  122856  20.00   20.38
122844  123685  6.50    109.73
122846  123291  8.50    59.67
122846  122824  7.20    99.82
122868  122800  20.00   86.64
122870  122345  10.00   73.92
122871  122614  15.00   37.59
122874  121876  7.44    146.60
122874  122346  10.57   80.93
122885  122841  5.11    60.90
122919  122868  1.00    76.96
122920  122885  5.00    59.89
122920  122416  6.56    70.97
122936  122401  11.50   83.52
122936  122983  0.00    11.76
122944  122296  10.29   92.89
122944  122831  6.50    51.58
122949  122920  21.50   58.28
122949  123986  6.00    135.94
122951  122427  11.00   83.48
122953  123162  40.00   30.38
122958  123092  0.00    50.24
122958  123980  11.00   132.75
122964  123536  8.37    92.40
122964  122919  0.00    76.95
122968  123141  5.33    76.13
122969  123155  1.00    70.00
122974  122491  0.00    68.95
122974  122949  7.57    59.50
122983  123148  13.33   31.63
122988  122349  6.93    89.39
123017  123394  7.00    67.38
123023  122974  8.17    60.03
123023  123743  11.00   94.75
123024  122689  9.00    49.32
123034  123024  10.25   96.06
123053  123034  20.00   96.06
123062  123862  0.00    104.67
123062  122944  10.50   45.34
123091  123678  15.25   76.12
123092  123157  0.00    49.33
123092  124209  0.00    146.89
123105  122958  11.50   49.11
123105  122413  5.63    95.01
123114  122951  1.50    21.61
123129  124142  3.00    133.49
123129  123132  14.33   50.05
123132  124192  20.00   138.85
123134  123129  0.00    54.27
123134  122516  13.67   85.11
123141  123208  9.00    44.27
123146  122698  9.82    94.14
123148  122936  0.00    32.58
123155  122860  10.00   41.71
123157  123239  0.00    44.10
123157  122200  3.00    134.01
123162  123547  11.50   50.89
123177  123062  3.00    52.92
123177  124249  10.00   149.83
123180  123193  0.00    4.92
123193  122734  0.00    68.10
123193  123244  0.00    7.82
123203  123931  13.25   95.80
123206  122871  24.33   44.43
123208  123206  11.89   139.78
123208  122835  1.00    50.10
123215  122430  12.00   120.69
123218  122369  9.73    117.34
123239  123326  10.00   49.19
123239  124361  5.33    148.27
123240  123105  0.00    44.70
123249  123250  0.00    23.69
123250  122556  11.50   95.56
123250  123251  3.00    26.87
123266  122874  7.00    53.39
123270  123418  0.00    17.56
123280  123024  8.20    33.57
123281  122802  6.50    65.64
123286  122824  0.00    62.26
123293  122506  7.00    107.78
123326  122503  6.86    110.94
123332  122693  0.00    89.02
123343  123177  8.50    62.80
123343  122574  5.71    109.06
123353  123794  11.50   59.17
123358  123023  3.00    101.07
123384  123784  0.00    75.19
123384  123240  1.00    60.62
123387  123654  12.44   81.53
123387  123162  6.00    98.36
123394  123801  9.83    78.42
123394  123299  7.67    113.49
123399  123536  3.30    140.42
123399  122800  9.55    88.15
123409  123384  0.00    13.99
123418  124116  8.29    95.20
123431  124507  7.00    147.82
123434  124020  10.00   79.64
123445  124419  8.50    134.57
123450  123769  50.00   51.96
123453  123280  10.00   18.59
123485  123332  0.00    49.94
123485  124062  10.00   82.52
123500  123148  4.56    46.71
123521  123358  11.50   26.18
123531  124218  0.00    126.71
123531  123343  4.00    64.96
123536  123598  19.00   54.47
123536  124117  2.50    81.84
123537  124260  9.83    100.07
123547  123399  2.00    61.63
123596  123273  0.00    126.96
123596  123141  31.00   56.31
123598  123647  0.00    50.98
123598  124659  7.71    145.00
123601  123155  10.00   53.49
123610  123531  13.25   33.95
123610  124503  9.63    127.96
123613  123622  0.00    82.83
123613  123208  12.44   51.06
123647  123726  3.00    69.91
123654  123547  7.71    66.08
123654  124095  3.83    62.28
123666  123146  7.75    94.14
123672  124253  0.00    78.63
123672  123688  8.67    58.17
123678  124360  11.00   92.17
123680  123672  10.00   29.80
123685  124135  2.00    61.70
123685  123697  11.00   64.89
123688  123678  3.00    59.36
123688  122988  6.70    89.39
123697  123114  3.25    74.95
123726  124763  13.25   138.79
123726  123817  3.00    70.42
123743  123358  3.00    97.15
123769  124333  11.00   87.56
123769  123770  0.00    89.39
123770  123452  8.80    45.35
123784  124242  2.71    76.24
123791  124222  4.40    57.39
123794  124653  8.85    115.32
123799  123610  6.88    86.98
123805  122944  10.00   113.30
123808  123929  0.00    36.97
123808  123521  3.00    46.36
123815  123924  10.00   47.76
123815  123399  10.00   60.14
123817  122979  6.63    107.95
123820  123882  8.40    61.23
123825  124481  3.00    89.10
123833  124742  7.90    123.85
123836  123843  4.00    87.04
123843  123613  0.00    30.94
123862  124622  3.00    104.66
123876  123206  3.00    86.51
123882  122885  4.89    130.20
123882  123930  7.87    58.92
123887  124797  6.50    123.12
123905  123794  10.00   64.60
123924  124095  3.00    88.46
123929  124491  3.50    78.40
123929  124131  6.40    43.76
123930  122920  7.57    132.97
123930  123986  20.00   59.26
123931  124642  7.25    95.81
123935  123521  0.00    96.95
123942  124813  9.00    117.13
123956  122974  16.00   127.65
123956  123743  0.00    71.04
123961  123482  0.00    86.15
123963  123343  5.33    85.57
123976  123956  9.80    2.76
123980  123105  6.50    130.13
123980  124151  11.50   33.71
123985  123258  7.64    94.79
123986  124037  5.00    57.40
123986  125066  9.22    147.62
124014  123596  8.10    56.95
124014  123799  20.00   87.00
124020  124605  12.60   79.56
124033  123843  0.00    47.57
124037  123976  3.75    9.09
124043  123424  7.75    84.55
124051  123836  10.00   30.53
124056  123437  26.00   84.93
124062  124677  17.67   82.52
124069  123134  9.54    122.47
124084  123439  8.25    89.63
124090  123325  8.67    101.82
124095  124972  8.42    118.86
124112  123103  5.60    134.88
124114  123961  0.00    83.78
124116  124828  8.67    95.20
124117  124728  5.13    81.93
124131  125112  5.50    137.08
124131  124337  8.67    39.57
124135  124709  20.00   75.37
124135  124146  0.00    64.61
124142  124069  0.00    54.00
124146  123697  5.00    61.81
124151  124168  11.50   14.17
124165  124151  0.00    4.86
124168  124209  0.00    17.86
124183  125058  8.70    118.13
124192  124744  1.00    73.73
124192  124142  0.00    53.69
124209  124283  10.40   47.66
124213  124165  0.00    21.80
124222  124790  6.50    76.03
124222  124365  20.00   76.30
124242  124213  10.30   37.43
124242  125164  3.00    134.94
124253  124852  5.33    78.63
124260  125002  8.67    100.07
124282  124242  6.50    35.63
124282  125266  6.00    137.92
124283  124361  5.14    48.48
124283  123157  5.83    146.83
124315  123688  14.33   84.02
124333  124913  11.20   87.52
124337  124532  20.00   39.25
124339  124282  6.36    60.40
124357  124339  0.00    11.29
124360  125047  0.00    92.17
124361  124389  5.50    16.60
124380  124014  0.00    51.02
124381  123443  6.50    130.12
124389  124445  4.00    31.09
124390  123808  25.20   81.99
124419  125362  10.00   134.60
124445  124478  5.33    18.53
124445  123326  11.00   148.74
124478  124558  2.00    46.47
124481  124647  0.00    21.31
124482  124481  10.00   13.68
124491  125054  5.33    78.40
124498  125154  3.00    89.06
124507  124569  3.00    7.63
124507  124605  11.20   68.93
124532  124977  0.00    88.13
124551  124697  0.00    20.04
124558  124648  5.25    50.08
124558  124069  1.00    64.95
124567  123963  4.67    85.48
124569  124673  3.00    51.63
124569  125020  7.00    62.76
124605  125100  0.00    70.21
124605  124681  0.00    57.97
124617  124823  20.00   94.85
124617  124168  3.00    62.11
124640  123805  8.67    113.27
124642  124690  0.00    49.75
124642  125373  3.00    106.42
124647  125278  2.00    90.37
124648  124730  8.29    49.20
124659  124728  0.00    74.33
124659  124939  10.00   37.40
124659  124680  0.00    12.79
124673  124043  2.00    84.55
124673  124828  15.00   71.38
124680  124763  7.25    71.31
124680  123647  6.00    139.74
124681  124056  6.50    84.91
124681  124758  8.00    61.85
124690  123985  4.40    94.78
124690  124739  9.00    60.47
124709  125240  22.33   75.37
124717  123671  8.00    140.34
124719  124717  0.00    6.28
124728  124812  6.50    73.91
124728  125283  8.88    80.60
124730  125317  11.00   90.00
124730  124744  3.83    8.78
124731  125192  8.25    65.90
124739  124748  14.00   10.07
124739  124653  0.00    12.00
124741  124717  0.00    2.88
124744  124827  6.38    46.80
124748  125202  10.18   80.49
124748  124805  8.85    51.29
124758  124084  6.20    89.62
124763  124862  0.00    69.43
124763  125724  10.00   144.80
124776  123928  6.71    114.48
124790  124857  13.33   88.74
124796  124845  7.80    26.05
124797  124857  0.00    7.63
124797  124867  3.00    70.81
124802  124146  12.89   86.45
124805  124907  9.50    61.69
124805  123905  9.31    123.40
124808  123770  9.00    140.61
124812  124903  0.00    69.62
124812  123815  9.50    141.10
124813  124776  0.00    48.80
124813  124867  0.00    5.85
124823  124389  2.00    59.22
124827  124852  3.00    15.16
124828  124907  0.00    9.78
124839  124742  4.88    60.23
124840  125327  7.80    73.14
124845  124918  6.00    61.37
124852  124928  5.43    40.83
124857  125155  11.50   42.45
124862  123817  7.10    140.33
124867  125468  7.43    91.37
124871  124090  3.00    101.82
124890  125306  5.50    65.36
124891  124914  8.00    78.90
124891  124521  3.70    47.53
124903  124972  3.00    82.08
124903  123924  15.75   131.17
124907  125233  3.00    50.19
124907  125020  8.67    109.69
124913  124808  11.50   28.11
124913  125288  5.33    67.50
124914  124592  4.00    82.15
124915  124932  7.44    12.12
124918  124969  9.20    62.04
124928  124949  7.00    16.31
124929  125037  0.00    17.40
124929  124839  9.20    61.22
124932  124968  8.60    60.18
124939  125763  8.17    125.30
124939  124680  0.00    34.61
124949  124999  2.43    37.98
124949  124315  0.00    84.02
124968  125024  6.22    58.02
124968  123882  4.25    148.32
124969  124839  0.00    18.66
124969  125037  6.00    60.57
124972  125488  20.00   79.60
124977  124037  3.00    128.23
124984  124390  8.67    82.06
124990  124009  11.36   133.71
124990  124929  21.17   59.44
124999  125568  6.44    90.01
124999  125047  8.60    24.90
125002  125667  4.17    100.07
125020  125100  7.83    70.67
125024  125066  5.50    60.42
125024  123930  8.53    148.93
125037  125906  9.80    129.77
125037  125125  10.00   60.24
125047  125114  2.00    35.85
125054  124984  0.00    37.91
125054  125686  2.75    100.45
125057  124790  10.60   134.22
125057  125515  3.00    73.55
125058  124990  4.25    63.87
125058  125199  0.00    21.78
125066  125129  2.60    54.01
125083  125086  7.33    14.00
125086  125088  0.00    1.39
125087  125083  0.00    2.47
125087  124617  10.75   66.17
125088  125164  7.30    39.38
125088  126009  5.50    140.17
125091  124891  20.00   31.22
125091  125154  8.60    37.39
125097  124112  8.88    134.91
125100  125235  19.43   118.25
125112  125734  3.50    98.09
125112  125054  6.50    35.95
125114  125240  6.67    54.20
125125  125199  6.50    63.64
125125  124990  0.00    18.54
125129  124977  0.00    30.96
125129  125271  7.88    96.50
125141  125058  15.00   60.74
125141  124363  10.00   104.81
125154  125282  0.00    21.08
125154  125141  0.00    61.32
125155  125642  5.50    75.90
125164  125266  6.50    65.75
125172  124337  3.00    118.28
125172  125112  2.33    34.94
125177  124795  8.86    54.44
125192  125177  11.00   124.48
125192  125620  2.00    65.84
125199  125265  3.00    61.12
125199  126039  6.57    121.74
125202  125619  10.61   80.23
125212  125192  6.55    120.45
125222  125172  0.00    35.67
125222  124532  5.80    101.09
125231  125091  10.00   20.72
125233  125619  6.25    59.07
125235  124758  9.38    70.48
125235  125297  20.00   62.85
125236  125231  0.00    5.05
125240  125385  3.60    66.27
125241  125212  8.22    120.45
125241  125231  18.29   97.50
125254  125087  10.00   71.07
125254  124823  6.75    65.74
125265  125282  8.60    61.16
125265  125141  3.00    20.80
125266  125369  9.00    61.06
125271  125915  6.10    105.70
125271  125222  0.00    19.69
125278  125885  2.00    90.37
125282  126102  6.56    118.64
125282  125236  0.00    34.85
125283  125824  3.11    80.60
125288  124808  14.60   71.47
125297  125362  4.25    61.74
125297  124381  38.83   130.16
125317  125905  9.83    90.00
125323  125155  3.71    103.43
125342  125177  1.00    26.29
125347  125233  1.00    107.22
125348  124812  18.67   80.23
125350  124776  2.00    88.15
125362  125417  10.00   63.58
125371  125254  0.00    49.41
125371  124478  11.00   132.20
125373  126096  2.50    106.07
125385  125533  5.00    65.12
125385  126161  4.00    118.33
125385  124802  10.00   86.42
125392  124827  6.88    89.34
125401  125833  12.71   89.69
125412  126026  0.00    101.44
125417  125288  0.00    19.61
125417  125525  5.99    80.19
125419  124903  6.67    80.20
125466  125241  11.38   35.31
125466  125489  2.00    61.85
125468  126112  3.00    91.38
125475  125347  0.00    107.27
125480  124968  8.00    78.04
125483  124928  8.38    89.24
125485  125371  3.00    48.52
125485  124558  11.00   138.85
125488  126046  3.00    79.60
125489  126211  7.25    104.74
125489  125236  7.91    62.80
125515  125323  20.00   103.45
125515  126022  8.00    73.71
125517  124862  7.00    100.02
125533  125545  0.00    4.81
125533  124871  11.50   101.82
125540  125518  5.22    119.22
125545  125667  2.20    48.60
125568  126168  5.58    90.05
125574  125235  9.43    52.29
125586  124690  3.00    132.47
125587  125540  11.00   119.23
125592  125418  2.00    124.51
125612  124648  6.10    147.19
125612  125485  8.00    47.64
125619  125664  3.00    7.72
125620  125587  2.00    119.22
125620  126048  10.00   58.82
125623  125129  3.86    113.15
125628  125617  3.00    35.62
125628  124739  3.00    131.18
125633  124984  0.00    101.53
125642  125829  15.00   96.99
125642  126167  5.00    83.60
125646  126286  10.00   92.76
125646  125628  0.00    60.86
125650  125620  13.25   118.90
125664  126207  6.30    92.65
125664  125669  13.20   4.81
125667  125701  0.00    15.19
125669  126313  7.28    93.27
125669  125646  8.95    54.72
125673  125574  3.00    90.31
125681  125650  8.40    118.90
125681  125466  6.50    32.61
125701  125780  1.00    28.61
125724  126150  2.50    59.85
125727  125172  11.00   87.99
125741  126655  5.50    134.56
125749  126565  8.17    116.53
125763  125724  3.00    39.45
125763  126615  4.43    122.15
125765  124845  5.93    137.36
125780  125862  5.64    35.05
125780  124917  10.25   145.18
125801  125114  10.22   108.06
125812  124918  8.67    134.59
125822  126026  20.00   28.36
125824  126415  7.19    82.49
125824  125763  0.00    75.05
125829  126022  4.86    97.01
125830  126405  3.00    87.47
125830  125832  6.50    73.81
125832  125475  0.00    51.83
125832  125574  14.07   120.45
125833  125623  3.00    39.07
125838  125024  7.42    124.49
125838  125623  3.00    45.15
125856  124969  7.92    132.35
125862  125885  3.00    9.55
125862  126624  6.60    113.51
125885  125959  1.00    29.00
125891  125824  0.00    73.94
125891  125348  9.88    80.23
125893  125921  5.80    12.30
125905  126792  6.00    137.21
125905  125612  10.50   57.04
125906  126813  8.36    129.76
125915  126642  4.25    106.84
125918  126513  14.33   84.25
125918  125801  10.75   79.29
125921  126033  4.67    53.35
125933  125087  0.00    132.65
125933  125254  11.00   105.49
125937  126377  0.00    79.99
125937  125976  7.40    111.40
125959  125350  0.00    88.53
125959  126042  8.73    26.21
125965  125125  6.67    125.71
125966  125419  3.00    80.20
125966  125891  4.25    69.22
125976  126012  7.25    111.40
125989  125905  0.00    56.09
125989  125392  5.14    89.34
126009  126872  20.00   138.64
126010  126096  4.33    79.06
126010  125097  7.29    134.94
126012  126048  10.33   111.40
126022  126714  9.71    105.08
126025  125833  0.00    36.32
126026  126596  4.00    85.43
126033  126034  11.50   20.54
126034  125480  0.00    78.06
126034  125838  7.56    69.32
126039  126871  8.33    121.69
126042  126677  10.56   96.58
126042  126112  7.17    33.15
126046  126608  18.54   83.65
126046  125966  0.00    73.88
126048  126084  5.33    117.74
126048  126489  0.00    61.89
126079  125265  8.88    118.18
126082  125483  3.00    89.24
126082  125989  0.00    54.80
126084  126118  6.00    117.73
126102  126916  11.50   118.64
126107  126636  7.00    80.18
126112  126167  6.50    31.57
126115  125417  5.14    115.86
126115  125673  3.00    93.80
126118  125681  9.33    60.33
126121  126899  2.33    115.61
126137  125485  8.67    97.02
126138  126115  10.00   5.11
126143  126624  0.00    81.87
126143  125701  12.60   63.78
126150  126615  11.50   67.12
126161  125918  3.00    48.09
126161  126662  2.00    73.61
126165  125412  4.25    113.51
126167  126392  0.00    31.87
126167  126452  14.50   101.66
126168  126082  5.50    55.33
126168  126800  8.20    93.68
126201  126150  11.00   71.19
126201  125517  6.50    100.02
126204  125612  20.00   89.78
126207  125830  9.00    101.86
126207  126675  6.27    70.29
126211  126945  3.00    104.74
126237  126255  0.00    38.26
126255  126286  1.00    43.69
126271  126713  10.73   62.18
126275  126010  7.25    39.65
126275  126201  6.50    80.23
126284  125371  10.00   139.52
126284  125933  0.00    61.33
126286  126313  2.00    54.56
126287  126168  3.00    59.89
126287  125801  0.00    72.79
126288  126275  10.00   12.59
126312  126138  9.63    87.16
126313  126625  14.60   44.25
126334  126161  5.33    67.17
126334  125545  8.67    118.30
126340  126911  5.50    83.53
126347  127225  11.50   139.68
126347  126377  3.00    68.40
126377  126438  9.83    144.34
126377  126803  5.44    107.83
126392  126743  3.00    54.07
126392  126720  17.57   123.17
126405  126939  9.20    87.42
126414  126288  6.38    132.63
126414  126122  10.00   39.24
126415  126961  6.10    82.49
126426  126287  6.75    53.91
126438  126489  5.00    144.34
126447  126138  9.00    78.26
126447  127032  7.15    130.75
126452  126714  7.95    101.90
126489  126874  3.56    58.86
126489  126517  10.60   116.56
126492  125891  10.00   82.55
126513  126426  1.00    32.71
126517  126541  8.38    116.55
126524  126143  7.25    55.38
126524  126334  0.00    64.92
126540  125557  9.00    143.52
126541  126118  6.78    59.93
126551  125966  4.71    82.54
126565  127114  3.00    82.36
126594  125989  3.00    90.18
126596  127151  4.95    85.43
126602  127287  9.00    106.23
126602  126034  12.69   84.88
126603  126447  6.14    49.17
126608  127156  3.00    83.65
126612  126730  8.17    137.50
126615  126893  11.50   40.45
126624  127145  2.33    82.88
126625  126983  8.00    53.35
126625  126674  0.00    48.33
126636  127155  3.00    80.18
126642  127327  4.07    106.75
126655  127527  9.20    134.68
126662  126513  3.00    37.39
126665  127402  6.40    113.93
126666  126929  1.00    38.68
126674  126207  10.00   77.34
126675  127168  5.39    79.79
126677  127274  10.00   96.58
126680  126111  26.50   84.11
126697  126713  11.63   43.56
126702  125888  6.14    116.53
126713  126732  9.83    34.07
126714  126840  4.08    44.38
126716  126139  2.00    86.35
126720  127063  11.50   123.17
126730  126817  14.33   94.10
126730  126288  0.00    62.05
126732  125765  11.17   137.36
126732  126761  6.83    67.11
126743  127093  2.33    134.38
126743  127099  11.50   55.94
126754  126082  13.92   101.18
126761  125812  5.71    134.60
126761  126785  6.81    62.23
126781  126284  0.00    78.65
126781  126137  7.67    97.02
126783  125923  9.22    125.86
126785  125856  7.08    132.35
126785  126813  6.57    61.82
126792  126811  0.00    42.87
126800  127389  11.50   93.66
126803  126825  0.00    104.84
126811  126781  0.00    51.11
126811  126204  8.67    89.79
126813  126845  3.60    59.83
126813  127566  7.25    112.26
126817  126201  9.83    87.24
126822  126603  6.55    53.82
126822  127232  6.67    89.28
126825  126874  3.00    104.85
126840  126930  4.28    29.95
126840  127063  0.00    34.28
126845  125965  4.42    125.71
126845  126871  6.75    60.04
126856  126334  9.13    77.94
126856  126662  11.50   66.24
126863  126255  6.50    85.53
126871  126898  10.57   63.72
126871  127480  1.00    91.88
126872  126565  0.00    108.67
126874  127077  0.00    29.14
126874  127037  6.67    74.50
126887  126312  15.00   89.25
126893  127391  10.00   77.58
126893  126817  20.00   69.80
126898  126916  5.50    60.01
126898  126079  9.00    118.18
126899  127647  5.17    115.61
126911  127351  0.00    68.10
126911  126689  8.67    91.94
126916  126945  2.60    63.13
126916  127436  3.00    78.64
126929  126863  0.00    45.03
126930  127151  5.21    82.99
126930  126165  7.88    113.43
126939  127142  11.29   45.38
126939  126675  6.75    135.98
126945  127198  0.00    40.07
126945  126967  9.00    60.98
126958  126872  3.00    29.93
126958  127216  10.55   91.09
126961  126893  3.00    77.02
126961  127493  5.75    81.67
126967  126541  8.67    63.61
126967  126982  3.00    79.47
126970  126287  9.00    102.61
126982  127037  18.83   81.57
126983  127325  9.00    53.51
126983  126929  10.29   48.29
126997  126603  7.14    78.84
127007  127411  3.00    64.13
127008  126887  50.00   19.34
127011  126033  6.14    145.16
127012  126856  20.00   63.98
127012  126524  1.00    77.45
127012  127966  11.00   147.99
127032  126887  11.87   24.48
127032  127008  15.00   17.44
127034  126324  8.14    105.01
127037  127053  11.00   23.08
127039  126961  9.83    74.36
127039  126492  3.00    82.55
127053  127077  7.00    45.91
127053  127429  11.50   59.48
127063  127118  6.40    28.12
127065  126983  0.00    51.57
127065  126674  8.50    55.77
127077  127122  5.50    80.07
127093  127446  7.80    134.38
127099  127433  9.83    53.82
127099  127427  7.00    131.09
127102  126551  12.17   82.55
127102  127039  9.38    70.04
127111  126149  3.00    143.42
127111  127155  0.00    34.84
127113  126970  0.00    82.23
127113  126426  9.80    103.42
127114  127536  3.00    80.06
127118  127193  11.00   32.59
127122  127163  8.42    112.73
127142  127622  7.80    97.70
127142  126822  14.50   72.85
127145  127012  3.00    63.68
127145  127954  0.00    122.53
127151  127202  0.00    8.61
127151  126911  3.23    87.62
127155  127211  3.00    34.25
127155  128043  8.00    131.07
127156  127102  10.22   64.54
127156  127698  3.00    81.92
127159  127255  3.00    119.30
127163  127220  9.43    112.74
127165  126594  4.67    90.18
127168  127212  5.75    7.69
127168  127065  2.60    92.88
127192  127156  6.75    28.77
127193  128066  5.33    129.42
127193  127355  10.00   60.25
127202  127355  6.50    23.17
127202  127765  10.83   85.88
127211  127250  0.00    34.57
127211  126680  6.88    84.11
127212  127434  6.94    47.58
127216  127277  11.50   27.44
127220  127225  3.00    10.10
127225  127238  0.00    58.98
127232  127674  9.00    89.26
127248  127306  0.00    12.52
127250  127309  3.00    31.62
127250  126716  11.50   86.35
127255  127386  11.29   119.31
127263  126761  10.00   79.19
127272  127113  6.40    102.82
127272  126856  8.67    69.06
127274  128054  7.67    114.38
127274  127145  13.25   66.29
127277  127609  7.80    46.76
127277  127617  6.50    117.46
127287  128036  4.75    106.23
127301  127343  0.00    42.55
127306  126702  4.75    113.86
127306  127536  0.00    72.02
127309  127327  0.00    9.64
127314  127396  20.00   77.05
127325  127596  7.67    40.11
127327  127834  8.80    75.67
127336  127032  0.00    55.98
127336  126997  11.50   78.30
127343  127008  8.67    54.39
127351  127007  5.38    142.83
127351  127761  3.00    61.12
127355  128121  3.00    109.85
127386  126817  6.00    86.83
127389  127460  3.00    10.37
127391  127930  3.00    77.58
127393  126754  8.67    101.18
127396  126732  13.33   101.35
127411  127179  2.50    97.68
127411  127825  3.00    62.02
127427  127773  10.75   131.09
127429  127856  6.50    62.27
127433  127274  10.86   62.20
127433  127775  3.00    128.29
127434  127776  0.00    73.02
127434  127656  9.60    45.56
127436  127514  3.00    73.65
127446  127118  9.75    54.11
127459  126845  50.00   92.72
127460  127897  2.00    64.11
127465  126540  4.50    143.58
127475  127657  0.00    26.40
127475  127459  0.00    40.57
127476  127212  0.00    56.32
127476  127325  0.00    114.47
127480  127520  0.00    6.99
127480  127475  11.00   20.03
127490  127429  0.00    90.41
127493  128081  3.55    81.67
127506  127667  38.25   78.66
127514  127520  6.50    64.59
127514  126898  2.00    94.01
127520  127701  10.00   26.26
127530  127876  3.00    90.10
127530  127113  3.00    62.83
127536  127546  20.00   67.88
127544  126602  7.73    146.29
127546  126958  10.56   127.63
127546  127584  11.50   88.88
127549  127476  20.00   15.56
127553  127490  0.00    90.41
127553  127122  9.82    81.68
127562  127825  7.80    103.22
127566  128412  9.00    112.26
127573  127039  3.00    82.55
127584  127216  8.50    95.45
127587  126783  8.45    125.82
127596  127812  3.00    32.46
127596  127506  6.83    78.04
127609  128063  5.40    99.34
127617  127778  3.00    24.94
127618  127396  20.00   31.95
127622  128150  4.75    97.70
127625  126785  7.18    125.69
127650  127102  11.00   82.46
127656  128155  6.29    94.12
127667  127758  13.71   97.48
127668  126970  6.00    108.47
127671  127701  0.00    43.99
127674  127336  0.00    56.49
127698  128332  8.67    81.92
127699  127034  1.00    105.04
127701  127853  1.00    21.72
127737  127336  0.00    64.49
127744  128056  0.00    48.06
127753  126967  26.14   118.58
127754  127211  3.00    82.91
127756  127817  1.67    139.21
127758  127849  8.67    97.42
127761  127411  5.80    144.44
127761  128245  7.80    62.59
127765  128421  3.60    85.97
127769  127668  0.00    15.98
127773  127446  11.46   53.42
127775  128179  10.50   128.29
127776  127549  13.83   49.12
127778  127900  50.00   16.94
127779  127220  6.50    88.92
127782  127250  0.00    78.70
127798  128341  3.00    96.30
127798  127549  3.00    52.01
127799  126982  4.56    123.40
127799  127753  7.67    103.66
127812  128291  11.00   59.73
127815  128005  3.00    70.51
127817  127263  6.50    79.19
127825  128330  0.00    64.50
127825  128245  9.50    142.76
127830  127799  0.00    46.86
127833  127238  0.00    95.10
127834  128422  4.00    75.69
127846  127609  4.75    85.36
127849  127930  3.00    70.43
127849  127386  7.25    68.53
127853  128257  11.00   49.20
127856  127943  0.00    139.47
127856  128323  11.00   57.49
127876  127272  8.00    90.25
127884  127853  6.43    85.80
127895  128330  3.71    146.47
127897  128369  8.67    59.37
127900  127846  0.00    20.56
127903  128234  0.00    50.86
127908  127884  6.50    79.49
127921  127914  20.00   11.95
127927  128746  4.88    105.67
127928  128228  9.10    35.27
127928  127753  3.00    23.25
127928  127908  0.00    79.49
127930  128933  9.67    126.38
127930  128081  8.25    75.50
127943  127997  1.00    100.12
127945  127111  5.83    127.18
127945  128043  6.75    34.85
127948  127656  0.00    57.72
127948  128486  10.75   94.00
127954  128054  3.00    67.22
127954  128128  0.00    24.13
127963  127876  3.00    11.15
127979  127778  0.00    41.63
127979  127897  0.00    14.27
127981  128623  4.43    83.44
127984  128858  3.70    112.45
127988  128436  8.80    80.04
127989  127011  7.86    145.16
127989  127921  17.17   51.78
127997  127553  20.78   82.07
128003  127989  11.50   16.90
128005  128918  3.00    116.74
128005  128265  19.31   108.41
128017  127798  1.00    38.64
128017  127812  0.00    60.09
128019  128667  3.00    80.85
128020  128954  5.43    120.87
128036  128551  16.67   64.89
128036  128003  5.60    39.20
128043  127754  8.00    80.40
128054  128132  3.71    63.34
128056  128923  3.00    128.12
128056  129045  1.67    133.48
128059  128017  11.00   7.44
128062  127963  0.00    12.13
128063  128249  8.67    101.25
128063  128300  0.00    45.27
128066  129099  7.67    130.38
128081  129105  8.95    137.57
128081  128190  9.00    76.22
128121  128982  6.33    110.65
128132  127433  5.38    100.32
128132  128276  28.83   126.40
128148  127343  5.17    112.90
128149  128216  6.50    122.56
128150  127674  7.83    76.79
128155  128700  6.39    95.66
128155  128486  8.50    58.31
128179  127773  5.00    55.27
128190  127573  8.67    82.55
128190  128275  12.29   69.83
128216  127817  3.00    48.74
128222  128311  9.80    120.25
128228  128326  19.20   13.29
128234  128236  4.67    4.11
128236  128412  0.00    66.80
128236  127459  2.60    103.53
128245  128723  5.50    61.99
128245  128421  2.00    67.31
128249  127846  51.50   99.20
128257  128234  2.00    57.46
128257  128652  3.00    49.10
128258  128228  9.00    55.85
128258  128762  11.00   64.94
128265  127584  10.00   101.03
128275  127650  10.50   82.46
128275  128332  11.20   56.21
128276  128550  8.17    127.00
128278  127948  3.00    55.74
128278  128791  6.75    93.97
128285  128257  2.00    85.84
128285  127884  11.50   49.04
128291  128222  10.00   77.25
128291  128576  9.83    36.23
128292  128258  1.57    59.98
128292  127799  20.00   61.11
128300  128265  7.80    34.73
128303  128285  10.00   79.28
128311  128413  13.13   120.27
128319  128892  0.00    72.13
128319  128292  9.00    61.32
128323  128319  0.00    6.95
128325  128150  11.20   28.78
128325  128454  8.67    94.15
128326  128303  0.00    79.28
128326  128721  3.00    49.35
128328  127979  6.50    58.02
128330  128723  3.63    142.53
128332  129169  8.64    134.87
128341  128278  0.00    9.71
128360  128045  16.14   36.79
128360  128625  4.00    85.14
128367  128323  2.33    61.51
128369  129488  7.60    135.99
128375  127769  3.00    74.75
128375  128369  7.13    55.22
128378  129107  4.25    93.65
128378  128375  1.00    40.21
128409  127943  1.00    57.63
128409  128367  5.56    77.83
128412  128613  3.00    23.87
128413  127849  8.44    70.85
128421  128751  3.00    42.75
128422  128667  18.00   79.26
128436  128325  0.00    19.62
128443  127779  0.00    89.09
128443  127997  8.14    77.33
128449  128378  4.75    106.35
128449  128460  3.00    13.11
128454  127737  18.00   100.16
128460  129101  6.40    126.35
128460  128062  0.00    49.13
128466  128409  6.08    77.34
128486  128791  6.50    53.29
128486  129004  20.00   96.93
128495  128003  7.00    61.95
128523  128443  20.00   11.13
128523  128466  1.00    77.34
128526  128715  0.00    94.62
128550  128179  5.00    51.26
128551  128495  6.00    38.49
128576  128715  1.00    17.46
128576  128059  5.00    89.26
128580  128523  8.67    73.63
128580  127833  20.00   96.09
128584  129191  10.00   82.89
128602  128607  6.75    62.01
128602  128216  8.50    47.66
128602  128549  3.00    103.88
128602  129328  0.00    89.55
128607  128613  2.60    60.34
128607  127625  7.88    125.67
128609  128341  3.00    46.89
128609  128059  8.17    95.98
128613  129364  14.33   91.28
128623  128748  9.00    17.96
128623  128580  5.83    64.24
128625  128422  8.14    72.17
128633  129176  0.00    70.49
128641  128036  9.83    137.73
128641  127544  13.17   146.33
128652  129018  0.00    50.11
128652  128613  4.86    121.22
128655  128584  0.00    72.39
128655  129287  3.00    78.40
128658  129235  0.00    72.46
128667  128746  5.33    33.32
128687  128652  3.00    86.14
128687  129428  0.00    89.44
128687  128285  3.00    49.63
128700  128436  3.00    44.37
128700  128732  0.00    7.05
128706  128551  11.00   32.72
128706  129604  4.75    110.51
128707  128687  6.50    79.20
128708  128748  9.83    75.87
128715  128991  6.50    38.55
128721  128707  20.00   79.20
128721  128790  0.00    9.27
128723  128751  7.00    68.70
128724  128550  2.00    20.93
128732  128822  9.18    97.11
128732  129239  7.61    88.71
128746  128858  6.40    36.60
128748  129177  6.40    59.03
128751  128982  5.00    103.46
128754  128265  13.33   62.91
128754  128918  8.67    83.70
128755  128655  6.20    111.53
128762  129260  0.00    60.07
128785  128755  3.00    15.47
128785  128841  0.00    45.61
128790  128762  3.00    69.21
128790  129244  5.33    55.74
128791  129094  10.00   55.55
128793  129546  11.50   95.52
128815  129404  4.62    146.41
128815  128328  10.75   118.98
128822  128945  18.80   97.21
128841  128880  8.50    106.66
128841  129240  8.92    48.52
128844  128724  6.50    15.72
128858  128954  6.45    35.65
128858  129661  7.84    94.96
128872  128609  10.00   48.03
128878  128523  0.00    100.24
128880  128844  0.00    4.21
128892  128917  14.33   61.91
128892  129429  3.00    62.54
128908  129413  0.00    58.29
128917  128367  3.00    72.26
128917  128948  4.67    63.15
128918  129033  6.50    62.58
128923  128641  5.60    70.98
128928  129700  5.20    125.82
128933  129375  6.42    124.28
128933  129377  3.00    52.85
128943  129454  0.00    57.71
128945  129011  8.67    52.10
128948  128878  11.50   98.20
128954  129045  3.00    34.75
128977  128706  3.00    69.60
128977  129538  3.00    61.79
128980  129003  1.00    24.90
128982  129172  9.89    83.36
128986  128413  7.78    74.62
128986  128933  8.93    73.81
128991  129276  10.00   35.96
129003  129018  8.00    50.03
129003  129382  11.50   42.89
129004  129580  0.00    93.59
129004  128700  20.00   55.63
129011  128148  10.00   112.92
129018  129401  6.40    41.06
129025  128815  3.75    60.08
129025  128300  13.25   109.16
129045  129083  0.00    11.44
129058  129091  7.88    36.46
129058  128360  8.33    95.01
129081  128986  15.80   93.25
129083  128923  8.67    36.52
129083  129129  4.75    16.24
129091  129692  14.33   97.48
129091  128625  3.00    91.63
129094  128609  8.67    93.96
129094  129431  6.50    49.72
129099  129172  0.00    8.06
129100  129108  0.00    18.23
129101  129480  8.50    39.99
129101  129191  10.43   85.45
129107  129977  3.00    93.64
129108  129440  0.00    35.23
129108  129120  0.00    35.44
129109  129369  0.00    41.10
129129  129962  7.00    106.05
129129  128977  6.40    128.64
129169  129187  11.50   2.98
129169  128275  8.33    113.92
129176  129081  13.67   93.25
129177  129715  4.31    70.26
129187  129519  12.00   70.34
129187  128190  6.50    140.39
129190  129176  2.00    12.70
129191  129287  11.00   81.65
129204  129025  10.17   69.51
129204  129380  4.25    80.07
129204  128754  19.00   59.57
129218  128880  5.50    66.54
129235  129190  15.75   36.22
129239  129580  0.00    54.66
129239  129813  6.10    92.44
129240  129274  9.15    93.11
129240  129844  10.00   67.06
129244  129260  4.22    78.74
129244  129469  3.00    23.75
129247  128449  3.00    98.98
129248  128872  22.00   91.95
129248  128991  7.67    47.59
129260  129378  1.40    64.28
129274  128880  8.69    48.99
129276  129235  6.73    34.29
129278  129521  4.00    38.47
129287  130003  10.50   77.72
129287  129422  6.40    126.69
129328  129752  0.00    48.64
129336  128495  8.31    103.18
129338  129328  7.25    57.70
129338  128607  1.00    89.67
129349  128580  4.78    150.26
129362  129011  15.00   38.65
129364  129338  6.50    59.55
129368  129362  20.00   49.62
129369  129004  11.00   58.27
129375  129551  20.00   47.81
129378  129429  4.00    33.00
129378  128292  7.06    134.25
129380  129560  16.67   80.07
129382  129364  8.67    69.77
129401  129867  0.00    51.07
129401  129382  0.00    50.92
129404  129488  10.38   64.35
129404  128328  6.50    131.53
129413  129401  10.00   36.43
129422  128755  5.00    78.05
129428  129413  9.80    50.56
129429  129507  2.00    58.28
129431  128872  10.00   94.29
129431  129875  20.00   67.36
129436  129814  0.00    42.77
129436  129428  11.50   40.68
129440  129436  3.00    5.24
129454  129440  20.00   71.75
129455  129614  0.00    55.01
129469  130451  9.09    117.60
129469  129454  11.50   40.19
129480  129247  1.00    93.06
129480  129899  5.33    47.27
129488  130038  8.67    60.30
129507  128917  0.00    67.74
129507  129571  11.50   78.00
129519  129551  0.00    7.11
129521  128945  0.00    64.76
129538  130088  0.00    60.83
129546  130246  3.00    88.13
129546  129185  4.00    94.34
129571  129349  9.44    145.27
129571  128948  20.00   71.22
129579  129276  10.64   34.98
129580  129781  0.00    29.78
129581  129058  11.00   78.79
129604  130008  6.63    49.86
129614  129190  10.00   47.42
129614  129739  0.00    70.78
129616  129650  10.07   58.10
129621  129538  11.50   75.53
129650  129715  10.50   62.64
129661  130125  6.50    48.37
129661  129700  8.67    82.01
129678  129369  3.00    49.87
129678  129094  9.83    97.20
129692  128928  5.43    126.62
129700  129785  7.80    131.30
129715  130020  8.00    35.66
129718  130294  0.00    125.01
129726  129718  14.73   121.79
129739  129579  0.00    18.57
129744  129521  0.00    27.19
129752  129787  0.00    57.07
129757  129204  7.00    79.01
129780  129814  14.33   55.44
129781  130250  0.00    77.56
129785  129692  0.00    8.89
129787  129338  2.50    51.20
129788  129274  4.25    59.90
129813  130557  8.63    130.59
129814  129867  6.00    129.02
129830  130829  9.88    126.34
129830  129812  0.00    24.87
129839  129614  0.00    23.99
129846  129726  6.00    121.89
129848  129025  9.13    101.44
129862  129579  5.40    107.90
129867  129830  6.40    53.38
129875  129248  8.50    117.05
129891  129422  8.80    51.91
129908  130175  9.33    115.87
129929  129546  2.43    104.52
129934  129362  3.00    63.05
129959  129934  11.00   67.59
129961  129939  0.00    2.73
129962  130088  9.30    100.65
129967  129781  0.00    26.46
129968  130115  11.46   24.93
129971  129507  2.00    50.80
129995  130077  2.50    95.82
130020  129995  11.00   126.56
130020  130205  0.00    29.53
130054  129967  0.00    14.86
130074  130634  8.86    83.27
130077  129971  11.38   96.27
130088  129604  7.00    82.27
130099  130667  6.40    88.81
130115  130749  6.73    95.44
130115  129581  11.00   78.79
130125  130579  18.57   62.72
130127  130630  12.33   77.73
130127  129971  0.00    18.44
130131  130125  0.00    51.13
130134  130469  10.00   45.92
130145  129846  0.00    130.57
130145  129739  0.00    42.77
130147  129967  0.00    27.75
130149  130574  2.60    117.34
130164  129650  3.50    54.48
130169  129929  9.50    97.48
130169  130720  6.40    74.66
130175  129785  4.00    42.15
130184  129915  3.00    33.13
130205  130606  11.50   59.44
130205  130164  22.29   103.48
130223  130652  0.00    58.10
130230  130311  7.23    143.21
130246  129915  7.75    94.93
130250  129678  10.50   92.48
130250  130677  13.71   76.84
130255  130145  3.00    35.22
130259  130205  1.67    99.28
130260  129929  5.68    44.74
130260  130246  4.71    113.30
130264  130259  0.00    7.15
130264  129995  10.00   35.11
130267  129378  5.60    102.00
130267  130127  6.40    72.07
130277  130725  0.00    60.36
130290  129678  11.81   96.24
130290  129875  11.78   97.79
130291  131069  5.50    105.56
130291  130264  8.22    41.20
130294  129961  4.75    84.06
130298  130684  0.00    52.12
130311  130458  3.00    84.68
130311  129846  0.00    58.16
130313  129813  0.00    80.43
130319  130184  3.00    20.02
130325  131095  8.67    109.84
130325  130291  11.50   66.11
130327  129752  0.00    66.26
130341  130230  7.77    90.76
130343  129796  3.70    66.31
130357  130290  9.00    13.82
130359  130311  7.86    7.63
130378  130343  8.60    100.63
130378  130847  10.00   61.02
130383  130325  6.50    35.26
130384  129934  2.33    57.66
130394  130384  1.00    52.04
130406  129787  0.00    74.96
130421  130951  4.40    101.90
130421  130267  7.48    128.65
130451  130421  14.33   18.13
130454  130561  0.00    15.88
130458  130706  8.50    85.34
130461  130260  6.38    29.11
130469  130811  5.33    57.88
130476  130319  3.00    21.78
130483  131080  7.33    113.76
130483  130451  13.71   27.49
130487  130610  5.00    101.37
130518  130164  11.50   49.14
130518  130606  11.09   131.46
130541  130343  3.68    111.91
130544  130461  1.00    13.62
130551  130548  3.00    24.24
130551  130887  0.00    43.75
130557  130801  2.33    43.76
130557  130694  6.19    101.03
130557  130384  10.50   23.93
130561  130675  6.40    14.55
130564  130357  7.60    39.03
130574  130556  9.69    114.80
130579  131314  3.00    101.80
130579  130551  10.33   51.46
130589  130684  5.75    103.08
130594  130483  8.33    93.93
130606  131016  6.67    58.41
130609  130255  6.43    89.37
130610  130701  9.25    30.92
130623  130624  0.00    8.20
130624  130654  0.00    2.73
130625  130564  0.00    12.15
130630  131178  20.00   77.90
130634  130487  4.40    101.43
130634  131256  11.00   100.24
130650  130623  0.00    2.73
130652  130579  6.65    149.35
130654  130700  0.00    5.44
130674  130650  0.00    2.72
130675  130859  14.14   22.96
130677  130357  0.00    102.84
130683  130652  14.71   61.79
130683  130175  4.40    69.21
130684  130733  4.86    59.44
130694  130768  0.00    100.89
130699  130674  0.00    2.72
130700  130713  3.00    8.19
130701  130757  7.63    22.00
130706  131092  10.50   80.00
130706  130946  6.13    59.83
130712  130677  0.00    12.78
130713  130699  0.00    2.73
130716  130687  11.00   47.45
130719  129908  10.43   121.54
130719  130683  9.62    93.48
130725  130594  6.38    93.93
130725  131369  3.00    113.15
130733  130518  0.00    27.46
130749  130719  11.00   86.36
130749  131351  8.63    94.88
130757  130785  0.00    8.78
130759  130917  0.00    29.62
130768  130313  15.75   80.73
130768  130774  3.00    8.31
130769  130625  0.00    20.41
130769  130891  1.67    23.17
130769  130609  6.00    88.01
130771  130544  3.23    30.59
130771  130716  20.00   118.89
130774  130250  0.00    95.56
130774  130712  3.00    104.62
130781  130267  8.00    83.11
130785  131180  7.00    58.91
130785  130967  5.93    71.58
130788  130102  2.33    91.83
130795  130343  4.84    60.53
130807  131295  10.33   81.58
130811  130788  6.71    42.97
130823  130359  4.40    88.72
130829  130725  7.14    88.98
130837  130939  0.00    51.86
130847  130795  10.38   84.67
130851  130811  6.64    79.86
130851  130469  10.00   107.97
130859  131228  0.00    51.86
130859  130847  8.11    103.47
130862  130294  3.00    82.46
130862  130341  7.48    94.11
130884  130733  0.00    21.26
130890  130634  4.00    76.29
130891  131013  11.50   32.79
130896  130851  8.09    113.93
130900  130757  1.00    26.15
130900  130701  3.00    27.74
130912  130829  7.80    71.00
130917  130922  0.00    5.20
130922  131167  10.00   44.38
130922  131577  5.00    109.25
130939  130862  7.14    32.37
130943  130363  5.04    90.69
130945  130795  6.17    21.41
130945  131082  10.25   81.16
130946  131194  0.00    62.65
130951  131269  0.00    65.04
130951  131114  9.20    89.64
130954  130917  5.80    15.77
130984  130891  11.50   55.32
130984  130769  0.00    47.66
131004  130939  3.00    28.56
131004  131248  0.00    68.95
131013  131194  0.00    36.90
131013  131419  7.00    84.95
131016  131041  9.22    49.30
131016  131340  13.33   50.53
131033  130610  7.50    129.57
131041  131069  11.50   47.12
131041  130259  13.33   105.27
131059  130896  5.72    133.03
131062  130912  6.87    113.49
131068  131121  10.67   81.60
131069  131095  8.17    37.55
131080  131729  7.31    120.46
131081  131059  0.00    25.90
131082  131227  10.00   81.16
131084  131180  0.00    27.11
131084  130900  0.00    34.09
131092  131445  12.67   80.05
131095  131178  3.00    59.70
131095  131383  3.00    52.23
131114  131291  6.50    88.25
131115  130768  3.00    47.90
131115  130712  0.00    117.63
131121  130884  7.00    32.29
131135  130890  9.86    76.29
131167  131342  6.50    46.26
131167  131446  7.60    140.95
131169  131174  9.82    75.29
131174  131417  10.70   76.34
131178  131320  5.00    59.07
131180  131826  3.00    111.07
131194  131673  10.00   75.91
131194  131482  4.00    66.88
131227  130541  5.73    117.55
131228  131920  3.33    107.67
131234  130879  8.93    48.21
131247  130548  5.69    93.15
131256  131892  4.67    102.05
131269  131327  0.00    20.32
131269  131552  0.00    58.70
131284  131115  6.17    24.94
131289  130230  7.42    145.85
131289  130823  7.70    89.47
131291  131080  3.00    53.49
131305  130359  7.59    136.19
131314  131377  6.50    10.08
131314  131247  7.20    79.17
131317  130722  5.23    85.44
131320  130781  7.85    84.20
131327  130267  6.75    148.24
131340  131383  0.00    91.96
131340  131520  3.00    26.86
131341  131062  7.38    112.91
131351  131756  5.50    92.00
131358  130946  13.71   89.12
131362  131881  10.00   115.94
131363  131317  3.00    115.65
131369  131996  11.95   113.18
131371  131228  6.44    91.82
131377  131830  6.42    67.87
131381  131316  6.40    98.84
131383  131741  0.00    57.79
131394  131381  6.50    99.20
131394  130914  7.25    72.18
131401  131363  6.80    115.65
131410  131377  9.39    111.12
131410  131930  5.33    76.16
131418  130771  4.08    99.58
131418  131386  6.00    84.37
131419  131866  15.00   85.29
131434  131004  9.33    77.72
131445  132056  7.57    115.82
131446  131399  5.93    63.69
131446  131434  2.25    32.75
131456  131162  7.50    47.02
131456  130984  9.57    115.20
131460  131401  10.00   115.65
131460  130896  6.50    82.56
131461  131247  3.00    39.20
131462  131418  10.00   92.04
131463  131394  10.00   76.89
131472  131234  0.00    37.44
131473  131410  9.11    100.21
131473  130683  9.47    111.70
131481  131462  9.78    74.15
131482  131639  3.00    34.01
131497  131042  6.38    74.32
131507  131473  5.92    81.46
131507  130719  6.00    114.28
131508  131371  6.00    90.02
131508  130945  2.89    83.21
131520  131463  8.89    76.90
131520  131751  3.00    35.54
131532  131299  0.00    85.40
131575  131747  0.00    61.86
131596  131482  0.00    21.74
131596  131639  20.00   38.03
131605  131084  8.50    103.43
131610  131660  7.80    41.72
131631  131508  7.80    79.39
131639  131899  11.00   57.18
131660  131703  7.35    11.07
131660  131291  9.81    67.19
131668  131788  2.00    17.26
131673  131596  5.50    57.41
131677  131720  10.88   84.30
131693  132059  0.00    58.58
131700  131033  11.20   133.24
131700  132095  10.00   97.66
131703  132248  7.57    104.34
131713  130912  7.06    119.37
131720  131773  7.25    84.28
131729  132361  10.42   120.49
131737  132102  0.00    57.19
131741  131732  10.00   29.77
131746  131631  10.00   80.95
131746  131227  6.50    81.56
131747  131320  10.00   69.27
131751  131741  10.00   50.34
131751  131855  3.00    16.36
131756  131507  6.50    37.21
131756  132220  9.58    137.85
131761  131059  6.50    103.90
131773  131778  6.50    24.31
131776  131445  3.00    60.54
131776  131358  12.67   89.12
131778  131394  5.33    54.11
131778  131811  11.50   70.93
131788  131952  13.94   91.98
131788  132654  6.69    135.34
131792  131973  0.00    71.59
131801  131746  10.80   41.28
131811  131855  9.80    100.55
131811  132434  13.63   96.92
131826  132472  2.33    111.07
131840  131803  4.47    87.79
131842  131289  9.65    97.10
131844  131062  7.17    118.06
131852  131317  6.48    80.82
131852  131920  6.38    79.80
131855  132493  4.50    102.40
131859  131852  4.50    42.12
131859  132321  6.50    90.73
131866  131673  8.23    127.90
131870  131952  0.00    11.67
131881  131840  7.67    84.71
131892  132544  7.25    102.64
131899  132165  7.25    60.33
131899  131776  12.38   73.75
131904  131434  10.41   72.94
131909  131859  2.85    90.78
131909  132360  7.80    109.78
131914  131472  3.00    67.63
131914  131881  2.50    89.84
131920  132443  4.89    81.88
131930  132423  3.00    76.16
131931  131446  0.00    72.33
131945  131716  5.75    96.12
131945  131135  6.80    138.59
131952  132855  3.50    136.26
131968  131372  0.00    120.95
131968  131914  11.50   94.73
131970  131909  9.43    101.90
131973  131747  5.47    35.87
131973  132033  15.00   88.75
131980  132338  13.20   56.93
131995  131968  6.00    79.97
131996  131713  8.67    41.32
132010  131460  10.75   82.00
132010  131970  5.43    101.90
132030  131418  4.45    92.70
132030  131995  6.88    87.80
132033  132039  3.00    9.19
132034  131610  8.41    117.28
132039  132034  8.33    55.69
132039  131327  0.00    105.87
132040  131945  0.00    45.48
132044  132376  18.25   51.83
132056  132762  6.25    117.15
132059  131904  8.50    38.42
132065  132030  3.00    91.28
132081  131899  7.75    147.94
132089  131289  19.50   123.49
132089  131305  7.82    134.86
132093  132065  4.40    73.28
132095  131605  7.25    103.29
132095  132472  13.33   86.14
132102  132376  6.17    74.68
132121  131700  3.00    81.47
132143  131866  0.00    56.47
132143  131456  7.29    105.81
132165  132656  6.65    108.84
132168  131497  10.33   102.13
132211  131371  5.90    129.83
132220  132455  4.00    71.32
132227  132309  13.83   59.99
132227  132165  0.00    11.46
132233  131610  8.60    108.12
132233  132384  0.00    53.36
132240  131776  9.80    109.44
132248  132983  9.35    130.64
132248  132864  7.59    88.42
132286  132081  13.20   148.04
132286  132143  3.00    22.70
132300  132338  6.13    89.92
132309  132487  11.71   136.52
132315  131508  5.11    125.87
132321  132834  2.33    90.77
132334  132059  12.82   90.96
132338  133035  3.00    102.31
132338  132377  6.50    80.66
132360  132678  5.00    108.51
132361  133043  8.25    120.60
132362  132331  14.60   92.52
132364  131497  10.27   147.91
132365  131852  5.00    80.61
132370  131996  0.00    61.36
132370  132412  0.00    32.39
132376  132572  3.00    32.22
132377  131773  9.00    95.29
132377  132434  8.43    90.86
132380  132102  8.80    104.52
132380  131842  6.67    97.10
132384  131703  10.39   115.88
132389  131904  0.00    74.54
132389  132059  5.43    59.70
132408  132362  4.40    92.52
132412  131713  2.50    131.07
132422  131631  7.00    123.34
132430  131761  2.00    103.85
132434  132482  8.67    90.95
132434  133145  9.40    101.87
132443  133007  5.17    81.88
132449  132408  6.40    87.76
132472  133286  9.00    121.41
132472  133082  7.22    102.57
132482  133207  4.25    102.42
132482  132493  11.50   44.52
132487  132703  6.67    136.56
132488  131914  4.67    89.02
132488  132449  3.00    87.76
132493  133130  9.42    116.06
132509  132220  11.00   50.08
132511  132700  0.00    56.96
132511  132034  2.71    82.79
132512  131746  3.00    121.49
132527  132488  3.00    87.95
132544  132121  8.20    81.42
132558  132412  0.00    21.51
132562  132728  0.00    52.99
132562  132033  2.33    87.45
132572  132389  3.00    33.87
132576  132527  6.00    87.95
132597  132095  6.00    99.36
132610  131844  7.83    118.06
132620  132576  4.28    107.10
132620  132030  7.33    91.53
132636  131945  6.50    112.88
132643  131973  4.75    106.33
132654  133597  9.30    135.32
132656  133234  7.67    83.58
132656  133075  5.05    90.26
132678  132010  2.43    113.63
132680  132620  6.00    93.34
132688  132881  0.00    35.36
132700  132233  6.00    74.75
132703  132286  7.25    61.40
132717  131810  8.20    143.68
132717  132595  20.00   35.80
132720  132680  3.00    72.68
132728  132511  10.25   31.89
132730  132309  8.17    61.12
132734  132864  10.25   118.53
132734  132384  10.29   54.29
132762  133523  5.44    113.29
132762  132240  9.00    109.42
132815  132619  9.80    35.40
132815  132334  8.44    93.09
132834  133658  7.22    151.33
132834  133763  6.50    145.12
132834  132937  7.80    132.91
132855  133784  5.33    136.45
132864  133333  8.60    71.20
132868  132168  2.50    102.06
132881  132815  3.00    13.95
132899  133375  0.00    97.63
132910  132380  4.43    83.88
132922  132730  8.86    136.18
132935  132973  5.47    96.71
132937  132365  8.67    80.61
132937  133007  5.13    78.77
132963  133493  3.60    108.09
132963  132089  5.82    143.18
132973  132974  4.88    3.19
132974  132979  0.00    11.80
132979  132997  8.50    80.97
132983  133732  6.96    130.64
132988  133035  5.43    89.21
132997  133014  3.00    80.97
133007  133572  5.71    79.40
133007  133078  6.25    83.90
133014  132488  0.00    76.02
133014  133059  2.75    86.05
133020  133284  5.33    55.20
133020  132562  8.67    73.99
133035  133071  5.50    81.28
133043  132370  5.71    98.33
133043  133318  7.67    40.45
133047  132227  7.81    122.40
133059  133112  8.33    86.05
133064  132717  11.11   114.20
133064  133655  6.22    87.49
133067  132834  5.33    102.33
133071  132377  11.00   102.04
133071  133145  7.10    90.66
133075  133523  14.33   90.27
133078  132211  7.14    130.00
133078  133174  4.25    85.92
133082  133704  1.00    102.23
133096  132730  12.67   56.04
133098  132922  9.38    136.27
133098  132703  7.00    59.96
133112  133165  5.75    105.81
133116  132620  6.00    70.54
133120  132597  25.50   99.27
133120  133713  0.00    85.66
133121  133565  3.00    71.35
133121  132972  3.00    101.13
133121  133116  3.00    9.09
133130  133279  7.64    30.15
133138  133328  8.33    101.84
133138  132430  4.40    103.58
133145  133647  3.00    73.00
133145  133207  7.25    90.66
133148  133762  3.00    112.65
133149  132881  6.41    56.99
133165  133116  5.00    6.87
133174  133259  7.44    80.58
133174  132315  4.86    125.87
133186  132734  12.70   70.06
133207  133911  13.25   101.60
133207  133247  8.50    80.11
133215  133399  6.33    84.56
133234  133822  9.80    83.58
133243  132544  8.00    126.78
133247  133265  7.25    36.93
133247  133947  6.27    101.08
133259  132422  10.00   123.34
133259  133347  8.07    75.52
133265  133275  3.00    11.41
133275  133279  6.14    18.29
133279  133374  6.50    18.31
133284  132728  8.33    90.21
133284  133508  11.20   73.88
133286  132364  3.14    147.89
133294  133096  8.77    136.76
133310  133087  3.00    34.12
133318  133427  9.09    93.36
133319  133138  3.00    75.47
133328  133067  6.25    102.12
133333  133186  9.92    134.92
133333  133764  8.59    61.27
133347  132512  5.85    121.49
133347  133481  4.67    84.95
133374  133609  8.13    37.09
133374  132643  8.76    106.47
133375  133064  7.43    80.88
133400  134154  2.00    108.84
133400  132910  4.70    83.87
133408  133472  4.67    59.35
133408  133286  2.33    18.44
133416  132847  0.00    93.95
133427  133597  6.63    128.01
133427  132610  7.27    118.06
133439  133500  7.82    138.75
133449  133565  7.25    81.22
133462  132717  8.93    113.68
133472  133512  0.00    53.68
133481  133449  9.80    70.24
133493  134154  10.00   110.30
133500  133014  10.00   76.87
133500  133563  5.64    131.80
133508  133615  15.88   68.79
133508  132700  20.00   122.35
133511  133294  9.83    136.80
133511  133098  13.25   57.92
133512  132868  7.25    101.03
133512  133319  5.50    75.50
133523  133660  3.00    20.33
133527  133375  0.00    28.11
133527  133779  7.50    37.59
133544  133754  0.00    30.13
133544  133395  10.00   20.33
133548  133096  10.00   64.18
133556  132963  8.57    87.22
133563  133608  7.53    104.35
133563  133112  1.00    63.08
133565  134042  6.88    69.78
133572  134107  5.35    79.40
133590  133855  0.00    39.71
133597  133784  7.16    130.56
133597  134183  5.48    89.03
133599  133544  10.00   87.63
133601  133462  3.00    70.28
133608  133165  3.21    62.72
133609  133020  8.67    92.47
133609  134146  6.63    81.57
133615  133186  10.81   62.91
133615  133764  10.50   127.01
133647  133864  0.00    29.12
133647  133599  3.00    87.63
133655  134219  9.23    87.49
133658  134064  5.00    145.82
133660  133556  7.00    78.34
133660  134113  5.79    66.27
133664  133762  10.00   60.11
133676  134302  0.00    105.09
133676  133556  7.86    18.19
133700  133120  5.50    115.82
133702  133754  4.75    86.46
133704  134279  7.14    102.12
133713  134279  9.00    85.62
133714  133918  30.00   73.91
133732  133318  8.23    102.47
133732  134242  6.29    95.29
133733  133548  8.00    136.83
133754  133819  10.25   87.80
133758  133333  4.75    77.86
133762  133527  3.00    85.41
133763  134199  8.13    120.01
133764  134734  14.38   148.13
133771  133138  3.71    96.98
133777  132937  7.36    122.98
133777  133763  13.80   64.97
133779  134070  19.13   45.46
133779  134057  3.00    52.81
133784  133809  12.93   106.46
133784  134347  14.33   83.57
133819  133864  2.60    87.80
133822  133660  6.29    102.87
133855  134061  4.25    97.31
133859  133462  13.20   57.66
133859  133714  8.80    57.29
133864  134548  7.86    101.28
133864  133911  4.80    89.61
133875  133174  7.25    100.32
133901  133822  6.00    62.91
133901  133047  6.56    122.47
133911  133947  4.40    80.07
133915  133511  7.25    59.74
133915  133733  9.44    136.85
133930  134042  4.75    96.86
133932  133892  3.56    131.09
133932  133500  10.00   74.03
133947  133984  10.13   63.29
133971  133932  2.33    96.79
133974  133901  7.85    61.04
133974  133548  3.00    63.95
133984  133275  8.31    101.99
134024  133608  4.67    61.01
134024  133971  7.93    96.79
134026  133400  5.18    103.64
134042  134461  5.33    60.28
134057  134070  0.00    19.69
134057  134219  2.20    101.34
134064  134387  5.75    144.93
134070  134819  9.83    117.95
134071  133427  14.60   94.27
134071  134242  8.83    114.71
134101  133347  1.80    109.26
134107  135027  5.91    140.98
134113  134513  7.00    59.43
134117  133974  8.50    104.30
134128  133078  9.57    149.93
134132  133408  4.00    119.36
134138  133259  6.54    127.20
134144  133284  9.86    133.91
134146  134144  0.00    10.71
134146  134251  11.50   17.66
134149  133732  7.81    98.76
134149  133758  5.33    77.45
134154  134682  12.43   91.25
134183  134071  8.92    124.06
134183  134263  5.33    10.95
134186  133714  10.00   75.07
134192  133508  8.25    126.07
134192  133615  11.90   89.86
134196  133472  0.00    120.46
134199  134596  5.80    119.31
134209  134113  9.20    83.05
134219  135030  4.53    128.07
134219  133859  6.00    115.72
134220  134117  10.12   85.24
134222  134024  2.33    30.72
134242  134884  9.67    120.62
134242  134862  6.36    116.01
134251  134519  9.80    37.02
134251  134144  20.00   19.85
134263  134811  1.50    97.67
134263  134603  7.54    77.05
134279  134723  0.00    80.21
134284  134383  0.00    70.57
134298  133512  8.29    124.86
134302  134916  8.60    105.20
134304  134381  9.80    127.56
134335  134209  5.33    83.06
134335  133901  26.75   65.39
134347  134890  11.97   83.57
134352  134220  8.86    85.25
134352  133915  3.00    64.69
134365  134745  11.50   61.36
134373  133932  0.00    75.33
134381  133984  11.36   56.75
134383  134396  5.33    7.89
134387  135106  8.17    148.45
134387  133771  5.89    96.83
134396  134489  3.00    98.74
134416  133676  10.13   107.36
134416  134513  10.50   74.11
134432  134406  5.75    75.12
134432  134222  5.50    27.69
134451  134335  8.89    82.32
134461  134222  6.60    56.75
134463  134403  4.17    92.28
134463  135085  10.33   99.37
134485  134352  11.50   75.95
134489  134461  6.50    7.38
134496  134463  3.00    79.04
134513  134887  6.40    59.28
134519  134638  6.67    124.35
134519  135168  11.94   104.71
134533  134489  5.50    11.69
134533  135146  7.88    99.33
134543  133875  3.63    100.32
134548  134496  9.44    91.02
134548  135023  11.00   75.53
134551  134451  34.33   82.31
134551  134117  12.64   64.58
134553  133855  0.00    103.44
134574  133859  4.18    110.13
134596  134871  7.00    118.45
134602  134548  9.20    94.38
134603  134886  12.31   76.63
134615  134513  11.29   82.83
134616  134485  3.00    26.23
134630  133777  2.50    127.43
134630  134107  9.17    118.30
134632  134026  6.24    103.78
134632  134955  5.80    66.39
134638  134192  6.97    84.88
134638  134693  8.00    89.29
134647  134602  9.82    94.38
134648  134551  8.14    84.98
134682  134955  7.83    46.96
134682  134916  5.80    59.12
134693  134734  7.10    89.24
134706  134615  7.33    82.86
134706  134335  4.67    59.61
134716  134606  4.44    123.81
134723  134787  6.00    28.08
134723  134454  0.00    53.90
134734  134745  4.40    37.99
134735  134716  7.10    75.29
134738  134352  7.25    63.53
134738  134648  13.38   84.97
134745  134768  3.58    77.44
134768  134149  9.37    96.89
134768  134884  4.75    93.92
134787  134132  4.60    118.88
134787  134892  6.00    62.39
134810  134101  2.67    109.26
134811  134823  14.33   16.60
134814  134071  7.55    113.34
134819  134735  5.50    75.41
134819  135265  7.45    72.07
134823  134890  8.91    57.51
134823  134183  8.76    140.57
134824  134706  3.00    82.22
134835  134432  3.62    63.77
134857  134533  3.00    89.42
134862  134981  2.00    22.48
134871  135271  11.43   119.72
134878  134738  10.00   19.07
134878  134616  10.50   114.10
134879  134630  7.67    103.69
134886  134981  3.00    26.35
134887  135267  6.90    60.51
134890  135229  11.50   53.47
134892  134196  10.00   120.03
134892  134990  0.00    61.97
134896  134553  10.07   98.41
134916  135199  8.67    90.53
134931  134824  3.00    82.18
134931  134551  5.43    60.43
134944  134896  0.00    17.36
134944  135244  5.76    102.42
134955  135360  20.00   94.45
134958  134138  14.33   127.20
134958  134810  10.50   103.43
134961  134630  6.50    51.78
134961  135027  10.75   74.93
134981  135482  5.80    92.24
134981  135078  9.13    27.07
134983  134887  4.25    83.47
134990  135106  6.50    86.89
134990  134298  9.20    123.46
135002  135114  11.00   20.20
135023  135188  8.64    26.12
135023  135063  3.00    86.72
135027  135723  3.09    103.03
135027  135094  3.88    82.57
135030  134819  7.00    125.46
135030  135097  8.00    11.84
135034  134716  3.00    72.15
135056  134632  9.32    75.88
135058  134931  8.67    110.02
135058  134878  0.00    72.88
135063  135114  9.38    86.74
135068  134878  11.50   31.83
135078  135630  7.48    142.94
135085  135041  5.27    93.48
135089  134706  3.00    59.50
135089  134983  11.50   83.52
135094  134128  4.50    149.90
135094  135161  8.38    77.77
135097  135966  14.33   137.81
135104  134381  9.50    118.28
135106  135826  4.00    137.64
135106  135271  6.50    90.83
135114  135448  3.00    49.97
135123  135068  12.67   9.53
135123  135058  0.00    59.56
135129  134879  5.67    103.85
135131  134496  3.00    101.69
135131  135085  11.50   81.67
135143  135307  8.44    97.06
135161  135248  8.50    79.16
135161  134543  10.90   100.37
135168  135104  3.00    69.70
135168  135875  8.09    105.05
135170  135068  8.50    88.32
135173  134857  7.83    89.42
135188  135131  3.13    91.72
135189  135089  11.50   82.38
135199  134416  4.38    123.21
135229  135958  11.33   111.90
135244  134574  5.40    110.15
135244  135030  8.42    129.87
135248  134958  3.00    44.43
135260  135180  0.00    14.11
135265  135563  10.00   48.12
135265  135143  11.90   96.15
135267  135199  5.25    55.11
135271  135757  3.83    90.08
135276  134787  4.00    140.89
135278  134616  12.33   119.83
135278  135170  9.00    88.27
135287  135267  5.40    14.39
135290  136049  7.75    116.05
135290  135168  8.63    112.39
135299  135290  3.00    12.09
135299  134638  8.91    102.39
135307  135034  8.22    59.30
135307  135578  10.42   52.65
135309  134931  5.43    58.95
135309  135189  8.17    82.38
135360  135725  9.00    93.55
135361  135564  11.00   40.85
135361  135188  14.33   24.76
135364  134811  11.00   146.03
135370  134875  10.00   76.71
135375  135309  3.00    10.72
135392  135287  7.18    75.83
135411  135129  11.50   103.79
135411  135775  1.00    52.44
135429  135299  9.80    88.73
135452  135104  3.00    64.02
135482  135956  7.07    90.77
135482  135364  8.40    27.58
135487  135089  1.00    59.89
135487  135392  6.50    75.80
135491  135375  0.00    83.82
135495  135564  7.97    130.95
135495  135894  10.00   61.36
135526  135123  6.43    59.44
135530  134990  15.89   110.23
135556  135678  4.71    76.82
135563  135097  16.10   133.85
135563  135714  13.33   21.21
135567  135248  3.00    47.89
135567  135809  7.45    103.28
135578  135998  7.38    111.12
135578  135909  9.28    60.38
135581  135411  6.50    76.75
135593  135491  8.67    83.80
135593  135526  0.00    9.76
135595  135487  7.80    84.19
135598  135229  8.77    94.40
135617  135526  3.00    64.87
135633  134961  6.67    104.53
135638  135422  8.00    32.46
135662  135034  5.71    133.64
135662  135260  2.00    88.09
135665  135429  9.19    89.28
135665  135990  9.46    54.03
135701  135761  11.50   100.55
135701  135564  0.00    18.34
135709  135287  5.13    61.09
135714  135914  0.00    41.39
135718  135633  2.00    127.46
135719  135595  10.33   84.18
135719  135375  7.00    49.17
135723  136414  6.89    102.79
135725  135199  5.08    75.01
135728  135617  10.29   76.95
135754  135278  7.67    80.42
135754  135819  0.00    19.09
135757  136279  11.50   90.76
135761  135813  12.73   81.37
135775  135718  1.40    127.44
135775  136275  0.00    70.97
135803  135709  8.80    77.07
135813  135452  8.50    61.22
135819  136158  4.67    78.07
135819  135728  3.00    76.97
135826  136550  11.42   137.73
135838  135894  6.29    119.76
135838  135638  5.29    28.72
135863  135719  3.00    24.12
135867  135725  0.00    24.43
135875  136587  6.26    104.70
135887  135803  8.00    77.07
135887  135487  20.00   61.17
135894  135955  8.86    131.84
135908  135665  7.77    121.15
135909  135662  5.69    84.01
135909  136531  8.56    112.80
135914  136388  6.16    82.17
135950  135581  15.00   79.21
135950  136077  0.00    16.93
135955  135701  10.50   42.06
135956  136506  7.14    94.79
135956  135598  8.32    94.54
135959  135914  0.00    28.80
135959  135714  0.00    41.57
135966  136259  0.00    36.29
135966  136229  0.00    129.07
135973  135863  7.68    90.20
135974  135813  10.75   30.58
135990  136485  8.00    127.94
135991  135530  9.20    109.11
135991  136550  4.60    99.14
135994  135887  6.22    84.41
135997  135617  14.33   60.05
135997  136158  12.71   105.82
135998  136047  0.00    8.92
136047  136528  10.00   99.61
136049  136820  0.00    113.33
136049  136069  11.29   93.91
136054  135955  8.11    110.86
136054  135761  5.83    47.70
136061  135094  3.00    145.15
136069  135990  9.72    94.14
136077  136275  3.33    127.03
136079  135657  5.47    94.11
136080  135973  9.20    73.01
136080  135593  8.67    73.46
136086  136716  10.00   95.53
136086  135988  3.00    16.10
136098  135950  0.00    26.37
136098  136077  6.50    23.37
136132  135863  7.86    38.96
136132  135994  8.00    84.41
136136  136301  10.00   59.08
136158  136636  6.40    101.91
136176  135161  13.23   147.95
136228  136153  3.00    45.26
136228  135754  6.75    71.44
136229  136243  3.83    122.21
136229  135244  3.38    146.49
136259  136421  0.00    32.14
136269  135991  2.60    55.25
136275  136362  9.50    117.87
136279  136098  6.33    144.41
136279  136499  6.40    53.74
136338  135909  5.55    101.78
136338  135998  8.13    59.14
136343  136259  1.00    70.97
136348  136086  10.00   52.72
136361  135709  11.00   95.15
136362  136558  3.29    118.46
136388  136503  0.00    17.17
136388  136421  10.00   27.39
136400  136702  11.50   58.61
136400  136338  0.00    11.63
136400  136047  10.00   59.94
136405  135567  4.25    121.06
136410  135974  4.40    82.46
136414  137008  10.00   101.40
136421  136569  7.88    121.66
136431  136503  0.00    73.45
136431  135959  8.60    63.74
136451  136761  10.00   76.48
136485  136624  8.70    26.53
136489  136625  8.67    96.73
136489  135782  11.00   131.92
136499  136803  3.00    56.58
136499  136894  2.60    95.51
136501  136080  2.60    59.72
136503  137064  9.00    84.69
136523  136348  0.00    42.16
136528  136431  10.00   77.25
136531  136731  3.00    47.58
136531  136079  8.20    94.02
136549  135887  7.30    104.26
136550  136894  8.89    69.08
136558  137008  3.75    81.98
136558  137155  9.14    118.45
136558  135633  6.38    137.85
136563  136702  10.00   68.90
136563  136978  7.25    83.50
136569  137208  8.80    119.52
136575  135997  3.00    81.80
136575  136501  8.67    62.97
136578  137106  11.00   125.18
136582  136054  9.44    85.39
136587  136820  10.12   98.68
136594  136992  11.00   60.96
136624  137139  9.64    85.69
136625  136734  11.50   96.62
136636  136575  7.40    44.93
136654  137032  14.33   55.71
136702  136991  5.57    57.66
136716  137364  7.83    96.23
136731  136523  8.80    106.16
136731  136833  11.50   35.05
136734  136228  5.33    118.34
136734  136636  11.50   76.65
136749  136132  4.80    96.79
136751  136485  7.73    108.95
136761  137019  5.50    75.67
136803  136885  0.00    15.70
136820  136937  8.93    107.96
136833  137184  9.33    51.78
136833  136966  13.20   52.22
136843  136528  10.00   67.87
136843  136400  8.12    96.22
136870  135973  5.50    146.83
136882  136946  8.33    108.07
136882  137502  9.00    94.14
136885  137176  3.00    48.26
136894  137458  3.07    128.58
136937  136751  6.20    108.45
136946  137045  3.00    26.87
136958  137410  9.00    66.79
136961  136843  7.67    89.13
136966  137041  0.00    22.36
136970  136958  5.33    24.47
136970  136410  0.00    84.73
136978  137184  6.50    81.20
136990  136061  8.17    143.92
136991  137382  5.50    90.74
136991  137336  4.67    79.27
136992  136970  7.79    60.60
136995  137045  6.17    112.87
136997  136992  6.50    10.57
137020  136501  7.70    79.98
137032  136997  10.79   58.62
137032  137873  6.50    117.66
137036  136489  6.50    141.11
137041  137153  8.40    30.93
137041  136523  11.50   78.10
137045  137457  8.67    91.04
137051  137032  12.60   41.58
137064  136961  5.63    89.13
137064  137779  9.00    101.14
137071  136582  7.40    85.25
137071  137051  6.69    42.97
137073  136734  0.00    77.58
137106  137490  6.17    123.48
137111  137071  4.44    75.38
137126  137719  5.57    84.21
137127  136771  0.00    85.26
137137  138037  0.00    133.09
137137  137449  6.50    77.78
137139  137706  5.89    86.13
137150  137474  10.00   97.55
137153  137273  0.00    35.16
137155  136995  5.80    113.15
137162  137073  0.00    13.20
137175  136946  0.00    36.99
137176  136882  3.00    90.84
137184  137455  8.50    40.79
137197  138057  6.50    126.05
137197  137137  11.50   43.09
137198  137064  6.59    109.00
137208  137375  0.00    32.38
137258  137348  12.71   14.07
137273  137402  4.17    56.58
137273  136348  8.25    141.83
137301  137756  0.00    104.97
137332  137198  2.60    109.00
137336  137455  7.67    76.99
137337  137208  0.00    22.24
137337  137332  0.00    4.69
137348  138051  5.33    101.55
137360  137541  8.33    115.84
137375  137337  0.00    29.82
137375  137480  6.50    36.20
137382  136843  9.83    102.94
137383  138046  10.00   95.30
137394  138169  9.75    108.03
137410  137409  0.00    15.39
137412  137127  11.94   120.70
137443  137410  11.20   56.34
137449  137905  6.50    79.11
137455  137763  3.00    41.96
137455  137534  3.00    51.87
137480  137953  10.00   117.49
137480  137332  3.00    22.36
137485  137375  5.28    117.04
137490  137782  6.00    77.24
137502  137925  13.86   90.59
137504  137127  6.44    93.48
137520  137632  0.00    17.93
137534  136966  10.00   86.22
137534  137550  3.00    15.83
137539  137003  3.00    80.04
137541  137520  0.00    13.58
137550  137612  11.50   35.34
137561  137382  3.00    34.27
137561  137407  0.00    38.15
137572  137585  0.00    9.94
137585  137674  6.50    49.29
137586  137176  8.75    90.37
137587  137596  0.00    3.05
137596  137694  0.00    12.14
137602  137412  8.88    120.08
137606  137541  0.00    9.73
137612  137774  5.11    94.48
137612  137153  0.00    68.67
137613  137587  0.00    9.15
137632  137675  0.00    7.09
137637  137443  0.00    26.73
137640  137613  0.00    3.04
137654  137407  1.00    79.48
137671  137841  11.50   22.39
137671  137637  0.00    48.15
137672  138048  6.31    92.59
137674  137719  0.00    28.80
137674  137102  4.00    82.83
137675  137606  0.00    17.66
137694  137730  0.00    6.08
137705  137640  0.00    9.11
137706  137821  11.50   16.02
137719  137818  5.33    128.22
137719  138545  3.00    113.29
137724  137705  0.00    3.03
137730  137735  0.00    3.06
137735  137724  0.00    6.11
137736  137756  2.60    119.90
137736  137301  15.75   105.05
137756  137913  13.25   96.50
137763  138148  11.50   49.55
137763  137654  13.33   78.02
137774  137782  0.00    12.90
137779  137953  8.43    126.09
137779  138126  6.50    44.27
137786  137504  11.67   46.66
137795  137729  0.00    101.18
137795  138156  3.00    47.32
137818  137795  5.00    66.25
137821  138002  9.49    31.44
137841  138256  3.00    62.87
137844  137865  0.00    3.26
137858  137504  11.89   72.93
137858  138021  5.50    121.81
137865  138255  0.00    61.82
137879  138776  7.47    142.68
137887  137051  10.00   117.20
137888  138254  16.67   50.06
137895  137786  8.70    116.97
137900  137763  14.33   68.90
137900  137550  0.00    44.86
137905  137888  5.83    8.89
137913  138148  5.71    130.46
137913  137561  3.00    56.22
137925  137814  7.63    144.52
137925  138815  6.50    126.01
137944  137858  11.00   15.47
137944  138400  3.00    100.47
137948  137071  8.39    141.18
137953  138118  9.86    131.54
138021  137490  6.50    72.05
138032  137911  0.00    22.03
138037  137905  7.86    68.78
138040  138002  50.00   12.83
138045  137586  5.43    90.24
138045  138637  7.86    84.86
138046  138051  8.00    51.23
138046  138693  14.00   92.68
138048  137895  8.91    116.33
138051  138584  12.71   77.32
138051  138057  11.50   52.53
138057  138490  10.50   62.11
138057  138037  4.75    49.79
138064  138364  11.50   100.07
138082  138048  7.55    26.92
138082  139039  10.43   139.63
138084  138716  13.67   120.70
138109  137637  0.00    71.19
138109  137820  7.38    73.54
138118  138039  2.50    131.34
138123  137900  2.33    133.74
138126  138615  4.50    68.69
138126  138152  10.00   121.76
138148  138243  15.75   70.23
138152  138323  13.25   121.96
138156  138572  3.00    103.50
138156  138738  8.33    84.18
138169  138780  12.29   94.01
138169  138046  10.00   49.33
138243  138304  0.00    31.27
138243  137900  0.00    46.47
138254  138040  9.10    97.40
138255  139072  8.25    147.89
138255  138870  3.00    103.39
138256  138301  5.06    6.14
138260  137786  9.13    72.98
138262  138887  14.86   98.00
138262  138169  13.63   49.19
138267  138254  9.00    8.01
138301  138708  11.00   57.72
138301  138630  10.00   59.93
138304  138511  10.00   31.84
138304  138378  10.00   47.80
138316  138032  6.50    65.53
138316  138082  0.00    59.09
138323  138481  6.73    121.97
138326  138874  9.63    116.80
138326  137944  5.83    61.04
138327  138797  5.50    102.79
138327  138267  11.20   25.22
138378  138973  3.00    96.65
138378  138458  1.40    56.98
138385  138262  8.17    55.46
138392  138126  0.00    135.45
138400  137858  6.22    101.13
138402  138545  7.80    95.91
138421  138385  3.00    15.31
138434  138045  7.40    93.88
138481  137913  0.00    103.84
138490  138327  9.17    90.41
138509  138421  5.83    39.30
138509  138109  11.50   67.89
138511  139035  3.60    115.25
138511  138555  11.20   140.28
138518  138267  24.33   49.38
138518  138040  9.33    93.92
138535  138392  24.33   134.93
138536  138490  4.75    22.86
138536  138797  5.80    52.85
138545  138255  7.69    120.10
138555  138481  0.00    14.48
138560  138509  6.50    22.21
138562  138260  10.86   128.29
138568  138615  10.00   100.02
138572  138032  0.00    80.34
138573  138021  7.75    75.33
138576  138535  8.67    134.70
138584  138536  9.80    24.38
138584  139211  14.33   136.71
138615  139129  3.00    79.90
138615  138822  9.83    148.63
138630  138560  11.50   27.36
138637  138084  5.40    116.80
138637  139402  16.00   118.60
138673  138256  10.77   141.46
138677  138094  8.00    116.32
138690  138777  2.00    88.63
138693  138584  11.00   48.92
138700  138568  9.00    100.21
138708  138630  3.00    29.51
138738  139285  10.50   84.18
138750  138867  0.00    62.51
138750  138421  6.50    48.87
138754  138260  7.58    85.26
138776  139701  9.08    143.62
138780  138693  20.00   48.13
138797  139090  9.20    58.54
138797  139151  8.67    78.59
138810  138402  3.00    97.70
138810  137818  6.25    140.59
138818  138700  10.00   100.30
138818  139096  5.33    42.23
138822  138932  7.10    75.37
138822  139526  8.17    102.09
138855  138966  10.00   102.17
138867  138560  0.00    46.64
138870  139424  4.17    101.86
138874  139153  0.00    50.47
138887  138780  8.67    49.81
138887  139211  7.20    62.60
138906  138677  6.33    102.64
138920  139528  10.18   126.87
138930  138810  3.00    17.38
138932  139038  6.50    75.39
138959  138887  7.25    25.83
138959  139600  11.00   123.97
138966  139096  10.00   102.33
138973  139373  10.75   93.38
138986  138326  7.00    116.00
139035  138818  6.14    138.21
139035  138555  5.33    92.64
139038  139788  9.40    104.02
139038  139227  4.71    125.36
139039  139066  0.00    4.05
139039  138562  10.00   103.49
139057  138573  1.67    75.06
139057  139081  0.00    7.58
139066  139673  10.00   84.16
139066  139186  5.83    92.54
139072  139661  13.71   91.84
139072  139165  14.75   111.15
139080  138750  3.00    50.96
139080  138959  9.79    61.71
139081  139144  0.00    40.03
139081  139559  20.00   82.50
139090  138518  10.21   125.50
139090  139477  8.20    71.48
139096  139479  5.33    53.44
139105  138874  5.44    98.10
139137  138316  7.25    125.99
139137  139066  0.00    68.77
139144  139775  0.00    108.96
139144  139153  0.00    3.62
139151  139555  9.31    78.78
139153  139222  1.00    35.16
139162  139080  10.00   39.93
139165  140078  26.60   132.91
139165  138930  3.00    92.34
139178  139137  11.50   36.90
139186  138754  1.67    84.35
139194  139357  0.00    73.28
139203  138867  6.50    50.09
139211  139555  10.75   60.13
139211  139652  0.00    86.09
139213  138572  6.92    97.10
139213  139178  9.80    34.30
139222  139642  0.00    70.41
139234  139249  4.60    97.73
139234  139758  4.67    71.49
139285  139213  0.00    76.10
139285  140244  8.67    129.03
139323  139118  9.20    37.43
139323  139057  3.00    87.91
139341  139526  7.88    109.70
139366  139285  0.00    71.10
139366  138930  0.00    64.65
139373  139035  10.00   54.40
139424  139072  20.00   70.62
139424  139774  10.00   52.41
139454  139830  0.00    52.26
139471  139090  10.00   77.94
139479  139234  5.06    140.90
139526  139658  6.25    88.36
139526  140253  10.00   101.45
139528  140194  10.75   127.40
139547  139373  0.00    21.95
139555  139853  7.67    59.23
139555  139943  7.75    80.86
139559  140059  0.00    89.72
139559  139323  3.75    37.03
139610  139547  0.00    10.15
139631  139738  0.00    21.53
139635  139647  0.00    44.10
139635  139105  10.00   101.27
139642  139997  0.00    62.01
139647  139533  0.00    25.50
139652  140075  9.00    86.09
139658  139788  3.43    88.36
139661  140302  7.00    92.58
139673  140276  11.20   84.03
139675  139635  3.00    56.95
139675  138986  7.56    115.90
139701  139875  20.00   24.61
139709  139610  10.00   13.90
139738  139981  0.00    71.05
139753  140222  0.00    96.84
139758  140379  6.89    84.47
139758  139819  0.00    56.06
139774  140506  5.60    110.18
139774  140238  3.00    69.49
139775  139559  6.75    38.01
139775  140267  0.00    85.80
139788  139995  6.45    139.79
139788  140542  4.75    106.00
139819  139830  3.00    60.81
139830  139991  6.50    22.25
139853  139471  10.43   77.94
139853  140258  8.38    76.53
139864  140006  5.50    74.48
139867  139323  8.50    94.06
139867  140209  10.00   71.13
139870  139137  8.67    100.52
139875  140052  9.57    104.50
139935  139213  1.00    98.92
139943  140344  14.33   80.86
139968  139178  0.00    108.73
139976  140548  3.90    88.98
139976  139675  0.00    50.34
139981  139642  1.00    65.98
139991  140253  7.55    134.11
139991  140105  0.00    24.14
139997  139775  3.00    38.72
139997  140385  3.00    67.54
140006  140224  4.33    105.70
140020  140541  10.00   75.41
140022  140200  7.00    40.15
140022  139186  12.13   118.12
140034  139738  10.00   59.07
140034  140357  0.00    64.70
140059  139867  2.00    37.14
140078  140294  0.00    46.68
140106  140059  0.00    8.03
140106  140389  0.00    74.22
140194  140229  0.00    6.98
140200  139976  3.00    34.98
140209  140602  4.00    84.95
140210  140022  8.67    32.64
140222  140667  3.00    97.22
140224  140715  12.29   99.13
140224  140379  3.00    68.32
140229  139766  3.00    91.16
140229  140774  11.50   116.12
140238  140713  4.00    74.78
140242  139647  0.00    89.81
140244  140733  8.56    75.40
140244  140617  7.67    103.68
140253  140919  5.40    105.72
140253  140308  4.75    38.05
140267  140106  0.00    28.90
140276  140210  0.00    18.10
140288  140006  20.00   39.91
140294  139366  6.25    127.69
140294  140763  10.00   93.19
140302  140750  9.20    107.41
140302  140078  9.80    70.35
140307  140194  4.75    95.61
140308  140436  2.60    80.71
140357  140639  11.50   62.51
140357  139981  3.00    71.32
140379  140624  2.50    106.70
140380  140799  15.00   66.91
140385  140445  10.00   15.18
140385  141000  6.80    126.37
140389  140209  3.00    33.53
140408  140389  0.00    3.63
140408  140509  10.00   30.62
140440  140200  8.67    40.10
140440  140210  0.00    44.52
140445  140267  0.00    34.97
140445  140470  0.00    12.08
140452  140364  0.00    12.53
140470  140536  0.00    15.80
140489  140276  8.00    56.74
140489  139870  3.00    98.99
140506  140884  9.80    79.26
140506  140302  3.00    69.71
140509  140627  10.00   29.98
140541  141391  4.40    135.89
140541  140238  1.00    84.12
140548  141118  11.50   89.69
140568  140596  13.14   14.54
140572  140034  7.67    82.07
140573  139853  10.22   149.88
140596  140735  13.82   82.97
140602  140766  2.00    40.21
140617  139935  4.75    98.97
140617  140686  1.00    18.72
140624  140762  2.00    65.89
140624  141226  2.60    97.25
140627  141547  5.00    146.11
140627  140726  0.00    21.42
140639  139997  11.50   128.45
140686  139968  0.00    108.17
140686  140846  3.00    48.75
140688  140288  1.00    108.54
140713  140506  0.00    67.89
140713  141478  3.00    147.54
140715  141226  6.50    99.13
140726  140602  0.00    29.19
140733  141178  9.33    69.09
140735  140774  10.65   39.67
140750  140763  7.29    69.17
140762  141461  3.00    105.07
140762  140919  4.50    68.62
140763  140733  6.80    64.03
140774  140861  11.15   73.03
140799  140924  20.00   21.16
140806  141004  0.00    40.11
140806  140408  7.75    83.45
140846  140489  1.67    67.33
140861  140949  16.87   59.44
140884  141161  11.20   77.15
140888  140440  13.17   78.08
140931  140288  12.67   131.52
140931  141809  0.00    136.31
140976  140308  10.50   104.20
140979  140307  5.33    105.98
141000  141510  4.67    77.23
141004  140509  0.00    92.36
141004  141080  0.00    17.11
141040  140806  3.00    45.55
141044  140924  9.53    56.78
141050  141000  0.00    73.25
141050  140639  4.67    68.51
141060  140440  10.91   117.62
141112  141116  0.00    5.56
141116  140572  10.33   82.70
141117  141112  0.00    49.87
141118  142026  11.20   122.04
141118  141117  0.00    5.49
141125  140895  10.00   102.57
141161  141264  6.50    87.62
141161  140750  0.00    66.63
141172  141040  0.00    22.47
141221  140470  3.00    139.85
141293  141161  0.00    17.01
141328  140735  13.25   87.84
141342  140949  0.00    53.71
141360  140931  5.50    115.03
141366  141050  1.00    46.26
141366  140357  15.00   149.45
141476  140888  8.50    97.42
141481  140846  8.80    106.08
141512  140888  20.00   87.13
141547  141040  0.00    101.18
141701  141116  10.00   76.87
141808  141060  2.00    117.62
141850  140861  7.67    138.31
1 2 130720 130169 133078 133007
2 4 128179 127775 126452 126167 124776 125350 126662 126856
3 1 122303 121610
4 3 121224 120984 119642 119299 123125 122602
5 4 134616 135278 132487 132309 131062 131341 135336 135908
