2515 5538 3 12 5 4 5266.72 1940.37
38495 83
44876 67
44615 67
44873 67
48919 67
42650 67
38777 83
38924 67
36961 83
59714 100
49129 67
40789 67
60941 100
35653 67
37060 67
54726 100
42817 67
41261 67
46333 67
39636 67
39852 67
46022 67
62105 100
39018 67
35557 67
44279 67
54203 100
52256 67
41384 67
58289 100
44435 67
60132 100
44373 67
52635 67
60870 100
50604 67
35683 83
47634 67
39348 83
49769 67
47566 67
45708 67
38213 67
38989 67
37469 67
60307 100
51361 67
39693 67
39351 67
43508 67
38421 67
60468 100
44301 67
55265 100
37428 67
37069 67
38708 67
60011 100
52042 67
36227 67
35228 83
59614 100
53702 100
36423 83
33520 83
59961 100
33236 83
48184 67
55878 100
40712 67
54948 100
54052 100
35295 83
47747 67
39123 67
44151 67
49525 67
45408 67
34647 83
46745 67
62145 100
43121 67
37614 83
47168 67
59822 100
39284 67
50649 67
59273 100
35236 67
45220 67
48090 67
40625 67
52506 67
40588 67
35289 67
56358 100
36713 83
53687 67
39402 67
37881 83
58261 100
51801 67
39306 67
40509 67
37225 67
44518 67
34908 67
36337 67
48571 67
46687 67
34812 83
56217 100
36754 83
38933 67
39079 67
55320 100
58783 100
40221 67
35165 83
39133 67
46806 67
46982 67
40966 67
47422 67
38491 83
49788 67
52543 67
36994 67
35852 83
62126 100
40186 67
45069 67
40367 67
39363 67
51422 67
34891 67
36190 67
42000 67
45562 67
38596 67
47879 67
39950 67
42167 67
40549 67
44578 67
49196 67
61235 100
62014 100
41043 67
55707 100
57178 100
58044 100
50784 67
53271 67
36387 83
45465 67
34799 83
38256 67
47535 67
41813 67
63769 100
41832 67
50691 67
57556 100
36328 67
39593 67
53681 67
55018 100
49958 67
55481 100
36915 83
53987 100
48463 67
48988 67
53425 67
38293 67
39818 67
45794 67
41731 67
53839 100
43134 67
49615 67
46082 67
51893 67
54248 100
39507 67
49046 67
37135 67
37445 67
36343 83
46130 67
34780 83
40463 67
49043 67
38199 67
44577 67
62579 100
36662 67
56150 100
59448 100
43812 67
49155 67
41622 67
58171 100
35632 83
36256 67
47014 67
37002 67
50343 67
53291 100
59129 100
48745 67
38515 67
42234 67
37028 67
54788 100
41696 67
41536 67
40592 67
35749 67
53363 100
38974 67
42363 67
45991 67
34503 83
48134 67
61560 100
39555 67
56511 100
46329 67
57086 100
58567 100
35879 67
60065 100
62207 100
45640 67
48258 67
44355 67
37954 67
37471 67
38710 83
37203 67
63898 100
37087 83
38727 83
39432 67
48979 67
35718 67
34831 83
63282 100
52269 67
41224 67
49253 67
50914 67
42097 67
43283 67
54310 100
34207 83
41068 67
42398 67
39947 67
50150 67
53050 67
58215 100
51966 67
40318 67
52308 67
54823 100
39239 67
37313 67
54526 100
53215 100
53689 100
46628 67
39997 67
51122 67
47324 67
51817 67
52408 67
51922 67
53940 100
54256 100
62824 100
54387 100
59235 100
39310 67
39612 67
55749 100
48594 67
36313 83
40849 67
60888 100
59336 100
38657 67
62583 100
54558 100
54922 100
47801 67
37740 67
40110 67
45892 67
54305 100
56349 100
55721 100
55246 100
38111 67
40689 67
54567 100
58525 100
41704 67
52706 67
42051 67
36829 67
45219 67
38962 67
57590 100
58728 100
35499 83
34275 83
49963 67
50655 67
47142 67
43189 67
46608 67
40198 67
48637 67
40607 67
43842 67
50883 67
40404 67
50667 67
55542 100
56671 100
39826 67
42676 67
41763 67
39949 67
50371 67
40768 67
49566 67
58501 100
53202 67
59383 100
50629 67
35707 67
38862 67
34372 83
54243 100
35887 67
37056 83
45196 67
49817 67
40974 67
40901 67
62759 100
40002 67
37226 83
53593 100
52104 67
37978 83
46021 67
62410 100
47963 67
38970 67
37286 67
36660 67
53372 67
61477 100
56437 100
40115 67
50039 67
38887 67
40679 67
49752 67
36633 83
37472 67
50556 67
37955 67
52510 67
36805 83
58405 100
44258 67
46413 67
58077 100
40672 67
47521 67
44696 67
50605 67
37442 83
49578 67
36711 67
36318 67
35842 67
37695 67
48640 67
47756 67
41956 67
33889 83
37890 83
45372 67
59795 100
38679 67
34883 83
39697 67
37618 67
45544 67
38558 67
61179 100
39870 67
50175 67
41238 67
53935 67
35419 83
42887 67
39689 67
39238 67
43819 67
36558 83
39707 67
37526 83
37315 67
61554 100
40977 67
42688 67
52473 67
42240 67
44792 67
50733 67
41290 67
33770 83
46756 67
49909 67
54156 100
59255 100
53841 100
45945 67
36009 83
33566 83
35703 83
47390 67
54910 100
62772 100
35372 67
37323 83
33939 83
36005 67
36874 83
34442 83
40559 67
44481 67
34637 83
35595 67
50024 67
42300 67
49028 67
60544 100
41870 67
51061 67
53808 100
35583 83
41187 67
40610 67
46476 67
38178 67
62130 100
43707 67
35088 83
53558 67
43222 67
33905 83
34974 83
49551 67
54040 100
37172 67
49007 67
39588 67
43657 67
37039 67
36174 67
49947 67
53911 100
35441 83
40711 67
43509 67
34906 83
44646 67
57172 100
56006 100
45653 67
46673 67
34266 83
38175 67
48396 67
48663 67
50514 67
38899 67
42106 67
44199 67
56373 100
54928 100
47289 67
47362 67
55801 100
38496 83
34437 83
45025 67
41548 67
47614 67
47567 67
59727 100
45010 67
50457 67
41626 67
36602 67
48691 67
37281 67
44760 67
47308 67
57686 100
36601 67
38045 67
34002 83
36131 67
45155 67
41730 67
57738 100
50940 67
37346 67
43059 67
46174 67
59151 100
35082 83
44494 67
54601 100
40061 67
41943 67
36502 83
55976 100
35138 83
37242 83
44665 67
51018 67
49996 67
39718 67
39390 67
41585 67
40633 67
37201 83
55080 100
37732 67
51889 67
47954 67
57721 100
39404 67
47817 67
53114 100
46276 67
34421 83
58212 100
55747 100
59913 100
42782 67
49656 67
61661 100
46893 67
47495 67
58256 100
47027 67
34143 83
35701 83
37081 67
39335 67
56825 100
36545 67
43886 67
36861 67
43934 67
39380 67
56193 100
59848 100
52334 67
35135 83
47959 67
49905 67
35667 83
46295 67
35911 67
35204 83
55713 100
35927 67
36023 83
50948 67
36341 83
41092 67
39798 67
53302 67
54670 100
41707 67
51660 67
44414 67
55289 100
38556 67
46474 67
40065 67
39657 67
40014 67
38750 67
57208 100
41289 67
40862 67
47483 67
36665 67
42653 67
50219 67
64139 100
41806 67
48096 67
36316 83
50102 67
43677 67
36264 67
40934 67
37749 67
54866 100
35187 67
34998 83
45325 67
33455 83
36122 67
35186 67
41306 67
38160 67
45958 67
60285 100
41888 67
44197 67
45558 67
42062 67
58985 100
56463 100
36155 83
60842 100
47437 67
55846 100
42199 67
50421 67
43769 67
42332 67
37721 67
45066 67
34174 83
49770 67
39630 67
49838 67
39451 67
45406 67
38188 83
53785 100
50464 67
51404 67
45075 67
35244 67
56704 100
40015 67
42740 67
52967 67
36566 83
49623 67
35743 83
40259 67
34657 83
54682 100
59409 100
47375 67
38521 67
52749 67
49164 67
36308 83
34995 67
47519 67
56138 100
56268 100
42624 67
48411 67
42033 67
39614 67
44268 67
37569 67
54644 100
46186 67
52285 67
51965 67
39213 67
48376 67
38288 67
38506 67
55101 100
53779 100
40303 67
41540 67
58010 100
55122 100
35395 83
49677 67
39746 67
38996 67
52530 67
33979 83
38524 67
41415 67
40379 67
37595 83
47903 67
50468 67
55566 100
46571 67
50322 67
40199 67
41331 67
35696 83
46332 67
61343 100
37658 67
43874 67
43631 67
57562 100
52096 67
40440 67
45119 67
50074 67
43089 67
34072 83
38853 67
46190 67
57004 100
39559 67
56000 100
40838 67
47434 67
59422 100
39638 67
46327 67
45518 67
43304 67
60350 100
61440 100
36302 67
50399 67
40264 67
37463 67
40127 67
41125 67
42207 67
47696 67
40157 67
41234 67
53137 100
34947 83
56522 100
35721 83
47599 67
40214 67
48868 67
36053 83
51437 67
47128 67
36481 67
56709 100
38314 83
38995 67
55441 100
38473 67
41864 67
51502 67
35747 83
62252 100
44009 67
52777 67
43945 67
36168 67
41999 67
36417 83
51507 67
58249 100
58125 100
35288 67
39862 67
51529 67
48351 67
61558 100
38664 83
52838 67
40877 67
41970 67
37437 83
61922 100
39119 83
40469 67
41980 67
59829 100
38492 83
34510 83
49654 67
33037 83
38921 67
41683 67
40839 67
52119 67
58657 100
58304 100
39117 67
49390 67
37977 67
35558 83
54719 100
33668 83
47921 67
35482 83
36532 83
53755 67
45673 67
51713 67
54793 100
39022 67
40723 67
44831 67
43694 67
41852 67
37106 83
39660 67
41521 67
48297 67
50391 67
40868 67
55335 100
40962 67
38830 67
37355 83
38071 67
36812 67
45839 67
42027 67
60395 100
51592 67
46592 67
56297 100
55793 100
58746 100
41135 67
41301 67
39437 67
58648 100
38677 67
39696 67
44791 67
34958 67
51478 67
36392 67
49126 67
54729 100
58659 100
48238 67
40423 67
34978 67
39909 67
45096 67
55218 100
39499 67
46105 67
55868 100
37470 67
38957 67
52723 67
35195 67
42820 67
63470 100
52554 67
48523 67
42892 67
56288 100
41634 67
54453 100
51095 67
58834 100
44380 67
60776 100
40936 67
34936 67
38016 83
54459 100
56348 100
60932 100
41024 67
36495 67
41698 67
44256 67
36060 67
62962 100
35776 83
61762 100
37680 83
49681 67
58977 100
51756 67
35902 67
38334 67
60170 100
35458 67
42490 67
54400 100
38799 67
38569 67
56175 100
37752 67
45095 67
45249 67
53145 67
53074 67
54265 100
41590 67
36997 67
36503 67
44125 67
51510 67
40036 67
42898 67
48206 67
51743 67
39182 67
34100 83
43944 67
43021 67
40089 67
46028 67
36679 67
50228 67
41676 67
51624 67
56720 100
33694 83
43709 67
60318 100
37195 67
54288 100
56230 100
43086 67
38606 67
35751 83
36980 67
37993 67
39712 67
42173 67
40286 67
52845 67
38338 67
47492 67
53181 100
52056 67
41803 67
44574 67
46496 67
38011 67
41597 67
37996 83
42334 67
35491 67
33888 83
38767 67
35359 67
42606 67
36622 67
36777 67
57143 100
60798 100
43921 67
45047 67
45915 67
41601 67
39032 67
36963 67
39027 67
40270 67
35330 83
40911 67
49464 67
52899 67
38718 67
36071 83
56814 100
52204 67
39988 67
40194 67
36196 67
36137 67
36538 67
43490 67
39596 67
63033 100
38343 67
58462 100
56317 100
41119 67
49517 67
37905 67
48918 67
46184 67
36531 67
38444 83
53150 100
40642 67
63295 100
37001 67
37067 67
41438 67
41577 67
50711 67
56254 100
36864 83
34549 83
44619 67
37868 67
40130 67
38426 67
37464 67
34415 83
48855 67
48973 67
45639 67
55152 100
47235 67
40289 67
39181 67
51177 67
39482 67
50698 67
34881 67
35639 83
55494 100
37906 83
52045 67
56621 100
35955 83
55106 100
58281 100
50489 67
48246 67
50758 67
36312 83
49371 67
39723 67
53393 67
50850 67
39454 67
36247 67
47420 67
57965 100
37250 67
37957 83
37610 67
50930 67
45578 67
54356 100
38305 67
40994 67
40237 67
36331 83
45582 67
51328 67
46853 67
40125 67
40361 67
40560 67
42090 67
62164 100
39840 67
50607 67
35393 83
38530 67
40391 67
53975 100
36142 83
42134 67
46463 67
64010 100
59671 100
49288 67
59202 100
40513 67
55220 100
52453 67
40612 67
51146 67
56289 100
39439 67
55848 100
35294 67
38429 83
41166 67
52167 67
36198 83
44834 67
39142 67
43478 67
57432 100
35650 83
36406 67
61400 100
47513 67
43349 67
45044 67
60539 100
36379 83
53445 67
36670 67
42756 67
42011 67
50529 67
46822 67
35959 67
38046 67
48175 67
50395 67
44224 67
53831 100
60556 100
45271 67
46600 67
39595 67
44773 67
42907 67
52703 67
42315 67
58250 100
38282 83
37923 67
57394 100
57863 100
47174 67
59095 100
38423 67
37902 67
53500 67
42254 67
34568 83
61823 100
57423 100
53068 67
58582 100
43414 67
40880 67
37443 67
41061 67
37361 67
44075 67
55394 100
43299 67
54654 100
38415 83
36319 67
60140 100
37031 67
63180 100
36389 67
59308 100
35921 83
58841 100
54978 100
36696 67
39153 67
41256 67
57039 100
40078 67
39701 67
39084 67
37572 67
37400 83
58586 100
49167 67
42893 67
35089 83
63183 100
50929 67
51614 67
41530 67
42247 67
47651 67
47189 67
55204 100
50319 67
44519 67
48329 67
61621 100
39383 67
44526 67
35365 83
50367 67
52292 67
57910 100
34272 83
58564 100
52979 67
62645 100
54298 100
42673 67
39531 67
40867 67
36653 83
60058 100
52994 67
50213 67
40347 67
61943 100
39583 67
35843 83
41312 67
48352 67
37914 67
43436 67
37461 67
41456 67
58942 100
49945 67
45924 67
49780 67
37915 67
53668 67
47343 67
56524 100
54732 100
45197 67
59748 100
49318 67
37198 83
44416 67
35205 83
40516 67
37622 67
36743 67
43272 67
39214 67
42986 67
37831 67
39373 67
36243 83
40859 67
52820 67
42229 67
38135 67
40527 67
34220 83
50706 67
39669 67
49331 67
42016 67
50554 67
36128 67
37727 67
39578 67
40254 67
52254 67
50029 67
34239 83
52708 67
48872 67
52531 67
36837 67
40550 67
40811 67
40438 67
43792 67
62539 100
48776 67
40154 67
58981 100
57670 100
43327 67
42039 67
42109 67
52206 67
42970 67
53905 100
51181 67
38978 67
47860 67
60391 100
37478 67
46704 67
40787 67
47966 67
58873 100
35027 83
57170 100
40490 67
47705 67
41690 67
57206 100
37347 67
57608 100
40468 67
39405 67
50612 67
47645 67
55739 100
38518 67
42294 67
49474 67
42144 67
58235 100
41786 67
62612 100
49444 67
46439 67
35930 67
59292 100
38151 67
41122 67
37997 83
61546 100
43861 67
51493 67
36845 83
40621 67
34285 83
37505 67
39724 67
53811 67
46024 67
36096 83
48388 67
48689 67
62358 100
43338 67
41081 67
54594 100
54693 100
36309 67
38860 67
49974 67
50069 67
62068 100
38309 67
39755 67
37383 67
48750 67
34846 83
38900 67
49082 67
42213 67
43893 67
35094 83
55537 100
35858 83
50886 67
57099 100
36698 83
45968 67
33811 83
44752 67
34488 83
57657 100
41974 67
55400 100
38578 67
50411 67
50026 67
43464 67
43591 67
61074 100
50435 67
38943 67
37789 83
59930 100
37284 67
46343 67
53682 100
45937 67
35099 83
42493 67
56696 100
41416 67
51028 67
41088 67
45440 67
35679 83
42158 67
38980 67
55166 100
50475 67
41086 67
46711 67
35400 83
39048 67
47865 67
44409 67
42459 67
37532 83
50689 67
53246 67
42891 67
42026 67
42771 67
48078 67
48474 67
42168 67
45540 67
56712 100
38287 67
42176 67
43922 67
44955 67
59069 100
42538 67
44295 67
38026 67
59186 100
36052 83
47866 67
38419 67
38084 83
50491 67
39710 67
40427 67
42273 67
39025 67
38228 67
53650 67
35255 83
51202 67
40827 67
52545 67
41724 67
39735 67
56302 100
60523 100
34526 83
38720 67
37451 83
55554 100
49961 67
33737 83
48743 67
51233 67
49149 67
37937 83
38033 67
38979 67
41957 67
43104 67
41778 67
62403 100
39428 67
48344 67
52761 67
58160 100
35715 83
52297 67
58812 100
40574 67
50075 67
38500 83
53550 100
35291 83
39297 67
41266 67
62468 100
38622 67
34669 83
39186 67
40794 67
51043 67
58633 100
46388 67
40765 67
41139 67
36782 67
53199 67
36756 67
37162 67
34675 83
59941 100
47612 67
49582 67
56485 100
52421 67
38097 67
36006 83
39591 67
60216 100
36940 83
54132 100
35311 83
36886 67
35553 83
61046 100
39927 67
39599 67
40520 67
53067 67
39070 67
45384 67
48418 67
34018 83
40302 67
43125 67
55947 100
46702 67
51235 67
38100 83
44835 67
44944 67
55030 100
54916 100
55970 100
39637 67
56434 100
38540 83
48274 67
36955 67
56403 100
46278 67
35893 83
62564 100
37707 83
60516 100
44048 67
41388 67
43444 67
35431 83
47335 67
41714 67
36779 67
43522 67
39832 67
35709 83
46744 67
58861 100
49833 67
53034 67
34699 83
35418 83
55245 100
34351 83
39506 67
62317 100
41097 67
36075 83
37750 67
46637 67
60682 100
46120 67
55325 100
36962 67
56987 100
36926 83
37219 83
40671 67
49410 67
55796 100
36186 67
43788 67
55330 100
42568 67
35706 83
49398 67
52177 67
38003 67
44294 67
33289 83
55742 100
35811 83
36763 67
51505 67
36018 83
48554 67
38651 83
61008 100
39678 67
41115 67
44121 67
56494 100
52349 67
42670 67
35847 83
42439 67
35235 67
40028 67
58574 100
46789 67
37018 67
44129 67
54562 100
49869 67
59270 100
49056 67
49686 67
41787 67
37524 67
41309 67
33210 83
38320 67
41490 67
55144 100
55890 100
62301 100
41274 67
49230 67
51821 67
45452 67
57025 100
38006 67
39965 67
38294 67
41339 67
36809 67
50971 67
54510 100
49910 67
38965 67
41755 67
51439 67
34989 67
51819 67
35695 67
38490 67
51166 67
33003 83
55651 100
38907 67
42913 67
56281 100
52590 67
52933 67
62371 100
55130 100
52900 67
45903 67
38940 67
48212 67
57688 100
35476 67
54499 100
41182 67
33490 83
56414 100
58121 100
34806 83
37667 67
41737 67
58477 100
34903 83
36156 83
39155 83
56745 100
40820 67
33928 83
37453 67
37406 83
39452 67
39234 67
59075 100
40069 67
50167 67
56644 100
38335 67
62031 100
59669 100
38547 67
44572 67
42547 67
50345 67
56575 100
54857 100
38380 67
37377 83
40483 67
37698 67
39553 67
36206 67
44510 67
61113 100
43437 67
48047 67
57913 100
40226 67
62881 100
62707 100
48578 67
50090 67
37054 83
37049 67
59466 100
48097 67
49760 67
53116 67
34057 83
54212 100
45962 67
45336 67
39420 67
36832 83
56454 100
40813 67
41313 67
44398 67
54349 100
52553 67
60100 100
36382 67
40643 67
38261 67
54898 100
38650 67
46971 67
44605 67
39249 67
38625 67
39326 67
35001 83
51794 67
49276 67
46284 67
40001 67
37693 83
47789 67
47882 67
42596 67
40098 67
37541 67
40210 67
39770 67
38973 67
38951 67
47244 67
48148 67
49759 67
58141 100
40378 67
43952 67
55892 100
36323 67
52415 67
38644 67
35750 67
40745 67
46475 67
37952 67
43658 67
46614 67
50979 67
35876 83
41944 67
40340 67
43506 67
37487 83
59951 100
37728 67
45270 67
35546 83
53981 67
37295 67
40282 67
45153 67
58858 100
52854 67
53001 100
38663 83
46783 67
44316 67
45689 67
46978 67
57252 100
46771 67
62861 100
53476 100
53065 100
38972 67
60429 100
45303 67
43405 67
42666 67
56327 100
41062 67
53797 100
43235 67
52209 67
37261 67
43791 67
38668 83
40856 67
51425 67
39192 83
34830 83
46340 67
57638 100
41033 67
43331 67
35997 83
36455 67
59871 100
36677 83
45140 67
34730 67
41748 67
34981 83
39098 67
37722 67
60555 100
42422 67
54226 100
41050 67
42709 67
61052 100
47376 67
62756 100
54679 100
38822 67
42908 67
53520 100
57219 100
62220 100
41998 67
60465 100
38351 67
41296 67
36281 83
44370 67
44980 67
53618 67
41406 67
40561 67
42170 67
53373 67
41703 67
48780 67
41568 67
41120 67
56484 100
63389 100
57287 100
44565 67
37710 67
43684 67
41402 67
36225 67
34204 83
47523 67
37141 67
48109 67
35773 83
40075 67
46045 67
51455 67
39952 67
39853 67
55051 100
45099 67
36359 67
41515 67
38543 67
38633 83
40248 67
40930 67
39898 67
46922 67
37889 67
46180 67
39903 67
42103 67
59455 100
41207 67
56818 100
55730 100
35663 67
52162 67
51578 67
49715 67
52125 67
40734 67
34676 67
38337 83
55474 100
44178 67
40743 67
47208 67
58551 100
35453 83
41916 67
41562 67
44269 67
51199 67
35018 67
42524 67
56459 100
49176 67
62908 100
36620 67
39315 67
42942 67
44626 67
60693 100
36519 83
56824 100
59293 100
48734 67
36992 67
41899 67
59428 100
51030 67
37196 83
55029 100
41932 67
41564 67
59691 100
46755 67
63097 100
39397 67
45713 67
48141 67
60441 100
38621 67
40474 67
48027 67
57769 100
36408 67
58799 100
35899 83
39270 67
35710 83
61137 100
48168 67
35275 83
52489 67
53930 100
35966 67
52846 67
36592 83
56563 100
59394 100
39986 67
55422 100
38252 67
46398 67
55403 100
43977 67
44645 67
44879 67
33944 83
42002 67
50593 67
55045 100
35549 83
35991 67
41781 67
35817 83
60534 100
44397 67
46433 67
38137 67
41837 67
39558 67
45517 67
50086 67
41046 67
49867 67
36040 67
35112 67
37064 67
38662 83
62542 100
54122 100
41908 67
46738 67
55167 100
36952 83
42410 67
44625 67
53467 100
44957 67
42163 67
46944 67
33815 83
46501 67
35486 67
37494 83
42585 67
54250 100
41619 67
37798 67
35909 83
42147 67
44640 67
38050 67
57399 100
37641 67
38130 67
51559 67
35052 83
54199 100
41330 67
40703 67
42219 67
55614 100
38458 67
58360 100
38548 83
47704 67
39524 67
39004 67
36815 67
55353 100
35479 83
43772 67
54082 100
37802 83
56662 100
50018 67
36852 67
54342 100
39928 67
35801 83
44828 67
61219 100
34527 83
35734 83
56291 100
44320 67
62373 100
56853 100
37221 67
39086 67
35745 83
46319 67
63326 100
56271 100
37886 67
49323 67
51723 67
38023 67
50382 67
54110 100
35509 83
42894 67
38247 83
40033 67
45091 67
52742 67
40921 67
48136 67
39206 67
59577 100
36630 67
36977 67
59928 100
47340 67
49037 67
34805 83
45684 67
41231 67
56933 100
47094 67
49881 67
49012 67
49216 67
38941 67
38885 83
44179 67
38298 83
39429 67
41746 67
47975 67
58330 100
49889 67
38312 67
40477 67
38895 67
49803 67
38723 67
37714 83
37700 67
38346 67
38877 67
39015 67
45750 67
52286 67
53598 100
37397 67
55057 100
50467 67
44770 67
59650 100
47030 67
37427 67
39632 67
60500 100
52474 67
55377 100
58001 100
43687 67
39029 67
41672 67
38482 67
55925 100
56074 100
38675 67
35559 67
35662 67
38427 67
52279 67
45536 67
42558 67
41875 67
41085 67
39571 67
43194 67
38827 67
45402 67
33740 83
51981 67
54106 100
41603 67
49837 67
58046 100
36095 67
41652 67
51931 67
39369 67
41879 67
43604 67
45755 67
38077 67
38997 67
46669 67
38412 67
42453 67
43318 67
48473 67
39176 67
43748 67
51921 67
38275 67
52722 67
59794 100
61755 100
44445 67
48145 67
39144 67
50127 67
59339 100
49768 67
37659 67
34619 83
53860 67
46948 67
45788 67
58184 100
39996 67
56381 100
35009 83
39220 67
35680 83
35976 83
40762 67
37591 67
40454 67
41114 67
36834 67
38328 67
36469 67
36584 67
37792 67
40766 67
37019 83
49728 67
59934 100
48205 67
36616 83
51201 67
62401 100
60157 100
41774 67
47069 67
36742 67
46629 67
56206 100
41595 67
42194 67
54019 100
43214 67
53495 100
44156 67
37200 67
38389 83
59746 100
46274 67
56681 100
37349 67
61095 100
39389 67
48305 67
48182 67
36222 67
47926 67
47191 67
41159 67
43634 67
50576 67
35338 67
38590 67
44805 67
41376 67
53225 67
49598 67
38076 67
42559 67
53305 100
41382 67
35798 83
52981 100
39237 67
47709 67
58646 100
37045 67
38193 67
61426 100
42408 67
39476 67
36292 67
41537 67
45843 67
44938 67
40872 67
48107 67
47654 67
50190 67
45360 67
39156 67
36433 83
40479 67
57096 100
53163 67
53877 100
41225 67
42659 67
35711 83
54853 100
37180 67
51948 67
36913 67
52035 67
51215 67
55272 100
36056 83
55372 100
39875 67
44284 67
37666 67
40381 67
51383 67
36773 67
48632 67
52426 67
43108 67
52909 67
61059 100
52620 67
63404 100
41754 67
42683 67
38411 67
59432 100
38656 67
41077 67
38329 83
44632 67
47297 67
56867 100
40557 67
46111 67
58177 100
35358 67
62742 100
57633 100
39091 67
37276 67
38901 83
55186 100
36759 83
39552 67
35937 67
44639 67
44949 67
41194 67
40525 67
60712 100
59937 100
50180 67
45537 67
58095 100
42831 67
39825 67
39324 67
38816 83
41733 67
36258 67
50985 67
41511 67
39974 67
49693 67
43720 67
53184 67
60736 100
48081 67
62566 100
49348 67
50730 67
61366 100
57111 100
36649 83
45239 67
52680 67
39960 67
37866 67
46029 67
42414 67
36251 67
39085 67
40039 67
38392 67
58762 100
35822 67
52414 67
36170 83
53801 100
63781 100
35433 67
35584 67
45134 67
45920 67
41979 67
41357 67
37535 67
36446 67
42678 67
42318 67
44884 67
49498 67
47989 67
39823 67
44858 67
39586 67
38239 67
36315 83
36676 67
38678 83
41437 67
49679 67
41492 67
37716 67
45306 67
41811 67
39409 67
39667 67
50290 67
41147 67
35578 83
59565 100
43554 67
41156 67
53646 100
36695 67
55835 100
61647 100
39533 67
48900 67
41563 67
55957 100
46408 67
62546 100
42056 67
56882 100
35859 83
48313 67
55733 100
37231 83
45055 67
41659 67
48013 67
55581 100
35246 83
48718 67
38035 67
35692 83
46856 67
57574 100
50645 67
41830 67
57730 100
50748 67
56012 100
52736 67
35250 67
54377 100
39973 67
45314 67
36956 67
42218 67
56901 100
37705 67
50311 67
39653 67
42104 67
47438 67
45291 67
56641 100
63138 100
46707 67
39109 67
39731 67
38332 67
51899 67
57177 100
39122 67
40321 67
58988 100
55200 100
46552 67
60676 100
35686 83
36427 83
41586 67
40306 67
47600 67
46685 67
49808 67
41227 67
46954 67
36430 67
36814 67
36881 67
48350 67
37447 83
37268 67
49268 67
41341 67
40365 67
36747 67
39030 67
47211 67
52923 67
47565 67
35665 83
59854 100
63519 100
48802 67
37633 83
44340 67
37542 67
35033 67
39101 67
49265 67
38018 67
39173 67
44097 67
50856 67
34049 83
56520 100
49278 67
58466 100
40705 67
57054 100
46289 67
58823 100
55773 100
35943 67
42151 67
36351 67
57347 100
59081 100
57370 100
45279 67
35538 83
50161 67
36465 83
38620 67
39946 67
53562 67
44111 67
48417 67
50739 67
41750 67
42416 67
50152 67
42633 67
34106 83
39560 67
54173 100
36872 67
38366 67
46824 67
46643 67
61088 100
39157 67
42159 67
43999 67
45045 67
61751 100
55583 100
39311 67
58711 100
37498 83
35726 67
36903 67
35648 83
57509 100
50264 67
40672 40877 10.40 115.41
50489 50758 10.33 88.23
40877 40672 10.40 115.41
38199 38351 0.00 50.72
53520 54040 20.00 140.84
44268 44494 10.00 76.83
54342 53940 10.00 105.64
53302 53500 6.50 45.13
51794 51592 3.00 52.33
42097 42410 9.20 101.88
39482 39397 3.38 111.15
47335 46971 12.17 73.03
53646 54250 0.00 142.27
42666 42893 9.09 114.92
39085 39122 0.00 40.08
40934 41194 0.00 62.44
46856 47094 10.00 61.66
38084 38282 11.08 78.40
39723 39731 0.00 3.04
38003 37868 5.78 117.13
58812 58250 7.00 115.75
40248 40001 14.33 77.43
54670 55167 4.91 115.78
52545 52453 0.00 20.82
50069 50039 0.00 10.16
36602 36779 8.11 91.13
37463 37225 8.64 79.81
50102 50343 1.67 61.89
53425 53911 7.00 116.37
50382 50514 0.00 50.01
51201 51614 8.13 116.51
38334 38046 0.00 110.45
48136 48376 6.75 87.65
35650 35686 11.50 13.14
41763 41563 13.54 87.24
54948 54558 9.06 105.12
61426 61179 3.94 88.37
35094 35205 0.00 48.53
50219 50667 7.67 114.76
51505 51965 4.88 115.68
42026 41803 11.78 59.48
59848 60429 1.00 116.08
55030 55403 7.00 83.52
61046 60539 5.00 107.98
52096 52554 3.00 115.96
46408 46614 8.67 57.02
45991 45920 8.25 14.55
37383 37541 3.00 112.32
47094 47513 6.17 113.81
37469 37610 0.00 46.95
43707 43694 0.00 4.40
41652 41597 10.79 127.47
59650 59671 0.00 5.41
41548 41787 11.50 54.15
39798 40039 5.50 78.52
37535 37349 8.67 91.24
46130 45794 4.57 116.52
47437 47422 11.20 38.56
45924 46329 6.77 112.44
41530 41416 10.71 118.57
62824 63295 10.00 69.98
49028 48632 12.28 115.62
37906 38100 10.19 125.00
50024 49551 1.00 114.54
50391 50850 9.14 115.09
55325 54788 2.48 115.70
54453 54922 7.67 116.35
41515 41778 10.15 116.73
51028 50593 4.91 115.15
52777 53246 5.80 116.36
37886 38097 12.25 117.36
56291 55878 4.17 105.82
52125 51889 1.00 56.25
35842 35486 10.12 113.78
38239 38023 6.67 77.45
35499 35330 21.00 62.80
59871 60391 1.67 117.12
60842 60776 1.00 47.92
47963 47612 6.60 114.60
45239 45582 9.89 113.88
37172 36913 11.50 80.67
41754 41456 14.33 79.20
51801 52256 2.00 116.10
59336 59822 6.91 116.23
46476 46643 0.00 40.12
40766 40859 0.00 52.19
40820 40574 2.33 72.90
47420 47801 7.33 113.07
50667 51043 7.64 114.41
39653 39482 6.50 62.47
40911 40612 11.00 114.40
45219 44884 0.00 117.19
34174 34275 8.47 53.98
34049 34174 12.00 55.48
59455 59650 0.00 35.24
53877 53372 5.50 135.80
38247 37906 8.53 86.07
35852 35801 0.00 40.75
43522 43634 0.00 33.70
34018 33888 11.46 59.77
50475 50345 0.00 62.15
53689 54203 1.63 136.64
49889 49947 11.50 17.69
40672 40559 5.60 59.50
57004 56644 1.00 86.83
39712 39853 8.07 87.39
46954 47362 11.06 115.47
58281 58466 5.80 64.58
35255 34974 7.00 110.84
44632 44409 2.00 76.70
44373 44510 4.00 74.60
36170 36315 10.00 70.03
36337 36481 5.69 44.02
58360 58762 6.00 68.47
39596 39840 9.80 71.67
34018 33811 10.63 116.16
39213 39181 0.00 9.00
35419 35255 11.50 57.05
39119 39348 10.53 87.90
37868 38003 5.78 117.13
35749 35991 10.13 77.47
53618 53184 3.64 112.99
34812 34657 13.20 81.45
36247 36227 3.00 5.91
39380 39214 12.05 57.45
37162 36777 7.29 116.51
34812 34998 9.36 115.05
47879 47921 2.51 12.13
50940 50739 3.14 51.73
46707 46824 14.33 29.02
44858 45025 5.17 48.08
45708 45937 10.04 83.95
37977 37740 11.50 71.96
37752 37622 0.00 60.20
43952 43709 8.50 62.92
35692 35696 0.00 0.90
41806 42026 11.38 115.25
37315 36956 12.88 96.72
39960 40125 10.29 53.87
39220 39482 9.38 90.87
48376 48136 6.75 87.65
54265 53831 3.42 80.41
39997 39986 0.00 11.22
35431 35776 9.80 129.55
51439 51233 2.20 51.08
42332 42659 11.50 120.24
50399 50612 2.00 50.61
35165 35400 9.86 117.07
52474 51965 10.20 116.40
44156 43999 1.00 38.31
40125 39974 11.50 56.52
48473 48297 3.00 58.87
55747 55403 10.33 73.71
51756 51529 0.00 66.77
39324 39555 20.00 88.44
44645 44646 2.97 89.50
48145 48107 0.00 5.43
58256 58121 3.00 44.51
44565 44792 0.00 77.52
54156 54106 0.00 14.97
41139 41166 0.00 8.95
48973 49155 7.83 54.76
49945 50086 10.50 80.28
36323 36060 6.40 90.53
48474 48919 0.00 115.62
36805 36653 11.50 84.74
39213 39133 0.00 68.60
41864 42170 10.75 77.36
53202 53425 11.00 58.85
46702 46284 1.50 116.66
52035 52474 9.00 116.16
49909 49838 0.00 17.91
37464 37180 11.50 81.23
34002 34106 9.00 53.43
42229 42558 0.00 114.03
38556 38656 20.00 24.70
45562 45306 5.74 100.93
43414 43194 10.30 77.95
55494 55200 10.50 69.24
38675 38332 0.00 112.16
48212 47817 0.00 119.61
49582 49129 8.67 85.23
59069 58281 9.33 136.26
38473 38427 0.00 29.40
55848 56297 9.31 114.54
57686 58289 7.73 120.99
55246 54793 20.00 114.48
36251 35991 5.43 77.44
57590 58077 3.60 114.66
39949 40028 9.17 130.98
36620 36956 12.67 90.74
40862 41092 0.00 102.04
35899 35776 3.00 50.35
49869 50219 4.06 110.96
38415 38540 8.05 94.83
51981 51493 8.50 118.35
53987 53839 1.26 36.03
43508 43214 8.67 114.43
59854 59691 5.15 60.04
41234 41227 0.00 17.97
35099 34812 9.67 115.67
47308 47343 0.00 7.70
48396 47954 8.75 84.66
36096 36331 9.83 115.50
39452 39404 6.24 20.75
41537 41306 7.40 114.16
44179 43944 4.00 56.94
35959 35726 9.00 145.86
35695 35433 8.67 112.87
46463 46856 10.00 117.44
35195 34989 9.26 83.71
45937 46186 15.00 83.95
59748 60058 1.67 106.41
48463 48081 5.14 116.10
55707 56254 4.21 141.36
36495 36763 2.33 79.82
42942 43318 3.85 118.16
60693 61113 6.17 107.74
38651 38668 0.00 4.61
37355 37106 9.79 102.50
53911 53425 7.00 116.37
42011 41806 11.25 54.28
38492 38496 20.60 43.99
39432 39599 0.00 52.14
61477 61943 3.00 114.07
38018 38275 10.80 77.17
37889 37722 10.65 61.25
48350 48780 3.70 115.93
51018 50985 11.50 11.24
38314 38415 7.50 76.12
43944 43720 0.00 58.28
36328 36601 5.39 126.19
57099 56641 7.76 112.10
51614 51756 4.57 47.82
45452 45788 4.67 116.59
35393 35089 4.02 115.30
57178 56853 2.09 83.22
37868 37721 15.93 117.70
35749 35358 11.36 117.69
47975 48352 4.67 104.44
38320 38305 0.00 8.84
48182 48184 0.00 1.13
46685 46978 2.55 71.66
43658 43414 15.00 77.95
34637 34799 11.38 73.80
46771 47014 9.40 57.62
37018 37002 0.00 7.33
42229 41916 0.00 115.84
34891 34958 10.71 101.16
49348 49043 0.00 100.46
35393 34981 8.30 147.16
46893 46439 2.00 115.44
54693 54400 8.25 71.43
40302 40513 6.40 72.00
50213 50593 3.00 110.56
59951 60555 7.86 135.68
49167 49615 14.33 109.73
38490 38492 9.80 68.38
37721 37591 8.47 110.97
57638 57965 8.96 110.34
44009 44340 6.75 116.44
54910 54978 4.13 16.42
36455 36662 10.73 80.34
39439 39432 0.00 5.83
49149 49288 14.33 60.92
42907 42606 0.00 79.69
37732 38045 6.96 97.87
50914 51361 8.86 116.51
49760 49323 8.13 82.36
35680 35665 3.00 7.55
49961 49759 0.00 44.35
56414 56825 3.00 135.08
53681 53271 0.00 90.89
57170 56696 4.57 116.39
40768 41050 3.00 77.08
38419 38822 10.84 148.55
49867 50102 0.00 55.13
40361 40689 6.50 143.90
42240 42167 10.00 101.30
46738 46954 11.50 58.58
42676 42893 10.00 57.72
54310 53811 2.57 115.25
36190 36225 0.00 10.40
54526 54853 10.00 92.13
38423 38679 6.67 68.59
61219 60693 4.78 115.77
59270 59746 7.89 102.89
40966 40859 9.86 58.08
57608 57370 0.00 52.32
35711 35706 20.00 20.83
43086 43189 6.50 55.63
41224 41562 8.67 117.94
56317 55925 1.00 77.29
50612 50399 2.00 50.61
48776 48979 8.67 54.53
37728 37914 10.29 80.07
55289 55537 0.00 42.50
49167 49551 7.92 103.77
40588 40787 14.33 79.77
56006 56520 3.00 118.67
41999 42229 8.82 77.97
41415 41085 5.50 115.96
42820 42688 8.67 60.08
41563 41309 4.95 58.41
50421 50371 0.00 23.69
45384 45153 9.86 76.48
61558 61546 1.00 14.85
37614 37881 8.53 88.65
62401 62707 2.00 108.79
43194 42892 10.00 117.26
55733 55970 14.25 60.84
39335 39636 12.44 107.52
35289 35653 7.06 111.64
62164 61621 4.46 141.38
37881 38084 11.00 63.23
35680 35632 0.00 13.22
44980 45303 12.33 115.71
56175 55848 10.00 74.39
62542 62403 1.80 69.45
46948 46971 0.00 6.24
36156 36052 10.00 85.25
44340 44565 4.40 77.52
38309 38006 7.75 120.45
41672 41622 1.00 12.14
38827 38750 11.50 42.25
45303 45689 10.00 115.90
56268 56704 3.33 115.90
39731 39946 10.00 135.43
46922 46433 2.33 116.17
55403 54857 3.00 134.68
46982 46948 9.64 93.66
38718 38860 11.23 110.53
33566 33811 9.25 115.12
39825 39667 4.46 53.55
37542 37349 7.56 65.17
50886 50467 4.41 125.96
41537 41806 11.50 61.70
46669 46333 7.00 71.25
59292 59394 3.32 19.42
37680 37451 10.88 80.93
33811 33939 14.13 63.98
51821 52056 10.50 58.86
45155 44828 11.50 81.26
40811 41043 0.00 77.25
57170 56671 2.30 140.92
46174 46029 0.00 37.10
46184 46475 7.40 76.45
49910 49464 12.00 114.72
35441 35295 14.60 83.88
37315 37162 8.55 111.35
53163 53302 4.00 41.95
34830 34669 14.50 65.55
49715 49331 11.50 113.92
49578 49082 11.11 113.50
36196 36328 4.88 84.76
35499 35639 19.00 50.77
41707 41998 1.18 101.43
42109 41786 8.67 102.45
36519 36379 14.33 53.39
39746 39997 3.00 66.76
35246 35099 11.50 56.88
39996 39927 0.00 18.97
54853 55220 7.67 92.20
51743 51922 4.00 47.28
42207 42408 1.00 70.46
53687 53246 3.33 115.83
41274 41376 0.00 38.14
59448 59455 0.00 1.87
52854 52736 6.25 27.59
42653 42414 6.67 115.24
58762 59081 4.17 54.50
47027 47483 7.00 84.44
45991 46333 7.75 72.46
35578 35747 9.77 56.97
40525 40813 0.00 121.55
52923 52749 0.00 32.28
47324 47142 0.00 42.98
36874 36558 9.00 106.51
57394 56901 7.72 125.22
39552 39482 9.57 78.04
54342 54726 0.00 105.64
37060 37141 0.00 23.14
37532 37494 8.67 13.32
41634 41704 0.00 16.98
38500 38633 0.00 77.24
38675 38767 3.00 63.70
44565 44340 4.40 77.52
60132 59669 4.60 112.51
37792 37902 10.79 95.07
51505 51899 4.40 116.15
49578 49958 12.17 114.64
35706 35683 0.00 19.24
41746 41703 3.00 11.12
40930 40856 0.00 21.23
50345 50228 3.00 59.28
42199 41970 6.73 59.35
49331 49788 5.92 115.97
35009 35099 10.00 46.49
42002 41563 6.18 99.92
46295 46463 10.00 47.82
56288 55846 4.25 116.72
56403 56206 10.33 52.22
58586 58525 2.33 25.19
47709 47297 3.24 117.96
56271 55747 6.60 116.27
53558 53050 10.00 116.34
55542 55330 4.29 51.23
62105 62579 0.00 69.39
37221 37472 0.00 79.74
50667 50264 11.42 115.17
39389 39027 0.00 126.09
46982 47027 10.86 93.21
50411 50629 0.00 53.70
36052 36156 10.00 85.25
41943 41750 0.00 47.32
40509 40282 0.00 77.30
35433 35695 8.67 112.87
42676 42782 11.50 57.35
39348 39383 10.00 122.18
54857 55403 3.00 134.68
54400 53877 0.00 135.17
45640 45291 3.00 115.63
41944 41870 0.00 25.45
38678 38664 5.81 13.16
39324 39588 0.00 95.72
39186 39085 9.60 68.94
38045 38328 8.81 115.24
43709 43934 10.60 86.72
43299 43104 4.50 116.77
38633 38663 0.00 19.40
58466 58841 6.00 62.87
62207 62301 8.25 131.73
46738 46319 14.60 115.26
44125 43893 0.00 78.84
36837 36955 8.33 31.92
41970 42194 10.43 117.66
35930 36318 6.34 125.30
52723 52967 5.56 57.29
49961 49909 0.00 27.77
39326 38972 4.83 141.87
34981 34947 12.60 14.22
41806 41537 11.50 61.70
48344 47882 7.33 115.89
42247 42688 9.25 115.61
45153 44876 10.29 78.46
45406 45096 10.80 114.30
39909 39678 11.50 79.51
56696 56254 5.80 115.88
49656 49390 2.50 68.43
33289 33520 9.88 113.00
36779 36994 12.00 114.02
52045 51817 3.14 59.83
50739 50940 3.14 51.73
36343 36538 2.00 89.89
53877 53593 10.00 71.63
36601 36328 5.39 126.19
54248 54453 1.33 54.33
37451 37323 8.82 54.45
48107 48145 0.00 5.43
39578 39133 0.00 141.14
42459 42334 7.83 58.69
47921 47903 0.00 5.87
40379 40592 3.00 57.70
35135 35431 8.93 116.13
45044 45095 3.00 10.80
37377 37054 7.86 111.24
52635 53068 3.00 115.58
39027 39022 9.80 6.39
36206 36319 4.25 40.91
58281 57965 7.37 111.16
59428 59961 1.00 115.30
59934 59727 3.83 46.07
41999 41754 8.67 77.96
40612 40911 11.00 114.40
50213 49780 3.63 117.57
37069 36852 8.00 95.51
51931 52162 5.50 48.92
48013 47654 4.38 115.10
35943 35902 2.00 64.82
39653 39552 11.20 47.29
60555 59961 2.45 116.84
38900 38970 11.50 78.40
57657 57206 7.00 117.14
34947 34699 14.55 98.49
37977 38050 11.20 23.35
42493 42229 8.67 78.92
41837 42097 9.80 79.84
40787 40560 0.00 76.36
42782 42676 11.50 57.35
50914 50529 3.60 115.66
52426 52854 8.86 115.36
45010 44577 7.67 116.85
62583 62566 4.83 92.57
58261 58834 4.60 135.65
33740 34002 9.50 117.68
41119 41384 7.80 79.71
53841 54082 0.00 55.47
37740 37535 16.45 91.24
62583 62301 2.50 42.90
39950 40194 50.00 79.39
35852 36155 10.00 146.72
36319 36206 4.25 40.91
36834 36872 0.00 10.92
35236 34881 9.38 111.89
62645 62566 0.00 12.32
55130 55566 6.09 106.33
45839 45517 8.36 117.10
43194 43490 0.00 114.43
41998 42144 10.09 39.17
38427 38335 0.00 71.36
37955 37698 4.50 83.05
51328 50784 6.87 142.92
44574 44370 9.40 113.55
38530 38558 0.00 10.58
52543 52292 2.44 57.66
35648 35479 13.25 70.00
42134 42199 7.67 30.94
56217 56150 1.00 15.37
39852 39818 20.00 49.18
50264 50711 10.00 115.34
58985 58564 5.57 88.89
47235 46856 6.50 107.53
56381 56720 8.00 105.71
55749 55542 1.00 73.53
54459 54156 2.00 80.24
55892 55422 3.09 83.64
59727 60216 6.25 114.68
36773 36531 2.28 81.99
48274 48689 3.75 117.59
35976 35747 0.00 117.60
38011 38213 11.46 73.43
36379 36433 7.45 136.73
46398 46756 9.30 116.00
42062 41755 12.71 102.84
36387 36427 10.33 30.98
40483 40479 8.67 36.64
37572 37313 0.00 78.47
35033 35476 6.56 136.42
38175 38650 10.00 148.00
46704 46021 5.17 144.40
55166 55106 0.00 18.79
40286 40002 10.00 89.74
53467 53145 8.50 81.55
37700 37472 1.00 108.90
40859 41062 9.82 57.62
36814 37031 4.75 61.44
41416 41530 10.71 118.57
44884 45066 10.46 53.80
63326 63781 7.00 65.93
35721 35546 11.17 57.07
48344 48776 11.00 116.20
51889 52125 1.00 56.25
47817 47521 3.00 95.21
34239 34526 8.16 119.70
38663 38668 0.00 5.13
43509 43684 9.81 48.42
36538 36903 6.46 122.44
36308 36558 9.80 106.51
39397 39335 11.50 81.64
35715 35711 6.50 2.96
61088 60555 6.50 116.76
47696 47289 2.20 101.52
41754 41999 8.67 77.96
34488 34272 10.39 115.52
52506 52119 4.75 102.15
61546 61366 2.00 31.12
42016 41787 13.29 60.55
45408 45755 14.33 116.15
38657 38720 1.00 44.24
33236 33003 8.77 113.52
42709 42673 11.95 11.30
49444 49752 0.00 61.27
38334 38490 7.00 112.78
40509 40743 11.50 77.30
52506 52933 6.50 112.61
58171 57590 1.18 116.59
40930 41207 11.83 99.59
46319 46130 7.78 57.79
38943 38921 11.30 61.18
55566 55051 7.57 111.54
40612 40468 9.83 57.99
41864 41530 11.81 77.97
39637 39315 13.71 84.68
56484 56818 1.86 69.23
33905 34049 11.50 58.80
55122 55481 10.00 74.72
45360 45755 8.86 116.92
46756 46398 9.30 116.00
40743 40974 0.00 78.81
38651 38429 0.00 123.90
44944 44632 11.50 113.30
36481 36337 5.69 44.02
44578 44279 9.25 118.74
36864 37198 8.95 111.51
44197 44151 12.71 8.48
63326 63282 7.20 100.59
55186 55742 4.00 136.16
38426 38193 0.00 80.36
41548 41806 11.50 115.22
41238 41296 0.00 52.84
55030 54693 8.25 75.31
39311 39086 11.33 63.58
44632 44876 7.29 78.46
43657 43791 3.98 127.29
52334 52820 10.44 115.69
43687 43631 4.81 58.84
40789 41092 0.00 94.26
39718 40015 9.13 139.63
36660 36815 9.48 88.27
36318 36696 2.14 125.30
53363 53001 1.40 106.00
44625 45069 0.00 122.86
63519 63404 0.00 65.34
37054 36874 14.60 68.32
52254 52530 7.89 76.12
49056 49410 0.00 79.51
45406 45653 10.25 68.76
37397 37315 4.50 94.12
57096 57562 1.00 115.60
51478 51122 6.00 99.45
35665 35667 0.00 2.96
44380 44577 8.50 57.24
33520 33289 9.88 113.00
50435 50645 0.00 54.71
40712 40303 9.80 123.33
55721 55167 8.65 116.19
47654 47168 4.25 115.89
44398 44619 0.00 65.78
37295 36815 10.17 136.37
38822 38569 10.90 78.40
50228 50086 0.00 81.36
62145 62014 3.00 80.77
39988 40078 1.00 28.61
50948 50886 1.00 18.24
35228 35001 16.29 96.19
52279 52056 4.67 56.67
49728 49910 3.00 54.09
42167 42103 7.00 55.41
40463 40527 3.00 16.97
38921 38943 11.30 61.18
50322 49958 8.00 115.78
34437 34527 14.00 56.54
41511 41120 3.63 121.43
39724 39630 3.00 39.69
35400 35165 9.86 117.07
56524 56074 1.00 111.50
56696 56217 3.07 141.39
37707 37954 17.20 78.90
37494 37714 11.50 89.65
41888 41864 12.06 109.89
60534 59941 3.52 115.95
41238 41234 0.00 5.79
58841 58466 6.00 62.87
51146 50929 7.50 57.56
42168 42170 8.17 75.01
42218 42026 8.33 56.46
33520 33236 10.18 116.77
35683 35680 0.00 1.30
44279 44626 3.00 116.46
38979 39220 11.50 86.74
59432 59129 4.52 94.16
49728 49265 11.33 116.09
62014 61621 0.00 82.74
41754 42062 0.00 115.28
37923 38328 10.22 133.93
37180 36903 10.00 81.23
38656 38506 9.09 114.87
41330 41339 0.00 13.06
42887 42659 9.00 94.54
60011 59829 0.00 32.31
53520 53797 11.00 71.37
37610 37905 1.00 94.62
44075 44256 8.10 89.14
43134 42892 10.75 78.54
42104 41879 3.21 85.32
35236 35235 5.14 49.12
54250 54898 11.00 143.55
62068 62401 1.67 108.84
39952 39996 0.00 18.30
51921 52408 0.00 107.27
58289 58834 9.00 111.32
50190 50074 9.86 62.71
42090 42207 0.00 38.58
36190 36174 2.00 17.67
56434 56825 0.00 75.63
34647 34510 20.00 72.95
59394 59941 5.60 136.37
40423 40592 11.20 84.41
41811 41733 0.00 24.51
59075 59577 4.15 112.78
52096 52426 0.00 74.88
34981 34780 12.39 115.96
62579 63097 4.67 71.25
40468 40612 9.83 57.99
50322 49910 4.43 114.82
34699 34421 7.31 115.51
54510 54377 9.42 101.68
37447 37437 0.00 9.47
46439 46893 2.00 115.44
44792 44565 0.00 77.52
36747 37135 11.69 111.34
57170 57688 6.38 135.63
47438 47390 0.00 12.35
55144 55218 0.00 12.44
53689 53425 6.00 70.53
50395 50311 9.00 35.55
38213 38411 9.33 77.15
58586 58633 0.00 16.94
59292 59848 1.29 116.46
39571 39701 0.00 38.82
56853 57039 0.00 50.14
35718 35186 11.65 148.74
41490 41224 0.00 79.20
39238 39048 11.36 88.92
35089 35393 4.02 115.30
38328 38045 8.81 115.24
37281 37225 5.20 21.11
36961 36519 6.92 145.44
47865 48329 8.60 116.56
41703 41676 0.00 6.10
36952 37226 13.25 96.26
50979 50784 11.00 58.05
47142 46783 11.00 89.92
38282 38084 11.08 78.40
50345 49881 9.80 132.26
52209 52045 3.00 51.76
57347 57638 6.00 110.34
37001 36601 5.39 107.09
39928 40127 12.67 57.12
34437 34207 10.33 112.34
52426 52096 0.00 74.88
55130 54726 5.50 106.32
40015 39952 0.00 56.07
44316 44373 10.00 43.87
46856 46463 10.00 117.44
41690 41696 0.00 1.61
49176 48868 0.00 84.20
35330 35395 3.00 33.32
38720 38941 8.00 74.97
42568 42173 8.16 120.56
36006 35852 9.33 51.20
40318 40065 10.29 58.59
47168 46687 11.00 119.25
55581 55925 10.00 74.72
51028 50649 2.83 109.82
50175 50576 7.67 117.00
47654 47244 8.33 116.62
36756 36997 11.50 72.71
51578 51931 9.64 101.55
47168 47612 8.13 116.28
56254 55733 3.04 116.23
39306 39632 6.40 94.83
40723 40934 13.33 70.62
34831 35089 4.34 111.22
38720 38657 1.00 44.24
52923 52899 0.00 6.09
41562 41916 0.00 114.94
43934 43677 10.00 75.19
37231 37242 0.00 2.97
61554 61762 6.05 35.16
39903 40115 3.00 81.78
37886 37659 9.33 117.77
62546 63326 4.40 110.84
44370 44224 8.65 43.99
39428 39507 0.00 22.48
35365 35246 0.00 51.30
39612 39454 5.54 51.46
51043 51199 4.83 43.87
52736 52854 6.25 27.59
35441 35632 9.80 132.28
35557 35187 0.00 120.95
38860 38490 11.50 92.86
62759 62371 6.00 63.25
45096 45406 10.80 114.30
59428 59871 6.50 113.45
53372 52923 8.67 129.77
41122 40994 5.52 117.56
39018 38900 20.00 78.48
45066 44752 6.50 113.69
36417 36653 18.57 115.91
41296 41238 0.00 52.84
42986 43214 8.60 77.21
36980 37284 7.00 135.78
36662 36455 10.73 80.34
46745 46571 6.67 46.11
36630 36665 6.77 6.59
36861 36956 8.00 94.01
52761 52545 1.50 86.78
62542 62612 2.67 12.27
45945 45920 9.13 88.48
41046 41125 29.20 72.93
62252 62371 3.52 101.92
35667 35709 6.50 11.06
60285 60682 2.87 64.04
37831 37453 3.00 129.43
37427 37923 7.25 134.97
39630 39591 0.00 18.72
39390 39383 13.21 76.72
51437 51821 6.70 115.92
43349 43089 2.00 79.94
37524 37464 1.00 14.84
34669 34830 14.50 65.55
60350 60523 5.96 59.37
45091 44615 9.32 126.04
46944 46614 11.78 81.51
51660 51201 7.75 115.42
35749 35653 12.08 81.90
62707 62881 1.00 107.67
40340 40115 0.00 81.78
53785 53363 3.60 106.00
43437 43677 2.50 75.19
46643 47030 0.00 91.14
36312 36387 6.75 54.44
56662 56867 4.33 54.67
45047 45249 2.00 102.45
35294 34995 7.57 100.03
38521 38151 3.00 142.90
35228 35538 3.00 98.08
52531 53137 5.64 117.57
47963 48313 8.80 104.78
54866 54526 8.54 64.14
35776 35431 9.80 129.55
58646 58171 3.25 115.17
46021 45945 2.67 17.45
38521 38473 1.00 41.77
39181 38625 7.25 142.73
59339 59202 2.00 51.38
51028 51425 7.98 115.88
40065 40318 10.29 58.59
34549 34657 6.11 54.70
38899 38827 9.40 42.95
34568 34780 10.23 116.20
58981 59794 2.24 128.80
60556 60676 6.13 48.10
55481 55122 10.00 74.72
61661 61755 0.00 23.29
44178 44481 11.00 115.62
36168 35966 10.88 102.54
36206 36131 10.41 25.45
50556 50758 7.00 55.48
36779 36980 6.00 53.06
34780 34981 12.39 115.96
57638 57347 6.00 110.34
40454 40379 2.33 53.54
41696 41755 0.00 19.76
48246 48594 5.00 71.24
52838 52349 3.40 117.10
39101 39098 10.00 8.55
56373 56522 1.00 41.94
37721 37868 15.93 117.70
40479 40483 8.67 36.64
48246 48175 20.00 13.49
55707 55152 3.74 116.54
43720 43944 0.00 58.28
35887 35458 5.72 131.44
37732 37428 5.72 98.05
42218 42011 8.15 115.58
49371 49566 0.00 80.23
40490 40557 0.00 21.40
41864 41888 12.06 109.89
44224 44370 8.65 43.99
53050 53163 1.00 32.44
46592 46327 8.67 72.47
41384 41659 17.00 77.25
55051 55474 8.67 105.88
50691 51095 6.50 120.11
46789 46496 4.67 78.16
39553 39770 9.67 80.20
41331 41564 9.44 58.94
45653 45962 10.67 112.87
62220 62164 4.45 63.87
45336 45279 0.00 15.67
37346 37200 1.29 37.02
39032 38941 12.35 86.73
52703 53225 0.00 127.05
59255 59270 3.00 3.96
34002 34272 10.65 113.51
45406 45239 1.00 47.66
55554 55801 0.00 51.28
49654 49881 0.00 56.51
49398 49869 3.75 115.66
38816 38668 6.50 62.45
50074 49963 20.00 60.33
37031 37250 3.00 107.21
42234 42240 1.00 100.60
38620 39079 10.57 149.58
40588 40282 11.50 117.22
59422 58812 6.18 135.73
37383 37268 11.50 35.03
35486 35372 8.00 84.56
46704 46669 7.46 101.49
45440 45314 20.00 32.98
38663 38633 0.00 19.40
37276 37349 8.67 33.53
40859 40966 9.86 58.08
56824 56348 3.44 101.34
38011 37569 6.75 145.65
41787 41521 11.82 117.34
39660 39949 9.29 140.00
44380 44156 11.92 116.58
45540 45517 8.19 14.74
39870 39506 14.78 132.83
42213 42439 12.60 117.12
44269 44625 4.63 112.95
37221 37002 9.80 73.07
47027 47069 9.04 110.51
50264 49910 8.57 116.52
43792 43687 3.25 112.84
57670 57170 6.50 115.81
39560 39637 8.67 62.80
59394 58783 1.24 115.98
36387 36312 6.75 54.44
43769 43999 4.19 111.20
64139 63519 6.67 95.55
50219 49869 4.06 110.96
50554 50290 0.00 52.06
46433 45903 11.50 126.02
36417 36198 10.50 116.01
38656 39086 5.27 113.48
49769 50086 11.20 75.26
44577 44380 8.50 57.24
36006 36308 13.50 104.60
53797 53682 2.50 76.12
40254 40237 0.00 8.86
53495 53068 6.50 99.32
48973 48919 0.00 12.83
50150 50069 0.00 17.52
37346 37347 0.00 12.36
52530 52042 5.32 111.92
55957 56563 2.67 133.74
37595 37406 14.00 78.40
49037 48663 20.00 71.71
36653 36805 11.50 84.74
49517 49082 8.80 116.61
47654 48013 4.38 115.10
36829 36662 10.45 63.32
53372 53689 15.00 71.17
38490 38334 7.00 112.78
53150 52981 10.00 44.10
37397 37478 12.48 94.12
35295 35088 10.76 113.48
39351 39405 0.00 18.80
52838 52489 5.36 93.78
46756 47244 7.11 116.95
36023 35893 9.38 43.43
45360 44980 8.79 116.58
44805 44770 0.00 15.89
45794 45408 11.00 114.69
47954 48396 8.75 84.66
54453 54670 2.00 61.07
59336 58746 2.41 115.96
52736 53145 10.00 115.26
33236 33037 12.73 113.44
57730 58235 6.67 115.94
62861 62546 2.57 114.92
50467 50075 5.60 117.47
49230 49693 6.57 116.36
38720 38899 10.54 125.92
40130 40561 11.50 112.96
38606 38650 0.00 28.68
36328 36095 6.17 79.03
34437 34174 12.00 115.48
48096 48141 0.00 8.20
40625 40862 11.00 109.06
55713 55835 0.00 71.08
55167 54670 4.91 115.78
37789 37614 9.60 71.55
44938 45239 8.25 113.22
53145 53520 8.92 82.58
41536 41261 0.00 66.57
49947 49974 0.00 11.50
56268 56712 2.30 135.01
50024 49677 7.67 108.98
52177 52119 1.00 12.85
39693 39718 4.18 65.83
58215 57769 4.78 105.04
55749 55400 0.00 85.20
33236 33490 10.17 118.03
56814 57252 5.40 110.95
35747 35847 10.11 37.67
50689 50489 0.00 56.75
57178 57590 2.00 114.17
58095 57556 5.27 111.54
41187 41182 1.00 12.79
58250 58823 3.50 135.39
45291 45140 0.00 58.62
37349 37276 8.67 33.53
45010 45220 13.25 111.40
41590 41261 17.00 82.53
43490 43748 0.00 77.81
37295 37792 10.47 146.94
41207 41586 12.15 106.09
52506 52206 3.50 72.37
59961 59428 1.00 115.30
43189 43283 0.00 58.69
40703 41114 3.43 120.11
40811 40588 7.67 78.70
52777 53184 14.91 115.89
37710 37346 0.00 100.37
40711 40827 10.88 108.59
54349 53797 8.60 143.20
41672 41698 0.00 9.29
36408 36602 12.00 82.45
45755 46082 3.00 115.47
38997 39022 0.00 6.81
38860 38943 11.50 18.97
50467 50024 10.00 114.30
39735 40098 9.80 128.34
41659 41384 17.00 77.25
35747 35578 9.77 56.97
40856 40469 6.50 132.46
47168 46756 9.83 117.86
35082 34883 11.50 91.72
50228 49881 8.67 99.59
54298 54601 1.23 73.36
54243 54823 6.63 118.01
39086 38656 5.27 113.48
39085 39315 9.40 62.07
43089 42659 11.50 110.83
46289 46333 9.92 110.83
48329 48474 0.00 44.97
36382 36777 9.05 116.33
39818 39988 5.75 57.16
35441 35027 5.40 149.45
43478 43086 8.47 116.42
37740 37977 11.50 71.96
40827 41147 11.83 82.22
42659 43089 11.50 110.83
40962 40849 8.35 85.72
36302 36503 1.00 80.30
48047 48078 0.00 9.65
43819 43490 5.60 114.71
40454 40306 7.25 42.96
35583 35553 8.67 31.56
49788 50219 7.35 117.56
56000 55747 1.00 65.65
44294 44179 3.00 58.39
34799 34647 3.00 55.44
49230 49623 0.00 107.02
35817 35976 9.20 56.03
38178 37890 10.00 86.03
35294 35250 7.29 81.20
41061 40633 6.15 116.99
39373 39157 13.20 78.02
42398 42831 3.00 97.15
35546 35721 11.17 57.07
37695 37716 14.33 25.07
57913 57423 4.44 100.57
35858 35801 2.71 73.74
59186 59255 6.50 12.90
56463 55970 3.00 116.15
37315 37397 4.50 94.12
37242 37231 0.00 2.97
39586 39870 0.00 108.57
35135 35453 11.36 115.69
35909 36009 10.08 89.99
38644 38962 3.16 116.31
45140 45291 0.00 58.62
41085 40820 8.75 102.38
39870 39586 0.00 108.57
40404 40089 10.30 102.34
45962 46398 9.63 118.43
57039 56853 0.00 50.14
38332 38675 0.00 112.16
38334 38335 0.00 0.80
48855 48463 3.64 117.67
37952 38137 14.33 53.62
48632 48274 16.14 113.99
51493 51893 8.50 117.21
38677 38862 9.25 59.28
47437 47483 13.33 89.07
41438 41492 0.00 14.22
40157 39826 7.25 111.59
55152 54654 3.92 116.32
45684 45892 10.00 76.60
39030 39123 0.00 35.67
39133 39578 0.00 141.14
35707 36040 9.64 112.15
40001 39770 10.42 80.20
38500 38496 1.00 16.79
37881 38188 7.82 110.18
34415 34637 10.45 114.88
45119 44773 12.20 115.13
37056 37198 6.40 67.61
54019 53797 3.00 43.62
43977 44416 10.11 115.88
38827 38899 9.40 42.95
39701 39710 0.00 1.74
40477 40723 3.92 95.98
38885 38727 0.00 40.71
45402 45750 9.20 101.53
56704 57178 1.67 135.07
48743 48554 7.43 59.41
51559 51146 9.58 116.86
40703 40221 14.33 130.61
40612 40839 3.00 79.23
38346 38530 20.00 82.28
38282 38429 0.00 77.66
43604 43506 8.67 41.00
40550 40849 10.00 118.79
45920 45673 3.97 60.97
38997 39015 0.00 12.45
40827 40711 10.88 108.59
36602 36829 12.29 80.03
36754 37054 9.64 101.57
38389 38540 6.50 41.04
35395 35546 11.50 82.34
43021 42683 0.00 110.31
35338 35559 11.38 141.30
40321 40061 6.41 79.33
35235 35491 6.25 81.20
53797 54349 8.60 143.20
44397 44791 9.50 115.16
42144 42315 20.00 60.22
48523 48691 6.00 56.31
48238 48090 3.00 34.53
34275 34174 8.47 53.98
52256 52708 2.33 106.43
39297 38978 0.00 131.32
55018 55080 0.00 15.42
36406 36258 9.53 76.61
51899 52349 17.00 115.72
39875 39555 11.50 135.22
58834 59336 2.57 114.04
35679 35509 13.20 81.97
38294 38178 0.00 48.22
59829 60065 4.93 78.82
38989 38980 3.00 4.09
45025 44858 5.17 48.08
37031 37276 12.71 81.68
35089 35431 4.96 118.22
33003 33236 8.77 113.52
53877 54203 7.80 71.37
37937 37789 11.50 53.54
40002 40469 3.00 126.52
46756 47168 9.83 117.86
54726 55220 7.58 112.09
38558 38973 8.33 114.37
41731 41696 0.00 8.09
58215 58477 3.00 54.89
51819 52269 5.40 114.33
38309 38419 8.77 44.29
41731 41748 0.00 5.48
36427 36387 10.33 30.98
50698 50733 1.00 34.34
39297 39324 0.00 10.85
56230 56681 6.00 116.03
51493 51028 2.19 116.57
36602 36328 10.00 118.75
40787 40588 14.33 79.77
53001 52530 3.05 112.04
54654 55186 2.37 141.32
55080 55204 0.00 21.77
45673 45920 3.97 60.97
49082 48689 11.50 113.59
52736 52554 6.88 42.89
54916 55018 0.00 24.45
57370 57608 0.00 52.32
39098 39363 11.25 101.71
39476 39712 7.67 80.73
40186 40264 11.29 116.75
57054 57423 2.08 113.45
49881 49679 9.86 101.41
38338 38644 6.28 116.90
36040 35911 8.83 93.97
48745 48417 14.18 106.79
61943 61400 4.43 115.86
42167 42240 10.00 101.30
35650 35648 0.00 1.14
41313 41088 8.86 58.36
58177 58462 3.00 50.91
47926 48205 4.70 81.77
48979 48523 9.75 116.22
42908 42596 7.75 113.17
42109 42294 11.00 65.41
34072 34272 11.50 116.53
58873 59383 6.07 116.35
61366 61052 1.83 47.05
47882 47709 4.00 59.33
41548 41306 11.20 61.85
45924 45582 6.33 119.20
49788 50152 11.77 116.10
46789 47174 7.67 112.76
47523 47565 3.00 12.44
36315 36170 10.00 70.03
44876 44632 7.29 78.46
40254 39947 6.50 81.69
38767 38675 3.00 63.70
38458 38524 0.00 46.95
38668 38663 0.00 5.13
44355 44156 10.00 57.19
51624 51166 8.67 112.11
39870 40282 10.08 133.15
45119 45096 0.00 6.95
44625 44884 6.07 82.61
35482 35648 11.00 99.76
36742 36695 0.00 14.67
47634 48047 13.20 118.67
53067 52708 5.31 99.98
44129 43842 10.79 80.52
51578 52045 8.63 111.35
48868 48418 0.00 117.89
50914 51404 3.63 144.94
58564 58184 6.73 88.52
38135 37727 10.44 125.97
38941 39032 12.35 86.73
40592 40423 11.20 84.41
41813 41875 0.00 15.28
45755 45408 14.33 116.15
36622 36406 12.71 64.51
38334 38320 0.00 7.40
50024 50467 10.00 114.30
50399 50290 10.00 65.61
45755 45360 8.86 116.92
36502 36331 8.50 82.94
38895 38767 8.67 34.55
36872 36670 6.50 61.05
38633 38727 3.00 22.30
56987 56575 1.67 113.82
53930 54110 0.00 30.62
38084 37881 11.00 63.23
39826 40157 7.25 111.59
46186 45937 15.00 83.95
38026 37641 6.50 105.00
35721 35876 11.50 56.56
40199 40270 0.00 23.01
54644 54256 0.00 105.95
60523 59854 8.00 112.08
40469 40856 6.50 132.46
37054 37377 7.86 111.24
60441 60676 0.00 46.57
41331 41088 10.73 116.67
37447 37498 7.64 13.95
34799 34637 11.38 73.80
52279 51801 2.72 105.34
36131 36206 10.41 25.45
39950 40282 11.00 116.73
54248 54732 5.20 116.02
42894 42771 0.00 34.85
47634 47437 0.00 35.89
48802 48594 8.67 42.53
35976 35817 9.20 56.03
34831 35135 9.19 118.49
39997 40367 9.33 87.94
48109 48107 1.00 20.20
36677 36519 9.54 60.20
44626 44279 3.00 116.46
38663 38651 0.00 4.27
39397 39482 3.38 111.15
48868 49230 11.50 103.81
44199 43842 20.00 113.75
39555 39875 11.50 135.22
63295 63389 5.50 59.75
59186 59748 6.00 95.95
58261 58823 5.17 115.65
39070 39156 7.57 106.69
38100 37906 10.19 125.00
44494 44268 10.00 76.83
62358 62612 4.63 109.05
38288 38312 0.00 6.90
62301 61823 6.27 75.87
42273 41943 0.00 90.16
37542 37698 20.00 51.99
52680 52845 1.20 30.62
42414 42199 6.07 117.77
55651 55707 1.00 16.02
40516 40438 0.00 24.53
42538 42315 0.00 76.12
48258 48182 0.00 35.61
37054 36754 9.64 101.57
36711 36696 3.00 19.70
58405 58551 4.86 51.79
47535 47069 8.55 86.22
41803 42027 6.70 113.09
41537 41803 6.33 117.17
44791 44828 0.00 8.77
39723 39724 0.00 3.84
35930 35937 11.00 64.75
47343 47376 0.00 12.30
53839 54122 6.88 75.89
42173 42363 3.27 66.00
39155 39119 11.39 90.59
40440 40194 10.00 79.39
47244 46824 6.75 116.13
38419 38309 8.77 44.29
50733 50856 7.25 97.36
46702 46501 6.16 63.54
36874 36698 7.40 67.39
45544 45673 0.00 40.55
37705 37667 0.00 12.45
35393 35662 8.27 80.05
52285 52167 3.00 75.96
40766 40633 11.29 73.20
49323 49760 8.13 82.36
43694 43707 0.00 4.40
37997 37978 0.00 4.80
36009 35921 6.00 70.48
39315 39637 13.71 84.68
44879 44805 10.00 40.23
50529 50914 3.60 115.66
39025 39234 9.72 76.96
51578 51122 7.58 116.77
40069 40089 14.33 48.37
39840 39927 2.33 23.62
39239 39249 0.00 13.44
40513 40302 6.40 72.00
48145 48109 0.00 19.91
36495 36351 10.30 96.87
50706 50475 4.88 62.14
46439 46024 8.33 115.61
41306 41068 11.13 118.55
40859 40454 11.62 116.36
36071 35997 8.33 37.65
61621 62164 4.46 141.38
43134 43338 10.50 78.54
35288 35235 8.73 102.50
39315 39614 12.71 115.70
37978 37957 0.00 7.71
45372 45750 10.62 93.69
50971 50529 11.00 116.63
37622 37740 11.17 35.85
34958 34891 10.71 101.16
47599 47566 0.00 6.73
46439 46707 5.60 87.90
34805 34699 5.75 49.43
54256 54644 0.00 105.95
51166 51624 8.67 112.11
39506 39755 2.00 66.82
38071 38137 0.00 108.27
39560 39186 13.00 95.21
35632 35665 0.00 17.63
48047 47634 13.20 118.67
35583 35205 8.67 133.09
44340 44009 6.75 116.44
36423 36341 14.33 40.04
40226 40125 3.00 35.99
44949 44834 0.00 30.16
44518 44294 0.00 64.94
40194 40440 10.00 79.39
38188 38314 8.17 89.51
37914 37728 10.29 80.07
41166 41187 0.00 4.20
62539 61943 5.07 115.90
42891 42653 3.89 116.60
34881 35236 9.38 111.89
37978 37997 0.00 4.80
61922 61755 3.00 56.37
39351 39206 13.00 98.82
55537 55730 0.00 34.33
58160 58405 5.70 86.63
48919 48973 0.00 12.83
49028 49265 13.20 62.44
38540 38415 8.05 94.83
45794 46186 8.89 115.39
43194 43414 10.30 77.95
59650 59614 0.00 11.86
39048 38941 11.12 86.70
50985 50748 4.71 128.20
47921 47975 0.00 11.88
50529 50127 3.00 115.35
58977 58988 0.00 3.38
33737 33979 7.82 116.00
42653 42891 3.89 116.60
54729 54928 2.84 46.78
56712 56271 4.62 116.35
37200 37081 0.00 35.10
61052 61343 4.44 96.68
40127 40237 0.00 26.99
59871 59428 6.50 113.45
36538 36343 2.00 89.89
48258 48396 2.00 77.20
43338 43134 10.50 78.54
49517 49728 16.50 62.18
52426 52635 0.00 51.86
43490 43194 0.00 114.43
56825 57111 3.00 132.44
34143 34266 10.00 58.90
44355 44577 9.86 116.52
61751 62130 3.55 141.13
54265 53940 1.50 74.48
38980 38974 11.50 6.14
42893 42676 10.00 57.72
43318 43604 2.65 140.77
35559 35959 6.00 126.14
39109 39409 12.27 115.62
44179 43921 11.67 115.93
46783 47142 11.00 89.92
50018 49578 20.00 118.34
55167 55651 2.50 113.57
41402 41135 0.00 78.80
37727 37286 9.33 128.23
53425 53689 6.00 70.53
48376 48637 9.50 76.10
41730 41832 7.56 52.23
45372 45091 9.00 75.17
44197 43944 20.00 112.51
46186 46408 10.00 58.70
41813 41899 0.00 30.96
36243 36312 0.00 21.60
53562 53618 0.00 13.80
50371 50421 0.00 23.69
56297 56575 7.00 74.39
42414 42653 6.67 115.24
34619 34998 7.33 147.54
47651 48027 7.58 89.40
60216 59669 7.88 115.13
38135 38351 4.57 87.83
36872 36963 1.00 20.55
56074 55566 11.50 112.89
56217 55707 4.72 115.96
35976 36198 2.50 115.75
53445 52967 5.06 115.70
38100 38548 10.85 124.85
57688 58261 6.65 114.22
39586 39249 0.00 108.89
37060 37361 35.00 79.72
41754 41384 10.29 116.50
62962 62861 3.75 84.86
46711 46806 0.00 20.94
51922 51966 0.00 13.75
48474 48689 6.38 70.82
39952 39927 11.50 21.40
39595 39798 6.86 77.49
34266 34285 10.00 6.04
39249 39335 15.00 97.74
38071 37750 1.00 108.47
40214 39974 12.29 79.32
49974 50029 0.00 24.88
43977 44224 9.45 113.16
43349 43819 6.00 142.09
40762 40977 12.00 83.65
36782 36812 0.00 11.75
45968 46433 2.47 129.10
41125 41166 11.50 12.56
51177 50948 2.23 56.63
48632 49082 10.25 115.17
43222 43318 8.17 55.10
39553 39101 10.04 149.34
53184 52777 14.91 115.89
35679 35899 13.22 113.15
35726 35937 7.17 68.85
47801 48274 7.38 115.14
41690 41676 0.00 10.32
54853 54526 10.00 92.13
38978 39004 0.00 10.81
35082 34846 13.67 115.17
35372 35359 9.45 15.17
44111 44258 5.88 67.40
34266 34049 13.23 114.99
52981 53150 10.00 44.10
41778 41521 10.88 57.54
44625 44605 0.00 6.71
48637 48594 12.50 122.12
44048 43874 3.00 139.14
51743 52269 13.33 115.99
40977 40762 12.00 83.65
37453 37831 3.00 129.43
48463 48013 6.40 116.74
38989 38997 0.00 1.79
40427 40157 1.67 65.13
34989 34903 0.00 48.19
53839 53681 1.34 39.56
37740 37622 11.17 35.85
35955 36096 15.57 56.06
42596 42585 0.00 3.30
37087 36864 10.50 70.96
34510 34285 8.33 114.43
37498 37400 14.00 96.04
50074 50190 9.86 62.71
35205 35094 0.00 48.53
45653 45406 10.25 68.76
42673 42408 4.67 69.16
42213 41980 11.78 117.71
41402 41683 0.00 78.80
48417 48013 10.00 115.26
45673 45536 8.25 30.14
39637 40065 13.63 142.23
39712 39409 11.64 116.14
33770 33979 8.32 115.77
47189 46893 2.88 85.36
45153 45452 10.33 109.94
36616 36417 6.87 71.52
52474 52723 7.29 59.13
36256 36247 0.00 13.63
35099 35330 3.00 115.94
53145 52706 7.33 104.55
38644 38411 8.50 77.15
36446 36122 10.85 118.14
38298 37996 6.75 83.48
34619 34527 9.80 119.52
37610 37749 10.00 77.23
54132 53981 4.00 41.48
42831 42942 0.00 29.44
46289 45958 8.87 69.96
60556 60798 0.00 54.98
37284 36980 7.00 135.78
40743 40509 11.50 77.30
41376 41274 0.00 38.14
56704 57172 8.00 116.03
48396 48258 2.00 77.20
37680 37355 8.21 140.13
36992 36977 0.00 6.00
36679 36660 9.38 6.86
35843 35509 2.00 117.19
52553 51966 3.95 114.56
55614 55957 3.00 90.28
36962 36881 0.00 18.44
36227 36174 20.00 15.37
46029 46022 0.00 1.73
57025 56349 6.76 140.26
47495 47014 12.71 117.35
63282 62861 10.00 61.05
63295 62824 10.00 69.98
55245 54788 4.14 116.39
45270 45518 0.00 87.49
51404 51922 4.34 115.09
37595 37451 8.67 56.98
36696 37060 4.67 100.32
55422 55377 0.00 6.39
37471 37383 5.50 61.34
43436 43522 0.00 33.95
50593 50127 4.67 117.15
59409 58812 3.72 116.36
35679 35431 7.33 90.00
37591 37902 8.09 89.38
38750 38827 11.50 42.25
41521 41290 11.73 114.71
38556 38351 2.56 67.29
48872 48396 8.59 96.00
50075 50529 4.25 114.50
59422 59951 5.64 115.58
56281 56217 2.14 12.30
45689 45303 10.00 115.90
59409 59951 6.20 136.03
37453 37203 1.00 81.34
44760 44574 15.00 53.62
47094 46856 10.00 61.66
35235 35288 8.73 102.50
43748 44009 9.44 77.81
47747 47966 3.00 63.22
56520 57111 0.00 120.78
41062 41289 11.50 114.71
38622 38951 2.00 80.95
41585 41568 0.00 5.43
33236 33520 10.18 116.77
54922 54453 7.67 116.35
41586 41207 12.15 106.09
35943 36137 2.33 74.17
45360 45025 4.57 117.41
35431 35679 7.33 90.00
41603 41707 0.00 31.80
34174 34049 12.00 55.48
55441 55554 8.67 27.63
38767 38853 0.00 68.17
36186 36005 10.18 108.20
42051 42134 0.00 38.79
38885 39119 12.31 101.63
43405 43331 7.88 24.13
50127 49693 3.00 115.32
39363 39595 6.00 77.58
39637 39560 8.67 62.80
48988 48663 0.00 64.07
43658 43922 11.00 77.43
35707 35359 10.36 112.15
49498 49803 10.00 74.05
51030 51505 4.58 116.53
56012 56271 6.00 64.74
52708 53184 2.73 116.65
49974 49909 0.00 17.94
36903 37286 8.42 126.35
42016 42219 9.57 116.65
58762 59069 8.50 111.30
41357 41652 7.67 65.61
51030 50856 6.40 46.21
62564 62583 4.11 27.39
37428 37427 0.00 11.27
34372 34510 11.20 60.54
53476 53598 3.00 32.36
51425 50971 7.33 115.82
41330 41540 0.00 47.20
59270 59095 3.00 68.52
50391 50784 8.25 116.98
48418 47975 0.00 115.51
50784 50391 8.25 116.98
39234 39025 9.72 76.96
34936 35289 10.25 111.77
57657 58235 9.00 116.48
38337 38389 0.00 23.56
38228 38293 0.00 33.80
48148 47567 5.94 115.74
40347 40036 11.50 79.72
36881 36837 0.00 12.90
47211 46738 15.50 116.05
37172 37195 6.63 78.87
47483 47027 7.00 84.44
37219 37451 12.69 90.00
37666 37993 11.29 87.56
43349 42970 9.64 120.33
34830 35204 10.82 146.95
41085 41415 5.50 115.96
49679 49769 0.00 19.87
54156 53987 3.00 40.13
44770 45075 10.00 86.87
38862 38677 9.25 59.28
37347 37666 13.20 88.74
55220 54853 7.67 92.20
37993 38288 0.00 89.60
42300 42558 7.63 79.42
45968 45640 8.67 115.21
57686 57172 2.55 135.19
40270 40199 0.00 23.01
41227 41159 0.00 26.79
52408 52510 0.00 24.48
37437 37447 0.00 9.47
49126 49167 0.00 9.50
51215 51181 0.00 10.81
54082 53841 0.00 55.47
36096 35876 10.56 116.77
38799 39084 10.42 109.31
56485 56644 2.50 48.62
60157 60468 2.50 52.46
36168 36446 8.86 105.31
61823 61343 7.94 75.88
39553 39234 5.39 116.68
38496 38491 0.00 1.97
39571 39524 0.00 20.76
55394 55537 0.00 32.67
46856 47235 6.50 107.53
49833 49759 0.00 23.29
40966 41068 7.67 56.68
44980 44773 6.50 64.45
42300 42062 10.29 79.42
58861 58858 1.00 10.91
43842 43436 10.25 123.25
40438 40110 3.00 105.68
58010 58177 3.36 28.65
39133 39022 11.00 95.86
35743 35745 0.00 3.35
51559 51095 8.67 114.76
42596 42908 7.75 113.17
57172 57688 6.86 118.10
43921 44179 11.67 115.93
41490 41786 14.33 79.20
54866 55057 0.00 45.13
57399 56987 1.67 123.99
46082 45689 7.92 117.59
45788 46045 3.00 77.67
39029 38979 8.71 15.88
41787 42011 12.71 114.93
50345 50475 0.00 62.15
40787 40880 0.00 35.42
56358 55892 6.71 83.61
36649 36465 11.20 67.19
52279 52777 5.83 116.69
47866 47879 0.00 5.43
60941 61137 3.00 46.56
54793 54499 10.00 72.04
49686 49474 2.00 88.78
37242 37526 7.96 113.07
42318 42624 14.33 95.56
58177 58582 6.57 74.90
53682 53495 8.86 50.09
40282 40588 11.50 117.22
39599 39571 0.00 14.53
43684 43444 0.00 113.93
33979 33770 8.32 115.77
43604 43657 5.00 73.56
57143 57670 3.06 140.13
36060 35966 6.31 40.31
36864 36649 11.20 69.94
44773 45119 12.20 115.13
45291 45325 0.00 10.69
44805 44879 10.00 40.23
41590 41601 8.67 63.63
57562 58125 1.00 115.59
47975 47756 0.00 67.84
34220 34072 11.10 59.99
38287 38213 11.33 40.69
48184 48182 0.00 1.13
55200 54682 9.17 135.66
57086 56825 0.00 48.29
37727 38135 10.44 125.97
35921 36075 6.25 81.06
39612 39599 0.00 9.90
35491 35235 6.25 81.20
48918 49398 6.33 117.07
40516 40862 11.50 115.59
43108 43299 7.00 59.63
48632 49028 12.28 115.62
35692 35686 0.00 5.80
43214 42908 2.86 117.42
46501 46082 4.29 116.95
41159 41092 11.00 26.60
38328 38620 10.22 115.51
42158 41957 12.60 44.80
47235 47030 2.80 48.38
43125 43222 7.80 61.36
36264 36222 0.00 14.56
38491 38496 0.00 1.97
44494 44199 7.57 115.06
40221 40130 10.56 78.26
47069 47535 8.55 86.22
57252 57769 5.42 111.96
37716 37695 14.33 25.07
40827 40794 11.50 11.47
35330 35165 11.50 54.74
40621 40703 10.75 63.49
44435 44355 10.00 18.99
56206 56175 8.00 7.07
39986 39452 6.75 138.38
36926 36961 0.00 14.69
35842 36196 10.10 113.78
50711 50930 10.00 62.77
62756 62645 0.00 13.45
40098 39862 0.00 92.53
50667 51122 7.50 115.70
37659 37886 9.33 117.77
36980 36779 6.00 53.06
53202 52923 3.00 72.58
38415 38314 7.50 76.12
58001 58010 0.00 1.97
35244 35250 4.57 81.00
37890 37707 3.00 69.82
53246 52838 4.20 115.70
60712 60468 2.23 84.17
42199 42134 7.67 30.94
48013 48417 10.00 115.26
35632 35441 9.80 132.28
51233 51439 2.20 51.08
39156 39186 5.60 11.91
49525 49410 11.50 56.36
51899 52414 7.00 115.86
48141 48096 0.00 8.20
38530 38515 0.00 5.46
42659 42887 9.00 94.54
38677 38419 8.56 98.79
39335 39249 15.00 97.74
45518 45536 3.32 63.43
43108 43304 8.45 115.18
50612 50554 6.38 51.64
63180 63138 5.40 78.18
34526 34806 5.49 114.38
44792 45045 3.00 76.74
42213 42422 5.86 54.23
54567 54356 6.70 40.36
35773 35921 3.00 49.77
34883 35052 10.27 79.12
55742 56012 2.43 69.90
60100 60011 0.00 29.05
53116 52933 5.47 47.81
50784 50979 11.00 58.05
42173 41852 0.00 79.14
42097 42416 11.93 114.82
47492 47523 0.00 9.38
48691 48523 6.00 56.31
40839 40612 3.00 79.23
40259 40516 0.00 99.19
38924 39117 3.00 84.83
44639 44640 0.00 31.29
37996 37680 8.81 83.01
38901 38885 13.00 62.73
53068 53520 10.25 118.40
34989 35195 9.26 83.71
36956 37049 12.29 99.61
35295 35441 14.60 83.88
41864 41957 11.91 139.82
62468 62542 0.00 12.77
35244 35559 15.00 101.35
39710 39723 0.00 4.89
38444 38429 0.00 3.72
43444 43283 0.00 43.97
34981 35393 8.30 147.16
37049 37135 13.33 98.18
38995 39270 14.33 119.97
38137 37952 14.33 53.62
40318 40463 14.33 37.82
39117 39029 0.00 31.93
43490 43819 5.60 114.71
53981 53500 5.00 116.13
45091 44879 4.44 99.93
60932 61477 4.67 115.82
36620 36351 9.33 90.74
50018 50475 11.50 119.38
38957 39086 3.00 115.25
34072 34220 11.10 59.99
52706 52269 5.80 104.15
51361 51743 3.30 115.46
35899 36131 11.20 109.83
40549 40427 11.50 30.59
36170 36053 11.50 53.87
44577 45010 7.67 116.85
42294 41944 3.00 122.19
36532 36198 7.63 112.42
45360 45689 11.67 115.44
37464 37524 1.00 14.84
44301 44075 4.00 149.06
33520 33668 8.67 57.67
47362 46893 10.80 116.60
44938 44752 10.75 59.14
52854 52426 8.86 115.36
55925 56297 9.20 84.04
38337 37997 8.91 139.22
40237 40520 6.67 73.21
50228 50399 9.50 46.13
36337 36247 7.50 28.23
54203 54693 4.29 135.23
37937 37595 12.26 138.06
37478 37397 12.48 94.12
39524 39237 2.00 109.23
36341 36316 6.50 16.85
48090 47959 3.00 34.77
48097 48096 0.00 8.21
54040 54226 3.00 58.66
49265 49028 13.20 62.44
35205 35583 8.67 133.09
46333 46289 9.92 110.83
42453 42219 9.00 113.99
41312 41266 11.20 92.15
56403 56867 4.00 116.38
34780 34488 8.96 114.47
45968 46327 5.80 116.11
52204 52554 3.00 82.74
55051 54558 8.90 112.51
50161 50343 4.25 55.95
39206 39351 13.00 98.82
50311 50180 2.20 61.54
36006 35909 6.14 136.46
48691 49164 0.00 117.03
33737 33490 8.22 117.51
45025 45155 9.50 36.80
46669 46704 7.46 101.49
33939 33811 14.13 63.98
40378 40438 0.00 24.77
57172 56696 6.86 135.80
40977 40561 12.22 113.06
56230 55793 20.56 116.23
39707 39710 0.00 1.30
39155 39176 12.56 90.59
53373 53860 4.75 115.77
43658 43338 12.44 116.97
35052 34883 10.27 79.12
54732 54922 4.00 52.19
52334 52543 14.33 57.99
46274 45843 2.00 117.82
47069 46669 6.63 74.24
42106 41979 3.00 30.37
39949 39853 10.45 96.04
44831 44760 7.00 18.96
47963 47513 8.75 119.01
34989 34908 10.73 33.06
40477 40198 10.29 100.04
42558 42892 8.00 117.46
38543 38328 10.58 76.64
63033 63470 4.48 69.78
55218 55018 0.00 53.50
34883 34799 11.57 46.46
49410 49056 0.00 79.51
45303 45119 11.50 61.58
45713 45968 10.00 77.34
57509 58001 7.40 82.60
50649 50213 2.94 114.43
40036 40347 11.50 79.72
39875 39578 0.00 138.23
42820 43222 10.14 115.88
33770 33490 11.00 118.72
58235 57730 6.67 115.94
44197 44397 9.00 58.74
56230 55721 5.43 115.50
36940 37196 11.59 83.77
34421 34699 7.31 115.51
49265 49728 11.33 116.09
37461 37295 7.83 95.03
47966 48411 9.00 116.78
45640 45968 8.67 115.21
39707 39928 0.00 74.52
42709 43086 8.67 102.29
40574 40321 4.10 87.19
51794 52206 10.00 103.55
43709 43952 8.50 62.92
41147 41033 7.91 78.00
37749 37610 10.00 77.23
61095 61554 3.00 83.60
43338 43059 8.44 115.08
37451 37680 10.88 80.93
57556 57099 17.50 112.47
51166 51383 9.33 60.36
40110 40438 3.00 105.68
49398 49788 7.90 112.31
48689 48474 6.38 70.82
61755 61922 3.00 56.37
37276 37069 9.44 95.50
55186 54654 2.37 141.32
39499 39454 7.87 11.28
36316 36379 12.88 32.18
56901 56524 6.50 105.88
35798 35453 9.83 117.75
34908 34730 10.46 70.36
41652 41357 7.67 65.61
37198 37056 6.40 67.61
53520 53068 10.25 118.40
39678 39553 8.36 55.21
56825 56434 0.00 75.63
41301 41562 8.67 77.39
56712 56268 2.30 135.01
37802 38100 9.81 75.19
56000 56485 10.00 116.16
38305 38320 0.00 8.84
35667 35696 0.00 42.05
52620 52742 1.00 46.44
57633 57143 2.17 115.52
43108 42893 11.92 116.56
43194 42756 9.00 144.35
40065 39637 13.63 142.23
55246 55730 20.00 118.21
54679 54019 2.60 141.36
37198 37323 4.89 50.23
33979 33737 7.82 116.00
35001 35228 16.29 96.19
38392 38026 5.60 105.72
37443 37428 7.87 141.25
44316 44301 7.83 38.75
40340 39823 6.50 146.16
37498 37447 7.64 13.95
34657 34549 6.11 54.70
63404 62908 0.00 81.51
35997 36071 8.33 37.65
52349 51899 17.00 115.72
39311 39428 0.00 32.27
44269 44578 0.00 107.58
39660 39326 7.90 141.23
46082 46501 4.29 116.95
48411 48578 5.50 53.04
39022 38997 0.00 6.81
40711 40936 6.36 60.62
59293 59822 5.40 109.70
38097 37798 6.50 75.03
60140 60500 0.00 72.71
41227 41274 0.00 19.70
48329 48743 11.00 115.26
35879 35662 4.58 77.69
39840 39898 0.00 19.07
51383 51166 9.33 60.36
38895 38853 0.00 57.85
51931 51578 9.64 101.55
39284 39186 11.33 69.55
59822 60318 4.83 113.73
57111 57509 3.00 83.03
55970 55733 14.25 60.84
35858 35909 3.00 24.54
46028 46340 1.00 88.61
58360 57965 2.88 68.55
55474 55051 8.67 105.88
45892 46184 0.00 77.53
47959 48090 3.00 34.77
39123 39420 0.00 103.12
37542 37728 1.00 80.07
44416 43977 10.11 115.88
37049 36956 12.29 99.61
55422 55394 0.00 11.65
35135 34830 9.22 125.54
36961 37056 11.50 57.82
36994 36779 12.00 114.02
48274 47865 13.25 116.22
40340 40625 10.50 110.12
40592 40766 11.17 50.54
59951 60544 5.50 116.19
54823 54916 0.00 32.65
37954 38178 0.00 72.30
46190 46476 3.00 69.72
46614 47014 8.50 115.93
56641 56291 10.00 105.81
43720 43444 6.14 70.51
38901 38921 10.56 58.70
46105 46628 1.00 108.93
39853 39949 10.45 96.04
42332 41875 4.78 124.93
42633 42892 3.00 79.50
34958 35112 0.00 76.76
56297 55925 9.20 84.04
50711 51166 9.36 119.66
44340 44097 8.50 77.34
37721 37541 8.67 51.51
44645 45134 1.31 115.90
40289 40607 6.00 105.65
50929 50691 3.42 59.66
38675 38590 9.80 109.02
40936 41033 9.38 78.00
38500 38901 11.20 99.25
41085 41437 11.20 106.43
37722 37889 10.65 61.25
44481 44178 11.00 115.62
40438 40378 0.00 24.77
39397 39373 0.00 8.15
41603 41774 13.67 37.03
40440 40226 12.50 79.77
42820 42942 9.90 63.18
41437 41085 11.20 106.43
46398 46824 12.60 113.99
50593 50971 1.50 115.13
41595 41577 6.67 76.63
42559 42410 10.00 45.08
41806 41548 11.50 115.22
46954 46738 11.50 58.58
55742 56268 1.13 115.97
60693 60500 3.00 48.48
48523 48297 6.50 64.01
39032 39173 15.28 87.48
38252 38137 6.75 35.57
42144 41998 10.09 39.17
52292 52035 8.89 58.20
61095 61046 0.00 8.56
63138 62756 4.62 54.02
35701 35745 0.00 13.35
39119 39155 11.39 90.59
46893 47362 10.80 116.60
43104 42891 5.24 115.28
44752 45066 6.50 113.69
40516 40259 0.00 99.19
43214 43508 8.67 114.43
62579 62824 11.00 128.11
48750 48418 13.86 105.32
46284 46274 0.00 4.57
44884 44578 10.67 113.72
40921 41330 0.00 101.65
39818 39852 20.00 49.18
42170 41864 10.75 77.36
47696 47860 3.43 55.00
43189 43591 9.78 113.99
37541 37383 3.00 112.32
40069 39988 0.00 26.22
52846 52506 11.50 77.86
36142 36313 7.25 68.19
46687 46463 20.00 61.15
46174 46190 3.00 41.21
41081 40877 7.57 59.09
49623 49230 0.00 107.02
44773 44626 11.29 49.73
37286 37727 9.33 128.23
50069 49974 0.00 24.74
36837 36834 0.00 30.70
36196 36040 8.82 95.86
35359 35372 9.45 15.17
38777 38710 7.64 58.84
53811 53302 3.96 116.58
45582 45239 9.89 113.88
41837 41562 3.00 79.84
54562 55144 3.00 106.63
40130 40036 8.67 78.91
48973 49525 11.20 137.72
59691 59432 2.77 95.96
44578 44752 9.40 55.57
42892 43194 10.00 117.26
44605 44526 1.67 23.96
33737 33944 6.65 115.94
38392 38077 4.82 97.88
38338 38130 4.94 76.81
35479 35648 13.25 70.00
41088 41331 10.73 116.67
52421 52167 5.48 85.34
62772 62742 2.00 53.23
37471 37284 5.17 63.56
38261 38045 11.00 77.43
51592 51215 1.64 84.01
41724 41832 0.00 27.81
44320 44665 10.55 117.04
60555 61008 5.36 114.00
44944 45196 7.00 78.11
51422 51801 4.04 117.17
55101 55651 1.00 116.16
35418 35311 20.00 55.74
56297 55848 9.31 114.54
33668 33888 10.17 117.68
60500 60140 0.00 72.71
56575 57054 2.80 116.18
41238 41274 0.00 40.86
42134 42056 0.00 25.36
45155 45220 11.00 26.49
38853 38974 11.38 92.41
59255 58988 1.00 125.75
51455 51177 4.98 57.04
59794 59795 1.00 10.95
39506 39870 14.78 132.83
52510 52590 0.00 20.16
55320 55335 10.69 4.62
40734 40705 0.00 14.02
55200 55742 2.26 115.49
40078 40069 15.00 32.30
42524 42147 0.00 91.33
47483 47535 8.55 112.59
36676 36679 0.00 3.43
50086 49945 10.50 80.28
40794 40827 11.50 11.47
36915 36713 7.27 77.28
44009 44268 6.40 76.83
37361 37427 0.00 19.20
44619 44510 5.50 64.93
47420 47191 10.00 56.77
50475 50706 4.88 62.14
43283 43189 0.00 58.69
48750 49126 3.00 107.86
35553 35801 0.00 69.72
46824 47297 10.75 118.77
51166 50711 9.36 119.66
46327 46592 8.67 72.47
57965 58360 2.88 68.55
37442 37494 11.38 14.84
38046 38334 0.00 110.45
55793 56302 6.64 115.76
49278 49253 0.00 120.44
41135 40911 11.50 83.13
61755 61661 0.00 23.29
59202 59339 2.00 51.38
56824 56524 7.67 75.16
35937 35726 7.17 68.85
37978 38100 3.00 104.29
38293 38421 11.50 58.16
39988 39818 5.75 57.16
42624 42771 1.00 44.93
38907 39142 4.29 77.73
41619 41388 0.00 51.21
40210 40672 9.64 128.26
44129 43694 0.00 121.51
38924 38622 11.50 86.99
37997 38337 8.91 139.22
49464 49265 0.00 55.70
52708 52279 5.08 116.46
35205 35419 8.00 77.08
38130 37889 10.30 76.81
59951 59409 6.20 136.03
41577 41730 5.50 35.04
36963 37039 0.00 26.45
36763 37049 20.00 79.82
39119 39192 8.59 116.57
55403 55747 10.33 73.71
36519 36961 6.92 145.44
39176 39402 11.75 67.61
37915 37740 6.40 81.08
55713 55614 0.00 47.24
41763 41515 10.95 55.78
47709 47244 1.00 116.02
50180 49961 6.63 91.09
42459 42678 7.80 57.95
34699 34947 14.55 98.49
35553 35583 8.67 31.56
39432 39428 3.00 23.54
43554 43478 10.29 18.03
57143 56671 2.19 116.26
51201 50758 10.50 116.76
35653 35749 12.08 81.90
51383 51578 11.50 57.06
46687 47094 9.22 118.09
48554 48743 7.43 59.41
40286 40588 11.00 98.90
36155 36313 0.00 62.11
56291 56641 10.00 105.81
58304 58799 3.57 116.08
54203 54510 13.33 74.70
43952 44151 15.75 49.50
35847 35893 20.00 13.53
47030 47289 5.41 62.52
56720 56381 8.00 105.71
49410 49288 6.50 65.98
47492 47566 0.00 17.47
60516 59928 3.96 116.06
46756 46329 6.33 118.58
58077 58646 5.50 115.92
42596 42559 10.00 7.19
38111 37915 9.40 81.08
60011 59937 1.00 25.04
39326 39660 7.90 141.23
59151 58646 7.83 114.05
52723 52292 8.43 116.33
36805 36502 13.67 97.69
44957 45197 7.31 117.15
38822 39109 11.15 117.62
52474 52909 5.73 115.91
38650 38830 0.00 59.50
42568 42970 3.00 120.72
47014 47495 12.71 117.35
39898 39746 13.20 146.08
35750 35911 7.94 100.03
48900 49288 0.00 89.92
50180 49963 0.00 47.46
40762 40794 0.00 24.45
44773 44980 6.50 64.45
40198 39949 9.43 99.30
49551 50024 1.00 114.54
35703 35706 3.00 16.18
37866 37443 9.87 142.38
35082 35205 16.60 59.69
47420 47865 6.18 116.79
38885 38901 13.00 62.73
34637 34846 9.00 93.21
41225 41266 9.50 113.62
58501 58728 0.00 47.98
49869 49398 3.75 115.66
42416 42176 7.25 80.27
59235 59448 0.00 75.60
47211 47420 20.00 59.75
50152 50605 3.57 115.21
52119 51794 4.25 71.19
34488 34699 10.86 117.03
40672 40210 9.64 128.26
37135 37049 13.33 98.18
49881 50345 9.80 132.26
35088 35295 10.76 113.48
54203 53877 7.80 71.37
46824 47244 6.75 116.13
42026 41806 11.38 115.25
38011 37889 10.00 41.73
33944 33737 6.65 115.94
46340 46571 0.00 66.16
44955 45055 0.00 29.33
39636 39335 12.44 107.52
38972 38862 8.75 32.30
51383 51817 14.33 112.25
58125 58711 1.00 116.61
47014 46771 9.40 57.62
44320 44151 9.33 63.49
51404 50914 3.63 144.94
34527 34437 14.00 56.54
54400 54082 10.00 71.45
51478 51931 3.08 113.79
43283 43444 0.00 43.97
48663 48148 3.75 105.45
38332 38076 0.00 110.94
40463 40550 2.00 31.08
49869 50264 6.25 114.07
39420 39432 0.00 4.61
35921 35773 3.00 49.77
54106 53687 3.41 112.77
39712 39476 7.67 80.73
34174 34057 11.63 59.93
34799 34883 11.57 46.46
45010 45197 1.00 51.51
38346 38111 12.60 77.17
34846 34906 7.67 24.91
42159 42144 10.00 48.83
36601 36469 11.36 91.30
60798 60556 0.00 54.98
40015 39718 9.13 139.63
58823 59428 3.25 135.53
36423 36649 2.50 73.88
34805 34676 9.44 115.28
45069 45219 5.50 46.28
41585 41536 0.00 8.51
48078 48047 0.00 9.65
45582 45962 8.11 116.75
41956 42398 0.00 105.81
42194 41980 9.00 57.15
36430 36060 4.44 129.89
41601 41634 0.00 8.88
39122 39429 0.00 126.33
43283 42894 7.57 118.22
41786 41683 0.00 32.89
35858 35859 17.17 90.56
40468 40214 0.00 79.32
38899 38720 10.54 125.92
36829 37172 11.77 126.87
58582 58977 3.60 85.46
39306 39206 8.67 89.27
41683 41402 0.00 78.80
38620 38328 10.22 115.51
51061 51202 7.25 55.22
34806 34526 5.49 114.38
39696 39596 5.17 96.72
39973 40270 0.00 91.76
48107 48097 0.00 3.31
42062 41754 0.00 115.28
54857 54510 10.06 83.69
42062 42363 0.00 113.86
47565 47789 10.00 71.66
36170 36331 4.00 57.01
41313 41081 12.38 115.75
50489 50319 0.00 40.04
37313 37281 0.00 10.49
53181 53305 0.00 38.70
41225 41147 9.08 27.76
37915 38111 9.40 81.08
35959 35559 6.00 126.14
46822 46744 3.00 12.55
58077 58567 2.73 114.14
39636 39950 6.75 107.52
38951 39239 0.00 81.15
56454 56814 7.67 105.98
45708 45372 9.45 116.89
42254 42234 5.60 49.59
36469 36258 8.57 93.95
58184 58046 8.05 25.30
36994 36829 14.33 53.79
37067 36962 2.74 30.91
46971 47422 10.80 102.00
47495 47865 11.50 114.99
38974 38980 11.50 6.14
42218 42334 7.20 57.67
36006 36156 11.50 58.38
54132 53650 6.00 115.85
38427 38473 0.00 29.40
41899 41811 3.00 74.39
38907 38620 7.60 109.14
36670 36309 8.60 121.42
46745 46944 11.50 43.23
37281 37469 0.00 65.43
55583 55422 0.00 28.27
53779 53467 8.50 81.55
58121 57913 2.29 42.33
56745 57004 3.00 70.19
55773 55713 0.00 16.20
35663 35943 7.40 98.63
47244 47709 1.00 116.02
36997 36756 11.50 72.71
55721 56230 5.43 115.50
41530 41597 15.00 127.48
50649 50605 2.14 17.28
48351 47921 3.08 105.72
39657 39638 6.79 120.62
40078 39988 1.00 28.61
55353 55377 0.00 7.08
49149 49196 0.00 11.28
35966 35822 4.79 48.79
49760 49582 4.75 87.64
39903 40259 0.00 101.74
56671 56281 3.82 103.22
41597 41652 10.79 127.47
63389 63769 4.67 130.34
34106 34002 9.00 53.43
47600 47651 10.00 105.79
51713 52042 8.17 83.77
47390 47523 0.00 30.83
38035 38175 0.00 58.02
39614 39818 13.20 72.59
60776 60842 1.00 47.92
46592 46783 10.00 59.63
46948 46822 7.13 23.50
57177 57556 11.78 106.07
41932 41956 3.00 14.33
41908 42103 9.00 48.24
42453 42218 12.67 59.94
35902 35584 7.56 140.56
42907 42524 0.00 90.98
45306 44957 8.80 92.67
41597 41530 15.00 127.48
49268 49216 3.00 12.43
39927 39996 0.00 18.97
46856 46673 8.57 41.69
34272 34002 10.65 113.51
52045 52209 3.00 51.76
43677 43437 2.50 75.19
37487 37242 1.00 86.68
42547 42709 20.00 71.57
59928 59394 2.63 116.19
39383 39348 10.00 122.18
43508 43694 8.67 57.02
47235 47513 7.89 62.72
43522 43436 0.00 33.95
38366 38621 18.67 92.24
43812 43522 0.00 128.20
37039 37141 0.00 28.74
39156 39238 10.79 62.11
38995 38677 7.78 120.11
54288 53987 0.00 79.42
48780 49268 3.06 115.91
50391 50018 15.00 116.13
48329 48027 8.56 88.11
45582 45924 6.33 119.20
38261 38482 11.38 77.43
57688 58289 3.00 136.41
40098 40110 0.00 2.65
49268 49715 2.48 115.28
54256 54726 4.89 111.99
38877 38644 17.14 77.28
37954 37707 17.20 78.90
48352 48718 2.50 110.58
52506 52846 11.50 77.86
55793 55325 6.44 115.63
48855 49331 3.40 117.09
36379 36316 12.88 32.18
43214 42986 8.60 77.21
51966 51455 5.48 115.62
57208 56882 5.50 142.99
51505 51095 7.86 114.59
52590 52703 3.00 25.74
49196 48802 6.73 76.09
40994 40745 8.67 90.62
45069 45578 9.22 130.36
35902 35943 2.00 64.82
40859 40766 0.00 52.19
40477 40689 9.00 69.96
40221 39996 11.50 57.23
41309 41182 11.26 29.92
38651 38415 0.00 73.81
56818 57287 2.91 96.70
35859 35703 20.00 93.66
34510 34637 9.57 54.70
42103 42033 9.42 69.43
35665 35680 3.00 7.55
41231 41603 6.00 113.88
33811 33566 9.25 115.12
50979 51439 9.57 113.35
40115 39903 3.00 81.78
55925 55581 10.00 74.72
39731 39724 0.00 2.32
41046 41406 9.38 82.01
51801 52279 2.72 105.34
36308 36155 11.50 65.09
42363 42062 0.00 113.86
36809 36773 0.00 12.73
60712 61343 4.69 113.92
59961 60555 2.45 116.84
46629 46600 8.17 91.64
35250 35244 4.57 81.00
40065 40474 12.00 135.49
42016 42213 20.00 58.00
55651 56150 0.00 115.68
42147 41943 0.00 47.92
50190 50290 10.00 57.77
59727 59151 7.77 115.72
39599 39701 0.00 35.06
50971 51425 7.33 115.82
40130 40221 10.56 78.26
37572 37469 0.00 107.93
34527 34812 8.62 107.94
53785 54256 4.14 112.18
59577 59794 2.14 52.72
58657 58551 0.00 60.98
62824 62579 11.00 128.11
58834 58289 9.00 111.32
42913 42678 12.38 118.05
41406 41737 10.73 80.59
33770 33888 11.50 55.10
36417 36616 6.87 71.52
52933 52635 4.23 72.31
43283 43509 10.00 107.68
36864 36677 9.18 64.56
37081 37281 0.00 72.14
53905 53598 6.50 90.00
41085 40839 11.29 79.23
37028 36992 7.40 10.33
41224 41135 0.00 33.51
36630 36495 2.00 88.41
39724 39612 4.40 34.64
41339 40901 2.07 107.48
37541 37261 13.63 82.90
48554 48376 2.91 57.18
41786 42109 8.67 102.45
60065 59432 6.00 112.03
36423 36677 15.35 90.86
49276 49444 0.00 33.73
46278 45839 8.00 118.88
34488 34780 8.96 114.47
44097 43819 7.25 77.34
43934 43709 10.60 86.72
41568 41536 0.00 7.17
51507 51921 0.00 107.00
52777 52349 7.14 115.92
52414 51965 7.93 115.68
37464 37172 8.30 92.36
50514 50698 0.00 130.66
43444 43684 0.00 113.93
50930 51383 12.00 119.62
36814 36446 6.40 120.62
33888 33770 11.50 55.10
34675 34657 3.00 7.14
39029 39117 0.00 31.93
38084 37890 17.50 72.24
37377 37693 10.60 111.24
34974 35255 7.00 110.84
46398 46120 6.75 81.06
38887 38957 0.00 56.20
55796 56288 5.40 112.09
35718 35695 6.00 134.20
49398 48918 6.33 117.07
40110 40098 0.00 2.65
48081 47882 3.44 56.14
41382 41511 0.00 32.88
38312 38620 9.23 106.86
39482 39653 6.50 62.47
47244 47654 8.33 116.62
42898 42782 8.00 58.02
40621 40264 9.92 96.10
49780 50127 4.67 110.71
35112 34958 0.00 76.76
46289 46629 0.00 72.94
37442 37106 13.63 114.98
36832 37056 3.00 72.42
37221 37453 8.67 108.98
60544 61074 3.13 116.01
35559 35338 11.38 141.30
45045 44792 3.00 76.74
38972 39326 4.83 141.87
48594 48637 12.50 122.12
53034 53445 10.92 116.18
36649 36864 11.20 69.94
40610 40440 11.50 54.20
35899 35679 13.22 113.15
38727 38663 0.00 20.80
44632 44944 11.50 113.30
56511 56818 10.00 87.14
39862 40098 0.00 92.53
55441 55890 8.67 101.74
35359 35288 9.53 96.77
45465 45336 0.00 51.46
51061 51437 5.60 92.68
38962 39234 6.22 117.27
49681 49677 0.00 10.77
46738 46552 3.00 58.32
43304 43506 12.25 56.41
38312 38596 8.57 82.07
40705 40762 0.00 18.66
49164 48691 0.00 117.03
39101 39553 10.04 149.34
47600 47335 10.00 51.60
37001 37461 6.95 139.09
43299 43464 3.70 88.88
48352 47926 6.24 106.39
41357 41312 11.25 92.13
51455 51713 5.40 83.73
45788 45452 4.67 116.59
34699 34488 10.86 117.03
38979 39029 8.71 15.88
38335 38427 0.00 71.36
39653 39950 10.30 115.59
51095 51505 7.86 114.59
53116 52846 1.67 111.79
38496 38492 20.60 43.99
40877 41081 7.57 59.09
41306 41081 11.00 56.86
53305 53114 5.00 46.83
55144 55166 0.00 11.61
38657 38473 3.00 69.52
50367 50886 2.38 118.78
57608 57252 7.67 95.77
40194 39950 50.00 79.39
47989 47483 4.43 100.85
46045 46327 5.50 77.64
44075 43874 4.46 86.84
61400 60870 8.33 115.68
39482 39552 9.57 78.04
38084 38343 6.62 91.50
52286 52979 2.00 130.14
43791 43945 4.40 127.40
33928 34100 11.50 65.34
37789 37937 11.50 53.54
34675 34415 8.47 116.89
61554 61095 3.00 83.60
48297 48081 7.29 52.09
46476 46637 0.00 33.82
36198 36417 10.50 116.01
39988 40069 0.00 26.22
35431 35135 8.93 116.13
48637 49149 9.00 124.51
39084 39101 3.00 7.22
36861 36777 6.90 94.01
48097 48047 10.00 9.94
41540 41622 0.00 14.75
38178 37954 0.00 72.30
40270 39973 0.00 91.76
46295 45924 2.00 114.72
37453 37221 8.67 108.98
37106 37355 9.79 102.50
41724 41932 0.00 49.90
50604 50730 0.00 32.62
56463 56704 3.00 74.94
41562 41301 8.67 77.39
40838 41231 1.00 115.36
42771 42894 0.00 34.85
39798 39678 6.89 49.79
38677 38380 10.57 77.80
38518 38515 0.00 3.64
35244 35236 6.76 83.46
39429 39707 0.00 108.46
35811 35583 10.25 98.33
55166 54567 0.00 109.87
50319 50150 0.00 45.56
38962 38708 9.88 77.72
55045 55144 0.00 20.46
39405 39437 0.00 11.84
60870 60318 6.70 114.66
45134 45639 7.15 115.95
41194 41330 0.00 38.37
38151 38521 3.00 142.90
44949 44955 0.00 1.93
48109 48136 8.45 62.57
37698 37463 5.89 79.84
37923 38288 3.00 113.16
49677 49681 0.00 10.77
59432 59081 4.75 55.54
36281 36592 20.00 108.91
37614 37226 8.67 133.63
55747 56271 6.60 116.27
42106 42090 0.00 27.37
58567 58121 3.63 89.70
60391 60932 8.25 116.05
50018 50391 15.00 116.13
35250 35294 7.29 81.20
39898 39927 3.00 21.83
38076 38332 0.00 110.94
37957 37978 0.00 7.71
49082 48632 10.25 115.17
43304 43125 7.25 58.13
50290 50554 0.00 52.06
41763 41980 11.12 116.28
55793 56230 20.56 116.23
39454 39439 0.00 4.27
51122 51478 6.00 99.45
36665 36676 0.00 3.93
33490 33210 9.00 117.05
45096 44938 7.29 45.96
36992 36881 1.80 31.07
45945 45558 1.00 90.12
62371 61943 2.50 106.33
54898 54978 7.80 15.04
44626 44320 13.53 118.92
49474 49253 2.00 88.76
35099 35009 10.00 46.49
37659 38018 14.33 99.44
61008 61477 4.67 114.77
38473 38657 3.00 69.52
39079 39084 20.00 9.06
49230 48868 11.50 103.81
41406 41046 9.38 82.01
34958 34908 6.50 24.63
54793 55246 20.00 114.48
38256 38160 6.25 45.25
54110 53930 0.00 30.62
37349 37535 8.67 91.24
59409 58783 1.71 140.07
43819 44097 7.25 77.34
59565 59202 3.03 57.55
45755 46130 5.50 114.44
40001 39712 11.71 114.47
38188 37937 8.50 87.99
40125 39960 10.29 53.87
43125 42898 9.27 115.99
36622 36660 10.00 10.26
37952 37700 11.50 108.92
43694 43508 8.67 57.02
36351 36495 10.30 96.87
60391 60870 6.38 113.69
53215 53065 4.67 30.62
39960 39667 7.25 111.41
34831 34806 2.86 14.03
56437 56317 10.00 31.49
35583 35811 10.25 98.33
36926 37106 12.44 63.79
42240 42234 1.00 100.60
46082 46274 1.00 59.58
52899 52900 0.00 97.75
54823 55045 0.00 34.96
61088 61560 0.00 113.80
35680 35683 0.00 1.30
34974 34906 2.00 25.67
36532 36566 9.13 14.85
42439 42213 12.60 117.12
34812 35099 9.67 115.67
37056 36961 11.50 57.82
50491 50556 20.00 16.26
52349 52777 7.14 115.92
63519 64139 6.67 95.55
41086 40765 2.00 147.64
39363 39098 11.25 101.71
42416 42740 8.00 115.68
41261 40820 0.00 112.05
52414 52909 3.25 116.83
47362 46954 11.06 115.47
37226 36952 13.25 96.26
49498 49196 9.44 71.26
41043 41384 0.00 115.07
36251 36292 0.00 28.33
36782 36837 0.00 14.95
36465 36308 13.50 70.86
53911 53681 3.00 68.89
36994 37195 8.67 80.33
63404 63519 0.00 65.34
44320 44626 13.53 118.92
40226 39965 0.00 84.36
47645 47565 0.00 18.53
39451 39746 0.00 74.35
48900 48554 0.00 89.95
54916 54679 0.00 81.26
52635 52933 4.23 72.31
57399 58141 2.03 125.10
37470 37749 4.67 79.12
39018 39027 0.00 5.19
34415 34285 11.00 51.06
55542 55400 0.00 21.96
38901 38500 11.20 99.25
62164 62220 4.45 63.87
39593 39832 11.63 112.34
56494 56289 4.25 48.18
49517 49958 4.00 115.65
34442 34669 10.12 99.50
37889 38011 10.00 41.73
49410 49679 3.00 53.85
48578 49028 9.10 116.44
50733 51030 3.14 86.36
46501 46954 12.13 113.75
36777 36861 6.90 94.01
41875 42332 4.78 124.93
35859 35858 17.17 90.56
42213 42016 20.00 58.00
46120 46332 0.00 55.75
36128 35959 9.80 116.25
34830 35135 9.22 125.54
40474 40427 10.00 22.39
45303 45653 7.50 116.69
37472 37250 0.00 107.35
38524 38718 0.00 50.44
37716 37705 0.00 4.14
44494 44792 7.25 116.69
44640 44645 0.00 21.40
37977 37914 0.00 23.44
40028 39949 9.17 130.98
61088 61647 8.80 115.06
53935 53445 3.82 115.95
35453 35135 11.36 115.69
39206 39306 8.67 89.27
37406 37226 10.62 71.36
35027 35441 5.40 149.45
42027 42459 12.11 116.13
38137 38071 0.00 108.27
40069 40078 15.00 32.30
44179 44380 4.00 58.79
40877 40671 11.50 99.67
47434 47340 0.00 23.83
49164 49398 11.00 63.64
57394 56824 4.82 120.21
35538 35703 9.29 148.69
38346 38423 11.50 24.74
37106 36915 5.50 77.31
42051 42056 2.50 14.89
46629 46289 0.00 72.94
34285 34266 10.00 6.04
38429 38282 0.00 77.66
63033 62824 5.83 116.07
40962 40557 8.40 139.18
46824 46707 14.33 29.02
49155 49578 8.91 118.99
46332 46120 0.00 55.75
47535 47483 8.55 112.59
40378 40270 0.00 41.26
39109 38877 10.86 77.28
42194 41970 10.43 117.66
40438 40516 0.00 24.53
43720 43952 2.60 112.96
47521 47438 0.00 21.84
38426 38035 5.50 130.58
54122 53839 6.88 75.89
49715 50152 2.66 117.71
48027 47651 7.58 89.40
52554 52096 3.00 115.96
40036 39997 7.67 35.01
45239 45406 1.00 47.66
53797 53520 11.00 71.37
41979 42000 0.00 4.79
38799 38543 10.94 76.88
41521 41778 10.88 57.54
41803 41537 6.33 117.17
54510 54857 10.06 83.69
39632 39306 6.40 94.83
52056 52297 0.00 54.01
41043 40811 0.00 77.25
52722 52979 1.50 60.76
44884 45219 0.00 117.19
41224 40974 8.00 78.81
51510 51177 1.00 87.44
44828 44791 0.00 8.77
47094 47612 7.58 122.39
43508 43842 11.50 117.23
41114 40703 3.43 120.11
52994 53074 0.00 19.71
46982 47437 5.50 85.09
42439 42676 9.50 114.81
56254 56463 7.75 60.75
53940 53831 0.00 33.25
52206 51981 0.00 50.24
38827 38621 10.31 63.87
46744 46278 8.60 119.55
50985 51061 0.00 18.67
36955 36872 12.80 25.35
39701 39707 0.00 1.10
44792 44494 7.25 116.69
47860 48313 2.60 116.49
49963 50074 20.00 60.33
39476 39234 11.21 80.92
52554 52736 6.88 42.89
49681 50075 5.50 106.93
41888 41908 12.67 109.89
36389 36309 0.00 48.19
48206 48411 3.00 60.67
44268 44009 6.40 76.83
34220 34018 11.74 87.83
52104 51614 9.00 115.91
48047 47989 0.00 14.08
36316 36018 11.25 137.55
36137 36392 1.80 106.91
38492 38490 9.80 68.38
57287 57399 1.67 24.69
47340 46789 2.00 127.58
58783 58212 2.66 116.37
38650 38175 10.00 148.00
52269 52706 5.80 104.15
40513 40679 0.00 63.07
38298 38389 8.38 27.80
47437 46982 5.50 85.09
37614 37789 9.60 71.55
39153 38996 9.57 57.99
58249 58659 2.27 88.31
60682 60132 3.86 128.62
62645 62772 1.67 77.78
47483 47989 4.43 100.85
43819 43349 6.00 142.09
34675 34906 10.28 114.32
39437 39451 3.00 7.10
35295 35479 3.00 70.04
38287 38482 11.13 75.22
43934 44279 7.67 116.04
36773 36742 0.00 12.07
41676 41703 0.00 6.10
43886 44121 0.00 57.05
38429 38444 0.00 3.72
45517 45540 8.19 14.74
45958 45684 8.67 64.87
62546 62317 1.73 76.11
44416 44615 10.21 114.77
38275 38556 7.77 78.01
35921 36009 6.00 70.48
41147 41225 9.08 27.76
49769 49679 0.00 19.87
44578 44884 10.67 113.72
41652 41737 0.00 17.45
37250 37472 0.00 107.35
42109 42410 0.00 116.67
34906 34974 2.00 25.67
36743 36545 14.90 89.47
39015 39091 0.00 75.30
34908 34805 11.43 65.15
49693 49318 3.13 108.95
49963 49817 4.25 87.46
37667 37705 0.00 12.45
40454 40559 6.75 57.39
41135 41402 0.00 78.80
51817 51624 0.00 57.57
52749 52620 2.90 27.98
42688 42820 8.67 60.08
48344 48134 3.00 58.86
40198 40477 10.29 100.04
37722 37478 14.33 66.36
38380 38506 10.50 112.00
42410 42097 9.20 101.88
35595 35288 11.20 99.24
42666 42422 9.00 116.44
40477 40248 10.05 77.33
49196 49498 9.44 71.26
47651 47495 3.00 37.66
56074 56454 6.17 105.98
38337 38298 3.00 14.60
39176 39155 12.56 90.59
51819 51425 9.22 117.62
48417 48745 14.18 106.79
57670 58261 2.73 135.78
48745 49216 7.00 115.37
38338 38006 3.90 126.56
55372 55878 3.25 111.59
43874 43792 5.36 68.43
39630 39612 0.00 11.68
40154 40001 6.00 56.46
40559 40966 11.50 116.22
44884 44625 6.07 82.61
34510 34647 20.00 72.95
53687 53184 4.35 115.86
58466 58281 5.80 64.58
38111 38252 4.57 54.95
49760 49803 5.09 23.73
56867 57054 1.57 53.82
37219 37406 9.25 62.41
46130 46552 8.22 114.51
39157 39373 13.20 78.02
40811 40643 0.00 67.83
44397 44197 9.00 58.74
43464 43299 3.70 88.88
49167 49126 0.00 9.50
47801 48206 11.50 117.78
46954 47191 9.33 59.75
35639 35418 6.50 116.19
50127 49780 4.67 110.71
49677 50024 7.67 108.98
50322 50711 6.40 114.93
53593 53877 10.00 71.63
35089 34780 7.31 122.19
44791 44577 10.33 112.71
50399 50228 9.50 46.13
44828 44858 0.00 27.45
37064 37081 0.00 4.59
38556 38275 7.77 78.01
42219 42439 3.00 55.47
45843 46024 0.00 57.97
53558 53373 4.00 41.83
60468 60157 2.50 52.46
41301 41043 0.00 77.39
42168 42234 10.00 18.83
57910 58141 2.88 64.15
39186 39156 5.60 11.91
44873 45095 6.40 100.97
41568 41540 0.00 8.98
37428 37732 5.72 98.05
36696 36963 6.30 76.54
38708 38962 9.88 77.72
40061 39825 5.91 79.22
48274 47801 7.38 115.14
54199 53911 5.43 71.05
39173 39032 15.28 87.48
44626 44938 10.25 116.74
47926 48352 6.24 106.39
48090 48238 3.00 34.53
34947 34805 9.06 112.67
45197 45010 1.00 51.51
45518 45540 0.00 14.20
62371 61762 1.50 109.95
37400 37498 14.00 96.04
38111 38346 12.60 77.17
45372 45075 6.80 86.84
42670 42416 9.00 76.25
59691 60350 8.00 111.95
41135 41224 0.00 33.51
37031 36814 4.75 61.44
49808 49889 0.00 16.10
36156 36006 11.50 58.38
41274 41227 0.00 19.70
35204 34830 10.82 146.95
39284 39238 0.00 12.53
42315 42163 0.00 51.85
36545 36389 13.20 49.36
43944 44179 4.00 56.94
39559 39383 20.00 68.11
61755 62068 8.25 84.24
53199 53646 1.00 139.27
54978 55029 0.00 9.28
39832 40028 11.00 110.86
37203 37453 1.00 81.34
53520 53145 8.92 82.58
53593 53393 5.50 48.49
33889 33928 10.50 20.74
39091 39181 0.00 75.30
34978 35358 12.84 117.69
39086 38957 3.00 115.25
42273 42106 0.00 48.00
38596 38907 4.08 82.48
53975 53808 3.75 40.25
58160 57738 2.94 70.02
54082 54400 10.00 71.45
39182 39409 10.23 78.13
47801 47614 8.67 57.24
43214 43327 0.00 41.47
56867 56403 4.00 116.38
36095 35879 5.68 79.11
39119 38885 12.31 101.63
42908 42670 0.00 76.25
45096 45119 0.00 6.95
58046 57721 4.25 57.21
38213 38011 11.46 73.43
40259 39903 0.00 101.74
36886 36756 0.00 120.80
41331 41097 6.50 58.57
36777 36711 4.57 77.49
35431 35089 4.96 118.22
40186 39693 10.50 126.00
53905 54256 7.14 90.00
37106 37442 13.63 114.98
42986 42740 14.33 77.21
58250 57670 3.60 115.68
51095 50698 2.47 102.01
47297 46824 10.75 118.77
59081 58762 4.17 54.50
47376 46853 6.25 129.67
44858 44828 0.00 27.45
37200 37313 0.00 63.88
38252 38518 7.57 74.81
36040 36258 10.29 96.90
35653 35927 5.92 80.90
53981 53811 3.11 47.84
39997 40036 7.67 35.01
44760 45010 4.00 116.94
59937 60011 1.00 25.04
36128 35750 9.25 128.97
46614 46408 8.67 57.02
44009 43748 9.44 77.81
46978 47308 3.07 78.95
51965 51559 9.80 116.05
35311 35418 20.00 55.74
35991 36251 5.43 77.44
38708 38482 10.00 77.72
51235 50948 2.96 91.91
55890 55441 8.67 101.74
55377 55614 0.00 57.55
59428 58823 3.25 135.53
39284 39826 15.60 139.79
54928 54729 2.84 46.78
37498 37532 0.00 21.21
39555 39324 20.00 88.44
42894 42673 3.00 115.30
41781 41733 0.00 9.28
42229 42493 8.67 78.92
38933 38392 5.42 143.16
37284 37471 5.17 63.56
49768 49808 0.00 11.40
35811 36023 2.20 98.75
44125 44279 1.00 47.02
61560 62031 1.00 116.65
40490 40479 11.50 30.60
36023 36155 7.42 35.16
45372 45708 9.45 116.89
39946 40210 0.00 117.47
37001 36815 6.95 95.61
44320 43934 9.20 114.52
44224 44435 6.53 114.07
40520 40768 6.75 63.63
35798 35546 10.22 117.26
58477 58184 0.00 94.01
55335 55353 0.00 4.96
42247 42398 7.40 79.83
35703 35859 20.00 93.66
33737 33455 7.40 115.71
37219 37087 6.38 47.73
58171 57686 5.88 113.57
37056 36832 3.00 72.42
38980 38989 3.00 4.09
41357 41024 13.22 79.86
36313 36698 12.60 149.92
46571 46340 0.00 66.16
37937 38188 8.50 87.99
53500 53650 5.67 41.96
49837 50090 1.52 71.25
36665 36630 6.77 6.59
47865 48274 13.25 116.22
33944 34057 13.27 54.62
33928 34002 20.00 42.19
46687 47168 11.00 119.25
47027 46629 10.60 74.25
53034 52543 8.78 116.22
39084 38799 10.42 109.31
41916 41562 0.00 114.94
39974 40214 12.29 79.32
47297 47189 2.00 29.27
44125 43788 7.88 89.39
34049 34266 13.23 114.99
40289 40154 11.62 51.34
39157 39117 0.00 8.99
39348 39119 10.53 87.90
36341 36156 15.75 69.17
48640 48388 5.00 78.07
44279 43934 7.67 116.04
51624 51439 8.20 56.47
53225 53562 6.50 74.95
42194 42422 9.80 117.02
61046 61235 11.50 65.49
47030 47235 2.80 48.38
50464 50190 0.00 56.45
42158 42168 8.86 84.33
44510 44373 4.00 74.60
44373 44301 1.00 21.22
38860 38718 11.23 110.53
59941 60544 5.20 135.66
35817 35639 11.50 57.79
43684 43509 9.81 48.42
51817 51383 14.33 112.25
36886 37002 0.00 34.65
38710 38678 8.13 32.39
52426 51981 7.25 114.01
41564 41803 11.33 54.64
45544 45536 11.20 24.62
59069 59308 2.90 73.78
52967 53445 5.06 115.70
36156 36465 2.33 113.12
36465 36754 13.07 101.57
46029 46190 0.00 39.12
40642 40347 11.38 79.72
48637 48376 9.50 76.10
40302 40610 3.00 115.84
62612 63033 2.25 57.34
41290 41062 12.00 58.73
46329 45924 6.77 112.44
47297 47747 10.00 114.38
40867 40672 8.62 57.07
47614 47362 7.75 59.78
56662 56206 2.00 116.33
54693 55122 11.50 113.72
36331 36653 7.38 116.25
42218 42453 12.67 59.94
38482 38287 11.13 75.22
40075 40378 0.00 95.40
42173 42568 8.16 120.56
38097 38135 10.41 11.33
49770 49867 3.00 37.30
38423 38346 11.50 24.74
48344 48523 14.33 56.87
42898 43108 8.86 58.77
35358 34978 12.84 117.69
49803 49760 5.09 23.73
39214 38933 4.83 98.01
37902 37591 8.09 89.38
61137 60941 3.00 46.56
46284 46702 1.50 116.66
42033 42051 0.00 18.58
45639 46105 3.64 108.96
40610 40911 38.25 102.76
40440 40610 11.50 54.20
41122 41139 0.00 5.53
35667 35665 0.00 2.96
44370 44615 8.65 71.62
39029 38723 11.50 88.45
46571 46745 6.67 46.11
40033 39697 0.00 147.82
40633 40766 11.29 73.20
36174 35718 10.14 133.61
41515 41763 10.95 55.78
37721 38033 10.83 80.77
55403 55030 7.00 83.52
40867 41081 11.18 117.37
35686 35692 0.00 5.80
51122 50667 7.50 115.70
40745 40768 12.71 86.98
34998 35165 12.44 60.82
42666 42891 6.70 60.39
42970 43235 11.00 86.57
54212 54156 1.67 10.66
50086 50228 0.00 81.36
59428 58834 12.25 115.88
41564 41313 11.50 113.44
36814 36997 11.50 112.59
53068 52635 3.00 115.58
39667 39380 5.71 102.08
58981 59577 3.50 117.56
35595 35911 14.33 99.24
44577 44355 9.86 116.52
44256 44416 8.15 89.17
50264 49869 6.25 114.07
41619 41511 1.00 33.48
37541 37721 8.67 51.51
47566 47860 1.00 80.68
41511 41603 0.00 20.12
52554 52204 3.00 82.74
47495 47375 0.00 32.78
36777 36382 9.05 116.33
34100 33928 11.50 65.34
37997 38329 13.08 90.27
51425 51893 9.60 115.75
37196 36940 11.59 83.77
48274 48632 16.14 113.99
38275 38018 10.80 77.17
58212 57633 2.20 115.52
47789 47926 3.00 45.04
58728 59075 4.25 69.39
36227 36225 0.00 16.29
35246 35275 6.50 6.40
38799 39025 8.95 76.96
50645 50435 0.00 54.71
35419 35205 8.00 77.08
56459 56511 1.00 17.12
46343 46711 5.00 103.72
48168 48571 2.46 81.30
51122 50930 7.00 55.62
40379 40254 7.70 91.67
51202 51422 1.80 60.11
33811 34018 10.63 116.16
40115 40340 0.00 81.78
41980 42194 9.00 57.15
47865 47495 11.50 114.99
58010 57574 11.00 142.99
49155 48689 10.00 115.79
40098 39735 9.80 128.34
42334 42459 7.83 58.69
47191 47420 10.00 56.77
40110 40381 0.00 91.97
43694 43327 0.00 113.85
37478 37722 14.33 66.36
39555 39862 14.33 95.67
62403 62145 3.00 81.60
55739 55542 3.67 49.69
43772 43707 20.00 21.13
45010 44760 4.00 116.94
55554 55796 8.17 61.56
34903 34989 0.00 48.19
58141 58160 0.00 11.17
48474 48329 0.00 44.97
47069 47027 9.04 110.51
45336 45465 0.00 51.46
59081 59273 0.00 51.87
41225 41416 10.22 64.47
52909 53373 3.86 115.88
36446 36168 8.86 105.31
42168 42158 8.86 84.33
59308 59448 10.00 46.94
42892 42558 8.00 117.46
41092 41159 11.00 26.60
36389 36251 9.41 45.96
34998 34812 9.36 115.05
39022 39027 9.80 6.39
52408 52453 0.00 13.03
54226 54040 3.00 58.66
44178 43861 11.50 90.08
40974 41224 8.00 78.81
34204 34488 9.93 114.90
33811 33668 8.37 59.43
33490 33236 10.17 118.03
50856 51061 3.00 125.63
38962 39182 8.71 78.13
40474 40065 12.00 135.49
55947 56006 0.00 15.35
53940 53476 3.43 112.17
36698 36874 7.40 67.39
59075 59669 2.88 117.01
41062 41290 12.00 58.73
59794 60285 2.93 76.09
61661 61440 3.00 58.04
36131 36408 7.83 85.12
50576 50175 7.67 117.00
36815 36660 9.48 88.27
40549 40474 0.00 27.16
37996 38298 6.75 83.48
38548 38100 10.85 124.85
41081 41306 11.00 56.86
42740 42986 14.33 77.21
48078 48096 0.00 5.25
35639 35817 11.50 57.79
54732 55245 5.79 115.93
47879 48350 3.12 115.93
42666 42439 10.36 58.75
56150 56621 5.38 116.07
45155 45025 9.50 36.80
58586 58405 0.00 32.61
38035 38426 5.50 130.58
41068 40966 7.67 56.68
36481 36545 6.56 66.34
38193 37905 10.00 79.94
40679 40513 0.00 63.07
55835 55947 0.00 29.98
42908 43021 1.00 35.14
39578 39875 0.00 138.23
41416 41225 10.22 64.47
55868 56327 0.00 83.35
35205 35082 16.60 59.69
47308 47324 1.00 19.83
56268 55970 1.00 74.92
40483 40404 0.00 34.80
47634 47422 20.00 51.52
36566 36532 9.13 14.85
39875 39903 0.00 10.72
42103 42167 7.00 55.41
42670 42908 0.00 76.25
39499 39310 8.63 60.92
46111 45788 4.75 114.51
59714 59930 1.00 45.88
44151 44197 12.71 8.48
39238 39284 0.00 12.53
36433 36845 10.29 137.77
37428 37443 7.87 141.25
37355 37680 8.21 140.13
42000 42090 0.00 25.34
56006 56434 10.00 75.63
47614 47191 10.00 114.40
45440 45325 2.00 31.81
52703 52722 0.00 21.37
46922 46592 7.00 83.21
35499 35395 11.50 94.43
38727 38633 3.00 22.30
55186 54682 1.80 116.57
40559 40454 6.75 57.39
40856 40930 0.00 21.23
41182 41061 6.67 32.53
43819 44178 10.50 116.71
49155 48973 7.83 54.76
42097 41786 7.25 115.89
35798 35955 8.75 57.66
38351 38199 0.00 50.72
38590 38675 9.80 109.02
50075 49681 5.50 106.93
59081 59432 4.75 55.54
38830 38547 15.75 78.98
41737 41652 0.00 17.45
36053 36170 11.50 53.87
54682 54459 3.88 62.20
61113 61558 4.78 107.74
54052 54106 7.47 9.61
38970 38940 0.00 10.74
46180 46637 9.40 125.62
47756 47645 0.00 29.69
34526 34239 8.16 119.70
36903 37180 10.00 81.23
59829 60011 0.00 32.31
37445 37524 13.22 107.68
48872 49323 8.53 82.32
35721 35955 20.00 116.95
56138 56484 1.00 62.83
54377 54857 9.63 101.48
37049 36763 20.00 79.82
61235 61661 9.20 74.94
42000 42039 0.00 17.18
47362 47614 7.75 59.78
60776 60307 3.43 73.51
37451 37219 12.69 90.00
38921 38492 12.59 105.66
40221 40703 14.33 130.61
56853 57178 2.09 83.22
54356 54265 3.25 16.66
38328 37923 10.22 133.93
35692 35650 0.00 11.26
51965 51505 4.88 115.68
60676 60888 10.29 71.73
35847 35747 10.11 37.67
47747 47362 13.67 117.19
55018 54679 6.70 73.90
57054 57432 2.20 100.68
40911 40610 38.25 102.76
48175 48184 0.00 5.07
39098 39079 10.00 8.16
63097 63295 2.80 115.24
63519 63769 3.00 125.72
39770 39553 9.67 80.20
36955 37039 0.00 23.94
41312 41357 11.25 92.13
58861 58160 2.97 111.20
39249 39586 0.00 108.89
38252 38111 4.57 54.95
58046 58177 10.00 30.15
38540 38664 7.77 90.81
36756 36359 0.00 133.60
46180 46174 0.00 1.87
39315 39085 9.40 62.07
36341 36423 14.33 40.04
54040 54349 6.50 70.07
35559 35244 15.00 101.35
53831 53940 0.00 33.25
39818 39614 13.20 72.59
55204 55289 0.00 14.10
35291 35479 11.50 107.15
60941 60712 1.73 86.96
39048 39238 11.36 88.92
38822 38419 10.84 148.55
52204 51819 10.50 82.74
45937 45708 10.04 83.95
43059 42740 11.50 115.90
53681 53202 6.50 117.39
37798 37524 5.59 75.14
49679 49410 3.00 53.85
61621 62014 0.00 82.74
58330 58728 8.57 81.86
60391 59871 1.67 117.12
61046 61095 0.00 8.56
42194 42414 4.83 59.15
35801 35858 2.71 73.74
48743 48329 11.00 115.26
48523 48344 14.33 56.87
38003 38506 10.36 140.67
53181 52553 2.84 120.59
40610 40302 3.00 115.84
48689 49155 10.00 115.79
38160 38228 1.00 20.90
41024 41357 13.22 79.86
37196 37231 15.00 13.40
36756 36886 0.00 120.80
43506 43464 5.75 25.67
46707 46439 5.60 87.90
54670 55101 4.33 113.29
60555 59951 7.86 135.68
51422 51328 0.00 19.60
38380 37868 10.27 138.51
36465 36156 2.33 113.12
48396 48148 5.86 119.96
46408 46771 12.67 116.22
48734 48351 2.86 105.73
50605 50219 1.50 116.36
62317 62105 4.00 78.57
41147 40827 11.83 82.22
49230 48750 2.80 115.80
52900 52899 0.00 97.75
40483 40520 9.00 97.53
62403 62164 0.00 33.99
44526 44519 0.00 3.54
51425 51819 9.22 117.62
45558 45099 4.50 109.35
60065 60712 5.50 111.47
36519 36677 9.54 60.20
34846 35082 13.67 115.17
39402 39390 11.40 76.72
62014 62068 2.00 49.82
39558 39297 0.00 94.92
61219 61621 5.73 90.85
36956 36861 8.00 94.01
52510 52421 1.00 37.16
42439 42666 10.36 58.75
51821 51437 6.70 115.92
53598 53801 0.00 51.67
34207 33944 13.12 114.51
45291 45045 8.67 76.74
49331 48918 7.29 113.63
47128 46704 3.31 79.41
37622 37472 15.75 47.61
41595 41331 6.00 114.11
34883 35082 11.50 91.72
45325 45291 0.00 10.69
47513 47235 7.89 62.72
38412 38343 0.00 49.65
55030 54510 10.31 135.79
37890 38084 17.50 72.24
48184 48175 0.00 5.07
56575 56403 10.00 56.26
39409 39182 10.23 78.13
40039 40289 3.63 78.50
39823 39533 8.80 83.08
54243 54562 0.00 60.34
52635 52206 3.00 113.78
41626 41974 2.00 82.81
46600 46276 4.67 68.73
38524 38458 0.00 46.95
41811 41899 3.00 74.39
46673 46643 3.00 31.26
55481 55925 11.00 115.48
34676 34805 9.44 115.28
41830 41707 0.00 37.58
57910 58330 4.25 81.85
55878 56381 5.08 112.25
52553 52531 5.52 13.86
37451 37595 8.67 56.98
43331 43554 9.64 109.90
38524 38578 0.00 43.89
61762 61554 6.05 35.16
38943 38860 11.50 18.97
36359 36756 0.00 133.60
40930 40880 11.50 20.20
48027 48329 8.56 88.11
36815 37295 10.17 136.37
36155 36023 7.42 35.16
37658 37954 1.00 104.10
38625 38256 8.85 129.86
42659 42332 11.50 120.24
41306 41548 11.20 61.85
36695 36743 10.36 18.59
36852 37069 8.00 95.51
49028 49517 9.71 115.98
40391 40033 11.50 148.11
36040 36196 8.82 95.86
36698 36592 14.95 39.13
36676 36665 0.00 3.93
39004 39324 100.00 130.06
42673 42894 3.00 115.30
41696 41690 0.00 1.61
46274 46082 1.00 59.58
41908 41737 10.25 41.20
35578 35418 12.46 58.67
53445 53860 6.75 114.60
35509 35679 13.20 81.97
35695 35718 6.00 134.20
46745 46822 9.31 60.48
52045 51578 8.63 111.35
49654 49525 3.00 61.62
42653 42422 5.40 58.68
44258 44295 11.50 15.40
42547 42207 4.67 93.18
39297 39144 8.67 67.13
40862 40516 11.50 115.59
37141 37347 5.00 55.21
44494 44835 9.11 113.93
45196 45452 9.86 78.11
60465 59961 4.45 114.32
36331 36502 8.50 82.94
46186 45794 8.89 115.39
46333 45991 7.75 72.46
60555 61088 6.50 116.76
39960 39653 10.83 103.36
37472 37622 15.75 47.61
56494 56358 1.00 31.17
47483 47437 13.33 89.07
37831 37505 7.63 107.37
59565 59829 6.00 94.57
41521 41787 11.82 117.34
37172 36829 11.77 126.87
36328 36602 10.00 118.75
56459 56317 9.00 29.52
57965 58281 7.37 111.16
38830 38979 0.00 45.33
45452 45713 9.20 77.34
53593 54082 5.75 135.27
38644 38877 17.14 77.28
53860 54387 7.40 116.43
52967 52723 5.56 57.29
47860 47879 0.00 7.37
43338 43436 10.00 29.67
49780 49598 1.67 45.00
41748 41731 0.00 5.48
43222 42820 10.14 115.88
43999 43921 4.49 19.66
54693 55030 8.25 75.31
39173 38943 14.69 59.53
39755 40002 0.00 67.06
39697 39591 0.00 33.33
42650 42294 4.00 110.66
38518 38558 0.00 13.66
38664 38540 7.77 90.81
62068 61755 8.25 84.24
37195 37172 6.63 78.87
39927 39952 11.50 21.40
38979 38830 0.00 45.33
43327 43021 0.00 117.39
40734 40794 0.00 16.01
41943 41932 0.00 12.56
41622 41698 0.00 15.36
41875 41830 0.00 32.82
40282 39870 10.08 133.15
49958 49578 12.17 114.64
35710 35715 9.48 5.91
40015 40264 8.67 63.92
40226 40440 12.50 79.77
39718 39696 6.77 96.13
39678 39909 11.50 79.51
52292 52543 2.44 57.66
45536 45544 11.20 24.62
41698 41704 0.00 2.57
35099 35246 11.50 56.88
61621 61219 5.73 90.85
44752 44938 10.75 59.14
36962 36852 3.75 27.93
61074 60534 6.00 135.95
48136 47600 9.20 146.90
39669 39402 9.50 81.19
50850 50985 6.50 37.19
35776 35899 3.00 50.35
47438 47376 0.00 15.14
37054 37226 8.44 71.99
36328 36196 4.88 84.76
36997 36814 11.50 112.59
56150 55721 1.67 113.41
43021 42908 1.00 35.14
54910 55246 10.00 74.00
39420 39311 4.43 30.28
41899 41875 0.00 19.03
38421 38622 0.00 63.40
35453 35798 9.83 117.75
41786 41490 14.33 79.20
40002 40286 10.00 89.74
38996 38972 11.50 8.29
54082 53593 5.75 135.27
50167 50382 8.80 86.62
49043 49276 0.00 55.36
59466 59308 0.00 45.71
45095 45044 3.00 10.80
54682 54199 4.88 115.55
45517 45270 9.24 122.27
34272 34072 11.50 116.53
37461 37001 6.95 139.09
46295 46180 6.20 28.26
40794 40734 0.00 16.01
41313 41537 8.17 56.09
54726 54342 0.00 105.64
37226 37614 8.67 133.63
48418 48750 13.86 105.32
47376 47434 0.00 16.16
36926 36845 3.00 34.23
56681 56230 6.00 116.03
52096 51893 11.50 44.96
62410 62564 2.20 100.22
37472 37700 1.00 108.90
45066 45239 7.67 56.84
42151 42490 3.16 80.60
42688 42459 10.41 117.45
60132 60693 5.14 115.38
53668 53558 8.00 31.70
46771 46408 12.67 116.22
37472 37221 0.00 79.74
55394 55868 0.00 83.40
57178 57686 5.50 115.67
42414 42194 4.83 59.15
41704 41724 0.00 4.73
37406 37219 9.25 62.41
39234 39553 5.39 116.68
34442 34207 10.65 99.68
49947 50039 1.50 23.00
45962 45582 8.11 116.75
42688 42913 6.29 58.53
36222 36319 0.00 36.56
35204 34998 10.56 115.81
38621 38366 18.67 92.24
36308 36006 13.50 104.60
39310 39593 10.75 112.64
45220 45155 11.00 26.49
41289 41068 9.72 57.26
36308 36465 13.50 70.86
49551 49905 5.64 108.67
41932 42151 0.00 50.71
55925 55481 11.00 115.48
56381 56814 9.67 112.71
53001 52553 2.86 124.11
37881 37693 3.57 69.87
48750 48352 1.00 109.99
59928 60534 2.94 135.80
35997 36170 8.44 57.90
33944 33694 9.14 115.54
49909 49889 0.00 11.90
40612 40513 14.33 30.47
59614 59650 0.00 11.86
36495 36630 2.00 88.41
36829 36994 14.33 53.79
40561 40130 11.50 112.96
58574 58477 0.00 23.82
52489 52414 1.25 22.47
38287 37866 11.36 142.38
51439 51624 8.20 56.47
61052 60776 3.36 47.25
49082 49578 11.11 113.50
34830 34526 8.42 118.23
63389 63470 5.40 48.89
41879 41619 6.61 85.84
60523 60556 10.38 10.46
41207 41456 0.00 79.20
43338 43658 12.44 116.97
39560 39826 13.50 99.89
41296 41382 0.00 28.97
60676 60441 0.00 46.57
55848 55481 9.20 83.75
44626 44773 11.29 49.73
35751 35745 9.80 26.13
38003 38018 0.00 11.43
52269 51819 5.40 114.33
43788 43772 0.00 4.32
55970 56463 3.00 116.15
52635 52426 0.00 51.86
38678 38662 0.00 30.15
36155 35852 10.00 146.72
42782 42334 11.36 114.98
47565 47438 0.00 30.71
35138 35275 20.00 72.81
40264 40621 9.92 96.10
38978 38940 0.00 15.06
51439 50979 9.57 113.35
43748 43490 0.00 77.81
38506 38656 9.09 114.87
38427 38239 5.00 77.45
36198 36532 7.63 112.42
37524 37798 5.59 75.14
50784 50576 13.33 57.58
46592 46922 7.00 83.21
36258 36406 9.53 76.61
42219 42453 9.00 113.99
34415 34675 8.47 116.89
36698 36313 12.60 149.92
40642 40705 0.00 27.80
44519 44526 0.00 3.54
47756 47789 0.00 57.80
36961 36926 0.00 14.69
61558 62220 2.25 105.05
51361 50914 8.86 116.51
37705 37716 0.00 4.14
36743 36834 0.00 34.17
42398 42247 7.40 79.83
37286 36903 8.42 126.35
42891 43104 5.24 115.28
44284 44048 3.09 140.13
41415 41156 11.50 78.02
44640 44639 0.00 31.29
48571 49007 0.00 103.49
49654 49155 9.38 119.43
51821 51422 4.88 102.42
40282 40509 0.00 77.30
42056 42002 0.00 14.91
51893 51425 9.60 115.75
54400 54693 8.25 71.43
41980 41763 11.12 116.28
55848 55403 10.30 113.86
39117 39157 0.00 8.99
39109 38822 11.15 117.62
45962 46329 9.33 118.80
38940 38895 0.00 15.93
34699 34805 5.75 49.43
39373 39220 10.29 58.26
53445 53935 3.82 115.95
34906 34675 10.28 114.32
56348 55846 0.00 100.30
39369 39351 6.50 20.44
34275 34549 7.80 114.46
55730 56138 0.00 74.31
42771 43121 1.00 118.73
52761 52177 5.20 107.43
35358 35749 11.36 117.69
40671 40813 0.00 96.54
52104 52334 7.78 57.83
38006 38309 7.75 120.45
49910 49728 3.00 54.09
45025 45360 4.57 117.41
37471 37659 11.50 58.43
41120 40712 11.17 123.03
50554 50464 1.00 57.71
47747 47297 10.00 114.38
44409 44178 5.60 76.70
37045 36711 4.36 85.74
49278 49348 0.00 80.64
56230 56621 4.17 114.11
56349 55739 5.77 137.36
36881 36812 7.86 17.87
38491 38444 20.00 12.21
34947 34981 12.60 14.22
43272 43508 5.50 77.31
63769 63519 3.00 125.72
50730 50604 0.00 32.62
35997 35679 7.00 115.32
38343 38084 6.62 91.50
51030 51437 8.75 116.36
61095 60870 8.67 59.78
37268 37383 11.50 35.03
58141 58858 2.46 112.38
38521 38621 11.20 66.93
38411 38644 8.50 77.15
41456 41207 0.00 79.20
55566 55976 0.00 105.94
37591 37461 9.55 38.04
41306 41537 7.40 114.16
44615 44370 8.65 71.62
40306 40454 7.25 42.96
46755 46789 3.00 8.51
47612 47094 7.58 122.39
41787 42016 13.29 60.55
36660 36679 9.38 6.86
46629 47027 10.60 74.25
37595 37937 12.26 138.06
38294 38343 0.00 22.47
53137 53779 2.50 117.73
37789 37406 8.35 132.18
50228 50345 3.00 59.28
41698 41724 0.00 5.84
42683 42650 6.38 13.46
47651 47600 10.00 105.79
35715 35710 9.48 5.91
40561 40977 12.22 113.06
44295 44645 4.08 106.19
35453 35204 12.69 117.07
40157 39986 5.15 40.57
41908 41888 12.67 109.89
51122 51578 7.58 116.77
43709 43684 0.00 6.02
43591 43189 9.78 113.99
40078 40365 15.75 89.74
56485 56000 10.00 116.16
47375 47335 9.86 92.30
37323 37198 4.89 50.23
34488 34204 9.93 114.90
40633 40423 9.00 53.56
55246 55581 10.00 70.74
39402 39669 9.50 81.19
39439 39420 0.00 6.15
38515 38518 0.00 3.64
52854 53068 10.27 54.86
46893 46702 6.75 52.21
45055 45069 0.00 2.75
49331 49715 11.50 113.92
55057 54866 0.00 45.13
42558 42229 0.00 114.03
37445 37284 12.38 107.65
43842 44199 20.00 113.75
45750 46028 5.27 88.61
46024 46439 8.33 115.61
50090 49837 1.52 71.25
54377 54199 8.63 47.82
40302 40125 7.00 54.14
42756 43194 9.00 144.35
48918 48463 5.60 116.54
47142 46922 0.00 61.31
54922 55167 3.40 63.17
55976 56381 10.00 105.94
46755 46388 8.56 103.78
47709 48134 8.79 115.73
45095 45517 8.18 113.90
49759 49129 4.38 116.98
61554 61922 4.00 123.71
47027 46982 10.86 93.21
41748 41852 0.00 28.07
37461 37591 9.55 38.04
41781 41811 0.00 17.96
36005 36186 10.18 108.20
43631 43769 4.22 70.97
58988 59186 10.00 42.06
58405 58586 0.00 32.61
59577 60132 6.50 116.15
39192 39119 8.59 116.57
41159 41227 0.00 26.79
34174 34437 12.00 115.48
41043 40743 10.00 116.66
48750 49230 2.80 115.80
37427 37428 0.00 11.27
41787 41548 11.50 54.15
48313 47963 8.80 104.78
44294 44518 0.00 64.94
47340 47704 2.57 86.10
49881 49654 0.00 56.51
58551 58762 6.90 64.71
46024 46120 0.00 35.24
35255 35419 11.50 57.05
55330 55272 1.00 12.69
47865 47420 6.18 116.79
37081 37028 1.50 14.51
50929 50556 11.50 114.20
49566 49770 0.00 80.26
56012 55494 4.83 116.36
41119 40880 0.00 79.71
43125 42913 9.43 58.29
38718 38657 10.06 62.33
41182 41122 6.75 14.90
41737 41908 10.25 41.20
36005 35937 8.67 27.40
36633 36312 12.92 118.27
59961 59422 5.73 135.13
38921 38901 10.56 58.70
48013 48463 6.40 116.74
43792 43886 2.33 38.77
45220 45010 13.25 111.40
37658 37667 1.00 4.34
50711 50322 6.40 114.93
43464 43657 0.00 54.48
60065 60350 5.33 96.25
37714 37957 8.80 89.65
37914 37977 0.00 23.44
34657 34675 3.00 7.14
36312 36243 0.00 21.60
41388 41296 0.00 20.92
58477 58215 3.00 54.89
45843 45689 10.00 58.18
56933 56709 1.50 51.96
34669 34442 10.12 99.50
41957 42158 12.60 44.80
63097 62579 4.67 71.25
36812 36773 9.34 13.70
58289 57686 7.73 120.99
60500 60693 3.00 48.48
37707 37487 10.00 85.78
50290 50190 10.00 57.77
37902 37792 10.79 95.07
52162 52285 0.00 76.01
36455 36319 8.25 60.87
38965 39144 0.00 59.78
42559 42585 0.00 7.11
40264 40015 8.67 63.92
35135 34831 9.19 118.49
41438 41086 3.00 147.47
38100 37978 3.00 104.29
34527 34619 9.80 119.52
41033 40936 9.38 78.00
59822 60391 6.33 115.81
50367 50024 6.50 111.77
38799 38482 10.92 118.79
35745 35743 0.00 3.35
36558 36308 9.80 106.51
38423 38625 0.00 74.84
42970 42568 3.00 120.72
43999 43769 4.19 111.20
55377 55272 6.40 17.91
44526 44605 1.67 23.96
56437 56459 0.00 29.38
40689 40477 9.00 69.96
36695 36584 1.50 31.51
40440 40743 3.00 117.40
35997 35843 7.80 83.13
33888 33668 10.17 117.68
41068 41306 11.13 118.55
58711 59292 6.38 114.87
50167 50491 0.00 79.86
58551 58657 0.00 60.98
41227 41234 0.00 17.97
44646 44645 2.97 89.50
48689 49082 11.50 113.59
59202 58861 4.04 54.81
34207 33979 9.50 116.07
44615 44831 9.24 113.04
49838 49833 0.00 5.09
37633 37957 12.09 84.01
35330 35499 21.00 62.80
42633 42363 10.00 79.50
44097 44340 8.50 77.34
56818 56511 10.00 87.14
36754 36465 13.07 101.57
41289 41062 11.50 114.71
61008 60465 2.00 116.20
33037 33236 12.73 113.44
45920 45991 8.25 14.55
39614 39429 3.00 66.86
46022 45915 0.00 29.00
44696 44944 7.40 77.56
51756 52035 7.40 67.50
58121 58256 3.00 44.51
42176 41916 6.50 80.27
53476 53001 5.44 112.04
40872 41088 4.40 62.40
40001 40248 14.33 77.43
42410 42109 0.00 116.67
48918 48691 8.00 62.98
50576 50322 7.67 58.84
61235 60736 4.07 105.06
45119 45303 11.50 61.58
40557 40962 8.40 139.18
35710 35773 0.00 19.63
42234 42168 10.00 18.83
45153 44792 1.00 120.43
39583 39853 11.10 119.73
40550 40527 20.00 20.51
40001 40154 6.00 56.46
35876 36198 20.00 113.07
49889 49686 6.89 83.57
39270 38995 14.33 119.97
33520 33770 10.71 118.82
48134 47966 9.80 50.18
38006 38338 3.90 126.56
35648 35482 11.00 99.76
52297 52056 0.00 54.01
51578 51383 11.50 57.06
60693 61219 4.78 115.77
37172 37464 8.30 92.36
33210 33490 9.00 117.05
42170 42167 6.59 121.53
42103 41908 9.00 48.24
49155 49654 9.38 119.43
50290 50399 10.00 65.61
35876 35639 13.56 115.42
34981 35195 12.06 112.87
50979 51166 13.25 55.45
39614 39315 12.71 115.70
46822 46948 7.13 23.50
56289 56414 0.00 38.98
52545 52510 0.00 13.03
49769 49498 10.86 148.37
37069 37276 9.44 95.50
60500 60216 3.00 65.30
46673 46856 8.57 41.69
58462 58977 3.00 78.38
35559 35750 9.07 116.06
39927 39840 2.33 23.62
54793 55122 0.00 71.42
36997 37221 8.67 107.16
56288 55796 5.40 112.09
38045 38261 11.00 77.43
49623 49615 0.00 13.43
37641 37346 9.40 86.86
48718 49012 4.00 95.91
36455 36538 10.57 30.82
38298 38337 3.00 14.60
55220 55441 5.50 51.31
53291 53785 9.13 112.75
47437 47634 0.00 35.89
39249 39239 0.00 13.44
36406 36128 9.89 130.95
52162 52308 0.00 32.38
38018 38003 0.00 11.43
41683 41786 0.00 32.89
43977 43687 4.86 74.11
57004 56745 3.00 70.19
36679 36676 0.00 3.43
42011 42219 11.11 60.65
52708 53067 5.31 99.98
41341 41577 0.00 60.27
36225 36256 0.00 8.22
40588 40286 11.00 98.90
45915 45903 0.00 1.71
44577 44791 10.33 112.71
52981 53291 4.82 91.04
50971 51361 4.53 116.76
49007 49278 3.69 99.47
50529 50075 4.25 114.50
50645 50475 13.20 57.97
37487 37707 10.00 85.78
53302 52838 1.50 116.07
35372 35195 11.38 45.52
36662 36829 10.45 63.32
59308 59466 0.00 45.71
36040 35707 9.64 112.15
37494 37532 8.67 13.32
36660 36622 10.00 10.26
50748 50612 5.32 127.33
38343 38412 0.00 49.65
48097 48107 0.00 3.31
39234 38962 6.22 117.27
41521 41289 8.80 59.20
34526 34830 8.42 118.23
36677 36423 15.35 90.86
56414 55947 10.00 129.90
51723 51624 3.00 28.08
51614 52104 9.00 115.91
42170 42168 8.17 75.01
38328 38543 10.58 76.64
41097 41331 6.50 58.57
61440 61661 3.00 58.04
59448 59235 0.00 75.60
40723 40477 3.92 95.98
36137 36302 0.00 56.90
61008 60555 5.36 114.00
36005 36382 6.82 116.03
45578 46029 8.67 115.85
39404 39284 10.00 65.85
56882 56494 3.69 75.90
36096 35955 15.57 56.06
46614 46944 11.78 81.51
45536 45518 3.32 63.43
35711 35683 6.40 8.83
35509 35453 0.00 31.04
60932 60465 2.68 114.54
42315 42144 20.00 60.22
42247 42027 6.40 118.51
35801 35852 0.00 40.75
37749 37470 4.67 79.12
38558 38530 0.00 10.58
36018 36316 11.25 137.55
53550 53702 0.00 30.83
53184 52708 2.73 116.65
38006 37902 8.27 24.34
39383 39559 20.00 68.11
55030 55481 6.50 112.92
50605 51043 3.21 115.47
38338 38569 10.20 78.40
41974 42033 0.00 18.60
34780 35089 7.31 122.19
34018 34239 8.63 116.69
47335 47375 9.86 92.30
51361 51819 9.54 115.42
41595 42027 4.00 109.28
46685 46711 7.86 10.11
36446 36814 6.40 120.62
38351 38556 2.56 67.29
58942 58574 0.00 82.20
42740 42493 11.00 78.92
49578 49155 8.91 118.99
55733 55186 3.32 115.99
53163 53668 8.60 116.34
38213 38287 11.33 40.69
62220 62468 1.00 33.31
50311 50074 6.50 53.98
50075 49693 4.11 115.91
61647 61088 8.80 115.06
49126 48750 3.00 107.86
35453 35509 0.00 31.04
38558 38518 0.00 13.66
54644 55051 4.25 105.95
34812 34527 8.62 107.94
45903 45640 5.50 87.16
37135 37478 12.84 96.20
35648 35650 0.00 1.14
35909 35858 3.00 24.54
37284 37445 12.38 107.65
62301 62373 1.00 83.42
42898 42678 6.50 57.89
48417 47963 5.50 116.52
33694 33944 9.14 115.54
49046 49444 0.00 69.86
61179 60941 3.90 88.37
38045 37732 6.96 97.87
40766 40592 11.17 50.54
38329 38664 9.57 90.12
40321 40468 0.00 55.99
62105 62358 3.10 144.72
48743 48919 11.50 47.14
55481 55030 6.50 112.92
49288 49149 14.33 60.92
44980 45360 8.79 116.58
50039 50026 0.00 8.90
34998 35204 10.56 115.81
35706 35703 3.00 16.18
62824 62358 5.50 68.33
48918 49331 7.29 113.63
42891 42666 6.70 60.39
35546 35400 10.80 55.79
57738 57347 4.03 66.26
46948 46982 9.64 93.66
39390 39402 11.40 76.72
44572 44873 8.00 103.52
42408 42673 4.67 69.16
38444 38491 20.00 12.21
41194 41438 0.00 60.34
44938 44626 10.25 116.74
60539 61046 5.00 107.98
40642 40734 11.50 26.13
34437 34549 6.40 54.13
41786 42097 7.25 115.89
38622 38924 11.50 86.99
35549 35419 19.33 51.76
37889 38130 10.30 76.81
36331 36096 9.83 115.50
35235 35236 5.14 49.12
57688 57170 6.38 135.63
37714 37494 11.50 89.65
42234 42254 5.60 49.59
55325 55793 6.44 115.63
44791 44397 9.50 115.16
40474 40549 0.00 27.16
34351 34568 9.86 121.14
46327 46685 5.47 112.60
56681 57096 9.68 114.18
42422 42213 5.86 54.23
53808 53975 3.75 40.25
37226 37406 10.62 71.36
38492 38921 12.59 105.66
36023 35811 2.20 98.75
48743 49056 8.50 79.46
47375 46944 10.95 92.09
35879 36131 11.82 103.51
57590 57004 2.30 145.32
59273 59081 0.00 51.87
49615 49623 0.00 13.43
42893 43108 11.92 116.56
55029 55204 0.00 33.09
34568 34806 6.82 90.22
52543 53034 8.78 116.22
48352 48750 1.00 109.99
53811 53668 3.00 39.70
45924 46295 2.00 114.72
45689 46082 7.92 117.59
58212 58125 0.00 16.09
40820 41085 8.75 102.38
43842 44129 10.79 80.52
59151 58567 5.69 116.05
34908 34958 6.50 24.63
51966 52254 2.27 76.04
44572 44445 1.67 37.14
41676 41690 0.00 10.32
51437 51899 1.86 115.96
57252 56901 10.67 106.39
34637 34510 9.57 54.70
54526 54356 0.00 31.79
61751 62207 7.75 74.56
42893 43104 11.00 59.43
43059 43338 8.44 115.08
35165 34998 12.44 60.82
35679 35997 7.00 115.32
52979 53067 0.00 23.36
35955 35721 20.00 116.95
43436 43842 10.25 123.25
60395 60170 4.00 77.25
36874 37054 14.60 68.32
38830 38650 0.00 59.50
36155 36308 11.50 65.09
35750 35559 9.07 116.06
39853 39583 11.10 119.73
41266 41530 11.58 79.56
52967 52543 8.25 115.76
35275 35418 9.44 49.49
48313 48745 1.40 116.05
42167 42170 6.59 121.53
41916 42229 0.00 115.84
48979 49164 0.00 54.85
38727 38885 0.00 40.71
40367 40711 6.21 87.94
46289 46276 9.70 93.41
55029 55080 0.00 15.72
45537 45788 0.00 77.84
34275 34415 14.70 63.29
41388 41382 0.00 20.11
40423 40254 4.88 43.66
35458 35018 7.52 131.87
55773 55583 0.00 32.17
34805 34947 9.06 112.67
51529 51756 0.00 66.77
35745 35701 0.00 13.35
54788 54387 3.14 115.33
56271 56712 4.62 116.35
47567 47535 9.50 100.44
35662 35393 8.27 80.05
42892 43134 10.75 78.54
39555 39389 50.00 122.22
40014 39755 3.00 90.84
38644 38338 6.28 116.90
52453 52415 0.00 25.05
35909 36006 6.14 136.46
50024 50367 6.50 111.77
39156 38899 10.19 69.72
42315 42538 0.00 76.12
46669 46629 9.07 111.53
55335 55394 0.00 10.52
38974 39018 0.00 11.68
42416 42670 9.00 76.25
41068 40867 11.50 57.83
38482 38261 11.38 77.43
37532 37802 12.07 75.19
42039 42318 2.60 95.67
44279 44125 1.00 47.02
40911 41135 11.50 83.13
45095 44873 6.40 100.97
42027 42247 6.40 118.51
42892 42633 3.00 79.50
46463 46687 20.00 61.15
48919 48474 0.00 115.62
37225 37067 0.00 57.58
42363 42173 3.27 66.00
49525 48973 11.20 137.72
58215 58648 2.67 106.27
42678 42898 6.50 57.89
45239 44938 8.25 113.22
34049 33905 11.50 58.80
51723 51328 5.59 117.57
53940 54342 10.00 105.64
37349 37542 7.56 65.17
38621 38521 11.20 66.93
43235 42970 11.00 86.57
56297 56437 8.71 79.76
50264 50667 11.42 115.17
55796 56074 7.67 71.13
52543 52967 8.25 115.76
40966 40559 11.50 116.22
51425 51028 7.98 115.88
59455 59748 1.00 105.18
45197 45408 10.63 100.09
38621 38827 10.31 63.87
62358 62824 5.50 68.33
47645 47599 0.00 12.57
36331 36170 4.00 57.01
38335 38334 0.00 0.80
50914 50467 9.14 116.63
37347 37361 0.00 8.72
41803 42026 11.78 59.48
43772 43788 0.00 4.32
54203 53689 1.63 136.64
41586 41690 15.75 21.33
41331 41595 6.00 114.11
51624 51723 3.00 28.08
59748 60395 1.50 111.68
51893 52096 11.50 44.96
38097 37886 12.25 117.36
53184 53687 4.35 115.86
58466 58582 3.00 39.17
47535 47954 6.50 84.66
46276 46600 4.67 68.73
46552 46186 10.75 115.81
49728 49517 16.50 62.18
53067 53562 3.00 102.66
34549 34437 6.40 54.13
39409 39712 11.64 116.14
49149 48637 9.00 124.51
41683 41415 9.00 82.49
42002 41974 5.26 15.38
48919 48743 11.50 47.14
52531 52269 2.88 77.36
35683 35711 6.40 8.83
60318 59934 5.47 72.75
36198 35976 2.50 115.75
58823 59422 4.67 115.90
55122 54793 0.00 71.42
39927 39898 3.00 21.83
36679 36747 9.40 21.03
49677 49615 0.00 13.27
38633 38500 0.00 77.24
41256 41626 9.07 82.84
49216 48855 3.35 102.43
46608 47208 0.00 118.62
52415 52177 0.00 55.76
50850 50645 13.25 59.22
36538 36455 10.57 30.82
38135 38097 10.41 11.33
33979 34207 9.50 116.07
50655 50457 0.00 54.21
38415 38651 0.00 73.81
39157 39335 8.67 60.71
47422 47634 20.00 51.52
41309 41515 9.92 98.26
49958 50322 8.00 115.78
46120 46398 6.75 81.06
37957 37633 12.09 84.01
37591 37721 8.47 110.97
45239 45066 7.67 56.84
41733 41703 0.00 8.64
49838 49037 4.03 149.25
48802 49196 6.73 76.09
52543 52334 14.33 57.99
50758 51146 9.38 115.12
52723 52474 7.29 59.13
62772 62583 3.38 36.64
36312 36633 12.92 118.27
37954 37658 1.00 104.10
45794 45562 3.92 92.23
37831 37952 0.00 36.72
38887 39030 0.00 52.66
42490 42831 3.00 80.27
40994 40962 5.94 80.04
37868 38380 10.27 138.51
48182 48141 0.00 8.52
43478 43554 10.29 18.03
42688 42247 9.25 115.61
38662 38548 8.86 77.53
38569 38338 10.20 78.40
37198 36864 8.95 111.51
48396 48872 8.59 96.00
34549 34275 7.80 114.46
36392 36695 8.00 107.60
59941 59409 3.14 115.49
40270 40378 0.00 41.26
59848 59928 5.54 19.36
34908 34989 10.73 33.06
41290 41521 11.73 114.71
61400 60932 4.29 114.58
35709 35667 6.50 11.06
63282 63326 7.20 100.59
50343 50607 2.00 62.17
41092 40789 0.00 94.26
46186 46552 10.75 115.81
37087 37323 11.33 99.43
37231 37196 15.00 13.40
41077 41341 10.29 114.20
50175 50391 6.50 57.39
36779 36602 8.11 91.13
50475 50018 11.50 119.38
39239 39506 11.00 67.89
39903 39875 0.00 10.72
43893 44125 0.00 78.84
39507 39524 0.00 25.76
62908 63404 0.00 81.51
47966 47747 3.00 63.22
42422 42194 9.80 117.02
37905 38193 10.00 79.94
39454 39153 0.00 108.13
50457 50069 10.00 98.25
35966 36168 10.88 102.54
60307 60285 0.00 10.28
35491 35750 6.33 81.20
41659 41916 8.67 77.25
41187 41256 0.00 17.69
36956 37315 12.88 96.72
48578 48776 1.00 61.27
35236 35244 6.76 83.46
36759 36387 7.90 115.28
46024 45653 11.50 117.42
36206 36222 10.00 70.90
46629 46669 9.07 111.53
63470 64010 1.83 80.50
44199 43922 3.00 77.40
55846 55749 5.82 25.00
38710 38662 1.00 14.62
40347 40642 11.38 79.72
41916 41659 8.67 77.25
41980 41778 11.50 57.59
53500 53981 5.00 116.13
46971 46948 0.00 6.24
55747 55494 10.00 66.14
42422 42653 5.40 58.68
41778 41980 11.50 57.59
45991 45958 8.62 110.26
60216 60500 3.00 65.30
53689 54199 8.44 117.26
39206 38941 12.44 74.85
44665 44320 10.55 117.04
54726 55130 5.50 106.32
45314 44949 5.40 95.34
37524 37445 13.22 107.68
38429 38651 0.00 123.90
45689 45843 10.00 58.18
60465 59871 2.00 116.33
42942 42820 9.90 63.18
35747 35976 0.00 117.60
36662 36913 14.33 79.86
60307 59795 3.42 79.78
43437 43788 0.00 108.85
38943 39173 14.69 59.53
43508 43272 5.50 77.31
36592 36698 14.95 39.13
39591 39499 0.00 27.28
45219 45582 5.83 107.23
37406 37595 14.00 78.40
58125 57657 4.83 112.58
51981 51592 5.90 105.39
54349 54719 0.00 71.74
43720 43591 7.25 58.00
33979 34239 5.82 115.38
43089 43349 2.00 79.94
39596 39437 6.36 131.29
49578 50018 20.00 118.34
42027 41803 6.70 113.09
51899 51505 4.40 116.15
54788 54310 4.50 116.11
46130 45755 5.50 114.44
38496 38500 1.00 16.79
43478 43591 0.00 57.14
53598 53905 6.50 90.00
53393 53199 0.00 42.97
38351 38135 4.57 87.83
55878 55474 7.25 105.88
45517 45095 8.18 113.90
36845 36759 5.43 44.43
36952 36649 7.31 96.26
35773 35715 10.00 21.01
44645 44640 0.00 21.40
40303 39823 3.83 124.79
36417 36096 9.60 115.43
39712 40001 11.71 114.47
55051 54644 4.25 105.95
36198 35876 20.00 113.07
41088 41313 8.86 58.36
45408 45220 3.64 54.75
50074 50311 6.50 53.98
48297 48473 3.00 58.87
43591 43720 7.25 58.00
52056 52279 4.67 56.67
52590 52620 0.00 12.95
46711 46755 3.00 11.51
36018 36009 11.50 6.39
49126 48718 13.71 104.54
44640 44414 4.08 66.55
42410 42559 10.00 45.08
35578 35817 10.25 115.56
44835 44834 0.00 39.58
34906 34846 7.67 24.91
42817 42558 0.00 78.13
36622 36630 0.00 10.29
43121 43437 2.50 118.84
40813 41077 3.75 114.55
39176 39173 11.50 75.33
46744 46822 3.00 12.55
39220 38933 9.22 113.60
63326 63404 5.50 49.84
63769 63389 4.67 130.34
39552 39380 5.50 66.12
35275 35246 6.50 6.40
36009 36018 11.50 6.39
56434 56006 10.00 75.63
36743 36782 0.00 18.14
38650 38606 0.00 28.68
59383 59913 10.57 115.90
43952 43720 2.60 112.96
58988 59255 1.00 125.75
45558 45544 4.60 42.82
40974 40743 0.00 78.81
57096 57143 5.43 15.83
37680 37996 8.81 83.01
46954 46501 12.13 113.75
35709 35710 0.00 0.71
36566 36592 2.00 9.97
49196 49149 0.00 11.28
35879 35486 8.65 128.28
37383 37471 5.50 61.34
54499 54793 10.00 72.04
46329 46687 2.00 114.13
60534 61074 6.00 135.95
54256 53905 7.14 90.00
47705 48168 5.18 92.57
38305 38294 0.00 3.66
39826 39560 13.50 99.89
55494 56012 4.83 116.36
38193 38426 0.00 80.36
62373 61546 3.41 127.01
46944 47375 10.95 92.09
55474 55878 7.25 105.88
60170 59930 8.30 77.25
39429 39614 3.00 66.86
35546 35798 10.22 117.26
36747 36665 10.00 21.13
46276 46184 10.00 16.80
38314 38016 8.54 123.68
50711 50264 10.00 115.34
36558 36874 9.00 106.51
47599 47866 7.17 75.16
46276 46289 9.70 93.41
47903 47645 0.00 73.56
36592 36281 20.00 108.91
43861 44178 11.50 90.08
58567 59075 3.70 116.58
54558 54305 3.00 59.02
52206 51794 10.00 103.55
53495 53116 1.80 120.35
40588 40811 7.67 78.70
62908 62317 2.00 82.49
37002 37221 9.80 73.07
36075 35921 6.25 81.06
35400 35204 8.88 62.69
39383 39390 13.21 76.72
36653 36331 7.38 116.25
41456 41754 14.33 79.20
34018 34220 11.74 87.83
36711 37045 4.36 85.74
51166 50979 13.25 55.45
40880 41119 0.00 79.71
39507 39571 0.00 18.14
37532 37498 0.00 21.21
57432 58077 4.00 132.11
55878 56291 4.17 105.82
41207 40930 11.83 99.59
41774 41813 0.00 14.93
51817 52045 3.14 59.83
40625 40340 10.50 110.12
46552 46771 11.50 59.50
46284 46439 7.67 51.66
35893 36023 9.38 43.43
39482 39220 9.38 90.87
38423 38050 10.00 141.71
46408 46186 10.00 58.70
47612 48013 6.56 111.92
35418 35275 9.44 49.49
36319 36222 0.00 36.56
48718 48640 3.00 22.59
56709 56933 1.50 51.96
52845 52680 1.20 30.62
41730 41672 0.00 51.59
33944 34207 13.12 114.51
50467 50914 9.14 116.63
54106 54594 4.33 116.15
35798 35843 10.00 31.68
46738 47211 15.50 116.05
37135 36747 11.69 111.34
47567 47128 4.73 79.41
38723 38421 8.67 88.45
33770 33520 10.71 118.82
38100 37802 9.81 75.19
57556 57863 6.40 71.03
36465 36649 11.20 67.19
37201 37526 9.61 111.32
55848 56175 10.00 74.39
38256 38050 6.40 66.78
49958 50175 7.83 58.90
44770 44619 7.88 83.11
54510 54203 13.33 74.70
42913 42688 6.29 58.53
39909 40154 5.20 79.51
41998 42163 2.62 64.39
51383 50930 12.00 119.62
41062 40859 9.82 57.62
58746 58171 4.62 115.95
37195 36994 8.67 80.33
35330 35099 3.00 115.94
41832 41956 6.71 30.36
38515 38530 0.00 5.46
38506 38380 10.50 112.00
34647 34503 8.38 60.19
55801 55554 0.00 51.28
39533 39213 11.50 83.08
35395 35499 11.50 94.43
42011 41787 12.71 114.93
46398 45962 9.63 118.43
44834 44519 15.75 93.34
54173 53785 8.50 106.81
49390 49656 2.50 68.43
44615 44416 10.21 114.77
41156 40911 13.20 78.02
37740 37915 6.40 81.08
58812 58212 3.79 140.51
54601 54298 1.23 73.36
55403 55848 10.30 113.86
45325 45314 0.00 35.63
46474 46571 0.00 22.71
55742 55186 4.00 136.16
41778 42016 8.57 116.74
36915 37106 5.50 77.31
45958 46289 8.87 69.96
34272 34568 10.64 117.99
38578 38524 0.00 43.89
36815 37001 6.95 95.61
40743 41043 10.00 116.66
38046 37716 20.00 110.41
36433 36379 7.45 136.73
40643 40811 0.00 67.83
40125 40302 7.00 54.14
34647 34799 3.00 55.44
53145 53467 8.50 81.55
47244 46756 7.11 116.95
42683 42596 3.64 26.88
36319 36455 8.25 60.87
45306 45091 6.18 113.60
47521 47434 0.00 16.49
46600 46982 6.67 73.43
34239 33979 5.82 115.38
39079 38620 10.57 149.58
58985 58574 0.00 71.33
49679 49881 9.86 101.41
42493 42740 11.00 78.92
37728 37542 1.00 80.07
44828 45155 11.50 81.26
34780 34568 10.23 116.20
49551 49167 7.92 103.77
36742 36782 1.00 16.20
49905 49551 5.64 108.67
52349 51821 3.13 115.46
38657 38718 10.06 62.33
51819 52204 10.50 82.74
62861 63282 10.00 61.05
34806 34831 2.86 14.03
48329 47865 8.60 116.56
49808 49838 0.00 12.64
43414 43658 15.00 77.95
41778 41515 10.15 116.73
39404 39369 0.00 8.29
50086 49769 11.20 75.26
43631 43405 6.21 119.28
47289 47492 2.00 52.03
48988 48872 6.30 92.12
35246 35365 0.00 51.30
54400 54793 3.00 113.81
37535 37740 16.45 91.24
36222 36264 0.00 14.56
60682 61558 7.35 140.61
37406 37789 8.35 132.18
49043 49768 0.00 141.86
41944 41714 11.50 81.52
37505 37831 7.63 107.37
47612 47168 8.13 116.28
47523 47599 0.00 17.27
35902 35695 5.33 60.44
41266 41312 11.20 92.15
49318 49176 1.00 30.60
38018 37659 14.33 99.44
45653 46024 11.50 117.42
35553 35538 0.00 5.20
35726 35338 8.11 128.62
35976 36056 19.43 33.99
36256 36337 0.00 28.21
52453 51948 5.61 115.02
36852 36809 1.00 11.13
49056 48743 8.50 79.46
40254 40379 7.70 91.67
49817 49963 4.25 87.46
43788 44269 4.88 131.40
49681 49623 0.00 13.48
35695 35902 5.33 60.44
41537 41313 8.17 56.09
44574 44435 2.33 42.89
47513 47963 8.75 119.01
38957 39030 12.67 25.38
49623 49681 0.00 13.48
40607 40921 0.00 99.03
58235 58799 2.80 115.30
39373 39397 0.00 8.15
42673 42709 11.95 11.30
61477 62031 9.75 115.81
45788 46111 4.75 114.51
43944 44197 20.00 112.51
42144 42159 10.00 48.83
44284 44316 1.00 12.03
41634 41585 0.00 10.58
36601 37001 5.39 107.09
35538 35553 0.00 5.20
36056 35976 19.43 33.99
34002 33740 9.50 117.68
41714 41415 0.00 82.31
37957 37714 8.80 89.65
45684 45958 8.67 64.87
42709 42547 20.00 71.57
53065 53215 4.67 30.62
48134 48344 3.00 58.86
42363 42633 10.00 79.50
42898 43125 9.27 115.99
59795 59565 2.80 37.29
38016 37680 6.50 123.69
35991 35749 10.13 77.47
53068 52854 10.27 54.86
37261 37541 13.63 82.90
41755 41731 0.00 16.82
36845 36433 10.29 137.77
53393 53074 7.00 87.53
37750 38071 1.00 108.47
46806 47343 0.00 129.80
50948 50468 3.23 112.32
57965 57638 8.96 110.34
45843 46274 2.00 117.82
38679 38423 6.67 68.59
35255 35082 20.00 69.29
56853 56712 2.20 32.88
39238 39369 4.75 71.75
43886 43977 7.50 45.47
36170 35997 8.44 57.90
38941 39048 11.12 86.70
52269 52531 2.88 77.36
35843 35798 10.00 31.68
40868 40934 20.00 26.33
39583 39270 9.80 119.76
52530 52981 7.73 123.10
38490 38860 11.50 92.86
35843 35997 7.80 83.13
39220 38979 11.50 86.74
61943 62371 2.50 106.33
63097 63519 1.00 70.97
41979 41870 0.00 27.78
34657 34812 13.20 81.45
42097 41837 9.80 79.84
35486 35842 10.12 113.78
55167 55721 8.65 116.19
37707 37890 3.00 69.82
44178 44409 5.60 76.70
46944 46745 11.50 43.23
40282 39950 11.00 116.73
48184 48246 0.00 12.80
50930 51122 7.00 55.62
38482 38799 10.92 118.79
39173 39176 11.50 75.33
45075 45372 6.80 86.84
63183 63138 0.00 8.65
50127 50529 3.00 115.35
59669 60216 7.88 115.13
35817 35578 10.25 115.56
48691 48918 8.00 62.98
40839 41085 11.29 79.23
59383 59848 4.27 115.33
35288 35359 9.53 96.77
41755 42062 12.71 102.84
48872 48802 7.09 109.80
50514 50395 0.00 22.43
43921 43999 4.49 19.66
47966 48134 9.80 50.18
48141 48182 0.00 8.52
57347 56882 4.01 97.33
36052 36018 11.20 84.73
34239 34018 8.63 116.69
33928 33889 10.50 20.74
39996 39952 0.00 18.30
56511 56459 1.00 17.12
58783 59409 1.71 140.07
41492 41672 0.00 55.76
43658 44009 7.70 116.19
52056 51821 10.50 58.86
44445 44572 1.67 37.14
41703 41746 3.00 11.12
35879 36095 5.68 79.11
44858 44665 4.67 66.04
51146 51614 10.19 115.08
36940 36653 7.85 83.99
46082 45755 3.00 115.47
37221 36997 8.67 107.16
53373 52967 6.00 116.68
34568 34351 9.86 121.14
36812 36852 0.00 12.91
56825 57086 0.00 48.29
38175 38228 3.00 24.10
48141 48258 5.60 33.69
37295 37135 12.07 95.28
41536 41339 0.00 43.95
42817 43059 0.00 78.13
46463 46295 10.00 47.82
44156 44380 11.92 116.58
41068 41289 9.72 57.26
44665 44858 4.67 66.04
53860 54310 4.80 117.10
43331 42907 5.58 131.51
40154 39909 5.20 79.51
46669 47069 6.63 74.24
41515 41290 10.00 58.38
44792 45153 1.00 120.43
60870 60391 6.38 113.69
42678 42459 7.80 57.95
42913 43125 9.43 58.29
46552 46738 3.00 58.32
46552 46130 8.22 114.51
39237 39070 11.00 107.64
49525 49654 3.00 61.62
35927 36190 11.41 80.97
35418 35578 12.46 58.67
42027 41595 4.00 109.28
41061 41290 11.42 109.49
37526 37201 9.61 111.32
46333 46669 7.00 71.25
52206 52506 3.50 72.37
35294 35338 13.20 14.81
49288 49410 6.50 65.98
55152 55733 7.17 141.48
41024 41046 4.86 71.97
46274 46284 0.00 4.57
37201 36874 7.30 111.32
49963 50180 0.00 47.46
40469 40838 0.00 115.67
37667 37658 1.00 4.34
42606 42273 6.54 80.13
40264 40186 11.29 116.75
61059 60534 7.26 115.80
56814 57177 3.00 106.13
42676 42439 9.50 114.81
57219 58001 4.93 135.64
50026 50102 0.00 28.09
52620 52545 0.00 20.42
44944 44696 7.40 77.56
37881 37614 8.53 88.65
52933 52506 6.50 112.61
50464 50395 3.08 26.89
34272 34488 10.39 115.52
40557 40479 11.50 27.53
58711 58235 4.86 114.45
37242 37487 1.00 86.68
37323 37087 11.33 99.43
58646 59293 4.40 123.06
42558 42817 0.00 78.13
36829 36602 12.29 80.03
34619 34669 12.20 56.41
49996 49770 13.25 120.46
35639 35499 19.00 50.77
56621 56230 4.17 114.11
51922 52531 5.34 117.60
41676 41586 10.06 22.96
43842 43508 11.50 117.23
35538 35228 3.00 98.08
42229 41999 8.82 77.97
52749 52703 0.00 12.84
39142 39363 2.60 77.77
34503 34647 8.38 60.19
43677 43934 10.00 75.19
53779 54226 10.50 82.91
41806 42011 11.25 54.28
48571 49046 0.00 94.51
48013 47612 6.56 111.92
40880 40787 0.00 35.42
46340 46614 8.57 84.72
36258 36469 8.57 93.95
55481 55848 9.20 83.75
51199 51478 1.00 76.75
54719 54349 0.00 71.74
53467 53779 8.50 81.55
33888 34018 11.46 59.77
39974 40125 11.50 56.52
40378 40075 0.00 95.40
43509 43283 10.00 107.68
48594 48246 5.00 71.24
54248 54132 6.80 28.35
45408 45794 11.00 114.69
52167 51723 4.00 109.84
33490 33737 8.22 117.51
61560 61008 4.33 115.63
45640 45384 10.00 76.48
61922 62252 11.86 102.69
42199 42414 6.07 117.77
42439 42219 3.00 55.47
60870 61095 8.67 59.78
44873 44572 8.00 103.52
57913 57432 10.00 114.16
49498 49769 10.86 148.37
53755 54248 3.75 115.96
39144 39297 8.67 67.13
37798 38097 6.50 75.03
36406 36622 12.71 64.51
54349 54040 6.50 70.07
34285 34415 11.00 51.06
35852 36006 9.33 51.20
58525 58586 2.33 25.19
45220 45408 3.64 54.75
40703 40621 10.75 63.49
35750 36128 9.25 128.97
52334 52104 7.78 57.83
36408 36131 7.83 85.12
45540 45684 6.50 52.95
42334 42218 7.20 57.67
56644 56662 2.00 5.87
41266 41225 9.50 113.62
49323 48872 8.53 82.32
38962 38644 3.16 116.31
43189 43086 6.50 55.63
61755 61219 3.88 119.04
54040 53520 20.00 140.84
57769 58215 4.78 105.04
55749 55220 5.73 113.38
59432 60065 6.00 112.03
39310 38996 6.75 109.06
41384 41754 10.29 116.50
50886 51404 5.36 118.00
47612 47963 6.60 114.60
43104 42893 11.00 59.43
55614 55542 0.00 15.93
62126 61560 9.00 117.36
40468 40321 0.00 55.99
37443 37866 9.87 142.38
44199 44494 7.57 115.06
43684 43709 0.00 6.02
37355 37633 9.14 83.34
51893 51493 8.50 117.21
53618 54052 5.79 107.01
35743 35709 7.00 42.19
59129 58861 3.64 94.16
41852 41781 0.00 19.39
42207 42547 4.67 93.18
57423 57910 2.11 115.76
47343 47390 0.00 14.99
47168 47654 4.25 115.89
36096 36417 9.60 115.43
45578 45924 6.53 108.68
50491 50371 0.00 31.44
39898 39840 0.00 19.07
35750 35491 6.33 81.20
38411 38213 9.33 77.15
53074 53372 11.50 73.84
40125 40226 3.00 35.99
43922 43658 11.00 77.43
43769 43405 11.29 95.07
57111 56825 3.00 132.44
59669 59151 3.70 116.75
61943 61477 3.00 114.07
55122 55581 3.00 113.97
35734 35696 0.00 10.00
52846 52761 5.54 34.72
38320 38334 0.00 7.40
43707 43772 20.00 21.13
37792 37722 12.08 68.30
60216 60736 4.20 104.68
47614 47801 8.67 57.24
58762 58360 6.00 68.47
43086 43478 8.47 116.42
38077 37710 5.73 99.21
35275 35138 20.00 72.81
35639 35876 13.56 115.42
51981 52426 7.25 114.01
45075 44770 10.00 86.87
39996 40221 11.50 57.23
36387 36759 7.90 115.28
41530 41266 11.58 79.56
37019 37447 9.37 137.67
43522 43812 0.00 128.20
38547 38293 10.00 78.98
39853 39712 8.07 87.39
56302 56681 4.82 116.71
39117 38924 3.00 84.83
56511 56987 10.00 116.56
62317 62908 2.00 82.49
36653 36417 18.57 115.91
41092 40862 0.00 102.04
40880 40930 11.50 20.20
42163 42315 0.00 51.85
35195 35372 11.38 45.52
41746 41781 0.00 12.60
37261 36980 12.38 83.06
42416 42097 11.93 114.82
44409 44632 2.00 76.70
51505 51030 4.58 116.53
35911 36040 8.83 93.97
38656 38556 20.00 24.70
44414 44284 4.83 40.97
36903 36538 6.46 122.44
58858 58981 1.57 21.18
48554 48900 0.00 89.95
37106 36926 12.44 63.79
35338 35726 8.11 128.62
57099 56720 8.00 105.71
51437 51030 8.75 116.36
47375 47495 0.00 32.78
38023 38239 6.67 77.45
41115 41122 0.00 3.74
48632 48206 9.29 117.68
41870 41590 11.50 65.26
39335 39157 8.67 60.71
42062 42300 10.29 79.42
47989 48078 0.00 18.13
36630 36622 0.00 10.29
36313 36142 7.25 68.19
45044 45402 7.06 102.32
44009 43658 7.70 116.19
61343 61751 3.50 144.74
51948 51502 0.00 115.00
38941 39206 12.44 74.85
35204 35400 8.88 62.69
44340 44632 10.63 115.58
52269 51743 13.33 115.99
55581 55246 10.00 70.74
51199 51507 1.00 70.59
39697 39630 0.00 28.16
41384 41043 0.00 115.07
37323 37451 8.82 54.45
43436 43338 10.00 29.67
44279 44578 9.25 118.74
41562 41224 8.67 117.94
38530 38346 20.00 82.28
36156 36341 15.75 69.17
45279 45336 0.00 15.67
49686 49348 0.00 69.29
44199 44519 11.00 109.01
35476 35930 5.95 136.22
42026 42218 8.33 56.46
46771 46552 11.50 59.50
43554 43921 8.77 97.02
39182 38962 8.71 78.13
38620 38312 9.23 106.86
41562 41837 3.00 79.84
44121 43886 0.00 57.05
52994 53199 8.13 88.44
40877 41088 14.40 115.38
45708 45306 9.21 100.86
44294 44397 12.44 54.13
36602 36408 12.00 82.45
36913 37172 11.50 80.67
48417 48855 4.60 113.54
38473 38521 1.00 41.77
54019 53682 6.17 81.37
60468 60307 2.50 55.36
35876 35721 11.50 56.56
60011 60100 0.00 29.05
35395 35330 3.00 33.32
36864 37087 10.50 70.96
51592 51981 5.90 105.39
58799 59383 1.92 116.10
51328 51018 1.67 104.69
36122 36446 10.85 118.14
35911 35750 7.94 100.03
41601 41585 0.00 6.37
37002 36886 0.00 34.65
41114 40977 15.00 50.56
46475 46744 10.00 75.77
38130 38338 4.94 76.81
55080 55320 11.50 55.98
39950 39653 10.30 115.59
42033 42103 9.42 69.43
52035 52292 8.89 58.20
46571 46474 0.00 22.71
47963 48417 5.50 116.52
37494 37442 11.38 14.84
45091 45372 9.00 75.17
35558 35578 53.33 92.74
39974 39825 10.00 55.31
36977 36955 0.00 7.37
36502 36805 13.67 97.69
47704 47340 2.57 86.10
36584 36743 6.75 39.01
48081 47654 11.20 116.53
35937 36005 8.67 27.40
42011 42218 8.15 115.58
37633 37355 9.14 83.34
40743 40440 3.00 117.40
40365 40318 0.00 23.19
42176 42416 7.25 80.27
44578 44269 0.00 107.58
52933 53116 5.47 47.81
39952 40015 0.00 56.07
34207 34437 10.33 112.34
49410 49525 11.50 56.36
36292 35887 5.61 130.26
36913 36662 14.33 79.86
33815 34057 7.67 115.03
54082 54499 5.50 113.47
40560 40787 0.00 76.36
40214 40468 0.00 79.32
41224 41490 0.00 79.20
42782 42898 8.00 58.02
36128 36406 9.89 130.95
47189 46707 2.00 118.44
59871 59336 6.71 115.74
42894 43283 7.57 118.22
36351 36620 9.33 90.74
56524 56288 4.67 71.01
54199 54377 8.63 47.82
44938 45096 7.29 45.96
43634 43522 0.00 33.70
41540 41438 0.00 48.06
47422 47437 11.20 38.56
40036 40130 8.67 78.91
38050 38423 10.00 141.71
46501 46319 2.57 58.09
36131 35879 11.82 103.51
53650 53755 1.00 28.79
42558 42300 7.63 79.42
55970 56268 1.00 74.92
37002 37018 0.00 7.33
41081 40867 11.18 117.37
45544 45558 4.60 42.82
37447 37019 9.37 137.67
55400 55106 0.00 60.50
43272 43059 20.00 77.31
46628 47208 5.20 108.92
35418 35639 6.50 116.19
43945 44111 3.14 127.45
39451 39452 0.00 7.59
37478 37135 12.84 96.20
40365 40463 8.67 34.78
50039 50411 7.33 99.34
34669 34619 12.20 56.41
35359 35707 10.36 112.15
38862 38887 3.00 12.04
35400 35546 10.80 55.79
48096 48097 0.00 8.21
54226 54243 0.00 2.37
40607 40723 4.82 52.93
42422 42666 9.00 116.44
42678 42913 12.38 118.05
46120 46024 0.00 35.24
41870 41601 3.00 94.41
34806 34568 6.82 90.22
41622 41568 0.00 12.76
43506 43304 12.25 56.41
37526 37693 8.71 69.79
44380 44179 4.00 58.79
39840 39596 9.80 71.67
59934 59293 10.33 117.43
48175 48145 0.00 5.80
40210 40525 3.00 121.65
36222 36206 10.00 70.90
45924 45578 6.53 108.68
58823 58250 3.50 135.39
36018 36052 11.20 84.73
34207 34442 10.65 99.68
44957 44831 9.50 33.94
39632 39669 7.11 33.21
37526 37242 7.96 113.07
62566 62542 9.83 17.19
60736 60216 4.20 104.68
39693 40186 10.50 126.00
54499 54910 11.00 115.80
48594 48802 8.67 42.53
35288 35595 11.20 99.24
35662 35879 4.58 77.69
46024 45843 0.00 57.97
44397 44294 12.44 54.13
43086 42709 8.67 102.29
49082 49517 8.80 116.61
57686 57178 5.50 115.67
50152 50213 1.44 17.88
35082 35255 20.00 69.29
44151 43952 15.75 49.50
34510 34372 11.20 60.54
39746 39898 13.20 146.08
39025 38799 8.95 76.96
57769 58046 5.00 64.13
37792 37295 10.47 146.94
47390 47324 2.33 21.11
48145 48175 0.00 5.80
35893 35847 20.00 13.53
48134 48578 7.38 116.14
34285 34510 8.33 114.43
41737 41406 10.73 80.59
48206 48632 9.29 117.68
46319 46738 14.60 115.26
37087 37219 6.38 47.73
43104 43299 4.50 116.77
43108 42898 8.86 58.77
50343 50161 4.25 55.95
53445 53034 10.92 116.18
47422 46971 10.80 102.00
36481 36584 5.67 31.36
37698 37542 20.00 51.99
38050 37977 11.20 23.35
35696 35692 0.00 0.90
40672 40867 8.62 57.07
48376 48554 2.91 57.18
63781 63326 7.00 65.93
34998 34619 7.33 147.54
62579 62105 0.00 69.39
34637 34415 10.45 114.88
45066 44884 10.46 53.80
63519 63097 1.00 70.97
38543 38799 10.94 76.88
55101 55152 1.00 16.12
54857 55200 9.00 75.38
43554 43331 9.64 109.90
58834 59428 12.25 115.88
49752 49808 0.00 12.87
58360 58044 3.00 106.58
37890 38178 10.00 86.03
42970 43349 9.64 120.33
54654 54212 2.23 105.10
37569 38011 6.75 145.65
41289 41521 8.80 59.20
46439 46284 7.67 51.66
55245 55793 7.47 116.18
56641 56193 7.22 112.30
44752 44578 9.40 55.57
48305 48640 0.00 77.82
35479 35295 3.00 70.04
41415 41683 9.00 82.49
37295 37461 7.83 95.03
49129 48988 1.00 28.90
53114 53305 5.00 46.83
40559 40672 5.60 59.50
49803 49945 8.67 80.35
37693 37526 8.71 69.79
34057 34174 11.63 59.93
35578 35558 53.33 92.74
37906 38247 8.53 86.07
50371 50491 0.00 31.44
58582 58466 3.00 39.17
39405 39531 5.14 102.18
41313 41564 11.50 113.44
40936 41024 5.00 109.79
63326 62546 4.40 110.84
38723 39029 11.50 88.45
35711 35715 6.50 2.96
40689 40868 0.00 72.34
40379 40454 2.33 53.54
34730 34908 10.46 70.36
40089 40127 9.31 81.56
36351 36186 9.29 108.20
55272 55166 0.00 16.39
43922 44199 3.00 77.40
37802 37532 12.07 75.19
42676 42453 10.75 58.16
49867 49947 7.25 41.76
44615 45091 9.32 126.04
45291 45640 3.00 115.63
46824 46398 12.60 113.99
38651 38663 0.00 4.27
50691 50514 5.29 47.07
51181 50649 2.25 139.65
58659 58249 2.27 88.31
40479 40404 11.50 23.62
51624 51817 0.00 57.57
39144 38965 0.00 59.78
61219 61755 3.88 119.04
39324 39297 0.00 10.85
59650 59455 0.00 35.24
39234 39476 11.21 80.92
35710 35709 0.00 0.71
52708 52256 2.33 106.43
33455 33737 7.40 115.71
43235 43490 8.17 86.57
38178 38294 0.00 48.22
47014 47211 8.67 56.57
53145 52736 10.00 115.26
62301 62207 8.25 131.73
36009 35909 10.08 89.99
47191 47614 10.00 114.40
63404 63326 5.50 49.84
46783 46978 8.00 53.94
49869 49464 1.68 117.57
56901 57394 7.72 125.22
35187 35557 0.00 120.95
42219 42016 9.57 116.65
47191 46954 9.33 59.75
46413 46685 2.00 79.05
52206 52635 3.00 113.78
39027 39018 0.00 5.19
35703 35538 9.29 148.69
43059 43272 20.00 77.31
35696 35734 0.00 10.00
58462 59095 2.50 146.01
45958 45991 8.62 110.26
44835 44949 15.00 33.78
37135 37295 12.07 95.28
54594 55101 0.00 116.15
39653 39960 10.83 103.36
58633 58586 0.00 16.94
39862 39555 14.33 95.67
40154 40289 11.62 51.34
51502 51215 5.17 65.13
57574 57208 5.33 142.99
36653 36940 7.85 83.99
55976 55566 0.00 105.94
34057 33944 13.27 54.62
46637 46673 0.00 7.16
49318 49268 2.67 14.58
42408 42624 0.00 77.74
49265 49464 0.00 55.70
38677 38995 7.78 120.11
41704 41750 0.00 13.81
35195 34981 12.06 112.87
40028 40361 4.86 143.61
41043 41301 0.00 77.39
38482 38708 10.00 77.72
50883 51201 7.78 98.93
38668 38816 6.50 62.45
36196 35842 10.10 113.78
55566 55130 6.09 106.33
63898 63183 2.38 110.54
41050 41115 0.00 21.04
44510 45044 4.33 147.61
39186 39560 13.00 95.21
55265 55218 3.00 11.22
37250 37031 3.00 107.21
41088 40872 4.40 62.40
40381 40110 0.00 91.97
56712 56853 2.20 32.88
38294 38305 0.00 3.66
49176 48734 1.73 105.88
49693 49230 6.57 116.36
49910 50264 8.57 116.52
41852 42173 0.00 79.14
38239 38427 5.00 77.45
42459 42027 12.11 116.13
36379 36519 14.33 53.39
56271 56485 2.50 66.21
41234 41238 0.00 5.79
47519 47817 2.00 83.34
56987 56511 10.00 116.56
52909 53050 3.25 41.34
41033 41147 7.91 78.00
37141 37200 0.00 19.85
43444 43720 6.14 70.51
55218 55335 0.00 18.23
43921 43554 8.77 97.02
38933 39220 9.22 113.60
39220 39373 10.29 58.26
40592 40379 3.00 57.70
36469 36601 11.36 91.30
50029 50167 0.00 56.95
56289 55773 0.00 93.62
38899 39156 10.19 69.72
41088 40877 14.40 115.38
51819 51361 9.54 115.42
35338 35294 13.20 14.81
49288 48900 0.00 89.92
38569 38822 10.90 78.40
38419 38677 8.56 98.79
62566 62373 1.00 29.87
36309 36292 0.00 5.14
60736 61235 4.07 105.06
52899 52742 0.00 74.78
45336 45562 1.00 61.42
39669 39657 8.31 120.63
41290 41515 10.00 58.38
50529 50971 11.00 116.63
37658 37618 1.00 30.18
40862 40625 11.00 109.06
42908 43214 2.86 117.42
36382 36005 6.82 116.03
45689 45360 11.67 115.44
38877 39109 10.86 77.28
50190 50464 0.00 56.45
41530 41864 11.81 77.97
39086 39311 11.33 63.58
36963 37060 0.00 28.34
37914 38160 3.00 67.85
42893 42666 9.09 114.92
46433 45968 2.47 129.10
36649 36423 2.50 73.88
52706 53145 7.33 104.55
46853 46755 0.00 21.29
40248 40477 10.05 77.33
61762 61400 2.33 82.43
44605 44625 0.00 6.71
51181 51493 9.00 123.76
44151 44320 9.33 63.49
57721 57394 5.71 53.97
36531 36323 11.50 81.99
43934 44320 9.20 114.52
40849 40549 6.50 77.54
39949 40198 9.43 99.30
34805 34908 11.43 65.15
41774 41830 0.00 25.97
33490 33770 11.00 118.72
58044 57738 3.00 106.58
35479 35291 11.50 107.15
36258 36040 10.29 96.90
45903 45440 2.83 119.45
46327 45968 5.80 116.11
53831 53181 2.09 120.86
35955 35798 8.75 57.66
45750 45372 10.62 93.69
43591 43478 0.00 57.14
43788 44125 7.88 89.39
37693 37377 10.60 111.24
54793 54400 3.00 113.81
53305 53476 2.33 38.99
39335 39397 11.50 81.64
41974 42051 3.25 17.99
47208 47705 2.33 92.52
41750 41634 0.00 22.88
49945 49803 8.67 80.35
38309 38033 6.14 80.77
33668 33811 8.37 59.43
37641 37572 20.00 20.78
40454 40859 11.62 116.36
38668 38651 0.00 4.61
44519 44129 1.40 117.63
44619 44398 0.00 65.78
41341 41492 0.00 59.95
60216 59727 6.25 114.68
38137 38252 6.75 35.57
55721 55245 5.18 115.95
38664 38678 5.81 13.16
44519 44199 11.00 109.01
54310 54732 4.71 115.97
43304 43108 8.45 115.18
57432 57913 10.00 114.16
44876 45153 10.29 78.46
40527 40490 11.50 52.19
36809 36430 4.94 129.06
56175 56000 2.33 47.71
44179 44294 3.00 58.39
42334 42782 11.36 114.98
44370 44574 9.40 113.55
39270 39583 9.80 119.76
47747 48206 3.25 117.49
54122 54288 0.00 36.81
35509 35843 2.00 117.19
58728 58501 0.00 47.98
45045 45291 8.67 76.74
36677 36864 9.18 64.56
40867 41068 11.50 57.83
37700 37952 11.50 108.92
58648 58215 2.67 106.27
41696 41731 0.00 8.09
38973 38989 0.00 9.24
36759 36633 8.67 63.48
46982 46600 6.67 73.43
52473 52590 0.00 45.84
59671 59650 0.00 5.41
40734 40642 11.50 26.13
46329 46756 6.33 118.58
41916 42176 6.50 80.27
42459 42688 10.41 117.45
35584 35902 7.56 140.56
44665 44980 7.80 115.19
46600 46629 8.17 91.64
53271 52749 5.16 126.72
37039 37064 0.00 9.55
38970 39004 0.00 13.17
48136 48109 8.45 62.57
43125 43304 7.25 58.13
53702 53550 0.00 30.83
38314 38188 8.17 89.51
41339 41261 0.00 27.61
52256 52286 0.00 8.63
37716 38046 20.00 110.41
59930 59714 1.00 45.88
36592 36566 2.00 9.97
38380 38677 10.57 77.80
40513 40612 14.33 30.47
35801 35553 0.00 69.72
38033 38309 6.14 80.77
42740 42416 8.00 115.68
40286 40014 3.00 90.64
45099 44640 4.44 109.24
36980 37261 12.38 83.06
35204 35453 12.69 117.07
39950 39636 6.75 107.52
35911 35595 14.33 99.24
34415 34275 14.70 63.29
39770 40001 10.42 80.20
57721 57025 8.17 139.92
61477 61008 4.67 114.77
35419 35549 19.33 51.76
37067 36992 6.08 25.83
43299 43108 7.00 59.63
60544 61088 2.88 136.45
35372 35486 8.00 84.56
44632 44340 10.63 115.58
56621 57096 4.94 116.34
38941 38720 8.00 74.97
56563 57219 4.25 135.32
41803 41564 11.33 54.64
48206 47747 3.25 117.49
47495 47651 3.00 37.66
36763 36495 2.33 79.82
42453 42676 10.75 58.16
52035 51559 7.36 116.56
34057 33815 7.67 115.03
39949 39660 9.29 140.00
38506 38003 10.36 140.67
37622 37752 0.00 60.20
38548 38495 10.30 76.97
55614 55835 0.00 43.33
41750 41979 6.40 87.24
40765 40391 0.00 148.61
36316 36341 6.50 16.85
41980 42213 11.78 117.71
56720 57099 8.00 105.71
42585 42596 0.00 3.30
53598 53476 3.00 32.36
37693 37881 3.57 69.87
34568 34272 10.64 117.99
36696 36670 1.00 16.66
53246 53755 8.88 116.31
36649 36952 7.31 96.26
37902 38006 8.27 24.34
47513 47696 5.33 52.46
38160 37955 4.57 81.66
36874 37201 7.30 111.32
34002 33928 20.00 42.19
48689 48274 3.75 117.59
35876 36096 10.56 116.77
53801 53598 0.00 51.67
36956 36620 12.67 90.74
48463 48918 5.60 116.54
49803 49498 10.00 74.05
38343 38294 0.00 22.47
42585 42650 0.00 26.64
56138 55581 10.25 147.07
39531 39632 5.53 102.22
36713 36915 7.27 77.28
40089 40069 14.33 48.37
38033 37721 10.83 80.77
38663 38727 0.00 20.80
39947 39731 4.37 74.32
38997 38989 0.00 1.79
58095 57608 4.43 116.21
36186 36351 9.29 108.20
41970 41763 9.38 59.11
49615 49167 14.33 109.73
50930 50711 10.00 62.77
40977 41114 15.00 50.56
45562 45336 1.00 61.42
42740 43059 11.50 115.90
43490 43235 8.17 86.57
59930 59854 5.33 27.70
36584 36481 5.67 31.36
52742 52994 2.80 100.94
38188 37881 7.82 110.18
53681 53618 4.80 17.44
33668 33520 8.67 57.67
52308 52408 0.00 18.01
46184 46276 10.00 16.80
47954 47535 6.50 84.66
39018 38974 0.00 11.68
41384 41119 7.80 79.71
37226 37054 8.44 71.99
36095 36328 6.17 79.03
41159 41234 0.00 17.28
39965 40226 0.00 84.36
35165 35330 11.50 54.74
43327 43214 0.00 41.47
35486 35879 8.65 128.28
56327 56484 1.00 32.15
49464 48979 9.22 117.21
56381 55976 10.00 105.94
49881 50228 8.67 99.59
53425 53202 11.00 58.85
38718 38524 0.00 50.44
44178 43819 10.50 116.71
37618 37658 1.00 30.18
35546 35395 11.50 82.34
37952 37831 0.00 36.72
38421 38723 8.67 88.45
58184 58462 0.00 47.89
39689 39693 9.13 62.84
55106 54866 0.00 40.70
45452 45153 10.33 109.94
62564 62742 0.00 44.01
56522 56373 1.00 41.94
34266 34143 10.00 58.90
41707 41619 0.00 20.58
36503 36742 0.00 80.30
46707 47189 2.00 118.44
58799 59292 1.50 114.54
51965 52474 10.20 116.40
37905 38035 0.00 41.25
39409 39109 12.27 115.62
45271 44944 7.57 117.94
39826 39284 15.60 139.79
54288 54459 0.00 40.31
34846 34637 9.00 93.21
37180 37464 11.50 81.23
42219 42011 11.11 60.65
40901 40574 5.28 104.67
39402 39176 11.75 67.61
55272 55265 0.00 0.97
52286 52473 1.00 61.34
62612 62645 2.33 17.41
41957 41864 11.91 139.82
40520 40483 9.00 97.53
43769 43631 4.22 70.97
42016 41778 8.57 116.74
54558 54173 3.89 106.81
41564 41331 9.44 58.94
52119 52506 4.75 102.15
47362 47747 13.67 117.19
37866 38287 11.36 142.38
35089 34831 4.34 111.22
44831 44615 9.24 113.04
41081 41313 12.38 115.75
36313 36155 0.00 62.11
49598 49318 3.00 70.05
49464 49869 1.68 117.57
37659 37471 11.50 58.43
43059 42817 0.00 78.13
56671 57170 2.30 140.92
49615 49677 0.00 13.27
1 8 55925 55481 56000 55747 56704 57178 57423 57910 58646 59293 58823 59428 60391 60932 60216 60500
2 4 41837 42097 42062 41754 43214 42908 43436 43842
3 3 46893 47362 45562 45306 44980 45303
4 6 55742 56012 56254 55733 54400 53877 53184 52777 54248 54732 54682 54199
5 8 45843 46274 45962 46329 48013 47654 47747 48206 49082 49517 50219 50667 50711 50322 49788 50152
